cell_line	entrant_id	entrant_kind	reference_type	reference_seed	target_gene	predicted_shift_mean_abs	predicted_shift_l2	observed_contract_shift_mean_abs	observed_contract_shift_l2	signed_cosine	signed_response_axis_projection	absolute_response_axis_projection	pearson	normalized_rmse	direction_status	pearson_status	normalized_rmse_status	context_role	depmap_gene_dependency	noise_corrected_shift	endpoint_category	corrected_shift_percentile	corrected_dependency_percentile	display_name	model_family	entrant_role
HCC1143	cellot_hcc_seed123_retrain_v1	formal	NA	NA	ARID1A	0.5086898676892544	4.214093253260249	0.0269341304967316	0.2688712784412625	-0.0925611032076924	-0.3900611205418622	0.3900611205418622	-0.3176279697074471	15.79724637743221	estimated	estimated	estimated	qualified_primary_context	0.2654515287532237	0.0025274853359367	endpoint_anchor	0.7916666666666666	0.7916666666666666	CellOT	CellOT	formal
HCC1143	cellot_hcc_seed123_retrain_v1	formal	NA	NA	BMPR1A	0.708145926607416	5.997656157350572	0.0240331676555985	0.2519597961996969	-0.1622097904104851	-0.972878548237992	0.972878548237992	-0.0805808144532668	23.986535451597952	estimated	estimated	estimated	qualified_primary_context	0.307130270365165	0.0003716073858904	dependency_excess	0.1875	0.8125	CellOT	CellOT	formal
HCC1143	cellot_hcc_seed123_retrain_v1	formal	NA	NA	CDKN2A	0.6090577263781365	4.899382425293568	0.015288635648501	0.154108703969004	-0.0911142711164765	-0.4464036586014985	0.4464036586014985	0.014385129203532	31.898393468262466	estimated	estimated	estimated	qualified_primary_context	6.198489826465077e-05	-5.524423694538636e-05	low_information	0.0416666666666666	0.0208333333333333	CellOT	CellOT	formal
HCC1143	cellot_hcc_seed123_retrain_v1	formal	NA	NA	COMMD6	0.3880472763421688	3.428781854872264	0.0241791414462827	0.4004885692732569	0.0649845518668058	0.2228178522879094	0.2228178522879094	-0.0783975201977986	8.554911339339126	estimated	estimated	estimated	qualified_primary_context	0.1351756293730245	0.0005475981761952	middle	0.3958333333333333	0.625	CellOT	CellOT	formal
HCC1143	cellot_hcc_seed123_retrain_v1	formal	NA	NA	ENY2	0.5316824025296151	4.563221841014567	0.0521335585637539	0.7227454677992012	0.1943812611519524	0.8870048163725458	0.8870048163725458	0.1132146270801922	6.197473715149774	estimated	estimated	estimated	qualified_primary_context	0.148881151602389	0.0052970777139176	middle	0.9791666666666666	0.6875	CellOT	CellOT	formal
HCC1143	cellot_hcc_seed123_retrain_v1	formal	NA	NA	ERC1	0.5614489415224563	4.603892793728535	0.0180828595245295	0.1565373306756347	0.0604074124340264	0.278109250792802	0.278109250792802	0.0655985591228648	29.36739087369632	estimated	estimated	estimated	qualified_primary_context	0.0303840215886299	0.0011727642485481	middle	0.625	0.4583333333333333	CellOT	CellOT	formal
HCC1143	cellot_hcc_seed123_retrain_v1	formal	NA	NA	ETV3	0.4985485974144428	4.478009549088815	0.0175173141097048	0.1740043215464302	-0.1315200808132775	-0.5889481777787893	0.5889481777787893	0.0390133172613414	25.885556616801427	estimated	estimated	estimated	qualified_primary_context	0.1444988533493548	0.0004824127798667	middle	0.3541666666666667	0.6666666666666666	CellOT	CellOT	formal
HCC1143	cellot_hcc_seed123_retrain_v1	formal	NA	NA	GON4L	0.4788015378599471	3.884942883128144	0.0261287892924314	0.2570710799620001	0.1695445364730999	0.6586708403444295	0.6586708403444295	0.0823321749260309	14.97524888568422	estimated	estimated	estimated	qualified_primary_context	0.1493363288328347	0.001639764285359	middle	0.7083333333333334	0.7083333333333334	CellOT	CellOT	formal
HCC1143	cellot_hcc_seed123_retrain_v1	formal	NA	NA	HDGF	0.345558280323414	2.981587067419555	0.0218424097035099	0.4296275389638782	0.4527851827477257	1.350018445199819	1.350018445199819	0.4911049385557725	6.548136718827921	estimated	estimated	estimated	qualified_primary_context	0.0196252078195258	-2.232035737835883e-06	middle	0.0833333333333333	0.3125	CellOT	CellOT	formal
HCC1143	cellot_hcc_seed123_retrain_v1	formal	NA	NA	HLX	0.4229773024612285	3.5420305832615258	0.0156087695123795	0.1523967550181248	-0.227647597366591	-0.8063347520784715	0.8063347520784715	0.073952610220265	23.490004207928365	estimated	estimated	estimated	qualified_primary_context	0.0236239287972883	0.0003806089003583	middle	0.2083333333333333	0.375	CellOT	CellOT	formal
HCC1143	cellot_hcc_seed123_retrain_v1	formal	NA	NA	KLF3	0.4812005641771124	4.601325102371906	0.0201118590349126	0.2031140736176738	-0.3056094843775553	-1.40620859198938	1.40620859198938	-0.3316113129455062	22.9792405334812	estimated	estimated	estimated	qualified_primary_context	0.0369385703770605	0.0008195901120722	middle	0.5625	0.4791666666666667	CellOT	CellOT	formal
HCC1143	cellot_hcc_seed123_retrain_v1	formal	NA	NA	LAMTOR5	0.4510559165414343	4.022995293024756	0.0423132662042345	0.5526408290413126	0.1882361968768854	0.7572733340125916	0.7572733340125916	0.0642854865972134	7.15903482843169	estimated	estimated	estimated	qualified_primary_context	0.1226400958971878	0.0051478700974567	middle	0.9583333333333334	0.5833333333333334	CellOT	CellOT	formal
HCC1143	cellot_hcc_seed123_retrain_v1	formal	NA	NA	MAML3	0.5404221523315349	4.500017944115779	0.0157225639961825	0.1343661644316768	0.3335158657366184	1.500827380462092	1.500827380462092	0.385487624716571	33.17059150275249	estimated	estimated	estimated	qualified_primary_context	0.0050198572939971	0.0003873163964322	low_information	0.25	0.0625	CellOT	CellOT	formal
HCC1143	cellot_hcc_seed123_retrain_v1	formal	NA	NA	MIER1	0.4783747814437176	3.97519354607452	0.0298149725095367	0.3324632857261191	0.1033869073244665	0.4109829667448239	0.4109829667448239	-0.1027998590535118	11.895060561099832	estimated	estimated	estimated	qualified_primary_context	0.0105919574277721	0.001451416208981	middle	0.6458333333333334	0.2083333333333333	CellOT	CellOT	formal
HCC1143	cellot_hcc_seed123_retrain_v1	formal	NA	NA	MTDH	0.4772165463642871	3.891590811967836	0.0327966048832914	0.743097496021889	0.1833934772633985	0.7136923710930738	0.7136923710930738	0.1195281474930396	5.148316148770114	estimated	estimated	estimated	qualified_primary_context	0.0123435627679496	0.0006004795018292	middle	0.4375	0.2708333333333333	CellOT	CellOT	formal
HCC1143	cellot_hcc_seed123_retrain_v1	formal	NA	NA	MYBL1	0.5246362305702047	4.353623713718497	0.0421253128752774	0.4452787693883616	0.027913657204228	0.1215255599409364	0.1215255599409364	-0.0492156455614496	9.800496796115256	estimated	estimated	estimated	qualified_primary_context	0.0210310036855235	0.002892924147223	middle	0.8541666666666666	0.3333333333333333	CellOT	CellOT	formal
HCC1143	cellot_hcc_seed123_retrain_v1	formal	NA	NA	NCOA1	0.4315541874855123	3.7926179396509	0.0133328366202502	0.1239829187041819	0.1033191089684757	0.3918499061825872	0.3918499061825872	0.1902505109449024	30.50274455957269	estimated	estimated	estimated	qualified_primary_context	0.0248991192692647	-3.731790556072735e-05	middle	0.0625	0.3958333333333333	CellOT	CellOT	formal
HCC1143	cellot_hcc_seed123_retrain_v1	formal	NA	NA	NPM1	0.6262077210431404	5.753785645745854	0.0622765200959799	1.6149969298884637	0.2938536866456546	1.6907711241712675	1.6907711241712675	0.2303291920807501	3.4057528246119304	estimated	estimated	estimated	qualified_primary_context	0.1622748801750765	0.0016454699152962	middle	0.7291666666666666	0.7291666666666666	CellOT	CellOT	formal
HCC1143	cellot_hcc_seed123_retrain_v1	formal	NA	NA	PA2G4	0.5465492910527169	4.297277106996259	0.0349423497852565	0.9931797557905168	0.1783246756735752	0.7663105463845876	0.7663105463845876	0.126574137909797	4.26355939579742	estimated	estimated	estimated	qualified_primary_context	0.0861889371200693	0.0006252623413598	middle	0.4791666666666667	0.5625	CellOT	CellOT	formal
HCC1143	cellot_hcc_seed123_retrain_v1	formal	NA	NA	PARK7	0.4961366491748931	4.173093780421128	0.0455074229362102	1.0705967316527991	0.3532038321485513	1.4739527151600278	1.4739527151600278	0.2551767150681162	3.666089994538688	estimated	estimated	estimated	qualified_primary_context	0.1318604273725387	0.0015154817356561	middle	0.6875	0.6041666666666666	CellOT	CellOT	formal
HCC1143	cellot_hcc_seed123_retrain_v1	formal	NA	NA	PCBD1	0.5059896977023876	4.461581818816165	0.0205715189837919	0.3251593730636988	0.0892537755365586	0.3982130221946092	0.3982130221946092	0.13009551237118	13.668299576473837	estimated	estimated	estimated	qualified_primary_context	0.0111916491629234	3.5101351587623654e-05	low_information	0.1041666666666666	0.25	CellOT	CellOT	formal
HCC1143	cellot_hcc_seed123_retrain_v1	formal	NA	NA	PEX14	0.4009661509635601	3.725163350212674	0.0164337457977458	0.2097920152974949	0.1720576989484702	0.6409430342447673	0.6409430342447673	0.2005158216837514	17.6119723664983	estimated	estimated	estimated	qualified_primary_context	0.0227993432195642	0.000275420560782	middle	0.1458333333333333	0.3541666666666667	CellOT	CellOT	formal
HCC1143	cellot_hcc_seed123_retrain_v1	formal	NA	NA	PFDN5	0.5777631934652937	4.798916318866258	0.0486040242042201	0.9581015414504782	0.3995408259929327	1.917362989910789	1.917362989910789	0.4228484691491286	4.699512636889635	estimated	estimated	estimated	qualified_primary_context	0.9694975960688984	0.0019242298235236	endpoint_anchor	0.7708333333333334	0.8958333333333334	CellOT	CellOT	formal
HCC1143	cellot_hcc_seed123_retrain_v1	formal	NA	NA	PMF1	0.7152435132797729	5.9929419815370615	0.049251870029838	0.5081380428171313	0.0652686911385567	0.3911514792042329	0.3911514792042329	-0.1443600153168184	11.771028820685862	estimated	estimated	estimated	qualified_primary_context	0.9510487581740272	0.0029423176940619	endpoint_anchor	0.875	0.875	CellOT	CellOT	formal
HCC1143	cellot_hcc_seed123_retrain_v1	formal	NA	NA	PRDX2	0.4147726159463537	3.661285684694632	0.0329279186691227	0.6223894253531942	0.3907682387484701	1.4307141585631078	1.4307141585631078	0.3437188778734188	5.568467273638871	estimated	estimated	estimated	qualified_primary_context	0.1660158727868937	0.0006112575546722	middle	0.4583333333333333	0.75	CellOT	CellOT	formal
HCC1143	cellot_hcc_seed123_retrain_v1	formal	NA	NA	PRPF6	1.1839692938200972	12.161417124822506	0.057271494449348	0.5349938290589117	0.2062336983928216	2.5080940313499416	2.5080940313499416	0.2036972948249286	22.54689211094073	estimated	estimated	estimated	qualified_primary_context	1.0	0.0025883202614396	endpoint_anchor	0.8125	0.96875	CellOT	CellOT	formal
HCC1143	cellot_hcc_seed123_retrain_v1	formal	NA	NA	RORC	0.4178235123449184	3.617407426673595	0.0146922373193131	0.1366059103875647	0.0007591425924273	0.0027461280517507	0.0027461280517507	-0.0194624690249704	26.49872340145166	estimated	estimated	estimated	qualified_primary_context	0.0451125018855452	5.970803625961543e-05	middle	0.125	0.5	CellOT	CellOT	formal
HCC1143	cellot_hcc_seed123_retrain_v1	formal	NA	NA	RPS3	0.5506288393380794	5.068980311463414	0.0553911704007177	1.1111548400000688	0.6016994319363445	3.050002573904051	3.050002573904051	0.6920453424570797	4.039946540638952	estimated	estimated	estimated	qualified_primary_context	1.0	0.0004164407695485	middle	0.2708333333333333	0.96875	CellOT	CellOT	formal
HCC1143	cellot_hcc_seed123_retrain_v1	formal	NA	NA	RUVBL2	1.3758900498456144	12.15538759108151	0.0625006359583501	0.6779950437401298	0.1210302503334463	1.4711696030486625	1.4711696030486625	-0.0103883733228405	17.83504654533898	estimated	estimated	estimated	qualified_primary_context	1.0	0.0031427387771154	endpoint_anchor	0.8958333333333334	0.96875	CellOT	CellOT	formal
HCC1143	cellot_hcc_seed123_retrain_v1	formal	NA	NA	SMAD1	0.4160438582618185	3.713661814231006	0.0172856363118944	0.1629278015345215	0.1881474174165569	0.6987158795060492	0.6987158795060492	0.1188964974818149	22.62647565336431	estimated	estimated	estimated	qualified_primary_context	0.0296077539081418	0.0004516434159773	middle	0.3333333333333333	0.4375	CellOT	CellOT	formal
HCC1143	cellot_hcc_seed123_retrain_v1	formal	NA	NA	STAT3	0.3868435719545851	3.2101405870805024	0.0187359340819158	0.2635119253234442	0.0926960643875057	0.2975673985529597	0.2975673985529597	0.0616947084581097	12.13038303223864	estimated	estimated	estimated	qualified_primary_context	0.0037329167002494	0.0005131955358154	middle	0.375	0.0416666666666666	CellOT	CellOT	formal
HCC1143	cellot_hcc_seed123_retrain_v1	formal	NA	NA	TAB3	0.5315252466404692	4.4228983560172335	0.0182786704025936	0.1765562206335781	0.1995316737922059	0.8825083119889144	0.8825083119889144	0.3182944844712067	24.870714104310075	estimated	estimated	estimated	qualified_primary_context	0.0084525379475361	0.0014569268678928	middle	0.6666666666666666	0.125	CellOT	CellOT	formal
HCC1143	cellot_hcc_seed123_retrain_v1	formal	NA	NA	TADA3	0.510627695220582	4.5215624769056575	0.0441802078568138	0.522377077487936	0.3610187220282931	1.632368706983564	1.632368706983564	0.3254961195387273	8.346983885922512	estimated	estimated	estimated	qualified_primary_context	0.2498577956515995	0.0047211986633615	endpoint_anchor	0.9375	0.7708333333333334	CellOT	CellOT	formal
HCC1143	cellot_hcc_seed123_retrain_v1	formal	NA	NA	THAP8	0.4385914009936312	3.4789880589145805	0.0164737408288913	0.1896153969639014	0.1060724885777163	0.3690249211412282	0.3690249211412282	0.2589243446597931	18.26861216196861	estimated	estimated	estimated	qualified_primary_context	0.0157775614105068	0.0011315266762759	middle	0.6041666666666666	0.2916666666666667	CellOT	CellOT	formal
HCC1143	cellot_hcc_seed123_retrain_v1	formal	NA	NA	THRA	0.4492452491788154	4.217084056218743	0.0235724065606285	0.2182472880492608	0.1616511424817572	0.6816964556293629	0.6816964556293629	0.3287487461880789	19.186248828108805	estimated	estimated	estimated	qualified_primary_context	0.0463338341696651	0.0004492409036489	middle	0.3125	0.5208333333333334	CellOT	CellOT	formal
HCC1143	cellot_hcc_seed123_retrain_v1	formal	NA	NA	TMF1	0.5144439391950344	4.355236058110053	0.0234922445927052	0.2206027725989307	0.1260155535920463	0.5488274828867802	0.5488274828867802	0.0637081190690977	19.641488240465367	estimated	estimated	estimated	qualified_primary_context	0.1394316818255967	0.0004469662783664	middle	0.2916666666666667	0.6458333333333334	CellOT	CellOT	formal
HCC1143	cellot_hcc_seed123_retrain_v1	formal	NA	NA	TMSB4X	0.4250982227794667	3.923658897872232	0.0326708341235554	0.9597678558169462	0.605901773522261	2.3773518849171853	2.3773518849171853	0.6574201787229479	3.571948935783213	estimated	estimated	estimated	qualified_primary_context	0.0090048231316929	-0.0002807008856658	low_information	0.0208333333333333	0.1666666666666666	CellOT	CellOT	formal
HCC1143	cellot_hcc_seed123_retrain_v1	formal	NA	NA	UBP1	0.3783943795777382	3.282982098490193	0.0183189878372334	0.1683786118552329	0.0880017104732407	0.2889080401201664	0.2889080401201664	-0.0133250218247645	19.435161865240826	estimated	estimated	estimated	qualified_primary_context	0.0108785135935251	0.000382982434592	low_information	0.2291666666666666	0.2291666666666666	CellOT	CellOT	formal
HCC1143	cellot_hcc_seed123_retrain_v1	formal	NA	NA	VEZF1	0.404042335821593	3.307779765098621	0.0251359012810846	0.2905778943669515	0.1464772563146153	0.4845145044846488	0.4845145044846488	0.1803279129316327	11.2804328515326	estimated	estimated	estimated	qualified_primary_context	0.0275909199432945	0.0016981011330781	middle	0.75	0.4166666666666667	CellOT	CellOT	formal
HCC1143	cellot_hcc_seed123_retrain_v1	formal	NA	NA	XBP1	0.5343370951236562	4.51452812842974	0.0209582008396152	0.3105469418080748	0.1382712659246858	0.6242295193705828	0.6242295193705828	0.1396466533858803	14.43309441599393	estimated	estimated	estimated	qualified_primary_context	0.0085039693399301	0.0005622989990018	middle	0.4166666666666667	0.1458333333333333	CellOT	CellOT	formal
HCC1143	cellot_hcc_seed123_retrain_v1	formal	NA	NA	YBX1	0.4738824735296533	3.952672329455036	0.0604986491256232	1.4790985371439562	0.402332287622463	1.5902877005316542	1.5902877005316542	0.3996096174833705	2.447676334599305	estimated	estimated	estimated	qualified_primary_context	0.9913468022551738	0.0027372039056544	endpoint_anchor	0.8333333333333334	0.9166666666666666	CellOT	CellOT	formal
HCC1143	cellot_hcc_seed123_retrain_v1	formal	NA	NA	ZBTB17	0.5617545598998983	4.855175987566319	0.0459213452532554	0.4774290320892315	0.2378228657450888	1.1546718670597638	1.1546718670597638	0.2709171552668742	9.97898025583983	estimated	estimated	estimated	qualified_primary_context	0.7578619386258375	0.0032471002507312	endpoint_anchor	0.9166666666666666	0.8333333333333334	CellOT	CellOT	formal
HCC1143	cellot_hcc_seed123_retrain_v1	formal	NA	NA	ZBTB20	0.3767822403857048	3.291195327277556	0.0106589260898525	0.106560908466992	-0.1018638341319547	-0.3352537749136653	0.3352537749136653	-0.1492448799351478	31.003406587113894	estimated	estimated	estimated	qualified_primary_context	0.0078803596044426	0.0003629878206648	low_information	0.1666666666666666	0.0833333333333333	CellOT	CellOT	formal
HCC1143	cellot_hcc_seed123_retrain_v1	formal	NA	NA	ZBTB5	0.4250921938330569	3.611181743606447	0.0163739924531045	0.1610885089995077	0.1384657840067752	0.5000251113194201	0.5000251113194201	0.164290764745295	22.30091223406785	estimated	estimated	estimated	qualified_primary_context	0.0773557703888747	0.0006902378432346	middle	0.5208333333333334	0.5416666666666666	CellOT	CellOT	formal
HCC1143	cellot_hcc_seed123_retrain_v1	formal	NA	NA	ZNF131	0.7399561274400417	6.27533823592785	0.0357574071640812	0.3552452422566548	0.1707631751735888	1.0715966824552674	1.0715966824552674	-0.0767664401213582	17.521768440312176	estimated	estimated	estimated	qualified_primary_context	0.9463812533969612	0.0010507528033756	middle	0.5833333333333334	0.8541666666666666	CellOT	CellOT	formal
HCC1143	cellot_hcc_seed123_retrain_v1	formal	NA	NA	ZNF24	0.4063991484172801	3.4630540540287384	0.0170375552908257	0.1635071609381976	-0.1183921940497046	-0.4099985675691868	0.4099985675691868	-0.0780338412459215	21.32135781836956	estimated	estimated	estimated	qualified_primary_context	0.0092505619875028	0.0007716042444563	middle	0.5416666666666666	0.1875	CellOT	CellOT	formal
HCC1143	cellot_hcc_seed123_retrain_v1	formal	NA	NA	ZNF566	0.4452450244509159	3.688298414782463	0.0155839530377113	0.1692876776754505	-0.1923127206496251	-0.7093067027145149	0.7093067027145149	-0.093625625924762	22.00137308051572	estimated	estimated	estimated	qualified_primary_context	0.0082561267211935	0.0006522417044015	middle	0.5	0.1041666666666666	CellOT	CellOT	formal
HCC1143	cpa_v0.8.8	formal	NA	NA	ARID1A	0.014353679525319	0.1324281892567264	0.0269341304967316	0.2688712784412625	0.2529318631669997	0.0334953086445358	0.0334953086445358	0.160811956880271	0.9967118715965448	estimated	estimated	estimated	qualified_primary_context	0.2654515287532237	0.0025274853359367	endpoint_anchor	0.7916666666666666	0.7916666666666666	CPA	CPA	NA
HCC1143	cpa_v0.8.8	formal	NA	NA	BMPR1A	0.0134224453696757	0.1244650784466995	0.0240331676555985	0.2519597961996969	-0.0933877971845308	-0.011623519502537	0.011623519502537	-0.0205734787002746	1.1559796158554474	estimated	estimated	estimated	qualified_primary_context	0.307130270365165	0.0003716073858904	dependency_excess	0.1875	0.8125	CPA	CPA	NA
HCC1143	cpa_v0.8.8	formal	NA	NA	CDKN2A	0.0122055806433086	0.1141198898566322	0.015288635648501	0.154108703969004	-0.0351707150144328	-0.004013678123626	0.004013678123626	0.0566704499111132	1.265089792934929	estimated	estimated	estimated	qualified_primary_context	6.198489826465077e-05	-5.524423694538636e-05	low_information	0.0416666666666666	0.0208333333333333	CPA	CPA	NA
HCC1143	cpa_v0.8.8	formal	NA	NA	COMMD6	0.0127555351541376	0.1191291176689642	0.0241791414462827	0.4004885692732569	0.2529344654630411	0.0301318596986831	0.0301318596986831	0.2018737310147357	0.9685074249766078	estimated	estimated	estimated	qualified_primary_context	0.1351756293730245	0.0005475981761952	middle	0.3958333333333333	0.625	CPA	CPA	NA
HCC1143	cpa_v0.8.8	formal	NA	NA	ENY2	0.0108560513446714	0.1070447352028162	0.0521335585637539	0.7227454677992012	-0.0718088759552872	-0.0076867621118455	0.0076867621118455	-0.0906587963157231	1.0213751173443877	estimated	estimated	estimated	qualified_primary_context	0.148881151602389	0.0052970777139176	middle	0.9791666666666666	0.6875	CPA	CPA	NA
HCC1143	cpa_v0.8.8	formal	NA	NA	ERC1	0.0108204043220256	0.1071157214256126	0.0180828595245295	0.1565373306756347	-0.0103470352456814	-0.0011083301449574	0.0011083301449574	-0.0147802634193097	1.2175396599070494	estimated	estimated	estimated	qualified_primary_context	0.0303840215886299	0.0011727642485481	middle	0.625	0.4583333333333333	CPA	CPA	NA
HCC1143	cpa_v0.8.8	formal	NA	NA	ETV3	0.0132013143392456	0.1225675754300281	0.0175173141097048	0.1740043215464302	-0.2413103676400646	-0.0295768266877714	0.0295768266877714	-0.1448216206646658	1.355037191221725	estimated	estimated	estimated	qualified_primary_context	0.1444988533493548	0.0004824127798667	middle	0.3541666666666667	0.6666666666666666	CPA	CPA	NA
HCC1143	cpa_v0.8.8	formal	NA	NA	GON4L	0.0108151181661739	0.1072412654866441	0.0261287892924314	0.2570710799620001	0.1512082580099587	0.0162157649410189	0.0162157649410189	0.120158420652425	1.0236549626492717	estimated	estimated	estimated	qualified_primary_context	0.1493363288328347	0.001639764285359	middle	0.7083333333333334	0.7083333333333334	CPA	CPA	NA
HCC1143	cpa_v0.8.8	formal	NA	NA	HDGF	0.0135791247359356	0.1259578877921975	0.0218424097035099	0.4296275389638782	0.1397369982943157	0.0176009771515739	0.0176009771515739	0.0721233853642427	1.00200703676682	estimated	estimated	estimated	qualified_primary_context	0.0196252078195258	-2.232035737835883e-06	middle	0.0833333333333333	0.3125	CPA	CPA	NA
HCC1143	cpa_v0.8.8	formal	NA	NA	HLX	0.0118536311842057	0.1123056428155254	0.0156087695123795	0.1523967550181248	-0.0919965923215847	-0.0103317364375134	0.0103317364375134	0.0563183683340024	1.295629135936064	estimated	estimated	estimated	qualified_primary_context	0.0236239287972883	0.0003806089003583	middle	0.2083333333333333	0.375	CPA	CPA	NA
HCC1143	cpa_v0.8.8	formal	NA	NA	KLF3	0.0111463908972285	0.1085544879572788	0.0201118590349126	0.2031140736176738	-0.2410085150893083	-0.0261625559488639	0.0261625559488639	-0.2396658060658802	1.2422769869751968	estimated	estimated	estimated	qualified_primary_context	0.0369385703770605	0.0008195901120722	middle	0.5625	0.4791666666666667	CPA	CPA	NA
HCC1143	cpa_v0.8.8	formal	NA	NA	LAMTOR5	0.0141868897332768	0.1315542722101748	0.0423132662042345	0.5526408290413126	0.1836432811876112	0.0241590582029246	0.0241590582029246	0.0859886667509527	0.9844972659859824	estimated	estimated	estimated	qualified_primary_context	0.1226400958971878	0.0051478700974567	middle	0.9583333333333334	0.5833333333333334	CPA	CPA	NA
HCC1143	cpa_v0.8.8	formal	NA	NA	MAML3	0.0122124698695106	0.1153615507345904	0.0157225639961825	0.1343661644316768	0.1175962812294904	0.013566089363255	0.013566089363255	0.1073027405333175	1.2390318211176596	estimated	estimated	estimated	qualified_primary_context	0.0050198572939971	0.0003873163964322	low_information	0.25	0.0625	CPA	CPA	NA
HCC1143	cpa_v0.8.8	formal	NA	NA	MIER1	0.0145829949959456	0.1365182612977346	0.0298149725095367	0.3324632857261191	0.2652971446421673	0.0362179049138023	0.0362179049138023	0.1258997913865031	0.9750579824902998	estimated	estimated	estimated	qualified_primary_context	0.0105919574277721	0.001451416208981	middle	0.6458333333333334	0.2083333333333333	CPA	CPA	NA
HCC1143	cpa_v0.8.8	formal	NA	NA	MTDH	0.0106285782061612	0.1066971282747198	0.0327966048832914	0.743097496021889	0.1639890170734982	0.0174971571903362	0.0174971571903362	0.1422714725016333	0.9866731754038152	estimated	estimated	estimated	qualified_primary_context	0.0123435627679496	0.0006004795018292	middle	0.4375	0.2708333333333333	CPA	CPA	NA
HCC1143	cpa_v0.8.8	formal	NA	NA	MYBL1	0.0105500409055091	0.1063608828586698	0.0421253128752774	0.4452787693883616	-0.1430066030023801	-0.0152103085499524	0.0152103085499524	-0.1619892667347313	1.060836439528123	estimated	estimated	estimated	qualified_primary_context	0.0210310036855235	0.002892924147223	middle	0.8541666666666666	0.3333333333333333	CPA	CPA	NA
HCC1143	cpa_v0.8.8	formal	NA	NA	NCOA1	0.0110303434230493	0.1079251690022498	0.0133328366202502	0.1239829187041819	0.2664019721827647	0.0287514778703575	0.0287514778703575	0.3004069703446798	1.1375171646619366	estimated	estimated	estimated	qualified_primary_context	0.0248991192692647	-3.731790556072735e-05	middle	0.0625	0.3958333333333333	CPA	CPA	NA
HCC1143	cpa_v0.8.8	formal	NA	NA	NPM1	0.012140470759653	0.1144452035969923	0.0622765200959799	1.6149969298884637	0.1306755458124085	0.0149551894456491	0.0149551894456491	0.0626846477360651	0.993227727265587	estimated	estimated	estimated	qualified_primary_context	0.1622748801750765	0.0016454699152962	middle	0.7291666666666666	0.7291666666666666	CPA	CPA	NA
HCC1143	cpa_v0.8.8	formal	NA	NA	PA2G4	0.0110447903366113	0.1084860958341822	0.0349423497852565	0.9931797557905168	-0.1944498777133081	-0.0210951080685509	0.0210951080685509	-0.2406520514192923	1.0268453477532016	estimated	estimated	estimated	qualified_primary_context	0.0861889371200693	0.0006252623413598	middle	0.4791666666666667	0.5625	CPA	CPA	NA
HCC1143	cpa_v0.8.8	formal	NA	NA	PARK7	0.0115561725476903	0.1104731084668297	0.0455074229362102	1.0705967316527991	0.0979063444666777	0.010816018211858	0.010816018211858	0.0133611297148603	0.9952096499120096	estimated	estimated	estimated	qualified_primary_context	0.1318604273725387	0.0015154817356561	middle	0.6875	0.6041666666666666	CPA	CPA	NA
HCC1143	cpa_v0.8.8	formal	NA	NA	PCBD1	0.0119684760891128	0.1131603521624662	0.0205715189837919	0.3251593730636988	-0.0439571130573232	-0.004974202393612	0.004974202393612	-0.0375202800361767	1.073177497359026	estimated	estimated	estimated	qualified_primary_context	0.0111916491629234	3.5101351587623654e-05	low_information	0.1041666666666666	0.25	CPA	CPA	NA
HCC1143	cpa_v0.8.8	formal	NA	NA	PEX14	0.0130712836560236	0.121483088974044	0.0164337457977458	0.2097920152974949	0.1817218851329901	0.022076135940142	0.022076135940142	0.1906597404871932	1.0605933416292053	estimated	estimated	estimated	qualified_primary_context	0.0227993432195642	0.000275420560782	middle	0.1458333333333333	0.3541666666666667	CPA	CPA	NA
HCC1143	cpa_v0.8.8	formal	NA	NA	PFDN5	0.0111168141342065	0.108625647226374	0.0486040242042201	0.9581015414504782	-0.2776245731538169	-0.0301571489447792	0.0301571489447792	-0.2967952904522584	1.0372106752696713	estimated	estimated	estimated	qualified_primary_context	0.9694975960688984	0.0019242298235236	endpoint_anchor	0.7708333333333334	0.8958333333333334	CPA	CPA	NA
HCC1143	cpa_v0.8.8	formal	NA	NA	PMF1	0.0107565653731652	0.1067681288985834	0.049251870029838	0.5081380428171313	-0.1410579569360504	-0.015060494128319	0.015060494128319	-0.2010057611925648	1.0504408939011385	estimated	estimated	estimated	qualified_primary_context	0.9510487581740272	0.0029423176940619	endpoint_anchor	0.875	0.875	CPA	CPA	NA
HCC1143	cpa_v0.8.8	formal	NA	NA	PRDX2	0.0108466156379501	0.1071157893198144	0.0329279186691227	0.6223894253531942	-0.1477462956493789	-0.0158259610775618	0.0158259610775618	-0.2156461405587876	1.039459150531352	estimated	estimated	estimated	qualified_primary_context	0.1660158727868937	0.0006112575546722	middle	0.4583333333333333	0.75	CPA	CPA	NA
HCC1143	cpa_v0.8.8	formal	NA	NA	PRPF6	0.0137457049754446	0.1274653766803178	0.057271494449348	0.5349938290589117	-0.344195459880737	-0.0438730039453533	0.0438730039453533	-0.4268983753692248	1.1048886560849336	estimated	estimated	estimated	qualified_primary_context	1.0	0.0025883202614396	endpoint_anchor	0.8125	0.96875	CPA	CPA	NA
HCC1143	cpa_v0.8.8	formal	NA	NA	RORC	0.011671139848386	0.1106893788974744	0.0146922373193131	0.1366059103875647	0.0270247283421362	0.002991350395064	0.002991350395064	0.0201249128183397	1.2699458273956667	estimated	estimated	estimated	qualified_primary_context	0.0451125018855452	5.970803625961543e-05	middle	0.125	0.5	CPA	CPA	NA
HCC1143	cpa_v0.8.8	formal	NA	NA	RPS3	0.0113677726764565	0.1095011291568013	0.0553911704007177	1.1111548400000688	-0.1263534938538587	-0.0138358502499044	0.0138358502499044	-0.131722585816843	1.0171603063028982	estimated	estimated	estimated	qualified_primary_context	1.0	0.0004164407695485	middle	0.2708333333333333	0.96875	CPA	CPA	NA
HCC1143	cpa_v0.8.8	formal	NA	NA	RUVBL2	0.011889912995188	0.1129712236702565	0.0625006359583501	0.6779950437401298	-0.0258506891439607	-0.0029203839853126	0.0029203839853126	-0.1316056424300768	1.018026916557834	estimated	estimated	estimated	qualified_primary_context	1.0	0.0031427387771154	endpoint_anchor	0.8958333333333334	0.96875	CPA	CPA	NA
HCC1143	cpa_v0.8.8	formal	NA	NA	SMAD1	0.0121136590361272	0.1142960321726967	0.0172856363118944	0.1629278015345215	0.2799364674620422	0.0319956274913526	0.0319956274913526	0.2414071990260506	1.0485049663115675	estimated	estimated	estimated	qualified_primary_context	0.0296077539081418	0.0004516434159773	middle	0.3333333333333333	0.4375	CPA	CPA	NA
HCC1143	cpa_v0.8.8	formal	NA	NA	STAT3	0.0167228266900722	0.1597266804551752	0.0187359340819158	0.2635119253234442	0.2208608945877302	0.0352773775348585	0.0352773775348585	0.2225748702073759	1.0486491415343195	estimated	estimated	estimated	qualified_primary_context	0.0037329167002494	0.0005131955358154	middle	0.375	0.0416666666666666	CPA	CPA	NA
HCC1143	cpa_v0.8.8	formal	NA	NA	TAB3	0.0116118952142779	0.1108085800049467	0.0182786704025936	0.1765562206335781	-0.0033819156480312	-0.0003747452706548	0.0003747452706548	0.0176543802639871	1.1824298254601295	estimated	estimated	estimated	qualified_primary_context	0.0084525379475361	0.0014569268678928	middle	0.6666666666666666	0.125	CPA	CPA	NA
HCC1143	cpa_v0.8.8	formal	NA	NA	TADA3	0.0129687312490582	0.1200117473917412	0.0441802078568138	0.522377077487936	0.0431178020692245	0.0051746427700188	0.0051746427700188	-0.0448921526118985	1.0163509720512334	estimated	estimated	estimated	qualified_primary_context	0.2498577956515995	0.0047211986633615	endpoint_anchor	0.9375	0.7708333333333334	CPA	CPA	NA
HCC1143	cpa_v0.8.8	formal	NA	NA	THAP8	0.0172726310208723	0.1654373144307916	0.0164737408288913	0.1896153969639014	0.0985328749446968	0.0163010142139956	0.0163010142139956	0.2237611303433569	1.2606740583352305	estimated	estimated	estimated	qualified_primary_context	0.0157775614105068	0.0011315266762759	middle	0.6041666666666666	0.2916666666666667	CPA	CPA	NA
HCC1143	cpa_v0.8.8	formal	NA	NA	THRA	0.0118212849839285	0.1120347371303039	0.0235724065606285	0.2182472880492608	0.1532983236833204	0.017174737396377	0.017174737396377	0.2492549632755568	1.0517264653774263	estimated	estimated	estimated	qualified_primary_context	0.0463338341696651	0.0004492409036489	middle	0.3125	0.5208333333333334	CPA	CPA	NA
HCC1143	cpa_v0.8.8	formal	NA	NA	TMF1	0.0126956917068781	0.118068395773522	0.0234922445927052	0.2206027725989307	0.1226089699760507	0.0144762443925162	0.0144762443925162	0.0793289244060857	1.074804680519519	estimated	estimated	estimated	qualified_primary_context	0.1394316818255967	0.0004469662783664	middle	0.2916666666666667	0.6458333333333334	CPA	CPA	NA
HCC1143	cpa_v0.8.8	formal	NA	NA	TMSB4X	0.0113761491445657	0.1090519106455661	0.0326708341235554	0.9597678558169462	0.1449084265447017	0.0158025407833423	0.0158025407833423	0.0990986105577543	0.9899395498203876	estimated	estimated	estimated	qualified_primary_context	0.0090048231316929	-0.0002807008856658	low_information	0.0208333333333333	0.1666666666666666	CPA	CPA	NA
HCC1143	cpa_v0.8.8	formal	NA	NA	UBP1	0.0108408947760203	0.106316576866366	0.0183189878372334	0.1683786118552329	0.1480945940630675	0.0157449102931993	0.0157449102931993	0.1146664622230511	1.1007567546580894	estimated	estimated	estimated	qualified_primary_context	0.0108785135935251	0.000382982434592	low_information	0.2291666666666666	0.2291666666666666	CPA	CPA	NA
HCC1143	cpa_v0.8.8	formal	NA	NA	VEZF1	0.0151492752645539	0.1420129127888679	0.0251359012810846	0.2905778943669515	0.0734705860881509	0.0104337719346835	0.0104337719346835	0.0666349089980552	1.0802957754813225	estimated	estimated	estimated	qualified_primary_context	0.0275909199432945	0.0016981011330781	middle	0.75	0.4166666666666667	CPA	CPA	NA
HCC1143	cpa_v0.8.8	formal	NA	NA	XBP1	0.0122848909544812	0.1155233998557992	0.0209582008396152	0.3105469418080748	0.6050702967814984	0.0698997778359561	0.0698997778359561	0.6442665804802488	0.8295853138793189	estimated	estimated	estimated	qualified_primary_context	0.0085039693399301	0.0005622989990018	middle	0.4166666666666667	0.1458333333333333	CPA	CPA	NA
HCC1143	cpa_v0.8.8	formal	NA	NA	YBX1	0.0114601267884417	0.1099066996787806	0.0604986491256232	1.4790985371439562	0.1074646317175817	0.011811083004275	0.011811083004275	0.0603296248651467	0.9947616859072748	estimated	estimated	estimated	qualified_primary_context	0.9913468022551738	0.0027372039056544	endpoint_anchor	0.8333333333333334	0.9166666666666666	CPA	CPA	NA
HCC1143	cpa_v0.8.8	formal	NA	NA	ZBTB17	0.0129034053708147	0.1202120645562536	0.0459213452532554	0.4774290320892315	-0.1375180360568368	-0.0165313270281136	0.0165313270281136	-0.1830231573733238	1.0642602486416506	estimated	estimated	estimated	qualified_primary_context	0.7578619386258375	0.0032471002507312	endpoint_anchor	0.9166666666666666	0.8333333333333334	CPA	CPA	NA
HCC1143	cpa_v0.8.8	formal	NA	NA	ZBTB20	0.0142866372443397	0.1332703039014827	0.0106589260898525	0.106560908466992	-0.0484841454026477	-0.0064614967922145	0.0064614967922145	-0.0772200097099166	1.6387179342350102	estimated	estimated	estimated	qualified_primary_context	0.0078803596044426	0.0003629878206648	low_information	0.1666666666666666	0.0833333333333333	CPA	CPA	NA
HCC1143	cpa_v0.8.8	formal	NA	NA	ZBTB5	0.0125578227626812	0.1177011181912001	0.0163739924531045	0.1610885089995077	0.108466891006841	0.0127666743582282	0.0127666743582282	0.1086528209722533	1.1727577125294708	estimated	estimated	estimated	qualified_primary_context	0.0773557703888747	0.0006902378432346	middle	0.5208333333333334	0.5416666666666666	CPA	CPA	NA
HCC1143	cpa_v0.8.8	formal	NA	NA	ZNF131	0.0116999869607658	0.1112864923186457	0.0357574071640812	0.3552452422566548	0.1537285512468309	0.0171079112374869	0.0171079112374869	0.0348727742596145	1.0009095574972005	estimated	estimated	estimated	qualified_primary_context	0.9463812533969612	0.0010507528033756	middle	0.5833333333333334	0.8541666666666666	CPA	CPA	NA
HCC1143	cpa_v0.8.8	formal	NA	NA	ZNF24	0.0127993574480405	0.1189538763875303	0.0170375552908257	0.1635071609381976	0.1703035439782787	0.0202582667187505	0.0202582667187505	0.2343793312816267	1.1320252053775992	estimated	estimated	estimated	qualified_primary_context	0.0092505619875028	0.0007716042444563	middle	0.5416666666666666	0.1875	CPA	CPA	NA
HCC1143	cpa_v0.8.8	formal	NA	NA	ZNF566	0.0127406149082796	0.1189108922217318	0.0155839530377113	0.1692876776754505	0.0648089546270055	0.0077064906186549	0.0077064906186549	0.1708634667196693	1.1842070983976467	estimated	estimated	estimated	qualified_primary_context	0.0082561267211935	0.0006522417044015	middle	0.5	0.1041666666666666	CPA	CPA	NA
HCC1143	gears_hcc_formal_v1	formal	NA	NA	ARID1A	0.0276071960103401	0.2577008391031661	0.0269341304967316	0.2688712784412625	-0.0868813056551304	-0.0223893853697057	0.0223893853697057	-0.0304908762721871	1.444014617266517	estimated	estimated	estimated	qualified_primary_context	0.2654515287532237	0.0025274853359367	endpoint_anchor	0.7916666666666666	0.7916666666666666	GEARS	GEARS	NA
HCC1143	gears_hcc_formal_v1	formal	NA	NA	BMPR1A	0.0429366752949164	0.385620606907387	0.0240331676555985	0.2519597961996969	0.2147394913145788	0.0828079729677114	0.0828079729677114	0.1957379657400673	1.6386190345487297	estimated	estimated	estimated	qualified_primary_context	0.307130270365165	0.0003716073858904	dependency_excess	0.1875	0.8125	GEARS	GEARS	NA
HCC1143	gears_hcc_formal_v1	formal	NA	NA	CDKN2A	0.0563167644817913	0.5105595141708902	0.015288635648501	0.154108703969004	0.1754266655447022	0.0895657531331224	0.0895657531331224	0.152137337039085	3.288386404617804	estimated	estimated	estimated	qualified_primary_context	6.198489826465077e-05	-5.524423694538636e-05	low_information	0.0416666666666666	0.0208333333333333	GEARS	GEARS	NA
HCC1143	gears_hcc_formal_v1	formal	NA	NA	COMMD6	0.0621833058165616	0.5810595759568262	0.0241791414462827	0.4004885692732569	0.1719393051852434	0.0999069797612488	0.0999069797612488	0.1417334361689632	1.6143475476486169	estimated	estimated	estimated	qualified_primary_context	0.1351756293730245	0.0005475981761952	middle	0.3958333333333333	0.625	GEARS	GEARS	NA
HCC1143	gears_hcc_formal_v1	formal	NA	NA	ENY2	0.0735395829188994	0.6475304480291953	0.0521335585637539	0.7227454677992012	0.2874563674039149	0.186136750373902	0.186136750373902	0.2817502867537766	1.1347294181256	estimated	estimated	estimated	qualified_primary_context	0.148881151602389	0.0052970777139176	middle	0.9791666666666666	0.6875	GEARS	GEARS	NA
HCC1143	gears_hcc_formal_v1	formal	NA	NA	ERC1	0.0498044315271878	0.4357966492064153	0.0180828595245295	0.1565373306756347	0.0007726902587337	0.0003367358256306	0.0003367358256306	0.0019578306944613	2.957403767847297	estimated	estimated	estimated	qualified_primary_context	0.0303840215886299	0.0011727642485481	middle	0.625	0.4583333333333333	GEARS	GEARS	NA
HCC1143	gears_hcc_formal_v1	formal	NA	NA	ETV3	0.0638535937125921	0.5932739725668259	0.0175173141097048	0.1740043215464302	0.2915773908109381	0.1729852769570751	0.1729852769570751	0.299069269813617	3.261387371279372	estimated	estimated	estimated	qualified_primary_context	0.1444988533493548	0.0004824127798667	middle	0.3541666666666667	0.6666666666666666	GEARS	GEARS	NA
HCC1143	gears_hcc_formal_v1	formal	NA	NA	GON4L	0.0338380789898969	0.3081678968881419	0.0261287892924314	0.2570710799620001	0.096649504585047	0.0297842745632547	0.0297842745632547	0.1362377449222649	1.4850313654346974	estimated	estimated	estimated	qualified_primary_context	0.1493363288328347	0.001639764285359	middle	0.7083333333333334	0.7083333333333334	GEARS	GEARS	NA
HCC1143	gears_hcc_formal_v1	formal	NA	NA	HDGF	0.0497235393348173	0.4389693934622798	0.0218424097035099	0.4296275389638782	0.3211106731737235	0.1409577574373338	0.1409577574373338	0.3434897749494776	1.1780386677930217	estimated	estimated	estimated	qualified_primary_context	0.0196252078195258	-2.232035737835883e-06	middle	0.0833333333333333	0.3125	GEARS	GEARS	NA
HCC1143	gears_hcc_formal_v1	formal	NA	NA	HLX	0.0715940618143532	0.6891820671569513	0.0156087695123795	0.1523967550181248	0.1929097545809482	0.132949943436838	0.132949943436838	0.2199711343793354	4.439178381086014	estimated	estimated	estimated	qualified_primary_context	0.0236239287972883	0.0003806089003583	middle	0.2083333333333333	0.375	GEARS	GEARS	NA
HCC1143	gears_hcc_formal_v1	formal	NA	NA	KLF3	0.0428726932378907	0.372230078641278	0.0201118590349126	0.2031140736176738	0.2738607377377234	0.1019392039448712	0.1019392039448712	0.2759836615265168	1.8315889054807208	estimated	estimated	estimated	qualified_primary_context	0.0369385703770605	0.0008195901120722	middle	0.5625	0.4791666666666667	GEARS	GEARS	NA
HCC1143	gears_hcc_formal_v1	formal	NA	NA	LAMTOR5	0.0354458609276465	0.3086624827034143	0.0423132662042345	0.5526408290413126	0.2053946009948949	0.0633976074769614	0.0633976074769614	0.2752186113301668	1.0404386366248828	estimated	estimated	estimated	qualified_primary_context	0.1226400958971878	0.0051478700974567	middle	0.9583333333333334	0.5833333333333334	GEARS	GEARS	NA
HCC1143	gears_hcc_formal_v1	formal	NA	NA	MAML3	0.0344386504165367	0.3166657249801181	0.0157225639961825	0.1343661644316768	0.191557604119906	0.0606597275840844	0.0606597275840844	0.2061837901640198	2.377247976691584	estimated	estimated	estimated	qualified_primary_context	0.0050198572939971	0.0003873163964322	low_information	0.25	0.0625	GEARS	GEARS	NA
HCC1143	gears_hcc_formal_v1	formal	NA	NA	MIER1	0.0432073583798818	0.4014105604028829	0.0298149725095367	0.3324632857261191	0.3714059431741356	0.149086267786491	0.149086267786491	0.4308639380592785	1.2493660278599443	estimated	estimated	estimated	qualified_primary_context	0.0105919574277721	0.001451416208981	middle	0.6458333333333334	0.2083333333333333	GEARS	GEARS	NA
HCC1143	gears_hcc_formal_v1	formal	NA	NA	MTDH	0.03679006619071	0.3146515889044556	0.0327966048832914	0.743097496021889	0.1552702730787159	0.0488560381338466	0.0488560381338466	0.193015180767087	1.0236220455986411	estimated	estimated	estimated	qualified_primary_context	0.0123435627679496	0.0006004795018292	middle	0.4375	0.2708333333333333	GEARS	GEARS	NA
HCC1143	gears_hcc_formal_v1	formal	NA	NA	MYBL1	0.0350870379789935	0.3149691150501685	0.0421253128752774	0.4452787693883616	0.4422477630256429	0.1392943865531034	0.1392943865531034	0.4660812566939438	0.9352526472888626	estimated	estimated	estimated	qualified_primary_context	0.0210310036855235	0.002892924147223	middle	0.8541666666666666	0.3333333333333333	GEARS	GEARS	NA
HCC1143	gears_hcc_formal_v1	formal	NA	NA	NCOA1	0.0686286554620823	0.6415500136497514	0.0133328366202502	0.1239829187041819	0.2352092143424302	0.1508984746719334	0.1508984746719334	0.2286780844987521	5.034014504001432	estimated	estimated	estimated	qualified_primary_context	0.0248991192692647	-3.731790556072735e-05	middle	0.0625	0.3958333333333333	GEARS	GEARS	NA
HCC1143	gears_hcc_formal_v1	formal	NA	NA	NPM1	0.0323187736957216	0.2893770028484493	0.0622765200959799	1.6149969298884637	-0.2990291684898932	-0.0865321645418692	0.0865321645418692	-0.2651504807811382	1.067364353235876	estimated	estimated	estimated	qualified_primary_context	0.1622748801750765	0.0016454699152962	middle	0.7291666666666666	0.7291666666666666	GEARS	GEARS	NA
HCC1143	gears_hcc_formal_v1	formal	NA	NA	PA2G4	0.0606304150832112	0.6098713750802477	0.0349423497852565	0.9931797557905168	0.5146963285447218	0.3138985576383244	0.3138985576383244	0.5276675807373373	0.8631110654962124	estimated	estimated	estimated	qualified_primary_context	0.0861889371200693	0.0006252623413598	middle	0.4791666666666667	0.5625	GEARS	GEARS	NA
HCC1143	gears_hcc_formal_v1	formal	NA	NA	PARK7	0.0329816681536752	0.293673005031161	0.0455074229362102	1.0705967316527991	-0.0933696698825869	-0.0274201515331868	0.0274201515331868	-0.019313374830853	1.0613523480007614	estimated	estimated	estimated	qualified_primary_context	0.1318604273725387	0.0015154817356561	middle	0.6875	0.6041666666666666	GEARS	GEARS	NA
HCC1143	gears_hcc_formal_v1	formal	NA	NA	PCBD1	0.0733314942972742	0.6779636493913851	0.0205715189837919	0.3251593730636988	0.0913871918701623	0.0619571941079259	0.0619571941079259	0.0918665878684943	2.2285013701401297	estimated	estimated	estimated	qualified_primary_context	0.0111916491629234	3.5101351587623654e-05	low_information	0.1041666666666666	0.25	GEARS	GEARS	NA
HCC1143	gears_hcc_formal_v1	formal	NA	NA	PEX14	0.0386301051266726	0.3441118043357783	0.0164337457977458	0.2097920152974949	0.2941613487224913	0.1012243924747425	0.1012243924747425	0.2960253233997229	1.6508875033313637	estimated	estimated	estimated	qualified_primary_context	0.0227993432195642	0.000275420560782	middle	0.1458333333333333	0.3541666666666667	GEARS	GEARS	NA
HCC1143	gears_hcc_formal_v1	formal	NA	NA	PFDN5	0.0541270142659729	0.494250738592618	0.0486040242042201	0.9581015414504782	0.343351817675513	0.1697018894832402	0.1697018894832402	0.3615100346677232	0.954918957099126	estimated	estimated	estimated	qualified_primary_context	0.9694975960688984	0.0019242298235236	endpoint_anchor	0.7708333333333334	0.8958333333333334	GEARS	GEARS	NA
HCC1143	gears_hcc_formal_v1	formal	NA	NA	PMF1	0.0485624257140544	0.4516832016775787	0.049251870029838	0.5081380428171313	0.3887825536890993	0.1756065486066775	0.1756065486066775	0.3614789838806275	1.0483149331813266	estimated	estimated	estimated	qualified_primary_context	0.9510487581740272	0.0029423176940619	endpoint_anchor	0.875	0.875	GEARS	GEARS	NA
HCC1143	gears_hcc_formal_v1	formal	NA	NA	PRDX2	0.0501237937774956	0.4627894952900389	0.0329279186691227	0.6223894253531942	0.2872197499173357	0.132922283101575	0.132922283101575	0.3243881440527338	1.0610181298581387	estimated	estimated	estimated	qualified_primary_context	0.1660158727868937	0.0006112575546722	middle	0.4583333333333333	0.75	GEARS	GEARS	NA
HCC1143	gears_hcc_formal_v1	formal	NA	NA	PRPF6	0.0514616947937988	0.4838657324540409	0.057271494449348	0.5349938290589117	0.0736920186014829	0.0356570425566233	0.0356570425566233	0.0735912516223968	1.2979595542585716	estimated	estimated	estimated	qualified_primary_context	1.0	0.0025883202614396	endpoint_anchor	0.8125	0.96875	GEARS	GEARS	NA
HCC1143	gears_hcc_formal_v1	formal	NA	NA	RORC	0.0373806914972796	0.3442044342749645	0.0146922373193131	0.1366059103875647	0.2784000334456669	0.095826526014297	0.095826526014297	0.306254943361919	2.4384155630475792	estimated	estimated	estimated	qualified_primary_context	0.0451125018855452	5.970803625961543e-05	middle	0.125	0.5	GEARS	GEARS	NA
HCC1143	gears_hcc_formal_v1	formal	NA	NA	RPS3	0.057972365413751	0.5420531753954368	0.0553911704007177	1.1111548400000688	0.320628344992031	0.173797612524714	0.173797612524714	0.3452512542407859	0.9618489534999516	estimated	estimated	estimated	qualified_primary_context	1.0	0.0004164407695485	middle	0.2708333333333333	0.96875	GEARS	GEARS	NA
HCC1143	gears_hcc_formal_v1	formal	NA	NA	RUVBL2	0.0603807115146895	0.5539401546518661	0.0625006359583501	0.6779950437401298	0.5271844225705257	0.2920286205687717	0.2920286205687717	0.5268504487448166	0.8978224864207874	estimated	estimated	estimated	qualified_primary_context	1.0	0.0031427387771154	endpoint_anchor	0.8958333333333334	0.96875	GEARS	GEARS	NA
HCC1143	gears_hcc_formal_v1	formal	NA	NA	SMAD1	0.0308308335081824	0.2698400329840151	0.0172856363118944	0.1629278015345215	0.1255480428512233	0.0338778880240526	0.0338778880240526	0.1521984298748786	1.824037956138554	estimated	estimated	estimated	qualified_primary_context	0.0296077539081418	0.0004516434159773	middle	0.3333333333333333	0.4375	GEARS	GEARS	NA
HCC1143	gears_hcc_formal_v1	formal	NA	NA	STAT3	0.0629445403226056	0.6038209697721333	0.0187359340819158	0.2635119253234442	0.2497069090244186	0.1507782679659263	0.1507782679659263	0.2519364996855756	2.259714170696375	estimated	estimated	estimated	qualified_primary_context	0.0037329167002494	0.0005131955358154	middle	0.375	0.0416666666666666	GEARS	GEARS	NA
HCC1143	gears_hcc_formal_v1	formal	NA	NA	TAB3	0.0504151349118591	0.4336026963890105	0.0182786704025936	0.1765562206335781	0.2130307369251572	0.0923707019444861	0.0923707019444861	0.2065485810400836	2.446433442312026	estimated	estimated	estimated	qualified_primary_context	0.0084525379475361	0.0014569268678928	middle	0.6666666666666666	0.125	GEARS	GEARS	NA
HCC1143	gears_hcc_formal_v1	formal	NA	NA	TADA3	0.0373737738122302	0.3162389244846327	0.0441802078568138	0.522377077487936	0.1964315769507227	0.0621193106297169	0.0621193106297169	0.2487492834469891	1.062382714815746	estimated	estimated	estimated	qualified_primary_context	0.2498577956515995	0.0047211986633615	endpoint_anchor	0.9375	0.7708333333333334	GEARS	GEARS	NA
HCC1143	gears_hcc_formal_v1	formal	NA	NA	THAP8	0.0492285820052431	0.4158240882084678	0.0164737408288913	0.1896153969639014	0.221158563427148	0.0919630579865884	0.0919630579865884	0.1910905505134921	2.1998172689093525	estimated	estimated	estimated	qualified_primary_context	0.0157775614105068	0.0011315266762759	middle	0.6041666666666666	0.2916666666666667	GEARS	GEARS	NA
HCC1143	gears_hcc_formal_v1	formal	NA	NA	THRA	0.0480561929926098	0.40734624805413	0.0235724065606285	0.2182472880492608	0.1066839637172141	0.0434573123477501	0.0434573123477501	0.1006041453591671	2.021230420694504	estimated	estimated	estimated	qualified_primary_context	0.0463338341696651	0.0004492409036489	middle	0.3125	0.5208333333333334	GEARS	GEARS	NA
HCC1143	gears_hcc_formal_v1	formal	NA	NA	TMF1	0.0421203965905027	0.3643551373290812	0.0234922445927052	0.2206027725989307	0.1343726383511012	0.0489593610996864	0.0489593610996864	0.1628984763392948	1.8121885598096468	estimated	estimated	estimated	qualified_primary_context	0.1394316818255967	0.0004469662783664	middle	0.2916666666666667	0.6458333333333334	GEARS	GEARS	NA
HCC1143	gears_hcc_formal_v1	formal	NA	NA	TMSB4X	0.0754521028961027	0.6587089836320386	0.0326708341235554	0.9597678558169462	0.4398330266005048	0.2897219659198219	0.2897219659198219	0.4371870677652459	0.9312912038161324	estimated	estimated	estimated	qualified_primary_context	0.0090048231316929	-0.0002807008856658	low_information	0.0208333333333333	0.1666666666666666	GEARS	GEARS	NA
HCC1143	gears_hcc_formal_v1	formal	NA	NA	UBP1	0.0402851157847699	0.3518946078357531	0.0183189878372334	0.1683786118552329	0.0818521264289829	0.0288033219302494	0.0288033219302494	0.1066276010187961	2.2417760807482505	estimated	estimated	estimated	qualified_primary_context	0.0108785135935251	0.000382982434592	low_information	0.2291666666666666	0.2291666666666666	GEARS	GEARS	NA
HCC1143	gears_hcc_formal_v1	formal	NA	NA	VEZF1	0.0325799032886125	0.2988425192352456	0.0251359012810846	0.2905778943669515	-0.3411405408162043	-0.1019472986307886	0.1019472986307886	-0.3485578346490069	1.6611380275801042	estimated	estimated	estimated	qualified_primary_context	0.0275909199432945	0.0016981011330781	middle	0.75	0.4166666666666667	GEARS	GEARS	NA
HCC1143	gears_hcc_formal_v1	formal	NA	NA	XBP1	0.0407567197911203	0.3655905068004648	0.0209582008396152	0.3105469418080748	0.0740818392253078	0.0270836171470908	0.0270836171470908	0.075450154766036	1.487106457785235	estimated	estimated	estimated	qualified_primary_context	0.0085039693399301	0.0005622989990018	middle	0.4166666666666667	0.1458333333333333	GEARS	GEARS	NA
HCC1143	gears_hcc_formal_v1	formal	NA	NA	YBX1	0.0643392059171838	0.6536630650506798	0.0604986491256232	1.4790985371439562	0.6358141674762005	0.4156082375151395	0.4156082375151395	0.6484322721321303	0.7958203888419193	estimated	estimated	estimated	qualified_primary_context	0.9913468022551738	0.0027372039056544	endpoint_anchor	0.8333333333333334	0.9166666666666666	GEARS	GEARS	NA
HCC1143	gears_hcc_formal_v1	formal	NA	NA	ZBTB17	0.0743264632325383	0.6590587019241316	0.0459213452532554	0.4774290320892315	0.5189909488246699	0.3420455010427603	0.3420455010427603	0.5235654863853645	1.2135610742483491	estimated	estimated	estimated	qualified_primary_context	0.7578619386258375	0.0032471002507312	endpoint_anchor	0.9166666666666666	0.8333333333333334	GEARS	GEARS	NA
HCC1143	gears_hcc_formal_v1	formal	NA	NA	ZBTB20	0.0644760148173022	0.698650046383243	0.0106589260898525	0.106560908466992	0.0157104949510396	0.0109761380262475	0.0109761380262475	0.014568997084792	6.616619140699298	estimated	estimated	estimated	qualified_primary_context	0.0078803596044426	0.0003629878206648	low_information	0.1666666666666666	0.0833333333333333	GEARS	GEARS	NA
HCC1143	gears_hcc_formal_v1	formal	NA	NA	ZBTB5	0.035891151234575	0.3105135366234788	0.0163739924531045	0.1610885089995077	-0.1563511049677489	-0.0485491345585244	0.0485491345585244	-0.1545358356089247	2.306163289693617	estimated	estimated	estimated	qualified_primary_context	0.0773557703888747	0.0006902378432346	middle	0.5208333333333334	0.5416666666666666	GEARS	GEARS	NA
HCC1143	gears_hcc_formal_v1	formal	NA	NA	ZNF131	0.0702370179522152	0.6061542426958642	0.0357574071640812	0.3552452422566548	0.0262489416121938	0.0159109073245073	0.0159109073245073	0.0036092857500853	1.954961840262545	estimated	estimated	estimated	qualified_primary_context	0.9463812533969612	0.0010507528033756	middle	0.5833333333333334	0.8541666666666666	GEARS	GEARS	NA
HCC1143	gears_hcc_formal_v1	formal	NA	NA	ZNF24	0.0725881970907066	0.6856847175354764	0.0170375552908257	0.1635071609381976	0.2729027503618718	0.1871252452965346	0.1871252452965346	0.2788560942512311	4.037009185324562	estimated	estimated	estimated	qualified_primary_context	0.0092505619875028	0.0007716042444563	middle	0.5416666666666666	0.1875	GEARS	GEARS	NA
HCC1143	gears_hcc_formal_v1	formal	NA	NA	ZNF566	0.0415287717879571	0.3670101940463003	0.0155839530377113	0.1692876776754505	0.2077752686848556	0.076255641678051	0.076255641678051	0.204169675355952	2.190703829621353	estimated	estimated	estimated	qualified_primary_context	0.0082561267211935	0.0006522417044015	middle	0.5	0.1041666666666666	GEARS	GEARS	NA
HCC1143	geneformer_hcc_formal_v1	formal	NA	NA	ARID1A	0.0207918237014275	0.204413270276342	0.0269341304967316	0.2688712784412625	0.0624434964828856	0.0127642793235559	0.0127642793235559	0.0355472817030325	1.21780740281132	estimated	estimated	estimated	qualified_primary_context	0.2654515287532237	0.0025274853359367	endpoint_anchor	0.7916666666666666	0.7916666666666666	Geneformer kernel	Geneformer	NA
HCC1143	geneformer_hcc_formal_v1	formal	NA	NA	BMPR1A	0.0121727990542543	0.1154096903982064	0.0240331676555985	0.2519597961996969	0.0508202501638834	0.0058651493373731	0.0058651493373731	0.0420199183806118	1.0785415029859584	estimated	estimated	estimated	qualified_primary_context	0.307130270365165	0.0003716073858904	dependency_excess	0.1875	0.8125	Geneformer kernel	Geneformer	NA
HCC1143	geneformer_hcc_formal_v1	formal	NA	NA	CDKN2A	0.0163446653211644	0.1685956309084811	0.015288635648501	0.154108703969004	-0.3763259562299063	-0.0634469120178185	0.0634469120178185	-0.3872609638746551	1.7378868538258658	estimated	estimated	estimated	qualified_primary_context	6.198489826465077e-05	-5.524423694538636e-05	low_information	0.0416666666666666	0.0208333333333333	Geneformer kernel	Geneformer	NA
HCC1143	geneformer_hcc_formal_v1	formal	NA	NA	COMMD6	0.0178369061870954	0.1810976293845148	0.0241791414462827	0.4004885692732569	-0.1348779440999707	-0.0244260759327618	0.0244260759327618	-0.155861379561923	1.1517199194823655	estimated	estimated	estimated	qualified_primary_context	0.1351756293730245	0.0005475981761952	middle	0.3958333333333333	0.625	Geneformer kernel	Geneformer	NA
HCC1143	geneformer_hcc_formal_v1	formal	NA	NA	ENY2	0.0113985634372903	0.1101636392504612	0.0521335585637539	0.7227454677992012	0.3072112405072617	0.0338435082729286	0.0338435082729286	0.3208601334208849	0.9641474955564384	estimated	estimated	estimated	qualified_primary_context	0.148881151602389	0.0052970777139176	middle	0.9791666666666666	0.6875	Geneformer kernel	Geneformer	NA
HCC1143	geneformer_hcc_formal_v1	formal	NA	NA	ERC1	0.0153711799012299	0.1548047511239263	0.0180828595245295	0.1565373306756347	-0.0085352498491268	-0.0013212972286746	0.0013212972286746	-0.0065718716944594	1.4123978736117524	estimated	estimated	estimated	qualified_primary_context	0.0303840215886299	0.0011727642485481	middle	0.625	0.4583333333333333	Geneformer kernel	Geneformer	NA
HCC1143	geneformer_hcc_formal_v1	formal	NA	NA	ETV3	0.0167761434517476	0.1679008865592386	0.0175173141097048	0.1740043215464302	-0.0266051633553406	-0.004467030514415	0.004467030514415	-0.0379166019643102	1.407984932467698	estimated	estimated	estimated	qualified_primary_context	0.1444988533493548	0.0004824127798667	middle	0.3541666666666667	0.6666666666666666	Geneformer kernel	Geneformer	NA
HCC1143	geneformer_hcc_formal_v1	formal	NA	NA	GON4L	0.0109142612287916	0.1027130809042524	0.0261287892924314	0.2570710799620001	-0.0126585900457602	-0.0013002027835039	0.0013002027835039	0.0231953594835929	1.0815529312097372	estimated	estimated	estimated	qualified_primary_context	0.1493363288328347	0.001639764285359	middle	0.7083333333333334	0.7083333333333334	Geneformer kernel	Geneformer	NA
HCC1143	geneformer_hcc_formal_v1	formal	NA	NA	HDGF	0.0225744834992011	0.2288791087067841	0.0218424097035099	0.4296275389638782	0.0150188225079768	0.0034374947094511	0.0034374947094511	-0.0323940293084331	1.1259698248659142	estimated	estimated	estimated	qualified_primary_context	0.0196252078195258	-2.232035737835883e-06	middle	0.0833333333333333	0.3125	Geneformer kernel	Geneformer	NA
HCC1143	geneformer_hcc_formal_v1	formal	NA	NA	HLX	0.0145509698670828	0.1470752933415291	0.0156087695123795	0.1523967550181248	-0.1987554171731232	-0.029232011283955	0.029232011283955	-0.209883091331289	1.5215165859530606	estimated	estimated	estimated	qualified_primary_context	0.0236239287972883	0.0003806089003583	middle	0.2083333333333333	0.375	Geneformer kernel	Geneformer	NA
HCC1143	geneformer_hcc_formal_v1	formal	NA	NA	KLF3	0.0086845351467379	0.0885163780899641	0.0201118590349126	0.2031140736176738	-0.0653795889943995	-0.0057871644187947	0.0057871644187947	-0.067350335067796	1.1166480473438412	estimated	estimated	estimated	qualified_primary_context	0.0369385703770605	0.0008195901120722	middle	0.5625	0.4791666666666667	Geneformer kernel	Geneformer	NA
HCC1143	geneformer_hcc_formal_v1	formal	NA	NA	LAMTOR5	0.0098755133536964	0.1000210758248314	0.0423132662042345	0.5526408290413126	-0.3440544749003118	-0.0344126987218766	0.0344126987218766	-0.3501522309233582	1.0757767342190974	estimated	estimated	estimated	qualified_primary_context	0.1226400958971878	0.0051478700974567	middle	0.9583333333333334	0.5833333333333334	Geneformer kernel	Geneformer	NA
HCC1143	geneformer_hcc_formal_v1	formal	NA	NA	MAML3	0.0144011602689921	0.1412798323724731	0.0157225639961825	0.1343661644316768	0.1444283741057392	0.0204048164834876	0.0204048164834876	0.1557090861035383	1.3423247794564508	estimated	estimated	estimated	qualified_primary_context	0.0050198572939971	0.0003873163964322	low_information	0.25	0.0625	Geneformer kernel	Geneformer	NA
HCC1143	geneformer_hcc_formal_v1	formal	NA	NA	MIER1	0.0289186736968467	0.2924682427242761	0.0298149725095367	0.3324632857261191	0.5825276232598204	0.1703708303131488	0.1703708303131488	0.569375455218504	0.865432555751768	estimated	estimated	estimated	qualified_primary_context	0.0105919574277721	0.001451416208981	middle	0.6458333333333334	0.2083333333333333	Geneformer kernel	Geneformer	NA
HCC1143	geneformer_hcc_formal_v1	formal	NA	NA	MTDH	0.0157624171853581	0.1775827139319183	0.0327966048832914	0.743097496021889	0.3135782043541746	0.055686068559112	0.055686068559112	0.2963597044977101	0.9524883984122352	estimated	estimated	estimated	qualified_primary_context	0.0123435627679496	0.0006004795018292	middle	0.4375	0.2708333333333333	Geneformer kernel	Geneformer	NA
HCC1143	geneformer_hcc_formal_v1	formal	NA	NA	MYBL1	0.0090464112463749	0.0850696592985624	0.0421253128752774	0.4452787693883616	0.1688487013864305	0.0143639014999483	0.0143639014999483	0.1791149442409776	0.985891945896512	estimated	estimated	estimated	qualified_primary_context	0.0210310036855235	0.002892924147223	middle	0.8541666666666666	0.3333333333333333	Geneformer kernel	Geneformer	NA
HCC1143	geneformer_hcc_formal_v1	formal	NA	NA	NCOA1	0.011077768779079	0.110009219384165	0.0133328366202502	0.1239829187041819	0.2707830067556695	0.0297886271956882	0.0297886271956882	0.2707920927168536	1.1431367230639602	estimated	estimated	estimated	qualified_primary_context	0.0248991192692647	-3.731790556072735e-05	middle	0.0625	0.3958333333333333	Geneformer kernel	Geneformer	NA
HCC1143	geneformer_hcc_formal_v1	formal	NA	NA	NPM1	0.0144648913909892	0.1512078012993907	0.0622765200959799	1.6149969298884637	-0.1371124767399573	-0.0207324761385628	0.0207324761385628	-0.1726560412265484	1.0170747332800505	estimated	estimated	estimated	qualified_primary_context	0.1622748801750765	0.0016454699152962	middle	0.7291666666666666	0.7291666666666666	Geneformer kernel	Geneformer	NA
HCC1143	geneformer_hcc_formal_v1	formal	NA	NA	PA2G4	0.0104144161343817	0.1069470133215303	0.0349423497852565	0.9931797557905168	0.0631442493691727	0.0067530888784629	0.0067530888784629	0.0548174166549044	0.998997679656206	estimated	estimated	estimated	qualified_primary_context	0.0861889371200693	0.0006252623413598	middle	0.4791666666666667	0.5625	Geneformer kernel	Geneformer	NA
HCC1143	geneformer_hcc_formal_v1	formal	NA	NA	PARK7	0.0166542419237103	0.1848258458959679	0.0455074229362102	1.0705967316527991	0.1018667240083994	0.0188276034335035	0.0188276034335035	0.0473715217801689	0.9973122711411648	estimated	estimated	estimated	qualified_primary_context	0.1318604273725387	0.0015154817356561	middle	0.6875	0.6041666666666666	Geneformer kernel	Geneformer	NA
HCC1143	geneformer_hcc_formal_v1	formal	NA	NA	PCBD1	0.016753294072139	0.1675886571100438	0.0205715189837919	0.3251593730636988	-0.2134315090847441	-0.0357686999924823	0.0357686999924823	-0.2146742741695562	1.2188720838281408	estimated	estimated	estimated	qualified_primary_context	0.0111916491629234	3.5101351587623654e-05	low_information	0.1041666666666666	0.25	Geneformer kernel	Geneformer	NA
HCC1143	geneformer_hcc_formal_v1	formal	NA	NA	PEX14	0.0168413105087619	0.1687277271556059	0.0164337457977458	0.2097920152974949	0.6518744707514686	0.1099892978406588	0.1099892978406588	0.6538079724309588	0.7734866555777832	estimated	estimated	estimated	qualified_primary_context	0.0227993432195642	0.000275420560782	middle	0.1458333333333333	0.3541666666666667	Geneformer kernel	Geneformer	NA
HCC1143	geneformer_hcc_formal_v1	formal	NA	NA	PFDN5	0.0202291961930299	0.1925807202215728	0.0486040242042201	0.9581015414504782	0.0315401419867071	0.0060740232596907	0.0060740232596907	0.033333500023691	1.0137665807308112	estimated	estimated	estimated	qualified_primary_context	0.9694975960688984	0.0019242298235236	endpoint_anchor	0.7708333333333334	0.8958333333333334	Geneformer kernel	Geneformer	NA
HCC1143	geneformer_hcc_formal_v1	formal	NA	NA	PMF1	0.0166736112014823	0.1663841442106161	0.049251870029838	0.5081380428171313	0.1405651100580087	0.0233878055428728	0.0233878055428728	0.1575109191059407	1.007553100473091	estimated	estimated	estimated	qualified_primary_context	0.9510487581740272	0.0029423176940619	endpoint_anchor	0.875	0.875	Geneformer kernel	Geneformer	NA
HCC1143	geneformer_hcc_formal_v1	formal	NA	NA	PRDX2	0.0149881261673833	0.167715254753715	0.0329279186691227	0.6223894253531942	0.1118609185118424	0.0187607824451982	0.0187607824451982	0.0725221367319528	1.0061449922729524	estimated	estimated	estimated	qualified_primary_context	0.1660158727868937	0.0006112575546722	middle	0.4583333333333333	0.75	Geneformer kernel	Geneformer	NA
HCC1143	geneformer_hcc_formal_v1	formal	NA	NA	PRPF6	0.0169440200536375	0.1617022543969171	0.057271494449348	0.5349938290589117	0.1135924477522023	0.0183681548839951	0.0183681548839951	0.1093373284869954	1.0112807169508276	estimated	estimated	estimated	qualified_primary_context	1.0	0.0025883202614396	endpoint_anchor	0.8125	0.96875	Geneformer kernel	Geneformer	NA
HCC1143	geneformer_hcc_formal_v1	formal	NA	NA	RORC	0.0147510998832279	0.147749107253534	0.0146922373193131	0.1366059103875647	-0.225818346986295	-0.0333644591686938	0.0333644591686938	-0.2246275580476971	1.6304217865340382	estimated	estimated	estimated	qualified_primary_context	0.0451125018855452	5.970803625961543e-05	middle	0.125	0.5	Geneformer kernel	Geneformer	NA
HCC1143	geneformer_hcc_formal_v1	formal	NA	NA	RPS3	0.0177374503557241	0.2849264364880771	0.0553911704007177	1.1111548400000688	0.2767151394433083	0.0788434586038831	0.0788434586038831	0.2657372112043838	0.9611662052297872	estimated	estimated	estimated	qualified_primary_context	1.0	0.0004164407695485	middle	0.2708333333333333	0.96875	Geneformer kernel	Geneformer	NA
HCC1143	geneformer_hcc_formal_v1	formal	NA	NA	RUVBL2	0.0171926758564037	0.1901276487291124	0.0625006359583501	0.6779950437401298	0.4504540857308046	0.0856437761804198	0.0856437761804198	0.4595940727752226	0.908845730011619	estimated	estimated	estimated	qualified_primary_context	1.0	0.0031427387771154	endpoint_anchor	0.8958333333333334	0.96875	Geneformer kernel	Geneformer	NA
HCC1143	geneformer_hcc_formal_v1	formal	NA	NA	SMAD1	0.016722953095183	0.1672437198445662	0.0172856363118944	0.1629278015345215	0.3709519092907498	0.0620393771932291	0.0620393771932291	0.3821581299548781	1.136716567269188	estimated	estimated	estimated	qualified_primary_context	0.0296077539081418	0.0004516434159773	middle	0.3333333333333333	0.4375	Geneformer kernel	Geneformer	NA
HCC1143	geneformer_hcc_formal_v1	formal	NA	NA	STAT3	0.0228608313558076	0.2520916638726642	0.0187359340819158	0.2635119253234442	0.3226935203951581	0.0813483464773428	0.0813483464773428	0.3173497684543104	1.139203252749846	estimated	estimated	estimated	qualified_primary_context	0.0037329167002494	0.0005131955358154	middle	0.375	0.0416666666666666	Geneformer kernel	Geneformer	NA
HCC1143	geneformer_hcc_formal_v1	formal	NA	NA	TAB3	0.0121752483842245	0.1154734321462673	0.0182786704025936	0.1765562206335781	0.3392928342841954	0.0391793080774307	0.0391793080774307	0.3370274049076577	0.9919380853368286	estimated	estimated	estimated	qualified_primary_context	0.0084525379475361	0.0014569268678928	middle	0.6666666666666666	0.125	Geneformer kernel	Geneformer	NA
HCC1143	geneformer_hcc_formal_v1	formal	NA	NA	TADA3	0.016791699459157	0.1680711375757358	0.0441802078568138	0.522377077487936	0.012885852542448	0.0021657398954424	0.0021657398954424	0.0208038675414222	1.046530771794638	estimated	estimated	estimated	qualified_primary_context	0.2498577956515995	0.0047211986633615	endpoint_anchor	0.9375	0.7708333333333334	Geneformer kernel	Geneformer	NA
HCC1143	geneformer_hcc_formal_v1	formal	NA	NA	THAP8	0.0161905182422525	0.1645862439173926	0.0164737408288913	0.1896153969639014	0.3438377538255997	0.0565909644191485	0.0565909644191485	0.3446316030824517	1.07541717397271	estimated	estimated	estimated	qualified_primary_context	0.0157775614105068	0.0011315266762759	middle	0.6041666666666666	0.2916666666666667	Geneformer kernel	Geneformer	NA
HCC1143	geneformer_hcc_formal_v1	formal	NA	NA	THRA	0.014828247090471	0.1486998408241816	0.0235724065606285	0.2182472880492608	-0.0010210771123579	-0.0001518340040768	0.0001518340040768	-0.0200480876317688	1.2106241384096654	estimated	estimated	estimated	qualified_primary_context	0.0463338341696651	0.0004492409036489	middle	0.3125	0.5208333333333334	Geneformer kernel	Geneformer	NA
HCC1143	geneformer_hcc_formal_v1	formal	NA	NA	TMF1	0.0171940723719697	0.1569518283365272	0.0234922445927052	0.2206027725989307	0.2789917572690299	0.0437882663941948	0.0437882663941948	0.2706739479452327	1.0531853390577657	estimated	estimated	estimated	qualified_primary_context	0.1394316818255967	0.0004469662783664	middle	0.2916666666666667	0.6458333333333334	Geneformer kernel	Geneformer	NA
HCC1143	geneformer_hcc_formal_v1	formal	NA	NA	TMSB4X	0.0142695873888301	0.1625092258881056	0.0326708341235554	0.9597678558169462	-0.0342424535748428	-0.0055647146229571	0.0055647146229571	-0.0377632111906475	1.0199341606851478	estimated	estimated	estimated	qualified_primary_context	0.0090048231316929	-0.0002807008856658	low_information	0.0208333333333333	0.1666666666666666	Geneformer kernel	Geneformer	NA
HCC1143	geneformer_hcc_formal_v1	formal	NA	NA	UBP1	0.0126405437453123	0.1609826722436079	0.0183189878372334	0.1683786118552329	0.4506092540897324	0.072540281861064	0.072540281861064	0.4426788146099993	1.0258886227357082	estimated	estimated	estimated	qualified_primary_context	0.0108785135935251	0.000382982434592	low_information	0.2291666666666666	0.2291666666666666	Geneformer kernel	Geneformer	NA
HCC1143	geneformer_hcc_formal_v1	formal	NA	NA	VEZF1	0.010515241924163	0.0969742995168428	0.0251359012810846	0.2905778943669515	-0.0328205636195421	-0.003182751166753	0.003182751166753	-0.0270981304459763	1.0645569347789576	estimated	estimated	estimated	qualified_primary_context	0.0275909199432945	0.0016981011330781	middle	0.75	0.4166666666666667	Geneformer kernel	Geneformer	NA
HCC1143	geneformer_hcc_formal_v1	formal	NA	NA	XBP1	0.0236728690983886	0.2622412278139175	0.0209582008396152	0.3105469418080748	-0.0103856689941284	-0.0027235505886891	0.0027235505886891	-0.0215308459255373	1.3155361658092504	estimated	estimated	estimated	qualified_primary_context	0.0085039693399301	0.0005622989990018	middle	0.4166666666666667	0.1458333333333333	Geneformer kernel	Geneformer	NA
HCC1143	geneformer_hcc_formal_v1	formal	NA	NA	YBX1	0.0216369143285795	0.2396992350487366	0.0604986491256232	1.4790985371439562	0.372497820136177	0.0892874425439635	0.0892874425439635	0.3519552080171189	0.9515936310376514	estimated	estimated	estimated	qualified_primary_context	0.9913468022551738	0.0027372039056544	endpoint_anchor	0.8333333333333334	0.9166666666666666	Geneformer kernel	Geneformer	NA
HCC1143	geneformer_hcc_formal_v1	formal	NA	NA	ZBTB17	0.010971193175959	0.1081651829092281	0.0459213452532554	0.4774290320892315	0.1442592821089961	0.0156038316356735	0.0156038316356735	0.1608303201445787	0.9929563309356808	estimated	estimated	estimated	qualified_primary_context	0.7578619386258375	0.0032471002507312	endpoint_anchor	0.9166666666666666	0.8333333333333334	Geneformer kernel	Geneformer	NA
HCC1143	geneformer_hcc_formal_v1	formal	NA	NA	ZBTB20	0.0142457918292142	0.1617753255694121	0.0106589260898525	0.106560908466992	-0.0045607747706879	-0.0007378208233768	0.0007378208233768	-0.0070020872632256	1.82170907157631	estimated	estimated	estimated	qualified_primary_context	0.0078803596044426	0.0003629878206648	low_information	0.1666666666666666	0.0833333333333333	Geneformer kernel	Geneformer	NA
HCC1143	geneformer_hcc_formal_v1	formal	NA	NA	ZBTB5	0.0159644525964749	0.1650205071497546	0.0163739924531045	0.1610885089995077	0.4095275253645976	0.0675804399274498	0.0675804399274498	0.4120253331144355	1.1001665091310422	estimated	estimated	estimated	qualified_primary_context	0.0773557703888747	0.0006902378432346	middle	0.5208333333333334	0.5416666666666666	Geneformer kernel	Geneformer	NA
HCC1143	geneformer_hcc_formal_v1	formal	NA	NA	ZNF131	0.0187761028838245	0.187349740551047	0.0357574071640812	0.3552452422566548	0.2001729229072599	0.0375023451720199	0.0375023451720199	0.1472158412600727	1.0329550822515532	estimated	estimated	estimated	qualified_primary_context	0.9463812533969612	0.0010507528033756	middle	0.5833333333333334	0.8541666666666666	Geneformer kernel	Geneformer	NA
HCC1143	geneformer_hcc_formal_v1	formal	NA	NA	ZNF24	0.014786463531477	0.1551194974866408	0.0170375552908257	0.1635071609381976	-0.1773869098202044	-0.0275161683120181	0.0275161683120181	-0.1839816461111615	1.4955297088381476	estimated	estimated	estimated	qualified_primary_context	0.0092505619875028	0.0007716042444563	middle	0.5416666666666666	0.1875	Geneformer kernel	Geneformer	NA
HCC1143	geneformer_hcc_formal_v1	formal	NA	NA	ZNF566	0.0163442335687374	0.1686163707605013	0.0155839530377113	0.1692876776754505	0.2958486455929632	0.0498849249142952	0.0498849249142952	0.2999235836237913	1.1843706503864655	estimated	estimated	estimated	qualified_primary_context	0.0082561267211935	0.0006522417044015	middle	0.5	0.1041666666666666	Geneformer kernel	Geneformer	NA
HCC1143	lm_g_geneformer_ridge_hcc_formal_v1	formal	NA	NA	ARID1A	0.0338356671342422	0.3314722137332471	0.0269341304967316	0.2688712784412625	0.179646420664018	0.0595477967467562	0.0595477967467562	0.1152566999658969	1.441152302863569	estimated	estimated	estimated	qualified_primary_context	0.2654515287532237	0.0025274853359367	endpoint_anchor	0.7916666666666666	0.7916666666666666	Geneformer ridge	linear_embedding	NA
HCC1143	lm_g_geneformer_ridge_hcc_formal_v1	formal	NA	NA	BMPR1A	0.0708621653664738	0.699124130273372	0.0240331676555985	0.2519597961996969	0.1956948866870661	0.1368150174540412	0.1368150174540412	0.1929492510683681	2.7592031248099764	estimated	estimated	estimated	qualified_primary_context	0.307130270365165	0.0003716073858904	dependency_excess	0.1875	0.8125	Geneformer ridge	linear_embedding	NA
HCC1143	lm_g_geneformer_ridge_hcc_formal_v1	formal	NA	NA	CDKN2A	0.0889676786002282	0.9435635347140706	0.015288635648501	0.154108703969004	-0.0325419466213837	-0.0307053941805494	0.0307053941805494	-0.0361329640803136	6.235873476940196	estimated	estimated	estimated	qualified_primary_context	6.198489826465077e-05	-5.524423694538636e-05	low_information	0.0416666666666666	0.0208333333333333	Geneformer ridge	linear_embedding	NA
HCC1143	lm_g_geneformer_ridge_hcc_formal_v1	formal	NA	NA	COMMD6	0.0735622245430979	0.7778855921058555	0.0241791414462827	0.4004885692732569	0.0533440699012366	0.0414955834004596	0.0414955834004596	0.0430773591474123	2.1366950940622345	estimated	estimated	estimated	qualified_primary_context	0.1351756293730245	0.0005475981761952	middle	0.3958333333333333	0.625	Geneformer ridge	linear_embedding	NA
HCC1143	lm_g_geneformer_ridge_hcc_formal_v1	formal	NA	NA	ENY2	0.0548058001805601	0.5435053562698402	0.0521335585637539	0.7227454677992012	0.2722914964831622	0.147991886805329	0.147991886805329	0.268194053608958	1.07516445445098	estimated	estimated	estimated	qualified_primary_context	0.148881151602389	0.0052970777139176	middle	0.9791666666666666	0.6875	Geneformer ridge	linear_embedding	NA
HCC1143	lm_g_geneformer_ridge_hcc_formal_v1	formal	NA	NA	ERC1	0.0967954150772012	1.0571364477336302	0.0180828595245295	0.1565373306756347	-0.2010279975642895	-0.2125140232401178	0.2125140232401178	-0.2016858745131375	7.022936289523969	estimated	estimated	estimated	qualified_primary_context	0.0303840215886299	0.0011727642485481	middle	0.625	0.4583333333333333	Geneformer ridge	linear_embedding	NA
HCC1143	lm_g_geneformer_ridge_hcc_formal_v1	formal	NA	NA	ETV3	0.0286596313933933	0.2986379995284909	0.0175173141097048	0.1740043215464302	0.3707157972522134	0.1107098240850106	0.1107098240850106	0.3827709015742657	1.6349555846958073	estimated	estimated	estimated	qualified_primary_context	0.1444988533493548	0.0004824127798667	middle	0.3541666666666667	0.6666666666666666	Geneformer ridge	linear_embedding	NA
HCC1143	lm_g_geneformer_ridge_hcc_formal_v1	formal	NA	NA	GON4L	0.0238237546114497	0.2246922684773412	0.0261287892924314	0.2570710799620001	0.0350549556376031	0.0078765775035856	0.0078765775035856	-0.0029924355892918	1.3048675055011372	estimated	estimated	estimated	qualified_primary_context	0.1493363288328347	0.001639764285359	middle	0.7083333333333334	0.7083333333333334	Geneformer ridge	linear_embedding	NA
HCC1143	lm_g_geneformer_ridge_hcc_formal_v1	formal	NA	NA	HDGF	0.0394652065027159	0.4477970539511649	0.0218424097035099	0.4296275389638782	0.1149897563188094	0.0514920741141252	0.0514920741141252	0.0663457846440201	1.358920727171495	estimated	estimated	estimated	qualified_primary_context	0.0196252078195258	-2.232035737835883e-06	middle	0.0833333333333333	0.3125	Geneformer ridge	linear_embedding	NA
HCC1143	lm_g_geneformer_ridge_hcc_formal_v1	formal	NA	NA	HLX	0.0631623579126151	0.6717974913536396	0.0156087695123795	0.1523967550181248	0.4103856847956763	0.2756960735331809	0.2756960735331809	0.432759263667783	4.100513858090605	estimated	estimated	estimated	qualified_primary_context	0.0236239287972883	0.0003806089003583	middle	0.2083333333333333	0.375	Geneformer ridge	linear_embedding	NA
HCC1143	lm_g_geneformer_ridge_hcc_formal_v1	formal	NA	NA	KLF3	0.0520186186587805	0.5554594648434218	0.0201118590349126	0.2031140736176738	0.0733586356404658	0.0407477484944967	0.0407477484944967	0.0715118749032545	2.842084739967933	estimated	estimated	estimated	qualified_primary_context	0.0369385703770605	0.0008195901120722	middle	0.5625	0.4791666666666667	Geneformer ridge	linear_embedding	NA
HCC1143	lm_g_geneformer_ridge_hcc_formal_v1	formal	NA	NA	LAMTOR5	0.0482630772759564	0.6179107697724854	0.0423132662042345	0.5526408290413126	0.1994261842482856	0.1232275870216476	0.1232275870216476	0.1772091454918398	1.343205474371725	estimated	estimated	estimated	qualified_primary_context	0.1226400958971878	0.0051478700974567	middle	0.9583333333333334	0.5833333333333334	Geneformer ridge	linear_embedding	NA
HCC1143	lm_g_geneformer_ridge_hcc_formal_v1	formal	NA	NA	MAML3	0.0888161461762223	0.8772319480702958	0.0157225639961825	0.1343661644316768	-0.1109879568958009	-0.0973621816400455	0.0973621816400455	-0.1149311776201428	6.713620488062586	estimated	estimated	estimated	qualified_primary_context	0.0050198572939971	0.0003873163964322	low_information	0.25	0.0625	Geneformer ridge	linear_embedding	NA
HCC1143	lm_g_geneformer_ridge_hcc_formal_v1	formal	NA	NA	MIER1	0.0294503821141192	0.3165161055158983	0.0298149725095367	0.3324632857261191	0.4959715480489217	0.1569829828351359	0.1569829828351359	0.4433778347906798	0.9808182849123818	estimated	estimated	estimated	qualified_primary_context	0.0105919574277721	0.001451416208981	middle	0.6458333333333334	0.2083333333333333	Geneformer ridge	linear_embedding	NA
HCC1143	lm_g_geneformer_ridge_hcc_formal_v1	formal	NA	NA	MTDH	0.1019357158691033	1.0300525975769828	0.0327966048832914	0.743097496021889	0.1243767477099876	0.1281145920568497	0.1281145920568497	0.1325495598525674	1.6051882582972437	estimated	estimated	estimated	qualified_primary_context	0.0123435627679496	0.0006004795018292	middle	0.4375	0.2708333333333333	Geneformer ridge	linear_embedding	NA
HCC1143	lm_g_geneformer_ridge_hcc_formal_v1	formal	NA	NA	MYBL1	0.0867186289871865	0.8045021881312353	0.0421253128752774	0.4452787693883616	0.1060965264193275	0.0853548876574724	0.0853548876574724	0.1147011293055093	1.9700065548854595	estimated	estimated	estimated	qualified_primary_context	0.0210310036855235	0.002892924147223	middle	0.8541666666666666	0.3333333333333333	Geneformer ridge	linear_embedding	NA
HCC1143	lm_g_geneformer_ridge_hcc_formal_v1	formal	NA	NA	NCOA1	0.0867689952396433	0.888838186909314	0.0133328366202502	0.1239829187041819	0.2963638042813658	0.2634194664629959	0.2634194664629959	0.3031222291070156	6.938718288498665	estimated	estimated	estimated	qualified_primary_context	0.0248991192692647	-3.731790556072735e-05	middle	0.0625	0.3958333333333333	Geneformer ridge	linear_embedding	NA
HCC1143	lm_g_geneformer_ridge_hcc_formal_v1	formal	NA	NA	NPM1	0.1077672855841897	1.0237846481191069	0.0622765200959799	1.6149969298884637	-0.0986913366516451	-0.1010386753663088	0.1010386753663088	-0.1136540108071074	1.2357122025916405	estimated	estimated	estimated	qualified_primary_context	0.1622748801750765	0.0016454699152962	middle	0.7291666666666666	0.7291666666666666	Geneformer ridge	linear_embedding	NA
HCC1143	lm_g_geneformer_ridge_hcc_formal_v1	formal	NA	NA	PA2G4	0.0932748663069981	1.0229235128053051	0.0349423497852565	0.9931797557905168	0.1742472050565116	0.1782415630929131	0.1782415630929131	0.1467827767835267	1.3045542452084815	estimated	estimated	estimated	qualified_primary_context	0.0861889371200693	0.0006252623413598	middle	0.4791666666666667	0.5625	Geneformer ridge	linear_embedding	NA
HCC1143	lm_g_geneformer_ridge_hcc_formal_v1	formal	NA	NA	PARK7	0.0734441271365648	0.7306972277376368	0.0455074229362102	1.0705967316527991	-0.0552748920444606	-0.0403892103803845	0.0403892103803845	-0.183669357708579	1.2414818138930703	estimated	estimated	estimated	qualified_primary_context	0.1318604273725387	0.0015154817356561	middle	0.6875	0.6041666666666666	Geneformer ridge	linear_embedding	NA
HCC1143	lm_g_geneformer_ridge_hcc_formal_v1	formal	NA	NA	PCBD1	0.043534607662383	0.4499006334876881	0.0205715189837919	0.3251593730636988	0.2237337405543708	0.1006579516079815	0.1006579516079815	0.2272642903666966	1.5150264640203688	estimated	estimated	estimated	qualified_primary_context	0.0111916491629234	3.5101351587623654e-05	low_information	0.1041666666666666	0.25	Geneformer ridge	linear_embedding	NA
HCC1143	lm_g_geneformer_ridge_hcc_formal_v1	formal	NA	NA	PEX14	0.0362539654210542	0.3724481963304075	0.0164337457977458	0.2097920152974949	-0.1972790879257343	-0.0734762404716476	0.0734762404716476	-0.2017318412257383	2.2027783720041927	estimated	estimated	estimated	qualified_primary_context	0.0227993432195642	0.000275420560782	middle	0.1458333333333333	0.3541666666666667	Geneformer ridge	linear_embedding	NA
HCC1143	lm_g_geneformer_ridge_hcc_formal_v1	formal	NA	NA	PFDN5	0.0923744632792974	0.931444101768155	0.0486040242042201	0.9581015414504782	-0.1113828976736242	-0.1037469430759432	0.1037469430759432	-0.1414229549805421	1.4702705511890053	estimated	estimated	estimated	qualified_primary_context	0.9694975960688984	0.0019242298235236	endpoint_anchor	0.7708333333333334	0.8958333333333334	Geneformer ridge	linear_embedding	NA
HCC1143	lm_g_geneformer_ridge_hcc_formal_v1	formal	NA	NA	PMF1	0.0392026790636174	0.3780878054861452	0.049251870029838	0.5081380428171313	0.0256929080578468	0.0097141752241485	0.0097141752241485	0.0297303022961989	1.2310152486437504	estimated	estimated	estimated	qualified_primary_context	0.9510487581740272	0.0029423176940619	endpoint_anchor	0.875	0.875	Geneformer ridge	linear_embedding	NA
HCC1143	lm_g_geneformer_ridge_hcc_formal_v1	formal	NA	NA	PRDX2	0.1250938120541466	1.3503792201629692	0.0329279186691227	0.6223894253531942	0.1656547934177112	0.2236967907516665	0.2236967907516665	0.1517952555354155	2.2335246979100534	estimated	estimated	estimated	qualified_primary_context	0.1660158727868937	0.0006112575546722	middle	0.4583333333333333	0.75	Geneformer ridge	linear_embedding	NA
HCC1143	lm_g_geneformer_ridge_hcc_formal_v1	formal	NA	NA	PRPF6	0.0271265490995498	0.2718601415273334	0.057271494449348	0.5349938290589117	-0.0462696508654697	-0.0125788738327069	0.0125788738327069	-0.0526399483322457	1.1424738697811794	estimated	estimated	estimated	qualified_primary_context	1.0	0.0025883202614396	endpoint_anchor	0.8125	0.96875	Geneformer ridge	linear_embedding	NA
HCC1143	lm_g_geneformer_ridge_hcc_formal_v1	formal	NA	NA	RORC	0.1252791181609323	1.1726642135937246	0.0146922373193131	0.1366059103875647	-0.0287025162620489	-0.0336584136605966	0.0336584136605966	-0.0326417703709422	8.670798610818535	estimated	estimated	estimated	qualified_primary_context	0.0451125018855452	5.970803625961543e-05	middle	0.125	0.5	Geneformer ridge	linear_embedding	NA
HCC1143	lm_g_geneformer_ridge_hcc_formal_v1	formal	NA	NA	RPS3	0.1126143304311574	1.0800076516125752	0.0553911704007177	1.1111548400000688	0.3457234973784216	0.3733840225109554	0.3733840225109554	0.3559775894726663	1.1281215511055929	estimated	estimated	estimated	qualified_primary_context	1.0	0.0004164407695485	middle	0.2708333333333333	0.96875	Geneformer ridge	linear_embedding	NA
HCC1143	lm_g_geneformer_ridge_hcc_formal_v1	formal	NA	NA	RUVBL2	0.0258307940512143	0.2777420170968548	0.0625006359583501	0.6779950437401298	0.5032074035410106	0.1397618392775513	0.1397618392775513	0.4615731521985285	0.8692151200456513	estimated	estimated	estimated	qualified_primary_context	1.0	0.0031427387771154	endpoint_anchor	0.8958333333333334	0.96875	Geneformer ridge	linear_embedding	NA
HCC1143	lm_g_geneformer_ridge_hcc_formal_v1	formal	NA	NA	SMAD1	0.0587151064766952	0.6866337448862024	0.0172856363118944	0.1629278015345215	0.4534604818493916	0.3113612688101496	0.3113612688101496	0.4469106498201259	3.865050549920441	estimated	estimated	estimated	qualified_primary_context	0.0296077539081418	0.0004516434159773	middle	0.3333333333333333	0.4375	Geneformer ridge	linear_embedding	NA
HCC1143	lm_g_geneformer_ridge_hcc_formal_v1	formal	NA	NA	STAT3	0.0672428052891054	0.7309480921018906	0.0187359340819158	0.2635119253234442	0.225526532764973	0.1648481888429115	0.1648481888429115	0.2196899407858142	2.7282223864156405	estimated	estimated	estimated	qualified_primary_context	0.0037329167002494	0.0005131955358154	middle	0.375	0.0416666666666666	Geneformer ridge	linear_embedding	NA
HCC1143	lm_g_geneformer_ridge_hcc_formal_v1	formal	NA	NA	TAB3	0.028429701290972	0.2963086175172492	0.0182786704025936	0.1765562206335781	0.0080708090263051	0.0023914502648302	0.0023914502648302	0.0118398528971233	1.9466619645236432	estimated	estimated	estimated	qualified_primary_context	0.0084525379475361	0.0014569268678928	middle	0.6666666666666666	0.125	Geneformer ridge	linear_embedding	NA
HCC1143	lm_g_geneformer_ridge_hcc_formal_v1	formal	NA	NA	TADA3	0.0398218789267908	0.4404566498044925	0.0441802078568138	0.522377077487936	0.0788740317090664	0.0347405917631487	0.0347405917631487	0.0600655231101502	1.2561603518717115	estimated	estimated	estimated	qualified_primary_context	0.2498577956515995	0.0047211986633615	endpoint_anchor	0.9375	0.7708333333333334	Geneformer ridge	linear_embedding	NA
HCC1143	lm_g_geneformer_ridge_hcc_formal_v1	formal	NA	NA	THAP8	0.0380648786716515	0.4426765167615791	0.0164737408288913	0.1896153969639014	0.2288568206559712	0.1013095402051147	0.1013095402051147	0.2178884973333082	2.3198681043974405	estimated	estimated	estimated	qualified_primary_context	0.0157775614105068	0.0011315266762759	middle	0.6041666666666666	0.2916666666666667	Geneformer ridge	linear_embedding	NA
HCC1143	lm_g_geneformer_ridge_hcc_formal_v1	formal	NA	NA	THRA	0.0503172544698258	0.5269372365858186	0.0235724065606285	0.2182472880492608	0.2053722111192428	0.1082182653986931	0.1082182653986931	0.2106569382304701	2.416122089815128	estimated	estimated	estimated	qualified_primary_context	0.0463338341696651	0.0004492409036489	middle	0.3125	0.5208333333333334	Geneformer ridge	linear_embedding	NA
HCC1143	lm_g_geneformer_ridge_hcc_formal_v1	formal	NA	NA	TMF1	0.0408351685510309	0.4552915495644004	0.0234922445927052	0.2206027725989307	0.0998583302201844	0.0454646539028613	0.0454646539028613	0.102121463758755	2.2016586484691265	estimated	estimated	estimated	qualified_primary_context	0.1394316818255967	0.0004469662783664	middle	0.2916666666666667	0.6458333333333334	Geneformer ridge	linear_embedding	NA
HCC1143	lm_g_geneformer_ridge_hcc_formal_v1	formal	NA	NA	TMSB4X	0.0392495022365669	0.41366459168746	0.0326708341235554	0.9597678558169462	-0.1690894529326128	-0.0699463195060252	0.0699463195060252	-0.1964103618618737	1.153915905952395	estimated	estimated	estimated	qualified_primary_context	0.0090048231316929	-0.0002807008856658	low_information	0.0208333333333333	0.1666666666666666	Geneformer ridge	linear_embedding	NA
HCC1143	lm_g_geneformer_ridge_hcc_formal_v1	formal	NA	NA	UBP1	0.0241697998409383	0.2482120918407786	0.0183189878372334	0.1683786118552329	-0.1746674769452144	-0.0433545798291226	0.0433545798291226	-0.1661893224606695	1.9204236287614072	estimated	estimated	estimated	qualified_primary_context	0.0108785135935251	0.000382982434592	low_information	0.2291666666666666	0.2291666666666666	Geneformer ridge	linear_embedding	NA
HCC1143	lm_g_geneformer_ridge_hcc_formal_v1	formal	NA	NA	VEZF1	0.0259783638228645	0.2665824079589728	0.0251359012810846	0.2905778943669515	-0.0932022989797179	-0.0248460932893253	0.0248460932893253	-0.0935299597699798	1.4186873497048085	estimated	estimated	estimated	qualified_primary_context	0.0275909199432945	0.0016981011330781	middle	0.75	0.4166666666666667	Geneformer ridge	linear_embedding	NA
HCC1143	lm_g_geneformer_ridge_hcc_formal_v1	formal	NA	NA	XBP1	0.0926299226898744	1.0036420625262288	0.0209582008396152	0.3105469418080748	0.0991283839262587	0.0994894156986421	0.0994894156986421	0.094441654082154	3.2869647127993336	estimated	estimated	estimated	qualified_primary_context	0.0085039693399301	0.0005622989990018	middle	0.4166666666666667	0.1458333333333333	Geneformer ridge	linear_embedding	NA
HCC1143	lm_g_geneformer_ridge_hcc_formal_v1	formal	NA	NA	YBX1	0.137393048534225	1.4364170705404975	0.0604986491256232	1.4790985371439562	0.2191195914360066	0.3147471216285394	0.3147471216285394	0.1998141073166739	1.231879339221809	estimated	estimated	estimated	qualified_primary_context	0.9913468022551738	0.0027372039056544	endpoint_anchor	0.8333333333333334	0.9166666666666666	Geneformer ridge	linear_embedding	NA
HCC1143	lm_g_geneformer_ridge_hcc_formal_v1	formal	NA	NA	ZBTB17	0.0213608581722356	0.3048943116988208	0.0459213452532554	0.4774290320892315	-0.0280395797121147	-0.0085491083566494	0.0085491083566494	-0.0273229201579828	1.2015177154608845	estimated	estimated	estimated	qualified_primary_context	0.7578619386258375	0.0032471002507312	endpoint_anchor	0.9166666666666666	0.8333333333333334	Geneformer ridge	linear_embedding	NA
HCC1143	lm_g_geneformer_ridge_hcc_formal_v1	formal	NA	NA	ZBTB20	0.1045707943352896	1.0257629555725023	0.0106589260898525	0.106560908466992	0.1988779985204163	0.2040016835606459	0.2040016835606459	0.2054201287034586	9.477997174555348	estimated	estimated	estimated	qualified_primary_context	0.0078803596044426	0.0003629878206648	low_information	0.1666666666666666	0.0833333333333333	Geneformer ridge	linear_embedding	NA
HCC1143	lm_g_geneformer_ridge_hcc_formal_v1	formal	NA	NA	ZBTB5	0.0227916831181397	0.2032197435249875	0.0163739924531045	0.1610885089995077	0.0840603271448654	0.0170827181230061	0.0170827181230061	0.0858472564985408	1.5425285650642782	estimated	estimated	estimated	qualified_primary_context	0.0773557703888747	0.0006902378432346	middle	0.5208333333333334	0.5416666666666666	Geneformer ridge	linear_embedding	NA
HCC1143	lm_g_geneformer_ridge_hcc_formal_v1	formal	NA	NA	ZNF131	0.0405096322794485	0.5693858100962341	0.0357574071640812	0.3552452422566548	0.1186165539949181	0.0675385826872201	0.0675385826872201	0.0856114254925882	1.7856987571127376	estimated	estimated	estimated	qualified_primary_context	0.9463812533969612	0.0010507528033756	middle	0.5833333333333334	0.8541666666666666	Geneformer ridge	linear_embedding	NA
HCC1143	lm_g_geneformer_ridge_hcc_formal_v1	formal	NA	NA	ZNF24	0.0257885461854528	0.2533736233524876	0.0170375552908257	0.1635071609381976	-0.1900390159924178	-0.0481508740603402	0.0481508740603402	-0.178068551028165	1.9975713647903897	estimated	estimated	estimated	qualified_primary_context	0.0092505619875028	0.0007716042444563	middle	0.5416666666666666	0.1875	Geneformer ridge	linear_embedding	NA
HCC1143	lm_g_geneformer_ridge_hcc_formal_v1	formal	NA	NA	ZNF566	0.0285267586193376	0.2649508978610891	0.0155839530377113	0.1692876776754505	-0.0952961309421408	-0.0252487954558081	0.0252487954558081	-0.0529302345956081	1.9359260079004832	estimated	estimated	estimated	qualified_primary_context	0.0082561267211935	0.0006522417044015	middle	0.5	0.1041666666666666	Geneformer ridge	linear_embedding	NA
HCC1143	lm_g_scgpt_ridge_hcc_formal_v1	formal	NA	NA	ARID1A	0.0538101918525636	0.6587492678302725	0.0269341304967316	0.2688712784412625	-0.2334660918515745	-0.1537956170704199	0.1537956170704199	-0.2370050434151365	2.854255768992315	estimated	estimated	estimated	qualified_primary_context	0.2654515287532237	0.0025274853359367	endpoint_anchor	0.7916666666666666	0.7916666666666666	scGPT ridge	linear_embedding	NA
HCC1143	lm_g_scgpt_ridge_hcc_formal_v1	formal	NA	NA	BMPR1A	0.0658991421533793	0.9070202534212416	0.0240331676555985	0.2519597961996969	0.3328821757992319	0.3019308754528336	0.3019308754528336	0.3285851546699612	3.4003441504550267	estimated	estimated	estimated	qualified_primary_context	0.307130270365165	0.0003716073858904	dependency_excess	0.1875	0.8125	scGPT ridge	linear_embedding	NA
HCC1143	lm_g_scgpt_ridge_hcc_formal_v1	formal	NA	NA	CDKN2A	0.1171662065095883	1.305070408450867	0.015288635648501	0.154108703969004	-0.4195532198756599	-0.5475464920300039	0.5475464920300039	-0.3998713482171798	8.934291413011989	estimated	estimated	estimated	qualified_primary_context	6.198489826465077e-05	-5.524423694538636e-05	low_information	0.0416666666666666	0.0208333333333333	scGPT ridge	linear_embedding	NA
HCC1143	lm_g_scgpt_ridge_hcc_formal_v1	formal	NA	NA	COMMD6	0.0554726939121541	0.7554419492156064	0.0241791414462827	0.4004885692732569	0.0965814396104681	0.0729616709973814	0.0729616709973814	0.0550187366817893	2.047869082091645	estimated	estimated	estimated	qualified_primary_context	0.1351756293730245	0.0005475981761952	middle	0.3958333333333333	0.625	scGPT ridge	linear_embedding	NA
HCC1143	lm_g_scgpt_ridge_hcc_formal_v1	formal	NA	NA	ENY2	0.0593780318487799	0.6835794143380471	0.0521335585637539	0.7227454677992012	0.2402486393781457	0.1642290242016256	0.1642290242016256	0.2113751225749549	1.2000402053345116	estimated	estimated	estimated	qualified_primary_context	0.148881151602389	0.0052970777139176	middle	0.9791666666666666	0.6875	scGPT ridge	linear_embedding	NA
HCC1143	lm_g_scgpt_ridge_hcc_formal_v1	formal	NA	NA	ERC1	0.0270880286546089	0.2617850311150017	0.0180828595245295	0.1565373306756347	-0.0983922687579954	-0.0257576231382874	0.0257576231382874	-0.1004190280864217	2.031217174717856	estimated	estimated	estimated	qualified_primary_context	0.0303840215886299	0.0011727642485481	middle	0.625	0.4583333333333333	scGPT ridge	linear_embedding	NA
HCC1143	lm_g_scgpt_ridge_hcc_formal_v1	formal	NA	NA	ETV3	0.0640140667590617	0.7507679382673825	0.0175173141097048	0.1740043215464302	0.0888436350327321	0.066700952701704	0.066700952701704	0.0927193883344481	4.34160748839808	estimated	estimated	estimated	qualified_primary_context	0.1444988533493548	0.0004824127798667	middle	0.3541666666666667	0.6666666666666666	scGPT ridge	linear_embedding	NA
HCC1143	lm_g_scgpt_ridge_hcc_formal_v1	formal	NA	NA	GON4L	0.0549089122749647	0.5786556467579719	0.0261287892924314	0.2570710799620001	0.0179253371063564	0.0103725975366333	0.0103725975366333	-0.0045827760036779	2.44665156382892	estimated	estimated	estimated	qualified_primary_context	0.1493363288328347	0.001639764285359	middle	0.7083333333333334	0.7083333333333334	scGPT ridge	linear_embedding	NA
HCC1143	lm_g_scgpt_ridge_hcc_formal_v1	formal	NA	NA	HDGF	0.0675226643439947	0.8620021504369215	0.0218424097035099	0.4296275389638782	0.0975337778018143	0.0840743262054008	0.0840743262054008	0.0676480654874163	2.1527272963449424	estimated	estimated	estimated	qualified_primary_context	0.0196252078195258	-2.232035737835883e-06	middle	0.0833333333333333	0.3125	scGPT ridge	linear_embedding	NA
HCC1143	lm_g_scgpt_ridge_hcc_formal_v1	formal	NA	NA	HLX	0.0599077280548362	0.6112490280433407	0.0156087695123795	0.1523967550181248	0.1291697203606482	0.0789548660230763	0.0789548660230763	0.0985232060942941	4.006393658489667	estimated	estimated	estimated	qualified_primary_context	0.0236239287972883	0.0003806089003583	middle	0.2083333333333333	0.375	scGPT ridge	linear_embedding	NA
HCC1143	lm_g_scgpt_ridge_hcc_formal_v1	formal	NA	NA	KLF3	0.0642807436155145	0.8055776789244207	0.0201118590349126	0.2031140736176738	0.2576291841727631	0.2075403202090866	0.2075403202090866	0.2573261161092329	3.83231481486257	estimated	estimated	estimated	qualified_primary_context	0.0369385703770605	0.0008195901120722	middle	0.5625	0.4791666666666667	scGPT ridge	linear_embedding	NA
HCC1143	lm_g_scgpt_ridge_hcc_formal_v1	formal	NA	NA	LAMTOR5	0.0494403386738794	0.5658535297054428	0.0423132662042345	0.5526408290413126	-0.0689629333671598	-0.0390229192646486	0.0390229192646486	-0.1149161424198632	1.4797336376390244	estimated	estimated	estimated	qualified_primary_context	0.1226400958971878	0.0051478700974567	middle	0.9583333333333334	0.5833333333333334	scGPT ridge	linear_embedding	NA
HCC1143	lm_g_scgpt_ridge_hcc_formal_v1	formal	NA	NA	MAML3	0.0495572379072817	0.5804756016703722	0.0157225639961825	0.1343661644316768	-0.2930795346749102	-0.1701255192276912	0.1701255192276912	-0.2912537083017071	4.711215638088405	estimated	estimated	estimated	qualified_primary_context	0.0050198572939971	0.0003873163964322	low_information	0.25	0.0625	scGPT ridge	linear_embedding	NA
HCC1143	lm_g_scgpt_ridge_hcc_formal_v1	formal	NA	NA	MIER1	0.047888894671582	0.6086293303228769	0.0298149725095367	0.3324632857261191	-0.2948307825477478	-0.1794426617406055	0.1794426617406055	-0.3072006452292354	2.3304103975967614	estimated	estimated	estimated	qualified_primary_context	0.0105919574277721	0.001451416208981	middle	0.6458333333333334	0.2083333333333333	scGPT ridge	linear_embedding	NA
HCC1143	lm_g_scgpt_ridge_hcc_formal_v1	formal	NA	NA	MTDH	0.0637887275882443	0.7761189414014752	0.0327966048832914	0.743097496021889	0.1110327199425741	0.0861745970627571	0.0861745970627571	0.0848235156522119	1.3634208246727704	estimated	estimated	estimated	qualified_primary_context	0.0123435627679496	0.0006004795018292	middle	0.4375	0.2708333333333333	scGPT ridge	linear_embedding	NA
HCC1143	lm_g_scgpt_ridge_hcc_formal_v1	formal	NA	NA	MYBL1	0.0617118055553955	0.6787101458294361	0.0421253128752774	0.4452787693883616	0.1335768988256826	0.0906599964814229	0.0906599964814229	0.1389168839139664	1.707656667422966	estimated	estimated	estimated	qualified_primary_context	0.0210310036855235	0.002892924147223	middle	0.8541666666666666	0.3333333333333333	scGPT ridge	linear_embedding	NA
HCC1143	lm_g_scgpt_ridge_hcc_formal_v1	formal	NA	NA	NCOA1	0.030709865610623	0.3134611453820681	0.0133328366202502	0.1239829187041819	0.1137074711090978	0.0356428741323562	0.0356428741323562	0.1114402988281647	2.610964971695616	estimated	estimated	estimated	qualified_primary_context	0.0248991192692647	-3.731790556072735e-05	middle	0.0625	0.3958333333333333	scGPT ridge	linear_embedding	NA
HCC1143	lm_g_scgpt_ridge_hcc_formal_v1	formal	NA	NA	NPM1	0.0444201832997509	0.5801497229339407	0.0622765200959799	1.6149969298884637	-0.0133670440561461	-0.0077548869056189	0.0077548869056189	-0.0537484236769152	1.0670741699916313	estimated	estimated	estimated	qualified_primary_context	0.1622748801750765	0.0016454699152962	middle	0.7291666666666666	0.7291666666666666	scGPT ridge	linear_embedding	NA
HCC1143	lm_g_scgpt_ridge_hcc_formal_v1	formal	NA	NA	PA2G4	0.0608550329440137	0.74702411146959	0.0349423497852565	0.9931797557905168	0.0948691681487703	0.0708695560421942	0.0708695560421942	0.0560103054797302	1.1929053490680916	estimated	estimated	estimated	qualified_primary_context	0.0861889371200693	0.0006252623413598	middle	0.4791666666666667	0.5625	scGPT ridge	linear_embedding	NA
HCC1143	lm_g_scgpt_ridge_hcc_formal_v1	formal	NA	NA	PARK7	0.0473145057070925	0.5732131979141533	0.0455074229362102	1.0705967316527991	-0.0418031342687724	-0.0239621082770377	0.0239621082770377	-0.1188192157767405	1.1538773304950622	estimated	estimated	estimated	qualified_primary_context	0.1318604273725387	0.0015154817356561	middle	0.6875	0.6041666666666666	scGPT ridge	linear_embedding	NA
HCC1143	lm_g_scgpt_ridge_hcc_formal_v1	formal	NA	NA	PCBD1	0.0513467979696961	0.5429387623540971	0.0205715189837919	0.3251593730636988	0.0283995887680823	0.0154192375771079	0.0154192375771079	0.0274537910170578	1.9217866689064205	estimated	estimated	estimated	qualified_primary_context	0.0111916491629234	3.5101351587623654e-05	low_information	0.1041666666666666	0.25	scGPT ridge	linear_embedding	NA
HCC1143	lm_g_scgpt_ridge_hcc_formal_v1	formal	NA	NA	PEX14	0.0441354678883806	0.4971276132777292	0.0164337457977458	0.2097920152974949	-0.0759111962595874	-0.037737551817586	0.037737551817586	-0.0780438538294272	2.6409972239423065	estimated	estimated	estimated	qualified_primary_context	0.0227993432195642	0.000275420560782	middle	0.1458333333333333	0.3541666666666667	scGPT ridge	linear_embedding	NA
HCC1143	lm_g_scgpt_ridge_hcc_formal_v1	formal	NA	NA	PFDN5	0.050703727781613	0.6413366021070677	0.0486040242042201	0.9581015414504782	0.1810391853812873	0.1161070560006663	0.1161070560006663	0.1504370706594447	1.0980456307223745	estimated	estimated	estimated	qualified_primary_context	0.9694975960688984	0.0019242298235236	endpoint_anchor	0.7708333333333334	0.8958333333333334	scGPT ridge	linear_embedding	NA
HCC1143	lm_g_scgpt_ridge_hcc_formal_v1	formal	NA	NA	PMF1	0.062468465353157	0.7541064358345978	0.049251870029838	0.5081380428171313	-0.2043138671735018	-0.1540744021657929	0.1540744021657929	-0.1930433986652533	1.9516290951790616	estimated	estimated	estimated	qualified_primary_context	0.9510487581740272	0.0029423176940619	endpoint_anchor	0.875	0.875	scGPT ridge	linear_embedding	NA
HCC1143	lm_g_scgpt_ridge_hcc_formal_v1	formal	NA	NA	PRDX2	0.0659800831111081	0.7954192686920604	0.0329279186691227	0.6223894253531942	0.2249553444874642	0.1789338156005893	0.1789338156005893	0.1957526076572541	1.4346835999840128	estimated	estimated	estimated	qualified_primary_context	0.1660158727868937	0.0006112575546722	middle	0.4583333333333333	0.75	scGPT ridge	linear_embedding	NA
HCC1143	lm_g_scgpt_ridge_hcc_formal_v1	formal	NA	NA	PRPF6	0.0422460989904886	0.4629794928123899	0.057271494449348	0.5349938290589117	0.0975628507725981	0.0451695991680283	0.0451695991680283	0.0987292570633958	1.2569977793075588	estimated	estimated	estimated	qualified_primary_context	1.0	0.0025883202614396	endpoint_anchor	0.8125	0.96875	scGPT ridge	linear_embedding	NA
HCC1143	lm_g_scgpt_ridge_hcc_formal_v1	formal	NA	NA	RORC	0.063826458962213	0.7835007776544484	0.0146922373193131	0.1366059103875647	-0.0727475063816536	-0.0569977278224475	0.0569977278224475	-0.0748040038812562	5.893236885683542	estimated	estimated	estimated	qualified_primary_context	0.0451125018855452	5.970803625961543e-05	middle	0.125	0.5	scGPT ridge	linear_embedding	NA
HCC1143	lm_g_scgpt_ridge_hcc_formal_v1	formal	NA	NA	RPS3	0.0743425031060347	1.192634619621985	0.0553911704007177	1.1111548400000688	0.0429988869741037	0.0512819612105289	0.0512819612105289	0.0266634250535799	1.4351763180420558	estimated	estimated	estimated	qualified_primary_context	1.0	0.0004164407695485	middle	0.2708333333333333	0.96875	scGPT ridge	linear_embedding	NA
HCC1143	lm_g_scgpt_ridge_hcc_formal_v1	formal	NA	NA	RUVBL2	0.0608450273923842	0.700042942168905	0.0625006359583501	0.6779950437401298	0.2499178694070693	0.1749532406003089	0.1749532406003089	0.2341673783856107	1.2449923687165807	estimated	estimated	estimated	qualified_primary_context	1.0	0.0031427387771154	endpoint_anchor	0.8958333333333334	0.96875	scGPT ridge	linear_embedding	NA
HCC1143	lm_g_scgpt_ridge_hcc_formal_v1	formal	NA	NA	SMAD1	0.0623104744695093	0.6060591405575586	0.0172856363118944	0.1629278015345215	0.17628881364067	0.1068414468849761	0.1068414468849761	0.1824620485001111	3.677690446900557	estimated	estimated	estimated	qualified_primary_context	0.0296077539081418	0.0004516434159773	middle	0.3333333333333333	0.4375	scGPT ridge	linear_embedding	NA
HCC1143	lm_g_scgpt_ridge_hcc_formal_v1	formal	NA	NA	STAT3	0.0912433466884164	1.3108734450015125	0.0187359340819158	0.2635119253234442	-0.0004766808847041	-0.0006248683134984	0.0006248683134984	-0.0041781900422441	5.074608642690311	estimated	estimated	estimated	qualified_primary_context	0.0037329167002494	0.0005131955358154	middle	0.375	0.0416666666666666	scGPT ridge	linear_embedding	NA
HCC1143	lm_g_scgpt_ridge_hcc_formal_v1	formal	NA	NA	TAB3	0.0585914578204465	0.6102350983008071	0.0182786704025936	0.1765562206335781	0.1579888036551243	0.0964103131289117	0.0964103131289117	0.1499475492826345	3.442969575071132	estimated	estimated	estimated	qualified_primary_context	0.0084525379475361	0.0014569268678928	middle	0.6666666666666666	0.125	scGPT ridge	linear_embedding	NA
HCC1143	lm_g_scgpt_ridge_hcc_formal_v1	formal	NA	NA	TADA3	0.0883794977426424	1.097805455042709	0.0441802078568138	0.522377077487936	0.1289245128021288	0.1415340334429006	0.1415340334429006	0.1120597886869527	2.2078630611531684	estimated	estimated	estimated	qualified_primary_context	0.2498577956515995	0.0047211986633615	endpoint_anchor	0.9375	0.7708333333333334	scGPT ridge	linear_embedding	NA
HCC1143	lm_g_scgpt_ridge_hcc_formal_v1	formal	NA	NA	THAP8	0.0532975122457551	0.6913281243022247	0.0164737408288913	0.1896153969639014	-0.1956043040385643	-0.1352267566164227	0.1352267566164227	-0.1944510956539158	3.9647538470991273	estimated	estimated	estimated	qualified_primary_context	0.0157775614105068	0.0011315266762759	middle	0.6041666666666666	0.2916666666666667	scGPT ridge	linear_embedding	NA
HCC1143	lm_g_scgpt_ridge_hcc_formal_v1	formal	NA	NA	THRA	0.0588150826781701	0.6310688022978188	0.0235724065606285	0.2182472880492608	-0.0713406232775842	-0.0450208416869649	0.0450208416869649	-0.0410742790581038	3.126262762372287	estimated	estimated	estimated	qualified_primary_context	0.0463338341696651	0.0004492409036489	middle	0.3125	0.5208333333333334	scGPT ridge	linear_embedding	NA
HCC1143	lm_g_scgpt_ridge_hcc_formal_v1	formal	NA	NA	TMF1	0.0389157867950372	0.4249274017862772	0.0234922445927052	0.2206027725989307	-0.14905788757849	-0.0633387808844787	0.0633387808844787	-0.1479985442211559	2.2988086250673896	estimated	estimated	estimated	qualified_primary_context	0.1394316818255967	0.0004469662783664	middle	0.2916666666666667	0.6458333333333334	scGPT ridge	linear_embedding	NA
HCC1143	lm_g_scgpt_ridge_hcc_formal_v1	formal	NA	NA	TMSB4X	0.0754611993270471	0.8989933406124078	0.0326708341235554	0.9597678558169462	0.139139171457135	0.1250851885582924	0.1250851885582924	0.1197317949765191	1.2714984530275175	estimated	estimated	estimated	qualified_primary_context	0.0090048231316929	-0.0002807008856658	low_information	0.0208333333333333	0.1666666666666666	scGPT ridge	linear_embedding	NA
HCC1143	lm_g_scgpt_ridge_hcc_formal_v1	formal	NA	NA	UBP1	0.0360595466481174	0.398338863154164	0.0183189878372334	0.1683786118552329	-0.1070458173386952	-0.0426405091841041	0.0426405091841041	-0.1368624579732843	2.6651786046786885	estimated	estimated	estimated	qualified_primary_context	0.0108785135935251	0.000382982434592	low_information	0.2291666666666666	0.2291666666666666	scGPT ridge	linear_embedding	NA
HCC1143	lm_g_scgpt_ridge_hcc_formal_v1	formal	NA	NA	VEZF1	0.0355674598325667	0.3708107055563174	0.0251359012810846	0.2905778943669515	0.1019106389042047	0.0377895559157632	0.0377895559157632	0.1045485125632908	1.538950701569802	estimated	estimated	estimated	qualified_primary_context	0.0275909199432945	0.0016981011330781	middle	0.75	0.4166666666666667	scGPT ridge	linear_embedding	NA
HCC1143	lm_g_scgpt_ridge_hcc_formal_v1	formal	NA	NA	XBP1	0.0543323303390224	0.6189541289697184	0.0209582008396152	0.3105469418080748	-0.1122763734566921	-0.0694939249367656	0.0694939249367656	-0.1262424640700189	2.328098930127477	estimated	estimated	estimated	qualified_primary_context	0.0085039693399301	0.0005622989990018	middle	0.4166666666666667	0.1458333333333333	scGPT ridge	linear_embedding	NA
HCC1143	lm_g_scgpt_ridge_hcc_formal_v1	formal	NA	NA	YBX1	0.0372602458594193	0.4839371006970899	0.0604986491256232	1.4790985371439562	0.1425287839158111	0.0689749664540996	0.0689749664540996	0.1091421733054095	1.0068679287269953	estimated	estimated	estimated	qualified_primary_context	0.9913468022551738	0.0027372039056544	endpoint_anchor	0.8333333333333334	0.9166666666666666	scGPT ridge	linear_embedding	NA
HCC1143	lm_g_scgpt_ridge_hcc_formal_v1	formal	NA	NA	ZBTB17	0.0657505957438893	0.8708868032416693	0.0459213452532554	0.4774290320892315	-0.1222297225604562	-0.1064482523417918	0.1064482523417918	-0.121233109553527	2.1847948725748254	estimated	estimated	estimated	qualified_primary_context	0.7578619386258375	0.0032471002507312	endpoint_anchor	0.9166666666666666	0.8333333333333334	scGPT ridge	linear_embedding	NA
HCC1143	lm_g_scgpt_ridge_hcc_formal_v1	formal	NA	NA	ZBTB20	0.0352541734387417	0.3312135027593905	0.0106589260898525	0.106560908466992	0.2121390181005067	0.0702633072570065	0.0702633072570065	0.2111951955629007	3.056503633933935	estimated	estimated	estimated	qualified_primary_context	0.0078803596044426	0.0003629878206648	low_information	0.1666666666666666	0.0833333333333333	scGPT ridge	linear_embedding	NA
HCC1143	lm_g_scgpt_ridge_hcc_formal_v1	formal	NA	NA	ZBTB5	0.0754727825861221	0.9929135546739636	0.0163739924531045	0.1610885089995077	-0.0066269549576302	-0.0065799934036448	0.0065799934036448	-0.0087461569600756	6.25090665408614	estimated	estimated	estimated	qualified_primary_context	0.0773557703888747	0.0006902378432346	middle	0.5208333333333334	0.5416666666666666	scGPT ridge	linear_embedding	NA
HCC1143	lm_g_scgpt_ridge_hcc_formal_v1	formal	NA	NA	ZNF131	0.0590511345284806	0.7315158907239241	0.0357574071640812	0.3552452422566548	-0.1272340864326515	-0.0930737560672258	0.0930737560672258	-0.1544647007170819	2.400883706956247	estimated	estimated	estimated	qualified_primary_context	0.9463812533969612	0.0010507528033756	middle	0.5833333333333334	0.8541666666666666	scGPT ridge	linear_embedding	NA
HCC1143	lm_g_scgpt_ridge_hcc_formal_v1	formal	NA	NA	ZNF24	0.04153061165112	0.4859234759890876	0.0170375552908257	0.1635071609381976	0.1057298733049315	0.0513766275522181	0.0513766275522181	0.1092979999467782	3.0337487108719623	estimated	estimated	estimated	qualified_primary_context	0.0092505619875028	0.0007716042444563	middle	0.5416666666666666	0.1875	scGPT ridge	linear_embedding	NA
HCC1143	lm_g_scgpt_ridge_hcc_formal_v1	formal	NA	NA	ZNF566	0.0638266397664933	0.7138041280211123	0.0155839530377113	0.1692876776754505	-0.1825769114026205	-0.1303241530405354	0.1303241530405354	-0.1663008078778272	4.507624684313704	estimated	estimated	estimated	qualified_primary_context	0.0082561267211935	0.0006522417044015	middle	0.5	0.1041666666666666	scGPT ridge	linear_embedding	NA
HCC1143	lm_train_lowrank_hcc_formal_v1	formal	NA	NA	ARID1A	0.0511647297545549	0.587649516763363	0.0269341304967316	0.2688712784412625	0.3026269515162538	0.1778385818180962	0.1778385818180962	0.3136019874902075	2.1104660071116714	estimated	estimated	estimated	qualified_primary_context	0.2654515287532237	0.0025274853359367	endpoint_anchor	0.7916666666666666	0.7916666666666666	Linear low-rank	linear	NA
HCC1143	lm_train_lowrank_hcc_formal_v1	formal	NA	NA	BMPR1A	0.0553699779865042	0.6063906747508712	0.0240331676555985	0.2519597961996969	-0.3118862065666367	-0.1891248872454324	0.1891248872454324	-0.2948480283133514	2.879829351614213	estimated	estimated	estimated	qualified_primary_context	0.307130270365165	0.0003716073858904	dependency_excess	0.1875	0.8125	Linear low-rank	linear	NA
HCC1143	lm_train_lowrank_hcc_formal_v1	formal	NA	NA	CDKN2A	0.046466820807886	0.4543507440953706	0.015288635648501	0.154108703969004	-0.0509865866751111	-0.0231657935947198	0.0231657935947198	-0.0299282304508572	3.161140780868454	estimated	estimated	estimated	qualified_primary_context	6.198489826465077e-05	-5.524423694538636e-05	low_information	0.0416666666666666	0.0208333333333333	Linear low-rank	linear	NA
HCC1143	lm_train_lowrank_hcc_formal_v1	formal	NA	NA	COMMD6	0.0553415796101293	0.7784165620984055	0.0241791414462827	0.4004885692732569	-0.1363994118563123	-0.1061755612494351	0.1061755612494351	-0.112678104480402	2.3039255621808263	estimated	estimated	estimated	qualified_primary_context	0.1351756293730245	0.0005475981761952	middle	0.3958333333333333	0.625	Linear low-rank	linear	NA
HCC1143	lm_train_lowrank_hcc_formal_v1	formal	NA	NA	ENY2	0.0373954888827583	0.388947361331073	0.0521335585637539	0.7227454677992012	0.1197545980905113	0.0465782349345675	0.0465782349345675	0.093744775676829	1.0773651814993406	estimated	estimated	estimated	qualified_primary_context	0.148881151602389	0.0052970777139176	middle	0.9791666666666666	0.6875	Linear low-rank	linear	NA
HCC1143	lm_train_lowrank_hcc_formal_v1	formal	NA	NA	ERC1	0.0392184677856855	0.4538903449125188	0.0180828595245295	0.1565373306756347	-0.0225289460107925	-0.0102256710753541	0.0102256710753541	-0.0279578196830232	3.0883866637055752	estimated	estimated	estimated	qualified_primary_context	0.0303840215886299	0.0011727642485481	middle	0.625	0.4583333333333333	Linear low-rank	linear	NA
HCC1143	lm_train_lowrank_hcc_formal_v1	formal	NA	NA	ETV3	0.0413201141505093	0.4819880596828999	0.0175173141097048	0.1740043215464302	0.2106029994154436	0.1015081310516486	0.1015081310516486	0.1923465896280072	2.7397161041590765	estimated	estimated	estimated	qualified_primary_context	0.1444988533493548	0.0004824127798667	middle	0.3541666666666667	0.6666666666666666	Linear low-rank	linear	NA
HCC1143	lm_train_lowrank_hcc_formal_v1	formal	NA	NA	GON4L	0.0644515428727667	0.8489072350662342	0.0261287892924314	0.2570710799620001	-0.323883459947387	-0.2749470124676217	0.2749470124676217	-0.3536868862189564	3.747503365962595	estimated	estimated	estimated	qualified_primary_context	0.1493363288328347	0.001639764285359	middle	0.7083333333333334	0.7083333333333334	Linear low-rank	linear	NA
HCC1143	lm_train_lowrank_hcc_formal_v1	formal	NA	NA	HDGF	0.0261294686137142	0.3110465123601367	0.0218424097035099	0.4296275389638782	-0.2494424133282538	-0.077588192700449	0.077588192700449	-0.2288740680079578	1.3730809435333973	estimated	estimated	estimated	qualified_primary_context	0.0196252078195258	-2.232035737835883e-06	middle	0.0833333333333333	0.3125	Linear low-rank	linear	NA
HCC1143	lm_train_lowrank_hcc_formal_v1	formal	NA	NA	HLX	0.0601701220192512	0.843072759824372	0.0156087695123795	0.1523967550181248	-0.2598326946942954	-0.2190578670085231	0.2190578670085231	-0.1993535443512434	5.871871109052123	estimated	estimated	estimated	qualified_primary_context	0.0236239287972883	0.0003806089003583	middle	0.2083333333333333	0.375	Linear low-rank	linear	NA
HCC1143	lm_train_lowrank_hcc_formal_v1	formal	NA	NA	KLF3	0.0673808348517186	1.2259683626654256	0.0201118590349126	0.2031140736176738	-0.434984582863671	-0.5332773368380779	0.5332773368380779	-0.4379865862832701	6.533194775540061	estimated	estimated	estimated	qualified_primary_context	0.0369385703770605	0.0008195901120722	middle	0.5625	0.4791666666666667	Linear low-rank	linear	NA
HCC1143	lm_train_lowrank_hcc_formal_v1	formal	NA	NA	LAMTOR5	0.041907294635979	0.4102533132511667	0.0423132662042345	0.5526408290413126	-0.1073973621161962	-0.0440601236426048	0.0440601236426048	-0.1624034884785913	1.3078752222960277	estimated	estimated	estimated	qualified_primary_context	0.1226400958971878	0.0051478700974567	middle	0.9583333333333334	0.5833333333333334	Linear low-rank	linear	NA
HCC1143	lm_train_lowrank_hcc_formal_v1	formal	NA	NA	MAML3	0.0395568777341705	0.4298990350770856	0.0157225639961825	0.1343661644316768	-0.1886325525004189	-0.0810929523040577	0.0810929523040577	-0.1983547997219921	3.527546197886353	estimated	estimated	estimated	qualified_primary_context	0.0050198572939971	0.0003873163964322	low_information	0.25	0.0625	Linear low-rank	linear	NA
HCC1143	lm_train_lowrank_hcc_formal_v1	formal	NA	NA	MIER1	0.0424295762470666	0.5142713650894215	0.0298149725095367	0.3324632857261191	0.4991418762052889	0.256694374049389	0.256694374049389	0.4939848450875727	1.3596150375655411	estimated	estimated	estimated	qualified_primary_context	0.0105919574277721	0.001451416208981	middle	0.6458333333333334	0.2083333333333333	Linear low-rank	linear	NA
HCC1143	lm_train_lowrank_hcc_formal_v1	formal	NA	NA	MTDH	0.0572100936982285	0.8599495280154957	0.0327966048832914	0.743097496021889	-0.0190832315330504	-0.0164106159498571	0.0164106159498571	0.0053003458887688	1.5438249725723323	estimated	estimated	estimated	qualified_primary_context	0.0123435627679496	0.0006004795018292	middle	0.4375	0.2708333333333333	Linear low-rank	linear	NA
HCC1143	lm_train_lowrank_hcc_formal_v1	formal	NA	NA	MYBL1	0.0578383509076492	0.7192728813123783	0.0421253128752774	0.4452787693883616	0.2237216532432698	0.1609169181402554	0.1609169181402554	0.2218384078804414	1.698978209168297	estimated	estimated	estimated	qualified_primary_context	0.0210310036855235	0.002892924147223	middle	0.8541666666666666	0.3333333333333333	Linear low-rank	linear	NA
HCC1143	lm_train_lowrank_hcc_formal_v1	formal	NA	NA	NCOA1	0.0655474851165861	0.8245524163894676	0.0133328366202502	0.1239829187041819	0.2474560048095209	0.2040404467157741	0.2040404467157741	0.2571795723007464	6.475967317202207	estimated	estimated	estimated	qualified_primary_context	0.0248991192692647	-3.731790556072735e-05	middle	0.0625	0.3958333333333333	Linear low-rank	linear	NA
HCC1143	lm_train_lowrank_hcc_formal_v1	formal	NA	NA	NPM1	0.0425431436286995	0.4573423984049474	0.0622765200959799	1.6149969298884637	0.1022884773681514	0.0467808575687405	0.0467808575687405	0.1062463618390945	1.0110689915519857	estimated	estimated	estimated	qualified_primary_context	0.1622748801750765	0.0016454699152962	middle	0.7291666666666666	0.7291666666666666	Linear low-rank	linear	NA
HCC1143	lm_train_lowrank_hcc_formal_v1	formal	NA	NA	PA2G4	0.0538041508624077	0.7645378474960096	0.0349423497852565	0.9931797557905168	0.1479723783521869	0.1131304836342461	0.1131304836342461	0.1122303688555209	1.1682289285942609	estimated	estimated	estimated	qualified_primary_context	0.0861889371200693	0.0006252623413598	middle	0.4791666666666667	0.5625	Linear low-rank	linear	NA
HCC1143	lm_train_lowrank_hcc_formal_v1	formal	NA	NA	PARK7	0.0484837703807077	0.6361131204645313	0.0455074229362102	1.0705967316527991	0.0465855781840723	0.0296336975073146	0.0296336975073146	0.0610811022504806	1.1391554181495511	estimated	estimated	estimated	qualified_primary_context	0.1318604273725387	0.0015154817356561	middle	0.6875	0.6041666666666666	Linear low-rank	linear	NA
HCC1143	lm_train_lowrank_hcc_formal_v1	formal	NA	NA	PCBD1	0.0652737385469306	0.8096220542755675	0.0205715189837919	0.3251593730636988	0.0532082142441778	0.0430785437207057	0.0430785437207057	0.0558783258232972	2.6333916570198013	estimated	estimated	estimated	qualified_primary_context	0.0111916491629234	3.5101351587623654e-05	low_information	0.1041666666666666	0.25	Linear low-rank	linear	NA
HCC1143	lm_train_lowrank_hcc_formal_v1	formal	NA	NA	PEX14	0.041203816502761	0.553646475403509	0.0164337457977458	0.2097920152974949	0.0911767369355272	0.0504796790431475	0.0504796790431475	0.0950812851417372	2.7355474876904102	estimated	estimated	estimated	qualified_primary_context	0.0227993432195642	0.000275420560782	middle	0.1458333333333333	0.3541666666666667	Linear low-rank	linear	NA
HCC1143	lm_train_lowrank_hcc_formal_v1	formal	NA	NA	PFDN5	0.0508972920197494	0.7619458597626372	0.0486040242042201	0.9581015414504782	0.1071461284330918	0.0816395489491901	0.0816395489491901	0.0962369271768772	1.2091439393221683	estimated	estimated	estimated	qualified_primary_context	0.9694975960688984	0.0019242298235236	endpoint_anchor	0.7708333333333334	0.8958333333333334	Linear low-rank	linear	NA
HCC1143	lm_train_lowrank_hcc_formal_v1	formal	NA	NA	PMF1	0.0364639476905556	0.4088544503610959	0.049251870029838	0.5081380428171313	0.456640325938819	0.1866994294744275	0.1866994294744275	0.4295193656306293	0.9552824508031268	estimated	estimated	estimated	qualified_primary_context	0.9510487581740272	0.0029423176940619	endpoint_anchor	0.875	0.875	Linear low-rank	linear	NA
HCC1143	lm_train_lowrank_hcc_formal_v1	formal	NA	NA	PRDX2	0.0548576911905272	0.6674104981812267	0.0329279186691227	0.6223894253531942	0.0003769660044216	0.0002515910688084	0.0002515910688084	-0.0409804500476966	1.4659794415721266	estimated	estimated	estimated	qualified_primary_context	0.1660158727868937	0.0006112575546722	middle	0.4583333333333333	0.75	Linear low-rank	linear	NA
HCC1143	lm_train_lowrank_hcc_formal_v1	formal	NA	NA	PRPF6	0.0479171322811749	0.5124478371414944	0.057271494449348	0.5349938290589117	0.4876228295450366	0.2498812643411697	0.2498812643411697	0.4892415000769272	0.9916373308606276	estimated	estimated	estimated	qualified_primary_context	1.0	0.0025883202614396	endpoint_anchor	0.8125	0.96875	Linear low-rank	linear	NA
HCC1143	lm_train_lowrank_hcc_formal_v1	formal	NA	NA	RORC	0.0516196273793702	0.7434588338754046	0.0146922373193131	0.1366059103875647	-0.0009153123853404	-0.0006804970786369	0.0006804970786369	-0.0071391824899907	5.534371555351409	estimated	estimated	estimated	qualified_primary_context	0.0451125018855452	5.970803625961543e-05	middle	0.125	0.5	Linear low-rank	linear	NA
HCC1143	lm_train_lowrank_hcc_formal_v1	formal	NA	NA	RPS3	0.0524915124835044	0.616004098714057	0.0553911704007177	1.1111548400000688	-0.0065724628200602	-0.0040486640358028	0.0040486640358028	-0.0142002429912731	1.146571657989019	estimated	estimated	estimated	qualified_primary_context	1.0	0.0004164407695485	middle	0.2708333333333333	0.96875	Linear low-rank	linear	NA
HCC1143	lm_train_lowrank_hcc_formal_v1	formal	NA	NA	RUVBL2	0.0554258146361935	0.9494069431212424	0.0625006359583501	0.6779950437401298	0.2789570198637495	0.2648437314910542	0.2648437314910542	0.2403040506977902	1.4763562366590712	estimated	estimated	estimated	qualified_primary_context	1.0	0.0031427387771154	endpoint_anchor	0.8958333333333334	0.96875	Linear low-rank	linear	NA
HCC1143	lm_train_lowrank_hcc_formal_v1	formal	NA	NA	SMAD1	0.0650686343193803	0.8916254701541381	0.0172856363118944	0.1629278015345215	0.2776220726377839	0.2475349110408303	0.2475349110408303	0.2474355235793708	5.28298010931121	estimated	estimated	estimated	qualified_primary_context	0.0296077539081418	0.0004516434159773	middle	0.3333333333333333	0.4375	Linear low-rank	linear	NA
HCC1143	lm_train_lowrank_hcc_formal_v1	formal	NA	NA	STAT3	0.0367383601349056	0.4288450085998816	0.0187359340819158	0.2635119253234442	0.1717083225877967	0.0736362570768349	0.0736362570768349	0.1710646169828582	1.7577307821814698	estimated	estimated	estimated	qualified_primary_context	0.0037329167002494	0.0005131955358154	middle	0.375	0.0416666666666666	Linear low-rank	linear	NA
HCC1143	lm_train_lowrank_hcc_formal_v1	formal	NA	NA	TAB3	0.0410763709285224	0.4956682763589699	0.0182786704025936	0.1765562206335781	-0.2487178089360433	-0.1232815276551082	0.1232815276551082	-0.2432293180898813	3.2059547485759605	estimated	estimated	estimated	qualified_primary_context	0.0084525379475361	0.0014569268678928	middle	0.6666666666666666	0.125	Linear low-rank	linear	NA
HCC1143	lm_train_lowrank_hcc_formal_v1	formal	NA	NA	TADA3	0.0510618494667931	0.6385503228754607	0.0441802078568138	0.522377077487936	-0.022239326963013	-0.0142009294127649	0.0142009294127649	-0.0267228720313135	1.5964385942751989	estimated	estimated	estimated	qualified_primary_context	0.2498577956515995	0.0047211986633615	endpoint_anchor	0.9375	0.7708333333333334	Linear low-rank	linear	NA
HCC1143	lm_train_lowrank_hcc_formal_v1	formal	NA	NA	THAP8	0.0244396158134021	0.2658131837479536	0.0164737408288913	0.1896153969639014	0.1209896872274507	0.0321606539625978	0.0321606539625978	0.1491493186488292	1.6204863400686704	estimated	estimated	estimated	qualified_primary_context	0.0157775614105068	0.0011315266762759	middle	0.6041666666666666	0.2916666666666667	Linear low-rank	linear	NA
HCC1143	lm_train_lowrank_hcc_formal_v1	formal	NA	NA	THRA	0.0382081417011122	0.4317637866619099	0.0235724065606285	0.2182472880492608	0.3162436087097542	0.1365425380041508	0.1365425380041508	0.2896159852172124	1.9137659926429853	estimated	estimated	estimated	qualified_primary_context	0.0463338341696651	0.0004492409036489	middle	0.3125	0.5208333333333334	Linear low-rank	linear	NA
HCC1143	lm_train_lowrank_hcc_formal_v1	formal	NA	NA	TMF1	0.0329532626141981	0.3371044011093647	0.0234922445927052	0.2206027725989307	-0.0388193059774076	-0.0130861588929951	0.0130861588929951	-0.0671032103420144	1.8584261356319427	estimated	estimated	estimated	qualified_primary_context	0.1394316818255967	0.0004469662783664	middle	0.2916666666666667	0.6458333333333334	Linear low-rank	linear	NA
HCC1143	lm_train_lowrank_hcc_formal_v1	formal	NA	NA	TMSB4X	0.0496600568785303	0.5970896664551603	0.0326708341235554	0.9597678558169462	-0.0042092184326463	-0.0025132808299857	0.0025132808299857	0.004775871929632	1.1799445414889564	estimated	estimated	estimated	qualified_primary_context	0.0090048231316929	-0.0002807008856658	low_information	0.0208333333333333	0.1666666666666666	Linear low-rank	linear	NA
HCC1143	lm_train_lowrank_hcc_formal_v1	formal	NA	NA	UBP1	0.0375055882554033	0.4140184791910341	0.0183189878372334	0.1683786118552329	-0.1728032282647791	-0.0715437297654849	0.0715437297654849	-0.1824617428269976	2.80993960064232	estimated	estimated	estimated	qualified_primary_context	0.0108785135935251	0.000382982434592	low_information	0.2291666666666666	0.2291666666666666	Linear low-rank	linear	NA
HCC1143	lm_train_lowrank_hcc_formal_v1	formal	NA	NA	VEZF1	0.0413258716472497	0.5581210120563272	0.0251359012810846	0.2905778943669515	-0.1654337669318425	-0.0923320614282905	0.0923320614282905	-0.1664109357485036	2.3075314416238446	estimated	estimated	estimated	qualified_primary_context	0.0275909199432945	0.0016981011330781	middle	0.75	0.4166666666666667	Linear low-rank	linear	NA
HCC1143	lm_train_lowrank_hcc_formal_v1	formal	NA	NA	XBP1	0.0484561763410116	0.6719367360044443	0.0209582008396152	0.3105469418080748	-0.0471434529522451	-0.0316774179007106	0.0316774179007106	-0.0558769434488189	2.426045388495324	estimated	estimated	estimated	qualified_primary_context	0.0085039693399301	0.0005622989990018	middle	0.4166666666666667	0.1458333333333333	Linear low-rank	linear	NA
HCC1143	lm_train_lowrank_hcc_formal_v1	formal	NA	NA	YBX1	0.0513461678145567	0.6794363630688949	0.0604986491256232	1.4790985371439562	0.1302027866815846	0.0884645078443709	0.0884645078443709	0.097557629627065	1.0446964456315264	estimated	estimated	estimated	qualified_primary_context	0.9913468022551738	0.0027372039056544	endpoint_anchor	0.8333333333333334	0.9166666666666666	Linear low-rank	linear	NA
HCC1143	lm_train_lowrank_hcc_formal_v1	formal	NA	NA	ZBTB17	0.0242390695310438	0.246215164889054	0.0459213452532554	0.4774290320892315	-0.0181779797641066	-0.0044756942849694	0.0044756942849694	-0.0149812390154919	1.1334489269290402	estimated	estimated	estimated	qualified_primary_context	0.7578619386258375	0.0032471002507312	endpoint_anchor	0.9166666666666666	0.8333333333333334	Linear low-rank	linear	NA
HCC1143	lm_train_lowrank_hcc_formal_v1	formal	NA	NA	ZBTB20	0.0244972833479838	0.2854084953824438	0.0106589260898525	0.106560908466992	0.0013638576105467	0.000389256548542	0.000389256548542	-0.0016633909229805	2.857675195033771	estimated	estimated	estimated	qualified_primary_context	0.0078803596044426	0.0003629878206648	low_information	0.1666666666666666	0.0833333333333333	Linear low-rank	linear	NA
HCC1143	lm_train_lowrank_hcc_formal_v1	formal	NA	NA	ZBTB5	0.0353478588535158	0.4020054618067871	0.0163739924531045	0.1610885089995077	0.1631912628161931	0.0656037789712564	0.0656037789712564	0.1615156386658957	2.5324485796929577	estimated	estimated	estimated	qualified_primary_context	0.0773557703888747	0.0006902378432346	middle	0.5208333333333334	0.5416666666666666	Linear low-rank	linear	NA
HCC1143	lm_train_lowrank_hcc_formal_v1	formal	NA	NA	ZNF131	0.0278895069788861	0.3040022896561111	0.0357574071640812	0.3552452422566548	0.1517674625953966	0.0461376561242987	0.0461376561242987	0.1099995712370635	1.2134919454447362	estimated	estimated	estimated	qualified_primary_context	0.9463812533969612	0.0010507528033756	middle	0.5833333333333334	0.8541666666666666	Linear low-rank	linear	NA
HCC1143	lm_train_lowrank_hcc_formal_v1	formal	NA	NA	ZNF24	0.0314485948826971	0.3802672784092937	0.0170375552908257	0.1635071609381976	-0.0780654858429075	-0.0296857498391816	0.0296857498391816	-0.0581183730908141	2.602298082356626	estimated	estimated	estimated	qualified_primary_context	0.0092505619875028	0.0007716042444563	middle	0.5416666666666666	0.1875	Linear low-rank	linear	NA
HCC1143	lm_train_lowrank_hcc_formal_v1	formal	NA	NA	ZNF566	0.0291883846212069	0.2884282011007016	0.0155839530377113	0.1692876776754505	-0.1873280492563545	-0.0540306922627139	0.0540306922627139	-0.2099127127785641	2.131004672097432	estimated	estimated	estimated	qualified_primary_context	0.0082561267211935	0.0006522417044015	middle	0.5	0.1041666666666666	Linear low-rank	linear	NA
HCC1143	scgen_hcc_formal_v1	formal	NA	NA	ARID1A	0.0563282652129776	0.6223255158312025	0.0269341304967316	0.2688712784412625	0.6024196836871369	0.3749011403974673	0.3749011403974673	0.5811653636129971	1.889074300699961	estimated	estimated	estimated	qualified_primary_context	0.2654515287532237	0.0025274853359367	endpoint_anchor	0.7916666666666666	0.7916666666666666	scGen	scGen	NA
HCC1143	scgen_hcc_formal_v1	formal	NA	NA	BMPR1A	0.0492652438642813	0.5218275580708269	0.0240331676555985	0.2519597961996969	0.225410899337979	0.1176256191640865	0.1176256191640865	0.3389010903842464	2.0870229450439326	estimated	estimated	estimated	qualified_primary_context	0.307130270365165	0.0003716073858904	dependency_excess	0.1875	0.8125	scGen	scGen	NA
HCC1143	scgen_hcc_formal_v1	formal	NA	NA	CDKN2A	0.0507873879900455	0.5008740288940876	0.015288635648501	0.154108703969004	-0.2268067576028201	-0.1136016144609293	0.1136016144609293	-0.1377901235094902	3.610772743750401	estimated	estimated	estimated	qualified_primary_context	6.198489826465077e-05	-5.524423694538636e-05	low_information	0.0416666666666666	0.0208333333333333	scGen	scGen	NA
HCC1143	scgen_hcc_formal_v1	formal	NA	NA	COMMD6	0.0608734920267457	0.6978584272241855	0.0241791414462827	0.4004885692732569	0.7177335098632965	0.5008763783592944	0.5008763783592944	0.7311867839299501	1.2389678280897658	estimated	estimated	estimated	qualified_primary_context	0.1351756293730245	0.0005475981761952	middle	0.3958333333333333	0.625	scGen	scGen	NA
HCC1143	scgen_hcc_formal_v1	formal	NA	NA	ENY2	0.0811919464622708	1.0729057537933542	0.0521335585637539	0.7227454677992012	0.881732512839566	0.9460158863322428	0.9460158863322428	0.9013610167179192	0.7654148664913848	estimated	estimated	estimated	qualified_primary_context	0.148881151602389	0.0052970777139176	middle	0.9791666666666666	0.6875	scGen	scGen	NA
HCC1143	scgen_hcc_formal_v1	formal	NA	NA	ERC1	0.0554724991438572	0.5883089527917809	0.0180828595245295	0.1565373306756347	0.554857994060714	0.3264279254340068	0.3264279254340068	0.6212129162271633	3.3096761910544887	estimated	estimated	estimated	qualified_primary_context	0.0303840215886299	0.0011727642485481	middle	0.625	0.4583333333333333	scGen	scGen	NA
HCC1143	scgen_hcc_formal_v1	formal	NA	NA	ETV3	0.0469839676037438	0.4828624236768481	0.0175173141097048	0.1740043215464302	-0.3440504043225773	-0.1661290120981992	0.1661290120981992	-0.2569532328132198	3.2573179472198484	estimated	estimated	estimated	qualified_primary_context	0.1444988533493548	0.0004824127798667	middle	0.3541666666666667	0.6666666666666666	scGen	scGen	NA
HCC1143	scgen_hcc_formal_v1	formal	NA	NA	GON4L	0.0542543402801099	0.5228663444842635	0.0261287892924314	0.2570710799620001	0.0953033451836448	0.0498309117132943	0.0498309117132943	-0.0019318888871355	2.179269870106096	estimated	estimated	estimated	qualified_primary_context	0.1493363288328347	0.001639764285359	middle	0.7083333333333334	0.7083333333333334	scGen	scGen	NA
HCC1143	scgen_hcc_formal_v1	formal	NA	NA	HDGF	0.0589057240881338	0.6605389915486876	0.0218424097035099	0.4296275389638782	0.5355425925563859	0.3537467640185648	0.3537467640185648	0.5450893287166065	1.3103627406870513	estimated	estimated	estimated	qualified_primary_context	0.0196252078195258	-2.232035737835883e-06	middle	0.0833333333333333	0.3125	scGen	scGen	NA
HCC1143	scgen_hcc_formal_v1	formal	NA	NA	HLX	0.0445318251185352	0.4648217099412716	0.0156087695123795	0.1523967550181248	-0.4280504234550096	-0.1989671297714429	0.1989671297714429	-0.2929836649371451	3.5936245481218587	estimated	estimated	estimated	qualified_primary_context	0.0236239287972883	0.0003806089003583	middle	0.2083333333333333	0.375	scGen	scGen	NA
HCC1143	scgen_hcc_formal_v1	formal	NA	NA	KLF3	0.0561630943366452	0.5589834314285058	0.0201118590349126	0.2031140736176738	0.238489668638743	0.1333117733359319	0.1333117733359319	0.3036694015657056	2.6946597206955114	estimated	estimated	estimated	qualified_primary_context	0.0369385703770605	0.0008195901120722	middle	0.5625	0.4791666666666667	scGen	scGen	NA
HCC1143	scgen_hcc_formal_v1	formal	NA	NA	LAMTOR5	0.0740759475709618	0.8568940562710466	0.0423132662042345	0.5526408290413126	0.7509892933653666	0.6435182618079759	0.6435182618079759	0.7608874840663767	1.036968273266352	estimated	estimated	estimated	qualified_primary_context	0.1226400958971878	0.0051478700974567	middle	0.9583333333333334	0.5833333333333334	scGen	scGen	NA
HCC1143	scgen_hcc_formal_v1	formal	NA	NA	MAML3	0.0505688893104202	0.5517309132318129	0.0157225639961825	0.1343661644316768	0.3271195691965418	0.1804819786488052	0.1804819786488052	0.3546674904313207	3.895413801681884	estimated	estimated	estimated	qualified_primary_context	0.0050198572939971	0.0003873163964322	low_information	0.25	0.0625	scGen	scGen	NA
HCC1143	scgen_hcc_formal_v1	formal	NA	NA	MIER1	0.0625794592821701	0.6882915432060988	0.0298149725095367	0.3324632857261191	0.6870887225697367	0.4729173571770312	0.4729173571770312	0.650702255424798	1.5624092414343478	estimated	estimated	estimated	qualified_primary_context	0.0105919574277721	0.001451416208981	middle	0.6458333333333334	0.2083333333333333	scGen	scGen	NA
HCC1143	scgen_hcc_formal_v1	formal	NA	NA	MTDH	0.0687270176834007	0.9011916751842676	0.0327966048832914	0.743097496021889	0.7698680530450707	0.6937986803945376	0.6937986803945376	0.8002575054328751	0.7768190410916481	estimated	estimated	estimated	qualified_primary_context	0.0123435627679496	0.0006004795018292	middle	0.4375	0.2708333333333333	scGen	scGen	NA
HCC1143	scgen_hcc_formal_v1	formal	NA	NA	MYBL1	0.0642502383613814	0.7032408566125962	0.0421253128752774	0.4452787693883616	0.5148251667032715	0.3620460912381312	0.3620460912381312	0.5537551036574543	1.366791700545262	estimated	estimated	estimated	qualified_primary_context	0.0210310036855235	0.002892924147223	middle	0.8541666666666666	0.3333333333333333	scGen	scGen	NA
HCC1143	scgen_hcc_formal_v1	formal	NA	NA	NCOA1	0.0530248988284037	0.5547697077343722	0.0133328366202502	0.1239829187041819	0.1786207350120842	0.0990933729579527	0.0990933729579527	0.2519159595133569	4.407180191760814	estimated	estimated	estimated	qualified_primary_context	0.0248991192692647	-3.731790556072735e-05	middle	0.0625	0.3958333333333333	scGen	scGen	NA
HCC1143	scgen_hcc_formal_v1	formal	NA	NA	NPM1	0.1240610978632533	2.1177004093572496	0.0622765200959799	1.6149969298884637	0.9224871413988052	1.953551396967049	1.953551396967049	0.9386767562108712	0.5478788323263265	estimated	estimated	estimated	qualified_primary_context	0.1622748801750765	0.0016454699152962	middle	0.7291666666666666	0.7291666666666666	scGen	scGen	NA
HCC1143	scgen_hcc_formal_v1	formal	NA	NA	PA2G4	0.080398736201554	1.2344756317100116	0.0349423497852565	0.9931797557905168	0.8612130135754726	1.0631464789704643	1.0631464789704643	0.8855085033183129	0.6356394152120276	estimated	estimated	estimated	qualified_primary_context	0.0861889371200693	0.0006252623413598	middle	0.4791666666666667	0.5625	scGen	scGen	NA
HCC1143	scgen_hcc_formal_v1	formal	NA	NA	PARK7	0.0954541728886605	1.415800189731487	0.0455074229362102	1.0705967316527991	0.9198974781391616	1.3023910240829413	1.3023910240829413	0.9266207124843624	0.5619869198279959	estimated	estimated	estimated	qualified_primary_context	0.1318604273725387	0.0015154817356561	middle	0.6875	0.6041666666666666	scGen	scGen	NA
HCC1143	scgen_hcc_formal_v1	formal	NA	NA	PCBD1	0.0526653575466607	0.5808888747804909	0.0205715189837919	0.3251593730636988	0.3382121871408243	0.1964636968252822	0.1964636968252822	0.4031423710959043	1.7271582919776076	estimated	estimated	estimated	qualified_primary_context	0.0111916491629234	3.5101351587623654e-05	low_information	0.1041666666666666	0.25	scGen	scGen	NA
HCC1143	scgen_hcc_formal_v1	formal	NA	NA	PEX14	0.0532733410859464	0.6036498511097663	0.0164337457977458	0.2097920152974949	0.5887756504956541	0.3554143337587574	0.3554143337587574	0.6435305989672622	2.4271424395331307	estimated	estimated	estimated	qualified_primary_context	0.0227993432195642	0.000275420560782	middle	0.1458333333333333	0.3541666666666667	scGen	scGen	NA
HCC1143	scgen_hcc_formal_v1	formal	NA	NA	PFDN5	0.0871755725603938	1.2534665171036312	0.0486040242042201	0.9581015414504782	0.8687284347381338	1.088922005400098	1.088922005400098	0.8915667895940365	0.6622067649521044	estimated	estimated	estimated	qualified_primary_context	0.9694975960688984	0.0019242298235236	endpoint_anchor	0.7708333333333334	0.8958333333333334	scGen	scGen	NA
HCC1143	scgen_hcc_formal_v1	formal	NA	NA	PMF1	0.0773034417209165	0.7716656537615588	0.049251870029838	0.5081380428171313	0.605428162335003	0.4671881186938992	0.4671881186938992	0.5742028982901322	1.2113486296547984	estimated	estimated	estimated	qualified_primary_context	0.9510487581740272	0.0029423176940619	endpoint_anchor	0.875	0.875	scGen	scGen	NA
HCC1143	scgen_hcc_formal_v1	formal	NA	NA	PRDX2	0.0737998690855082	0.935111598615389	0.0329279186691227	0.6223894253531942	0.7911045213310601	0.7397710136137498	0.7397710136137498	0.8034479280767675	0.9381748154964034	estimated	estimated	estimated	qualified_primary_context	0.1660158727868937	0.0006112575546722	middle	0.4583333333333333	0.75	scGen	scGen	NA
HCC1143	scgen_hcc_formal_v1	formal	NA	NA	PRPF6	0.056289302052635	0.5479526432119741	0.057271494449348	0.5349938290589117	0.3753479789543049	0.2056729171922838	0.2056729171922838	0.4364205646649448	1.1314379609883876	estimated	estimated	estimated	qualified_primary_context	1.0	0.0025883202614396	endpoint_anchor	0.8125	0.96875	scGen	scGen	NA
HCC1143	scgen_hcc_formal_v1	formal	NA	NA	RORC	0.0502648113121414	0.5261134418949373	0.0146922373193131	0.1366059103875647	-0.0953728258854532	-0.0501769256898423	0.0501769256898423	-0.1324663105386717	4.070295996347567	estimated	estimated	estimated	qualified_primary_context	0.0451125018855452	5.970803625961543e-05	middle	0.125	0.5	scGen	scGen	NA
HCC1143	scgen_hcc_formal_v1	formal	NA	NA	RPS3	0.0888408953328761	1.4493950285252348	0.0553911704007177	1.1111548400000688	0.8777260771827683	1.272171812675661	1.272171812675661	0.9023103547119624	0.6416004558907569	estimated	estimated	estimated	qualified_primary_context	1.0	0.0004164407695485	middle	0.2708333333333333	0.96875	scGen	scGen	NA
HCC1143	scgen_hcc_formal_v1	formal	NA	NA	RUVBL2	0.0901626978787602	1.0491140869936864	0.0625006359583501	0.6779950437401298	0.7989384833986664	0.8381776175749123	0.8381776175749123	0.809685710917888	0.960134284608254	estimated	estimated	estimated	qualified_primary_context	1.0	0.0031427387771154	endpoint_anchor	0.8958333333333334	0.96875	scGen	scGen	NA
HCC1143	scgen_hcc_formal_v1	formal	NA	NA	SMAD1	0.0548640733319311	0.608639313534825	0.0172856363118944	0.1629278015345215	0.6178473158888937	0.3760461662119504	0.3760461662119504	0.6306256636588075	3.2154135771928622	estimated	estimated	estimated	qualified_primary_context	0.0296077539081418	0.0004516434159773	middle	0.3333333333333333	0.4375	scGen	scGen	NA
HCC1143	scgen_hcc_formal_v1	formal	NA	NA	STAT3	0.0579439342498303	0.6036465409163032	0.0187359340819158	0.2635119253234442	0.3846756915144487	0.2322081505572839	0.2322081505572839	0.4104401943511415	2.117838363400389	estimated	estimated	estimated	qualified_primary_context	0.0037329167002494	0.0005131955358154	middle	0.375	0.0416666666666666	scGen	scGen	NA
HCC1143	scgen_hcc_formal_v1	formal	NA	NA	TAB3	0.0515670593612453	0.5736394216240788	0.0182786704025936	0.1765562206335781	0.4709730142763305	0.2701686875100232	0.2701686875100232	0.5593379776721017	2.9147689984587424	estimated	estimated	estimated	qualified_primary_context	0.0084525379475361	0.0014569268678928	middle	0.6666666666666666	0.125	scGen	scGen	NA
HCC1143	scgen_hcc_formal_v1	formal	NA	NA	TADA3	0.0677491811708703	0.7872259988527557	0.0441802078568138	0.522377077487936	0.6186302113214766	0.4870017860280407	0.4870017860280407	0.6261135784775235	1.1859638587691006	estimated	estimated	estimated	qualified_primary_context	0.2498577956515995	0.0047211986633615	endpoint_anchor	0.9375	0.7708333333333334	scGen	scGen	NA
HCC1143	scgen_hcc_formal_v1	formal	NA	NA	THAP8	0.0537986939274675	0.5950469284021201	0.0164737408288913	0.1896153969639014	0.3925965359488947	0.2336133628177023	0.2336133628177023	0.5130206685025199	2.895528847671174	estimated	estimated	estimated	qualified_primary_context	0.0157775614105068	0.0011315266762759	middle	0.6041666666666666	0.2916666666666667	scGen	scGen	NA
HCC1143	scgen_hcc_formal_v1	formal	NA	NA	THRA	0.0478853905104222	0.5012593789683647	0.0235724065606285	0.2182472880492608	-0.1006268212218375	-0.0504401379132189	0.0504401379132189	0.0041920636716372	2.5956286543603104	estimated	estimated	estimated	qualified_primary_context	0.0463338341696651	0.0004492409036489	middle	0.3125	0.5208333333333334	scGen	scGen	NA
HCC1143	scgen_hcc_formal_v1	formal	NA	NA	TMF1	0.0552741922486603	0.5946894000131379	0.0234922445927052	0.2206027725989307	0.318801341357406	0.1895877784152193	0.1895877784152193	0.3040027927561004	2.558952780698889	estimated	estimated	estimated	qualified_primary_context	0.1394316818255967	0.0004469662783664	middle	0.2916666666666667	0.6458333333333334	scGen	scGen	NA
HCC1143	scgen_hcc_formal_v1	formal	NA	NA	TMSB4X	0.0881604213645264	1.4345144118370214	0.0326708341235554	0.9597678558169462	0.8751551635730326	1.2554226947391012	1.2554226947391012	0.8950560132951356	0.786049564428308	estimated	estimated	estimated	qualified_primary_context	0.0090048231316929	-0.0002807008856658	low_information	0.0208333333333333	0.1666666666666666	scGen	scGen	NA
HCC1143	scgen_hcc_formal_v1	formal	NA	NA	UBP1	0.053746986365084	0.5878470062933688	0.0183189878372334	0.1683786118552329	0.4000375867392994	0.235160897769521	0.235160897769521	0.378182310288972	3.224187812441872	estimated	estimated	estimated	qualified_primary_context	0.0108785135935251	0.000382982434592	low_information	0.2291666666666666	0.2291666666666666	scGen	scGen	NA
HCC1143	scgen_hcc_formal_v1	formal	NA	NA	VEZF1	0.0547531925457779	0.556671073436923	0.0251359012810846	0.2905778943669515	0.3167771813254204	0.1763406935687445	0.1763406935687445	0.3483743091542556	1.859120079082673	estimated	estimated	estimated	qualified_primary_context	0.0275909199432945	0.0016981011330781	middle	0.75	0.4166666666666667	scGen	scGen	NA
HCC1143	scgen_hcc_formal_v1	formal	NA	NA	XBP1	0.0533280597077448	0.5822136725335061	0.0209582008396152	0.3105469418080748	0.3344389455111834	0.1947149267042992	0.1947149267042992	0.3661042669763433	1.8057866454898144	estimated	estimated	estimated	qualified_primary_context	0.0085039693399301	0.0005622989990018	middle	0.4166666666666667	0.1458333333333333	scGen	scGen	NA
HCC1143	scgen_hcc_formal_v1	formal	NA	NA	YBX1	0.1033857737166518	1.8392824660815184	0.0604986491256232	1.4790985371439562	0.9435995223829434	1.7355460565218428	1.7355460565218428	0.9592380591553288	0.4467322928275893	estimated	estimated	estimated	qualified_primary_context	0.9913468022551738	0.0027372039056544	endpoint_anchor	0.8333333333333334	0.9166666666666666	scGen	scGen	NA
HCC1143	scgen_hcc_formal_v1	formal	NA	NA	ZBTB17	0.0737193183462072	0.8367994643468272	0.0459213452532554	0.4774290320892315	0.7317492697061437	0.612327396926283	0.612327396926283	0.7803308593694709	1.2275685143735675	estimated	estimated	estimated	qualified_primary_context	0.7578619386258375	0.0032471002507312	endpoint_anchor	0.9166666666666666	0.8333333333333334	scGen	scGen	NA
HCC1143	scgen_hcc_formal_v1	formal	NA	NA	ZBTB20	0.0516063086586813	0.5406360507250515	0.0106589260898525	0.106560908466992	0.2059617301551017	0.1113503363915529	0.1113503363915529	0.2208461419867688	4.964921242574996	estimated	estimated	estimated	qualified_primary_context	0.0078803596044426	0.0003629878206648	low_information	0.1666666666666666	0.0833333333333333	scGen	scGen	NA
HCC1143	scgen_hcc_formal_v1	formal	NA	NA	ZBTB5	0.0541519732015902	0.5775920179497712	0.0163739924531045	0.1610885089995077	0.5468606068221579	0.3158623214316465	0.3158623214316465	0.6055673801894005	3.151923024425616	estimated	estimated	estimated	qualified_primary_context	0.0773557703888747	0.0006902378432346	middle	0.5208333333333334	0.5416666666666666	scGen	scGen	NA
HCC1143	scgen_hcc_formal_v1	formal	NA	NA	ZNF131	0.0682830492793468	0.7330233214502034	0.0357574071640812	0.3552452422566548	0.6163973514315927	0.4518336338794944	0.4518336338794944	0.5334168397614453	1.6474085063663244	estimated	estimated	estimated	qualified_primary_context	0.9463812533969612	0.0010507528033756	middle	0.5833333333333334	0.8541666666666666	scGen	scGen	NA
HCC1143	scgen_hcc_formal_v1	formal	NA	NA	ZNF24	0.0495686815940593	0.5380941009086243	0.0170375552908257	0.1635071609381976	0.2145922870248598	0.1154708437485674	0.1154708437485674	0.296950151184732	3.2276825767758472	estimated	estimated	estimated	qualified_primary_context	0.0092505619875028	0.0007716042444563	middle	0.5416666666666666	0.1875	scGen	scGen	NA
HCC1143	scgen_hcc_formal_v1	formal	NA	NA	ZNF566	0.0501611543628483	0.5213842492779789	0.0155839530377113	0.1692876776754505	0.1239530634734245	0.0646271749447971	0.0646271749447971	0.2507119353217672	3.1180262807707773	estimated	estimated	estimated	qualified_primary_context	0.0082561267211935	0.0006522417044015	middle	0.5	0.1041666666666666	scGen	scGen	NA
HCC1143	scgpt_hcc_formal_v1	formal	NA	NA	ARID1A	0.0200081258804389	0.2973267994562162	0.0269341304967316	0.2688712784412625	0.116304253477456	0.0345803714495965	0.0345803714495965	0.0444049263036835	1.40201317897007	estimated	estimated	estimated	qualified_primary_context	0.2654515287532237	0.0025274853359367	endpoint_anchor	0.7916666666666666	0.7916666666666666	scGPT kernel	scGPT	NA
HCC1143	scgpt_hcc_formal_v1	formal	NA	NA	BMPR1A	0.0104771014748324	0.1039651357166718	0.0240331676555985	0.2519597961996969	-0.0512671731130673	-0.0053299986105101	0.0053299986105101	-0.0057574035261537	1.1011668597664677	estimated	estimated	estimated	qualified_primary_context	0.307130270365165	0.0003716073858904	dependency_excess	0.1875	0.8125	scGPT kernel	scGPT	NA
HCC1143	scgpt_hcc_formal_v1	formal	NA	NA	CDKN2A	0.0248892481859011	0.2744076214549802	0.015288635648501	0.154108703969004	-0.3184232964263492	-0.0873777793882086	0.0873777793882086	-0.2938302678410756	2.30316102550266	estimated	estimated	estimated	qualified_primary_context	6.198489826465077e-05	-5.524423694538636e-05	low_information	0.0416666666666666	0.0208333333333333	scGPT kernel	scGPT	NA
HCC1143	scgpt_hcc_formal_v1	formal	NA	NA	COMMD6	0.0441710673938027	0.6516767571288044	0.0241791414462827	0.4004885692732569	0.1212199040775155	0.0789961939887	0.0789961939887	0.073181926805241	1.8036892746934745	estimated	estimated	estimated	qualified_primary_context	0.1351756293730245	0.0005475981761952	middle	0.3958333333333333	0.625	scGPT kernel	scGPT	NA
HCC1143	scgpt_hcc_formal_v1	formal	NA	NA	ENY2	0.0349521947118668	0.5153069253621845	0.0521335585637539	0.7227454677992012	0.3445373225553441	0.1775424683585135	0.1775424683585135	0.3076396498687254	1.0084879658377917	estimated	estimated	estimated	qualified_primary_context	0.148881151602389	0.0052970777139176	middle	0.9791666666666666	0.6875	scGPT kernel	scGPT	NA
HCC1143	scgpt_hcc_formal_v1	formal	NA	NA	ERC1	0.0081671166333965	0.0803388332797672	0.0180828595245295	0.1565373306756347	0.4737991161882092	0.0380644682035455	0.0380644682035455	0.4783812299662894	0.8815150472584403	estimated	estimated	estimated	qualified_primary_context	0.0303840215886299	0.0011727642485481	middle	0.625	0.4583333333333333	scGPT kernel	scGPT	NA
HCC1143	scgpt_hcc_formal_v1	formal	NA	NA	ETV3	0.0109746471698369	0.1068757988582692	0.0175173141097048	0.1740043215464302	0.0005544846638137	5.926099139975091e-05	5.926099139975091e-05	-0.0200647447429538	1.173276202755789	estimated	estimated	estimated	qualified_primary_context	0.1444988533493548	0.0004824127798667	middle	0.3541666666666667	0.6666666666666666	scGPT kernel	scGPT	NA
HCC1143	scgpt_hcc_formal_v1	formal	NA	NA	GON4L	0.0111793687169005	0.1220073709028859	0.0261287892924314	0.2570710799620001	0.0469910082435005	0.0057332493718653	0.0057332493718653	-0.0087742368593267	1.0865753878269946	estimated	estimated	estimated	qualified_primary_context	0.1493363288328347	0.001639764285359	middle	0.7083333333333334	0.7083333333333334	scGPT kernel	scGPT	NA
HCC1143	scgpt_hcc_formal_v1	formal	NA	NA	HDGF	0.026796137168062	0.467254992015338	0.0218424097035099	0.4296275389638782	0.0723722486203719	0.0338162944512439	0.0338162944512439	0.0408161564300024	1.423169778198632	estimated	estimated	estimated	qualified_primary_context	0.0196252078195258	-2.232035737835883e-06	middle	0.0833333333333333	0.3125	scGPT kernel	scGPT	NA
HCC1143	scgpt_hcc_formal_v1	formal	NA	NA	HLX	0.0111490834609483	0.1195169654248249	0.0156087695123795	0.1523967550181248	0.1203231863444718	0.014380662102137	0.014380662102137	0.1417471373116759	1.1942861850723168	estimated	estimated	estimated	qualified_primary_context	0.0236239287972883	0.0003806089003583	middle	0.2083333333333333	0.375	scGPT kernel	scGPT	NA
HCC1143	scgpt_hcc_formal_v1	formal	NA	NA	KLF3	0.0261031504593478	0.5070680913751853	0.0201118590349126	0.2031140736176738	0.2167979597720422	0.1099313276756436	0.1099313276756436	0.2252993937821105	2.4798993953705333	estimated	estimated	estimated	qualified_primary_context	0.0369385703770605	0.0008195901120722	middle	0.5625	0.4791666666666667	scGPT kernel	scGPT	NA
HCC1143	scgpt_hcc_formal_v1	formal	NA	NA	LAMTOR5	0.0323176360097471	0.4613718316982059	0.0423132662042345	0.5526408290413126	0.2573305906535822	0.1187250859618244	0.1187250859618244	0.2081587655076104	1.1257481395147884	estimated	estimated	estimated	qualified_primary_context	0.1226400958971878	0.0051478700974567	middle	0.9583333333333334	0.5833333333333334	scGPT kernel	scGPT	NA
HCC1143	scgpt_hcc_formal_v1	formal	NA	NA	MAML3	0.0096131619353231	0.0915394473437069	0.0157225639961825	0.1343661644316768	0.2693263621987832	0.0246539863507676	0.0246539863507676	0.2671624923550358	1.047453917559529	estimated	estimated	estimated	qualified_primary_context	0.0050198572939971	0.0003873163964322	low_information	0.25	0.0625	scGPT kernel	scGPT	NA
HCC1143	scgpt_hcc_formal_v1	formal	NA	NA	MIER1	0.0165233353616851	0.1608137562021562	0.0298149725095367	0.3324632857261191	0.4235154965268097	0.0681071178062975	0.0681071178062975	0.3554339565024492	0.9078861473955632	estimated	estimated	estimated	qualified_primary_context	0.0105919574277721	0.001451416208981	middle	0.6458333333333334	0.2083333333333333	scGPT kernel	scGPT	NA
HCC1143	scgpt_hcc_formal_v1	formal	NA	NA	MTDH	0.030220193456417	0.4903152033811053	0.0327966048832914	0.743097496021889	0.0991386458495322	0.0486091853026407	0.0486091853026407	0.0605214623057279	1.1421655185931103	estimated	estimated	estimated	qualified_primary_context	0.0123435627679496	0.0006004795018292	middle	0.4375	0.2708333333333333	scGPT kernel	scGPT	NA
HCC1143	scgpt_hcc_formal_v1	formal	NA	NA	MYBL1	0.0098852224587575	0.0901606527813569	0.0421253128752774	0.4452787693883616	0.3361000893519789	0.0303030034558468	0.0303030034558468	0.3708896256166947	0.951257427610966	estimated	estimated	estimated	qualified_primary_context	0.0210310036855235	0.002892924147223	middle	0.8541666666666666	0.3333333333333333	scGPT kernel	scGPT	NA
HCC1143	scgpt_hcc_formal_v1	formal	NA	NA	NCOA1	0.0125598559818165	0.165537119364117	0.0133328366202502	0.1239829187041819	0.3694948708236309	0.0611651165359604	0.0611651165359604	0.3774809326368146	1.340143281887622	estimated	estimated	estimated	qualified_primary_context	0.0248991192692647	-3.731790556072735e-05	middle	0.0625	0.3958333333333333	scGPT kernel	scGPT	NA
HCC1143	scgpt_hcc_formal_v1	formal	NA	NA	NPM1	0.0426616686364051	0.6599594324236014	0.0622765200959799	1.6149969298884637	0.1595910513790243	0.1053236196879867	0.1053236196879867	0.1128835857935472	1.018115052890035	estimated	estimated	estimated	qualified_primary_context	0.1622748801750765	0.0016454699152962	middle	0.7291666666666666	0.7291666666666666	scGPT kernel	scGPT	NA
HCC1143	scgpt_hcc_formal_v1	formal	NA	NA	PA2G4	0.0431466554280296	0.6974412615399204	0.0349423497852565	0.9931797557905168	0.0954998501056495	0.0666055359345575	0.0666055359345575	0.0571296045671054	1.165762427496111	estimated	estimated	estimated	qualified_primary_context	0.0861889371200693	0.0006252623413598	middle	0.4791666666666667	0.5625	scGPT kernel	scGPT	NA
HCC1143	scgpt_hcc_formal_v1	formal	NA	NA	PARK7	0.0335682759369206	0.5632993344095147	0.0455074229362102	1.0705967316527991	0.1994191100147234	0.1123326519398315	0.1123326519398315	0.1356102229976501	1.032951142082769	estimated	estimated	estimated	qualified_primary_context	0.1318604273725387	0.0015154817356561	middle	0.6875	0.6041666666666666	scGPT kernel	scGPT	NA
HCC1143	scgpt_hcc_formal_v1	formal	NA	NA	PCBD1	0.0290074582863204	0.3075966037435527	0.0205715189837919	0.3251593730636988	0.0264715253608712	0.0081425512969153	0.0081425512969153	0.038333339596006	1.358237213388856	estimated	estimated	estimated	qualified_primary_context	0.0111916491629234	3.5101351587623654e-05	low_information	0.1041666666666666	0.25	scGPT kernel	scGPT	NA
HCC1143	scgpt_hcc_formal_v1	formal	NA	NA	PEX14	0.0151648157063988	0.1374910557836317	0.0164337457977458	0.2097920152974949	0.3233365430343447	0.0444558826752217	0.0444558826752217	0.3222955591335616	1.0028452666626584	estimated	estimated	estimated	qualified_primary_context	0.0227993432195642	0.000275420560782	middle	0.1458333333333333	0.3541666666666667	scGPT kernel	scGPT	NA
HCC1143	scgpt_hcc_formal_v1	formal	NA	NA	PFDN5	0.038487631611154	0.6395386101764811	0.0486040242042201	0.9581015414504782	0.1521077882618191	0.0972788035019822	0.0972788035019822	0.1146574498443808	1.1146742243063488	estimated	estimated	estimated	qualified_primary_context	0.9694975960688984	0.0019242298235236	endpoint_anchor	0.7708333333333334	0.8958333333333334	scGPT kernel	scGPT	NA
HCC1143	scgpt_hcc_formal_v1	formal	NA	NA	PMF1	0.020821321640819	0.2054337797657408	0.049251870029838	0.5081380428171313	0.3733903244768118	0.0767069856852278	0.0767069856852278	0.326352152910969	0.9281887154068286	estimated	estimated	estimated	qualified_primary_context	0.9510487581740272	0.0029423176940619	endpoint_anchor	0.875	0.875	scGPT kernel	scGPT	NA
HCC1143	scgpt_hcc_formal_v1	formal	NA	NA	PRDX2	0.0348619386196209	0.5950096456230423	0.0329279186691227	0.6223894253531942	0.1674657943082338	0.0996437629253235	0.0996437629253235	0.1161903752252268	1.2624400858331548	estimated	estimated	estimated	qualified_primary_context	0.1660158727868937	0.0006112575546722	middle	0.4583333333333333	0.75	scGPT kernel	scGPT	NA
HCC1143	scgpt_hcc_formal_v1	formal	NA	NA	PRPF6	0.0195235967794508	0.2118699445580729	0.057271494449348	0.5349938290589117	-0.0990975330032821	-0.0209957888232471	0.0209957888232471	-0.1103890672621161	1.1114513824315109	estimated	estimated	estimated	qualified_primary_context	1.0	0.0025883202614396	endpoint_anchor	0.8125	0.96875	scGPT kernel	scGPT	NA
HCC1143	scgpt_hcc_formal_v1	formal	NA	NA	RORC	0.0190178441944069	0.1990075779483682	0.0146922373193131	0.1366059103875647	0.198914190659677	0.0395854313027422	0.0395854313027422	0.1978462579739134	1.5945881816705616	estimated	estimated	estimated	qualified_primary_context	0.0451125018855452	5.970803625961543e-05	middle	0.125	0.5	scGPT kernel	scGPT	NA
HCC1143	scgpt_hcc_formal_v1	formal	NA	NA	RPS3	0.044416845926449	0.7401856793635471	0.0553911704007177	1.1111548400000688	0.0536512035699145	0.0397118525630691	0.0397118525630691	0.0278600905263342	1.1714372241830089	estimated	estimated	estimated	qualified_primary_context	1.0	0.0004164407695485	middle	0.2708333333333333	0.96875	scGPT kernel	scGPT	NA
HCC1143	scgpt_hcc_formal_v1	formal	NA	NA	RUVBL2	0.0247884679020209	0.4121971159184303	0.0625006359583501	0.6779950437401298	0.3687718792067191	0.1520067050408293	0.1520067050408293	0.3428369915117337	0.9598023498406342	estimated	estimated	estimated	qualified_primary_context	1.0	0.0031427387771154	endpoint_anchor	0.8958333333333334	0.96875	scGPT kernel	scGPT	NA
HCC1143	scgpt_hcc_formal_v1	formal	NA	NA	SMAD1	0.0128759280316743	0.123746469726128	0.0172856363118944	0.1629278015345215	0.2437714654642805	0.0301658582711694	0.0301658582711694	0.2722515042193956	1.0984394150921035	estimated	estimated	estimated	qualified_primary_context	0.0296077539081418	0.0004516434159773	middle	0.3333333333333333	0.4375	scGPT kernel	scGPT	NA
HCC1143	scgpt_hcc_formal_v1	formal	NA	NA	STAT3	0.0280738603904854	0.4758653305561378	0.0187359340819158	0.2635119253234442	0.0662194744936444	0.0315115521191718	0.0315115521191718	0.0478458624768677	2.005482480922689	estimated	estimated	estimated	qualified_primary_context	0.0037329167002494	0.0005131955358154	middle	0.375	0.0416666666666666	scGPT kernel	scGPT	NA
HCC1143	scgpt_hcc_formal_v1	formal	NA	NA	TAB3	0.013912971080871	0.1441522744453938	0.0182786704025936	0.1765562206335781	0.4045235982957965	0.0583129967611739	0.0583129967611739	0.4026406444435984	1.0030243146062343	estimated	estimated	estimated	qualified_primary_context	0.0084525379475361	0.0014569268678928	middle	0.6666666666666666	0.125	scGPT kernel	scGPT	NA
HCC1143	scgpt_hcc_formal_v1	formal	NA	NA	TADA3	0.0210637606534325	0.2720601749976523	0.0441802078568138	0.522377077487936	0.0390318127819369	0.0106190018159293	0.0106190018159293	-0.0222583535332947	1.1093189474417555	estimated	estimated	estimated	qualified_primary_context	0.2498577956515995	0.0047211986633615	endpoint_anchor	0.9375	0.7708333333333334	scGPT kernel	scGPT	NA
HCC1143	scgpt_hcc_formal_v1	formal	NA	NA	THAP8	0.0141831195944059	0.1538267703487784	0.0164737408288913	0.1896153969639014	0.1855390657565824	0.0285408752588647	0.0285408752588647	0.1848800622810062	1.164945437861877	estimated	estimated	estimated	qualified_primary_context	0.0157775614105068	0.0011315266762759	middle	0.6041666666666666	0.2916666666666667	scGPT kernel	scGPT	NA
HCC1143	scgpt_hcc_formal_v1	formal	NA	NA	THRA	0.0222965441363481	0.3402630538486119	0.0235724065606285	0.2182472880492608	-0.143387730576768	-0.048789547090473	0.048789547090473	-0.1196396996613155	1.969214628512876	estimated	estimated	estimated	qualified_primary_context	0.0463338341696651	0.0004492409036489	middle	0.3125	0.5208333333333334	scGPT kernel	scGPT	NA
HCC1143	scgpt_hcc_formal_v1	formal	NA	NA	TMF1	0.0184613846960162	0.1980942562612859	0.0234922445927052	0.2206027725989307	0.31556460167564	0.0625115350713248	0.0625115350713248	0.2951646509567143	1.1133790174708993	estimated	estimated	estimated	qualified_primary_context	0.1394316818255967	0.0004469662783664	middle	0.2916666666666667	0.6458333333333334	scGPT kernel	scGPT	NA
HCC1143	scgpt_hcc_formal_v1	formal	NA	NA	TMSB4X	0.0461234358980192	0.6866256013411168	0.0326708341235554	0.9597678558169462	0.1268129542140347	0.0870730209450551	0.0870730209450551	0.0858208834493706	1.1534134564503935	estimated	estimated	estimated	qualified_primary_context	0.0090048231316929	-0.0002807008856658	low_information	0.0208333333333333	0.1666666666666666	scGPT kernel	scGPT	NA
HCC1143	scgpt_hcc_formal_v1	formal	NA	NA	UBP1	0.0146343057957391	0.1623202790478982	0.0183189878372334	0.1683786118552329	0.4606481957679594	0.074772543679966	0.074772543679966	0.439789315585435	1.0203852176453407	estimated	estimated	estimated	qualified_primary_context	0.0108785135935251	0.000382982434592	low_information	0.2291666666666666	0.2291666666666666	scGPT kernel	scGPT	NA
HCC1143	scgpt_hcc_formal_v1	formal	NA	NA	VEZF1	0.0159480576220599	0.1780292233072461	0.0251359012810846	0.2905778943669515	-0.1375528948557808	-0.0244884350348379	0.0244884350348379	-0.1380086709388124	1.2425449925242922	estimated	estimated	estimated	qualified_primary_context	0.0275909199432945	0.0016981011330781	middle	0.75	0.4166666666666667	scGPT kernel	scGPT	NA
HCC1143	scgpt_hcc_formal_v1	formal	NA	NA	XBP1	0.0356426760947145	0.617494642581474	0.0209582008396152	0.3105469418080748	-0.1262384655986931	-0.0779515761948987	0.0779515761948987	-0.1452402175770639	2.3357658178654868	estimated	estimated	estimated	qualified_primary_context	0.0085039693399301	0.0005622989990018	middle	0.4166666666666667	0.1458333333333333	scGPT kernel	scGPT	NA
HCC1143	scgpt_hcc_formal_v1	formal	NA	NA	YBX1	0.0401605584389384	0.6351193151175568	0.0604986491256232	1.4790985371439562	0.2107607999797603	0.1338582549367737	0.1338582549367737	0.174611819329098	1.001689238428019	estimated	estimated	estimated	qualified_primary_context	0.9913468022551738	0.0027372039056544	endpoint_anchor	0.8333333333333334	0.9166666666666666	scGPT kernel	scGPT	NA
HCC1143	scgpt_hcc_formal_v1	formal	NA	NA	ZBTB17	0.0152023424068084	0.1683715211478293	0.0459213452532554	0.4774290320892315	0.4774119732899806	0.0803825801570209	0.0803825801570209	0.4749893183427188	0.8874909191946783	estimated	estimated	estimated	qualified_primary_context	0.7578619386258375	0.0032471002507312	endpoint_anchor	0.9166666666666666	0.8333333333333334	scGPT kernel	scGPT	NA
HCC1143	scgpt_hcc_formal_v1	formal	NA	NA	ZBTB20	0.0112550852764788	0.1004119302710858	0.0106589260898525	0.106560908466992	-0.0400928285478435	-0.0040257983045166	0.0040257983045166	-0.0382441334084111	1.4012425219813611	estimated	estimated	estimated	qualified_primary_context	0.0078803596044426	0.0003629878206648	low_information	0.1666666666666666	0.0833333333333333	scGPT kernel	scGPT	NA
HCC1143	scgpt_hcc_formal_v1	formal	NA	NA	ZBTB5	0.0164397978214212	0.1649749268097411	0.0163739924531045	0.1610885089995077	0.3166163381590722	0.0522337572145611	0.0522337572145611	0.3182322809934931	1.183352857247624	estimated	estimated	estimated	qualified_primary_context	0.0773557703888747	0.0006902378432346	middle	0.5208333333333334	0.5416666666666666	scGPT kernel	scGPT	NA
HCC1143	scgpt_hcc_formal_v1	formal	NA	NA	ZNF131	0.0183347927560193	0.2435103015139751	0.0357574071640812	0.3552452422566548	-0.0794038091681674	-0.0193356455118986	0.0193356455118986	-0.1530181201300799	1.2564746181209454	estimated	estimated	estimated	qualified_primary_context	0.9463812533969612	0.0010507528033756	middle	0.5833333333333334	0.8541666666666666	scGPT kernel	scGPT	NA
HCC1143	scgpt_hcc_formal_v1	formal	NA	NA	ZNF24	0.0148279004426802	0.1528210053380904	0.0170375552908257	0.1635071609381976	-0.2456576758076054	-0.0375416529859369	0.0375416529859369	-0.2371030580584061	1.5273390645250853	estimated	estimated	estimated	qualified_primary_context	0.0092505619875028	0.0007716042444563	middle	0.5416666666666666	0.1875	scGPT kernel	scGPT	NA
HCC1143	scgpt_hcc_formal_v1	formal	NA	NA	ZNF566	0.0139052169043949	0.1417427058976902	0.0155839530377113	0.1692876776754505	0.2167694945489785	0.0307254947134468	0.0307254947134468	0.2695199931528602	1.1567434504742409	estimated	estimated	estimated	qualified_primary_context	0.0082561267211935	0.0006522417044015	middle	0.5	0.1041666666666666	scGPT kernel	scGPT	NA
HCC38	cellot_hcc_seed123_retrain_v1	formal	NA	NA	ARID1A	0.5848715454339981	4.967955332279314	0.0310666107447073	0.3429151804883518	-0.112643116470592	-0.5596059711146378	0.5596059711146378	-0.0650224862366016	14.633833294404582	estimated	estimated	estimated	sensitivity_boundary_context	0.0939245801107399	0.0042572862999502	middle	0.9787234042553192	0.6382978723404256	CellOT	CellOT	formal
HCC38	cellot_hcc_seed123_retrain_v1	formal	NA	NA	BMPR1A	0.5390757864460032	4.9230768424632485	0.0178830873467989	0.1753513681997965	-0.1995577033021394	-0.9824379078619144	0.9824379078619144	0.0521271737629244	28.29202900242199	estimated	estimated	estimated	sensitivity_boundary_context	0.2329854350238944	0.000340389816312	middle	0.4680851063829787	0.723404255319149	CellOT	CellOT	formal
HCC38	cellot_hcc_seed123_retrain_v1	formal	NA	NA	CDKN2A	0.3790378916136762	3.6193836416544247	0.013985852995335	0.1194138020099699	0.233104720426804	0.8436954119052027	0.8436954119052027	0.3063450992730815	30.09220432499741	estimated	estimated	estimated	sensitivity_boundary_context	0.0034117871973033	-7.83487363521405e-05	low_information	0.0638297872340425	0.0425531914893617	CellOT	CellOT	formal
HCC38	cellot_hcc_seed123_retrain_v1	formal	NA	NA	COMMD6	0.5261468931715539	4.429231566539477	0.0151409613758929	0.205477446328941	0.2286762484461916	1.012860058135696	1.012860058135696	0.2057668750162125	21.34933457437149	estimated	estimated	estimated	sensitivity_boundary_context	0.0087958879569685	6.78145213169612e-05	low_information	0.1063829787234042	0.1489361702127659	CellOT	CellOT	formal
HCC38	cellot_hcc_seed123_retrain_v1	formal	NA	NA	ENY2	0.7323674737138951	5.993496342270803	0.0482770942367106	0.5362717946357187	0.2072881246979313	1.2423806171732257	1.2423806171732257	0.1009266278547585	11.012479007444416	estimated	estimated	estimated	sensitivity_boundary_context	0.4895161201697765	0.0026942573104302	endpoint_anchor	0.8936170212765957	0.8297872340425532	CellOT	CellOT	formal
HCC38	cellot_hcc_seed123_retrain_v1	formal	NA	NA	ERC1	0.4529531642477563	4.231202067373766	0.0160129155392678	0.2233704359880932	-0.1069754399663356	-0.4526347027437777	0.4526347027437777	-0.1699538992772677	19.075438770710043	estimated	estimated	estimated	sensitivity_boundary_context	0.0054295617631019	0.0001540531423909	low_information	0.2127659574468085	0.0851063829787234	CellOT	CellOT	formal
HCC38	cellot_hcc_seed123_retrain_v1	formal	NA	NA	ETV3	0.5397134309119367	4.796726110576155	0.0168789918562509	0.173733878700292	-0.0454518700783271	-0.2180201719792267	0.2180201719792267	0.0964009249235538	27.67310699987205	estimated	estimated	estimated	sensitivity_boundary_context	0.0807914252803547	0.0001472977658825	middle	0.1702127659574468	0.5531914893617021	CellOT	CellOT	formal
HCC38	cellot_hcc_seed123_retrain_v1	formal	NA	NA	GON4L	0.715321752619236	5.7657889121339485	0.0245934809105966	0.2258873099355492	-0.1741292687735936	-1.0039926071727785	1.0039926071727785	-0.0481591762781096	25.71805613670384	estimated	estimated	estimated	sensitivity_boundary_context	0.3129469325001975	0.0001679449755795	middle	0.2765957446808511	0.7872340425531915	CellOT	CellOT	formal
HCC38	cellot_hcc_seed123_retrain_v1	formal	NA	NA	HDGF	0.5181315122766698	4.542629056239526	0.0270203578427718	0.5410445296012522	0.2405681706593922	1.092811962043744	1.092811962043744	0.1890787557427143	8.213024635958517	estimated	estimated	estimated	sensitivity_boundary_context	0.0286996254177853	0.000499433390583	middle	0.574468085106383	0.4042553191489361	CellOT	CellOT	formal
HCC38	cellot_hcc_seed123_retrain_v1	formal	NA	NA	HLX	0.5971958779908241	5.096663228606985	0.0163040022453419	0.1519551979563902	0.2116794955128998	1.078859101030674	1.078859101030674	0.1792372295607568	33.34321244091662	estimated	estimated	estimated	sensitivity_boundary_context	0.006315463793662	0.0006534833889089	middle	0.5957446808510638	0.1063829787234042	CellOT	CellOT	formal
HCC38	cellot_hcc_seed123_retrain_v1	formal	NA	NA	KLF3	0.4829244756318153	4.311579216960559	0.0206142707573248	0.2277669756883913	-0.2729505457433998	-1.1768479002852852	1.1768479002852852	-0.1173468801155648	19.22681561411964	estimated	estimated	estimated	sensitivity_boundary_context	0.1616884807733207	0.0004151878526526	middle	0.5531914893617021	0.6808510638297872	CellOT	CellOT	formal
HCC38	cellot_hcc_seed123_retrain_v1	formal	NA	NA	LAMTOR5	0.6043520940745131	5.179870134300695	0.0588712311683534	0.8186488784461469	0.1328967447032016	0.6883878788338985	0.6883878788338985	-0.0574702125746756	6.273234479910563	estimated	estimated	estimated	sensitivity_boundary_context	0.0890975409858624	0.0046119790678145	middle	1.0	0.6170212765957447	CellOT	CellOT	formal
HCC38	cellot_hcc_seed123_retrain_v1	formal	NA	NA	MAML3	0.460114596371955	4.10590082201789	0.0109564328148032	0.1014247719831331	0.1080243630974673	0.4435373212398502	0.4435373212398502	0.2368872975592034	40.38644217989442	estimated	estimated	estimated	sensitivity_boundary_context	0.009549016733777	-0.0001588297680574	low_information	0.0212765957446808	0.1702127659574468	CellOT	CellOT	formal
HCC38	cellot_hcc_seed123_retrain_v1	formal	NA	NA	MIER1	0.4465953986695472	4.08216200991099	0.0170396850073614	0.2091119352041771	0.166255498390337	0.6786818794678516	0.6786818794678516	0.0980398778444498	19.380267534885416	estimated	estimated	estimated	sensitivity_boundary_context	0.0068709338808792	0.0001888196382934	middle	0.3404255319148936	0.1276595744680851	CellOT	CellOT	formal
HCC38	cellot_hcc_seed123_retrain_v1	formal	NA	NA	MTDH	0.552416825310347	4.400558590899445	0.0407769338674918	0.8910857667190333	0.2189905892510089	0.9636809188546592	0.9636809188546592	0.1258590398494658	4.819241324452894	estimated	estimated	estimated	sensitivity_boundary_context	0.0342163047187118	0.0009157505297965	middle	0.6808510638297872	0.425531914893617	CellOT	CellOT	formal
HCC38	cellot_hcc_seed123_retrain_v1	formal	NA	NA	MYBL1	0.6232267878157027	5.2209506349883625	0.0204974765150264	0.2060468418286695	0.016225139154749	0.0847106505727614	0.0847106505727614	0.1762299892770912	25.34216617549296	estimated	estimated	estimated	sensitivity_boundary_context	0.0145675964421822	0.0019411097801427	middle	0.8297872340425532	0.2553191489361702	CellOT	CellOT	formal
HCC38	cellot_hcc_seed123_retrain_v1	formal	NA	NA	NCOA1	0.4265078217425245	4.007466933959984	0.0134416904437355	0.1239032375540687	-0.0563483806898003	-0.2258142723965641	0.2258142723965641	-0.0400225713687633	32.41524863540139	estimated	estimated	estimated	sensitivity_boundary_context	0.0459486880054965	0.0001819874491868	middle	0.3191489361702128	0.4893617021276595	CellOT	CellOT	formal
HCC38	cellot_hcc_seed123_retrain_v1	formal	NA	NA	NPM1	0.7567194471967981	6.516456087830958	0.0540382168733747	1.1039501623440098	0.2883488537550191	1.879012643470973	1.879012643470973	0.2873346182822106	5.695569984188154	estimated	estimated	estimated	sensitivity_boundary_context	0.8555302996262993	0.0031722798838418	endpoint_anchor	0.9361702127659576	0.8936170212765957	CellOT	CellOT	formal
HCC38	cellot_hcc_seed123_retrain_v1	formal	NA	NA	PA2G4	0.623029962816137	5.335731923182819	0.0379683091204052	0.8486574654795975	0.3052436759762247	1.6286984262560145	1.6286984262560145	0.3249683622776729	6.057340240432012	estimated	estimated	estimated	sensitivity_boundary_context	0.3764696904296344	0.001678226549744	endpoint_anchor	0.8085106382978723	0.8085106382978723	CellOT	CellOT	formal
HCC38	cellot_hcc_seed123_retrain_v1	formal	NA	NA	PARK7	0.4895168533350559	4.516829156882321	0.0316253395760437	0.8210627520361934	0.2523573252301805	1.1398549245525142	1.1398549245525142	0.2192531542625514	5.337288559182017	estimated	estimated	estimated	sensitivity_boundary_context	0.0215311147572859	0.0001615046790646	middle	0.2553191489361702	0.3191489361702128	CellOT	CellOT	formal
HCC38	cellot_hcc_seed123_retrain_v1	formal	NA	NA	PCBD1	0.4453588384897151	3.8336711790003086	0.0182116374462251	0.3097410515478567	0.0753362957717988	0.2888145858329881	0.2888145858329881	-0.0276896449516958	12.342031661816444	estimated	estimated	estimated	sensitivity_boundary_context	0.0210892465180688	0.0001295065875872	middle	0.1489361702127659	0.2978723404255319	CellOT	CellOT	formal
HCC38	cellot_hcc_seed123_retrain_v1	formal	NA	NA	PEX14	0.4232165978309956	3.6058453964531263	0.0166510013991122	0.1773708655867983	0.2402012357082159	0.8661285200008227	0.8661285200008227	0.1420150496110818	20.11265002293636	estimated	estimated	estimated	sensitivity_boundary_context	0.0049454685061893	0.0003881482885448	middle	0.5319148936170213	0.0638297872340425	CellOT	CellOT	formal
HCC38	cellot_hcc_seed123_retrain_v1	formal	NA	NA	PFDN5	0.8065871380745097	7.043033293998712	0.0487808046483802	0.7934985664847273	0.3985764439518903	2.807187164956775	2.807187164956775	0.3893605365828848	8.52681448856419	estimated	estimated	estimated	sensitivity_boundary_context	0.8201974002162512	0.0001812035372937	middle	0.2978723404255319	0.8723404255319149	CellOT	CellOT	formal
HCC38	cellot_hcc_seed123_retrain_v1	formal	NA	NA	PMF1	0.6308056552042353	5.203212786352539	0.0345675587553357	0.3349606044694711	0.5146400243649786	2.677781555144639	2.677781555144639	0.1321206715024158	15.043618874212935	estimated	estimated	estimated	sensitivity_boundary_context	0.9978434877605236	0.0015908925687295	endpoint_anchor	0.7659574468085106	0.9574468085106383	CellOT	CellOT	formal
HCC38	cellot_hcc_seed123_retrain_v1	formal	NA	NA	PRDX2	0.5143156257715631	4.355783493031276	0.0270864657071904	0.7294690866573793	0.2475266324977363	1.0781724199192588	1.0781724199192588	0.2366190184650195	5.805068231070103	estimated	estimated	estimated	sensitivity_boundary_context	0.1572365253337959	0.0002855126478934	middle	0.4042553191489361	0.6595744680851063	CellOT	CellOT	formal
HCC38	cellot_hcc_seed123_retrain_v1	formal	NA	NA	PRPF6	1.332994048899793	11.675972639677797	0.0471347821832534	0.4114040023628398	-0.2060500793053439	-2.405835088372635	2.405835088372635	-0.2072191680077404	28.60358811527596	estimated	estimated	estimated	sensitivity_boundary_context	0.9972796156547944	0.0002308870003735	middle	0.3829787234042553	0.9361702127659576	CellOT	CellOT	formal
HCC38	cellot_hcc_seed123_retrain_v1	formal	NA	NA	RORC	0.5023584809709103	4.708116977752193	0.0124564503901467	0.1091991366502756	0.3252033864055201	1.531095584758336	1.531095584758336	0.3897731351971411	42.80020980984068	estimated	estimated	estimated	sensitivity_boundary_context	0.263229534078098	0.0001511530866577	middle	0.1914893617021276	0.7446808510638298	CellOT	CellOT	formal
HCC38	cellot_hcc_seed123_retrain_v1	formal	NA	NA	RPS3	0.9403866675305874	8.119712538615616	0.0463147294667679	0.8642886825255415	0.1717857903548792	1.3948512359005063	1.3948512359005063	0.1158673779399747	9.275354543578288	estimated	estimated	estimated	sensitivity_boundary_context	1.0	0.0009218466160271	middle	0.7021276595744681	0.9893617021276596	CellOT	CellOT	formal
HCC38	cellot_hcc_seed123_retrain_v1	formal	NA	NA	RUVBL2	0.7045031183577598	5.99059581710736	0.0360894148040621	0.4457444608022761	0.3334320122816652	1.9974564180642336	1.9974564180642336	0.334765112436328	13.139962468297725	estimated	estimated	estimated	sensitivity_boundary_context	0.978029448287533	0.0006879403849594	middle	0.6170212765957447	0.9148936170212766	CellOT	CellOT	formal
HCC38	cellot_hcc_seed123_retrain_v1	formal	NA	NA	SMAD1	0.5146444758519213	4.239054420410112	0.0159864703611725	0.1475318950734218	0.2584038550781868	1.0953880041202018	1.0953880041202018	0.2421689749360924	28.49111718309585	estimated	estimated	estimated	sensitivity_boundary_context	0.0125810954880103	8.928461131540999e-05	low_information	0.1276595744680851	0.2127659574468085	CellOT	CellOT	formal
HCC38	cellot_hcc_seed123_retrain_v1	formal	NA	NA	STAT3	0.5256520107071451	4.439716115071409	0.020991362449927	0.4030218159651356	-0.0683779335188176	-0.3035786133587761	0.3035786133587761	-0.1996821627769655	11.129253671484934	estimated	estimated	estimated	sensitivity_boundary_context	0.0235621693286022	0.0007970097757102	middle	0.6382978723404256	0.3404255319148936	CellOT	CellOT	formal
HCC38	cellot_hcc_seed123_retrain_v1	formal	NA	NA	TAB3	0.5261960438591369	4.786733879649798	0.0160875196405093	0.1414447440741014	0.1049486423214951	0.5023612218235493	0.5023612218235493	0.2162705805778983	33.75142877831999	estimated	estimated	estimated	sensitivity_boundary_context	0.0271522701939877	0.0003845878513856	middle	0.5106382978723404	0.3829787234042553	CellOT	CellOT	formal
HCC38	cellot_hcc_seed123_retrain_v1	formal	NA	NA	TADA3	0.7505775094032288	6.318250974539061	0.0408055200298916	0.4850688499801632	0.2973642779130955	1.87882213871752	1.87882213871752	0.3163130265723458	12.763867511310364	estimated	estimated	estimated	sensitivity_boundary_context	0.035551946395066	0.0034369248792146	middle	0.9574468085106383	0.4468085106382978	CellOT	CellOT	formal
HCC38	cellot_hcc_seed123_retrain_v1	formal	NA	NA	THAP8	0.5410646924630125	4.626951383061338	0.0158533770762451	0.1438130250358041	-0.0608175746696319	-0.2813999612320898	0.2813999612320898	-0.0533127103102825	32.24964991840959	estimated	estimated	estimated	sensitivity_boundary_context	0.0267473201978675	0.0003178300330347	middle	0.4468085106382978	0.3617021276595745	CellOT	CellOT	formal
HCC38	cellot_hcc_seed123_retrain_v1	formal	NA	NA	THRA	0.5045052814356824	4.71801802543005	0.0174579757790134	0.1865360019074074	0.1648154777611833	0.7776023949471284	0.7776023949471284	0.1679523654017835	25.14733595621357	estimated	estimated	estimated	sensitivity_boundary_context	0.0573416619307745	0.0010262530786392	middle	0.7446808510638298	0.5106382978723404	CellOT	CellOT	formal
HCC38	cellot_hcc_seed123_retrain_v1	formal	NA	NA	TMF1	0.5147080827266612	4.34293272740503	0.0259589697223002	0.2654353865453703	0.0715345505690691	0.3106697408066203	0.3106697408066203	0.0310300297409747	16.320517367602328	estimated	estimated	estimated	sensitivity_boundary_context	0.0809743969956026	0.0009563640545694	middle	0.723404255319149	0.574468085106383	CellOT	CellOT	formal
HCC38	cellot_hcc_seed123_retrain_v1	formal	NA	NA	TMSB4X	0.5043836835216968	4.53076548439709	0.0315802521741932	0.7921430663436945	0.3375570117104963	1.5293916576741409	1.5293916576741409	0.3255088596423051	5.463768676208763	estimated	estimated	estimated	sensitivity_boundary_context	0.2174493812731642	0.0001961393063308	middle	0.3617021276595745	0.7021276595744681	CellOT	CellOT	formal
HCC38	cellot_hcc_seed123_retrain_v1	formal	NA	NA	UBP1	0.4974642513280219	4.186247890217173	0.0144240479805346	0.1411650107232403	0.0165042603379642	0.0690909250193977	0.0690909250193977	0.0534848225794445	29.655352741038246	estimated	estimated	estimated	sensitivity_boundary_context	0.0201784564207119	0.0001585391625746	middle	0.2340425531914893	0.2765957446808511	CellOT	CellOT	formal
HCC38	cellot_hcc_seed123_retrain_v1	formal	NA	NA	VEZF1	0.4954328362612014	4.236718078399229	0.0256676462888529	0.297756520445403	0.2354115696353891	0.9973724529385922	0.9973724529385922	0.2860151212098881	14.02709915064448	estimated	estimated	estimated	sensitivity_boundary_context	0.0694464693745538	0.0022365591295995	middle	0.8723404255319149	0.5319148936170213	CellOT	CellOT	formal
HCC38	cellot_hcc_seed123_retrain_v1	formal	NA	NA	XBP1	0.5192775675591003	4.50449674393014	0.016807646765055	0.1810247924973296	0.0970394341934954	0.4371138153574234	0.4371138153574234	0.0894049278730852	24.80624896231257	estimated	estimated	estimated	sensitivity_boundary_context	0.0113924113087519	-0.0001168536470148	low_information	0.0425531914893617	0.1914893617021276	CellOT	CellOT	formal
HCC38	cellot_hcc_seed123_retrain_v1	formal	NA	NA	YBX1	0.5822605069013352	5.025485801471703	0.0557853143197594	1.5119656884992447	0.415022976124301	2.0856920737972047	2.0856920737972047	0.4329593076499208	3.0477523715260446	estimated	estimated	estimated	sensitivity_boundary_context	1.0	0.0019462975016243	endpoint_anchor	0.851063829787234	0.9893617021276596	CellOT	CellOT	formal
HCC38	cellot_hcc_seed123_retrain_v1	formal	NA	NA	ZBTB17	0.5716929575230213	4.823695291424728	0.0271345116078105	0.2497591704500462	0.2882983204659338	1.3906632509571824	1.3906632509571824	0.3806417738730446	19.04916925156252	estimated	estimated	estimated	sensitivity_boundary_context	0.2634223656448051	0.0015980088443709	endpoint_anchor	0.7872340425531915	0.7659574468085106	CellOT	CellOT	formal
HCC38	cellot_hcc_seed123_retrain_v1	formal	NA	NA	ZBTB20	0.4635859190466556	4.02338082293621	0.0195070447520668	0.1837939184203465	-0.0127600249155718	-0.0513384395455001	0.0513384395455001	-0.0726517843264411	21.92628977092481	estimated	estimated	estimated	sensitivity_boundary_context	0.0018330352467763	0.0008809511967314	middle	0.6595744680851063	0.0212765957446808	CellOT	CellOT	formal
HCC38	cellot_hcc_seed123_retrain_v1	formal	NA	NA	ZBTB5	0.5094489347427449	4.382380439843427	0.015191196632473	0.134926525726472	-0.1286697880468698	-0.5638799623354017	0.5638799623354017	-0.0519032640864316	32.62350046890676	estimated	estimated	estimated	sensitivity_boundary_context	0.0143722132742512	0.0003590051660145	middle	0.4893617021276595	0.2340425531914893	CellOT	CellOT	formal
HCC38	cellot_hcc_seed123_retrain_v1	formal	NA	NA	ZNF131	0.6256064125832091	5.11114718418486	0.0423373795269807	0.4113314399853767	0.254121770602624	1.2988537722556728	1.2988537722556728	0.2494510939645313	12.210104473230286	estimated	estimated	estimated	sensitivity_boundary_context	0.6622862073859538	0.003003726532435	endpoint_anchor	0.9148936170212766	0.851063829787234	CellOT	CellOT	formal
HCC38	cellot_hcc_seed123_retrain_v1	formal	NA	NA	ZNF24	0.5396607209076273	4.678461798764191	0.0157968938159276	0.1610912063982979	0.2270572311213916	1.0622785819346023	1.0622785819346023	0.3185781012229648	28.83171189397044	estimated	estimated	estimated	sensitivity_boundary_context	0.0403071652767106	5.247577735052831e-05	middle	0.0851063829787234	0.4680851063829787	CellOT	CellOT	formal
HCC38	cellot_hcc_seed123_retrain_v1	formal	NA	NA	ZNF566	0.5369328456990262	4.509636042569272	0.0158687911163489	0.1602164959466003	0.0141877070214922	0.0639813949455345	0.0639813949455345	0.2221761087836062	28.15071524150178	estimated	estimated	estimated	sensitivity_boundary_context	0.0863639716532793	0.0002923370664005	middle	0.425531914893617	0.5957446808510638	CellOT	CellOT	formal
HCC38	cpa_v0.8.8	formal	NA	NA	ARID1A	0.024947493663402	0.2413190292777434	0.0310666107447073	0.3429151804883518	0.0768825423983525	0.0185532204999753	0.0185532204999753	0.1324619237841902	1.1777199827432747	estimated	estimated	estimated	sensitivity_boundary_context	0.0939245801107399	0.0042572862999502	middle	0.9787234042553192	0.6382978723404256	CPA	CPA	NA
HCC38	cpa_v0.8.8	formal	NA	NA	BMPR1A	0.0223364961708554	0.2104267407842363	0.0178830873467989	0.1753513681997965	-0.2307666613365341	-0.0485594764267065	0.0485594764267065	-0.1203046747358978	1.7302956964005345	estimated	estimated	estimated	sensitivity_boundary_context	0.2329854350238944	0.000340389816312	middle	0.4680851063829787	0.723404255319149	CPA	CPA	NA
HCC38	cpa_v0.8.8	formal	NA	NA	CDKN2A	0.0225284138509602	0.2139530168635276	0.013985852995335	0.1194138020099699	-0.0855703849711108	-0.0183080420187426	0.0183080420187426	-0.0758896947239055	2.125276462922414	estimated	estimated	estimated	sensitivity_boundary_context	0.0034117871973033	-7.83487363521405e-05	low_information	0.0638297872340425	0.0425531914893617	CPA	CPA	NA
HCC38	cpa_v0.8.8	formal	NA	NA	COMMD6	0.0223821068171169	0.2117713356253731	0.0151409613758929	0.205477446328941	0.2771491042937981	0.0586922359836734	0.0586922359836734	0.2581725323722991	1.2210334468942126	estimated	estimated	estimated	sensitivity_boundary_context	0.0087958879569685	6.78145213169612e-05	low_information	0.1063829787234042	0.1489361702127659	CPA	CPA	NA
HCC38	cpa_v0.8.8	formal	NA	NA	ENY2	0.0217241867421811	0.2058570925468935	0.0482770942367106	0.5362717946357187	0.3084419821196047	0.0634949696585427	0.0634949696585427	0.2608538210292089	0.9542287411126652	estimated	estimated	estimated	sensitivity_boundary_context	0.4895161201697765	0.0026942573104302	endpoint_anchor	0.8936170212765957	0.8297872340425532	CPA	CPA	NA
HCC38	cpa_v0.8.8	formal	NA	NA	ERC1	0.023102873796296	0.218398366761124	0.0160129155392678	0.2233704359880932	-0.0016078264396956	-0.0003511466684648	0.0003511466684648	-0.0277535669703882	1.399686019766371	estimated	estimated	estimated	sensitivity_boundary_context	0.0054295617631019	0.0001540531423909	low_information	0.2127659574468085	0.0851063829787234	CPA	CPA	NA
HCC38	cpa_v0.8.8	formal	NA	NA	ETV3	0.0197818743826375	0.183023863431781	0.0168789918562509	0.173733878700292	-0.3338300161372235	-0.0610988592829284	0.0610988592829284	-0.2854364778792269	1.6772494716208357	estimated	estimated	estimated	sensitivity_boundary_context	0.0807914252803547	0.0001472977658825	middle	0.1702127659574468	0.5531914893617021	CPA	CPA	NA
HCC38	cpa_v0.8.8	formal	NA	NA	GON4L	0.0234855510691916	0.2272600665666575	0.0245934809105966	0.2258873099355492	-0.1787945977110326	-0.040632872177568	0.040632872177568	-0.0973809118840169	1.5401148037533332	estimated	estimated	estimated	sensitivity_boundary_context	0.3129469325001975	0.0001679449755795	middle	0.2765957446808511	0.7872340425531915	CPA	CPA	NA
HCC38	cpa_v0.8.8	formal	NA	NA	HDGF	0.0237636854717027	0.2266359611113762	0.0270203578427718	0.5410445296012522	0.1318607177060996	0.0298843804901577	0.0298843804901577	0.0804968388108508	1.0319865527253986	estimated	estimated	estimated	sensitivity_boundary_context	0.0286996254177853	0.000499433390583	middle	0.574468085106383	0.4042553191489361	CPA	CPA	NA
HCC38	cpa_v0.8.8	formal	NA	NA	HLX	0.0226825231288416	0.2148765677437767	0.0163040022453419	0.1519551979563902	-0.0289662239469696	-0.0062241627822224	0.0062241627822224	-0.0794347998269239	1.755431237876697	estimated	estimated	estimated	sensitivity_boundary_context	0.006315463793662	0.0006534833889089	middle	0.5957446808510638	0.1063829787234042	CPA	CPA	NA
HCC38	cpa_v0.8.8	formal	NA	NA	KLF3	0.0218305398271123	0.2042093577697269	0.0206142707573248	0.2277669756883913	-0.2805400097998612	-0.0572888952299425	0.0572888952299425	-0.194842973334939	1.5188444915520083	estimated	estimated	estimated	sensitivity_boundary_context	0.1616884807733207	0.0004151878526526	middle	0.5531914893617021	0.6808510638297872	CPA	CPA	NA
HCC38	cpa_v0.8.8	formal	NA	NA	LAMTOR5	0.023177366836856	0.2223196686707828	0.0588712311683534	0.8186488784461469	0.0780985984389742	0.0173628545286052	0.0173628545286052	-0.0317275471182924	1.0155448835922376	estimated	estimated	estimated	sensitivity_boundary_context	0.0890975409858624	0.0046119790678145	middle	1.0	0.6170212765957447	CPA	CPA	NA
HCC38	cpa_v0.8.8	formal	NA	NA	MAML3	0.0209714693123277	0.1950554529044744	0.0109564328148032	0.1014247719831331	0.3160317917302468	0.0616437242681558	0.0616437242681558	0.3769013127434921	1.866270506325416	estimated	estimated	estimated	sensitivity_boundary_context	0.009549016733777	-0.0001588297680574	low_information	0.0212765957446808	0.1702127659574468	CPA	CPA	NA
HCC38	cpa_v0.8.8	formal	NA	NA	MIER1	0.0223275340431668	0.2106558101886904	0.0170396850073614	0.2091119352041771	-0.1141383434778494	-0.0240439052189214	0.0240439052189214	-0.1809509105038484	1.4982598503703832	estimated	estimated	estimated	sensitivity_boundary_context	0.0068709338808792	0.0001888196382934	middle	0.3404255319148936	0.1276595744680851	CPA	CPA	NA
HCC38	cpa_v0.8.8	formal	NA	NA	MTDH	0.0214646780191624	0.2007378311378798	0.0407769338674918	0.8910857667190333	0.4097533724789811	0.0822530032928624	0.0822530032928624	0.3741327663283311	0.9306637797460112	estimated	estimated	estimated	sensitivity_boundary_context	0.0342163047187118	0.0009157505297965	middle	0.6808510638297872	0.425531914893617	CPA	CPA	NA
HCC38	cpa_v0.8.8	formal	NA	NA	MYBL1	0.0230558661197565	0.218920387386319	0.0204974765150264	0.2060468418286695	-0.1059965264086549	-0.0232048006229869	0.0232048006229869	-0.0451785160773642	1.5343073901850346	estimated	estimated	estimated	sensitivity_boundary_context	0.0145675964421822	0.0019411097801427	middle	0.8297872340425532	0.2553191489361702	CPA	CPA	NA
HCC38	cpa_v0.8.8	formal	NA	NA	NCOA1	0.0244214229203118	0.2331157161708379	0.0134416904437355	0.1239032375540687	0.2779494479944243	0.0647943846285092	0.0647943846285092	0.315124063351844	1.869199181188317	estimated	estimated	estimated	sensitivity_boundary_context	0.0459486880054965	0.0001819874491868	middle	0.3191489361702128	0.4893617021276595	CPA	CPA	NA
HCC38	cpa_v0.8.8	formal	NA	NA	NPM1	0.0249290671369607	0.2388719442296255	0.0540382168733747	1.1039501623440098	0.2566237834109435	0.0613002220789344	0.0613002220789344	0.2372116502470145	0.9673488789613972	estimated	estimated	estimated	sensitivity_boundary_context	0.8555302996262993	0.0031722798838418	endpoint_anchor	0.9361702127659576	0.8936170212765957	CPA	CPA	NA
HCC38	cpa_v0.8.8	formal	NA	NA	PA2G4	0.0212730507903317	0.1978995965228812	0.0379683091204052	0.8486574654795975	0.1950617984541433	0.0386026512111025	0.0386026512111025	0.1717098122117969	0.9815318430718412	estimated	estimated	estimated	sensitivity_boundary_context	0.3764696904296344	0.001678226549744	endpoint_anchor	0.8085106382978723	0.8085106382978723	CPA	CPA	NA
HCC38	cpa_v0.8.8	formal	NA	NA	PARK7	0.0229588036357229	0.2207136886192303	0.0316253395760437	0.8210627520361934	0.2958039911043147	0.0652879899849233	0.0652879899849233	0.2624843239609238	0.9556298571549816	estimated	estimated	estimated	sensitivity_boundary_context	0.0215311147572859	0.0001615046790646	middle	0.2553191489361702	0.3191489361702128	CPA	CPA	NA
HCC38	cpa_v0.8.8	formal	NA	NA	PCBD1	0.0222700703709282	0.2095831115132521	0.0182116374462251	0.3097410515478567	0.0987470846322094	0.0206957212500809	0.0206957212500809	0.0487182523648546	1.1507427863127897	estimated	estimated	estimated	sensitivity_boundary_context	0.0210892465180688	0.0001295065875872	middle	0.1489361702127659	0.2978723404255319	CPA	CPA	NA
HCC38	cpa_v0.8.8	formal	NA	NA	PEX14	0.0238025461767894	0.2289111387541549	0.0166510013991122	0.1773708655867983	0.5400215555982577	0.1236169492437873	0.1236169492437873	0.5084119995330482	1.1277027105901196	estimated	estimated	estimated	sensitivity_boundary_context	0.0049454685061893	0.0003881482885448	middle	0.5319148936170213	0.0638297872340425	CPA	CPA	NA
HCC38	cpa_v0.8.8	formal	NA	NA	PFDN5	0.0192422728140832	0.1772440499706488	0.0487808046483802	0.7934985664847273	0.1904873666617649	0.0337627523353751	0.0337627523353751	0.1332676922967131	0.982240221903064	estimated	estimated	estimated	sensitivity_boundary_context	0.8201974002162512	0.0001812035372937	middle	0.2978723404255319	0.8723404255319149	CPA	CPA	NA
HCC38	cpa_v0.8.8	formal	NA	NA	PMF1	0.0190484205030708	0.175524459320249	0.0345675587553357	0.3349606044694711	0.4882612601023137	0.085701793686482	0.085701793686482	0.3662222490284073	0.8734296127837684	estimated	estimated	estimated	sensitivity_boundary_context	0.9978434877605236	0.0015908925687295	endpoint_anchor	0.7659574468085106	0.9574468085106383	CPA	CPA	NA
HCC38	cpa_v0.8.8	formal	NA	NA	PRDX2	0.0206769252296203	0.1930031183969197	0.0270864657071904	0.7294690866573793	0.2360178416187779	0.0455521794297344	0.0455521794297344	0.2084802207398318	0.9721683959109696	estimated	estimated	estimated	sensitivity_boundary_context	0.1572365253337959	0.0002855126478934	middle	0.4042553191489361	0.6595744680851063	CPA	CPA	NA
HCC38	cpa_v0.8.8	formal	NA	NA	PRPF6	0.0223910174910648	0.2121605659355825	0.0471347821832534	0.4114040023628398	-0.2259709111783178	-0.0479421164005711	0.0479421164005711	-0.2175373532308102	1.2243411142463343	estimated	estimated	estimated	sensitivity_boundary_context	0.9972796156547944	0.0002308870003735	middle	0.3829787234042553	0.9361702127659576	CPA	CPA	NA
HCC38	cpa_v0.8.8	formal	NA	NA	RORC	0.0241425324750029	0.2305954108926504	0.0124564503901467	0.1091991366502756	0.0798858729796325	0.0184213157042564	0.0184213157042564	0.0813896457756466	2.263155272322804	estimated	estimated	estimated	sensitivity_boundary_context	0.263229534078098	0.0001511530866577	middle	0.1914893617021276	0.7446808510638298	CPA	CPA	NA
HCC38	cpa_v0.8.8	formal	NA	NA	RPS3	0.0210666674760904	0.1972330596190454	0.0463147294667679	0.8642886825255415	0.2568833903389259	0.0506658970418598	0.0506658970418598	0.226361702826755	0.9668678826680546	estimated	estimated	estimated	sensitivity_boundary_context	1.0	0.0009218466160271	middle	0.7021276595744681	0.9893617021276596	CPA	CPA	NA
HCC38	cpa_v0.8.8	formal	NA	NA	RUVBL2	0.0235388120803263	0.2253392276174415	0.0360894148040621	0.4457444608022761	0.4232650861759645	0.0953782275963217	0.0953782275963217	0.402595541692273	0.9097334402551196	estimated	estimated	estimated	sensitivity_boundary_context	0.978029448287533	0.0006879403849594	middle	0.6170212765957447	0.9148936170212766	CPA	CPA	NA
HCC38	cpa_v0.8.8	formal	NA	NA	SMAD1	0.023530716213909	0.2242728407103607	0.0159864703611725	0.1475318950734218	0.2195098669801204	0.049230101431585	0.049230101431585	0.1915732784365393	1.6258903716996016	estimated	estimated	estimated	sensitivity_boundary_context	0.0125810954880103	8.928461131540999e-05	low_information	0.1276595744680851	0.2127659574468085	CPA	CPA	NA
HCC38	cpa_v0.8.8	formal	NA	NA	STAT3	0.0239607171703878	0.2303186381083486	0.020991362449927	0.4030218159651356	0.2111559680385875	0.0486331549870974	0.0486331549870974	0.1851654193410221	1.0417514500442884	estimated	estimated	estimated	sensitivity_boundary_context	0.0235621693286022	0.0007970097757102	middle	0.6382978723404256	0.3404255319148936	CPA	CPA	NA
HCC38	cpa_v0.8.8	formal	NA	NA	TAB3	0.0224799996091801	0.2127820077093073	0.0160875196405093	0.1414447440741014	0.3650103109464361	0.0776676267977812	0.0776676267977812	0.4598103423127709	1.471344986092391	estimated	estimated	estimated	sensitivity_boundary_context	0.0271522701939877	0.0003845878513856	middle	0.5106382978723404	0.3829787234042553	CPA	CPA	NA
HCC38	cpa_v0.8.8	formal	NA	NA	TADA3	0.0213809418478329	0.2028869737843724	0.0408055200298916	0.4850688499801632	0.080931706634915	0.0164199890423625	0.0164199890423625	0.0422159790293653	1.0522563017656483	estimated	estimated	estimated	sensitivity_boundary_context	0.035551946395066	0.0034369248792146	middle	0.9574468085106383	0.4468085106382978	CPA	CPA	NA
HCC38	cpa_v0.8.8	formal	NA	NA	THAP8	0.0238828022029194	0.2310585494225314	0.0158533770762451	0.1438130250358041	0.3184596447525599	0.0735828235661411	0.0735828235661411	0.3681466766215019	1.599388033067747	estimated	estimated	estimated	sensitivity_boundary_context	0.0267473201978675	0.0003178300330347	middle	0.4468085106382978	0.3617021276595745	CPA	CPA	NA
HCC38	cpa_v0.8.8	formal	NA	NA	THRA	0.0209005423857357	0.1958180020721209	0.0174579757790134	0.1865360019074074	0.1340126385879614	0.0262420871407078	0.0262420871407078	0.1238103561914303	1.3493085397382332	estimated	estimated	estimated	sensitivity_boundary_context	0.0573416619307745	0.0010262530786392	middle	0.7446808510638298	0.5106382978723404	CPA	CPA	NA
HCC38	cpa_v0.8.8	formal	NA	NA	TMF1	0.0235358652147004	0.2261631376480196	0.0259589697223002	0.2654353865453703	-0.3076404624338058	-0.0695769322515172	0.0695769322515172	-0.3776702528983709	1.5000766137993835	estimated	estimated	estimated	sensitivity_boundary_context	0.0809743969956026	0.0009563640545694	middle	0.723404255319149	0.574468085106383	CPA	CPA	NA
HCC38	cpa_v0.8.8	formal	NA	NA	TMSB4X	0.0224135455079451	0.2114509696049821	0.0315802521741932	0.7921430663436945	0.306054161236202	0.0647154491450344	0.0647154491450344	0.2784623993192641	0.9528174712228252	estimated	estimated	estimated	sensitivity_boundary_context	0.2174493812731642	0.0001961393063308	middle	0.3617021276595745	0.7021276595744681	CPA	CPA	NA
HCC38	cpa_v0.8.8	formal	NA	NA	UBP1	0.0215157427486661	0.2027652237066342	0.0144240479805346	0.1411650107232403	0.069002621286007	0.0139913319414013	0.0139913319414013	0.093813172170809	1.6926112691152526	estimated	estimated	estimated	sensitivity_boundary_context	0.0201784564207119	0.0001585391625746	middle	0.2340425531914893	0.2765957446808511	CPA	CPA	NA
HCC38	cpa_v0.8.8	formal	NA	NA	VEZF1	0.0263714675829681	0.2581882732470574	0.0256676462888529	0.297756520445403	-0.0695308724352738	-0.0179520558914247	0.0179520558914247	-0.0577659858471532	1.3683805984478483	estimated	estimated	estimated	sensitivity_boundary_context	0.0694464693745538	0.0022365591295995	middle	0.8723404255319149	0.5319148936170213	CPA	CPA	NA
HCC38	cpa_v0.8.8	formal	NA	NA	XBP1	0.021966867278784	0.2081281309025667	0.016807646765055	0.1810247924973296	-0.1860455088364416	-0.0387213040169455	0.0387213040169455	-0.2226414193646517	1.6582102056457693	estimated	estimated	estimated	sensitivity_boundary_context	0.0113924113087519	-0.0001168536470148	low_information	0.0425531914893617	0.1914893617021276	CPA	CPA	NA
HCC38	cpa_v0.8.8	formal	NA	NA	YBX1	0.024049801287495	0.229606667306827	0.0557853143197594	1.5119656884992447	0.3685389725728009	0.0846190052651229	0.0846190052651229	0.3413183194225965	0.9545307378908444	estimated	estimated	estimated	sensitivity_boundary_context	1.0	0.0019462975016243	endpoint_anchor	0.851063829787234	0.9893617021276596	CPA	CPA	NA
HCC38	cpa_v0.8.8	formal	NA	NA	ZBTB17	0.0222267657157928	0.2118245154235583	0.0271345116078105	0.2497591704500462	0.3711883104833952	0.0786267839990345	0.0786267839990345	0.4097349442209533	1.0438766060431013	estimated	estimated	estimated	sensitivity_boundary_context	0.2634223656448051	0.0015980088443709	endpoint_anchor	0.7872340425531915	0.7659574468085106	CPA	CPA	NA
HCC38	cpa_v0.8.8	formal	NA	NA	ZBTB20	0.025583347557655	0.2498537643217751	0.0195070447520668	0.1837939184203465	-0.1734702560464581	-0.0433421964710697	0.0433421964710697	-0.2170610967503632	1.8219964906359816	estimated	estimated	estimated	sensitivity_boundary_context	0.0018330352467763	0.0008809511967314	middle	0.6595744680851063	0.0212765957446808	CPA	CPA	NA
HCC38	cpa_v0.8.8	formal	NA	NA	ZBTB5	0.0223991609657495	0.2122834171274999	0.015191196632473	0.134926525726472	0.2145190414335017	0.0455388351544195	0.0455388351544195	0.3034272343475472	1.6734210631586863	estimated	estimated	estimated	sensitivity_boundary_context	0.0143722132742512	0.0003590051660145	middle	0.4893617021276595	0.2340425531914893	CPA	CPA	NA
HCC38	cpa_v0.8.8	formal	NA	NA	ZNF131	0.0221876369112509	0.2094815527358744	0.0423373795269807	0.4113314399853767	0.2821893439343741	0.0591134619328904	0.0591134619328904	0.2490604805707261	0.9858690985160976	estimated	estimated	estimated	sensitivity_boundary_context	0.6622862073859538	0.003003726532435	endpoint_anchor	0.9148936170212766	0.851063829787234	CPA	CPA	NA
HCC38	cpa_v0.8.8	formal	NA	NA	ZNF24	0.0254732795518551	0.2464610457849801	0.0157968938159276	0.1610912063982979	-0.008987890595823	-0.0022151649156475	0.0022151649156475	-0.0095010195653819	1.835276692518356	estimated	estimated	estimated	sensitivity_boundary_context	0.0403071652767106	5.247577735052831e-05	middle	0.0851063829787234	0.4680851063829787	CPA	CPA	NA
HCC38	cpa_v0.8.8	formal	NA	NA	ZNF566	0.02318577692492	0.2202227909287371	0.0158687911163489	0.1602164959466003	0.2607926120816092	0.0574324768862074	0.0574324768862074	0.3725413535548525	1.4739076950165333	estimated	estimated	estimated	sensitivity_boundary_context	0.0863639716532793	0.0002923370664005	middle	0.425531914893617	0.5957446808510638	CPA	CPA	NA
HCC38	gears_hcc_formal_v1	formal	NA	NA	ARID1A	0.0526702672618413	0.5123247887337236	0.0310666107447073	0.3429151804883518	0.3306877783158222	0.169419546162478	0.169419546162478	0.3517733526748128	1.4980004795627944	estimated	estimated	estimated	sensitivity_boundary_context	0.0939245801107399	0.0042572862999502	middle	0.9787234042553192	0.6382978723404256	GEARS	GEARS	NA
HCC38	gears_hcc_formal_v1	formal	NA	NA	BMPR1A	0.0507131881000478	0.4479024721384078	0.0178830873467989	0.1753513681997965	-0.2663156290576663	-0.1192834286240239	0.1192834286240239	-0.2592028635280831	2.9807764174236526	estimated	estimated	estimated	sensitivity_boundary_context	0.2329854350238944	0.000340389816312	middle	0.4680851063829787	0.723404255319149	GEARS	GEARS	NA
HCC38	gears_hcc_formal_v1	formal	NA	NA	CDKN2A	0.0671604068232896	0.6479225036401576	0.013985852995335	0.1194138020099699	-0.2347741324080859	-0.1521154436597929	0.1521154436597929	-0.2358132099072239	5.743487914863742	estimated	estimated	estimated	sensitivity_boundary_context	0.0034117871973033	-7.83487363521405e-05	low_information	0.0638297872340425	0.0425531914893617	GEARS	GEARS	NA
HCC38	gears_hcc_formal_v1	formal	NA	NA	COMMD6	0.0418889262525123	0.3900187928391482	0.0151409613758929	0.205477446328941	0.0983630719414652	0.0383634465785605	0.0383634465785605	0.099536075094625	2.056553831503009	estimated	estimated	estimated	sensitivity_boundary_context	0.0087958879569685	6.78145213169612e-05	low_information	0.1063829787234042	0.1489361702127659	GEARS	GEARS	NA
HCC38	gears_hcc_formal_v1	formal	NA	NA	ENY2	0.0440764704134654	0.5105590662366097	0.0482770942367106	0.5362717946357187	0.3801398383467249	0.1940838409056396	0.1940838409056396	0.3624858676323928	1.0874640888501397	estimated	estimated	estimated	sensitivity_boundary_context	0.4895161201697765	0.0026942573104302	endpoint_anchor	0.8936170212765957	0.8297872340425532	GEARS	GEARS	NA
HCC38	gears_hcc_formal_v1	formal	NA	NA	ERC1	0.0617042868632284	0.5775412768228151	0.0160129155392678	0.2233704359880932	0.0356127237474762	0.0205678179442556	0.0205678179442556	0.0454646553984085	2.7388036295787934	estimated	estimated	estimated	sensitivity_boundary_context	0.0054295617631019	0.0001540531423909	low_information	0.2127659574468085	0.0851063829787234	GEARS	GEARS	NA
HCC38	gears_hcc_formal_v1	formal	NA	NA	ETV3	0.0611115081723131	0.5336868426169439	0.0168789918562509	0.173733878700292	0.2129311257043171	0.1136385401720085	0.1136385401720085	0.1833864750641672	3.021284056946252	estimated	estimated	estimated	sensitivity_boundary_context	0.0807914252803547	0.0001472977658825	middle	0.1702127659574468	0.5531914893617021	GEARS	GEARS	NA
HCC38	gears_hcc_formal_v1	formal	NA	NA	GON4L	0.0504252517739292	0.4940230760994223	0.0245934809105966	0.2258873099355492	0.0736627689114306	0.0363911076916258	0.0363911076916258	0.0929722981475291	2.3368587747880336	estimated	estimated	estimated	sensitivity_boundary_context	0.3129469325001975	0.0001679449755795	middle	0.2765957446808511	0.7872340425531915	GEARS	GEARS	NA
HCC38	gears_hcc_formal_v1	formal	NA	NA	HDGF	0.0339090261911221	0.2863287175330372	0.0270203578427718	0.5410445296012522	0.1818959951639582	0.0520820470196916	0.0520820470196916	0.1943925155368443	1.0428538385287265	estimated	estimated	estimated	sensitivity_boundary_context	0.0286996254177853	0.000499433390583	middle	0.574468085106383	0.4042553191489361	GEARS	GEARS	NA
HCC38	gears_hcc_formal_v1	formal	NA	NA	HLX	0.062192441602118	0.5887843613653524	0.0163040022453419	0.1519551979563902	0.3824354125815775	0.2251719901603391	0.2251719901603391	0.3717681204862675	3.6124532587292646	estimated	estimated	estimated	sensitivity_boundary_context	0.006315463793662	0.0006534833889089	middle	0.5957446808510638	0.1063829787234042	GEARS	GEARS	NA
HCC38	gears_hcc_formal_v1	formal	NA	NA	KLF3	0.0527512544458902	0.4585795697869402	0.0206142707573248	0.2277669756883913	0.1471408813541128	0.0674758020694402	0.0674758020694402	0.1214666140592068	2.1121474409297014	estimated	estimated	estimated	sensitivity_boundary_context	0.1616884807733207	0.0004151878526526	middle	0.5531914893617021	0.6808510638297872	GEARS	GEARS	NA
HCC38	gears_hcc_formal_v1	formal	NA	NA	LAMTOR5	0.0495498513036843	0.5101837056282476	0.0588712311683534	0.8186488784461469	0.5294678212157192	0.2701258550387501	0.2701258550387501	0.5658837839606825	0.8534927899853567	estimated	estimated	estimated	sensitivity_boundary_context	0.0890975409858624	0.0046119790678145	middle	1.0	0.6170212765957447	GEARS	GEARS	NA
HCC38	gears_hcc_formal_v1	formal	NA	NA	MAML3	0.0598921242387939	0.5252283659723873	0.0109564328148032	0.1014247719831331	0.0541492285221912	0.0284407108153758	0.0284407108153758	0.0519676514275195	5.220733407189957	estimated	estimated	estimated	sensitivity_boundary_context	0.009549016733777	-0.0001588297680574	low_information	0.0212765957446808	0.1702127659574468	GEARS	GEARS	NA
HCC38	gears_hcc_formal_v1	formal	NA	NA	MIER1	0.0455760975370403	0.3899268474594081	0.0170396850073614	0.2091119352041771	-0.3041077776514324	-0.1185797870275096	0.1185797870275096	-0.3099671804778467	2.368788502501322	estimated	estimated	estimated	sensitivity_boundary_context	0.0068709338808792	0.0001888196382934	middle	0.3404255319148936	0.1276595744680851	GEARS	GEARS	NA
HCC38	gears_hcc_formal_v1	formal	NA	NA	MTDH	0.0478705282606573	0.401990731884116	0.0407769338674918	0.8910857667190333	0.3083292841766855	0.1239455146074914	0.1239455146074914	0.3183872832155667	0.961937400109464	estimated	estimated	estimated	sensitivity_boundary_context	0.0342163047187118	0.0009157505297965	middle	0.6808510638297872	0.425531914893617	GEARS	GEARS	NA
HCC38	gears_hcc_formal_v1	formal	NA	NA	MYBL1	0.0547706221150517	0.5163371034363116	0.0204974765150264	0.2060468418286695	-0.3136611037827607	-0.1619548657878269	0.1619548657878269	-0.3011602941744727	2.9751739157864368	estimated	estimated	estimated	sensitivity_boundary_context	0.0145675964421822	0.0019411097801427	middle	0.8297872340425532	0.2553191489361702	GEARS	GEARS	NA
HCC38	gears_hcc_formal_v1	formal	NA	NA	NCOA1	0.0412390652448531	0.4070136935471629	0.0134416904437355	0.1239032375540687	0.1031402134184574	0.041979479216689	0.041979479216689	0.1101539443570333	3.333640686599905	estimated	estimated	estimated	sensitivity_boundary_context	0.0459486880054965	0.0001819874491868	middle	0.3191489361702128	0.4893617021276595	GEARS	GEARS	NA
HCC38	gears_hcc_formal_v1	formal	NA	NA	NPM1	0.0522495790737073	0.5160272197752427	0.0540382168733747	1.1039501623440098	0.2860757600584446	0.1476228791080485	0.1476228791080485	0.2818087164819525	0.9752192477167336	estimated	estimated	estimated	sensitivity_boundary_context	0.8555302996262993	0.0031722798838418	endpoint_anchor	0.9361702127659576	0.8936170212765957	GEARS	GEARS	NA
HCC38	gears_hcc_formal_v1	formal	NA	NA	PA2G4	0.0542398392610455	0.5080914266297247	0.0379683091204052	0.8486574654795975	0.5158347860105946	0.2620912323293618	0.2620912323293618	0.5214824402389561	0.8606864450471038	estimated	estimated	estimated	sensitivity_boundary_context	0.3764696904296344	0.001678226549744	endpoint_anchor	0.8085106382978723	0.8085106382978723	GEARS	GEARS	NA
HCC38	gears_hcc_formal_v1	formal	NA	NA	PARK7	0.0496422143743944	0.4721546405891648	0.0316253395760437	0.8210627520361934	0.1988368952502619	0.0938817628127528	0.0938817628127528	0.1950950318573716	1.049763061316835	estimated	estimated	estimated	sensitivity_boundary_context	0.0215311147572859	0.0001615046790646	middle	0.2553191489361702	0.3191489361702128	GEARS	GEARS	NA
HCC38	gears_hcc_formal_v1	formal	NA	NA	PCBD1	0.0465216823405279	0.3838826135903351	0.0182116374462251	0.3097410515478567	0.2210292893927265	0.0848493012920943	0.0848493012920943	0.2245200198955818	1.4100199543208791	estimated	estimated	estimated	sensitivity_boundary_context	0.0210892465180688	0.0001295065875872	middle	0.1489361702127659	0.2978723404255319	GEARS	GEARS	NA
HCC38	gears_hcc_formal_v1	formal	NA	NA	PEX14	0.0497292173136348	0.4603069336817346	0.0166510013991122	0.1773708655867983	0.5209047363750907	0.2397760619411103	0.2397760619411103	0.540445711397491	2.24303817223351	estimated	estimated	estimated	sensitivity_boundary_context	0.0049454685061893	0.0003881482885448	middle	0.5319148936170213	0.0638297872340425	GEARS	GEARS	NA
HCC38	gears_hcc_formal_v1	formal	NA	NA	PFDN5	0.0577448682175986	0.5455530977529213	0.0487808046483802	0.7934985664847273	0.4486911726086807	0.2447848591510564	0.2447848591510564	0.4459209318126958	0.925051151106724	estimated	estimated	estimated	sensitivity_boundary_context	0.8201974002162512	0.0001812035372937	middle	0.2978723404255319	0.8723404255319149	GEARS	GEARS	NA
HCC38	gears_hcc_formal_v1	formal	NA	NA	PMF1	0.0618696318202221	0.6113548001782824	0.0345675587553357	0.3349606044694711	0.4757960398515224	0.2908801928690456	0.2908801928690456	0.4553543279158842	1.6107097641134092	estimated	estimated	estimated	sensitivity_boundary_context	0.9978434877605236	0.0015908925687295	endpoint_anchor	0.7659574468085106	0.9574468085106383	GEARS	GEARS	NA
HCC38	gears_hcc_formal_v1	formal	NA	NA	PRDX2	0.0541686289725502	0.436466716851362	0.0270864657071904	0.7294690866573793	0.1178403142614571	0.0514333750784309	0.0514333750784309	0.1102473638168645	1.103172053929196	estimated	estimated	estimated	sensitivity_boundary_context	0.1572365253337959	0.0002855126478934	middle	0.4042553191489361	0.6595744680851063	GEARS	GEARS	NA
HCC38	gears_hcc_formal_v1	formal	NA	NA	PRPF6	0.0436090511133121	0.4615440793155652	0.0471347821832534	0.4114040023628398	-0.154891080551007	-0.0714890611671075	0.0714890611671075	-0.1467651099158033	1.6143548887728816	estimated	estimated	estimated	sensitivity_boundary_context	0.9972796156547944	0.0002308870003735	middle	0.3829787234042553	0.9361702127659576	GEARS	GEARS	NA
HCC38	gears_hcc_formal_v1	formal	NA	NA	RORC	0.0571609246769829	0.4956238121060951	0.0124564503901467	0.1091991366502756	0.1207882193604219	0.0598655177369195	0.0598655177369195	0.1291154785333145	4.528078124507921	estimated	estimated	estimated	sensitivity_boundary_context	0.263229534078098	0.0001511530866577	middle	0.1914893617021276	0.7446808510638298	GEARS	GEARS	NA
HCC38	gears_hcc_formal_v1	formal	NA	NA	RPS3	0.0555671821970955	0.5417755765354686	0.0463147294667679	0.8642886825255415	0.701091316487437	0.3798341521939919	0.3798341521939919	0.6981090075321268	0.7169263484757372	estimated	estimated	estimated	sensitivity_boundary_context	1.0	0.0009218466160271	middle	0.7021276595744681	0.9893617021276596	GEARS	GEARS	NA
HCC38	gears_hcc_formal_v1	formal	NA	NA	RUVBL2	0.0604066279455557	0.5210402034138946	0.0360894148040621	0.4457444608022761	0.1942397470626665	0.1012067173205952	0.1012067173205952	0.2033870434422159	1.382850349420337	estimated	estimated	estimated	sensitivity_boundary_context	0.978029448287533	0.0006879403849594	middle	0.6170212765957447	0.9148936170212766	GEARS	GEARS	NA
HCC38	gears_hcc_formal_v1	formal	NA	NA	SMAD1	0.0473609166300031	0.504282828479833	0.0159864703611725	0.1475318950734218	-0.0678163013205094	-0.0341985962469471	0.0341985962469471	-0.0862956506563768	3.6259074964968585	estimated	estimated	estimated	sensitivity_boundary_context	0.0125810954880103	8.928461131540999e-05	low_information	0.1276595744680851	0.2127659574468085	GEARS	GEARS	NA
HCC38	gears_hcc_formal_v1	formal	NA	NA	STAT3	0.0506931176468132	0.4607649543629383	0.020991362449927	0.4030218159651356	-0.0592811548574496	-0.027314678612475	0.027314678612475	-0.0626412931925376	1.562890965644514	estimated	estimated	estimated	sensitivity_boundary_context	0.0235621693286022	0.0007970097757102	middle	0.6382978723404256	0.3404255319148936	GEARS	GEARS	NA
HCC38	gears_hcc_formal_v1	formal	NA	NA	TAB3	0.0455801034241448	0.3914745662804281	0.0160875196405093	0.1414447440741014	0.3870586787045244	0.1515236283709292	0.1515236283709292	0.3692558571345243	2.552953115455064	estimated	estimated	estimated	sensitivity_boundary_context	0.0271522701939877	0.0003845878513856	middle	0.5106382978723404	0.3829787234042553	GEARS	GEARS	NA
HCC38	gears_hcc_formal_v1	formal	NA	NA	TADA3	0.0530223448094208	0.5286463914795838	0.0408055200298916	0.4850688499801632	-0.0405646940819755	-0.0214443791479096	0.0214443791479096	-0.0539559236241393	1.508696262408425	estimated	estimated	estimated	sensitivity_boundary_context	0.035551946395066	0.0034369248792146	middle	0.9574468085106383	0.4468085106382978	GEARS	GEARS	NA
HCC38	gears_hcc_formal_v1	formal	NA	NA	THAP8	0.048872287604724	0.4241452034124158	0.0158533770762451	0.1438130250358041	0.0900928035947445	0.0382124305066877	0.0382124305066877	0.0884961747711157	3.0276802392383426	estimated	estimated	estimated	sensitivity_boundary_context	0.0267473201978675	0.0003178300330347	middle	0.4468085106382978	0.3617021276595745	GEARS	GEARS	NA
HCC38	gears_hcc_formal_v1	formal	NA	NA	THRA	0.0553908801871737	0.5432540289920992	0.0174579757790134	0.1865360019074074	0.1352991798019325	0.0735018245467262	0.0735018245467262	0.133729343036203	2.9484883291798902	estimated	estimated	estimated	sensitivity_boundary_context	0.0573416619307745	0.0010262530786392	middle	0.7446808510638298	0.5106382978723404	GEARS	GEARS	NA
HCC38	gears_hcc_formal_v1	formal	NA	NA	TMF1	0.0386319922939765	0.3206674654251041	0.0259589697223002	0.2654353865453703	-0.0263876806257439	-0.0084616706647044	0.0084616706647044	-0.0193377167608828	1.5884636549682776	estimated	estimated	estimated	sensitivity_boundary_context	0.0809743969956026	0.0009563640545694	middle	0.723404255319149	0.574468085106383	GEARS	GEARS	NA
HCC38	gears_hcc_formal_v1	formal	NA	NA	TMSB4X	0.0522346964771459	0.4485314342144177	0.0315802521741932	0.7921430663436945	0.3188087697857424	0.1429957547521332	0.1429957547521332	0.3178607091506357	0.979579450965555	estimated	estimated	estimated	sensitivity_boundary_context	0.2174493812731642	0.0001961393063308	middle	0.3617021276595745	0.7021276595744681	GEARS	GEARS	NA
HCC38	gears_hcc_formal_v1	formal	NA	NA	UBP1	0.0462481374288789	0.4689555464124428	0.0144240479805346	0.1411650107232403	-0.2685301070261321	-0.1259286830686315	0.1259286830686315	-0.2659950727331358	3.717535709736446	estimated	estimated	estimated	sensitivity_boundary_context	0.0201784564207119	0.0001585391625746	middle	0.2340425531914893	0.2765957446808511	GEARS	GEARS	NA
HCC38	gears_hcc_formal_v1	formal	NA	NA	VEZF1	0.0473718046825977	0.4574509919643469	0.0256676462888529	0.297756520445403	0.1059771380855573	0.0484793469427807	0.0484793469427807	0.1131196303084358	1.7420292272128348	estimated	estimated	estimated	sensitivity_boundary_context	0.0694464693745538	0.0022365591295995	middle	0.8723404255319149	0.5319148936170213	GEARS	GEARS	NA
HCC38	gears_hcc_formal_v1	formal	NA	NA	XBP1	0.0500498357105965	0.4701945139766644	0.016807646765055	0.1810247924973296	-0.1053371921571533	-0.0495289698699992	0.0495289698699992	-0.1089806417839246	2.8798808732199936	estimated	estimated	estimated	sensitivity_boundary_context	0.0113924113087519	-0.0001168536470148	low_information	0.0425531914893617	0.1914893617021276	GEARS	GEARS	NA
HCC38	gears_hcc_formal_v1	formal	NA	NA	YBX1	0.0639763006521808	0.8640858676981368	0.0557853143197594	1.5119656884992447	0.8432452081318323	0.7286362673508904	0.7286362673508904	0.8534435342971873	0.602315435735089	estimated	estimated	estimated	sensitivity_boundary_context	1.0	0.0019462975016243	endpoint_anchor	0.851063829787234	0.9893617021276596	GEARS	GEARS	NA
HCC38	gears_hcc_formal_v1	formal	NA	NA	ZBTB17	0.0688326873394736	0.5924916127277587	0.0271345116078105	0.2497591704500462	0.3787232183090179	0.2243903303933571	0.2243903303933571	0.3822051035619666	2.197890913572325	estimated	estimated	estimated	sensitivity_boundary_context	0.2634223656448051	0.0015980088443709	endpoint_anchor	0.7872340425531915	0.7659574468085106	GEARS	GEARS	NA
HCC38	gears_hcc_formal_v1	formal	NA	NA	ZBTB20	0.0490995086653362	0.4558437394174344	0.0195070447520668	0.1837939184203465	0.1485549406302287	0.0677178396458184	0.0677178396458184	0.1479818620553273	2.5326766404463568	estimated	estimated	estimated	sensitivity_boundary_context	0.0018330352467763	0.0008809511967314	middle	0.6595744680851063	0.0212765957446808	GEARS	GEARS	NA
HCC38	gears_hcc_formal_v1	formal	NA	NA	ZBTB5	0.04855811030447	0.5447594852289876	0.015191196632473	0.134926525726472	0.026908671193678	0.0146587538676641	0.0146587538676641	0.0210241096665112	4.133248177589768	estimated	estimated	estimated	sensitivity_boundary_context	0.0143722132742512	0.0003590051660145	middle	0.4893617021276595	0.2340425531914893	GEARS	GEARS	NA
HCC38	gears_hcc_formal_v1	formal	NA	NA	ZNF131	0.0513948055269574	0.472877773297687	0.0423373795269807	0.4113314399853767	0.2553974165882862	0.1207717616622505	0.1207717616622505	0.2404325346994319	1.316973385648253	estimated	estimated	estimated	sensitivity_boundary_context	0.6622862073859538	0.003003726532435	endpoint_anchor	0.9148936170212766	0.851063829787234	GEARS	GEARS	NA
HCC38	gears_hcc_formal_v1	formal	NA	NA	ZNF24	0.0633415571699547	0.6303511827233194	0.0157968938159276	0.1610912063982979	0.1920979900990623	0.1210891952577164	0.1210891952577164	0.1941437416842064	3.8481514807850097	estimated	estimated	estimated	sensitivity_boundary_context	0.0403071652767106	5.247577735052831e-05	middle	0.0851063829787234	0.4680851063829787	GEARS	GEARS	NA
HCC38	gears_hcc_formal_v1	formal	NA	NA	ZNF566	0.0534339402818656	0.4597386988058612	0.0158687911163489	0.1602164959466003	0.2222824386831517	0.1021918391275857	0.1021918391275857	0.2290550528914418	2.821040148758156	estimated	estimated	estimated	sensitivity_boundary_context	0.0863639716532793	0.0002923370664005	middle	0.425531914893617	0.5957446808510638	GEARS	GEARS	NA
HCC38	geneformer_hcc_formal_v1	formal	NA	NA	ARID1A	0.0159541894006211	0.1586702166684288	0.0310666107447073	0.3429151804883518	-0.0822001193913154	-0.0130427107539907	0.0130427107539907	-0.0788277174703761	1.1358564906087514	estimated	estimated	estimated	sensitivity_boundary_context	0.0939245801107399	0.0042572862999502	middle	0.9787234042553192	0.6382978723404256	Geneformer kernel	Geneformer	NA
HCC38	geneformer_hcc_formal_v1	formal	NA	NA	BMPR1A	0.010703517993487	0.1053790806533262	0.0178830873467989	0.1753513681997965	0.2430395146953567	0.0256112806210272	0.0256112806210272	0.2078166698928845	1.0339432051088768	estimated	estimated	estimated	sensitivity_boundary_context	0.2329854350238944	0.000340389816312	middle	0.4680851063829787	0.723404255319149	Geneformer kernel	Geneformer	NA
HCC38	geneformer_hcc_formal_v1	formal	NA	NA	CDKN2A	0.0124993311331091	0.1083706865412195	0.013985852995335	0.1194138020099699	-0.0286441122569275	-0.003104182110647	0.003104182110647	-0.0328647018151515	1.369520733486606	estimated	estimated	estimated	sensitivity_boundary_context	0.0034117871973033	-7.83487363521405e-05	low_information	0.0638297872340425	0.0425531914893617	Geneformer kernel	Geneformer	NA
HCC38	geneformer_hcc_formal_v1	formal	NA	NA	COMMD6	0.0180123216968173	0.1974688348415889	0.0151409613758929	0.205477446328941	0.09000190086829	0.0177725704979894	0.0177725704979894	0.0822282911949695	1.3230947856184856	estimated	estimated	estimated	sensitivity_boundary_context	0.0087958879569685	6.78145213169612e-05	low_information	0.1063829787234042	0.1489361702127659	Geneformer kernel	Geneformer	NA
HCC38	geneformer_hcc_formal_v1	formal	NA	NA	ENY2	0.0104958854823833	0.0938776454293859	0.0482770942367106	0.5362717946357187	0.2945112921245872	0.0276480266570223	0.0276480266570223	0.3178993813359189	0.9630849616138616	estimated	estimated	estimated	sensitivity_boundary_context	0.4895161201697765	0.0026942573104302	endpoint_anchor	0.8936170212765957	0.8297872340425532	Geneformer kernel	Geneformer	NA
HCC38	geneformer_hcc_formal_v1	formal	NA	NA	ERC1	0.0133268800715613	0.1172355408351345	0.0160129155392678	0.2233704359880932	-0.0932766210702388	-0.0109353351184433	0.0109353351184433	-0.0841503441308815	1.1719119412263683	estimated	estimated	estimated	sensitivity_boundary_context	0.0054295617631019	0.0001540531423909	low_information	0.2127659574468085	0.0851063829787234	Geneformer kernel	Geneformer	NA
HCC38	geneformer_hcc_formal_v1	formal	NA	NA	ETV3	0.013971990407223	0.1257469192895489	0.0168789918562509	0.173733878700292	0.0461393484811159	0.0058018809295272	0.0058018809295272	0.024141297520433	1.2070965797557618	estimated	estimated	estimated	sensitivity_boundary_context	0.0807914252803547	0.0001472977658825	middle	0.1702127659574468	0.5531914893617021	Geneformer kernel	Geneformer	NA
HCC38	geneformer_hcc_formal_v1	formal	NA	NA	GON4L	0.0091682332949371	0.0853101591206492	0.0245934809105966	0.2258873099355492	0.2939073545184956	0.0250732831807019	0.0250732831807019	0.2677801772362148	0.959496809634264	estimated	estimated	estimated	sensitivity_boundary_context	0.3129469325001975	0.0001679449755795	middle	0.2765957446808511	0.7872340425531915	Geneformer kernel	Geneformer	NA
HCC38	geneformer_hcc_formal_v1	formal	NA	NA	HDGF	0.0195652254045657	0.1886881908585348	0.0270203578427718	0.5410445296012522	0.1563464281463744	0.0295007246741333	0.0295007246741333	0.1422077327000572	1.0062674368458242	estimated	estimated	estimated	sensitivity_boundary_context	0.0286996254177853	0.000499433390583	middle	0.574468085106383	0.4042553191489361	Geneformer kernel	Geneformer	NA
HCC38	geneformer_hcc_formal_v1	formal	NA	NA	HLX	0.011602703403211	0.1050621265319578	0.0163040022453419	0.1519551979563902	0.1321248955352351	0.0138813224927445	0.0138813224927445	0.1397582668908742	1.1381273577197644	estimated	estimated	estimated	sensitivity_boundary_context	0.006315463793662	0.0006534833889089	middle	0.5957446808510638	0.1063829787234042	Geneformer kernel	Geneformer	NA
HCC38	geneformer_hcc_formal_v1	formal	NA	NA	KLF3	0.0107291646431931	0.1086564418721239	0.0206142707573248	0.2277669756883913	0.4207328143609662	0.0457153305873074	0.0457153305873074	0.3942095657950925	0.9089310349243276	estimated	estimated	estimated	sensitivity_boundary_context	0.1616884807733207	0.0004151878526526	middle	0.5531914893617021	0.6808510638297872	Geneformer kernel	Geneformer	NA
HCC38	geneformer_hcc_formal_v1	formal	NA	NA	LAMTOR5	0.011082584292408	0.1207770978229385	0.0588712311683534	0.8186488784461469	-0.1950924891508858	-0.0235627046466971	0.0235627046466971	-0.1640289122241672	1.0389083797562089	estimated	estimated	estimated	sensitivity_boundary_context	0.0890975409858624	0.0046119790678145	middle	1.0	0.6170212765957447	Geneformer kernel	Geneformer	NA
HCC38	geneformer_hcc_formal_v1	formal	NA	NA	MAML3	0.0115944412757848	0.1046920028214861	0.0109564328148032	0.1014247719831331	0.2509025962442619	0.0262674953139224	0.0262674953139224	0.2469537491960389	1.2439832668438031	estimated	estimated	estimated	sensitivity_boundary_context	0.009549016733777	-0.0001588297680574	low_information	0.0212765957446808	0.1702127659574468	Geneformer kernel	Geneformer	NA
HCC38	geneformer_hcc_formal_v1	formal	NA	NA	MIER1	0.0173711052122083	0.173497121533804	0.0170396850073614	0.2091119352041771	-0.10853254171295	-0.0188300835799443	0.0188300835799443	-0.1270342590452632	1.3669212160371136	estimated	estimated	estimated	sensitivity_boundary_context	0.0068709338808792	0.0001888196382934	middle	0.3404255319148936	0.1276595744680851	Geneformer kernel	Geneformer	NA
HCC38	geneformer_hcc_formal_v1	formal	NA	NA	MTDH	0.0138519904577944	0.1606664459457584	0.0407769338674918	0.8910857667190333	0.2117718382533243	0.0340246286035616	0.0340246286035616	0.2045096597387721	0.9778256005253224	estimated	estimated	estimated	sensitivity_boundary_context	0.0342163047187118	0.0009157505297965	middle	0.6808510638297872	0.425531914893617	Geneformer kernel	Geneformer	NA
HCC38	geneformer_hcc_formal_v1	formal	NA	NA	MYBL1	0.0069863941468929	0.0620675804763304	0.0204974765150264	0.2060468418286695	0.270510138991432	0.016789909821514	0.016789909821514	0.2493534144048468	0.9632071436056868	estimated	estimated	estimated	sensitivity_boundary_context	0.0145675964421822	0.0019411097801427	middle	0.8297872340425532	0.2553191489361702	Geneformer kernel	Geneformer	NA
HCC38	geneformer_hcc_formal_v1	formal	NA	NA	NCOA1	0.0091729637332371	0.086830430053081	0.0134416904437355	0.1239032375540687	0.4642285510414262	0.0403091647298457	0.0403091647298457	0.4634596518708382	0.9167629145561071	estimated	estimated	estimated	sensitivity_boundary_context	0.0459486880054965	0.0001819874491868	middle	0.3191489361702128	0.4893617021276595	Geneformer kernel	Geneformer	NA
HCC38	geneformer_hcc_formal_v1	formal	NA	NA	NPM1	0.0150130457825385	0.1466173223335157	0.0540382168733747	1.1039501623440098	-0.2031989799775219	-0.0297924903452059	0.0297924903452059	-0.203577836961617	1.0351875408812028	estimated	estimated	estimated	sensitivity_boundary_context	0.8555302996262993	0.0031722798838418	endpoint_anchor	0.9361702127659576	0.8936170212765957	Geneformer kernel	Geneformer	NA
HCC38	geneformer_hcc_formal_v1	formal	NA	NA	PA2G4	0.0112078223213231	0.107994034508629	0.0379683091204052	0.8486574654795975	0.1863152215513083	0.0201209324656948	0.0201209324656948	0.2020326322976366	0.9842636884719542	estimated	estimated	estimated	sensitivity_boundary_context	0.3764696904296344	0.001678226549744	endpoint_anchor	0.8085106382978723	0.8085106382978723	Geneformer kernel	Geneformer	NA
HCC38	geneformer_hcc_formal_v1	formal	NA	NA	PARK7	0.0172802379865124	0.1952970564220467	0.0316253395760437	0.8210627520361934	-0.113716428545869	-0.0222084837618362	0.0222084837618362	-0.1450746165305289	1.0538850804209354	estimated	estimated	estimated	sensitivity_boundary_context	0.0215311147572859	0.0001615046790646	middle	0.2553191489361702	0.3191489361702128	Geneformer kernel	Geneformer	NA
HCC38	geneformer_hcc_formal_v1	formal	NA	NA	PCBD1	0.0139646984961772	0.12570927111847	0.0182116374462251	0.3097410515478567	-0.0502241404513557	-0.0063136400886915	0.0063136400886915	-0.0348442079815233	1.0979452197865245	estimated	estimated	estimated	sensitivity_boundary_context	0.0210892465180688	0.0001295065875872	middle	0.1489361702127659	0.2978723404255319	Geneformer kernel	Geneformer	NA
HCC38	geneformer_hcc_formal_v1	formal	NA	NA	PEX14	0.0140039668560649	0.1260263204337259	0.0166510013991122	0.1773708655867983	0.4239294051100254	0.0534262630496748	0.0534262630496748	0.4605696236819213	0.949958170983019	estimated	estimated	estimated	sensitivity_boundary_context	0.0049454685061893	0.0003881482885448	middle	0.5319148936170213	0.0638297872340425	Geneformer kernel	Geneformer	NA
HCC38	geneformer_hcc_formal_v1	formal	NA	NA	PFDN5	0.0155239019142345	0.1412352181130318	0.0487808046483802	0.7934985664847273	-0.1546152087535901	-0.0218371127319052	0.0218371127319052	-0.1364264130303192	1.0424589701139368	estimated	estimated	estimated	sensitivity_boundary_context	0.8201974002162512	0.0001812035372937	middle	0.2978723404255319	0.8723404255319149	Geneformer kernel	Geneformer	NA
HCC38	geneformer_hcc_formal_v1	formal	NA	NA	PMF1	0.013957014303814	0.1257636237025207	0.0345675587553357	0.3349606044694711	0.1296329335522907	0.0163031074747241	0.0163031074747241	0.2448439793072696	1.0215797785381548	estimated	estimated	estimated	sensitivity_boundary_context	0.9978434877605236	0.0015908925687295	endpoint_anchor	0.7659574468085106	0.9574468085106383	Geneformer kernel	Geneformer	NA
HCC38	geneformer_hcc_formal_v1	formal	NA	NA	PRDX2	0.0157552754754763	0.1497768700575197	0.0270864657071904	0.7294690866573793	-0.1175855884758008	-0.017611601405777	0.017611601405777	-0.131884897727539	1.0442431060301136	estimated	estimated	estimated	sensitivity_boundary_context	0.1572365253337959	0.0002855126478934	middle	0.4042553191489361	0.6595744680851063	Geneformer kernel	Geneformer	NA
HCC38	geneformer_hcc_formal_v1	formal	NA	NA	PRPF6	0.0128333945890347	0.1140500687786138	0.0471347821832534	0.4114040023628398	0.1058551581557135	0.0120727880682301	0.0120727880682301	0.1019409637063214	1.0090397103426043	estimated	estimated	estimated	sensitivity_boundary_context	0.9972796156547944	0.0002308870003735	middle	0.3829787234042553	0.9361702127659576	Geneformer kernel	Geneformer	NA
HCC38	geneformer_hcc_formal_v1	formal	NA	NA	RORC	0.0118014192793443	0.1064872304665411	0.0124564503901467	0.1091991366502756	0.2437966222913683	0.0259612271049052	0.0259612271049052	0.2440685330170982	1.2146866424027418	estimated	estimated	estimated	sensitivity_boundary_context	0.263229534078098	0.0001511530866577	middle	0.1914893617021276	0.7446808510638298	Geneformer kernel	Geneformer	NA
HCC38	geneformer_hcc_formal_v1	formal	NA	NA	RPS3	0.0170082927274936	0.2398126932634652	0.0463147294667679	0.8642886825255415	0.1032436174543801	0.0247591299639978	0.0247591299639978	0.0899408146222487	1.0097994791695408	estimated	estimated	estimated	sensitivity_boundary_context	1.0	0.0009218466160271	middle	0.7021276595744681	0.9893617021276596	Geneformer kernel	Geneformer	NA
HCC38	geneformer_hcc_formal_v1	formal	NA	NA	RUVBL2	0.0133553213553942	0.1237125272942335	0.0360894148040621	0.4457444608022761	0.3904902613788485	0.0483085371189631	0.0483085371189631	0.3911175975427284	0.9275100044486472	estimated	estimated	estimated	sensitivity_boundary_context	0.978029448287533	0.0006879403849594	middle	0.6170212765957447	0.9148936170212766	Geneformer kernel	Geneformer	NA
HCC38	geneformer_hcc_formal_v1	formal	NA	NA	SMAD1	0.0139482518521141	0.1255906999540779	0.0159864703611725	0.1475318950734218	0.211431190709309	0.0265537912333062	0.0265537912333062	0.2268299513542644	1.1682042489357205	estimated	estimated	estimated	sensitivity_boundary_context	0.0125810954880103	8.928461131540999e-05	low_information	0.1276595744680851	0.2127659574468085	Geneformer kernel	Geneformer	NA
HCC38	geneformer_hcc_formal_v1	formal	NA	NA	STAT3	0.0185499421574523	0.1749898612632503	0.020991362449927	0.4030218159651356	0.2393233756651601	0.0418791643046991	0.0418791643046991	0.2287029882506307	0.9903025205326376	estimated	estimated	estimated	sensitivity_boundary_context	0.0235621693286022	0.0007970097757102	middle	0.6382978723404256	0.3404255319148936	Geneformer kernel	Geneformer	NA
HCC38	geneformer_hcc_formal_v1	formal	NA	NA	TAB3	0.0107107472063061	0.1054553516181076	0.0160875196405093	0.1414447440741014	0.1721256837451416	0.0181515745018511	0.0181515745018511	0.1558917011929476	1.1398237184350055	estimated	estimated	estimated	sensitivity_boundary_context	0.0271522701939877	0.0003845878513856	middle	0.5106382978723404	0.3829787234042553	Geneformer kernel	Geneformer	NA
HCC38	geneformer_hcc_formal_v1	formal	NA	NA	TADA3	0.013983754517898	0.125873935154417	0.0408055200298916	0.4850688499801632	0.074118266529549	0.0093295578748982	0.0093295578748982	0.0864575349861189	1.0143331679355967	estimated	estimated	estimated	sensitivity_boundary_context	0.035551946395066	0.0034369248792146	middle	0.9574468085106383	0.4468085106382978	Geneformer kernel	Geneformer	NA
HCC38	geneformer_hcc_formal_v1	formal	NA	NA	THAP8	0.012965838405812	0.1163661344825856	0.0158533770762451	0.1438130250358041	0.4982408246721141	0.0579783588085096	0.0579783588085096	0.499567344571069	0.9210970852513584	estimated	estimated	estimated	sensitivity_boundary_context	0.0267473201978675	0.0003178300330347	middle	0.4468085106382978	0.3617021276595745	Geneformer kernel	Geneformer	NA
HCC38	geneformer_hcc_formal_v1	formal	NA	NA	THRA	0.011838679233218	0.1068242496136719	0.0174579757790134	0.1865360019074074	-0.0160996889811931	-0.0017198371944294	0.0017198371944294	-0.0152050389902143	1.160342545500708	estimated	estimated	estimated	sensitivity_boundary_context	0.0573416619307745	0.0010262530786392	middle	0.7446808510638298	0.5106382978723404	Geneformer kernel	Geneformer	NA
HCC38	geneformer_hcc_formal_v1	formal	NA	NA	TMF1	0.0164609161533175	0.1424549774027755	0.0259589697223002	0.2654353865453703	0.1791462832898484	0.0255202797378465	0.0255202797378465	0.1995287366675183	1.0467759880915315	estimated	estimated	estimated	sensitivity_boundary_context	0.0809743969956026	0.0009563640545694	middle	0.723404255319149	0.574468085106383	Geneformer kernel	Geneformer	NA
HCC38	geneformer_hcc_formal_v1	formal	NA	NA	TMSB4X	0.0136339832232597	0.1491429607349099	0.0315802521741932	0.7921430663436945	-0.0009529878416243	-0.0001421314282442	0.0001421314282442	-0.0134157628627635	1.0177462287755064	estimated	estimated	estimated	sensitivity_boundary_context	0.2174493812731642	0.0001961393063308	middle	0.3617021276595745	0.7021276595744681	Geneformer kernel	Geneformer	NA
HCC38	geneformer_hcc_formal_v1	formal	NA	NA	UBP1	0.0120030649429686	0.1311460700460037	0.0144240479805346	0.1411650107232403	0.1162220158496656	0.0152420606315079	0.0152420606315079	0.1168156009416695	1.2834110668266017	estimated	estimated	estimated	sensitivity_boundary_context	0.0201784564207119	0.0001585391625746	middle	0.2340425531914893	0.2765957446808511	Geneformer kernel	Geneformer	NA
HCC38	geneformer_hcc_formal_v1	formal	NA	NA	VEZF1	0.0085137053214798	0.0798906919229366	0.0256676462888529	0.297756520445403	0.3734869230379234	0.0298381287056683	0.0298381287056683	0.3752882543271337	0.933579111721299	estimated	estimated	estimated	sensitivity_boundary_context	0.0694464693745538	0.0022365591295995	middle	0.8723404255319149	0.5319148936170213	Geneformer kernel	Geneformer	NA
HCC38	geneformer_hcc_formal_v1	formal	NA	NA	XBP1	0.0138256050764657	0.1545256664410599	0.016807646765055	0.1810247924973296	0.037435927330601	0.0057848116196002	0.0057848116196002	0.0294169460288594	1.2902513425723248	estimated	estimated	estimated	sensitivity_boundary_context	0.0113924113087519	-0.0001168536470148	low_information	0.0425531914893617	0.1914893617021276	Geneformer kernel	Geneformer	NA
HCC38	geneformer_hcc_formal_v1	formal	NA	NA	YBX1	0.0132177475621601	0.1413013924149066	0.0557853143197594	1.5119656884992447	0.1687048708548474	0.0238382331589669	0.0238382331589669	0.1563299608919449	0.9885348481508256	estimated	estimated	estimated	sensitivity_boundary_context	1.0	0.0019462975016243	endpoint_anchor	0.851063829787234	0.9893617021276596	Geneformer kernel	Geneformer	NA
HCC38	geneformer_hcc_formal_v1	formal	NA	NA	ZBTB17	0.0103413400974384	0.1000530874244675	0.0271345116078105	0.2497591704500462	0.3445568652376169	0.0344739781603197	0.0344739781603197	0.3530586395843588	0.9404367090836174	estimated	estimated	estimated	sensitivity_boundary_context	0.2634223656448051	0.0015980088443709	endpoint_anchor	0.7872340425531915	0.7659574468085106	Geneformer kernel	Geneformer	NA
HCC38	geneformer_hcc_formal_v1	formal	NA	NA	ZBTB20	0.0137952201959486	0.1442935261884425	0.0195070447520668	0.1837939184203465	-0.1349009787036806	-0.019465337903426	0.019465337903426	-0.1401785951824906	1.3520993679641753	estimated	estimated	estimated	sensitivity_boundary_context	0.0018330352467763	0.0008809511967314	middle	0.6595744680851063	0.0212765957446808	Geneformer kernel	Geneformer	NA
HCC38	geneformer_hcc_formal_v1	formal	NA	NA	ZBTB5	0.013664765753149	0.1186051447610375	0.015191196632473	0.134926525726472	0.4588226772211664	0.0544187300514632	0.0544187300514632	0.4497956772261651	0.9828836074631906	estimated	estimated	estimated	sensitivity_boundary_context	0.0143722132742512	0.0003590051660145	middle	0.4893617021276595	0.2340425531914893	Geneformer kernel	Geneformer	NA
HCC38	geneformer_hcc_formal_v1	formal	NA	NA	ZNF131	0.0133449527547913	0.1197317318298396	0.0423373795269807	0.4113314399853767	0.1016104879087326	0.0121659996893875	0.0121659996893875	0.118202870909208	1.012706903633506	estimated	estimated	estimated	sensitivity_boundary_context	0.6622862073859538	0.003003726532435	endpoint_anchor	0.9148936170212766	0.851063829787234	Geneformer kernel	Geneformer	NA
HCC38	geneformer_hcc_formal_v1	formal	NA	NA	ZNF24	0.0119342986039896	0.1058687729954002	0.0157968938159276	0.1610912063982979	0.0930618070943934	0.009852339329818	0.009852339329818	0.0939203128516969	1.1443726772152003	estimated	estimated	estimated	sensitivity_boundary_context	0.0403071652767106	5.247577735052831e-05	middle	0.0851063829787234	0.4680851063829787	Geneformer kernel	Geneformer	NA
HCC38	geneformer_hcc_formal_v1	formal	NA	NA	ZNF566	0.0125017123815394	0.108341877985103	0.0158687911163489	0.1602164959466003	0.6464278303298994	0.0700352051197768	0.0700352051197768	0.6423326916994718	0.7635566366335877	estimated	estimated	estimated	sensitivity_boundary_context	0.0863639716532793	0.0002923370664005	middle	0.425531914893617	0.5957446808510638	Geneformer kernel	Geneformer	NA
HCC38	lm_g_geneformer_ridge_hcc_formal_v1	formal	NA	NA	ARID1A	0.0272119079541641	0.2794683209630195	0.0310666107447073	0.3429151804883518	-0.0844430010287762	-0.0235991437145906	0.0235991437145906	-0.0605309276418213	1.342321675286288	estimated	estimated	estimated	sensitivity_boundary_context	0.0939245801107399	0.0042572862999502	middle	0.9787234042553192	0.6382978723404256	Geneformer ridge	linear_embedding	NA
HCC38	lm_g_geneformer_ridge_hcc_formal_v1	formal	NA	NA	BMPR1A	0.0484670203431321	0.4602655335319957	0.0178830873467989	0.1753513681997965	0.2983339705182962	0.1373128441113223	0.1373128441113223	0.2831521817355854	2.51466252070476	estimated	estimated	estimated	sensitivity_boundary_context	0.2329854350238944	0.000340389816312	middle	0.4680851063829787	0.723404255319149	Geneformer ridge	linear_embedding	NA
HCC38	lm_g_geneformer_ridge_hcc_formal_v1	formal	NA	NA	CDKN2A	0.0881967378315615	0.8791770301438885	0.013985852995335	0.1194138020099699	-0.1488748965764167	-0.1308873894350326	0.1308873894350326	-0.1456028830431984	7.5761268146912	estimated	estimated	estimated	sensitivity_boundary_context	0.0034117871973033	-7.83487363521405e-05	low_information	0.0638297872340425	0.0425531914893617	Geneformer ridge	linear_embedding	NA
HCC38	lm_g_geneformer_ridge_hcc_formal_v1	formal	NA	NA	COMMD6	0.0617181502259001	0.6472136407974336	0.0151409613758929	0.205477446328941	-0.2095288368249316	-0.1356099213335154	0.1356099213335154	-0.2323419775534238	3.4987445485791	estimated	estimated	estimated	sensitivity_boundary_context	0.0087958879569685	6.78145213169612e-05	low_information	0.1063829787234042	0.1489361702127659	Geneformer ridge	linear_embedding	NA
HCC38	lm_g_geneformer_ridge_hcc_formal_v1	formal	NA	NA	ENY2	0.0467136426087401	0.5028109113333845	0.0482770942367106	0.5362717946357187	0.2283756353729352	0.1148297613482062	0.1148297613482062	0.2050686827746619	1.2045124820614244	estimated	estimated	estimated	sensitivity_boundary_context	0.4895161201697765	0.0026942573104302	endpoint_anchor	0.8936170212765957	0.8297872340425532	Geneformer ridge	linear_embedding	NA
HCC38	lm_g_geneformer_ridge_hcc_formal_v1	formal	NA	NA	ERC1	0.0926541941482283	1.0186720837086791	0.0160129155392678	0.2233704359880932	-0.0936689263784895	-0.0954179204127308	0.0954179204127308	-0.1012437969315671	4.75942730235866	estimated	estimated	estimated	sensitivity_boundary_context	0.0054295617631019	0.0001540531423909	low_information	0.2127659574468085	0.0851063829787234	Geneformer ridge	linear_embedding	NA
HCC38	lm_g_geneformer_ridge_hcc_formal_v1	formal	NA	NA	ETV3	0.0356493374453886	0.3753699501158183	0.0168789918562509	0.173733878700292	0.2837182804661206	0.1064993167855134	0.1064993167855134	0.3211128691503763	2.107652821660823	estimated	estimated	estimated	sensitivity_boundary_context	0.0807914252803547	0.0001472977658825	middle	0.1702127659574468	0.5531914893617021	Geneformer ridge	linear_embedding	NA
HCC38	lm_g_geneformer_ridge_hcc_formal_v1	formal	NA	NA	GON4L	0.0208196082952847	0.1989462099339456	0.0245934809105966	0.2258873099355492	0.0594992282090922	0.0118371459461938	0.0118371459461938	0.0669325779951642	1.292626515498747	estimated	estimated	estimated	sensitivity_boundary_context	0.3129469325001975	0.0001679449755795	middle	0.2765957446808511	0.7872340425531915	Geneformer ridge	linear_embedding	NA
HCC38	lm_g_geneformer_ridge_hcc_formal_v1	formal	NA	NA	HDGF	0.02964188194646	0.3189013510950026	0.0270203578427718	0.5410445296012522	0.2464128222997611	0.0785813819585266	0.0785813819585266	0.2142172604653506	1.028072580374802	estimated	estimated	estimated	sensitivity_boundary_context	0.0286996254177853	0.000499433390583	middle	0.574468085106383	0.4042553191489361	Geneformer ridge	linear_embedding	NA
HCC38	lm_g_geneformer_ridge_hcc_formal_v1	formal	NA	NA	HLX	0.0721228628652538	0.7728051645308455	0.0163040022453419	0.1519551979563902	-0.0744393387087109	-0.0575271053983526	0.0575271053983526	-0.0935012333000303	5.255658474562861	estimated	estimated	estimated	sensitivity_boundary_context	0.006315463793662	0.0006534833889089	middle	0.5957446808510638	0.1063829787234042	Geneformer ridge	linear_embedding	NA
HCC38	lm_g_geneformer_ridge_hcc_formal_v1	formal	NA	NA	KLF3	0.0406557261188668	0.4012653209862077	0.0206142707573248	0.2277669756883913	-0.0394130374981637	-0.0158150851427421	0.0158150851427421	-0.0131845891861819	2.059753651582096	estimated	estimated	estimated	sensitivity_boundary_context	0.1616884807733207	0.0004151878526526	middle	0.5531914893617021	0.6808510638297872	Geneformer ridge	linear_embedding	NA
HCC38	lm_g_geneformer_ridge_hcc_formal_v1	formal	NA	NA	LAMTOR5	0.0420525882857359	0.4755768640415259	0.0588712311683534	0.8186488784461469	-0.0087150223810595	-0.004144663014036	0.004144663014036	-0.0128378416547158	1.1608635177001303	estimated	estimated	estimated	sensitivity_boundary_context	0.0890975409858624	0.0046119790678145	middle	1.0	0.6170212765957447	Geneformer ridge	linear_embedding	NA
HCC38	lm_g_geneformer_ridge_hcc_formal_v1	formal	NA	NA	MAML3	0.0826281077966555	0.8738014911322244	0.0109564328148032	0.1014247719831331	0.1039693219644458	0.0908485485645391	0.0908485485645391	0.1102990829075744	8.569211081437027	estimated	estimated	estimated	sensitivity_boundary_context	0.009549016733777	-0.0001588297680574	low_information	0.0212765957446808	0.1702127659574468	Geneformer ridge	linear_embedding	NA
HCC38	lm_g_geneformer_ridge_hcc_formal_v1	formal	NA	NA	MIER1	0.0304172765377913	0.3029460197227254	0.0170396850073614	0.2091119352041771	-0.3507969661634402	-0.1062725446300218	0.1062725446300218	-0.3772896197053643	2.028602104625256	estimated	estimated	estimated	sensitivity_boundary_context	0.0068709338808792	0.0001888196382934	middle	0.3404255319148936	0.1276595744680851	Geneformer ridge	linear_embedding	NA
HCC38	lm_g_geneformer_ridge_hcc_formal_v1	formal	NA	NA	MTDH	0.0969012366654272	0.9925222880651594	0.0407769338674918	0.8910857667190333	-0.0687669546012406	-0.0682527351240962	0.0682527351240962	-0.0899732150907357	1.547196783444207	estimated	estimated	estimated	sensitivity_boundary_context	0.0342163047187118	0.0009157505297965	middle	0.6808510638297872	0.425531914893617	Geneformer ridge	linear_embedding	NA
HCC38	lm_g_geneformer_ridge_hcc_formal_v1	formal	NA	NA	MYBL1	0.072218013086243	0.7167643875156331	0.0204974765150264	0.2060468418286695	0.1897233157966853	0.1359869162444462	0.1359869162444462	0.161316714652495	3.4323503828102746	estimated	estimated	estimated	sensitivity_boundary_context	0.0145675964421822	0.0019411097801427	middle	0.8297872340425532	0.2553191489361702	Geneformer ridge	linear_embedding	NA
HCC38	lm_g_geneformer_ridge_hcc_formal_v1	formal	NA	NA	NCOA1	0.0830507402260608	0.8684219955520402	0.0134416904437355	0.1239032375540687	-0.1437168954315744	-0.1248069131252317	0.1248069131252317	-0.1427853551758111	7.22072577044467	estimated	estimated	estimated	sensitivity_boundary_context	0.0459486880054965	0.0001819874491868	middle	0.3191489361702128	0.4893617021276595	Geneformer ridge	linear_embedding	NA
HCC38	lm_g_geneformer_ridge_hcc_formal_v1	formal	NA	NA	NPM1	0.0872687761077071	0.9387262495214456	0.0540382168733747	1.1039501623440098	-0.2006343425158522	-0.188340723875107	0.188340723875107	-0.2033654361978452	1.4367602835104687	estimated	estimated	estimated	sensitivity_boundary_context	0.8555302996262993	0.0031722798838418	endpoint_anchor	0.9361702127659576	0.8936170212765957	Geneformer ridge	linear_embedding	NA
HCC38	lm_g_geneformer_ridge_hcc_formal_v1	formal	NA	NA	PA2G4	0.0950487309665883	0.985874554415902	0.0379683091204052	0.8486574654795975	0.1369454287246451	0.1350110135232042	0.1350110135232042	0.1204630518288163	1.425251466563621	estimated	estimated	estimated	sensitivity_boundary_context	0.3764696904296344	0.001678226549744	endpoint_anchor	0.8085106382978723	0.8085106382978723	Geneformer ridge	linear_embedding	NA
HCC38	lm_g_geneformer_ridge_hcc_formal_v1	formal	NA	NA	PARK7	0.0825657997208384	0.98484282185363	0.0316253395760437	0.8210627520361934	-0.0539312175341857	-0.0531137724623694	0.0531137724623694	-0.0981700868098178	1.6025336896332718	estimated	estimated	estimated	sensitivity_boundary_context	0.0215311147572859	0.0001615046790646	middle	0.2553191489361702	0.3191489361702128	Geneformer ridge	linear_embedding	NA
HCC38	lm_g_geneformer_ridge_hcc_formal_v1	formal	NA	NA	PCBD1	0.0419988314253545	0.4031671144151649	0.0182116374462251	0.3097410515478567	0.0671832465868433	0.0270860756634601	0.0270860756634601	0.0411052040747796	1.5872416915174603	estimated	estimated	estimated	sensitivity_boundary_context	0.0210892465180688	0.0001295065875872	middle	0.1489361702127659	0.2978723404255319	Geneformer ridge	linear_embedding	NA
HCC38	lm_g_geneformer_ridge_hcc_formal_v1	formal	NA	NA	PEX14	0.0377867943350607	0.3506395365767729	0.0166510013991122	0.1773708655867983	-0.071135745969978	-0.0249430050009561	0.0249430050009561	-0.1077655778065611	2.277998316241636	estimated	estimated	estimated	sensitivity_boundary_context	0.0049454685061893	0.0003881482885448	middle	0.5319148936170213	0.0638297872340425	Geneformer ridge	linear_embedding	NA
HCC38	lm_g_geneformer_ridge_hcc_formal_v1	formal	NA	NA	PFDN5	0.1136478701697939	1.2634086668538067	0.0487808046483802	0.7934985664847273	-0.2749758512337196	-0.3474068736241844	0.3474068736241844	-0.3042076406509271	2.100175019827141	estimated	estimated	estimated	sensitivity_boundary_context	0.8201974002162512	0.0001812035372937	middle	0.2978723404255319	0.8723404255319149	Geneformer ridge	linear_embedding	NA
HCC38	lm_g_geneformer_ridge_hcc_formal_v1	formal	NA	NA	PMF1	0.0458399694611684	0.4699754755478487	0.0345675587553357	0.3349606044694711	0.2704056050221962	0.1270840028111104	0.1270840028111104	0.3439412823996141	1.4865480136515723	estimated	estimated	estimated	sensitivity_boundary_context	0.9978434877605236	0.0015908925687295	endpoint_anchor	0.7659574468085106	0.9574468085106383	Geneformer ridge	linear_embedding	NA
HCC38	lm_g_geneformer_ridge_hcc_formal_v1	formal	NA	NA	PRDX2	0.1314445988091523	1.4204628114088436	0.0270864657071904	0.7294690866573793	0.0231831153706463	0.0329307532366038	0.0329307532366038	0.0188979544257816	2.16829834645878	estimated	estimated	estimated	sensitivity_boundary_context	0.1572365253337959	0.0002855126478934	middle	0.4042553191489361	0.6595744680851063	Geneformer ridge	linear_embedding	NA
HCC38	lm_g_geneformer_ridge_hcc_formal_v1	formal	NA	NA	PRPF6	0.0271179661392618	0.2722720022492204	0.0471347821832534	0.4114040023628398	0.1824092821786553	0.0496649404876255	0.0496649404876255	0.1868219524326382	1.093870915024299	estimated	estimated	estimated	sensitivity_boundary_context	0.9972796156547944	0.0002308870003735	middle	0.3829787234042553	0.9361702127659576	Geneformer ridge	linear_embedding	NA
HCC38	lm_g_geneformer_ridge_hcc_formal_v1	formal	NA	NA	RORC	0.1015269135032194	0.9550683646908356	0.0124564503901467	0.1091991366502756	0.1101346104513338	0.1051860822996175	0.1051860822996175	0.1099544381748776	8.69298870303831	estimated	estimated	estimated	sensitivity_boundary_context	0.263229534078098	0.0001511530866577	middle	0.1914893617021276	0.7446808510638298	Geneformer ridge	linear_embedding	NA
HCC38	lm_g_geneformer_ridge_hcc_formal_v1	formal	NA	NA	RPS3	0.0983838940808825	1.0391897926525249	0.0463147294667679	0.8642886825255415	-0.120990866727006	-0.1257324737068866	0.1257324737068866	-0.1075744110899798	1.6542762499495225	estimated	estimated	estimated	sensitivity_boundary_context	1.0	0.0009218466160271	middle	0.7021276595744681	0.9893617021276596	Geneformer ridge	linear_embedding	NA
HCC38	lm_g_geneformer_ridge_hcc_formal_v1	formal	NA	NA	RUVBL2	0.0199415366377083	0.2544877509945129	0.0360894148040621	0.4457444608022761	0.2247205790036965	0.0571886347528354	0.0571886347528354	0.1896058921073066	1.0340985750853957	estimated	estimated	estimated	sensitivity_boundary_context	0.978029448287533	0.0006879403849594	middle	0.6170212765957447	0.9148936170212766	Geneformer ridge	linear_embedding	NA
HCC38	lm_g_geneformer_ridge_hcc_formal_v1	formal	NA	NA	SMAD1	0.0469838839557706	0.5007026088749492	0.0159864703611725	0.1475318950734218	0.1106119586770766	0.0553836962823803	0.0553836962823803	0.1104255628062647	3.430376539910589	estimated	estimated	estimated	sensitivity_boundary_context	0.0125810954880103	8.928461131540999e-05	low_information	0.1276595744680851	0.2127659574468085	Geneformer ridge	linear_embedding	NA
HCC38	lm_g_geneformer_ridge_hcc_formal_v1	formal	NA	NA	STAT3	0.0678343986090169	0.6510393741546373	0.020991362449927	0.4030218159651356	-0.1119725982487318	-0.072898570286323	0.072898570286323	-0.1106564957558345	1.9928021750442373	estimated	estimated	estimated	sensitivity_boundary_context	0.0235621693286022	0.0007970097757102	middle	0.6382978723404256	0.3404255319148936	Geneformer ridge	linear_embedding	NA
HCC38	lm_g_geneformer_ridge_hcc_formal_v1	formal	NA	NA	TAB3	0.0258289439531963	0.2920486284508568	0.0160875196405093	0.1414447440741014	0.0095445246183839	0.0027874653240144	0.0027874653240144	-0.0197750420435228	2.285562443775522	estimated	estimated	estimated	sensitivity_boundary_context	0.0271522701939877	0.0003845878513856	middle	0.5106382978723404	0.3829787234042553	Geneformer ridge	linear_embedding	NA
HCC38	lm_g_geneformer_ridge_hcc_formal_v1	formal	NA	NA	TADA3	0.0333116754885583	0.3828349774697521	0.0408055200298916	0.4850688499801632	0.1047532682683444	0.0401032150973945	0.0401032150973945	0.0971336772685103	1.2072889832387348	estimated	estimated	estimated	sensitivity_boundary_context	0.035551946395066	0.0034369248792146	middle	0.9574468085106383	0.4468085106382978	Geneformer ridge	linear_embedding	NA
HCC38	lm_g_geneformer_ridge_hcc_formal_v1	formal	NA	NA	THAP8	0.0403028264184576	0.4337178049087524	0.0158533770762451	0.1438130250358041	0.3023129140328558	0.1311184934698986	0.1311184934698986	0.3022523316371381	2.87608479573564	estimated	estimated	estimated	sensitivity_boundary_context	0.0267473201978675	0.0003178300330347	middle	0.4468085106382978	0.3617021276595745	Geneformer ridge	linear_embedding	NA
HCC38	lm_g_geneformer_ridge_hcc_formal_v1	formal	NA	NA	THRA	0.0540930704730178	0.617414199645586	0.0174579757790134	0.1865360019074074	0.4123526771721073	0.2545923981479313	0.2545923981479313	0.4122718177771551	3.0373845599077725	estimated	estimated	estimated	sensitivity_boundary_context	0.0573416619307745	0.0010262530786392	middle	0.7446808510638298	0.5106382978723404	Geneformer ridge	linear_embedding	NA
HCC38	lm_g_geneformer_ridge_hcc_formal_v1	formal	NA	NA	TMF1	0.0387455184227604	0.3603326101629587	0.0259589697223002	0.2654353865453703	0.1072974758274554	0.0386627795288039	0.0386627795288039	0.1255804287992214	1.5973515487828462	estimated	estimated	estimated	sensitivity_boundary_context	0.0809743969956026	0.0009563640545694	middle	0.723404255319149	0.574468085106383	Geneformer ridge	linear_embedding	NA
HCC38	lm_g_geneformer_ridge_hcc_formal_v1	formal	NA	NA	TMSB4X	0.0380290844357612	0.4004153551705682	0.0315802521741932	0.7921430663436945	-0.2341566695828736	-0.0937599260165837	0.0937599260165837	-0.260544625077227	1.2215721147582972	estimated	estimated	estimated	sensitivity_boundary_context	0.2174493812731642	0.0001961393063308	middle	0.3617021276595745	0.7021276595744681	Geneformer ridge	linear_embedding	NA
HCC38	lm_g_geneformer_ridge_hcc_formal_v1	formal	NA	NA	UBP1	0.0216611552239723	0.2396780605275194	0.0144240479805346	0.1411650107232403	-0.2403707864825847	-0.0576116039116203	0.0576116039116203	-0.2432744437393703	2.1677062658854567	estimated	estimated	estimated	sensitivity_boundary_context	0.0201784564207119	0.0001585391625746	middle	0.2340425531914893	0.2765957446808511	Geneformer ridge	linear_embedding	NA
HCC38	lm_g_geneformer_ridge_hcc_formal_v1	formal	NA	NA	VEZF1	0.0277769452744751	0.3137014330121991	0.0256676462888529	0.297756520445403	0.35971660944468	0.1128436158610856	0.1128436158610856	0.357722871712087	1.162759206344829	estimated	estimated	estimated	sensitivity_boundary_context	0.0694464693745538	0.0022365591295995	middle	0.8723404255319149	0.5319148936170213	Geneformer ridge	linear_embedding	NA
HCC38	lm_g_geneformer_ridge_hcc_formal_v1	formal	NA	NA	XBP1	0.079169263773378	0.8678417733263625	0.016807646765055	0.1810247924973296	0.0356868730334236	0.030970559177799	0.030970559177799	0.0387206456775282	4.862174317681944	estimated	estimated	estimated	sensitivity_boundary_context	0.0113924113087519	-0.0001168536470148	low_information	0.0425531914893617	0.1914893617021276	Geneformer ridge	linear_embedding	NA
HCC38	lm_g_geneformer_ridge_hcc_formal_v1	formal	NA	NA	YBX1	0.0907805691163899	0.9042476879956752	0.0557853143197594	1.5119656884992447	0.1414651766576647	0.127919558924593	0.127919558924593	0.1508054046205794	1.090168489460496	estimated	estimated	estimated	sensitivity_boundary_context	1.0	0.0019462975016243	endpoint_anchor	0.851063829787234	0.9893617021276596	Geneformer ridge	linear_embedding	NA
HCC38	lm_g_geneformer_ridge_hcc_formal_v1	formal	NA	NA	ZBTB17	0.0270841888298482	0.2910170616165383	0.0271345116078105	0.2497591704500462	0.1208538262653722	0.0351705254048642	0.0351705254048642	0.1209805488329469	1.4408448389372357	estimated	estimated	estimated	sensitivity_boundary_context	0.2634223656448051	0.0015980088443709	endpoint_anchor	0.7872340425531915	0.7659574468085106	Geneformer ridge	linear_embedding	NA
HCC38	lm_g_geneformer_ridge_hcc_formal_v1	formal	NA	NA	ZBTB20	0.0817868825573263	0.790770290153145	0.0195070447520668	0.1837939184203465	-0.0422206654552578	-0.0333868478725131	0.0333868478725131	-0.033800709069424	4.458101745005405	estimated	estimated	estimated	sensitivity_boundary_context	0.0018330352467763	0.0008809511967314	middle	0.6595744680851063	0.0212765957446808	Geneformer ridge	linear_embedding	NA
HCC38	lm_g_geneformer_ridge_hcc_formal_v1	formal	NA	NA	ZBTB5	0.0247367421650743	0.2309708306426782	0.015191196632473	0.134926525726472	0.2931222129886616	0.0677026810138112	0.0677026810138112	0.2809189016914257	1.7107898229887666	estimated	estimated	estimated	sensitivity_boundary_context	0.0143722132742512	0.0003590051660145	middle	0.4893617021276595	0.2340425531914893	Geneformer ridge	linear_embedding	NA
HCC38	lm_g_geneformer_ridge_hcc_formal_v1	formal	NA	NA	ZNF131	0.0440384323188296	0.5226111399142467	0.0423373795269807	0.4113314399853767	0.0587764385523227	0.030717221551929	0.030717221551929	0.0818660899910935	1.570001598183431	estimated	estimated	estimated	sensitivity_boundary_context	0.6622862073859538	0.003003726532435	endpoint_anchor	0.9148936170212766	0.851063829787234	Geneformer ridge	linear_embedding	NA
HCC38	lm_g_geneformer_ridge_hcc_formal_v1	formal	NA	NA	ZNF24	0.0218253728033623	0.2421714554327101	0.0157968938159276	0.1610912063982979	0.3236926272824351	0.0783891146618251	0.0783891146618251	0.3252583770341418	1.5121974836978396	estimated	estimated	estimated	sensitivity_boundary_context	0.0403071652767106	5.247577735052831e-05	middle	0.0851063829787234	0.4680851063829787	Geneformer ridge	linear_embedding	NA
HCC38	lm_g_geneformer_ridge_hcc_formal_v1	formal	NA	NA	ZNF566	0.0209534711123691	0.2398658270248617	0.0158687911163489	0.1602164959466003	0.1758720101688092	0.0421856851696663	0.0421856851696663	0.2199130840883496	1.6476670261915118	estimated	estimated	estimated	sensitivity_boundary_context	0.0863639716532793	0.0002923370664005	middle	0.425531914893617	0.5957446808510638	Geneformer ridge	linear_embedding	NA
HCC38	lm_g_scgpt_ridge_hcc_formal_v1	formal	NA	NA	ARID1A	0.0578352739554228	0.6686504699113541	0.0310666107447073	0.3429151804883518	0.1176300212899323	0.0786533690111958	0.0786533690111958	0.1200801801783538	2.08407729156459	estimated	estimated	estimated	sensitivity_boundary_context	0.0939245801107399	0.0042572862999502	middle	0.9787234042553192	0.6382978723404256	scGPT ridge	linear_embedding	NA
HCC38	lm_g_scgpt_ridge_hcc_formal_v1	formal	NA	NA	BMPR1A	0.0487916576716961	0.582620819986744	0.0178830873467989	0.1753513681997965	0.1813665052141568	0.1056679019860021	0.1056679019860021	0.1601920623077183	3.291564285480713	estimated	estimated	estimated	sensitivity_boundary_context	0.2329854350238944	0.000340389816312	middle	0.4680851063829787	0.723404255319149	scGPT ridge	linear_embedding	NA
HCC38	lm_g_scgpt_ridge_hcc_formal_v1	formal	NA	NA	CDKN2A	0.0956568138792266	1.1989229857524888	0.013985852995335	0.1194138020099699	-0.3135816458617148	-0.3759602431337067	0.3759602431337067	-0.3113224261968308	10.397104328821172	estimated	estimated	estimated	sensitivity_boundary_context	0.0034117871973033	-7.83487363521405e-05	low_information	0.0638297872340425	0.0425531914893617	scGPT ridge	linear_embedding	NA
HCC38	lm_g_scgpt_ridge_hcc_formal_v1	formal	NA	NA	COMMD6	0.046906617377201	0.6052675176331067	0.0151409613758929	0.205477446328941	0.0158636454145324	0.0096017492806658	0.0096017492806658	-0.0129448209720883	3.095719382606984	estimated	estimated	estimated	sensitivity_boundary_context	0.0087958879569685	6.78145213169612e-05	low_information	0.1063829787234042	0.1489361702127659	scGPT ridge	linear_embedding	NA
HCC38	lm_g_scgpt_ridge_hcc_formal_v1	formal	NA	NA	ENY2	0.0519809979986666	0.6600478126313281	0.0482770942367106	0.5362717946357187	0.208011766077513	0.1372977112010419	0.1372977112010419	0.1664480722468682	1.4152187092857402	estimated	estimated	estimated	sensitivity_boundary_context	0.4895161201697765	0.0026942573104302	endpoint_anchor	0.8936170212765957	0.8297872340425532	scGPT ridge	linear_embedding	NA
HCC38	lm_g_scgpt_ridge_hcc_formal_v1	formal	NA	NA	ERC1	0.0238037072963631	0.2263051853047164	0.0160129155392678	0.2233704359880932	0.0696684055959892	0.0157663214382844	0.0157663214382844	0.0691431857043951	1.373055754742222	estimated	estimated	estimated	sensitivity_boundary_context	0.0054295617631019	0.0001540531423909	low_information	0.2127659574468085	0.0851063829787234	scGPT ridge	linear_embedding	NA
HCC38	lm_g_scgpt_ridge_hcc_formal_v1	formal	NA	NA	ETV3	0.0600941313160937	0.6625930676592988	0.0168789918562509	0.173733878700292	0.2195662461880825	0.1454830726161984	0.1454830726161984	0.2015409386203195	3.72432387761908	estimated	estimated	estimated	sensitivity_boundary_context	0.0807914252803547	0.0001472977658825	middle	0.1702127659574468	0.5531914893617021	scGPT ridge	linear_embedding	NA
HCC38	lm_g_scgpt_ridge_hcc_formal_v1	formal	NA	NA	GON4L	0.0434173571624074	0.4545424667885921	0.0245934809105966	0.2258873099355492	-0.0287789694009057	-0.0130812637431211	0.0130812637431211	-0.0053185581011236	2.272660152626755	estimated	estimated	estimated	sensitivity_boundary_context	0.3129469325001975	0.0001679449755795	middle	0.2765957446808511	0.7872340425531915	scGPT ridge	linear_embedding	NA
HCC38	lm_g_scgpt_ridge_hcc_formal_v1	formal	NA	NA	HDGF	0.0482598611138237	0.5996414407480112	0.0270203578427718	0.5410445296012522	0.0742095639369044	0.044499129836407	0.044499129836407	0.0491340442009166	1.4366080911659276	estimated	estimated	estimated	sensitivity_boundary_context	0.0286996254177853	0.000499433390583	middle	0.574468085106383	0.4042553191489361	scGPT ridge	linear_embedding	NA
HCC38	lm_g_scgpt_ridge_hcc_formal_v1	formal	NA	NA	HLX	0.05096320476617	0.5243850916713939	0.0163040022453419	0.1519551979563902	0.3364139096934101	0.1764104388741108	0.1764104388741108	0.3381618767506932	3.2537621496526383	estimated	estimated	estimated	sensitivity_boundary_context	0.006315463793662	0.0006534833889089	middle	0.5957446808510638	0.1063829787234042	scGPT ridge	linear_embedding	NA
HCC38	lm_g_scgpt_ridge_hcc_formal_v1	formal	NA	NA	KLF3	0.0653460095635545	0.7876418144806803	0.0206142707573248	0.2277669756883913	-0.2602047344650523	-0.2049481291905174	0.2049481291905174	-0.2203298503720651	3.8416286761183502	estimated	estimated	estimated	sensitivity_boundary_context	0.1616884807733207	0.0004151878526526	middle	0.5531914893617021	0.6808510638297872	scGPT ridge	linear_embedding	NA
HCC38	lm_g_scgpt_ridge_hcc_formal_v1	formal	NA	NA	LAMTOR5	0.0500535381950596	0.5252496518816903	0.0588712311683534	0.8186488784461469	0.0046083962312752	0.0024205585162102	0.0024205585162102	-0.0407602909417716	1.1856408047428917	estimated	estimated	estimated	sensitivity_boundary_context	0.0890975409858624	0.0046119790678145	middle	1.0	0.6170212765957447	scGPT ridge	linear_embedding	NA
HCC38	lm_g_scgpt_ridge_hcc_formal_v1	formal	NA	NA	MAML3	0.0485525178345901	0.51351979431185	0.0109564328148032	0.1014247719831331	0.1146005713768437	0.0588496618414572	0.0588496618414572	0.1163292188760797	5.047189915145024	estimated	estimated	estimated	sensitivity_boundary_context	0.009549016733777	-0.0001588297680574	low_information	0.0212765957446808	0.1702127659574468	scGPT ridge	linear_embedding	NA
HCC38	lm_g_scgpt_ridge_hcc_formal_v1	formal	NA	NA	MIER1	0.0416403052309326	0.4588640354741025	0.0170396850073614	0.2091119352041771	0.2722546941886113	0.1249278876521539	0.1249278876521539	0.2845862171132947	2.1494916028767257	estimated	estimated	estimated	sensitivity_boundary_context	0.0068709338808792	0.0001888196382934	middle	0.3404255319148936	0.1276595744680851	scGPT ridge	linear_embedding	NA
HCC38	lm_g_scgpt_ridge_hcc_formal_v1	formal	NA	NA	MTDH	0.0613817465096768	0.6778224528797896	0.0407769338674918	0.8910857667190333	0.0498243464292198	0.0337720607097861	0.0337720607097861	0.0454935685555527	1.2258953727528437	estimated	estimated	estimated	sensitivity_boundary_context	0.0342163047187118	0.0009157505297965	middle	0.6808510638297872	0.425531914893617	scGPT ridge	linear_embedding	NA
HCC38	lm_g_scgpt_ridge_hcc_formal_v1	formal	NA	NA	MYBL1	0.0647759645842724	0.6773476787681891	0.0204974765150264	0.2060468418286695	0.0249293603874132	0.01688584439159	0.01688584439159	0.022954899799636	3.4121480151563475	estimated	estimated	estimated	sensitivity_boundary_context	0.0145675964421822	0.0019411097801427	middle	0.8297872340425532	0.2553191489361702	scGPT ridge	linear_embedding	NA
HCC38	lm_g_scgpt_ridge_hcc_formal_v1	formal	NA	NA	NCOA1	0.0280505391912283	0.3252000617255131	0.0134416904437355	0.1239032375540687	-0.0357525514542905	-0.0116267319397798	0.0116267319397798	-0.0281338880551981	2.841892520175356	estimated	estimated	estimated	sensitivity_boundary_context	0.0459486880054965	0.0001819874491868	middle	0.3191489361702128	0.4893617021276595	scGPT ridge	linear_embedding	NA
HCC38	lm_g_scgpt_ridge_hcc_formal_v1	formal	NA	NA	NPM1	0.0366943801117168	0.4697156270870195	0.0540382168733747	1.1039501623440098	0.0159731770857874	0.0075028508914226	0.0075028508914226	-0.0155453281504989	1.0804840691305644	estimated	estimated	estimated	sensitivity_boundary_context	0.8555302996262993	0.0031722798838418	endpoint_anchor	0.9361702127659576	0.8936170212765957	scGPT ridge	linear_embedding	NA
HCC38	lm_g_scgpt_ridge_hcc_formal_v1	formal	NA	NA	PA2G4	0.0515591191600661	0.6374328083030933	0.0379683091204052	0.8486574654795975	-0.0023164397868879	-0.001476574718621	0.001476574718621	-0.0247320075668197	1.2520550904068777	estimated	estimated	estimated	sensitivity_boundary_context	0.3764696904296344	0.001678226549744	endpoint_anchor	0.8085106382978723	0.8085106382978723	scGPT ridge	linear_embedding	NA
HCC38	lm_g_scgpt_ridge_hcc_formal_v1	formal	NA	NA	PARK7	0.0435247368829668	0.4643943605645721	0.0316253395760437	0.8210627520361934	-0.1817351900545595	-0.0843967973774681	0.0843967973774681	-0.2313834757040984	1.235105062452078	estimated	estimated	estimated	sensitivity_boundary_context	0.0215311147572859	0.0001615046790646	middle	0.2553191489361702	0.3191489361702128	scGPT ridge	linear_embedding	NA
HCC38	lm_g_scgpt_ridge_hcc_formal_v1	formal	NA	NA	PCBD1	0.0502322627840463	0.5894104068192468	0.0182116374462251	0.3097410515478567	0.015442413371356	0.0091019191474819	0.0091019191474819	-0.0059518069103097	2.1359560787997847	estimated	estimated	estimated	sensitivity_boundary_context	0.0210892465180688	0.0001295065875872	middle	0.1489361702127659	0.2978723404255319	scGPT ridge	linear_embedding	NA
HCC38	lm_g_scgpt_ridge_hcc_formal_v1	formal	NA	NA	PEX14	0.0469425975792373	0.5441284557245326	0.0166510013991122	0.1773708655867983	-0.0917159845834327	-0.0499052770566382	0.0499052770566382	-0.1095128903770889	3.3126692029820046	estimated	estimated	estimated	sensitivity_boundary_context	0.0049454685061893	0.0003881482885448	middle	0.5319148936170213	0.0638297872340425	scGPT ridge	linear_embedding	NA
HCC38	lm_g_scgpt_ridge_hcc_formal_v1	formal	NA	NA	PFDN5	0.0407925264823815	0.562087209801843	0.0487808046483802	0.7934985664847273	-0.0201299909891282	-0.0113148104684153	0.0113148104684153	-0.0538827044929778	1.2370532862132966	estimated	estimated	estimated	sensitivity_boundary_context	0.8201974002162512	0.0001812035372937	middle	0.2978723404255319	0.8723404255319149	scGPT ridge	linear_embedding	NA
HCC38	lm_g_scgpt_ridge_hcc_formal_v1	formal	NA	NA	PMF1	0.0542462403131473	0.7731555976852589	0.0345675587553357	0.3349606044694711	-0.1017687743140341	-0.0786830975304632	0.0786830975304632	-0.1044522827907641	2.6072180294535987	estimated	estimated	estimated	sensitivity_boundary_context	0.9978434877605236	0.0015908925687295	endpoint_anchor	0.7659574468085106	0.9574468085106383	scGPT ridge	linear_embedding	NA
HCC38	lm_g_scgpt_ridge_hcc_formal_v1	formal	NA	NA	PRDX2	0.0465991822811257	0.5840847314814562	0.0270864657071904	0.7294690866573793	0.0820102042794864	0.0479009081453232	0.0479009081453232	0.0685273183156706	1.2287339219395548	estimated	estimated	estimated	sensitivity_boundary_context	0.1572365253337959	0.0002855126478934	middle	0.4042553191489361	0.6595744680851063	scGPT ridge	linear_embedding	NA
HCC38	lm_g_scgpt_ridge_hcc_formal_v1	formal	NA	NA	PRPF6	0.0431761205365542	0.4964147915684489	0.0471347821832534	0.4114040023628398	-0.0164547158491567	-0.0081683643385772	0.0081683643385772	-0.0293158457716202	1.5797720142263945	estimated	estimated	estimated	sensitivity_boundary_context	0.9972796156547944	0.0002308870003735	middle	0.3829787234042553	0.9361702127659576	scGPT ridge	linear_embedding	NA
HCC38	lm_g_scgpt_ridge_hcc_formal_v1	formal	NA	NA	RORC	0.0603124840571975	0.6314244370798906	0.0124564503901467	0.1091991366502756	-0.3087093901175963	-0.1949266528762795	0.1949266528762795	-0.3118940452500108	6.164847691016145	estimated	estimated	estimated	sensitivity_boundary_context	0.263229534078098	0.0001511530866577	middle	0.1914893617021276	0.7446808510638298	scGPT ridge	linear_embedding	NA
HCC38	lm_g_scgpt_ridge_hcc_formal_v1	formal	NA	NA	RPS3	0.0628189815410038	0.9102277052214116	0.0463147294667679	0.8642886825255415	0.1432554689751187	0.1303950967856394	0.1303950967856394	0.1324723823490815	1.344392169744672	estimated	estimated	estimated	sensitivity_boundary_context	1.0	0.0009218466160271	middle	0.7021276595744681	0.9893617021276596	scGPT ridge	linear_embedding	NA
HCC38	lm_g_scgpt_ridge_hcc_formal_v1	formal	NA	NA	RUVBL2	0.0503890424597777	0.590247335297118	0.0360894148040621	0.4457444608022761	-0.054393628994189	-0.0321056945709601	0.0321056945709601	-0.0931901834604539	1.7022089945294174	estimated	estimated	estimated	sensitivity_boundary_context	0.978029448287533	0.0006879403849594	middle	0.6170212765957447	0.9148936170212766	scGPT ridge	linear_embedding	NA
HCC38	lm_g_scgpt_ridge_hcc_formal_v1	formal	NA	NA	SMAD1	0.0653110444685057	0.7319415812072934	0.0159864703611725	0.1475318950734218	-0.0999251627962862	-0.0731393816595099	0.0731393816595099	-0.0765967554160641	5.158045957479327	estimated	estimated	estimated	sensitivity_boundary_context	0.0125810954880103	8.928461131540999e-05	low_information	0.1276595744680851	0.2127659574468085	scGPT ridge	linear_embedding	NA
HCC38	lm_g_scgpt_ridge_hcc_formal_v1	formal	NA	NA	STAT3	0.0940988409619878	1.4001099215938508	0.020991362449927	0.4030218159651356	0.01083084129214	0.0151643683523337	0.0151643683523337	0.0228765859997557	3.6046680613230353	estimated	estimated	estimated	sensitivity_boundary_context	0.0235621693286022	0.0007970097757102	middle	0.6382978723404256	0.3404255319148936	scGPT ridge	linear_embedding	NA
HCC38	lm_g_scgpt_ridge_hcc_formal_v1	formal	NA	NA	TAB3	0.0539589113422465	0.5330274680568388	0.0160875196405093	0.1414447440741014	0.0452262333407108	0.0241068246473468	0.0241068246473468	0.0256991973752386	3.8549125769388506	estimated	estimated	estimated	sensitivity_boundary_context	0.0271522701939877	0.0003845878513856	middle	0.5106382978723404	0.3829787234042553	scGPT ridge	linear_embedding	NA
HCC38	lm_g_scgpt_ridge_hcc_formal_v1	formal	NA	NA	TADA3	0.071152854970194	0.8903186909012715	0.0408055200298916	0.4850688499801632	0.0712302694713264	0.0634176402682561	0.0634176402682561	0.0809829287796848	2.0266698652914887	estimated	estimated	estimated	sensitivity_boundary_context	0.035551946395066	0.0034369248792146	middle	0.9574468085106383	0.4468085106382978	scGPT ridge	linear_embedding	NA
HCC38	lm_g_scgpt_ridge_hcc_formal_v1	formal	NA	NA	THAP8	0.0498194283187093	0.6095563469460255	0.0158533770762451	0.1438130250358041	-0.0169483580491031	-0.0103309792191446	0.0103309792191446	-0.0206446837509757	4.371365911767079	estimated	estimated	estimated	sensitivity_boundary_context	0.0267473201978675	0.0003178300330347	middle	0.4468085106382978	0.3617021276595745	scGPT ridge	linear_embedding	NA
HCC38	lm_g_scgpt_ridge_hcc_formal_v1	formal	NA	NA	THRA	0.0582285262630401	0.6164646284019449	0.0174579757790134	0.1865360019074074	0.1511431634393901	0.093174414085158	0.093174414085158	0.1470261688186404	3.304954217382432	estimated	estimated	estimated	sensitivity_boundary_context	0.0573416619307745	0.0010262530786392	middle	0.7446808510638298	0.5106382978723404	scGPT ridge	linear_embedding	NA
HCC38	lm_g_scgpt_ridge_hcc_formal_v1	formal	NA	NA	TMF1	0.0343914097964376	0.4398025840313722	0.0259589697223002	0.2654353865453703	0.0261570294184598	0.0115039291288232	0.0115039291288232	0.0313067267273605	1.9127654127560016	estimated	estimated	estimated	sensitivity_boundary_context	0.0809743969956026	0.0009563640545694	middle	0.723404255319149	0.574468085106383	scGPT ridge	linear_embedding	NA
HCC38	lm_g_scgpt_ridge_hcc_formal_v1	formal	NA	NA	TMSB4X	0.0530167429499125	0.584698883786491	0.0315802521741932	0.7921430663436945	-0.1854766860455029	-0.108448011299223	0.108448011299223	-0.2008274698704068	1.3485675620394533	estimated	estimated	estimated	sensitivity_boundary_context	0.2174493812731642	0.0001961393063308	middle	0.3617021276595745	0.7021276595744681	scGPT ridge	linear_embedding	NA
HCC38	lm_g_scgpt_ridge_hcc_formal_v1	formal	NA	NA	UBP1	0.0326934424954082	0.366978199993795	0.0144240479805346	0.1411650107232403	0.0254829311605968	0.0093516802078816	0.0093516802078816	0.0314729044154938	2.761455218884993	estimated	estimated	estimated	sensitivity_boundary_context	0.0201784564207119	0.0001585391625746	middle	0.2340425531914893	0.2765957446808511	scGPT ridge	linear_embedding	NA
HCC38	lm_g_scgpt_ridge_hcc_formal_v1	formal	NA	NA	VEZF1	0.0393451576752155	0.4732691235085384	0.0256676462888529	0.297756520445403	0.1914268121183443	0.0905963995872825	0.0905963995872825	0.1922533293010852	1.7081641656639623	estimated	estimated	estimated	sensitivity_boundary_context	0.0694464693745538	0.0022365591295995	middle	0.8723404255319149	0.5319148936170213	scGPT ridge	linear_embedding	NA
HCC38	lm_g_scgpt_ridge_hcc_formal_v1	formal	NA	NA	XBP1	0.0611494933931212	0.6747584026016732	0.016807646765055	0.1810247924973296	0.1601283282743345	0.1080479349976663	0.1080479349976663	0.1551467671794188	3.701357300483853	estimated	estimated	estimated	sensitivity_boundary_context	0.0113924113087519	-0.0001168536470148	low_information	0.0425531914893617	0.1914893617021276	scGPT ridge	linear_embedding	NA
HCC38	lm_g_scgpt_ridge_hcc_formal_v1	formal	NA	NA	YBX1	0.0358394483544829	0.3972564248637786	0.0557853143197594	1.5119656884992447	-0.0034730775205072	-0.0013797023590714	0.0013797023590714	-0.0195830678120478	1.0348228069647525	estimated	estimated	estimated	sensitivity_boundary_context	1.0	0.0019462975016243	endpoint_anchor	0.851063829787234	0.9893617021276596	scGPT ridge	linear_embedding	NA
HCC38	lm_g_scgpt_ridge_hcc_formal_v1	formal	NA	NA	ZBTB17	0.0701941864129115	0.7939546595525067	0.0271345116078105	0.2497591704500462	0.1704734797679907	0.1353482135919262	0.1353482135919262	0.1708470531727571	3.165668029230366	estimated	estimated	estimated	sensitivity_boundary_context	0.2634223656448051	0.0015980088443709	endpoint_anchor	0.7872340425531915	0.7659574468085106	scGPT ridge	linear_embedding	NA
HCC38	lm_g_scgpt_ridge_hcc_formal_v1	formal	NA	NA	ZBTB20	0.0253739756734557	0.2750740483868764	0.0195070447520668	0.1837939184203465	-0.0385187103339286	-0.0105954975901951	0.0105954975901951	-0.0500067183319487	1.8317315782104024	estimated	estimated	estimated	sensitivity_boundary_context	0.0018330352467763	0.0008809511967314	middle	0.6595744680851063	0.0212765957446808	scGPT ridge	linear_embedding	NA
HCC38	lm_g_scgpt_ridge_hcc_formal_v1	formal	NA	NA	ZBTB5	0.0637400471073932	0.7652835574632132	0.015191196632473	0.134926525726472	0.4055171112755841	0.3103355775291846	0.3103355775291846	0.4071120962650776	5.34507813953925	estimated	estimated	estimated	sensitivity_boundary_context	0.0143722132742512	0.0003590051660145	middle	0.4893617021276595	0.2340425531914893	scGPT ridge	linear_embedding	NA
HCC38	lm_g_scgpt_ridge_hcc_formal_v1	formal	NA	NA	ZNF131	0.0653493327073515	0.771312822377166	0.0423373795269807	0.4113314399853767	0.2781300621469511	0.2145252832225015	0.2145252832225015	0.2703714131160017	1.863639620358062	estimated	estimated	estimated	sensitivity_boundary_context	0.6622862073859538	0.003003726532435	endpoint_anchor	0.9148936170212766	0.851063829787234	scGPT ridge	linear_embedding	NA
HCC38	lm_g_scgpt_ridge_hcc_formal_v1	formal	NA	NA	ZNF24	0.0393554625876897	0.4347992275800481	0.0157968938159276	0.1610912063982979	0.0120165702758839	0.0052247954741157	0.0052247954741157	0.0120010550838027	2.8670899271133448	estimated	estimated	estimated	sensitivity_boundary_context	0.0403071652767106	5.247577735052831e-05	middle	0.0851063829787234	0.4680851063829787	scGPT ridge	linear_embedding	NA
HCC38	lm_g_scgpt_ridge_hcc_formal_v1	formal	NA	NA	ZNF566	0.0566861391900889	0.6352283680659824	0.0158687911163489	0.1602164959466003	0.2206916210754604	0.1401895783016009	0.1401895783016009	0.2552734476566052	3.869074368456219	estimated	estimated	estimated	sensitivity_boundary_context	0.0863639716532793	0.0002923370664005	middle	0.425531914893617	0.5957446808510638	scGPT ridge	linear_embedding	NA
HCC38	lm_train_lowrank_hcc_formal_v1	formal	NA	NA	ARID1A	0.0433827747144892	0.5679939913308518	0.0310666107447073	0.3429151804883518	0.2776345188120498	0.1576947384712766	0.1576947384712766	0.2840329886631367	1.6804247005057948	estimated	estimated	estimated	sensitivity_boundary_context	0.0939245801107399	0.0042572862999502	middle	0.9787234042553192	0.6382978723404256	Linear low-rank	linear	NA
HCC38	lm_train_lowrank_hcc_formal_v1	formal	NA	NA	BMPR1A	0.0466153635452111	0.5277333508397095	0.0178830873467989	0.1753513681997965	-0.0845245336674538	-0.0446064153804892	0.0446064153804892	-0.0950562288193428	3.2505871151478294	estimated	estimated	estimated	sensitivity_boundary_context	0.2329854350238944	0.000340389816312	middle	0.4680851063829787	0.723404255319149	Linear low-rank	linear	NA
HCC38	lm_train_lowrank_hcc_formal_v1	formal	NA	NA	CDKN2A	0.0433117442769184	0.4318677779745312	0.013985852995335	0.1194138020099699	-0.098036688163784	-0.0423388866772754	0.0423388866772754	-0.1063951919934596	3.845601978681305	estimated	estimated	estimated	sensitivity_boundary_context	0.0034117871973033	-7.83487363521405e-05	low_information	0.0638297872340425	0.0425531914893617	Linear low-rank	linear	NA
HCC38	lm_train_lowrank_hcc_formal_v1	formal	NA	NA	COMMD6	0.0432533952823504	0.5691596697400404	0.0151409613758929	0.205477446328941	0.0367284213636768	0.0209043361734233	0.0209043361734233	0.0427870566873033	2.910168811509895	estimated	estimated	estimated	sensitivity_boundary_context	0.0087958879569685	6.78145213169612e-05	low_information	0.1063829787234042	0.1489361702127659	Linear low-rank	linear	NA
HCC38	lm_train_lowrank_hcc_formal_v1	formal	NA	NA	ENY2	0.0356047050324472	0.3871305745908998	0.0482770942367106	0.5362717946357187	0.0010067238440225	0.0003897335801907	0.0003897335801907	-0.0213056071749349	1.2327510927713723	estimated	estimated	estimated	sensitivity_boundary_context	0.4895161201697765	0.0026942573104302	endpoint_anchor	0.8936170212765957	0.8297872340425532	Linear low-rank	linear	NA
HCC38	lm_train_lowrank_hcc_formal_v1	formal	NA	NA	ERC1	0.0369334339285344	0.4808329967603041	0.0160129155392678	0.2233704359880932	-0.1062018805211446	-0.0510653684725617	0.0510653684725617	-0.1271613590392862	2.4680000656915926	estimated	estimated	estimated	sensitivity_boundary_context	0.0054295617631019	0.0001540531423909	low_information	0.2127659574468085	0.0851063829787234	Linear low-rank	linear	NA
HCC38	lm_train_lowrank_hcc_formal_v1	formal	NA	NA	ETV3	0.0458980114184237	0.5358313899599493	0.0168789918562509	0.173733878700292	0.2901107081091625	0.1554504239683977	0.1554504239683977	0.2904069709954643	2.953441134289526	estimated	estimated	estimated	sensitivity_boundary_context	0.0807914252803547	0.0001472977658825	middle	0.1702127659574468	0.5531914893617021	Linear low-rank	linear	NA
HCC38	lm_train_lowrank_hcc_formal_v1	formal	NA	NA	GON4L	0.0524603504402583	0.7308815401324644	0.0245934809105966	0.2258873099355492	0.0828774404358662	0.0605735913080025	0.0605735913080025	0.1005579576783742	3.306479472534936	estimated	estimated	estimated	sensitivity_boundary_context	0.3129469325001975	0.0001679449755795	middle	0.2765957446808511	0.7872340425531915	Linear low-rank	linear	NA
HCC38	lm_train_lowrank_hcc_formal_v1	formal	NA	NA	HDGF	0.0250450227546802	0.2635607121056043	0.0270203578427718	0.5410445296012522	-0.1231418392439084	-0.0324553508411183	0.0324553508411183	-0.1119682339311173	1.1650200078072324	estimated	estimated	estimated	sensitivity_boundary_context	0.0286996254177853	0.000499433390583	middle	0.574468085106383	0.4042553191489361	Linear low-rank	linear	NA
HCC38	lm_train_lowrank_hcc_formal_v1	formal	NA	NA	HLX	0.0687655241435582	0.9346965920901846	0.0163040022453419	0.1519551979563902	-0.0321034852593806	-0.0300070182661606	0.0300070182661606	-0.0672979970203874	6.263495788799377	estimated	estimated	estimated	sensitivity_boundary_context	0.006315463793662	0.0006534833889089	middle	0.5957446808510638	0.1063829787234042	Linear low-rank	linear	NA
HCC38	lm_train_lowrank_hcc_formal_v1	formal	NA	NA	KLF3	0.0574750737822538	0.906906547031306	0.0206142707573248	0.2277669756883913	-0.1457064890089019	-0.1321421688271182	0.1321421688271182	-0.1063758393765998	4.244349145185122	estimated	estimated	estimated	sensitivity_boundary_context	0.1616884807733207	0.0004151878526526	middle	0.5531914893617021	0.6808510638297872	Linear low-rank	linear	NA
HCC38	lm_train_lowrank_hcc_formal_v1	formal	NA	NA	LAMTOR5	0.0384644813762193	0.3617812709831669	0.0588712311683534	0.8186488784461469	-0.1111698324211455	-0.0402191632683077	0.0402191632683077	-0.1465684687729751	1.1373455851680097	estimated	estimated	estimated	sensitivity_boundary_context	0.0890975409858624	0.0046119790678145	middle	1.0	0.6170212765957447	Linear low-rank	linear	NA
HCC38	lm_train_lowrank_hcc_formal_v1	formal	NA	NA	MAML3	0.0429806883961201	0.4692413682107365	0.0109564328148032	0.1014247719831331	0.1874399972520376	0.0879546007679628	0.0879546007679628	0.1850029628295655	4.546437093931747	estimated	estimated	estimated	sensitivity_boundary_context	0.009549016733777	-0.0001588297680574	low_information	0.0212765957446808	0.1702127659574468	Linear low-rank	linear	NA
HCC38	lm_train_lowrank_hcc_formal_v1	formal	NA	NA	MIER1	0.0380235669634451	0.4242557582593699	0.0170396850073614	0.2091119352041771	-0.1776497160904599	-0.0753689150045198	0.0753689150045198	-0.1942733536068667	2.416000962703744	estimated	estimated	estimated	sensitivity_boundary_context	0.0068709338808792	0.0001888196382934	middle	0.3404255319148936	0.1276595744680851	Linear low-rank	linear	NA
HCC38	lm_train_lowrank_hcc_formal_v1	formal	NA	NA	MTDH	0.0592003883850117	0.7814154063236122	0.0407769338674918	0.8910857667190333	-0.1128465271113975	-0.0881800148349612	0.0881800148349612	-0.088258354953405	1.402466891727706	estimated	estimated	estimated	sensitivity_boundary_context	0.0342163047187118	0.0009157505297965	middle	0.6808510638297872	0.425531914893617	Linear low-rank	linear	NA
HCC38	lm_train_lowrank_hcc_formal_v1	formal	NA	NA	MYBL1	0.0520947633903268	0.620455292563299	0.0204974765150264	0.2060468418286695	0.4411594489866958	0.2737197149881041	0.2737197149881041	0.4538608821436962	2.722253195014964	estimated	estimated	estimated	sensitivity_boundary_context	0.0145675964421822	0.0019411097801427	middle	0.8297872340425532	0.2553191489361702	Linear low-rank	linear	NA
HCC38	lm_train_lowrank_hcc_formal_v1	formal	NA	NA	NCOA1	0.0570293724039899	0.7528929104864945	0.0134416904437355	0.1239032375540687	0.1617040324975649	0.1217458196644943	0.1217458196644943	0.1639208595181375	5.996513572957656	estimated	estimated	estimated	sensitivity_boundary_context	0.0459486880054965	0.0001819874491868	middle	0.3191489361702128	0.4893617021276595	Linear low-rank	linear	NA
HCC38	lm_train_lowrank_hcc_formal_v1	formal	NA	NA	NPM1	0.0275105574228424	0.3075553977287478	0.0540382168733747	1.1039501623440098	-0.0170106835480149	-0.0052317275442476	0.0052317275442476	-0.0014830709834012	1.0426377953120558	estimated	estimated	estimated	sensitivity_boundary_context	0.8555302996262993	0.0031722798838418	endpoint_anchor	0.9361702127659576	0.8936170212765957	Linear low-rank	linear	NA
HCC38	lm_train_lowrank_hcc_formal_v1	formal	NA	NA	PA2G4	0.0447922158772797	0.7176747756940463	0.0379683091204052	0.8486574654795975	-0.0757184081907541	-0.0543411916142097	0.0543411916142097	-0.1152261758628612	1.3576461051995437	estimated	estimated	estimated	sensitivity_boundary_context	0.3764696904296344	0.001678226549744	endpoint_anchor	0.8085106382978723	0.8085106382978723	Linear low-rank	linear	NA
HCC38	lm_train_lowrank_hcc_formal_v1	formal	NA	NA	PARK7	0.0398260121605631	0.5424559799767724	0.0316253395760437	0.8210627520361934	-0.0690808690039222	-0.0374733304931696	0.0374733304931696	-0.0533974779376906	1.2360307752715725	estimated	estimated	estimated	sensitivity_boundary_context	0.0215311147572859	0.0001615046790646	middle	0.2553191489361702	0.3191489361702128	Linear low-rank	linear	NA
HCC38	lm_train_lowrank_hcc_formal_v1	formal	NA	NA	PCBD1	0.053479603562122	0.6557570784392113	0.0182116374462251	0.3097410515478567	0.0788880767518385	0.0517314147344739	0.0517314147344739	0.0578593287742157	2.2689515383170336	estimated	estimated	estimated	sensitivity_boundary_context	0.0210892465180688	0.0001295065875872	middle	0.1489361702127659	0.2978723404255319	Linear low-rank	linear	NA
HCC38	lm_train_lowrank_hcc_formal_v1	formal	NA	NA	PEX14	0.035733440145189	0.4978300852766251	0.0166510013991122	0.1773708655867983	-0.0653195632743522	-0.0325180437551027	0.0325180437551027	-0.0441205231678522	3.0404499412011643	estimated	estimated	estimated	sensitivity_boundary_context	0.0049454685061893	0.0003881482885448	middle	0.5319148936170213	0.0638297872340425	Linear low-rank	linear	NA
HCC38	lm_train_lowrank_hcc_formal_v1	formal	NA	NA	PFDN5	0.0395630305457973	0.6666746846757485	0.0487808046483802	0.7934985664847273	-0.0725754839365806	-0.0483842378686097	0.0483842378686097	-0.0866372511856348	1.3519761109214758	estimated	estimated	estimated	sensitivity_boundary_context	0.8201974002162512	0.0001812035372937	middle	0.2978723404255319	0.8723404255319149	Linear low-rank	linear	NA
HCC38	lm_train_lowrank_hcc_formal_v1	formal	NA	NA	PMF1	0.0271775007034621	0.3042003021752811	0.0345675587553357	0.3349606044694711	0.2343362516881217	0.0712851585741493	0.0712851585741493	0.1555834199485456	1.182850346091425	estimated	estimated	estimated	sensitivity_boundary_context	0.9978434877605236	0.0015908925687295	endpoint_anchor	0.7659574468085106	0.9574468085106383	Linear low-rank	linear	NA
HCC38	lm_train_lowrank_hcc_formal_v1	formal	NA	NA	PRDX2	0.0472463949109856	0.5329888782265371	0.0270864657071904	0.7294690866573793	0.0167422380741815	0.0089234266901596	0.0089234266901596	0.0112951194144016	1.2285717205062727	estimated	estimated	estimated	sensitivity_boundary_context	0.1572365253337959	0.0002855126478934	middle	0.4042553191489361	0.6595744680851063	Linear low-rank	linear	NA
HCC38	lm_train_lowrank_hcc_formal_v1	formal	NA	NA	PRPF6	0.0443341263558043	0.4687408176004616	0.0471347821832534	0.4114040023628398	0.0375360252678819	0.0175946671735385	0.0175946671735385	0.0469078635366382	1.4874898829923675	estimated	estimated	estimated	sensitivity_boundary_context	0.9972796156547944	0.0002308870003735	middle	0.3829787234042553	0.9361702127659576	Linear low-rank	linear	NA
HCC38	lm_train_lowrank_hcc_formal_v1	formal	NA	NA	RORC	0.0409577802202349	0.5586598814637048	0.0124564503901467	0.1091991366502756	0.1482369627318471	0.0828140440283133	0.0828140440283133	0.147817148332202	5.065217802944622	estimated	estimated	estimated	sensitivity_boundary_context	0.263229534078098	0.0001511530866577	middle	0.1914893617021276	0.7446808510638298	Linear low-rank	linear	NA
HCC38	lm_train_lowrank_hcc_formal_v1	formal	NA	NA	RPS3	0.0500880750955651	0.564124892806707	0.0463147294667679	0.8642886825255415	0.2239437606129053	0.1263322499504861	0.1263322499504861	0.223660979701731	1.0647463293502537	estimated	estimated	estimated	sensitivity_boundary_context	1.0	0.0009218466160271	middle	0.7021276595744681	0.9893617021276596	Linear low-rank	linear	NA
HCC38	lm_train_lowrank_hcc_formal_v1	formal	NA	NA	RUVBL2	0.0552381228250832	0.7512726975732904	0.0360894148040621	0.4457444608022761	0.1449054181686239	0.1088634844005278	0.1088634844005278	0.1266326800038327	1.830909485067292	estimated	estimated	estimated	sensitivity_boundary_context	0.978029448287533	0.0006879403849594	middle	0.6170212765957447	0.9148936170212766	Linear low-rank	linear	NA
HCC38	lm_train_lowrank_hcc_formal_v1	formal	NA	NA	SMAD1	0.063524771176804	0.9169657884075328	0.0159864703611725	0.1475318950734218	0.2003125916612362	0.1836797935406016	0.1836797935406016	0.1793188450418702	6.094327618363826	estimated	estimated	estimated	sensitivity_boundary_context	0.0125810954880103	8.928461131540999e-05	low_information	0.1276595744680851	0.2127659574468085	Linear low-rank	linear	NA
HCC38	lm_train_lowrank_hcc_formal_v1	formal	NA	NA	STAT3	0.0373770520588357	0.4533243238865185	0.020991362449927	0.4030218159651356	0.1056974363139592	0.0479152188535639	0.0479152188535639	0.0921227334758779	1.4238768635338908	estimated	estimated	estimated	sensitivity_boundary_context	0.0235621693286022	0.0007970097757102	middle	0.6382978723404256	0.3404255319148936	Linear low-rank	linear	NA
HCC38	lm_train_lowrank_hcc_formal_v1	formal	NA	NA	TAB3	0.0380639780103805	0.5293186829477577	0.0160875196405093	0.1414447440741014	-0.1634579135432728	-0.0865213275141136	0.0865213275141136	-0.1559618423108112	4.02835885669269	estimated	estimated	estimated	sensitivity_boundary_context	0.0271522701939877	0.0003845878513856	middle	0.5106382978723404	0.3829787234042553	Linear low-rank	linear	NA
HCC38	lm_train_lowrank_hcc_formal_v1	formal	NA	NA	TADA3	0.0382997081801552	0.468439656163495	0.0408055200298916	0.4850688499801632	-0.106969822099576	-0.0501089066841956	0.0501089066841956	-0.1232994196991776	1.462606009827638	estimated	estimated	estimated	sensitivity_boundary_context	0.035551946395066	0.0034369248792146	middle	0.9574468085106383	0.4468085106382978	Linear low-rank	linear	NA
HCC38	lm_train_lowrank_hcc_formal_v1	formal	NA	NA	THAP8	0.0223603140875592	0.2322373669388691	0.0158533770762451	0.1438130250358041	0.2029047356110689	0.047122061537742	0.047122061537742	0.2053677635060522	1.7182656483019858	estimated	estimated	estimated	sensitivity_boundary_context	0.0267473201978675	0.0003178300330347	middle	0.4468085106382978	0.3617021276595745	Linear low-rank	linear	NA
HCC38	lm_train_lowrank_hcc_formal_v1	formal	NA	NA	THRA	0.03745289238938	0.3848734794667103	0.0174579757790134	0.1865360019074074	0.4450001610616466	0.1712687603510424	0.1712687603510424	0.4503214554350328	1.8495298660919888	estimated	estimated	estimated	sensitivity_boundary_context	0.0573416619307745	0.0010262530786392	middle	0.7446808510638298	0.5106382978723404	Linear low-rank	linear	NA
HCC38	lm_train_lowrank_hcc_formal_v1	formal	NA	NA	TMF1	0.0219927602497943	0.2487154196037457	0.0259589697223002	0.2654353865453703	-0.1843440597257525	-0.0458492101661485	0.0458492101661485	-0.2404095943918618	1.4911239295068843	estimated	estimated	estimated	sensitivity_boundary_context	0.0809743969956026	0.0009563640545694	middle	0.723404255319149	0.574468085106383	Linear low-rank	linear	NA
HCC38	lm_train_lowrank_hcc_formal_v1	formal	NA	NA	TMSB4X	0.0428784439056985	0.5248876742379085	0.0315802521741932	0.7921430663436945	-0.0876074486897879	-0.0459840699886996	0.0459840699886996	-0.0764879724083744	1.2470613697796866	estimated	estimated	estimated	sensitivity_boundary_context	0.2174493812731642	0.0001961393063308	middle	0.3617021276595745	0.7021276595744681	Linear low-rank	linear	NA
HCC38	lm_train_lowrank_hcc_formal_v1	formal	NA	NA	UBP1	0.0361074796479164	0.3928775626927372	0.0144240479805346	0.1411650107232403	0.3545679906417001	0.1393018079721723	0.1393018079721723	0.3573880168864261	2.6023242079940405	estimated	estimated	estimated	sensitivity_boundary_context	0.0201784564207119	0.0001585391625746	middle	0.2340425531914893	0.2765957446808511	Linear low-rank	linear	NA
HCC38	lm_train_lowrank_hcc_formal_v1	formal	NA	NA	VEZF1	0.0343695546032245	0.4130458132506487	0.0256676462888529	0.297756520445403	-0.0768339881985813	-0.0317359571407737	0.0317359571407737	-0.0760041061186153	1.771291075900598	estimated	estimated	estimated	sensitivity_boundary_context	0.0694464693745538	0.0022365591295995	middle	0.8723404255319149	0.5319148936170213	Linear low-rank	linear	NA
HCC38	lm_train_lowrank_hcc_formal_v1	formal	NA	NA	XBP1	0.0432646098243197	0.6612423985523287	0.016807646765055	0.1810247924973296	-0.0221264744461747	-0.0146309630342953	0.0146309630342953	-0.0253852031552038	3.808463402521373	estimated	estimated	estimated	sensitivity_boundary_context	0.0113924113087519	-0.0001168536470148	low_information	0.0425531914893617	0.1914893617021276	Linear low-rank	linear	NA
HCC38	lm_train_lowrank_hcc_formal_v1	formal	NA	NA	YBX1	0.0417816576024464	0.5121485362232155	0.0557853143197594	1.5119656884992447	0.0642659728353488	0.0329137239165848	0.0329137239165848	0.0286448794955555	1.0349881794696092	estimated	estimated	estimated	sensitivity_boundary_context	1.0	0.0019462975016243	endpoint_anchor	0.851063829787234	0.9893617021276596	Linear low-rank	linear	NA
HCC38	lm_train_lowrank_hcc_formal_v1	formal	NA	NA	ZBTB17	0.0267265154194652	0.2846355733806357	0.0271345116078105	0.2497591704500462	0.1171197021109501	0.0333364335645195	0.0333364335645195	0.1178374434583724	1.4254230950883011	estimated	estimated	estimated	sensitivity_boundary_context	0.2634223656448051	0.0015980088443709	endpoint_anchor	0.7872340425531915	0.7659574468085106	Linear low-rank	linear	NA
HCC38	lm_train_lowrank_hcc_formal_v1	formal	NA	NA	ZBTB20	0.0176470878336271	0.1847416147137641	0.0195070447520668	0.1837939184203465	-0.07960940794235	-0.0147071705696765	0.0147071705696765	-0.0799517784121516	1.4732206148074252	estimated	estimated	estimated	sensitivity_boundary_context	0.0018330352467763	0.0008809511967314	middle	0.6595744680851063	0.0212765957446808	Linear low-rank	linear	NA
HCC38	lm_train_lowrank_hcc_formal_v1	formal	NA	NA	ZBTB5	0.0248794773958801	0.3062065917853917	0.015191196632473	0.134926525726472	0.364007214060065	0.111461408402628	0.111461408402628	0.4048584812501263	2.120882560004085	estimated	estimated	estimated	sensitivity_boundary_context	0.0143722132742512	0.0003590051660145	middle	0.4893617021276595	0.2340425531914893	Linear low-rank	linear	NA
HCC38	lm_train_lowrank_hcc_formal_v1	formal	NA	NA	ZNF131	0.0312647845809284	0.3184775668810451	0.0423373795269807	0.4113314399853767	0.1727762846315254	0.0550253707441951	0.0550253707441951	0.1472844755299221	1.1540932662906438	estimated	estimated	estimated	sensitivity_boundary_context	0.6622862073859538	0.003003726532435	endpoint_anchor	0.9148936170212766	0.851063829787234	Linear low-rank	linear	NA
HCC38	lm_train_lowrank_hcc_formal_v1	formal	NA	NA	ZNF24	0.0322814323696853	0.3581765377419477	0.0157968938159276	0.1610912063982979	0.0101671087320143	0.0036416198044788	0.0036416198044788	0.0103387823580955	2.428676786299333	estimated	estimated	estimated	sensitivity_boundary_context	0.0403071652767106	5.247577735052831e-05	middle	0.0851063829787234	0.4680851063829787	Linear low-rank	linear	NA
HCC38	lm_train_lowrank_hcc_formal_v1	formal	NA	NA	ZNF566	0.0266707313024882	0.2867643847301284	0.0158687911163489	0.1602164959466003	0.3439955649851133	0.0986456765428489	0.0986456765428489	0.32965184212462	1.7240006241890986	estimated	estimated	estimated	sensitivity_boundary_context	0.0863639716532793	0.0002923370664005	middle	0.425531914893617	0.5957446808510638	Linear low-rank	linear	NA
HCC38	scgen_hcc_formal_v1	formal	NA	NA	ARID1A	0.0637870671259849	0.676047853265447	0.0310666107447073	0.3429151804883518	0.4507066921484476	0.3046992916793287	0.3046992916793287	0.587227221615698	1.7634035741200087	estimated	estimated	estimated	sensitivity_boundary_context	0.0939245801107399	0.0042572862999502	middle	0.9787234042553192	0.6382978723404256	scGen	scGen	NA
HCC38	scgen_hcc_formal_v1	formal	NA	NA	BMPR1A	0.0516803134445067	0.4810656982991201	0.0178830873467989	0.1753513681997965	-0.0716733203700195	-0.0344795759132199	0.0344795759132199	0.1397014943949033	2.986589629796533	estimated	estimated	estimated	sensitivity_boundary_context	0.2329854350238944	0.000340389816312	middle	0.4680851063829787	0.723404255319149	scGen	scGen	NA
HCC38	scgen_hcc_formal_v1	formal	NA	NA	CDKN2A	0.0543493072794949	0.5283491537634396	0.013985852995335	0.1194138020099699	0.0621066797000008	0.0328140116625524	0.0328140116625524	0.1082716604381119	4.475133724592731	estimated	estimated	estimated	sensitivity_boundary_context	0.0034117871973033	-7.83487363521405e-05	low_information	0.0638297872340425	0.0425531914893617	scGen	scGen	NA
HCC38	scgen_hcc_formal_v1	formal	NA	NA	COMMD6	0.0596541830581702	0.5814004208627781	0.0151409613758929	0.205477446328941	0.4244294129622231	0.2467634393227783	0.2467634393227783	0.4512717687444322	2.5698775660896773	estimated	estimated	estimated	sensitivity_boundary_context	0.0087958879569685	6.78145213169612e-05	low_information	0.1063829787234042	0.1489361702127659	scGen	scGen	NA
HCC38	scgen_hcc_formal_v1	formal	NA	NA	ENY2	0.07564386043599	0.7978131139913293	0.0482770942367106	0.5362717946357187	0.7802519671326543	0.6224952515959632	0.6224952515959632	0.8098160049029963	0.9442953544219528	estimated	estimated	estimated	sensitivity_boundary_context	0.4895161201697765	0.0026942573104302	endpoint_anchor	0.8936170212765957	0.8297872340425532	scGen	scGen	NA
HCC38	scgen_hcc_formal_v1	formal	NA	NA	ERC1	0.0577051418511767	0.5594609091570378	0.0160129155392678	0.2233704359880932	0.3967076141328114	0.221942402472262	0.221942402472262	0.4395516308557861	2.299124060055308	estimated	estimated	estimated	sensitivity_boundary_context	0.0054295617631019	0.0001540531423909	low_information	0.2127659574468085	0.0851063829787234	scGen	scGen	NA
HCC38	scgen_hcc_formal_v1	formal	NA	NA	ETV3	0.0481495837607232	0.4577535111284025	0.0168789918562509	0.173733878700292	-0.0112771675186644	-0.0051621630272518	0.0051621630272518	0.1311838765702741	2.8287066994378245	estimated	estimated	estimated	sensitivity_boundary_context	0.0807914252803547	0.0001472977658825	middle	0.1702127659574468	0.5531914893617021	scGen	scGen	NA
HCC38	scgen_hcc_formal_v1	formal	NA	NA	GON4L	0.0561051011417333	0.5364717002976072	0.0245934809105966	0.2258873099355492	0.2369691204408358	0.1271272269609236	0.1271272269609236	0.4101678676757261	2.348365361372708	estimated	estimated	estimated	sensitivity_boundary_context	0.3129469325001975	0.0001679449755795	middle	0.2765957446808511	0.7872340425531915	scGen	scGen	NA
HCC38	scgen_hcc_formal_v1	formal	NA	NA	HDGF	0.0753509971743164	0.8335008165817122	0.0270203578427718	0.5410445296012522	0.7258266368463028	0.6049770945081512	0.6049770945081512	0.7696020662507338	1.0662709735756903	estimated	estimated	estimated	sensitivity_boundary_context	0.0286996254177853	0.000499433390583	middle	0.574468085106383	0.4042553191489361	scGen	scGen	NA
HCC38	scgen_hcc_formal_v1	formal	NA	NA	HLX	0.056565300443181	0.5576610383850147	0.0163040022453419	0.1519551979563902	0.2942456221403592	0.1640893191830373	0.1640893191830373	0.2842522953038963	3.508345935176317	estimated	estimated	estimated	sensitivity_boundary_context	0.006315463793662	0.0006534833889089	middle	0.5957446808510638	0.1063829787234042	scGen	scGen	NA
HCC38	scgen_hcc_formal_v1	formal	NA	NA	KLF3	0.0492308800362967	0.4643266334511078	0.0206142707573248	0.2277669756883913	-0.0584928343446592	-0.0271597808522689	0.0271597808522689	0.1346203885377224	2.3225832794887022	estimated	estimated	estimated	sensitivity_boundary_context	0.1616884807733207	0.0004151878526526	middle	0.5531914893617021	0.6808510638297872	scGen	scGen	NA
HCC38	scgen_hcc_formal_v1	formal	NA	NA	LAMTOR5	0.0879801434745653	0.9562675117638229	0.0588712311683534	0.8186488784461469	0.8136963242434636	0.7781113593156658	0.7781113593156658	0.837008452753993	0.6808109209626718	estimated	estimated	estimated	sensitivity_boundary_context	0.0890975409858624	0.0046119790678145	middle	1.0	0.6170212765957447	scGen	scGen	NA
HCC38	scgen_hcc_formal_v1	formal	NA	NA	MAML3	0.0572457761695294	0.560842459426773	0.0109564328148032	0.1014247719831331	0.3824357335780822	0.2144861973926137	0.2144861973926137	0.5347167258036487	5.229479225764409	estimated	estimated	estimated	sensitivity_boundary_context	0.009549016733777	-0.0001588297680574	low_information	0.0212765957446808	0.1702127659574468	scGen	scGen	NA
HCC38	scgen_hcc_formal_v1	formal	NA	NA	MIER1	0.0574946460136311	0.5397466145672367	0.0170396850073614	0.2091119352041771	0.2403250744664935	0.1297146453389089	0.1297146453389089	0.2007954061931972	2.534096625131641	estimated	estimated	estimated	sensitivity_boundary_context	0.0068709338808792	0.0001888196382934	middle	0.3404255319148936	0.1276595744680851	scGen	scGen	NA
HCC38	scgen_hcc_formal_v1	formal	NA	NA	MTDH	0.0993861680770025	1.2738734112450785	0.0407769338674918	0.8910857667190333	0.8552062709495145	1.089424529692641	1.089424529692641	0.8877935205046211	0.7736413871424749	estimated	estimated	estimated	sensitivity_boundary_context	0.0342163047187118	0.0009157505297965	middle	0.6808510638297872	0.425531914893617	scGen	scGen	NA
HCC38	scgen_hcc_formal_v1	formal	NA	NA	MYBL1	0.0501985472601237	0.4756745855862496	0.0204974765150264	0.2060468418286695	0.178029233396564	0.0846839818181483	0.0846839818181483	0.3192866576380001	2.3468129044139987	estimated	estimated	estimated	sensitivity_boundary_context	0.0145675964421822	0.0019411097801427	middle	0.8297872340425532	0.2553191489361702	scGen	scGen	NA
HCC38	scgen_hcc_formal_v1	formal	NA	NA	NCOA1	0.0585446928293803	0.5604469434907042	0.0134416904437355	0.1239032375540687	0.3679177406488921	0.2061983732026772	0.2061983732026772	0.4762839636399298	4.258113627515293	estimated	estimated	estimated	sensitivity_boundary_context	0.0459486880054965	0.0001819874491868	middle	0.3191489361702128	0.4893617021276595	scGen	scGen	NA
HCC38	scgen_hcc_formal_v1	formal	NA	NA	NPM1	0.0959200968071338	1.4034420351103718	0.0540382168733747	1.1039501623440098	0.8711524732530659	1.2226119999537164	1.2226119999537164	0.911986856459534	0.6334069013246477	estimated	estimated	estimated	sensitivity_boundary_context	0.8555302996262993	0.0031722798838418	endpoint_anchor	0.9361702127659576	0.8936170212765957	scGen	scGen	NA
HCC38	scgen_hcc_formal_v1	formal	NA	NA	PA2G4	0.076475123548514	1.0758453338926288	0.0379683091204052	0.8486574654795975	0.8398922177489604	0.9035941234379508	0.9035941234379508	0.8825415370055365	0.691088159788882	estimated	estimated	estimated	sensitivity_boundary_context	0.3764696904296344	0.001678226549744	endpoint_anchor	0.8085106382978723	0.8085106382978723	scGen	scGen	NA
HCC38	scgen_hcc_formal_v1	formal	NA	NA	PARK7	0.0782691817708954	1.0585413374127737	0.0316253395760437	0.8210627520361934	0.8327429358831775	0.8814928210708183	0.8814928210708183	0.8721006958617008	0.717581033566552	estimated	estimated	estimated	sensitivity_boundary_context	0.0215311147572859	0.0001615046790646	middle	0.2553191489361702	0.3191489361702128	scGen	scGen	NA
HCC38	scgen_hcc_formal_v1	formal	NA	NA	PCBD1	0.0650970558009002	0.6438197429672193	0.0182116374462251	0.3097410515478567	0.5496765191799617	0.3538925952935588	0.3538925952935588	0.5761397266152507	1.7422352568026709	estimated	estimated	estimated	sensitivity_boundary_context	0.0210892465180688	0.0001295065875872	middle	0.1489361702127659	0.2978723404255319	scGen	scGen	NA
HCC38	scgen_hcc_formal_v1	formal	NA	NA	PEX14	0.062842596395822	0.6231929819192437	0.0166510013991122	0.1773708655867983	0.6303027782318678	0.3928002678783013	0.3928002678783013	0.6366146547105475	2.985893353185701	estimated	estimated	estimated	sensitivity_boundary_context	0.0049454685061893	0.0003881482885448	middle	0.5319148936170213	0.0638297872340425	scGen	scGen	NA
HCC38	scgen_hcc_formal_v1	formal	NA	NA	PFDN5	0.0831114559331697	1.065955663315854	0.0487808046483802	0.7934985664847273	0.8347428325644063	0.8897988497843465	0.8897988497843465	0.8654001688539772	0.7495983314237831	estimated	estimated	estimated	sensitivity_boundary_context	0.8201974002162512	0.0001812035372937	middle	0.2978723404255319	0.8723404255319149	scGen	scGen	NA
HCC38	scgen_hcc_formal_v1	formal	NA	NA	PMF1	0.0806230415558978	0.7909546056038451	0.0345675587553357	0.3349606044694711	0.9002119854622185	0.7120268159211233	0.7120268159211233	0.8422252727943349	1.5246318875417797	estimated	estimated	estimated	sensitivity_boundary_context	0.9978434877605236	0.0015908925687295	endpoint_anchor	0.7659574468085106	0.9574468085106383	scGen	scGen	NA
HCC38	scgen_hcc_formal_v1	formal	NA	NA	PRDX2	0.0707062589258629	0.9387939062183572	0.0270864657071904	0.7294690866573793	0.8106044228452258	0.7609904925207465	0.7609904925207465	0.8532935248584508	0.7548710918200326	estimated	estimated	estimated	sensitivity_boundary_context	0.1572365253337959	0.0002855126478934	middle	0.4042553191489361	0.6595744680851063	scGen	scGen	NA
HCC38	scgen_hcc_formal_v1	formal	NA	NA	PRPF6	0.0604036721902796	0.5395695525645162	0.0471347821832534	0.4114040023628398	0.3312347614399656	0.1787241920239765	0.1787241920239765	0.4402080920453574	1.3606125063358885	estimated	estimated	estimated	sensitivity_boundary_context	0.9972796156547944	0.0002308870003735	middle	0.3829787234042553	0.9361702127659576	scGen	scGen	NA
HCC38	scgen_hcc_formal_v1	formal	NA	NA	RORC	0.0591031867764967	0.5559443145908974	0.0124564503901467	0.1091991366502756	0.2839528458420114	0.1578619702577718	0.1578619702577718	0.3444289416672576	4.901845212575538	estimated	estimated	estimated	sensitivity_boundary_context	0.263229534078098	0.0001511530866577	middle	0.1914893617021276	0.7446808510638298	scGen	scGen	NA
HCC38	scgen_hcc_formal_v1	formal	NA	NA	RPS3	0.0792221265286448	1.098421748379198	0.0463147294667679	0.8642886825255415	0.8721110522368708	0.9579457467788456	0.9579457467788456	0.9025773931157236	0.6312308694488904	estimated	estimated	estimated	sensitivity_boundary_context	1.0	0.0009218466160271	middle	0.7021276595744681	0.9893617021276596	scGen	scGen	NA
HCC38	scgen_hcc_formal_v1	formal	NA	NA	RUVBL2	0.0773631937531367	0.8035011152831127	0.0360894148040621	0.4457444608022761	0.7272340719097785	0.5843333878513864	0.5843333878513864	0.7725501313893532	1.2757557991081891	estimated	estimated	estimated	sensitivity_boundary_context	0.978029448287533	0.0006879403849594	middle	0.6170212765957447	0.9148936170212766	scGen	scGen	NA
HCC38	scgen_hcc_formal_v1	formal	NA	NA	SMAD1	0.0565105576077768	0.5556293205194943	0.0159864703611725	0.1475318950734218	0.3008358951749073	0.1671532440239075	0.1671532440239075	0.2932121222951201	3.5941615204184822	estimated	estimated	estimated	sensitivity_boundary_context	0.0125810954880103	8.928461131540999e-05	low_information	0.1276595744680851	0.2127659574468085	scGen	scGen	NA
HCC38	scgen_hcc_formal_v1	formal	NA	NA	STAT3	0.0648472333064542	0.6917718937751578	0.020991362449927	0.4030218159651356	0.6504381359038878	0.4499548210578158	0.4499548210578158	0.7053011848417048	1.3089455655451026	estimated	estimated	estimated	sensitivity_boundary_context	0.0235621693286022	0.0007970097757102	middle	0.6382978723404256	0.3404255319148936	scGen	scGen	NA
HCC38	scgen_hcc_formal_v1	formal	NA	NA	TAB3	0.0556977422744702	0.5343637827553311	0.0160875196405093	0.1414447440741014	0.3589994752801668	0.1918363176178889	0.1918363176178889	0.5077358969571859	3.5440068995598826	estimated	estimated	estimated	sensitivity_boundary_context	0.0271522701939877	0.0003845878513856	middle	0.5106382978723404	0.3829787234042553	scGen	scGen	NA
HCC38	scgen_hcc_formal_v1	formal	NA	NA	TADA3	0.0685821695761618	0.7292243194903124	0.0408055200298916	0.4850688499801632	0.6762223114462921	0.4931177548885884	0.4931177548885884	0.7325949683043311	1.107632689641122	estimated	estimated	estimated	sensitivity_boundary_context	0.035551946395066	0.0034369248792146	middle	0.9574468085106383	0.4468085106382978	scGen	scGen	NA
HCC38	scgen_hcc_formal_v1	formal	NA	NA	THAP8	0.0578330169097889	0.5633671240854456	0.0158533770762451	0.1438130250358041	0.3927360109850417	0.2212545570334329	0.2212545570334329	0.4947003056939689	3.642625367693177	estimated	estimated	estimated	sensitivity_boundary_context	0.0267473201978675	0.0003178300330347	middle	0.4468085106382978	0.3617021276595745	scGen	scGen	NA
HCC38	scgen_hcc_formal_v1	formal	NA	NA	THRA	0.0550061833224176	0.545215719798199	0.0174579757790134	0.1865360019074074	0.4055027170623536	0.2210864557632766	0.2210864557632766	0.4541936224211407	2.678166723352161	estimated	estimated	estimated	sensitivity_boundary_context	0.0573416619307745	0.0010262530786392	middle	0.7446808510638298	0.5106382978723404	scGen	scGen	NA
HCC38	scgen_hcc_formal_v1	formal	NA	NA	TMF1	0.0545612874234044	0.5155249606501482	0.0259589697223002	0.2654353865453703	0.2004547012931659	0.1033394019962965	0.1033394019962965	0.1959846364771095	1.998361012208269	estimated	estimated	estimated	sensitivity_boundary_context	0.0809743969956026	0.0009563640545694	middle	0.723404255319149	0.574468085106383	scGen	scGen	NA
HCC38	scgen_hcc_formal_v1	formal	NA	NA	TMSB4X	0.096036409266597	1.2149873377853992	0.0315802521741932	0.7921430663436945	0.8047468440340405	0.9777572256241208	0.9777572256241208	0.8549447410778444	0.9401584424307086	estimated	estimated	estimated	sensitivity_boundary_context	0.2174493812731642	0.0001961393063308	middle	0.3617021276595745	0.7021276595744681	scGen	scGen	NA
HCC38	scgen_hcc_formal_v1	formal	NA	NA	UBP1	0.0550737566334978	0.5276757930260819	0.0144240479805346	0.1411650107232403	0.1732652827792277	0.0914278954944173	0.0914278954944173	0.2425622589611173	3.69829182042521	estimated	estimated	estimated	sensitivity_boundary_context	0.0201784564207119	0.0001585391625746	middle	0.2340425531914893	0.2765957446808511	scGen	scGen	NA
HCC38	scgen_hcc_formal_v1	formal	NA	NA	VEZF1	0.0615587833711081	0.6067045166200075	0.0256676462888529	0.297756520445403	0.4121792138581115	0.2500709907046002	0.2500709907046002	0.5148853012678486	1.863345246281101	estimated	estimated	estimated	sensitivity_boundary_context	0.0694464693745538	0.0022365591295995	middle	0.8723404255319149	0.5319148936170213	scGen	scGen	NA
HCC38	scgen_hcc_formal_v1	formal	NA	NA	XBP1	0.056011067009566	0.5269444462091585	0.016807646765055	0.1810247924973296	0.1033606287663054	0.0544653092850912	0.0544653092850912	0.0992486219998926	2.9785188600495	estimated	estimated	estimated	sensitivity_boundary_context	0.0113924113087519	-0.0001168536470148	low_information	0.0425531914893617	0.1914893617021276	scGen	scGen	NA
HCC38	scgen_hcc_formal_v1	formal	NA	NA	YBX1	0.1295410060510524	1.9691586822174525	0.0557853143197594	1.5119656884992447	0.8945557194408585	1.7615221616642462	1.7615221616642462	0.927619296247279	0.6050564459800133	estimated	estimated	estimated	sensitivity_boundary_context	1.0	0.0019462975016243	endpoint_anchor	0.851063829787234	0.9893617021276596	scGen	scGen	NA
HCC38	scgen_hcc_formal_v1	formal	NA	NA	ZBTB17	0.0633402873385962	0.6461319490644173	0.0271345116078105	0.2497591704500462	0.5177743434425953	0.3345505457041131	0.3345505457041131	0.6179927247428265	2.239126388536789	estimated	estimated	estimated	sensitivity_boundary_context	0.2634223656448051	0.0015980088443709	endpoint_anchor	0.7872340425531915	0.7659574468085106	scGen	scGen	NA
HCC38	scgen_hcc_formal_v1	formal	NA	NA	ZBTB20	0.0546612836250305	0.5371843192751599	0.0195070447520668	0.1837939184203465	0.1691656725926649	0.0908731466764152	0.0908731466764152	0.1764550164530703	2.9246587709388776	estimated	estimated	estimated	sensitivity_boundary_context	0.0018330352467763	0.0008809511967314	middle	0.6595744680851063	0.0212765957446808	scGen	scGen	NA
HCC38	scgen_hcc_formal_v1	formal	NA	NA	ZBTB5	0.0565614181101471	0.5555775173744247	0.015191196632473	0.134926525726472	0.3319027565638319	0.1843977095014618	0.1843977095014618	0.4968976424987595	3.90148327288058	estimated	estimated	estimated	sensitivity_boundary_context	0.0143722132742512	0.0003590051660145	middle	0.4893617021276595	0.2340425531914893	scGen	scGen	NA
HCC38	scgen_hcc_formal_v1	formal	NA	NA	ZNF131	0.0743887955835687	0.7822415527448311	0.0423373795269807	0.4113314399853767	0.7074303037867203	0.5533813792928717	0.5533813792928717	0.752962589000271	1.387766323544592	estimated	estimated	estimated	sensitivity_boundary_context	0.6622862073859538	0.003003726532435	endpoint_anchor	0.9148936170212766	0.851063829787234	scGen	scGen	NA
HCC38	scgen_hcc_formal_v1	formal	NA	NA	ZNF24	0.056235979819762	0.5394424631085066	0.0157968938159276	0.1610912063982979	0.2184850630110118	0.1178601205430775	0.1178601205430775	0.2700016753855612	3.278775320399661	estimated	estimated	estimated	sensitivity_boundary_context	0.0403071652767106	5.247577735052831e-05	middle	0.0851063829787234	0.4680851063829787	scGen	scGen	NA
HCC38	scgen_hcc_formal_v1	formal	NA	NA	ZNF566	0.0571579449094269	0.5533069518873257	0.0158687911163489	0.1602164959466003	0.3245979214214771	0.1796022864906791	0.1796022864906791	0.5029933830186513	3.268736209481005	estimated	estimated	estimated	sensitivity_boundary_context	0.0863639716532793	0.0002923370664005	middle	0.425531914893617	0.5957446808510638	scGen	scGen	NA
HCC38	scgpt_hcc_formal_v1	formal	NA	NA	ARID1A	0.0207341046259865	0.3283584566583625	0.0310666107447073	0.3429151804883518	0.1150553711792735	0.0377794041106812	0.0377794041106812	0.1391186244215701	1.3025204746398795	estimated	estimated	estimated	sensitivity_boundary_context	0.0939245801107399	0.0042572862999502	middle	0.9787234042553192	0.6382978723404256	scGPT kernel	scGPT	NA
HCC38	scgpt_hcc_formal_v1	formal	NA	NA	BMPR1A	0.0148197689468225	0.1471696298027819	0.0178830873467989	0.1753513681997965	-0.1219363371531551	-0.017945325598337	0.017945325598337	-0.0675646889669626	1.3816933155020692	estimated	estimated	estimated	sensitivity_boundary_context	0.2329854350238944	0.000340389816312	middle	0.4680851063829787	0.723404255319149	scGPT kernel	scGPT	NA
HCC38	scgpt_hcc_formal_v1	formal	NA	NA	CDKN2A	0.0190351911771868	0.2042027375991157	0.013985852995335	0.1194138020099699	-0.0493498951453131	-0.0100773836889022	0.0100773836889022	-0.044741215664963	2.023123324877933	estimated	estimated	estimated	sensitivity_boundary_context	0.0034117871973033	-7.83487363521405e-05	low_information	0.0638297872340425	0.0425531914893617	scGPT kernel	scGPT	NA
HCC38	scgpt_hcc_formal_v1	formal	NA	NA	COMMD6	0.0297744883887502	0.4439045436124265	0.0151409613758929	0.205477446328941	0.0786945054023272	0.0349328485054257	0.0349328485054257	0.0512662405454201	2.308056319288129	estimated	estimated	estimated	sensitivity_boundary_context	0.0087958879569685	6.78145213169612e-05	low_information	0.1063829787234042	0.1489361702127659	scGPT kernel	scGPT	NA
HCC38	scgpt_hcc_formal_v1	formal	NA	NA	ENY2	0.0325553931547693	0.4513585039963241	0.0482770942367106	0.5362717946357187	0.2610158893910733	0.1178117413548248	0.1178117413548248	0.2163525093893732	1.1265071046770596	estimated	estimated	estimated	sensitivity_boundary_context	0.4895161201697765	0.0026942573104302	endpoint_anchor	0.8936170212765957	0.8297872340425532	scGPT kernel	scGPT	NA
HCC38	scgpt_hcc_formal_v1	formal	NA	NA	ERC1	0.0092262318417872	0.0866143979207941	0.0160129155392678	0.2233704359880932	-0.0451311320021598	-0.0039090058258509	0.0039090058258509	-0.0361570017740749	1.0887419296178726	estimated	estimated	estimated	sensitivity_boundary_context	0.0054295617631019	0.0001540531423909	low_information	0.2127659574468085	0.0851063829787234	scGPT kernel	scGPT	NA
HCC38	scgpt_hcc_formal_v1	formal	NA	NA	ETV3	0.0100978835738991	0.0922146327576617	0.0168789918562509	0.173733878700292	0.2027273713982334	0.0186944301034141	0.0186944301034141	0.1524968649269469	1.0327249206397386	estimated	estimated	estimated	sensitivity_boundary_context	0.0807914252803547	0.0001472977658825	middle	0.1702127659574468	0.5531914893617021	scGPT kernel	scGPT	NA
HCC38	scgpt_hcc_formal_v1	formal	NA	NA	GON4L	0.0179076978379034	0.1705362205111015	0.0245934809105966	0.2258873099355492	0.1161864481939827	0.0198139977496107	0.0198139977496107	0.1362886683355782	1.1809040036017648	estimated	estimated	estimated	sensitivity_boundary_context	0.3129469325001975	0.0001679449755795	middle	0.2765957446808511	0.7872340425531915	scGPT kernel	scGPT	NA
HCC38	scgpt_hcc_formal_v1	formal	NA	NA	HDGF	0.0264602031058969	0.4408392369254408	0.0270203578427718	0.5410445296012522	0.0624683907315499	0.0275385177020567	0.0275385177020567	0.0369341142778349	1.249835931325214	estimated	estimated	estimated	sensitivity_boundary_context	0.0286996254177853	0.000499433390583	middle	0.574468085106383	0.4042553191489361	scGPT kernel	scGPT	NA
HCC38	scgpt_hcc_formal_v1	formal	NA	NA	HLX	0.0112007041147329	0.1127913353102421	0.0163040022453419	0.1519551979563902	0.420268452085545	0.0474026398994971	0.0474026398994971	0.4353409618996423	0.9628382626986774	estimated	estimated	estimated	sensitivity_boundary_context	0.006315463793662	0.0006534833889089	middle	0.5957446808510638	0.1063829787234042	scGPT kernel	scGPT	NA
HCC38	scgpt_hcc_formal_v1	formal	NA	NA	KLF3	0.0249501964045225	0.5279159366827977	0.0206142707573248	0.2277669756883913	-0.1825513288865506	-0.0963717557818328	0.0963717557818328	-0.1403458763532628	2.686704296190478	estimated	estimated	estimated	sensitivity_boundary_context	0.1616884807733207	0.0004151878526526	middle	0.5531914893617021	0.6808510638297872	scGPT kernel	scGPT	NA
HCC38	scgpt_hcc_formal_v1	formal	NA	NA	LAMTOR5	0.0233990489577366	0.3201662811166446	0.0588712311683534	0.8186488784461469	0.001059976130083	0.000339368615641	0.000339368615641	-0.0639313340632742	1.0733699945527084	estimated	estimated	estimated	sensitivity_boundary_context	0.0890975409858624	0.0046119790678145	middle	1.0	0.6170212765957447	scGPT kernel	scGPT	NA
HCC38	scgpt_hcc_formal_v1	formal	NA	NA	MAML3	0.0119836155835247	0.1168613528238499	0.0109564328148032	0.1014247719831331	0.1573346393076377	0.018386338795543	0.018386338795543	0.1523025976582905	1.4017837247843954	estimated	estimated	estimated	sensitivity_boundary_context	0.009549016733777	-0.0001588297680574	low_information	0.0212765957446808	0.1702127659574468	scGPT kernel	scGPT	NA
HCC38	scgpt_hcc_formal_v1	formal	NA	NA	MIER1	0.0164102021338509	0.1670585142832431	0.0170396850073614	0.2091119352041771	-0.0883832142826926	-0.0147651684656441	0.0147651684656441	-0.0954391538535288	1.3339607686744164	estimated	estimated	estimated	sensitivity_boundary_context	0.0068709338808792	0.0001888196382934	middle	0.3404255319148936	0.1276595744680851	scGPT kernel	scGPT	NA
HCC38	scgpt_hcc_formal_v1	formal	NA	NA	MTDH	0.0247915619615108	0.333863889757301	0.0407769338674918	0.8910857667190333	0.1473212986637926	0.0491852618159908	0.0491852618159908	0.1178463501290266	1.0148814057812858	estimated	estimated	estimated	sensitivity_boundary_context	0.0342163047187118	0.0009157505297965	middle	0.6808510638297872	0.425531914893617	scGPT kernel	scGPT	NA
HCC38	scgpt_hcc_formal_v1	formal	NA	NA	MYBL1	0.0076849592365779	0.0733301106091098	0.0204974765150264	0.2060468418286695	0.0717241140126061	0.0052595372138848	0.0052595372138848	0.0541514781916088	1.037114351578386	estimated	estimated	estimated	sensitivity_boundary_context	0.0145675964421822	0.0019411097801427	middle	0.8297872340425532	0.2553191489361702	scGPT kernel	scGPT	NA
HCC38	scgpt_hcc_formal_v1	formal	NA	NA	NCOA1	0.0133932393794194	0.1845420436192927	0.0134416904437355	0.1239032375540687	0.0043838399282313	0.0008090027792556	0.0008090027792556	0.009941156475785	1.7903260149116724	estimated	estimated	estimated	sensitivity_boundary_context	0.0459486880054965	0.0001819874491868	middle	0.3191489361702128	0.4893617021276595	scGPT kernel	scGPT	NA
HCC38	scgpt_hcc_formal_v1	formal	NA	NA	NPM1	0.0308848173698405	0.5132130320682565	0.0540382168733747	1.1039501623440098	-0.0227814354665112	-0.0116917295706355	0.0116917295706355	-0.0548285090337063	1.112340932931475	estimated	estimated	estimated	sensitivity_boundary_context	0.8555302996262993	0.0031722798838418	endpoint_anchor	0.9361702127659576	0.8936170212765957	scGPT kernel	scGPT	NA
HCC38	scgpt_hcc_formal_v1	formal	NA	NA	PA2G4	0.032358934289146	0.5256010313233319	0.0379683091204052	0.8486574654795975	-0.0355670440387022	-0.0186940750278642	0.0186940750278642	-0.063233030191271	1.1948339698050667	estimated	estimated	estimated	sensitivity_boundary_context	0.3764696904296344	0.001678226549744	endpoint_anchor	0.8085106382978723	0.8085106382978723	scGPT kernel	scGPT	NA
HCC38	scgpt_hcc_formal_v1	formal	NA	NA	PARK7	0.0258098877908295	0.3578314969977141	0.0316253395760437	0.8210627520361934	0.053437398063999	0.0191215841449035	0.0191215841449035	0.0054773857876165	1.0692787785966409	estimated	estimated	estimated	sensitivity_boundary_context	0.0215311147572859	0.0001615046790646	middle	0.2553191489361702	0.3191489361702128	scGPT kernel	scGPT	NA
HCC38	scgpt_hcc_formal_v1	formal	NA	NA	PCBD1	0.0256394985776733	0.3221825995647708	0.0182116374462251	0.3097410515478567	0.0178158799787485	0.0057399665250871	0.0057399665250871	-0.0455002714582011	1.4299949615238383	estimated	estimated	estimated	sensitivity_boundary_context	0.0210892465180688	0.0001295065875872	middle	0.1489361702127659	0.2978723404255319	scGPT kernel	scGPT	NA
HCC38	scgpt_hcc_formal_v1	formal	NA	NA	PEX14	0.011955964538846	0.1132644942254208	0.0166510013991122	0.1773708655867983	-0.0918217346543054	-0.0104001423345207	0.0104001423345207	-0.0156778561924248	1.23492804804433	estimated	estimated	estimated	sensitivity_boundary_context	0.0049454685061893	0.0003881482885448	middle	0.5319148936170213	0.0638297872340425	scGPT kernel	scGPT	NA
HCC38	scgpt_hcc_formal_v1	formal	NA	NA	PFDN5	0.0308688996208065	0.5004509419688299	0.0487808046483802	0.7934985664847273	-0.1428142126617674	-0.0714715072531182	0.0714715072531182	-0.1929203445360112	1.2561494988750566	estimated	estimated	estimated	sensitivity_boundary_context	0.8201974002162512	0.0001812035372937	middle	0.2978723404255319	0.8723404255319149	scGPT kernel	scGPT	NA
HCC38	scgpt_hcc_formal_v1	formal	NA	NA	PMF1	0.0197701992645887	0.2273383768344516	0.0345675587553357	0.3349606044694711	0.2435791601534638	0.0553748908999874	0.0553748908999874	0.0584487675951087	1.063015020927874	estimated	estimated	estimated	sensitivity_boundary_context	0.9978434877605236	0.0015908925687295	endpoint_anchor	0.7659574468085106	0.9574468085106383	scGPT kernel	scGPT	NA
HCC38	scgpt_hcc_formal_v1	formal	NA	NA	PRDX2	0.0277067720303717	0.4783873647633394	0.0270864657071904	0.7294690866573793	-0.0416742127328161	-0.0199364168078387	0.0199364168078387	-0.0733558673256677	1.2184976315119251	estimated	estimated	estimated	sensitivity_boundary_context	0.1572365253337959	0.0002855126478934	middle	0.4042553191489361	0.6595744680851063	scGPT kernel	scGPT	NA
HCC38	scgpt_hcc_formal_v1	formal	NA	NA	PRPF6	0.0165208729442373	0.1721688107438312	0.0471347821832534	0.4114040023628398	0.0590187236406992	0.010161183460838	0.010161183460838	0.0657579911588417	1.0610075400611714	estimated	estimated	estimated	sensitivity_boundary_context	0.9972796156547944	0.0002308870003735	middle	0.3829787234042553	0.9361702127659576	scGPT kernel	scGPT	NA
HCC38	scgpt_hcc_formal_v1	formal	NA	NA	RORC	0.0135665244431287	0.1562479106470274	0.0124564503901467	0.1091991366502756	0.037856831222063	0.0059150507821645	0.0059150507821645	0.0373056408505613	1.7143526898117607	estimated	estimated	estimated	sensitivity_boundary_context	0.263229534078098	0.0001511530866577	middle	0.1914893617021276	0.7446808510638298	scGPT kernel	scGPT	NA
HCC38	scgpt_hcc_formal_v1	formal	NA	NA	RPS3	0.0337363263312334	0.5360410389490031	0.0463147294667679	0.8642886825255415	0.0389662137150156	0.0208874896837059	0.0208874896837059	0.0047566759884699	1.155995986146322	estimated	estimated	estimated	sensitivity_boundary_context	1.0	0.0009218466160271	middle	0.7021276595744681	0.9893617021276596	scGPT kernel	scGPT	NA
HCC38	scgpt_hcc_formal_v1	formal	NA	NA	RUVBL2	0.0215365059836669	0.3241956067916121	0.0360894148040621	0.4457444608022761	0.1040037523306491	0.0337175595954393	0.0337175595954393	0.0875995825210556	1.1737534930021634	estimated	estimated	estimated	sensitivity_boundary_context	0.978029448287533	0.0006879403849594	middle	0.6170212765957447	0.9148936170212766	scGPT kernel	scGPT	NA
HCC38	scgpt_hcc_formal_v1	formal	NA	NA	SMAD1	0.009774265587803	0.0928547668141237	0.0159864703611725	0.1475318950734218	0.3298430481939756	0.0306274993253113	0.0306274993253113	0.3569321567567847	0.9904194006477282	estimated	estimated	estimated	sensitivity_boundary_context	0.0125810954880103	8.928461131540999e-05	low_information	0.1276595744680851	0.2127659574468085	scGPT kernel	scGPT	NA
HCC38	scgpt_hcc_formal_v1	formal	NA	NA	STAT3	0.0202948376286359	0.3175530320600728	0.020991362449927	0.4030218159651356	-0.0064034456774555	-0.0020334335905079	0.0020334335905079	-0.0256942045174026	1.27707667200324	estimated	estimated	estimated	sensitivity_boundary_context	0.0235621693286022	0.0007970097757102	middle	0.6382978723404256	0.3404255319148936	scGPT kernel	scGPT	NA
HCC38	scgpt_hcc_formal_v1	formal	NA	NA	TAB3	0.0107518554765752	0.10203158119586	0.0160875196405093	0.1414447440741014	0.1458834969485281	0.0148847238640397	0.0148847238640397	0.1128450372054524	1.1445012358138944	estimated	estimated	estimated	sensitivity_boundary_context	0.0271522701939877	0.0003845878513856	middle	0.5106382978723404	0.3829787234042553	scGPT kernel	scGPT	NA
HCC38	scgpt_hcc_formal_v1	formal	NA	NA	TADA3	0.0169060852829883	0.2242568333778344	0.0408055200298916	0.4850688499801632	-0.065137843673286	-0.0146076065552315	0.0146076065552315	-0.098684024149721	1.1287020904531186	estimated	estimated	estimated	sensitivity_boundary_context	0.035551946395066	0.0034369248792146	middle	0.9574468085106383	0.4468085106382978	scGPT kernel	scGPT	NA
HCC38	scgpt_hcc_formal_v1	formal	NA	NA	THAP8	0.0119724546997522	0.1088283884218384	0.0158533770762451	0.1438130250358041	0.3057467904672947	0.0332739304717052	0.0332739304717052	0.3054818783507435	1.0535224294557075	estimated	estimated	estimated	sensitivity_boundary_context	0.0267473201978675	0.0003178300330347	middle	0.4468085106382978	0.3617021276595745	scGPT kernel	scGPT	NA
HCC38	scgpt_hcc_formal_v1	formal	NA	NA	THRA	0.0199441458698595	0.2423721203218767	0.0174579757790134	0.1865360019074074	0.1800606026207307	0.0436416700436213	0.0436416700436213	0.1796180093706522	1.4900824564528057	estimated	estimated	estimated	sensitivity_boundary_context	0.0573416619307745	0.0010262530786392	middle	0.7446808510638298	0.5106382978723404	scGPT kernel	scGPT	NA
HCC38	scgpt_hcc_formal_v1	formal	NA	NA	TMF1	0.0188555820573475	0.199781818675959	0.0259589697223002	0.2654353865453703	0.2406265860516906	0.0480728169831939	0.0480728169831939	0.2342433485952426	1.0973942118797813	estimated	estimated	estimated	sensitivity_boundary_context	0.0809743969956026	0.0009563640545694	middle	0.723404255319149	0.574468085106383	scGPT kernel	scGPT	NA
HCC38	scgpt_hcc_formal_v1	formal	NA	NA	TMSB4X	0.0322362271359018	0.4936280615019425	0.0315802521741932	0.7921430663436945	0.161217668173275	0.0795815650202372	0.0795815650202372	0.1290398112958092	1.0896766198170869	estimated	estimated	estimated	sensitivity_boundary_context	0.2174493812731642	0.0001961393063308	middle	0.3617021276595745	0.7021276595744681	scGPT kernel	scGPT	NA
HCC38	scgpt_hcc_formal_v1	formal	NA	NA	UBP1	0.0161853202472346	0.1569229877831424	0.0144240479805346	0.1411650107232403	-0.1530802600115144	-0.0240218117716271	0.0240218117716271	-0.1518964868616916	1.6050089041970037	estimated	estimated	estimated	sensitivity_boundary_context	0.0201784564207119	0.0001585391625746	middle	0.2340425531914893	0.2765957446808511	scGPT kernel	scGPT	NA
HCC38	scgpt_hcc_formal_v1	formal	NA	NA	VEZF1	0.0169466083778767	0.1795348610947748	0.0256676462888529	0.297756520445403	0.2071300100672568	0.0371870575859842	0.0371870575859842	0.2118132021633018	1.055356550421125	estimated	estimated	estimated	sensitivity_boundary_context	0.0694464693745538	0.0022365591295995	middle	0.8723404255319149	0.5319148936170213	scGPT kernel	scGPT	NA
HCC38	scgpt_hcc_formal_v1	formal	NA	NA	XBP1	0.0296436933858847	0.4470739823629586	0.016807646765055	0.1810247924973296	-0.178052297342761	-0.0796025496419018	0.0796025496419018	-0.1912443319971135	2.82467757095554	estimated	estimated	estimated	sensitivity_boundary_context	0.0113924113087519	-0.0001168536470148	low_information	0.0425531914893617	0.1914893617021276	scGPT kernel	scGPT	NA
HCC38	scgpt_hcc_formal_v1	formal	NA	NA	YBX1	0.0273861261818227	0.4038893787341124	0.0557853143197594	1.5119656884992447	-0.006639055217784	-0.0026814438872922	0.0026814438872922	-0.0495458546989406	1.0367761034125649	estimated	estimated	estimated	sensitivity_boundary_context	1.0	0.0019462975016243	endpoint_anchor	0.851063829787234	0.9893617021276596	scGPT kernel	scGPT	NA
HCC38	scgpt_hcc_formal_v1	formal	NA	NA	ZBTB17	0.0136996388654289	0.1374872554891614	0.0271345116078105	0.2497591704500462	0.23725437028471	0.032619452223254	0.032619452223254	0.2374339504317202	1.020695951702509	estimated	estimated	estimated	sensitivity_boundary_context	0.2634223656448051	0.0015980088443709	endpoint_anchor	0.7872340425531915	0.7659574468085106	scGPT kernel	scGPT	NA
HCC38	scgpt_hcc_formal_v1	formal	NA	NA	ZBTB20	0.0096809220081101	0.0874192406722777	0.0195070447520668	0.1837939184203465	0.1098081162593383	0.0095993421430445	0.0095993421430445	0.1148682174411724	1.0591379322639125	estimated	estimated	estimated	sensitivity_boundary_context	0.0018330352467763	0.0008809511967314	middle	0.6595744680851063	0.0212765957446808	scGPT kernel	scGPT	NA
HCC38	scgpt_hcc_formal_v1	formal	NA	NA	ZBTB5	0.014167212761535	0.1289351319977029	0.015191196632473	0.134926525726472	0.400947318448949	0.0516961954283402	0.0516961954283402	0.3931028649429273	1.070922710459154	estimated	estimated	estimated	sensitivity_boundary_context	0.0143722132742512	0.0003590051660145	middle	0.4893617021276595	0.2340425531914893	scGPT kernel	scGPT	NA
HCC38	scgpt_hcc_formal_v1	formal	NA	NA	ZNF131	0.0192959392979564	0.2654703729560441	0.0423373795269807	0.4113314399853767	0.2567545352995111	0.068160722244117	0.068160722244117	0.2570931785843546	1.0416894226145412	estimated	estimated	estimated	sensitivity_boundary_context	0.6622862073859538	0.003003726532435	endpoint_anchor	0.9148936170212766	0.851063829787234	scGPT kernel	scGPT	NA
HCC38	scgpt_hcc_formal_v1	formal	NA	NA	ZNF24	0.0148028026659601	0.1498885097136918	0.0157968938159276	0.1610912063982979	0.2164800940657498	0.032447878682195	0.032447878682195	0.2183875928388959	1.2095040320069466	estimated	estimated	estimated	sensitivity_boundary_context	0.0403071652767106	5.247577735052831e-05	middle	0.0851063829787234	0.4680851063829787	scGPT kernel	scGPT	NA
HCC38	scgpt_hcc_formal_v1	formal	NA	NA	ZNF566	0.008712489316448	0.0795200049498178	0.0158687911163489	0.1602164959466003	0.4142789661791581	0.032943465441172	0.032943465441172	0.4138478300294458	0.91384082630698	estimated	estimated	estimated	sensitivity_boundary_context	0.0863639716532793	0.0002923370664005	middle	0.425531914893617	0.5957446808510638	scGPT kernel	scGPT	NA
