cell_line	source_type	permutation_id	n_targets	spearman_rho	ci_lo_fisher95	ci_hi_fisher95	ci_method	empirical_p_two_sided
HCC38	observed		47.0	0.7257957275155708	0.5541175884911274	0.8382522334994763	fisher_z_transform	0.0009990009990009
HCC1143	observed		48.0	0.7792497165337711	0.6359107181815138	0.870620317810349	fisher_z_transform	0.0009990009990009
HCC38	endpoint_label_permutation	0		0.1849035877156692				
HCC38	endpoint_label_permutation	1		0.0953427192442584				
HCC38	endpoint_label_permutation	2		0.1812032032210466				
HCC38	endpoint_label_permutation	3		0.1687144055516956				
HCC38	endpoint_label_permutation	4		0.0408198664563047				
HCC38	endpoint_label_permutation	5		0.0462548061827815				
HCC38	endpoint_label_permutation	6		0.0280997947560397				
HCC38	endpoint_label_permutation	7		-0.1546645081736757				
HCC38	endpoint_label_permutation	8		0.1002572924011789				
HCC38	endpoint_label_permutation	9		-0.1469746466457883				
HCC38	endpoint_label_permutation	10		-0.1332716603141393				
HCC38	endpoint_label_permutation	11		0.0397213148094636				
HCC38	endpoint_label_permutation	12		0.0714636755523974				
HCC38	endpoint_label_permutation	13		-0.1935763638749407				
HCC38	endpoint_label_permutation	14		-0.0881732242859273				
HCC38	endpoint_label_permutation	15		-0.1976814779236625				
HCC38	endpoint_label_permutation	16		0.082564829036265				
HCC38	endpoint_label_permutation	17		-0.0545806712956822				
HCC38	endpoint_label_permutation	18		-0.1028591252489604				
HCC38	endpoint_label_permutation	19		0.1181810297970068				
HCC38	endpoint_label_permutation	20		0.0449249805050265				
HCC38	endpoint_label_permutation	21		-0.0345754676216292				
HCC38	endpoint_label_permutation	22		-0.0866699430849869				
HCC38	endpoint_label_permutation	23		0.1144228267946558				
HCC38	endpoint_label_permutation	24		0.1050562285426425				
HCC38	endpoint_label_permutation	25		0.0998525628470796				
HCC38	endpoint_label_permutation	26		-0.0446358879663841				
HCC38	endpoint_label_permutation	27		0.2766037409730336				
HCC38	endpoint_label_permutation	28		-0.1475528317230731				
HCC38	endpoint_label_permutation	29		-0.2797259403903713				
HCC38	endpoint_label_permutation	30		-0.0376398485312384				
HCC38	endpoint_label_permutation	31		-0.1193373999515763				
HCC38	endpoint_label_permutation	32		-0.1229799659384704				
HCC38	endpoint_label_permutation	33		0.1897025238571327				
HCC38	endpoint_label_permutation	34		-0.2670058686901064				
HCC38	endpoint_label_permutation	35		-0.031164175665649				
HCC38	endpoint_label_permutation	36		0.1788326444041791				
HCC38	endpoint_label_permutation	37		0.078806626033914				
HCC38	endpoint_label_permutation	38		-0.0769564337866027				
HCC38	endpoint_label_permutation	39		0.1477262872462585				
HCC38	endpoint_label_permutation	40		-0.0489144575382914				
HCC38	endpoint_label_permutation	41		0.1750744414018281				
HCC38	endpoint_label_permutation	42		0.2224277992314507				
HCC38	endpoint_label_permutation	43		-0.0146280824553046				
HCC38	endpoint_label_permutation	44		0.0764938857247749				
HCC38	endpoint_label_permutation	45		0.1103177127459339				
HCC38	endpoint_label_permutation	46		-0.0581654187748477				
HCC38	endpoint_label_permutation	47		-0.0397791333171921				
HCC38	endpoint_label_permutation	48		-0.009829146313841				
HCC38	endpoint_label_permutation	49		-0.0871903096545431				
HCC38	endpoint_label_permutation	50		-0.11008643871502				
HCC38	endpoint_label_permutation	51		-0.1437946287207221				
HCC38	endpoint_label_permutation	52		-0.0589748778830464				
HCC38	endpoint_label_permutation	53		0.0606516146071722				
HCC38	endpoint_label_permutation	54		0.0821600994821657				
HCC38	endpoint_label_permutation	55		-0.1008354774784637				
HCC38	endpoint_label_permutation	56		-0.5097279641342526				
HCC38	endpoint_label_permutation	57		0.0722153161528676				
HCC38	endpoint_label_permutation	58		-0.1387644185483446				
HCC38	endpoint_label_permutation	59		0.0191957445658543				
HCC38	endpoint_label_permutation	60		-0.2327194936071196				
HCC38	endpoint_label_permutation	61		0.0498395536619471				
HCC38	endpoint_label_permutation	62		0.1667485762889274				
HCC38	endpoint_label_permutation	63		0.0547541268188676				
HCC38	endpoint_label_permutation	64		0.0234743141377616				
HCC38	endpoint_label_permutation	65		-0.1053453210812849				
HCC38	endpoint_label_permutation	66		-0.1262178023712651				
HCC38	endpoint_label_permutation	67		0.1323465641904836				
HCC38	endpoint_label_permutation	68		-0.0239368621995894				
HCC38	endpoint_label_permutation	69		-0.0009829146313841				
HCC38	endpoint_label_permutation	70		0.2750426412643647				
HCC38	endpoint_label_permutation	71		-0.1835159435301857				
HCC38	endpoint_label_permutation	72		-0.2682778758601328				
HCC38	endpoint_label_permutation	73		0.2406984476736494				
HCC38	endpoint_label_permutation	74		0.2748113672334508				
HCC38	endpoint_label_permutation	75		-0.0583966928057616				
HCC38	endpoint_label_permutation	76		-0.1274319910335631				
HCC38	endpoint_label_permutation	77		0.0464282617059669				
HCC38	endpoint_label_permutation	78		0.1027434882335034				
HCC38	endpoint_label_permutation	79		0.1686565870439671				
HCC38	endpoint_label_permutation	80		-0.2383857073645103				
HCC38	endpoint_label_permutation	81		0.1846723136847552				
HCC38	endpoint_label_permutation	82		-0.0736607788460795				
HCC38	endpoint_label_permutation	83		0.1186435778588346				
HCC38	endpoint_label_permutation	84		0.1326934752368545				
HCC38	endpoint_label_permutation	85		-0.0640050880554239				
HCC38	endpoint_label_permutation	86		-0.0423231476572451				
HCC38	endpoint_label_permutation	87		0.1157526524724107				
HCC38	endpoint_label_permutation	88		0.0151484490248609				
HCC38	endpoint_label_permutation	89		0.078690989018457				
HCC38	endpoint_label_permutation	90		-0.0564308635429934				
HCC38	endpoint_label_permutation	91		-0.1952531005990666				
HCC38	endpoint_label_permutation	92		0.0830273770980928				
HCC38	endpoint_label_permutation	93		0.1074267873595101				
HCC38	endpoint_label_permutation	94		-0.2407562661813779				
HCC38	endpoint_label_permutation	95		0.0211615738286225				
HCC38	endpoint_label_permutation	96		-0.1650140210570731				
HCC38	endpoint_label_permutation	97		0.0486831835073775				
HCC38	endpoint_label_permutation	98		0.0875950392086425				
HCC38	endpoint_label_permutation	99		0.101240207032563				
HCC38	endpoint_label_permutation	100		-0.0528461160638279				
HCC38	endpoint_label_permutation	101		-0.285507791163219				
HCC38	endpoint_label_permutation	102		0.0655661877640928				
HCC38	endpoint_label_permutation	103		-0.0193692000890397				
HCC38	endpoint_label_permutation	104		0.1018183921098478				
HCC38	endpoint_label_permutation	105		0.1699864127217221				
HCC38	endpoint_label_permutation	106		0.0130091642389073				
HCC38	endpoint_label_permutation	107		-0.0532508456179272				
HCC38	endpoint_label_permutation	108		-0.1704489607835499				
HCC38	endpoint_label_permutation	109		0.1647249285184307				
HCC38	endpoint_label_permutation	110		-0.0806568182812253				
HCC38	endpoint_label_permutation	111		0.0341707380675298				
HCC38	endpoint_label_permutation	112		-0.2326038565916626				
HCC38	endpoint_label_permutation	113		-0.0156688155944172				
HCC38	endpoint_label_permutation	114		0.2194790553372984				
HCC38	endpoint_label_permutation	115		0.184151947115199				
HCC38	endpoint_label_permutation	116		-0.1651874765802585				
HCC38	endpoint_label_permutation	117		-0.1435055361820797				
HCC38	endpoint_label_permutation	118		0.2419704548436759				
HCC38	endpoint_label_permutation	119		-0.3748373856037159				
HCC38	endpoint_label_permutation	120		-0.0361943858380265				
HCC38	endpoint_label_permutation	121		0.077592437371616				
HCC38	endpoint_label_permutation	122		-0.0636003585013246				
HCC38	endpoint_label_permutation	123		0.1972767483695632				
HCC38	endpoint_label_permutation	124		0.0159579081330596				
HCC38	endpoint_label_permutation	125		0.0866121245772584				
HCC38	endpoint_label_permutation	126		-0.1795264664969208				
HCC38	endpoint_label_permutation	127		-0.0097135092983841				
HCC38	endpoint_label_permutation	128		-0.0497817351542186				
HCC38	endpoint_label_permutation	129		0.3085195572391528				
HCC38	endpoint_label_permutation	130		-0.3380069961806761				
HCC38	endpoint_label_permutation	131		-0.1617183661165499				
HCC38	endpoint_label_permutation	132		-0.1964672892613645				
HCC38	endpoint_label_permutation	133		-0.1910323495348877				
HCC38	endpoint_label_permutation	134		-0.1386487815328876				
HCC38	endpoint_label_permutation	135		-0.1836315805456427				
HCC38	endpoint_label_permutation	136		-0.1883726981793778				
HCC38	endpoint_label_permutation	137		-0.1355844006232784				
HCC38	endpoint_label_permutation	138		-0.106328235712669				
HCC38	endpoint_label_permutation	139		0.1120522679777882				
HCC38	endpoint_label_permutation	140		-0.0050302101723774				
HCC38	endpoint_label_permutation	141		0.0145702639475761				
HCC38	endpoint_label_permutation	142		-0.1010667515093776				
HCC38	endpoint_label_permutation	143		0.0772455263252451				
HCC38	endpoint_label_permutation	144		-0.2926772861215502				
HCC38	endpoint_label_permutation	145		0.2504119569720335				
HCC38	endpoint_label_permutation	146		0.0195426556122252				
HCC38	endpoint_label_permutation	147		-0.3312422307764442				
HCC38	endpoint_label_permutation	148		-0.1392269666101724				
HCC38	endpoint_label_permutation	149		0.0513428348628875				
HCC38	endpoint_label_permutation	150		-0.0204099332281523				
HCC38	endpoint_label_permutation	151		-0.0892139574250398				
HCC38	endpoint_label_permutation	152		-0.2595472811931328				
HCC38	endpoint_label_permutation	153		0.0446358879663841				
HCC38	endpoint_label_permutation	154		0.2147957562112917				
HCC38	endpoint_label_permutation	155		-0.1190483074129339				
HCC38	endpoint_label_permutation	156		-0.0093087797442847				
HCC38	endpoint_label_permutation	157		-0.0485097279841921				
HCC38	endpoint_label_permutation	158		0.1443149952902784				
HCC38	endpoint_label_permutation	159		-0.1245410656471392				
HCC38	endpoint_label_permutation	160		-0.0108120609452251				
HCC38	endpoint_label_permutation	161		-0.1532190454804638				
HCC38	endpoint_label_permutation	162		-0.1085253390063511				
HCC38	endpoint_label_permutation	163		0.1352374895769075				
HCC38	endpoint_label_permutation	164		0.4017808102051861				
HCC38	endpoint_label_permutation	165		-0.1026278512180465				
HCC38	endpoint_label_permutation	166		0.0407042294408477				
HCC38	endpoint_label_permutation	167		0.0300078055110795				
HCC38	endpoint_label_permutation	168		-0.0342285565752583				
HCC38	endpoint_label_permutation	169		0.0791535370802849				
HCC38	endpoint_label_permutation	170		0.0254979619082583				
HCC38	endpoint_label_permutation	171		-0.1929403602899274				
HCC38	endpoint_label_permutation	172		-0.2431846435059739				
HCC38	endpoint_label_permutation	173		-0.201613136449199				
HCC38	endpoint_label_permutation	174		-0.1980283889700334				
HCC38	endpoint_label_permutation	175		0.0227226735372914				
HCC38	endpoint_label_permutation	176		-0.0657974617950067				
HCC38	endpoint_label_permutation	177		-0.047526813352808				
HCC38	endpoint_label_permutation	178		0.0225492180141059				
HCC38	endpoint_label_permutation	179		-0.0890983204095829				
HCC38	endpoint_label_permutation	180		0.0916423347496359				
HCC38	endpoint_label_permutation	181		-0.3345378857169674				
HCC38	endpoint_label_permutation	182		-0.030065624018808				
HCC38	endpoint_label_permutation	183		-0.1129773641014439				
HCC38	endpoint_label_permutation	184		-0.0197739296431391				
HCC38	endpoint_label_permutation	185		-0.0882888613013842				
HCC38	endpoint_label_permutation	186		0.1635685583638612				
HCC38	endpoint_label_permutation	187		-0.1099129831918346				
HCC38	endpoint_label_permutation	188		-0.1693504091367089				
HCC38	endpoint_label_permutation	189		-0.1908588940117023				
HCC38	endpoint_label_permutation	190		-0.2375762482563116				
HCC38	endpoint_label_permutation	191		0.1583070741605698				
HCC38	endpoint_label_permutation	192		-0.4142696078745371				
HCC38	endpoint_label_permutation	193		-0.0632534474549537				
HCC38	endpoint_label_permutation	194		0.2737128155866097				
HCC38	endpoint_label_permutation	195		0.4297071494380404				
HCC38	endpoint_label_permutation	196		-0.2236998064014771				
HCC38	endpoint_label_permutation	197		0.1588274407301261				
HCC38	endpoint_label_permutation	198		-0.0031221994173377				
HCC38	endpoint_label_permutation	199		-0.1321731086672982				
HCC38	endpoint_label_permutation	200		0.2256078171565169				
HCC38	endpoint_label_permutation	201		-0.0371194819616821				
HCC38	endpoint_label_permutation	202		0.0951114452133445				
HCC38	endpoint_label_permutation	203		0.1470902836612453				
HCC38	endpoint_label_permutation	204		0.0205833887513377				
HCC38	endpoint_label_permutation	205		0.0043363880796357				
HCC38	endpoint_label_permutation	206		0.0707698534596557				
HCC38	endpoint_label_permutation	207		-0.1658812986730002				
HCC38	endpoint_label_permutation	208		0.1675002168893976				
HCC38	endpoint_label_permutation	209		0.0962099968601855				
HCC38	endpoint_label_permutation	210		-0.366974068552643				
HCC38	endpoint_label_permutation	211		-0.0930877974428478				
HCC38	endpoint_label_permutation	212		0.0112167904993245				
HCC38	endpoint_label_permutation	213		0.0770720708020597				
HCC38	endpoint_label_permutation	214		-0.0552744933884239				
HCC38	endpoint_label_permutation	215		-0.1296869128349737				
HCC38	endpoint_label_permutation	216		-0.08389465471402				
HCC38	endpoint_label_permutation	217		0.1217079587684439				
HCC38	endpoint_label_permutation	218		-0.0600734295298875				
HCC38	endpoint_label_permutation	219		-0.2768350150039474				
HCC38	endpoint_label_permutation	220		-0.1780231852959804				
HCC38	endpoint_label_permutation	221		-0.0981180076152253				
HCC38	endpoint_label_permutation	222		-0.0381023965930662				
HCC38	endpoint_label_permutation	223		-0.0004625480618278				
HCC38	endpoint_label_permutation	224		-0.3074788241000402				
HCC38	endpoint_label_permutation	225		-0.0103495128833973				
HCC38	endpoint_label_permutation	226		-0.4158885260909345				
HCC38	endpoint_label_permutation	227		-0.0231274030913907				
HCC38	endpoint_label_permutation	228		-0.3639675061507622				
HCC38	endpoint_label_permutation	229		-0.0629065364085828				
HCC38	endpoint_label_permutation	230		-0.1921309011817288				
HCC38	endpoint_label_permutation	231		0.0168251857489867				
HCC38	endpoint_label_permutation	232		0.0760891561706756				
HCC38	endpoint_label_permutation	233		0.0706542164441988				
HCC38	endpoint_label_permutation	234		0.0492035500769338				
HCC38	endpoint_label_permutation	235		-0.1155791969492253				
HCC38	endpoint_label_permutation	236		-0.2268798243265434				
HCC38	endpoint_label_permutation	237		0.1813766587442321				
HCC38	endpoint_label_permutation	238		0.1730507936313314				
HCC38	endpoint_label_permutation	239		-0.0174033708262715				
HCC38	endpoint_label_permutation	240		0.195310919106795				
HCC38	endpoint_label_permutation	241		0.1673845798739406				
HCC38	endpoint_label_permutation	242		0.0600734295298875				
HCC38	endpoint_label_permutation	243		-0.2392529849804374				
HCC38	endpoint_label_permutation	244		-0.004856754649192				
HCC38	endpoint_label_permutation	245		0.0004047295540993				
HCC38	endpoint_label_permutation	246		0.1651874765802585				
HCC38	endpoint_label_permutation	247		-0.1475528317230731				
HCC38	endpoint_label_permutation	248		-0.2311005753907222				
HCC38	endpoint_label_permutation	249		-0.1845566766692983				
HCC38	endpoint_label_permutation	250		0.0330143679129603				
HCC38	endpoint_label_permutation	251		0.1192217629361194				
HCC38	endpoint_label_permutation	252		-0.0630221734240398				
HCC38	endpoint_label_permutation	253		0.1459339135066757				
HCC38	endpoint_label_permutation	254		0.1568616114673579				
HCC38	endpoint_label_permutation	255		0.1057500506353842				
HCC38	endpoint_label_permutation	256		-0.1743228008013579				
HCC38	endpoint_label_permutation	257		0.1005463849398213				
HCC38	endpoint_label_permutation	258		0.281865225176325				
HCC38	endpoint_label_permutation	259		0.2080309908070599				
HCC38	endpoint_label_permutation	260		-0.1002572924011789				
HCC38	endpoint_label_permutation	261		-0.1404989737801989				
HCC38	endpoint_label_permutation	262		-0.2791477553130865				
HCC38	endpoint_label_permutation	263		0.0215663033827218				
HCC38	endpoint_label_permutation	264		-0.0987540112002385				
HCC38	endpoint_label_permutation	265		-0.1696395016753512				
HCC38	endpoint_label_permutation	266		0.1962360152304506				
HCC38	endpoint_label_permutation	267		0.1263912578944505				
HCC38	endpoint_label_permutation	268		0.0246306842923311				
HCC38	endpoint_label_permutation	269		-0.0996212888161657				
HCC38	endpoint_label_permutation	270		0.2281518314965699				
HCC38	endpoint_label_permutation	271		-0.0664334653800199				
HCC38	endpoint_label_permutation	272		-0.0590905148985034				
HCC38	endpoint_label_permutation	273		-0.1152322859028544				
HCC38	endpoint_label_permutation	274		-0.0529617530792848				
HCC38	endpoint_label_permutation	275		-0.0128935272234503				
HCC38	endpoint_label_permutation	276		-0.3088664682855236				
HCC38	endpoint_label_permutation	277		-0.0501864647083179				
HCC38	endpoint_label_permutation	278		0.1517157642795234				
HCC38	endpoint_label_permutation	279		0.2522043307116163				
HCC38	endpoint_label_permutation	280		0.0514584718783444				
HCC38	endpoint_label_permutation	281		-0.0055505767419337				
HCC38	endpoint_label_permutation	282		0.2041571507892519				
HCC38	endpoint_label_permutation	283		-0.2060073430365632				
HCC38	endpoint_label_permutation	284		-0.1419444364734108				
HCC38	endpoint_label_permutation	285		-0.1647827470261592				
HCC38	endpoint_label_permutation	286		0.1802202885896625				
HCC38	endpoint_label_permutation	287		-0.1104333497613909				
HCC38	endpoint_label_permutation	288		-0.1233268769848412				
HCC38	endpoint_label_permutation	289		0.1410193403497552				
HCC38	endpoint_label_permutation	290		-0.2928507416447355				
HCC38	endpoint_label_permutation	291		-0.0715793125678544				
HCC38	endpoint_label_permutation	292		0.117602844719722				
HCC38	endpoint_label_permutation	293		-0.2144488451649208				
HCC38	endpoint_label_permutation	294		0.1391113295947154				
HCC38	endpoint_label_permutation	295		0.1102598942382054				
HCC38	endpoint_label_permutation	296		0.0715793125678544				
HCC38	endpoint_label_permutation	297		-0.1025122142025895				
HCC38	endpoint_label_permutation	298		-0.0096556907906556				
HCC38	endpoint_label_permutation	299		0.1156370154569538				
HCC38	endpoint_label_permutation	300		0.1255239802785233				
HCC38	endpoint_label_permutation	301		0.0186175594885695				
HCC38	endpoint_label_permutation	302		0.2668324131669209				
HCC38	endpoint_label_permutation	303		0.1178341187506359				
HCC38	endpoint_label_permutation	304		-0.0882888613013842				
HCC38	endpoint_label_permutation	305		-0.0385071261471656				
HCC38	endpoint_label_permutation	306		-0.0659709173181921				
HCC38	endpoint_label_permutation	307		-0.0309907201424636				
HCC38	endpoint_label_permutation	308		-0.1567459744519009				
HCC38	endpoint_label_permutation	309		-0.0408776849640331				
HCC38	endpoint_label_permutation	310		0.1743228008013579				
HCC38	endpoint_label_permutation	311		0.1324622012059406				
HCC38	endpoint_label_permutation	312		0.2306958458366229				
HCC38	endpoint_label_permutation	313		-0.3444826690462655				
HCC38	endpoint_label_permutation	314		-0.1053453210812849				
HCC38	endpoint_label_permutation	315		-0.028735798341053				
HCC38	endpoint_label_permutation	316		-0.0667803764263908				
HCC38	endpoint_label_permutation	317		0.2193634183218414				
HCC38	endpoint_label_permutation	318		0.0823335550053511				
HCC38	endpoint_label_permutation	319		-0.082680466051722				
HCC38	endpoint_label_permutation	320		-0.0276372466942119				
HCC38	endpoint_label_permutation	321		0.126449076402179				
HCC38	endpoint_label_permutation	322		0.2833106878695369				
HCC38	endpoint_label_permutation	323		-0.0679945650886888				
HCC38	endpoint_label_permutation	324		-0.0460813506595961				
HCC38	endpoint_label_permutation	325		0.0246306842923311				
HCC38	endpoint_label_permutation	326		-0.1233268769848412				
HCC38	endpoint_label_permutation	327		-0.0872481281622716				
HCC38	endpoint_label_permutation	328		0.0270012431091987				
HCC38	endpoint_label_permutation	329		0.1336763898682386				
HCC38	endpoint_label_permutation	330		0.166459483750285				
HCC38	endpoint_label_permutation	331		0.0423809661649735				
HCC38	endpoint_label_permutation	332		0.0694978462896292				
HCC38	endpoint_label_permutation	333		-0.0904281460873379				
HCC38	endpoint_label_permutation	334		0.0026018328477814				
HCC38	endpoint_label_permutation	335		0.3387586367811462				
HCC38	endpoint_label_permutation	336		-0.0156688155944172				
HCC38	endpoint_label_permutation	337		0.348183053540888				
HCC38	endpoint_label_permutation	338		-0.0580497817593908				
HCC38	endpoint_label_permutation	339		0.0781706224489008				
HCC38	endpoint_label_permutation	340		0.1060391431740266				
HCC38	endpoint_label_permutation	341		-0.0715793125678544				
HCC38	endpoint_label_permutation	342		-0.1981440259854904				
HCC38	endpoint_label_permutation	343		-0.1165042930728809				
HCC38	endpoint_label_permutation	344		-0.1370876818242187				
HCC38	endpoint_label_permutation	345		0.0620392587926557				
HCC38	endpoint_label_permutation	346		0.0163048191794304				
HCC38	endpoint_label_permutation	347		-0.1679627649512254				
HCC38	endpoint_label_permutation	348		0.1032638548030597				
HCC38	endpoint_label_permutation	349		0.1450088173830201				
HCC38	endpoint_label_permutation	350		-0.1133242751478147				
HCC38	endpoint_label_permutation	351		0.2138706600876361				
HCC38	endpoint_label_permutation	352		-0.246595935461954				
HCC38	endpoint_label_permutation	353		-0.037466393008053				
HCC38	endpoint_label_permutation	354		-0.0627330808853974				
HCC38	endpoint_label_permutation	355		0.095053626705616				
HCC38	endpoint_label_permutation	356		-0.0840102917294769				
HCC38	endpoint_label_permutation	357		-0.1020496661407617				
HCC38	endpoint_label_permutation	358		0.2556734411753249				
HCC38	endpoint_label_permutation	359		0.0367147524075828				
HCC38	endpoint_label_permutation	360		-0.040010407348106				
HCC38	endpoint_label_permutation	361		-0.0235321326454901				
HCC38	endpoint_label_permutation	362		0.0076320430201589				
HCC38	endpoint_label_permutation	363		0.036252204345755				
HCC38	endpoint_label_permutation	364		-0.0788644445416425				
HCC38	endpoint_label_permutation	365		-0.0004047295540993				
HCC38	endpoint_label_permutation	366		0.1128039085782584				
HCC38	endpoint_label_permutation	367		-0.1061547801894836				
HCC38	endpoint_label_permutation	368		0.1749588043863711				
HCC38	endpoint_label_permutation	369		-0.1221705068302717				
HCC38	endpoint_label_permutation	370		0.039894770332649				
HCC38	endpoint_label_permutation	371		0.1979127519545765				
HCC38	endpoint_label_permutation	372		0.0486831835073775				
HCC38	endpoint_label_permutation	373		0.1799890145587486				
HCC38	endpoint_label_permutation	374		0.0616345292385564				
HCC38	endpoint_label_permutation	375		0.1487092018776426				
HCC38	endpoint_label_permutation	376		-0.0515741088938014				
HCC38	endpoint_label_permutation	377		-0.0230117660759338				
HCC38	endpoint_label_permutation	378		0.1396316961642717				
HCC38	endpoint_label_permutation	379		0.0109276979606821				
HCC38	endpoint_label_permutation	380		-0.0216241218904503				
HCC38	endpoint_label_permutation	381		-0.0737764158615365				
HCC38	endpoint_label_permutation	382		0.0728513197378809				
HCC38	endpoint_label_permutation	383		0.1414240699038545				
HCC38	endpoint_label_permutation	384		0.0805411812657683				
HCC38	endpoint_label_permutation	385		-0.0334769159747881				
HCC38	endpoint_label_permutation	386		-0.0196582926276821				
HCC38	endpoint_label_permutation	387		-0.1055765951121988				
HCC38	endpoint_label_permutation	388		0.1557052413127883				
HCC38	endpoint_label_permutation	389		0.0743546009388213				
HCC38	endpoint_label_permutation	390		0.0612876181921855				
HCC38	endpoint_label_permutation	391		0.0156109970866887				
HCC38	endpoint_label_permutation	392		0.2565985372989806				
HCC38	endpoint_label_permutation	393		-0.4453181465247292				
HCC38	endpoint_label_permutation	394		-0.1268538059562783				
HCC38	endpoint_label_permutation	395		0.286837616840974				
HCC38	endpoint_label_permutation	396		-0.3499754272804708				
HCC38	endpoint_label_permutation	397		0.2063542540829341				
HCC38	endpoint_label_permutation	398		-0.0472955393218941				
HCC38	endpoint_label_permutation	399		-0.2544014340052984				
HCC38	endpoint_label_permutation	400		0.0257292359391722				
HCC38	endpoint_label_permutation	401		0.0003469110463708				
HCC38	endpoint_label_permutation	402		-0.0379289410698808				
HCC38	endpoint_label_permutation	403		-0.1471481021689737				
HCC38	endpoint_label_permutation	404		-0.1763464485718546				
HCC38	endpoint_label_permutation	405		-0.022433580998649				
HCC38	endpoint_label_permutation	406		-0.0700182128591855				
HCC38	endpoint_label_permutation	407		-0.2047931543742652				
HCC38	endpoint_label_permutation	408		0.1355844006232784				
HCC38	endpoint_label_permutation	409		-0.1343702119609803				
HCC38	endpoint_label_permutation	410		0.0985805556770531				
HCC38	endpoint_label_permutation	411		0.1166199300883379				
HCC38	endpoint_label_permutation	412		0.1444306323057353				
HCC38	endpoint_label_permutation	413		-0.0197161111354106				
HCC38	endpoint_label_permutation	414		0.2266485502956295				
HCC38	endpoint_label_permutation	415		-0.0897343239945961				
HCC38	endpoint_label_permutation	416		-0.0502442832160464				
HCC38	endpoint_label_permutation	417		-0.0304125350651788				
HCC38	endpoint_label_permutation	418		0.027521609678755				
HCC38	endpoint_label_permutation	419		0.1081784279599803				
HCC38	endpoint_label_permutation	420		-0.3026220694508482				
HCC38	endpoint_label_permutation	421		0.17386025273953				
HCC38	endpoint_label_permutation	422		-0.2274001908960997				
HCC38	endpoint_label_permutation	423		0.1307276459740863				
HCC38	endpoint_label_permutation	424		0.095169263721073				
HCC38	endpoint_label_permutation	425		0.1949061895526957				
HCC38	endpoint_label_permutation	426		0.1935185453672122				
HCC38	endpoint_label_permutation	427		0.2721517158779408				
HCC38	endpoint_label_permutation	428		-0.2337602267462321				
HCC38	endpoint_label_permutation	429		0.0546963083111391				
HCC38	endpoint_label_permutation	430		0.1269694429717353				
HCC38	endpoint_label_permutation	431		-0.1396895146720002				
HCC38	endpoint_label_permutation	432		0.1238472435543975				
HCC38	endpoint_label_permutation	433		0.0120840681152516				
HCC38	endpoint_label_permutation	434		-0.0305859905883642				
HCC38	endpoint_label_permutation	435		0.1206672256293313				
HCC38	endpoint_label_permutation	436		0.1423491660275102				
HCC38	endpoint_label_permutation	437		-0.0282732502792252				
HCC38	endpoint_label_permutation	438		-0.1303807349277154				
HCC38	endpoint_label_permutation	439		0.0242259547382318				
HCC38	endpoint_label_permutation	440		-0.0611141626690001				
HCC38	endpoint_label_permutation	441		-0.102570032710318				
HCC38	endpoint_label_permutation	442		0.0420340551186027				
HCC38	endpoint_label_permutation	443		0.221618340123252				
HCC38	endpoint_label_permutation	444		0.3108322975482919				
HCC38	endpoint_label_permutation	445		-0.0171720967953576				
HCC38	endpoint_label_permutation	446		0.0514584718783444				
HCC38	endpoint_label_permutation	447		0.1022809401716756				
HCC38	endpoint_label_permutation	448		-0.0693822092741723				
HCC38	endpoint_label_permutation	449		0.093723801027861				
HCC38	endpoint_label_permutation	450		0.0747015119851921				
HCC38	endpoint_label_permutation	451		-0.093839438043318				
HCC38	endpoint_label_permutation	452		0.1443149952902784				
HCC38	endpoint_label_permutation	453		0.1306120089586293				
HCC38	endpoint_label_permutation	454		-0.0434216993040861				
HCC38	endpoint_label_permutation	455		0.0879997687627418				
HCC38	endpoint_label_permutation	456		0.0051458471878344				
HCC38	endpoint_label_permutation	457		-0.2652134949505236				
HCC38	endpoint_label_permutation	458		0.2297707497129672				
HCC38	endpoint_label_permutation	459		0.1174293891965366				
HCC38	endpoint_label_permutation	460		0.2187274147368282				
HCC38	endpoint_label_permutation	461		0.1750166228940996				
HCC38	endpoint_label_permutation	462		-0.0385649446548941				
HCC38	endpoint_label_permutation	463		0.1229221474307419				
HCC38	endpoint_label_permutation	464		-0.0452718915513974				
HCC38	endpoint_label_permutation	465		-0.0435951548272715				
HCC38	endpoint_label_permutation	466		-0.0740076898924504				
HCC38	endpoint_label_permutation	467		-0.1280679946185763				
HCC38	endpoint_label_permutation	468		0.1822439363601592				
HCC38	endpoint_label_permutation	469		0.3086351942546098				
HCC38	endpoint_label_permutation	470		-0.0361943858380265				
HCC38	endpoint_label_permutation	471		0.0206412072590662				
HCC38	endpoint_label_permutation	472		0.2686247869065037				
HCC38	endpoint_label_permutation	473		-0.042438784672702				
HCC38	endpoint_label_permutation	474		-0.1058656876508412				
HCC38	endpoint_label_permutation	475		0.1829955769606294				
HCC38	endpoint_label_permutation	476		0.2063542540829341				
HCC38	endpoint_label_permutation	477		0.0121418866229801				
HCC38	endpoint_label_permutation	478		0.1421178919965962				
HCC38	endpoint_label_permutation	479		-0.0204677517358808				
HCC38	endpoint_label_permutation	480		0.1116475384236889				
HCC38	endpoint_label_permutation	481		0.0669538319495762				
HCC38	endpoint_label_permutation	482		-0.0703651239055564				
HCC38	endpoint_label_permutation	483		0.0705385794287418				
HCC38	endpoint_label_permutation	484		0.0030065624018807				
HCC38	endpoint_label_permutation	485		0.0117371570688808				
HCC38	endpoint_label_permutation	486		0.2023647770496692				
HCC38	endpoint_label_permutation	487		0.2246249025251328				
HCC38	endpoint_label_permutation	488		-0.0980023705997683				
HCC38	endpoint_label_permutation	489		-0.2672371427210203				
HCC38	endpoint_label_permutation	490		-0.0821600994821657				
HCC38	endpoint_label_permutation	491		-0.0589170593753179				
HCC38	endpoint_label_permutation	492		0.0893295944404968				
HCC38	endpoint_label_permutation	493		0.0252666878773444				
HCC38	endpoint_label_permutation	494		-0.0240524992150463				
HCC38	endpoint_label_permutation	495		0.0827382845594504				
HCC38	endpoint_label_permutation	496		-0.1424648030429671				
HCC38	endpoint_label_permutation	497		-0.1267959874485499				
HCC38	endpoint_label_permutation	498		-0.0490300945537484				
HCC38	endpoint_label_permutation	499		0.1356422191310068				
HCC38	endpoint_label_permutation	500		0.0909485126568941				
HCC38	endpoint_label_permutation	501		-0.0023705588168675				
HCC38	endpoint_label_permutation	502		0.1029747622644174				
HCC38	endpoint_label_permutation	503		-0.1461651875375896				
HCC38	endpoint_label_permutation	504		-0.0618658032694703				
HCC38	endpoint_label_permutation	505		0.0460813506595961				
HCC38	endpoint_label_permutation	506		0.0286779798333245				
HCC38	endpoint_label_permutation	507		0.0871903096545431				
HCC38	endpoint_label_permutation	508		-0.0948801711824306				
HCC38	endpoint_label_permutation	509		0.1063860542203975				
HCC38	endpoint_label_permutation	510		-0.1838050360688281				
HCC38	endpoint_label_permutation	511		0.0101182388524834				
HCC38	endpoint_label_permutation	512		0.0581076002671193				
HCC38	endpoint_label_permutation	513		0.0396056777940066				
HCC38	endpoint_label_permutation	514		0.160272903423338				
HCC38	endpoint_label_permutation	515		0.0122575236384371				
HCC38	endpoint_label_permutation	516		-0.0629065364085828				
HCC38	endpoint_label_permutation	517		-0.1067907837744968				
HCC38	endpoint_label_permutation	518		0.058685785344404				
HCC38	endpoint_label_permutation	519		-0.0640629065631524				
HCC38	endpoint_label_permutation	520		0.2335867712230467				
HCC38	endpoint_label_permutation	521		0.1348905785305366				
HCC38	endpoint_label_permutation	522		0.0490300945537484				
HCC38	endpoint_label_permutation	523		0.0132404382698212				
HCC38	endpoint_label_permutation	524		-0.1000838368779935				
HCC38	endpoint_label_permutation	525		0.0821022809744372				
HCC38	endpoint_label_permutation	526		0.2068168021447619				
HCC38	endpoint_label_permutation	527		-0.1471481021689737				
HCC38	endpoint_label_permutation	528		0.2069324391602189				
HCC38	endpoint_label_permutation	529		-0.0338816455288874				
HCC38	endpoint_label_permutation	530		-0.178948281419636				
HCC38	endpoint_label_permutation	531		0.1048827730194571				
HCC38	endpoint_label_permutation	532		0.1362782227160201				
HCC38	endpoint_label_permutation	533		0.2245670840174043				
HCC38	endpoint_label_permutation	534		0.2009771328641857				
HCC38	endpoint_label_permutation	535		-0.2043884248201659				
HCC38	endpoint_label_permutation	536		-0.0307016276038212				
HCC38	endpoint_label_permutation	537		0.1484779278467287				
HCC38	endpoint_label_permutation	538		0.0386227631626225				
HCC38	endpoint_label_permutation	539		0.1121679049932452				
HCC38	endpoint_label_permutation	540		0.0104651498988543				
HCC38	endpoint_label_permutation	541		-0.1268538059562783				
HCC38	endpoint_label_permutation	542		-0.0788644445416425				
HCC38	endpoint_label_permutation	543		0.0112746090070529				
HCC38	endpoint_label_permutation	544		0.2257234541719738				
HCC38	endpoint_label_permutation	545		0.215200485765391				
HCC38	endpoint_label_permutation	546		-0.1231534214616558				
HCC38	endpoint_label_permutation	547		-0.0667803764263908				
HCC38	endpoint_label_permutation	548		-0.067416380011404				
HCC38	endpoint_label_permutation	549		0.1888352462412056				
HCC38	endpoint_label_permutation	550		0.1206672256293313				
HCC38	endpoint_label_permutation	551		0.3710791826013649				
HCC38	endpoint_label_permutation	552		-0.0405307739176623				
HCC38	endpoint_label_permutation	553		0.038680581670351				
HCC38	endpoint_label_permutation	554		0.24029371811955				
HCC38	endpoint_label_permutation	555		-0.0375820300235099				
HCC38	endpoint_label_permutation	556		0.0997369258316226				
HCC38	endpoint_label_permutation	557		0.1502703015863115				
HCC38	endpoint_label_permutation	558		-0.0609407071458146				
HCC38	endpoint_label_permutation	559		-0.0387384001780795				
HCC38	endpoint_label_permutation	560		-0.098927466723424				
HCC38	endpoint_label_permutation	561		-0.303200254528133				
HCC38	endpoint_label_permutation	562		-0.0156109970866887				
HCC38	endpoint_label_permutation	563		0.0542337602493113				
HCC38	endpoint_label_permutation	564		-0.2022491400342122				
HCC38	endpoint_label_permutation	565		0.0559683154811656				
HCC38	endpoint_label_permutation	566		0.2556156226675964				
HCC38	endpoint_label_permutation	567		0.0663756468722915				
HCC38	endpoint_label_permutation	568		-0.0788644445416425				
HCC38	endpoint_label_permutation	569		0.1253505247553379				
HCC38	endpoint_label_permutation	570		-0.0315689052197484				
HCC38	endpoint_label_permutation	571		-0.0746436934774637				
HCC38	endpoint_label_permutation	572		0.07250440869151				
HCC38	endpoint_label_permutation	573		-0.022317943983192				
HCC38	endpoint_label_permutation	574		0.0233586771223046				
HCC38	endpoint_label_permutation	575		0.2328351306225765				
HCC38	endpoint_label_permutation	576		-0.2868954353487024				
HCC38	endpoint_label_permutation	577		-0.0008094591081986				
HCC38	endpoint_label_permutation	578		-0.2448035617223712				
HCC38	endpoint_label_permutation	579		-0.2724408084165832				
HCC38	endpoint_label_permutation	580		-0.0105229684065828				
HCC38	endpoint_label_permutation	581		-0.0807146367889537				
HCC38	endpoint_label_permutation	582		-0.0627330808853974				
HCC38	endpoint_label_permutation	583		-0.1404411552724704				
HCC38	endpoint_label_permutation	584		0.370732271554994				
HCC38	endpoint_label_permutation	585		0.131421468066828				
HCC38	endpoint_label_permutation	586		0.1561099708668876				
HCC38	endpoint_label_permutation	587		-0.1215923217529869				
HCC38	endpoint_label_permutation	588		-0.3171345148906959				
HCC38	endpoint_label_permutation	589		-0.0768986152788743				
HCC38	endpoint_label_permutation	590		-0.1127460900705299				
HCC38	endpoint_label_permutation	591		0.0912376051955365				
HCC38	endpoint_label_permutation	592		0.2309849383752653				
HCC38	endpoint_label_permutation	593		0.0307594461115497				
HCC38	endpoint_label_permutation	594		-0.2174554075668016				
HCC38	endpoint_label_permutation	595		0.1945014599985963				
HCC38	endpoint_label_permutation	596		-0.0067069468965033				
HCC38	endpoint_label_permutation	597		0.0474689948450795				
HCC38	endpoint_label_permutation	598		-0.2434159175368878				
HCC38	endpoint_label_permutation	599		0.3163828742902257				
HCC38	endpoint_label_permutation	600		0.189124338779848				
HCC38	endpoint_label_permutation	601		-0.1549536007123181				
HCC38	endpoint_label_permutation	602		-0.2003411292791725				
HCC38	endpoint_label_permutation	603		0.1216501402607154				
HCC38	endpoint_label_permutation	604		0.2200572404145831				
HCC38	endpoint_label_permutation	605		0.0626174438699405				
HCC38	endpoint_label_permutation	606		-0.0652770952254504				
HCC38	endpoint_label_permutation	607		-0.1979705704623049				
HCC38	endpoint_label_permutation	608		-0.1210719551834306				
HCC38	endpoint_label_permutation	609		-0.1472059206767022				
HCC38	endpoint_label_permutation	610		0.0814662773894239				
HCC38	endpoint_label_permutation	611		0.0569512301125497				
HCC38	endpoint_label_permutation	612		0.0420918736263312				
HCC38	endpoint_label_permutation	613		0.036252204345755				
HCC38	endpoint_label_permutation	614		-0.0467751727523378				
HCC38	endpoint_label_permutation	615		-0.1134977306710001				
HCC38	endpoint_label_permutation	616		-0.1096817091609207				
HCC38	endpoint_label_permutation	617		-0.1520048568181658				
HCC38	endpoint_label_permutation	618		-0.1613136365624506				
HCC38	endpoint_label_permutation	619		0.2948743894152322				
HCC38	endpoint_label_permutation	620		-0.0924517938578346				
HCC38	endpoint_label_permutation	621		-0.0039894770332649				
HCC38	endpoint_label_permutation	622		0.1409037033342982				
HCC38	endpoint_label_permutation	623		0.0466017172291523				
HCC38	endpoint_label_permutation	624		-0.237749703779497				
HCC38	endpoint_label_permutation	625		0.0527882975560994				
HCC38	endpoint_label_permutation	626		0.0926830678887485				
HCC38	endpoint_label_permutation	627		-0.1021074846484902				
HCC38	endpoint_label_permutation	628		0.0569512301125497				
HCC38	endpoint_label_permutation	629		0.0795582666343842				
HCC38	endpoint_label_permutation	630		-0.1321731086672982				
HCC38	endpoint_label_permutation	631		-0.1521204938336227				
HCC38	endpoint_label_permutation	632		0.1107224423000333				
HCC38	endpoint_label_permutation	633		-0.0071694949583311				
HCC38	endpoint_label_permutation	634		0.0078633170510728				
HCC38	endpoint_label_permutation	635		-0.0042785695719072				
HCC38	endpoint_label_permutation	636		-0.0294296204337947				
HCC38	endpoint_label_permutation	637		-0.047411176337351				
HCC38	endpoint_label_permutation	638		-0.1994160331555169				
HCC38	endpoint_label_permutation	639		-0.0647567286558941				
HCC38	endpoint_label_permutation	640		-0.2758521003725634				
HCC38	endpoint_label_permutation	641		0.4618542397350736				
HCC38	endpoint_label_permutation	642		0.0886357723477551				
HCC38	endpoint_label_permutation	643		0.004856754649192				
HCC38	endpoint_label_permutation	644		0.1731664306467883				
HCC38	endpoint_label_permutation	645		-0.0786331705107286				
HCC38	endpoint_label_permutation	646		0.2204619699686824				
HCC38	endpoint_label_permutation	647		0.0688040241968875				
HCC38	endpoint_label_permutation	648		-0.1600994479001525				
HCC38	endpoint_label_permutation	649		-0.0293718019260662				
HCC38	endpoint_label_permutation	650		-0.1073689688517816				
HCC38	endpoint_label_permutation	651		-0.0639472695476954				
HCC38	endpoint_label_permutation	652		-0.0934925269969471				
HCC38	endpoint_label_permutation	653		-0.1506172126326823				
HCC38	endpoint_label_permutation	654		-0.1148275563487551				
HCC38	endpoint_label_permutation	655		0.2197681478759407				
HCC38	endpoint_label_permutation	656		0.3225694546171727				
HCC38	endpoint_label_permutation	657		0.0632534474549537				
HCC38	endpoint_label_permutation	658		0.1609089070083512				
HCC38	endpoint_label_permutation	659		0.0307016276038212				
HCC38	endpoint_label_permutation	660		0.4819750804245836				
HCC38	endpoint_label_permutation	661		0.1683096759975963				
HCC38	endpoint_label_permutation	662		0.0179237373958278				
HCC38	endpoint_label_permutation	663		0.0945332601360597				
HCC38	endpoint_label_permutation	664		0.0231274030913907				
HCC38	endpoint_label_permutation	665		-0.2501228644333911				
HCC38	endpoint_label_permutation	666		0.0441155213968278				
HCC38	endpoint_label_permutation	667		-0.0384493076394371				
HCC38	endpoint_label_permutation	668		-0.0736607788460795				
HCC38	endpoint_label_permutation	669		0.1140759157482849				
HCC38	endpoint_label_permutation	670		0.2496603163715633				
HCC38	endpoint_label_permutation	671		-0.1625856437324771				
HCC38	endpoint_label_permutation	672		-0.0444624324431987				
HCC38	endpoint_label_permutation	673		0.3159781447361263				
HCC38	endpoint_label_permutation	674		-0.1862334133934241				
HCC38	endpoint_label_permutation	675		-0.033708190005702				
HCC38	endpoint_label_permutation	676		0.1003729294166359				
HCC38	endpoint_label_permutation	677		0.0095400537751986				
HCC38	endpoint_label_permutation	678		0.4231736580647225				
HCC38	endpoint_label_permutation	679		0.0699025758437286				
HCC38	endpoint_label_permutation	680		-0.1139024602250995				
HCC38	endpoint_label_permutation	681		0.1829955769606294				
HCC38	endpoint_label_permutation	682		0.1473215576921591				
HCC38	endpoint_label_permutation	683		-0.2138128415799076				
HCC38	endpoint_label_permutation	684		-0.0690352982278014				
HCC38	endpoint_label_permutation	685		0.1511953977099671				
HCC38	endpoint_label_permutation	686		0.0071116764506026				
HCC38	endpoint_label_permutation	687		0.1031482177876028				
HCC38	endpoint_label_permutation	688		0.0945332601360597				
HCC38	endpoint_label_permutation	689		0.0682836576273312				
HCC38	endpoint_label_permutation	690		0.1203203145829604				
HCC38	endpoint_label_permutation	691		0.1020496661407617				
HCC38	endpoint_label_permutation	692		-0.0007516406004701				
HCC38	endpoint_label_permutation	693		-0.0240524992150463				
HCC38	endpoint_label_permutation	694		0.1142493712714703				
HCC38	endpoint_label_permutation	695		0.157613252067828				
HCC38	endpoint_label_permutation	696		-0.1111849903618611				
HCC38	endpoint_label_permutation	697		-0.0053193027110198				
HCC38	endpoint_label_permutation	698		0.0058396692805761				
HCC38	endpoint_label_permutation	699		-0.0778815299102584				
HCC38	endpoint_label_permutation	700		-0.0115058830379669				
HCC38	endpoint_label_permutation	701		0.0584545113134901				
HCC38	endpoint_label_permutation	702		0.1065595097435829				
HCC38	endpoint_label_permutation	703		-0.1229799659384704				
HCC38	endpoint_label_permutation	704		-0.0117949755766092				
HCC38	endpoint_label_permutation	705		0.0043363880796357				
HCC38	endpoint_label_permutation	706		-0.2117891938094109				
HCC38	endpoint_label_permutation	707		0.1238472435543975				
HCC38	endpoint_label_permutation	708		-0.0943598046128743				
HCC38	endpoint_label_permutation	709		-0.2835419619004508				
HCC38	endpoint_label_permutation	710		0.2084357203611592				
HCC38	endpoint_label_permutation	711		-0.1231534214616558				
HCC38	endpoint_label_permutation	712		0.1042467694344438				
HCC38	endpoint_label_permutation	713		-0.2017287734646559				
HCC38	endpoint_label_permutation	714		-0.0608828886380861				
HCC38	endpoint_label_permutation	715		0.1295712758195168				
HCC38	endpoint_label_permutation	716		-0.1318261976209273				
HCC38	endpoint_label_permutation	717		0.0068225839119602				
HCC38	endpoint_label_permutation	718		0.0641207250708809				
HCC38	endpoint_label_permutation	719		0.0037003844946225				
HCC38	endpoint_label_permutation	720		0.0821022809744372				
HCC38	endpoint_label_permutation	721		-0.3176548814602522				
HCC38	endpoint_label_permutation	722		-0.0311063571579205				
HCC38	endpoint_label_permutation	723		0.2291925646356825				
HCC38	endpoint_label_permutation	724		0.1640889249334174				
HCC38	endpoint_label_permutation	725		0.1743228008013579				
HCC38	endpoint_label_permutation	726		-0.0726778642146954				
HCC38	endpoint_label_permutation	727		-0.1722991530308612				
HCC38	endpoint_label_permutation	728		-0.068746205689159				
HCC38	endpoint_label_permutation	729		0.0285623428178675				
HCC38	endpoint_label_permutation	730		-0.0119684310997947				
HCC38	endpoint_label_permutation	731		0.0019658292627682				
HCC38	endpoint_label_permutation	732		-0.0112746090070529				
HCC38	endpoint_label_permutation	733		0.1081784279599803				
HCC38	endpoint_label_permutation	734		0.151426671740881				
HCC38	endpoint_label_permutation	735		-0.0202364777049669				
HCC38	endpoint_label_permutation	736		-0.0332456419438742				
HCC38	endpoint_label_permutation	737		0.0102916943756688				
HCC38	endpoint_label_permutation	738		-0.1191061259206624				
HCC38	endpoint_label_permutation	739		-0.0114480645302384				
HCC38	endpoint_label_permutation	740		0.1292243647731459				
HCC38	endpoint_label_permutation	741		0.1316527420977419				
HCC38	endpoint_label_permutation	742		-0.090081235040967				
HCC38	endpoint_label_permutation	743		0.1001994738934504				
HCC38	endpoint_label_permutation	744		-0.1866959614552519				
HCC38	endpoint_label_permutation	745		-0.0910063311646226				
HCC38	endpoint_label_permutation	746		-0.0531352086024702				
HCC38	endpoint_label_permutation	747		-0.0844728397913047				
HCC38	endpoint_label_permutation	748		0.0767829782634173				
HCC38	endpoint_label_permutation	749		-0.1269694429717353				
HCC38	endpoint_label_permutation	750		0.0718684051064968				
HCC38	endpoint_label_permutation	751		0.0849353878531326				
HCC38	endpoint_label_permutation	752		-0.0759735191552186				
HCC38	endpoint_label_permutation	753		0.0185019224731126				
HCC38	endpoint_label_permutation	754		-0.1021074846484902				
HCC38	endpoint_label_permutation	755		-0.1366829522701194				
HCC38	endpoint_label_permutation	756		-0.0264230580319139				
HCC38	endpoint_label_permutation	757		-0.2160677633813182				
HCC38	endpoint_label_permutation	758		-0.0998525628470796				
HCC38	endpoint_label_permutation	759		-0.2715157122929276				
HCC38	endpoint_label_permutation	760		-0.0698447573360001				
HCC38	endpoint_label_permutation	761		0.2972449482320998				
HCC38	endpoint_label_permutation	762		-0.0558526784657087				
HCC38	endpoint_label_permutation	763		0.0012720071700264				
HCC38	endpoint_label_permutation	764		-0.026076146985543				
HCC38	endpoint_label_permutation	765		-0.0102916943756688				
HCC38	endpoint_label_permutation	766		-0.1544910526504903				
HCC38	endpoint_label_permutation	767		-0.1053453210812849				
HCC38	endpoint_label_permutation	768		0.0486831835073775				
HCC38	endpoint_label_permutation	769		-0.0439998843813709				
HCC38	endpoint_label_permutation	770		-0.1678471279357685				
HCC38	endpoint_label_permutation	771		0.0130669827466357				
HCC38	endpoint_label_permutation	772		-0.3182330665375369				
HCC38	endpoint_label_permutation	773		0.0990431037388809				
HCC38	endpoint_label_permutation	774		0.0210459368131656				
HCC38	endpoint_label_permutation	775		-0.1002572924011789				
HCC38	endpoint_label_permutation	776		0.2401202625963646				
HCC38	endpoint_label_permutation	777		0.0013298256777549				
HCC38	endpoint_label_permutation	778		0.1018762106175763				
HCC38	endpoint_label_permutation	779		0.0728513197378809				
HCC38	endpoint_label_permutation	780		-0.0846462953144902				
HCC38	endpoint_label_permutation	781		-0.1070798763131392				
HCC38	endpoint_label_permutation	782		0.2020756845110268				
HCC38	endpoint_label_permutation	783		-0.1962360152304506				
HCC38	endpoint_label_permutation	784		0.1218814142916293				
HCC38	endpoint_label_permutation	785		0.0722153161528676				
HCC38	endpoint_label_permutation	786		0.0457344396132252				
HCC38	endpoint_label_permutation	787		0.1622965511938347				
HCC38	endpoint_label_permutation	788		-0.0943019861051458				
HCC38	endpoint_label_permutation	789		0.0308172646192782				
HCC38	endpoint_label_permutation	790		-0.2133502935180798				
HCC38	endpoint_label_permutation	791		0.1755369894636559				
HCC38	endpoint_label_permutation	792		0.039894770332649				
HCC38	endpoint_label_permutation	793		0.1961781967227222				
HCC38	endpoint_label_permutation	794		-0.0113324275147814				
HCC38	endpoint_label_permutation	795		0.3001936921262521				
HCC38	endpoint_label_permutation	796		-0.0132404382698212				
HCC38	endpoint_label_permutation	797		0.0197161111354106				
HCC38	endpoint_label_permutation	798		0.1935763638749407				
HCC38	endpoint_label_permutation	799		0.0492035500769338				
HCC38	endpoint_label_permutation	800		0.0509381053087881				
HCC38	endpoint_label_permutation	801		-0.1285305426804041				
HCC38	endpoint_label_permutation	802		0.0788644445416425				
HCC38	endpoint_label_permutation	803		-0.1356422191310068				
HCC38	endpoint_label_permutation	804		-0.0737764158615365				
HCC38	endpoint_label_permutation	805		0.0949958081978875				
HCC38	endpoint_label_permutation	806		-0.1938654564135831				
HCC38	endpoint_label_permutation	807		0.0091353242210993				
HCC38	endpoint_label_permutation	808		0.3414761066443847				
HCC38	endpoint_label_permutation	809		-0.0350958341911854				
HCC38	endpoint_label_permutation	810		0.0913532422109935				
HCC38	endpoint_label_permutation	811		-0.2029429621269539				
HCC38	endpoint_label_permutation	812		-0.0177502818726424				
HCC38	endpoint_label_permutation	813		0.1329825677754969				
HCC38	endpoint_label_permutation	814		-0.1536237750345631				
HCC38	endpoint_label_permutation	815		0.1436789917052651				
HCC38	endpoint_label_permutation	816		-0.229250383143411				
HCC38	endpoint_label_permutation	817		0.1296290943272452				
HCC38	endpoint_label_permutation	818		0.0032956549405231				
HCC38	endpoint_label_permutation	819		-0.054927582342053				
HCC38	endpoint_label_permutation	820		0.2088982684229871				
HCC38	endpoint_label_permutation	821		0.0316845422352053				
HCC38	endpoint_label_permutation	822		-0.0263652395241854				
HCC38	endpoint_label_permutation	823		-0.3175392444447952				
HCC38	endpoint_label_permutation	824		0.0579341447439338				
HCC38	endpoint_label_permutation	825		-0.0554479489116093				
HCC38	endpoint_label_permutation	826		0.2657338615200799				
HCC38	endpoint_label_permutation	827		0.0361943858380265				
HCC38	endpoint_label_permutation	828		-0.1957734671686228				
HCC38	endpoint_label_permutation	829		0.1750744414018281				
HCC38	endpoint_label_permutation	830		-0.2427220954441461				
HCC38	endpoint_label_permutation	831		0.2955103930002455				
HCC38	endpoint_label_permutation	832		-0.0900234165332385				
HCC38	endpoint_label_permutation	833		-0.007400768989245				
HCC38	endpoint_label_permutation	834		-0.0959787228292717				
HCC38	endpoint_label_permutation	835		0.0483940909687351				
HCC38	endpoint_label_permutation	836		-0.3238414617871992				
HCC38	endpoint_label_permutation	837		-0.1106068052845763				
HCC38	endpoint_label_permutation	838		-0.1596947183460532				
HCC38	endpoint_label_permutation	839		-0.1018183921098478				
HCC38	endpoint_label_permutation	840		-0.1333872973295962				
HCC38	endpoint_label_permutation	841		0.0590905148985034				
HCC38	endpoint_label_permutation	842		-0.086207395023159				
HCC38	endpoint_label_permutation	843		-0.1395738776565432				
HCC38	endpoint_label_permutation	844		-0.0190222890426689				
HCC38	endpoint_label_permutation	845		-0.0469486282755232				
HCC38	endpoint_label_permutation	846		0.1591165332687684				
HCC38	endpoint_label_permutation	847		0.0690931167355299				
HCC38	endpoint_label_permutation	848		-0.0661443728413776				
HCC38	endpoint_label_permutation	849		-0.0830273770980928				
HCC38	endpoint_label_permutation	850		0.0967303634297419				
HCC38	endpoint_label_permutation	851		0.457170940609067				
HCC38	endpoint_label_permutation	852		0.0031800179250662				
HCC38	endpoint_label_permutation	853		-0.1926512677512851				
HCC38	endpoint_label_permutation	854		-0.003526928971437				
HCC38	endpoint_label_permutation	855		0.1276054465567485				
HCC38	endpoint_label_permutation	856		-0.0528461160638279				
HCC38	endpoint_label_permutation	857		0.0752218785547484				
HCC38	endpoint_label_permutation	858		0.0045098436028212				
HCC38	endpoint_label_permutation	859		-0.0231274030913907				
HCC38	endpoint_label_permutation	860		-0.0568934116048212				
HCC38	endpoint_label_permutation	861		-0.0168251857489867				
HCC38	endpoint_label_permutation	862		0.1037264028648876				
HCC38	endpoint_label_permutation	863		0.0112167904993245				
HCC38	endpoint_label_permutation	864		0.1399207887029141				
HCC38	endpoint_label_permutation	865		-0.0784018964798147				
HCC38	endpoint_label_permutation	866		-0.0527882975560994				
HCC38	endpoint_label_permutation	867		-0.0806568182812253				
HCC38	endpoint_label_permutation	868		-0.0845884768067617				
HCC38	endpoint_label_permutation	869		-0.1165042930728809				
HCC38	endpoint_label_permutation	870		0.1337342083759671				
HCC38	endpoint_label_permutation	871		-0.3429793878453251				
HCC38	endpoint_label_permutation	872		0.0519788384479007				
HCC38	endpoint_label_permutation	873		0.0160735451485165				
HCC38	endpoint_label_permutation	874		-0.1890665202721195				
HCC38	endpoint_label_permutation	875		-0.3299124050986893				
HCC38	endpoint_label_permutation	876		0.0494348241078477				
HCC38	endpoint_label_permutation	877		0.1528721344340929				
HCC38	endpoint_label_permutation	878		-0.0913532422109935				
HCC38	endpoint_label_permutation	879		0.3137810414424442				
HCC38	endpoint_label_permutation	880		-0.0632534474549537				
HCC38	endpoint_label_permutation	881		0.2124251973944241				
HCC38	endpoint_label_permutation	882		0.1416553439347684				
HCC38	endpoint_label_permutation	883		0.1078315169136094				
HCC38	endpoint_label_permutation	884		0.1399207887029141				
HCC38	endpoint_label_permutation	885		-0.1056922321276558				
HCC38	endpoint_label_permutation	886		-0.0165360932103444				
HCC38	endpoint_label_permutation	887		-0.1254661617707949				
HCC38	endpoint_label_permutation	888		0.0267699690782848				
HCC38	endpoint_label_permutation	889		-0.0986383741847816				
HCC38	endpoint_label_permutation	890		0.0843572027758478				
HCC38	endpoint_label_permutation	891		0.0345176491139007				
HCC38	endpoint_label_permutation	892		0.0796739036498411				
HCC38	endpoint_label_permutation	893		-0.2965511261393581				
HCC38	endpoint_label_permutation	894		-0.0088462316824569				
HCC38	endpoint_label_permutation	895		-0.1145962823178412				
HCC38	endpoint_label_permutation	896		-0.3011187882499078				
HCC38	endpoint_label_permutation	897		0.067416380011404				
HCC38	endpoint_label_permutation	898		-0.0156688155944172				
HCC38	endpoint_label_permutation	899		0.1410193403497552				
HCC38	endpoint_label_permutation	900		0.0560261339888941				
HCC38	endpoint_label_permutation	901		-0.1216501402607154				
HCC38	endpoint_label_permutation	902		0.1521783123413512				
HCC38	endpoint_label_permutation	903		-0.1862912319011526				
HCC38	endpoint_label_permutation	904		0.0303547165574503				
HCC38	endpoint_label_permutation	905		0.0767829782634173				
HCC38	endpoint_label_permutation	906		-0.0132404382698212				
HCC38	endpoint_label_permutation	907		-0.132520019713669				
HCC38	endpoint_label_permutation	908		0.0265965135550993				
HCC38	endpoint_label_permutation	909		0.1120522679777882				
HCC38	endpoint_label_permutation	910		0.0509381053087881				
HCC38	endpoint_label_permutation	911		-0.1208984996602452				
HCC38	endpoint_label_permutation	912		0.1400364257183711				
HCC38	endpoint_label_permutation	913		-0.0799051776807551				
HCC38	endpoint_label_permutation	914		0.0946488971515167				
HCC38	endpoint_label_permutation	915		-0.3112948456101198				
HCC38	endpoint_label_permutation	916		0.1592899887919539				
HCC38	endpoint_label_permutation	917		0.0347489231448146				
HCC38	endpoint_label_permutation	918		0.2859703392250468				
HCC38	endpoint_label_permutation	919		-0.024861958323245				
HCC38	endpoint_label_permutation	920		0.1508484866635963				
HCC38	endpoint_label_permutation	921		-0.0423231476572451				
HCC38	endpoint_label_permutation	922		0.0685727501659736				
HCC38	endpoint_label_permutation	923		-0.0531352086024702				
HCC38	endpoint_label_permutation	924		-0.2242779914787619				
HCC38	endpoint_label_permutation	925		-0.0994478332929803				
HCC38	endpoint_label_permutation	926		-0.1284727241726757				
HCC38	endpoint_label_permutation	927		-0.3511896159427688				
HCC38	endpoint_label_permutation	928		-0.2023069585419407				
HCC38	endpoint_label_permutation	929		0.3410713770902853				
HCC38	endpoint_label_permutation	930		-0.0667225579186623				
HCC38	endpoint_label_permutation	931		-0.1661703912116426				
HCC38	endpoint_label_permutation	932		-0.2637680322573117				
HCC38	endpoint_label_permutation	933		0.1707958718299208				
HCC38	endpoint_label_permutation	934		-0.1054609580967419				
HCC38	endpoint_label_permutation	935		0.184151947115199				
HCC38	endpoint_label_permutation	936		-0.1186435778588346				
HCC38	endpoint_label_permutation	937		-0.229250383143411				
HCC38	endpoint_label_permutation	938		0.143910265736179				
HCC38	endpoint_label_permutation	939		0.2439362841064441				
HCC38	endpoint_label_permutation	940		0.2685091498910468				
HCC38	endpoint_label_permutation	941		0.0032378364327947				
HCC38	endpoint_label_permutation	942		-0.0449249805050265				
HCC38	endpoint_label_permutation	943		-0.048856639030563				
HCC38	endpoint_label_permutation	944		0.3815443325002192				
HCC38	endpoint_label_permutation	945		0.0265386950473709				
HCC38	endpoint_label_permutation	946		-0.2420860918591328				
HCC38	endpoint_label_permutation	947		0.0888092278709405				
HCC38	endpoint_label_permutation	948		0.0220866699522781				
HCC38	endpoint_label_permutation	949		-0.0998525628470796				
HCC38	endpoint_label_permutation	950		0.1288196352190465				
HCC38	endpoint_label_permutation	951		0.1259865283403512				
HCC38	endpoint_label_permutation	952		0.2284987425429407				
HCC38	endpoint_label_permutation	953		0.2704171606460865				
HCC38	endpoint_label_permutation	954		0.0660865543336491				
HCC38	endpoint_label_permutation	955		0.0467751727523378				
HCC38	endpoint_label_permutation	956		-0.0427278772113444				
HCC38	endpoint_label_permutation	957		0.0596108814680597				
HCC38	endpoint_label_permutation	958		0.2912896419360667				
HCC38	endpoint_label_permutation	959		0.0988696482156955				
HCC38	endpoint_label_permutation	960		-0.0764938857247749				
HCC38	endpoint_label_permutation	961		0.2128299269485235				
HCC38	endpoint_label_permutation	962		0.0198317481508675				
HCC38	endpoint_label_permutation	963		0.2779335666507885				
HCC38	endpoint_label_permutation	964		0.1155213784414968				
HCC38	endpoint_label_permutation	965		0.0204099332281523				
HCC38	endpoint_label_permutation	966		-0.0629643549163113				
HCC38	endpoint_label_permutation	967		-0.1891821572875764				
HCC38	endpoint_label_permutation	968		-0.286721979825517				
HCC38	endpoint_label_permutation	969		-0.1005463849398213				
HCC38	endpoint_label_permutation	970		0.07250440869151				
HCC38	endpoint_label_permutation	971		-0.1743228008013579				
HCC38	endpoint_label_permutation	972		-0.0431326067654437				
HCC38	endpoint_label_permutation	973		-0.0519788384479007				
HCC38	endpoint_label_permutation	974		-0.0094822352674702				
HCC38	endpoint_label_permutation	975		-0.215316122780848				
HCC38	endpoint_label_permutation	976		-0.0371773004694106				
HCC38	endpoint_label_permutation	977		-0.1121100864855167				
HCC38	endpoint_label_permutation	978		-0.2043884248201659				
HCC38	endpoint_label_permutation	979		-0.0695556647973577				
HCC38	endpoint_label_permutation	980		-0.2570032668530799				
HCC38	endpoint_label_permutation	981		0.2430111879827884				
HCC38	endpoint_label_permutation	982		-0.0885201353322981				
HCC38	endpoint_label_permutation	983		0.0938972565510465				
HCC38	endpoint_label_permutation	984		-0.1211297736911591				
HCC38	endpoint_label_permutation	985		-0.1195108554747617				
HCC38	endpoint_label_permutation	986		-0.0015032812009403				
HCC38	endpoint_label_permutation	987		-0.0028909253864238				
HCC38	endpoint_label_permutation	988		-0.0386227631626225				
HCC38	endpoint_label_permutation	989		0.2099968200698281				
HCC38	endpoint_label_permutation	990		-0.0848197508376756				
HCC38	endpoint_label_permutation	991		-0.1672689428584837				
HCC38	endpoint_label_permutation	992		-0.0621548958081126				
HCC38	endpoint_label_permutation	993		0.0275794281864834				
HCC38	endpoint_label_permutation	994		-0.015032812009404				
HCC38	endpoint_label_permutation	995		0.1107224423000333				
HCC38	endpoint_label_permutation	996		0.0171142782876291				
HCC38	endpoint_label_permutation	997		0.0139920788702914				
HCC38	endpoint_label_permutation	998		-0.037350755992596				
HCC38	endpoint_label_permutation	999		-0.2679887833214905				
HCC1143	endpoint_label_permutation	1000		0.1210163462797865				
HCC1143	endpoint_label_permutation	1001		-0.0406645326889009				
HCC1143	endpoint_label_permutation	1002		0.278842509866749				
HCC1143	endpoint_label_permutation	1003		-0.0686247921478915				
HCC1143	endpoint_label_permutation	1004		0.152831321120502				
HCC1143	endpoint_label_permutation	1005		-0.0833921524835137				
HCC1143	endpoint_label_permutation	1006		-0.1226993910239199				
HCC1143	endpoint_label_permutation	1007		-0.0665617050421795				
HCC1143	endpoint_label_permutation	1008		-0.0795917288677286				
HCC1143	endpoint_label_permutation	1009		-0.1236223510448963				
HCC1143	endpoint_label_permutation	1010		-0.0709593380833023				
HCC1143	endpoint_label_permutation	1011		-0.4688636906560056				
HCC1143	endpoint_label_permutation	1012		-0.0941962139055314				
HCC1143	endpoint_label_permutation	1013		0.0579836060236931				
HCC1143	endpoint_label_permutation	1014		-0.0614039872778997				
HCC1143	endpoint_label_permutation	1015		-0.1812802064729507				
HCC1143	endpoint_label_permutation	1016		0.1319289912336838				
HCC1143	endpoint_label_permutation	1017		0.0007057929572172				
HCC1143	endpoint_label_permutation	1018		-0.1092350330708526				
HCC1143	endpoint_label_permutation	1019		0.1464248927396071				
HCC1143	endpoint_label_permutation	1020		0.0687876674457108				
HCC1143	endpoint_label_permutation	1021		-0.0258428805873388				
HCC1143	endpoint_label_permutation	1022		0.3186383743006133				
HCC1143	endpoint_label_permutation	1023		-0.0014658776803742				
HCC1143	endpoint_label_permutation	1024		0.290080905416285				
HCC1143	endpoint_label_permutation	1025		-0.303653846901232				
HCC1143	endpoint_label_permutation	1026		-0.0334437278189091				
HCC1143	endpoint_label_permutation	1027		0.1611379613092895				
HCC1143	endpoint_label_permutation	1028		-0.1528856128864418				
HCC1143	endpoint_label_permutation	1029		-0.1350236218922517				
HCC1143	endpoint_label_permutation	1030		-0.0696020439348076				
HCC1143	endpoint_label_permutation	1031		-0.1530484881842612				
HCC1143	endpoint_label_permutation	1032		-0.016613280377575				
HCC1143	endpoint_label_permutation	1033		0.0578207307258737				
HCC1143	endpoint_label_permutation	1034		-0.0262772147148571				
HCC1143	endpoint_label_permutation	1035		-0.1691188509024383				
HCC1143	endpoint_label_permutation	1036		0.1282371511497782				
HCC1143	endpoint_label_permutation	1037		0.2726532485496132				
HCC1143	endpoint_label_permutation	1038		-0.1169444638343024				
HCC1143	endpoint_label_permutation	1039		-0.2486562880042271				
HCC1143	endpoint_label_permutation	1040		-0.23768935128439				
HCC1143	endpoint_label_permutation	1041		0.079483145335849				
HCC1143	endpoint_label_permutation	1042		0.0467995022400968				
HCC1143	endpoint_label_permutation	1043		-0.0465823351763377				
HCC1143	endpoint_label_permutation	1044		0.0322493089682338				
HCC1143	endpoint_label_permutation	1045		0.3487703043971954				
HCC1143	endpoint_label_permutation	1046		0.1187903838762552				
HCC1143	endpoint_label_permutation	1047		-0.0706335874876636				
HCC1143	endpoint_label_permutation	1048		0.2278625416492884				
HCC1143	endpoint_label_permutation	1049		-0.0840979454407309				
HCC1143	endpoint_label_permutation	1050		0.1620609213302659				
HCC1143	endpoint_label_permutation	1051		-0.0937075880120733				
HCC1143	endpoint_label_permutation	1052		-0.2654867354455613				
HCC1143	endpoint_label_permutation	1053		-0.150008149291633				
HCC1143	endpoint_label_permutation	1054		0.1215592639391844				
HCC1143	endpoint_label_permutation	1055		0.0093924755075832				
HCC1143	endpoint_label_permutation	1056		-0.1023399787964995				
HCC1143	endpoint_label_permutation	1057		0.1175416732596401				
HCC1143	endpoint_label_permutation	1058		0.0619469049372976				
HCC1143	endpoint_label_permutation	1059		0.1200390944928703				
HCC1143	endpoint_label_permutation	1060		-0.3701612601774717				
HCC1143	endpoint_label_permutation	1061		-0.042401869198974				
HCC1143	endpoint_label_permutation	1062		0.0937075880120733				
HCC1143	endpoint_label_permutation	1063		0.1096150754324311				
HCC1143	endpoint_label_permutation	1064		0.0902872067578667				
HCC1143	endpoint_label_permutation	1065		-0.0542917659397875				
HCC1143	endpoint_label_permutation	1066		0.1666214296692081				
HCC1143	endpoint_label_permutation	1067		0.2559856764060984				
HCC1143	endpoint_label_permutation	1068		-0.1096693671983709				
HCC1143	endpoint_label_permutation	1069		0.0006515011912774				
HCC1143	endpoint_label_permutation	1070		0.1034258141152953				
HCC1143	endpoint_label_permutation	1071		0.0415874927098772				
HCC1143	endpoint_label_permutation	1072		-0.0310548901175584				
HCC1143	endpoint_label_permutation	1073		0.1386611702102174				
HCC1143	endpoint_label_permutation	1074		0.1566317447362872				
HCC1143	endpoint_label_permutation	1075		-0.0590694413424888				
HCC1143	endpoint_label_permutation	1076		0.0563005612795597				
HCC1143	endpoint_label_permutation	1077		-0.1007655175842457				
HCC1143	endpoint_label_permutation	1078		0.1761224887086709				
HCC1143	endpoint_label_permutation	1079		0.2164612708019331				
HCC1143	endpoint_label_permutation	1080		-0.1832890018127229				
HCC1143	endpoint_label_permutation	1081		-0.0433248292199505				
HCC1143	endpoint_label_permutation	1082		-0.0857266984189246				
HCC1143	endpoint_label_permutation	1083		-0.2247679109907206				
HCC1143	endpoint_label_permutation	1084		0.0073293884018713				
HCC1143	endpoint_label_permutation	1085		-0.1741136933688987				
HCC1143	endpoint_label_permutation	1086		0.0272544665017733				
HCC1143	endpoint_label_permutation	1087		0.0582007730874522				
HCC1143	endpoint_label_permutation	1088		0.0206308710571192				
HCC1143	endpoint_label_permutation	1089		-0.1350779136581915				
HCC1143	endpoint_label_permutation	1090		-0.1674900979242447				
HCC1143	endpoint_label_permutation	1091		0.2033769552104443				
HCC1143	endpoint_label_permutation	1092		-0.0019002118078925				
HCC1143	endpoint_label_permutation	1093		-0.0267658406083152				
HCC1143	endpoint_label_permutation	1094		-0.0623812390648159				
HCC1143	endpoint_label_permutation	1095		0.1650469684569542				
HCC1143	endpoint_label_permutation	1096		-0.1604321683520723				
HCC1143	endpoint_label_permutation	1097		0.2041913316995411				
HCC1143	endpoint_label_permutation	1098		-0.0712307969130013				
HCC1143	endpoint_label_permutation	1099		-0.0755198464222445				
HCC1143	endpoint_label_permutation	1100		-0.0433248292199505				
HCC1143	endpoint_label_permutation	1101		0.039850156199804				
HCC1143	endpoint_label_permutation	1102		-0.1667843049670274				
HCC1143	endpoint_label_permutation	1103		0.1360551654451076				
HCC1143	endpoint_label_permutation	1104		0.0611868202141406				
HCC1143	endpoint_label_permutation	1105		-0.0263857982467367				
HCC1143	endpoint_label_permutation	1106		-0.2062001270393132				
HCC1143	endpoint_label_permutation	1107		0.0753569711244251				
HCC1143	endpoint_label_permutation	1108		0.0060806777852562				
HCC1143	endpoint_label_permutation	1109		0.1503338998872718				
HCC1143	endpoint_label_permutation	1110		-0.2793311357602071				
HCC1143	endpoint_label_permutation	1111		-0.0890384961412516				
HCC1143	endpoint_label_permutation	1112		-0.0030946306585678				
HCC1143	endpoint_label_permutation	1113		-0.1069004871354417				
HCC1143	endpoint_label_permutation	1114		0.0457136669213011				
HCC1143	endpoint_label_permutation	1115		0.146967810399005				
HCC1143	endpoint_label_permutation	1116		0.218252899077946				
HCC1143	endpoint_label_permutation	1117		-0.0325207677979327				
HCC1143	endpoint_label_permutation	1118		-0.0140072756124651				
HCC1143	endpoint_label_permutation	1119		-0.0718822981042787				
HCC1143	endpoint_label_permutation	1120		0.0440849139431075				
HCC1143	endpoint_label_permutation	1121		0.2522395445562531				
HCC1143	endpoint_label_permutation	1122		-0.2205331532474171				
HCC1143	endpoint_label_permutation	1123		-0.1687388085408598				
HCC1143	endpoint_label_permutation	1124		-0.0605896107888029				
HCC1143	endpoint_label_permutation	1125		0.0644443261705278				
HCC1143	endpoint_label_permutation	1126		-0.000488625893458				
HCC1143	endpoint_label_permutation	1127		-0.0819805665690792				
HCC1143	endpoint_label_permutation	1128		-0.2648895260202236				
HCC1143	endpoint_label_permutation	1129		-0.2162441037381739				
HCC1143	endpoint_label_permutation	1130		-0.1731364415819826				
HCC1143	endpoint_label_permutation	1131		-0.0190021180789256				
HCC1143	endpoint_label_permutation	1132		-0.0009229600209763				
HCC1143	endpoint_label_permutation	1133		0.2045713740611196				
HCC1143	endpoint_label_permutation	1134		-0.0912644585447829				
HCC1143	endpoint_label_permutation	1135		0.0514143023449788				
HCC1143	endpoint_label_permutation	1136		-0.0554861847904629				
HCC1143	endpoint_label_permutation	1137		-0.0265486735445561				
HCC1143	endpoint_label_permutation	1138		-0.2772137568885554				
HCC1143	endpoint_label_permutation	1139		-0.146967810399005				
HCC1143	endpoint_label_permutation	1140		0.1404527984862304				
HCC1143	endpoint_label_permutation	1141		-0.0384385702853696				
HCC1143	endpoint_label_permutation	1142		-0.2205331532474171				
HCC1143	endpoint_label_permutation	1143		-0.0753026793584853				
HCC1143	endpoint_label_permutation	1144		0.0847494466320084				
HCC1143	endpoint_label_permutation	1145		0.0443563727728064				
HCC1143	endpoint_label_permutation	1146		0.054943267131065				
HCC1143	endpoint_label_permutation	1147		-0.0089038496141251				
HCC1143	endpoint_label_permutation	1148		0.1361637489769872				
HCC1143	endpoint_label_permutation	1149		0.2286769181383852				
HCC1143	endpoint_label_permutation	1150		0.075139804060666				
HCC1143	endpoint_label_permutation	1151		0.1256311463846684				
HCC1143	endpoint_label_permutation	1152		-0.1681415991155221				
HCC1143	endpoint_label_permutation	1153		-0.2065258776349519				
HCC1143	endpoint_label_permutation	1154		0.0649872438299257				
HCC1143	endpoint_label_permutation	1155		-0.1179217156212186				
HCC1143	endpoint_label_permutation	1156		0.1217221392370037				
HCC1143	endpoint_label_permutation	1157		-0.000760084723157				
HCC1143	endpoint_label_permutation	1158		0.0843694042704299				
HCC1143	endpoint_label_permutation	1159		-0.1377925019551809				
HCC1143	endpoint_label_permutation	1160		0.083066401887875				
HCC1143	endpoint_label_permutation	1161		-0.0116727296770543				
HCC1143	endpoint_label_permutation	1162		-0.0770400158685585				
HCC1143	endpoint_label_permutation	1163		0.1749280698579955				
HCC1143	endpoint_label_permutation	1164		0.0573321048324156				
HCC1143	endpoint_label_permutation	1165		-0.0270372994380142				
HCC1143	endpoint_label_permutation	1166		-0.0041261742114238				
HCC1143	endpoint_label_permutation	1167		-0.1961018585745127				
HCC1143	endpoint_label_permutation	1168		-0.0558662271520414				
HCC1143	endpoint_label_permutation	1169		-0.1654270108185327				
HCC1143	endpoint_label_permutation	1170		0.0321407254363542				
HCC1143	endpoint_label_permutation	1171		0.1155328779198679				
HCC1143	endpoint_label_permutation	1172		0.1064118612419836				
HCC1143	endpoint_label_permutation	1173		-0.3330799840405968				
HCC1143	endpoint_label_permutation	1174		-0.0778001005917156				
HCC1143	endpoint_label_permutation	1175		-0.0955535080540261				
HCC1143	endpoint_label_permutation	1176		-0.0152016944631405				
HCC1143	endpoint_label_permutation	1177		-0.0197079110361428				
HCC1143	endpoint_label_permutation	1178		0.2620663541913547				
HCC1143	endpoint_label_permutation	1179		-0.2886150277359108				
HCC1143	endpoint_label_permutation	1180		-0.0315978077769563				
HCC1143	endpoint_label_permutation	1181		-0.0587979825127899				
HCC1143	endpoint_label_permutation	1182		0.1700961026893545				
HCC1143	endpoint_label_permutation	1183		-0.1273141911288018				
HCC1143	endpoint_label_permutation	1184		0.1052717341572481				
HCC1143	endpoint_label_permutation	1185		0.155654492949371				
HCC1143	endpoint_label_permutation	1186		0.0699820862963862				
HCC1143	endpoint_label_permutation	1187		0.1132526237503969				
HCC1143	endpoint_label_permutation	1188		0.0162875297819362				
HCC1143	endpoint_label_permutation	1189		-0.0694934604029281				
HCC1143	endpoint_label_permutation	1190		-0.1144470426010722				
HCC1143	endpoint_label_permutation	1191		0.1371952925298432				
HCC1143	endpoint_label_permutation	1192		0.1430045114854004				
HCC1143	endpoint_label_permutation	1193		0.1370867089979636				
HCC1143	endpoint_label_permutation	1194		0.1974048609570676				
HCC1143	endpoint_label_permutation	1195		-0.0136272332508866				
HCC1143	endpoint_label_permutation	1196		-0.2336174688389059				
HCC1143	endpoint_label_permutation	1197		-0.1673815143923651				
HCC1143	endpoint_label_permutation	1198		0.0868125337377203				
HCC1143	endpoint_label_permutation	1199		-0.0833921524835137				
HCC1143	endpoint_label_permutation	1200		0.0346924384355242				
HCC1143	endpoint_label_permutation	1201		0.0159074874203577				
HCC1143	endpoint_label_permutation	1202		-0.1158043367495669				
HCC1143	endpoint_label_permutation	1203		-0.2423584431552117				
HCC1143	endpoint_label_permutation	1204		0.1090721577730332				
HCC1143	endpoint_label_permutation	1205		-0.1378467937211207				
HCC1143	endpoint_label_permutation	1206		0.0736739263802917				
HCC1143	endpoint_label_permutation	1207		0.2838373523332095				
HCC1143	endpoint_label_permutation	1208		-0.2897551548206463				
HCC1143	endpoint_label_permutation	1209		-0.1451218903570522				
HCC1143	endpoint_label_permutation	1210		-0.0329008101595112				
HCC1143	endpoint_label_permutation	1211		-0.1545143658646354				
HCC1143	endpoint_label_permutation	1212		-0.1285086099794772				
HCC1143	endpoint_label_permutation	1213		-0.0150388191653211				
HCC1143	endpoint_label_permutation	1214		-0.1439817632723166				
HCC1143	endpoint_label_permutation	1215		-0.0508713846855809				
HCC1143	endpoint_label_permutation	1216		-0.1622237966280853				
HCC1143	endpoint_label_permutation	1217		0.0022259624035312				
HCC1143	endpoint_label_permutation	1218		0.1943102302984997				
HCC1143	endpoint_label_permutation	1219		0.0419675350714558				
HCC1143	endpoint_label_permutation	1220		-0.2527281704497112				
HCC1143	endpoint_label_permutation	1221		0.0222053322693731				
HCC1143	endpoint_label_permutation	1222		0.2567457611292554				
HCC1143	endpoint_label_permutation	1223		0.073076716954954				
HCC1143	endpoint_label_permutation	1224		0.0835007360153933				
HCC1143	endpoint_label_permutation	1225		0.1826917923873852				
HCC1143	endpoint_label_permutation	1226		-0.2335631770729661				
HCC1143	endpoint_label_permutation	1227		-0.0693305851051087				
HCC1143	endpoint_label_permutation	1228		-0.2197730685242601				
HCC1143	endpoint_label_permutation	1229		-0.1689559756046189				
HCC1143	endpoint_label_permutation	1230		-0.0895271220347097				
HCC1143	endpoint_label_permutation	1231		-0.2439871961334054				
HCC1143	endpoint_label_permutation	1232		0.0555404765564027				
HCC1143	endpoint_label_permutation	1233		0.0839893619088514				
HCC1143	endpoint_label_permutation	1234		0.1376839184233013				
HCC1143	endpoint_label_permutation	1235		-0.2050057081886379				
HCC1143	endpoint_label_permutation	1236		-0.0342581043080059				
HCC1143	endpoint_label_permutation	1237		-0.0555404765564027				
HCC1143	endpoint_label_permutation	1238		0.0289918030118465				
HCC1143	endpoint_label_permutation	1239		-0.1399641725927724				
HCC1143	endpoint_label_permutation	1240		-0.019164993376745				
HCC1143	endpoint_label_permutation	1241		0.4133232140996029				
HCC1143	endpoint_label_permutation	1242		-0.0358868572861995				
HCC1143	endpoint_label_permutation	1243		0.0019545035738323				
HCC1143	endpoint_label_permutation	1244		0.1253053957890297				
HCC1143	endpoint_label_permutation	1245		0.0361583161158985				
HCC1143	endpoint_label_permutation	1246		-0.0039632989136044				
HCC1143	endpoint_label_permutation	1247		-0.0502741752602433				
HCC1143	endpoint_label_permutation	1248		-0.0074922636996906				
HCC1143	endpoint_label_permutation	1249		0.0631413237879729				
HCC1143	endpoint_label_permutation	1250		0.2214561132683935				
HCC1143	endpoint_label_permutation	1251		0.0374613184984534				
HCC1143	endpoint_label_permutation	1252		-0.0535859729825703				
HCC1143	endpoint_label_permutation	1253		-0.0172647815688524				
HCC1143	endpoint_label_permutation	1254		0.1394212549333745				
HCC1143	endpoint_label_permutation	1255		0.1146099178988916				
HCC1143	endpoint_label_permutation	1256		-0.0080894731250283				
HCC1143	endpoint_label_permutation	1257		0.0194364522064439				
HCC1143	endpoint_label_permutation	1258		-0.0146587768037426				
HCC1143	endpoint_label_permutation	1259		0.2621749377232342				
HCC1143	endpoint_label_permutation	1260		-0.0779086841235951				
HCC1143	endpoint_label_permutation	1261		0.1997936986584183				
HCC1143	endpoint_label_permutation	1262		-0.3016993433273996				
HCC1143	endpoint_label_permutation	1263		0.1396927137630734				
HCC1143	endpoint_label_permutation	1264		-0.0577664389599339				
HCC1143	endpoint_label_permutation	1265		0.1590748742035776				
HCC1143	endpoint_label_permutation	1266		-0.1874151760241467				
HCC1143	endpoint_label_permutation	1267		0.2079917553153262				
HCC1143	endpoint_label_permutation	1268		0.1779141169846839				
HCC1143	endpoint_label_permutation	1269		-0.163309631946881				
HCC1143	endpoint_label_permutation	1270		-0.3261849297662438				
HCC1143	endpoint_label_permutation	1271		-0.2948585808189863				
HCC1143	endpoint_label_permutation	1272		0.0450078739640839				
HCC1143	endpoint_label_permutation	1273		-0.1907812655124135				
HCC1143	endpoint_label_permutation	1274		-0.1124382472613001				
HCC1143	endpoint_label_permutation	1275		0.0930017950548561				
HCC1143	endpoint_label_permutation	1276		-0.088929912609372				
HCC1143	endpoint_label_permutation	1277		-0.133666327743757				
HCC1143	endpoint_label_permutation	1278		-0.1356751230835291				
HCC1143	endpoint_label_permutation	1279		0.2237906592038044				
HCC1143	endpoint_label_permutation	1280		-0.0232911675881688				
HCC1143	endpoint_label_permutation	1281		0.0507628011537013				
HCC1143	endpoint_label_permutation	1282		0.1635267990106401				
HCC1143	endpoint_label_permutation	1283		0.2029426210829259				
HCC1143	endpoint_label_permutation	1284		0.0124871061661511				
HCC1143	endpoint_label_permutation	1285		-0.0136272332508866				
HCC1143	endpoint_label_permutation	1286		-0.2696672014229249				
HCC1143	endpoint_label_permutation	1287		-0.008686682550366				
HCC1143	endpoint_label_permutation	1288		-0.1144470426010722				
HCC1143	endpoint_label_permutation	1289		-0.0213909557802763				
HCC1143	endpoint_label_permutation	1290		0.1560345353109495				
HCC1143	endpoint_label_permutation	1291		-0.0673760815312763				
HCC1143	endpoint_label_permutation	1292		0.1199305109609907				
HCC1143	endpoint_label_permutation	1293		-0.1522341116951643				
HCC1143	endpoint_label_permutation	1294		0.0706335874876636				
HCC1143	endpoint_label_permutation	1295		0.3318855651899214				
HCC1143	endpoint_label_permutation	1296		0.2370921418590524				
HCC1143	endpoint_label_permutation	1297		-0.1303002382554902				
HCC1143	endpoint_label_permutation	1298		0.0276345088633518				
HCC1143	endpoint_label_permutation	1299		-0.0221510405034333				
HCC1143	endpoint_label_permutation	1300		-0.03322656075515				
HCC1143	endpoint_label_permutation	1301		0.2178728567163675				
HCC1143	endpoint_label_permutation	1302		0.0781801429532941				
HCC1143	endpoint_label_permutation	1303		-0.1324176171271419				
HCC1143	endpoint_label_permutation	1304		-0.0065150119127745				
HCC1143	endpoint_label_permutation	1305		0.1375210431254819				
HCC1143	endpoint_label_permutation	1306		-0.1117324543040828				
HCC1143	endpoint_label_permutation	1307		-0.1379553772530002				
HCC1143	endpoint_label_permutation	1308		0.0944133809692906				
HCC1143	endpoint_label_permutation	1309		-0.0476138787291937				
HCC1143	endpoint_label_permutation	1310		0.0059178024874368				
HCC1143	endpoint_label_permutation	1311		-0.2900266136503452				
HCC1143	endpoint_label_permutation	1312		-0.1632553401809413				
HCC1143	endpoint_label_permutation	1313		-0.2229219909487678				
HCC1143	endpoint_label_permutation	1314		-0.1507682340147901				
HCC1143	endpoint_label_permutation	1315		-0.1147727931967109				
HCC1143	endpoint_label_permutation	1316		-0.0630870320220331				
HCC1143	endpoint_label_permutation	1317		0.0038547153817249				
HCC1143	endpoint_label_permutation	1318		0.0893642467368903				
HCC1143	endpoint_label_permutation	1319		0.014550193271863				
HCC1143	endpoint_label_permutation	1320		0.1657527614141714				
HCC1143	endpoint_label_permutation	1321		0.1281828593838384				
HCC1143	endpoint_label_permutation	1322		0.1494109398662954				
HCC1143	endpoint_label_permutation	1323		-0.0055920518917981				
HCC1143	endpoint_label_permutation	1324		0.0941962139055314				
HCC1143	endpoint_label_permutation	1325		-0.0345838549036446				
HCC1143	endpoint_label_permutation	1326		-0.1508768175466697				
HCC1143	endpoint_label_permutation	1327		-0.1718334391994276				
HCC1143	endpoint_label_permutation	1328		-0.1134154990482162				
HCC1143	endpoint_label_permutation	1329		-0.1417015091028456				
HCC1143	endpoint_label_permutation	1330		0.0739453852099907				
HCC1143	endpoint_label_permutation	1331		-0.0383842785194298				
HCC1143	endpoint_label_permutation	1332		0.1104837436874677				
HCC1143	endpoint_label_permutation	1333		0.0805146888887049				
HCC1143	endpoint_label_permutation	1334		-0.0114555626132951				
HCC1143	endpoint_label_permutation	1335		-0.0941419221395916				
HCC1143	endpoint_label_permutation	1336		-0.2819914322912567				
HCC1143	endpoint_label_permutation	1337		0.0644986179364676				
HCC1143	endpoint_label_permutation	1338		-0.1581519141826012				
HCC1143	endpoint_label_permutation	1339		0.1192247180037735				
HCC1143	endpoint_label_permutation	1340		-0.0236169181838075				
HCC1143	endpoint_label_permutation	1341		0.0538574318122692				
HCC1143	endpoint_label_permutation	1342		-0.1157500449836271				
HCC1143	endpoint_label_permutation	1343		0.1015798940733425				
HCC1143	endpoint_label_permutation	1344		-0.103751564710934				
HCC1143	endpoint_label_permutation	1345		-0.082794943058176				
HCC1143	endpoint_label_permutation	1346		0.1630381731171821				
HCC1143	endpoint_label_permutation	1347		0.0457136669213011				
HCC1143	endpoint_label_permutation	1348		-0.0073836801678111				
HCC1143	endpoint_label_permutation	1349		0.1460991421439683				
HCC1143	endpoint_label_permutation	1350		0.1728649827522836				
HCC1143	endpoint_label_permutation	1351		0.0709050463173625				
HCC1143	endpoint_label_permutation	1352		-0.125739729916548				
HCC1143	endpoint_label_permutation	1353		-0.01275856499585				
HCC1143	endpoint_label_permutation	1354		-0.1874151760241467				
HCC1143	endpoint_label_permutation	1355		-0.0680818744884936				
HCC1143	endpoint_label_permutation	1356		-0.0208480381208784				
HCC1143	endpoint_label_permutation	1357		-0.0628155731923342				
HCC1143	endpoint_label_permutation	1358		-0.0186220757173471				
HCC1143	endpoint_label_permutation	1359		-0.0445192480706258				
HCC1143	endpoint_label_permutation	1360		0.1182474662168573				
HCC1143	endpoint_label_permutation	1361		-0.1017427693711619				
HCC1143	endpoint_label_permutation	1362		0.0655301614893236				
HCC1143	endpoint_label_permutation	1363		0.0336608948826683				
HCC1143	endpoint_label_permutation	1364		-0.1550572835240333				
HCC1143	endpoint_label_permutation	1365		0.1379010854870604				
HCC1143	endpoint_label_permutation	1366		-0.073076716954954				
HCC1143	endpoint_label_permutation	1367		-0.070525003955784				
HCC1143	endpoint_label_permutation	1368		0.1462620174417877				
HCC1143	endpoint_label_permutation	1369		-0.2360605983061963				
HCC1143	endpoint_label_permutation	1370		-0.1490308975047169				
HCC1143	endpoint_label_permutation	1371		-0.0239426687794463				
HCC1143	endpoint_label_permutation	1372		0.0968022186706412				
HCC1143	endpoint_label_permutation	1373		0.0573321048324156				
HCC1143	endpoint_label_permutation	1374		-0.0174819486326116				
HCC1143	endpoint_label_permutation	1375		-0.1893696795979791				
HCC1143	endpoint_label_permutation	1376		-0.0747597616990875				
HCC1143	endpoint_label_permutation	1377		0.0195993275042633				
HCC1143	endpoint_label_permutation	1378		-0.0054291765939787				
HCC1143	endpoint_label_permutation	1379		0.1086378236455149				
HCC1143	endpoint_label_permutation	1380		-0.0778543923576553				
HCC1143	endpoint_label_permutation	1381		-0.2059829599755541				
HCC1143	endpoint_label_permutation	1382		0.0272001747358335				
HCC1143	endpoint_label_permutation	1383		-0.0211737887165171				
HCC1143	endpoint_label_permutation	1384		-0.0479396293248324				
HCC1143	endpoint_label_permutation	1385		-0.2889950700974893				
HCC1143	endpoint_label_permutation	1386		-0.0282860100546293				
HCC1143	endpoint_label_permutation	1387		-0.112709706090999				
HCC1143	endpoint_label_permutation	1388		0.1541343235030569				
HCC1143	endpoint_label_permutation	1389		-0.2327488005838693				
HCC1143	endpoint_label_permutation	1390		0.0450621657300236				
HCC1143	endpoint_label_permutation	1391		-0.3168467460246003				
HCC1143	endpoint_label_permutation	1392		0.0445735398365656				
HCC1143	endpoint_label_permutation	1393		0.0586351072149705				
HCC1143	endpoint_label_permutation	1394		-0.0940876303736518				
HCC1143	endpoint_label_permutation	1395		0.1828003759192648				
HCC1143	endpoint_label_permutation	1396		-0.0823063171647179				
HCC1143	endpoint_label_permutation	1397		0.0123785226342715				
HCC1143	endpoint_label_permutation	1398		-0.0741625522737498				
HCC1143	endpoint_label_permutation	1399		0.304902557517847				
HCC1143	endpoint_label_permutation	1400		0.037298443200634				
HCC1143	endpoint_label_permutation	1401		0.0901243314600473				
HCC1143	endpoint_label_permutation	1402		0.01275856499585				
HCC1143	endpoint_label_permutation	1403		-0.0225310828650118				
HCC1143	endpoint_label_permutation	1404		0.1053803176891276				
HCC1143	endpoint_label_permutation	1405		-0.0585808154490308				
HCC1143	endpoint_label_permutation	1406		-0.0786144770808124				
HCC1143	endpoint_label_permutation	1407		0.0729138416571347				
HCC1143	endpoint_label_permutation	1408		-0.1912155996399318				
HCC1143	endpoint_label_permutation	1409		-0.0880612443543354				
HCC1143	endpoint_label_permutation	1410		-0.0903957902897463				
HCC1143	endpoint_label_permutation	1411		-0.0614582790438395				
HCC1143	endpoint_label_permutation	1412		0.1449590150592328				
HCC1143	endpoint_label_permutation	1413		0.1418643844006649				
HCC1143	endpoint_label_permutation	1414		0.2267767063304927				
HCC1143	endpoint_label_permutation	1415		0.1367609584023249				
HCC1143	endpoint_label_permutation	1416		-0.1115695790062634				
HCC1143	endpoint_label_permutation	1417		-0.2965959173290596				
HCC1143	endpoint_label_permutation	1418		-0.1340463701053355				
HCC1143	endpoint_label_permutation	1419		-0.0671589144675172				
HCC1143	endpoint_label_permutation	1420		0.0774743499960768				
HCC1143	endpoint_label_permutation	1421		0.0946848397989895				
HCC1143	endpoint_label_permutation	1422		0.3016450515614598				
HCC1143	endpoint_label_permutation	1423		0.0515228858768584				
HCC1143	endpoint_label_permutation	1424		0.1216135557051242				
HCC1143	endpoint_label_permutation	1425		-0.1633639237128208				
HCC1143	endpoint_label_permutation	1426		-0.1102665766237085				
HCC1143	endpoint_label_permutation	1427		-0.1464791845055469				
HCC1143	endpoint_label_permutation	1428		0.1047288164978502				
HCC1143	endpoint_label_permutation	1429		-0.1272056075969223				
HCC1143	endpoint_label_permutation	1430		-0.0147673603356222				
HCC1143	endpoint_label_permutation	1431		0.0457136669213011				
HCC1143	endpoint_label_permutation	1432		-0.1348064548284925				
HCC1143	endpoint_label_permutation	1433		-0.0142787344421641				
HCC1143	endpoint_label_permutation	1434		-0.2413268996023558				
HCC1143	endpoint_label_permutation	1435		0.0412617421142385				
HCC1143	endpoint_label_permutation	1436		-0.0097182261032219				
HCC1143	endpoint_label_permutation	1437		-0.1496281069300546				
HCC1143	endpoint_label_permutation	1438		-0.1338292030415764				
HCC1143	endpoint_label_permutation	1439		0.3515391844601246				
HCC1143	endpoint_label_permutation	1440		-0.0895814138006495				
HCC1143	endpoint_label_permutation	1441		0.0543460577057273				
HCC1143	endpoint_label_permutation	1442		0.0511971352812196				
HCC1143	endpoint_label_permutation	1443		-0.1899125972573769				
HCC1143	endpoint_label_permutation	1444		0.0310548901175584				
HCC1143	endpoint_label_permutation	1445		-0.2382865607097277				
HCC1143	endpoint_label_permutation	1446		-0.1562517023747086				
HCC1143	endpoint_label_permutation	1447		0.1077691553904783				
HCC1143	endpoint_label_permutation	1448		0.0377327773281523				
HCC1143	endpoint_label_permutation	1449		0.2907866983735023				
HCC1143	endpoint_label_permutation	1450		-0.0013572941484946				
HCC1143	endpoint_label_permutation	1451		-0.0819262748031394				
HCC1143	endpoint_label_permutation	1452		-0.1780227005165635				
HCC1143	endpoint_label_permutation	1453		-0.0519572200043767				
HCC1143	endpoint_label_permutation	1454		0.0067321789765336				
HCC1143	endpoint_label_permutation	1455		-0.0799717712293071				
HCC1143	endpoint_label_permutation	1456		0.0616754461075986				
HCC1143	endpoint_label_permutation	1457		-0.156414577672528				
HCC1143	endpoint_label_permutation	1458		-0.1961561503404525				
HCC1143	endpoint_label_permutation	1459		-0.0415874927098772				
HCC1143	endpoint_label_permutation	1460		-0.0041261742114238				
HCC1143	endpoint_label_permutation	1461		0.0053748848280389				
HCC1143	endpoint_label_permutation	1462		-0.0582007730874522				
HCC1143	endpoint_label_permutation	1463		-0.0962593010112433				
HCC1143	endpoint_label_permutation	1464		-0.1537542811414784				
HCC1143	endpoint_label_permutation	1465		-0.252511003385952				
HCC1143	endpoint_label_permutation	1466		-0.0419675350714558				
HCC1143	endpoint_label_permutation	1467		0.0189478263129858				
HCC1143	endpoint_label_permutation	1468		0.1283457346816578				
HCC1143	endpoint_label_permutation	1469		0.03322656075515				
HCC1143	endpoint_label_permutation	1470		0.1394212549333745				
HCC1143	endpoint_label_permutation	1471		0.0198707863339622				
HCC1143	endpoint_label_permutation	1472		-0.0941419221395916				
HCC1143	endpoint_label_permutation	1473		0.2482762456426486				
HCC1143	endpoint_label_permutation	1474		0.2628807306804515				
HCC1143	endpoint_label_permutation	1475		0.033986645478307				
HCC1143	endpoint_label_permutation	1476		-0.0150931109312609				
HCC1143	endpoint_label_permutation	1477		-0.1554373258856118				
HCC1143	endpoint_label_permutation	1478		-0.2559856764060984				
HCC1143	endpoint_label_permutation	1479		0.1517997775676461				
HCC1143	endpoint_label_permutation	1480		0.0680818744884936				
HCC1143	endpoint_label_permutation	1481		0.2332917182432672				
HCC1143	endpoint_label_permutation	1482		-0.1471306856968243				
HCC1143	endpoint_label_permutation	1483		-0.0507085093877616				
HCC1143	endpoint_label_permutation	1484		-0.003311797722327				
HCC1143	endpoint_label_permutation	1485		-0.0077094307634498				
HCC1143	endpoint_label_permutation	1486		-0.2457245326434785				
HCC1143	endpoint_label_permutation	1487		-0.0281231347568099				
HCC1143	endpoint_label_permutation	1488		-0.2732504579749509				
HCC1143	endpoint_label_permutation	1489		-0.0382756949875502				
HCC1143	endpoint_label_permutation	1490		0.1276942334903804				
HCC1143	endpoint_label_permutation	1491		0.2485477044723475				
HCC1143	endpoint_label_permutation	1492		0.2887779030337301				
HCC1143	endpoint_label_permutation	1493		-0.354742398650572				
HCC1143	endpoint_label_permutation	1494		-0.2337803441367253				
HCC1143	endpoint_label_permutation	1495		-0.2691785755294668				
HCC1143	endpoint_label_permutation	1496		0.3417666665909628				
HCC1143	endpoint_label_permutation	1497		-0.2328030923498091				
HCC1143	endpoint_label_permutation	1498		0.0944133809692906				
HCC1143	endpoint_label_permutation	1499		0.2772680486544951				
HCC1143	endpoint_label_permutation	1500		-0.0418046597736364				
HCC1143	endpoint_label_permutation	1501		0.048808297579869				
HCC1143	endpoint_label_permutation	1502		0.0932189621186152				
HCC1143	endpoint_label_permutation	1503		-0.0789945194423909				
HCC1143	endpoint_label_permutation	1504		0.2647266507224042				
HCC1143	endpoint_label_permutation	1505		-0.4549107068094801				
HCC1143	endpoint_label_permutation	1506		-0.0528801800253531				
HCC1143	endpoint_label_permutation	1507		0.1984906962758634				
HCC1143	endpoint_label_permutation	1508		-0.2372550171568717				
HCC1143	endpoint_label_permutation	1509		-0.0208480381208784				
HCC1143	endpoint_label_permutation	1510		-0.0895814138006495				
HCC1143	endpoint_label_permutation	1511		-0.0450078739640839				
HCC1143	endpoint_label_permutation	1512		-0.0978337622234972				
HCC1143	endpoint_label_permutation	1513		-0.221836155629972				
HCC1143	endpoint_label_permutation	1514		-0.1006569340523661				
HCC1143	endpoint_label_permutation	1515		-0.2198273602901999				
HCC1143	endpoint_label_permutation	1516		0.0159074874203577				
HCC1143	endpoint_label_permutation	1517		-0.3639177070943962				
HCC1143	endpoint_label_permutation	1518		-0.1036972729449942				
HCC1143	endpoint_label_permutation	1519		0.0636842414473708				
HCC1143	endpoint_label_permutation	1520		0.1913241831718114				
HCC1143	endpoint_label_permutation	1521		0.0734567593165326				
HCC1143	endpoint_label_permutation	1522		-0.1403985067202907				
HCC1143	endpoint_label_permutation	1523		0.1428416361875811				
HCC1143	endpoint_label_permutation	1524		0.1378467937211207				
HCC1143	endpoint_label_permutation	1525		-0.1362723325088668				
HCC1143	endpoint_label_permutation	1526		0.0376784855622125				
HCC1143	endpoint_label_permutation	1527		0.0579293142577533				
HCC1143	endpoint_label_permutation	1528		-0.0357239819883802				
HCC1143	endpoint_label_permutation	1529		-0.017101906271033				
HCC1143	endpoint_label_permutation	1530		0.210597760080436				
HCC1143	endpoint_label_permutation	1531		-0.1060318188804051				
HCC1143	endpoint_label_permutation	1532		0.0556490600882822				
HCC1143	endpoint_label_permutation	1533		-0.027580217097412				
HCC1143	endpoint_label_permutation	1534		-0.0314892242450767				
HCC1143	endpoint_label_permutation	1535		-0.139801297294953				
HCC1143	endpoint_label_permutation	1536		-0.0058092189555572				
HCC1143	endpoint_label_permutation	1537		0.1319832829996236				
HCC1143	endpoint_label_permutation	1538		-0.2151582684193781				
HCC1143	endpoint_label_permutation	1539		-0.0262229229489174				
HCC1143	endpoint_label_permutation	1540		0.0004343341275183				
HCC1143	endpoint_label_permutation	1541		0.0186220757173471				
HCC1143	endpoint_label_permutation	1542		0.073076716954954				
HCC1143	endpoint_label_permutation	1543		0.1324719088930817				
HCC1143	endpoint_label_permutation	1544		-0.1632553401809413				
HCC1143	endpoint_label_permutation	1545		-0.1067919036035621				
HCC1143	endpoint_label_permutation	1546		-0.0049948424664604				
HCC1143	endpoint_label_permutation	1547		-0.1476736033562222				
HCC1143	endpoint_label_permutation	1548		0.2678212813809721				
HCC1143	endpoint_label_permutation	1549		0.0507085093877616				
HCC1143	endpoint_label_permutation	1550		-0.1138498331757345				
HCC1143	endpoint_label_permutation	1551		0.0319235583725951				
HCC1143	endpoint_label_permutation	1552		-0.1550572835240333				
HCC1143	endpoint_label_permutation	1553		0.0169390309732137				
HCC1143	endpoint_label_permutation	1554		-0.0246484617366635				
HCC1143	endpoint_label_permutation	1555		0.011998480272693				
HCC1143	endpoint_label_permutation	1556		-0.2850317711838848				
HCC1143	endpoint_label_permutation	1557		0.1804115382179141				
HCC1143	endpoint_label_permutation	1558		0.0780172676554747				
HCC1143	endpoint_label_permutation	1559		-0.0684076250841323				
HCC1143	endpoint_label_permutation	1560		-0.0193278686745643				
HCC1143	endpoint_label_permutation	1561		0.2924697431176357				
HCC1143	endpoint_label_permutation	1562		0.0093381837416434				
HCC1143	endpoint_label_permutation	1563		-0.1024485623283791				
HCC1143	endpoint_label_permutation	1564		0.1556002011834312				
HCC1143	endpoint_label_permutation	1565		-0.0262772147148571				
HCC1143	endpoint_label_permutation	1566		0.0852380725254665				
HCC1143	endpoint_label_permutation	1567		0.0396329891360449				
HCC1143	endpoint_label_permutation	1568		-0.1757967381130321				
HCC1143	endpoint_label_permutation	1569		-0.3422552924844209				
HCC1143	endpoint_label_permutation	1570		0.0902872067578667				
HCC1143	endpoint_label_permutation	1571		-0.2937184537342508				
HCC1143	endpoint_label_permutation	1572		0.0595580672359469				
HCC1143	endpoint_label_permutation	1573		-0.0098811014010413				
HCC1143	endpoint_label_permutation	1574		0.101199851711764				
HCC1143	endpoint_label_permutation	1575		0.0502198834943035				
HCC1143	endpoint_label_permutation	1576		0.1044030659022115				
HCC1143	endpoint_label_permutation	1577		-0.1478364786540416				
HCC1143	endpoint_label_permutation	1578		0.1709104791784513				
HCC1143	endpoint_label_permutation	1579		-0.260437601213161				
HCC1143	endpoint_label_permutation	1580		0.0693848768710485				
HCC1143	endpoint_label_permutation	1581		0.1511482763763686				
HCC1143	endpoint_label_permutation	1582		0.3211357955338436				
HCC1143	endpoint_label_permutation	1583		0.0431619539221311				
HCC1143	endpoint_label_permutation	1584		-0.0150388191653211				
HCC1143	endpoint_label_permutation	1585		-0.0250827958641818				
HCC1143	endpoint_label_permutation	1586		-0.2244964521610216				
HCC1143	endpoint_label_permutation	1587		-0.0238883770135065				
HCC1143	endpoint_label_permutation	1588		0.2648895260202236				
HCC1143	endpoint_label_permutation	1589		-0.0163961133138158				
HCC1143	endpoint_label_permutation	1590		0.3171182048542992				
HCC1143	endpoint_label_permutation	1591		-0.0440849139431075				
HCC1143	endpoint_label_permutation	1592		0.2398610219219815				
HCC1143	endpoint_label_permutation	1593		0.1907269737464738				
HCC1143	endpoint_label_permutation	1594		0.1416472173369058				
HCC1143	endpoint_label_permutation	1595		-0.0199793698658418				
HCC1143	endpoint_label_permutation	1596		0.1971876938933085				
HCC1143	endpoint_label_permutation	1597		0.0255714217576399				
HCC1143	endpoint_label_permutation	1598		-0.2025082869554076				
HCC1143	endpoint_label_permutation	1599		0.0369184008390555				
HCC1143	endpoint_label_permutation	1600		-0.0393615303063459				
HCC1143	endpoint_label_permutation	1601		0.1519626528654654				
HCC1143	endpoint_label_permutation	1602		0.0704164204239044				
HCC1143	endpoint_label_permutation	1603		-0.2130408895477264				
HCC1143	endpoint_label_permutation	1604		0.0448992904322043				
HCC1143	endpoint_label_permutation	1605		0.0259514641192184				
HCC1143	endpoint_label_permutation	1606		-0.0766056817410402				
HCC1143	endpoint_label_permutation	1607		0.220044527353959				
HCC1143	endpoint_label_permutation	1608		-0.0150388191653211				
HCC1143	endpoint_label_permutation	1609		0.0029317553607485				
HCC1143	endpoint_label_permutation	1610		0.0324664760319929				
HCC1143	endpoint_label_permutation	1611		0.2385037277734868				
HCC1143	endpoint_label_permutation	1612		0.0975623033937982				
HCC1143	endpoint_label_permutation	1613		0.1032086470515362				
HCC1143	endpoint_label_permutation	1614		-0.1758510298789719				
HCC1143	endpoint_label_permutation	1615		0.1112981201765645				
HCC1143	endpoint_label_permutation	1616		-0.1430588032513402				
HCC1143	endpoint_label_permutation	1617		0.1258483134484276				
HCC1143	endpoint_label_permutation	1618		0.062869864958274				
HCC1143	endpoint_label_permutation	1619		-0.1273141911288018				
HCC1143	endpoint_label_permutation	1620		-0.0519029282384369				
HCC1143	endpoint_label_permutation	1621		0.2339975112004844				
HCC1143	endpoint_label_permutation	1622		-0.0230740005244097				
HCC1143	endpoint_label_permutation	1623		-0.0333894360529693				
HCC1143	endpoint_label_permutation	1624		-0.1917042255333899				
HCC1143	endpoint_label_permutation	1625		0.0796460206336684				
HCC1143	endpoint_label_permutation	1626		-0.0126499814639705				
HCC1143	endpoint_label_permutation	1627		0.276779422761037				
HCC1143	endpoint_label_permutation	1628		0.1204734286203886				
HCC1143	endpoint_label_permutation	1629		0.2430099443464892				
HCC1143	endpoint_label_permutation	1630		0.0555404765564027				
HCC1143	endpoint_label_permutation	1631		0.1298116123620321				
HCC1143	endpoint_label_permutation	1632		-0.0233997511200484				
HCC1143	endpoint_label_permutation	1633		0.1641783002019176				
HCC1143	endpoint_label_permutation	1634		0.0465280434103979				
HCC1143	endpoint_label_permutation	1635		-0.0722623404658572				
HCC1143	endpoint_label_permutation	1636		0.2953472067124444				
HCC1143	endpoint_label_permutation	1637		0.3218415884910608				
HCC1143	endpoint_label_permutation	1638		-0.1105380354534075				
HCC1143	endpoint_label_permutation	1639		0.0634670743836116				
HCC1143	endpoint_label_permutation	1640		-0.1898583054914371				
HCC1143	endpoint_label_permutation	1641		-0.2387751866031857				
HCC1143	endpoint_label_permutation	1642		-0.1773169075593462				
HCC1143	endpoint_label_permutation	1643		-0.2632064812760902				
HCC1143	endpoint_label_permutation	1644		-0.0096639343372821				
HCC1143	endpoint_label_permutation	1645		0.0090667249119445				
HCC1143	endpoint_label_permutation	1646		-0.0220424569715537				
HCC1143	endpoint_label_permutation	1647		0.2516966268968552				
HCC1143	endpoint_label_permutation	1648		0.0760627640816423				
HCC1143	endpoint_label_permutation	1649		-0.1800314958563356				
HCC1143	endpoint_label_permutation	1650		0.0249199205663625				
HCC1143	endpoint_label_permutation	1651		0.0811118983140426				
HCC1143	endpoint_label_permutation	1652		0.0839350701429116				
HCC1143	endpoint_label_permutation	1653		0.2492534974295648				
HCC1143	endpoint_label_permutation	1654		0.0485368387501701				
HCC1143	endpoint_label_permutation	1655		-0.1681958908814619				
HCC1143	endpoint_label_permutation	1656		0.0418046597736364				
HCC1143	endpoint_label_permutation	1657		0.2212932379705741				
HCC1143	endpoint_label_permutation	1658		-0.0832292771856943				
HCC1143	endpoint_label_permutation	1659		-0.1337749112756366				
HCC1143	endpoint_label_permutation	1660		-0.0106954778901381				
HCC1143	endpoint_label_permutation	1661		0.2221619062256108				
HCC1143	endpoint_label_permutation	1662		-0.0125413979320909				
HCC1143	endpoint_label_permutation	1663		-0.0300233465647025				
HCC1143	endpoint_label_permutation	1664		-0.3144036165573099				
HCC1143	endpoint_label_permutation	1665		0.1177588403233992				
HCC1143	endpoint_label_permutation	1666		-0.249959290386782				
HCC1143	endpoint_label_permutation	1667		-0.1642868837337972				
HCC1143	endpoint_label_permutation	1668		0.1567946200341065				
HCC1143	endpoint_label_permutation	1669		0.1044573576681513				
HCC1143	endpoint_label_permutation	1670		0.0864867831420816				
HCC1143	endpoint_label_permutation	1671		-0.1327976594887204				
HCC1143	endpoint_label_permutation	1672		-0.0934904209483142				
HCC1143	endpoint_label_permutation	1673		0.157174662395685				
HCC1143	endpoint_label_permutation	1674		0.1995222398287193				
HCC1143	endpoint_label_permutation	1675		0.0112926873154758				
HCC1143	endpoint_label_permutation	1676		-0.0301862218625218				
HCC1143	endpoint_label_permutation	1677		0.0670503309356376				
HCC1143	endpoint_label_permutation	1678		0.2231391580125269				
HCC1143	endpoint_label_permutation	1679		0.1693903097321372				
HCC1143	endpoint_label_permutation	1680		-0.0704707121898442				
HCC1143	endpoint_label_permutation	1681		-0.1275856499585008				
HCC1143	endpoint_label_permutation	1682		0.0533688059188112				
HCC1143	endpoint_label_permutation	1683		0.0876269102268171				
HCC1143	endpoint_label_permutation	1684		0.021716706375915				
HCC1143	endpoint_label_permutation	1685		0.1757424463470924				
HCC1143	endpoint_label_permutation	1686		0.0783973100170532				
HCC1143	endpoint_label_permutation	1687		0.1144470426010722				
HCC1143	endpoint_label_permutation	1688		-0.1238395181086554				
HCC1143	endpoint_label_permutation	1689		-0.005863510721497				
HCC1143	endpoint_label_permutation	1690		-0.1456105162505103				
HCC1143	endpoint_label_permutation	1691		-0.0312177654153778				
HCC1143	endpoint_label_permutation	1692		-0.1671643473286059				
HCC1143	endpoint_label_permutation	1693		0.310277442345886				
HCC1143	endpoint_label_permutation	1694		0.0610239449163212				
HCC1143	endpoint_label_permutation	1695		0.0768228488047994				
HCC1143	endpoint_label_permutation	1696		0.297247418520337				
HCC1143	endpoint_label_permutation	1697		0.1846462959612175				
HCC1143	endpoint_label_permutation	1698		0.2956186655421434				
HCC1143	endpoint_label_permutation	1699		-0.0435962880496494				
HCC1143	endpoint_label_permutation	1700		-0.1741679851348385				
HCC1143	endpoint_label_permutation	1701		-0.0403930738592019				
HCC1143	endpoint_label_permutation	1702		-0.1892068043001597				
HCC1143	endpoint_label_permutation	1703		0.066181662680601				
HCC1143	endpoint_label_permutation	1704		0.028611760650268				
HCC1143	endpoint_label_permutation	1705		0.2096748000594596				
HCC1143	endpoint_label_permutation	1706		0.0620554884691772				
HCC1143	endpoint_label_permutation	1707		-0.0409359915185998				
HCC1143	endpoint_label_permutation	1708		-0.2098919671232188				
HCC1143	endpoint_label_permutation	1709		-0.2051142917205174				
HCC1143	endpoint_label_permutation	1710		-0.1525055705248633				
HCC1143	endpoint_label_permutation	1711		-0.2524567116200122				
HCC1143	endpoint_label_permutation	1712		0.0884412867159139				
HCC1143	endpoint_label_permutation	1713		0.0176448239304309				
HCC1143	endpoint_label_permutation	1714		-0.2124436801223888				
HCC1143	endpoint_label_permutation	1715		-0.1483793963134394				
HCC1143	endpoint_label_permutation	1716		-0.127531358192561				
HCC1143	endpoint_label_permutation	1717		-0.2971931267543972				
HCC1143	endpoint_label_permutation	1718		0.1107009107512268				
HCC1143	endpoint_label_permutation	1719		-0.1516911940357665				
HCC1143	endpoint_label_permutation	1720		0.029643304203124				
HCC1143	endpoint_label_permutation	1721		0.103751564710934				
HCC1143	endpoint_label_permutation	1722		0.0868125337377203				
HCC1143	endpoint_label_permutation	1723		0.0963678845431229				
HCC1143	endpoint_label_permutation	1724		0.0374070267325136				
HCC1143	endpoint_label_permutation	1725		0.0195450357383235				
HCC1143	endpoint_label_permutation	1726		-0.1050002753275491				
HCC1143	endpoint_label_permutation	1727		-0.1049459835616094				
HCC1143	endpoint_label_permutation	1728		-0.1052717341572481				
HCC1143	endpoint_label_permutation	1729		-0.0793202700380296				
HCC1143	endpoint_label_permutation	1730		-0.1398555890608928				
HCC1143	endpoint_label_permutation	1731		-0.1149356684945303				
HCC1143	endpoint_label_permutation	1732		-0.2143438919302814				
HCC1143	endpoint_label_permutation	1733		0.4952494889027424				
HCC1143	endpoint_label_permutation	1734		0.0411531585823589				
HCC1143	endpoint_label_permutation	1735		-0.1275856499585008				
HCC1143	endpoint_label_permutation	1736		0.1918671008312093				
HCC1143	endpoint_label_permutation	1737		-0.114501334367012				
HCC1143	endpoint_label_permutation	1738		-0.1157500449836271				
HCC1143	endpoint_label_permutation	1739		0.0047233836367615				
HCC1143	endpoint_label_permutation	1740		-0.070525003955784				
HCC1143	endpoint_label_permutation	1741		-0.1169987556002422				
HCC1143	endpoint_label_permutation	1742		0.2329116758816887				
HCC1143	endpoint_label_permutation	1743		-0.0851294889935869				
HCC1143	endpoint_label_permutation	1744		-0.1805744135157335				
HCC1143	endpoint_label_permutation	1745		0.1868722583647488				
HCC1143	endpoint_label_permutation	1746		-0.0973451363300391				
HCC1143	endpoint_label_permutation	1747		0.10478310826379				
HCC1143	endpoint_label_permutation	1748		-0.3002334656470253				
HCC1143	endpoint_label_permutation	1749		0.0776372252938962				
HCC1143	endpoint_label_permutation	1750		0.0608067778525621				
HCC1143	endpoint_label_permutation	1751		-0.0428362033264924				
HCC1143	endpoint_label_permutation	1752		0.0333894360529693				
HCC1143	endpoint_label_permutation	1753		-0.1066290283057428				
HCC1143	endpoint_label_permutation	1754		-0.1204191368544488				
HCC1143	endpoint_label_permutation	1755		0.1434388456129187				
HCC1143	endpoint_label_permutation	1756		-0.0442477892409268				
HCC1143	endpoint_label_permutation	1757		-0.0460937092828796				
HCC1143	endpoint_label_permutation	1758		0.1855692559821939				
HCC1143	endpoint_label_permutation	1759		-0.2312286311375553				
HCC1143	endpoint_label_permutation	1760		0.2917096583944786				
HCC1143	endpoint_label_permutation	1761		-0.1103208683896483				
HCC1143	endpoint_label_permutation	1762		0.0215538310780956				
HCC1143	endpoint_label_permutation	1763		0.1477821868881018				
HCC1143	endpoint_label_permutation	1764		0.2595146411921846				
HCC1143	endpoint_label_permutation	1765		0.2143438919302814				
HCC1143	endpoint_label_permutation	1766		-0.1382268360826991				
HCC1143	endpoint_label_permutation	1767		0.2016396187003711				
HCC1143	endpoint_label_permutation	1768		-0.0219338734396741				
HCC1143	endpoint_label_permutation	1769		-0.2117921789311113				
HCC1143	endpoint_label_permutation	1770		0.0734024675505928				
HCC1143	endpoint_label_permutation	1771		0.1108637860490462				
HCC1143	endpoint_label_permutation	1772		0.0313806407131972				
HCC1143	endpoint_label_permutation	1773		0.1584776647782399				
HCC1143	endpoint_label_permutation	1774		-0.220044527353959				
HCC1143	endpoint_label_permutation	1775		0.1612465448411691				
HCC1143	endpoint_label_permutation	1776		0.2682013237425507				
HCC1143	endpoint_label_permutation	1777		-0.0502741752602433				
HCC1143	endpoint_label_permutation	1778		-0.0113469790814156				
HCC1143	endpoint_label_permutation	1779		-0.1456105162505103				
HCC1143	endpoint_label_permutation	1780		-0.0610239449163212				
HCC1143	endpoint_label_permutation	1781		0.2893751124590678				
HCC1143	endpoint_label_permutation	1782		-0.0465280434103979				
HCC1143	endpoint_label_permutation	1783		-0.0427276197946128				
HCC1143	endpoint_label_permutation	1784		-0.0834464442494535				
HCC1143	endpoint_label_permutation	1785		-0.0346381466695844				
HCC1143	endpoint_label_permutation	1786		-0.0487540058139292				
HCC1143	endpoint_label_permutation	1787		0.2450730314522011				
HCC1143	endpoint_label_permutation	1788		-0.1368695419342045				
HCC1143	endpoint_label_permutation	1789		0.1652098437547736				
HCC1143	endpoint_label_permutation	1790		-0.2340518029664242				
HCC1143	endpoint_label_permutation	1791		0.0491340481755077				
HCC1143	endpoint_label_permutation	1792		-0.1259568969803071				
HCC1143	endpoint_label_permutation	1793		0.0237797934816269				
HCC1143	endpoint_label_permutation	1794		-0.2064715858690122				
HCC1143	endpoint_label_permutation	1795		-0.0059720942533766				
HCC1143	endpoint_label_permutation	1796		-0.0913730420766625				
HCC1143	endpoint_label_permutation	1797		0.0489168811117486				
HCC1143	endpoint_label_permutation	1798		0.0161246544841169				
HCC1143	endpoint_label_permutation	1799		0.0811118983140426				
HCC1143	endpoint_label_permutation	1800		0.0641728673408289				
HCC1143	endpoint_label_permutation	1801		0.2753678368466026				
HCC1143	endpoint_label_permutation	1802		0.1169987556002422				
HCC1143	endpoint_label_permutation	1803		0.0515771776427982				
HCC1143	endpoint_label_permutation	1804		0.122916558087679				
HCC1143	endpoint_label_permutation	1805		-0.1882838442791833				
HCC1143	endpoint_label_permutation	1806		0.1430045114854004				
HCC1143	endpoint_label_permutation	1807		0.0301319300965821				
HCC1143	endpoint_label_permutation	1808		0.1180845909190379				
HCC1143	endpoint_label_permutation	1809		0.1123839554953603				
HCC1143	endpoint_label_permutation	1810		-0.1102122848577688				
HCC1143	endpoint_label_permutation	1811		0.0869754090355397				
HCC1143	endpoint_label_permutation	1812		0.2218904473959118				
HCC1143	endpoint_label_permutation	1813		-0.0118898967408134				
HCC1143	endpoint_label_permutation	1814		0.0456050833894215				
HCC1143	endpoint_label_permutation	1815		-0.1453390574208113				
HCC1143	endpoint_label_permutation	1816		0.0510342599834003				
HCC1143	endpoint_label_permutation	1817		0.1396384219971336				
HCC1143	endpoint_label_permutation	1818		0.1056517765188266				
HCC1143	endpoint_label_permutation	1819		0.2469732432600937				
HCC1143	endpoint_label_permutation	1820		0.2123350965905092				
HCC1143	endpoint_label_permutation	1821		0.1299201958939117				
HCC1143	endpoint_label_permutation	1822		0.039090071476647				
HCC1143	endpoint_label_permutation	1823		-0.0002171670637591				
HCC1143	endpoint_label_permutation	1824		-0.0450078739640839				
HCC1143	endpoint_label_permutation	1825		0.068244749786313				
HCC1143	endpoint_label_permutation	1826		0.2153754354831373				
HCC1143	endpoint_label_permutation	1827		0.113469790814156				
HCC1143	endpoint_label_permutation	1828		0.2311200476056757				
HCC1143	endpoint_label_permutation	1829		-0.1314403653402257				
HCC1143	endpoint_label_permutation	1830		-0.1417558008687854				
HCC1143	endpoint_label_permutation	1831		0.2106520518463757				
HCC1143	endpoint_label_permutation	1832		-0.2356262641786781				
HCC1143	endpoint_label_permutation	1833		0.122427932194221				
HCC1143	endpoint_label_permutation	1834		0.1578261635869625				
HCC1143	endpoint_label_permutation	1835		-0.2086975482725434				
HCC1143	endpoint_label_permutation	1836		0.0266572570764357				
HCC1143	endpoint_label_permutation	1837		0.0490254646436281				
HCC1143	endpoint_label_permutation	1838		-0.192952936150005				
HCC1143	endpoint_label_permutation	1839		0.070525003955784				
HCC1143	endpoint_label_permutation	1840		0.0580378977896329				
HCC1143	endpoint_label_permutation	1841		-0.1136869578779151				
HCC1143	endpoint_label_permutation	1842		0.2103805930166769				
HCC1143	endpoint_label_permutation	1843		0.2901351971822248				
HCC1143	endpoint_label_permutation	1844		0.1142841673032528				
HCC1143	endpoint_label_permutation	1845		-0.0111841037835962				
HCC1143	endpoint_label_permutation	1846		-0.1315489488721053				
HCC1143	endpoint_label_permutation	1847		-0.1036972729449942				
HCC1143	endpoint_label_permutation	1848		-0.0637928249792504				
HCC1143	endpoint_label_permutation	1849		0.0565177283433188				
HCC1143	endpoint_label_permutation	1850		-0.1235680592789565				
HCC1143	endpoint_label_permutation	1851		0.122427932194221				
HCC1143	endpoint_label_permutation	1852		-0.1211249298116661				
HCC1143	endpoint_label_permutation	1853		0.1486508551431384				
HCC1143	endpoint_label_permutation	1854		-0.0476138787291937				
HCC1143	endpoint_label_permutation	1855		0.0952820492243272				
HCC1143	endpoint_label_permutation	1856		-0.0971279692662799				
HCC1143	endpoint_label_permutation	1857		-0.0834464442494535				
HCC1143	endpoint_label_permutation	1858		0.093273253884555				
HCC1143	endpoint_label_permutation	1859		0.0422932856670945				
HCC1143	endpoint_label_permutation	1860		-0.1382811278486389				
HCC1143	endpoint_label_permutation	1861		0.1725392321566449				
HCC1143	endpoint_label_permutation	1862		0.1627124225215433				
HCC1143	endpoint_label_permutation	1863		0.0709050463173625				
HCC1143	endpoint_label_permutation	1864		0.1962647338723321				
HCC1143	endpoint_label_permutation	1865		-0.0713936722108206				
HCC1143	endpoint_label_permutation	1866		0.0119441885067532				
HCC1143	endpoint_label_permutation	1867		-0.0143330262081039				
HCC1143	endpoint_label_permutation	1868		-0.0101525602307402				
HCC1143	endpoint_label_permutation	1869		0.0508170929196411				
HCC1143	endpoint_label_permutation	1870		0.1545143658646354				
HCC1143	endpoint_label_permutation	1871		0.1236223510448963				
HCC1143	endpoint_label_permutation	1872		0.2047885411248787				
HCC1143	endpoint_label_permutation	1873		-0.118844675642195				
HCC1143	endpoint_label_permutation	1874		-0.1240566851724146				
HCC1143	endpoint_label_permutation	1875		-0.2237906592038044				
HCC1143	endpoint_label_permutation	1876		0.0826863595262965				
HCC1143	endpoint_label_permutation	1877		0.2344318453280028				
HCC1143	endpoint_label_permutation	1878		-0.1110809531128054				
HCC1143	endpoint_label_permutation	1879		0.0992453481379317				
HCC1143	endpoint_label_permutation	1880		0.2017482022322506				
HCC1143	endpoint_label_permutation	1881		-0.068733375679771				
HCC1143	endpoint_label_permutation	1882		0.0295347206712444				
HCC1143	endpoint_label_permutation	1883		0.0642271591067687				
HCC1143	endpoint_label_permutation	1884		0.0190564098448654				
HCC1143	endpoint_label_permutation	1885		-0.0938704633098927				
HCC1143	endpoint_label_permutation	1886		0.2737933756343488				
HCC1143	endpoint_label_permutation	1887		-0.1938758961709814				
HCC1143	endpoint_label_permutation	1888		-0.2067430446987111				
HCC1143	endpoint_label_permutation	1889		-0.1536999893755386				
HCC1143	endpoint_label_permutation	1890		-0.1612465448411691				
HCC1143	endpoint_label_permutation	1891		-0.182474625323626				
HCC1143	endpoint_label_permutation	1892		0.1432759703150994				
HCC1143	endpoint_label_permutation	1893		0.1527227375886224				
HCC1143	endpoint_label_permutation	1894		0.0880612443543354				
HCC1143	endpoint_label_permutation	1895		-0.1750909451558149				
HCC1143	endpoint_label_permutation	1896		-0.1592920412673368				
HCC1143	endpoint_label_permutation	1897		0.0222053322693731				
HCC1143	endpoint_label_permutation	1898		0.0764970982091607				
HCC1143	endpoint_label_permutation	1899		0.0647157850002268				
HCC1143	endpoint_label_permutation	1900		0.1999022821902978				
HCC1143	endpoint_label_permutation	1901		-0.1114067037084441				
HCC1143	endpoint_label_permutation	1902		-0.0241055440772656				
HCC1143	endpoint_label_permutation	1903		-0.0076008472315702				
HCC1143	endpoint_label_permutation	1904		-0.111949621367842				
HCC1143	endpoint_label_permutation	1905		-0.2064172941030724				
HCC1143	endpoint_label_permutation	1906		0.1009826846480049				
HCC1143	endpoint_label_permutation	1907		0.3103860258777656				
HCC1143	endpoint_label_permutation	1908		0.1297573205960923				
HCC1143	endpoint_label_permutation	1909		0.060046693129405				
HCC1143	endpoint_label_permutation	1910		-0.0257885888213991				
HCC1143	endpoint_label_permutation	1911		0.2655410272115011				
HCC1143	endpoint_label_permutation	1912		0.0302405136284616				
HCC1143	endpoint_label_permutation	1913		0.0445192480706258				
HCC1143	endpoint_label_permutation	1914		0.1380639607848798				
HCC1143	endpoint_label_permutation	1915		-0.0870297008014795				
HCC1143	endpoint_label_permutation	1916		0.1065204447738632				
HCC1143	endpoint_label_permutation	1917		-0.0178619909941901				
HCC1143	endpoint_label_permutation	1918		-0.049839841132725				
HCC1143	endpoint_label_permutation	1919		-0.0153102779950201				
HCC1143	endpoint_label_permutation	1920		-0.1655898861163521				
HCC1143	endpoint_label_permutation	1921		-0.0138986920805856				
HCC1143	endpoint_label_permutation	1922		0.0407731162207804				
HCC1143	endpoint_label_permutation	1923		-0.0870839925674192				
HCC1143	endpoint_label_permutation	1924		0.3020793856889781				
HCC1143	endpoint_label_permutation	1925		-0.0365926502434168				
HCC1143	endpoint_label_permutation	1926		-0.1538085729074182				
HCC1143	endpoint_label_permutation	1927		0.0181877415898288				
HCC1143	endpoint_label_permutation	1928		0.0115641461451747				
HCC1143	endpoint_label_permutation	1929		0.0928932115229765				
HCC1143	endpoint_label_permutation	1930		-0.0623812390648159				
HCC1143	endpoint_label_permutation	1931		-0.1273141911288018				
HCC1143	endpoint_label_permutation	1932		0.2423584431552117				
HCC1143	endpoint_label_permutation	1933		-0.0564091448114392				
HCC1143	endpoint_label_permutation	1934		0.1150442520264098				
HCC1143	endpoint_label_permutation	1935		0.0548346835991854				
HCC1143	endpoint_label_permutation	1936		-0.2086975482725434				
HCC1143	endpoint_label_permutation	1937		-0.037569902030333				
HCC1143	endpoint_label_permutation	1938		0.2505022080461799				
HCC1143	endpoint_label_permutation	1939		-0.2225419485871893				
HCC1143	endpoint_label_permutation	1940		0.0473967116654345				
HCC1143	endpoint_label_permutation	1941		-0.2290569604999638				
HCC1143	endpoint_label_permutation	1942		-0.208046047081266				
HCC1143	endpoint_label_permutation	1943		-0.2938813290320702				
HCC1143	endpoint_label_permutation	1944		0.09967968226545				
HCC1143	endpoint_label_permutation	1945		-0.2177099814185482				
HCC1143	endpoint_label_permutation	1946		-0.100168308158908				
HCC1143	endpoint_label_permutation	1947		-0.2060372517414939				
HCC1143	endpoint_label_permutation	1948		-0.1774254910912258				
HCC1143	endpoint_label_permutation	1949		-0.0115098543792349				
HCC1143	endpoint_label_permutation	1950		-0.0975623033937982				
HCC1143	endpoint_label_permutation	1951		-0.2457788244094183				
HCC1143	endpoint_label_permutation	1952		0.1188989674081348				
HCC1143	endpoint_label_permutation	1953		0.1748737780920558				
HCC1143	endpoint_label_permutation	1954		0.1530484881842612				
HCC1143	endpoint_label_permutation	1955		-0.0957706751177853				
HCC1143	endpoint_label_permutation	1956		0.1533742387798999				
HCC1143	endpoint_label_permutation	1957		0.0643357426386482				
HCC1143	endpoint_label_permutation	1958		-0.0034203812542066				
HCC1143	endpoint_label_permutation	1959		-0.0710679216151819				
HCC1143	endpoint_label_permutation	1960		-0.1035343976471749				
HCC1143	endpoint_label_permutation	1961		0.0701449615942055				
HCC1143	endpoint_label_permutation	1962		-0.0664531215103				
HCC1143	endpoint_label_permutation	1963		-0.0292089700756057				
HCC1143	endpoint_label_permutation	1964		-0.1330691183184193				
HCC1143	endpoint_label_permutation	1965		-0.142353010294123				
HCC1143	endpoint_label_permutation	1966		0.0551061424288844				
HCC1143	endpoint_label_permutation	1967		0.0740539687418702				
HCC1143	endpoint_label_permutation	1968		0.1054346094550674				
HCC1143	endpoint_label_permutation	1969		-0.1641240084359778				
HCC1143	endpoint_label_permutation	1970		0.2584830976393287				
HCC1143	endpoint_label_permutation	1971		-0.0431076621561913				
HCC1143	endpoint_label_permutation	1972		0.0455507916234817				
HCC1143	endpoint_label_permutation	1973		0.008415223720667				
HCC1143	endpoint_label_permutation	1974		0.3733644743679192				
HCC1143	endpoint_label_permutation	1975		-0.2020739528278894				
HCC1143	endpoint_label_permutation	1976		0.0204679957592999				
HCC1143	endpoint_label_permutation	1977		-0.1888267619385812				
HCC1143	endpoint_label_permutation	1978		0.1371952925298432				
HCC1143	endpoint_label_permutation	1979		-0.1589119989057582				
HCC1143	endpoint_label_permutation	1980		-0.2367663912634136				
HCC1143	endpoint_label_permutation	1981		-0.0494055070052067				
HCC1143	endpoint_label_permutation	1982		-0.0934904209483142				
HCC1143	endpoint_label_permutation	1983		0.1186275085784358				
HCC1143	endpoint_label_permutation	1984		-0.1755252792833332				
HCC1143	endpoint_label_permutation	1985		-0.0361583161158985				
HCC1143	endpoint_label_permutation	1986		0.2874206088852354				
HCC1143	endpoint_label_permutation	1987		-0.0007057929572172				
HCC1143	endpoint_label_permutation	1988		0.0255171299917001				
HCC1143	endpoint_label_permutation	1989		-0.0820891501009588				
HCC1143	endpoint_label_permutation	1990		0.0335523113507887				
HCC1143	endpoint_label_permutation	1991		-0.0544003494716671				
HCC1143	endpoint_label_permutation	1992		-0.2864433570983192				
HCC1143	endpoint_label_permutation	1993		-0.0638471167451902				
HCC1143	endpoint_label_permutation	1994		0.066941747403758				
HCC1143	endpoint_label_permutation	1995		0.134426412466914				
HCC1143	endpoint_label_permutation	1996		0.1176502567915196				
HCC1143	endpoint_label_permutation	1997		0.0497855493667852				
HCC1143	endpoint_label_permutation	1998		0.2060915435074337				
HCC1143	endpoint_label_permutation	1999		0.0312177654153778				
