category	path	suffix	bytes	rows	columns	sha256
configs	configs/manuscript/extended_data_figures_v1.json	json	2653			4c5e084ff02b33d937325a5c8b45e9cb2b8b8c00b1567c2561925908c87ae669
configs	configs/manuscript/main_figures_v2.json	json	1365			ac765461125b5732d9abcca5cd96d6fe59662671efbcbe8bcb8b22f25ec21a3d
configs	configs/manuscript/submission_package_v1.json	json	2475			8c7d51f9ac1017759a91b11aa27e3070d6dd379871599d61cf6b7231d7fba408
configs	configs/manuscript/supplementary_tables_v1.json	json	6806			24bb13f57777da95c66fa9ef2577f130a4d8570b15af6f72a38f6c35a278c3a6
extended_data_figures	reports/manuscript_extended_data_v1/edfig10_reproducibility/edfig10.pdf	pdf	32602			016752d3288372b6fa0a8707e3e1dd275b1b88dd7808b4b84f2485345af816b7
extended_data_figures	reports/manuscript_extended_data_v1/edfig10_reproducibility/edfig10.png	png	566480			df5c4c91018592be83964cf38250319e25c898683f2abff8e5e9638571067b2c
extended_data_figures	reports/manuscript_extended_data_v1/edfig10_reproducibility/edfig10_panel_manifest.json	json	5867			9a9d0dd33531394bd4f2ca4137ca392e5bc8a0fb383926095cdd07c1c8caa80d
extended_data_figures	reports/manuscript_extended_data_v1/edfig10_reproducibility/edfig10_source_data.tsv	tsv	10221	66.0	29.0	57222c7c320259421367906bfbf4d7dd0b34ff152a2ddb1be1029257d94a44bf
extended_data_figures	reports/manuscript_extended_data_v1/edfig10_reproducibility/panels/edfig10_panela.pdf	pdf	15438			a893b6f5308af11ee726b5c5dfa849d3f5c6bde390202304c34a0e3dc3c97bd2
extended_data_figures	reports/manuscript_extended_data_v1/edfig10_reproducibility/panels/edfig10_panela.png	png	36323			eb1558fb71062affa219b9f088714d7d8f16295ffe68420085c7af92a29acb81
extended_data_figures	reports/manuscript_extended_data_v1/edfig10_reproducibility/panels/edfig10_panela_manifest.json	json	4148			6449e19dd257e8f26d935a2839aab1b92b74f37380a054086dc24f7db56633d2
extended_data_figures	reports/manuscript_extended_data_v1/edfig10_reproducibility/panels/edfig10_panela_source_data.tsv	tsv	1605	6.0	8.0	2340b47fa0cf3009a715021469f3e1dfef116a342af22cf5be9acc20ef73267c
extended_data_figures	reports/manuscript_extended_data_v1/edfig10_reproducibility/panels/edfig10_panelb.pdf	pdf	17331			cc7186efa228cdc4d812662155240a3ca5872e62be77e8947c9b2f07b388e23b
extended_data_figures	reports/manuscript_extended_data_v1/edfig10_reproducibility/panels/edfig10_panelb.png	png	78838			c167da55b85680e0ff1607fc7627e4d9dc1a441d3803980e247e78083aca5836
extended_data_figures	reports/manuscript_extended_data_v1/edfig10_reproducibility/panels/edfig10_panelb_manifest.json	json	4145			887112fd5cd35472238788f9280f4892e0a859a3fd8496485477230e8f864f09
extended_data_figures	reports/manuscript_extended_data_v1/edfig10_reproducibility/panels/edfig10_panelb_source_data.tsv	tsv	1093	10.0	6.0	6fb8f0687f4009261e94ef395f1cd8c7899db6fd53df42ca8da1e722b64bdd39
extended_data_figures	reports/manuscript_extended_data_v1/edfig10_reproducibility/panels/edfig10_panelc.pdf	pdf	14699			0335d97641c4fc9c838d2136c75a0c4c6f56160ed59ac1475a9cd08a63912c79
extended_data_figures	reports/manuscript_extended_data_v1/edfig10_reproducibility/panels/edfig10_panelc.png	png	25330			b4eae0a7d9b71c98e1a527a9418d83707725248d50bd9ced68f5f835eaace0c2
extended_data_figures	reports/manuscript_extended_data_v1/edfig10_reproducibility/panels/edfig10_panelc_manifest.json	json	4132			893851807f117c4c6f1b7ee4eae3e4a9ebd4bffe8f4b4a7e1110962a42c208a3
extended_data_figures	reports/manuscript_extended_data_v1/edfig10_reproducibility/panels/edfig10_panelc_source_data.tsv	tsv	65	3.0	3.0	204d15003a145951c13f88751f6dafbb07964c6150fec37c69e8fc412d9bbcf2
extended_data_figures	reports/manuscript_extended_data_v1/edfig10_reproducibility/panels/edfig10_paneld.pdf	pdf	16974			d9881895159ce0be271ead0e0eda43cafd563c46df5cd3b5242f5734cd127c03
extended_data_figures	reports/manuscript_extended_data_v1/edfig10_reproducibility/panels/edfig10_paneld.png	png	97970			9d9c0041ea0c037bd381729380830d31e6972944f112dc6fba0aa15fdaa606b5
extended_data_figures	reports/manuscript_extended_data_v1/edfig10_reproducibility/panels/edfig10_paneld_manifest.json	json	4138			7c70890da4d74b68f6cf4dad9a3159806c7ec6681271ac2b3fa06ff391fa85fd
extended_data_figures	reports/manuscript_extended_data_v1/edfig10_reproducibility/panels/edfig10_paneld_source_data.tsv	tsv	347	14.0	2.0	b10cf574642a7422b12a434ed1dd11443d4bcba6c573ceffa3f3944d649e52cc
extended_data_figures	reports/manuscript_extended_data_v1/edfig10_reproducibility/panels/edfig10_panele.pdf	pdf	20757			751cd0a3f187e11e6e3adb5527f509f28021c2b57c03940f4164b4c2d69f19ec
extended_data_figures	reports/manuscript_extended_data_v1/edfig10_reproducibility/panels/edfig10_panele.png	png	71229			afdc2d5c03d0fda028975c64f91fbc40bd0f732c6e01ea001a3d83c8696bc6bf
extended_data_figures	reports/manuscript_extended_data_v1/edfig10_reproducibility/panels/edfig10_panele_manifest.json	json	4134			6f350f3aa288d932a26c0880fcf3f927d784e08a702851a44001b2bab75b5c6f
extended_data_figures	reports/manuscript_extended_data_v1/edfig10_reproducibility/panels/edfig10_panele_source_data.tsv	tsv	2146	9.0	4.0	102a13353975a89e5cfbbb9b137dc1532ba6b4f9ff9625b9e0eec220d3486141
extended_data_figures	reports/manuscript_extended_data_v1/edfig10_reproducibility/panels/edfig10_panelf.pdf	pdf	18665			a420bea14567624aa9297fb4c369d6f98c252a0b7bccdba6dbb7094593c6b69b
extended_data_figures	reports/manuscript_extended_data_v1/edfig10_reproducibility/panels/edfig10_panelf.png	png	66955			9fe6837ca1d1aa347948b0cefdcbc3c493c9160d4f568b31cec1cb7214a8e769
extended_data_figures	reports/manuscript_extended_data_v1/edfig10_reproducibility/panels/edfig10_panelf_manifest.json	json	4138			444a4b13a13cbd2b7b3497e0cc1b8cd18380b58b044cc4ba6ade5b294e6292f6
extended_data_figures	reports/manuscript_extended_data_v1/edfig10_reproducibility/panels/edfig10_panelf_source_data.tsv	tsv	464	3.0	4.0	9035c3a777f016a93191c7585ae0819d380c4fe7d122da0d9e247f9ceba1622b
extended_data_figures	reports/manuscript_extended_data_v1/edfig10_reproducibility/panels/edfig10_panelg.pdf	pdf	18248			899bfc5117af23c81c47f594c822ca626f8d3277231383a01f452e3a983b724b
extended_data_figures	reports/manuscript_extended_data_v1/edfig10_reproducibility/panels/edfig10_panelg.png	png	82316			d0f4f0486a5181489584b061fa6b809a9bffdedc209b56aee3e9fd230b56d6a6
extended_data_figures	reports/manuscript_extended_data_v1/edfig10_reproducibility/panels/edfig10_panelg_manifest.json	json	4137			e66ae9eef167a3647d3a9cbb0286da503f80172268f30826b9e0538bae55b7b4
extended_data_figures	reports/manuscript_extended_data_v1/edfig10_reproducibility/panels/edfig10_panelg_source_data.tsv	tsv	2331	17.0	4.0	4a858ded93fd33a960227c29abbded734a0561e68160c7e639c4e76fdd0bd36a
extended_data_figures	reports/manuscript_extended_data_v1/edfig10_reproducibility/panels/edfig10_panelh.pdf	pdf	21104			5e57ee1cd5a6f3d7721013efe3ffc52deb6400011e40df09e5dade87c829501b
extended_data_figures	reports/manuscript_extended_data_v1/edfig10_reproducibility/panels/edfig10_panelh.png	png	94783			a94a081bfa1427cd9ab2ac344253463a022a526415d0ccd56363f67725e26806
extended_data_figures	reports/manuscript_extended_data_v1/edfig10_reproducibility/panels/edfig10_panelh_manifest.json	json	4133			3cab36627e5e2820ec0c29d09b51ce5dc90cc3b1bcf6cc70e5a43d7ea7bf09d4
extended_data_figures	reports/manuscript_extended_data_v1/edfig10_reproducibility/panels/edfig10_panelh_source_data.tsv	tsv	361	4.0	3.0	9040a5b1319ee4c683c144a3fcf432189642c402e29f889117f17abcdb6632d6
extended_data_figures	reports/manuscript_extended_data_v1/edfig1_dataset_endpoint_admission/edfig1.pdf	pdf	34608			39829bcaa44eb5e41ecee0265dbe24eed69fc7c0d2ceac991831183365a31466
extended_data_figures	reports/manuscript_extended_data_v1/edfig1_dataset_endpoint_admission/edfig1.png	png	340630			706d2014b8843b1bd3c359e8720e2a61cbef921c1b43f93510611253b23b0503
extended_data_figures	reports/manuscript_extended_data_v1/edfig1_dataset_endpoint_admission/edfig1_panel_manifest.json	json	4602			50a0a99d9568eb1d6990f3df83cd8243bab9252bc30e4dee7d93b3077e0b940d
extended_data_figures	reports/manuscript_extended_data_v1/edfig1_dataset_endpoint_admission/edfig1_source_data.tsv	tsv	5237	25.0	34.0	476b63a31adb737084e9b63a95fcc5f2fb2b24681e3cbfc0fbb4ca470dc031a5
extended_data_figures	reports/manuscript_extended_data_v1/edfig1_dataset_endpoint_admission/panels/edfig1_panela.pdf	pdf	13840			7db8c3c94a8a819a7d2aa181cfe28b6e71d59ccab8c65c236755a9199fdb404c
extended_data_figures	reports/manuscript_extended_data_v1/edfig1_dataset_endpoint_admission/panels/edfig1_panela.png	png	41107			76c25dca26b85e23324e612af55e8ad7433dc944eb8cb9484895f7dea8748ebb
extended_data_figures	reports/manuscript_extended_data_v1/edfig1_dataset_endpoint_admission/panels/edfig1_panela_manifest.json	json	2831			02e849a116adb08165a5e0b4cd92fa7477a0688ef52f40a0f07c2454ce13886e
extended_data_figures	reports/manuscript_extended_data_v1/edfig1_dataset_endpoint_admission/panels/edfig1_panela_source_data.tsv	tsv	843	2.0	11.0	bb6975d09e87031bba4cec001f455ea9c4b46020864a663aa012f2a181b6352f
extended_data_figures	reports/manuscript_extended_data_v1/edfig1_dataset_endpoint_admission/panels/edfig1_panelb.pdf	pdf	11018			77ff14b6710298d1db099dc78a49b68efbdb1a0126b94e0c9044aef7b1fdb863
extended_data_figures	reports/manuscript_extended_data_v1/edfig1_dataset_endpoint_admission/panels/edfig1_panelb.png	png	27941			a2528d9fd84f6266ec1e2db4f7befd34ecc325547dcbb6d1995a189b2922d36c
extended_data_figures	reports/manuscript_extended_data_v1/edfig1_dataset_endpoint_admission/panels/edfig1_panelb_manifest.json	json	2825			6104ab2e0ecd2093e55dcd009d144fc30d08b8423bb5e88d7e89d808fa1ba057
extended_data_figures	reports/manuscript_extended_data_v1/edfig1_dataset_endpoint_admission/panels/edfig1_panelb_source_data.tsv	tsv	145	2.0	6.0	dfaecb448fe8fe02880827cfc7598a9e22eccb71eaf12e8bc728cd57e662cd9a
extended_data_figures	reports/manuscript_extended_data_v1/edfig1_dataset_endpoint_admission/panels/edfig1_panelc.pdf	pdf	17843			31c226fcdf1ba8f05dccdf4010ce8acd795684aaffcfd5be27143877dd3dadff
extended_data_figures	reports/manuscript_extended_data_v1/edfig1_dataset_endpoint_admission/panels/edfig1_panelc.png	png	40939			ce48fe4d293a92f2eb059fa642ecd2ef3a9d7ad882289f7d254c86c26650abb8
extended_data_figures	reports/manuscript_extended_data_v1/edfig1_dataset_endpoint_admission/panels/edfig1_panelc_manifest.json	json	2833			0841d4246c753271bc278f4a0ef620968b215f230e847a68eba48341a3144aae
extended_data_figures	reports/manuscript_extended_data_v1/edfig1_dataset_endpoint_admission/panels/edfig1_panelc_source_data.tsv	tsv	381	8.0	2.0	859f3aae3e34b4a8cffa08eb1f3e1070087bbc4cc64803c2535e8cf505ff99c4
extended_data_figures	reports/manuscript_extended_data_v1/edfig1_dataset_endpoint_admission/panels/edfig1_paneld.pdf	pdf	18601			19ca16c6e28efefad4729cf97ef634510633f4a7195b2fa7ec78ac1b764c5a5a
extended_data_figures	reports/manuscript_extended_data_v1/edfig1_dataset_endpoint_admission/panels/edfig1_paneld.png	png	44129			be825574cb733660fd51fb29a247ba1dc70193635fcb87269eafc4e77a1d2885
extended_data_figures	reports/manuscript_extended_data_v1/edfig1_dataset_endpoint_admission/panels/edfig1_paneld_manifest.json	json	2834			41e603e8ae77cb17dd9ac7ff92a39dc54568148ae1e2b07625dffa86b1c9ef6b
extended_data_figures	reports/manuscript_extended_data_v1/edfig1_dataset_endpoint_admission/panels/edfig1_paneld_source_data.tsv	tsv	1512	3.0	9.0	02c68160d4499b77b2eb6b23b01ae8d43d1d2e54c725dae51d14da5a85afd983
extended_data_figures	reports/manuscript_extended_data_v1/edfig1_dataset_endpoint_admission/panels/edfig1_panele.pdf	pdf	17400			162cabc84dcba2fbdc37a35db3d27772ed16dc6b34c8605536b94a0b59f1b76f
extended_data_figures	reports/manuscript_extended_data_v1/edfig1_dataset_endpoint_admission/panels/edfig1_panele.png	png	37016			ed7b4ce8ee873fa04bf8c975be6e5e9f186da29e8c452e5ed3a936706f784e10
extended_data_figures	reports/manuscript_extended_data_v1/edfig1_dataset_endpoint_admission/panels/edfig1_panele_manifest.json	json	2836			09a3da298275e11e2dfbecfa25c5b5075aa284097d2b44088fd254baf55e69aa
extended_data_figures	reports/manuscript_extended_data_v1/edfig1_dataset_endpoint_admission/panels/edfig1_panele_source_data.tsv	tsv	174	3.0	3.0	14ea813abf1aecdd3b4cf94578ea2af6909738912031961faa6f5d7ecb8efd3f
extended_data_figures	reports/manuscript_extended_data_v1/edfig1_dataset_endpoint_admission/panels/edfig1_panelf.pdf	pdf	15244			5b74789ee4ce354b097f4fa1d58cc3292939714a8d70ef3cdd1d1dfb8a6cae28
extended_data_figures	reports/manuscript_extended_data_v1/edfig1_dataset_endpoint_admission/panels/edfig1_panelf.png	png	75063			c39597447a94e761f71cf5708021fa5666f4f1bafa431b6f80ddbc9779d2fb11
extended_data_figures	reports/manuscript_extended_data_v1/edfig1_dataset_endpoint_admission/panels/edfig1_panelf_manifest.json	json	2833			f80a407bf36eac85f5ccb6d378528eda8804892a370baf5f55600183db605c63
extended_data_figures	reports/manuscript_extended_data_v1/edfig1_dataset_endpoint_admission/panels/edfig1_panelf_source_data.tsv	tsv	99	2.0	4.0	9c62693accd21c7befb890c201a6b19de8323037fc6fbc4dc3aead6f27ee8ce0
extended_data_figures	reports/manuscript_extended_data_v1/edfig1_dataset_endpoint_admission/panels/edfig1_panelg.pdf	pdf	14297			ea18540c15ceeb8045c535b13270a0260b2fcf8e53eeb0a770395793717c47ea
extended_data_figures	reports/manuscript_extended_data_v1/edfig1_dataset_endpoint_admission/panels/edfig1_panelg.png	png	39108			d9068abea6285567c3735d4e395e9de0e015e7ff4ab84d932e519c18912060f7
extended_data_figures	reports/manuscript_extended_data_v1/edfig1_dataset_endpoint_admission/panels/edfig1_panelg_manifest.json	json	2839			c0fe2b4061ae1446bed74517dce29c532aa4accc252b80c06e269977a06f58ae
extended_data_figures	reports/manuscript_extended_data_v1/edfig1_dataset_endpoint_admission/panels/edfig1_panelg_source_data.tsv	tsv	198	2.0	4.0	155c70c45e507148a50d49114bbf151c5def97bfb84b50a35b352fe9ebe42e69
extended_data_figures	reports/manuscript_extended_data_v1/edfig1_dataset_endpoint_admission/panels/edfig1_panelh.pdf	pdf	18092			369705209e3acaf3e345ff779a72ceba0f7fee912fb434567f1ff5841909313a
extended_data_figures	reports/manuscript_extended_data_v1/edfig1_dataset_endpoint_admission/panels/edfig1_panelh.png	png	39602			8e45ab15d39000f3d134d37d65fc89f68d4c8c259f2d3c519e7d1d7b563e17b0
extended_data_figures	reports/manuscript_extended_data_v1/edfig1_dataset_endpoint_admission/panels/edfig1_panelh_manifest.json	json	2826			7ed58668e6ea83092564581c3bea742ffd7382099962ea38c145f89bf252eb5f
extended_data_figures	reports/manuscript_extended_data_v1/edfig1_dataset_endpoint_admission/panels/edfig1_panelh_source_data.tsv	tsv	1344	3.0	9.0	99dacd2192faceb5578f27041c31116e8faf351f6b00a8c80bad73237823739b
extended_data_figures	reports/manuscript_extended_data_v1/edfig2_full_target_grid/edfig2.pdf	pdf	30255			9d89eb868f8071e5779050eccabb07f7121aba280f7ae0202e66d1fa8c08c017
extended_data_figures	reports/manuscript_extended_data_v1/edfig2_full_target_grid/edfig2.png	png	386398			285f47104971721e003625c5f3e61c50c2848e64357bbae6f0e10beab2cb3365
extended_data_figures	reports/manuscript_extended_data_v1/edfig2_full_target_grid/edfig2_panel_manifest.json	json	3950			68aadc363e873c696c15c38398c47d37705fd6bf00e2085729f97fc4ec0b8159
extended_data_figures	reports/manuscript_extended_data_v1/edfig2_full_target_grid/edfig2_source_data.tsv	tsv	63805	174.0	52.0	7433b6fc47ce64196f71598a8d2c4108cf26b5aedf2873428ddd8a6aaf04acd6
extended_data_figures	reports/manuscript_extended_data_v1/edfig2_full_target_grid/panels/edfig2_panela.pdf	pdf	16183			a5ecee869faed993b2cd69a7a7256761b2107c583b31dd896d49985f56fced90
extended_data_figures	reports/manuscript_extended_data_v1/edfig2_full_target_grid/panels/edfig2_panela.png	png	74722			ced6cebf5c3b6138f9c9e9a60aba22e0712bfecf008718ab533327847f02b083
extended_data_figures	reports/manuscript_extended_data_v1/edfig2_full_target_grid/panels/edfig2_panela_manifest.json	json	2258			93011c7154354695a3de62bd08a16d82ea331e26e2cbc8e192ceecb77b692604
extended_data_figures	reports/manuscript_extended_data_v1/edfig2_full_target_grid/panels/edfig2_panela_source_data.tsv	tsv	22809	47.0	39.0	9f61e435aa8054814726083d564199bea5d1339be5949e694816aa7a19c6d1cd
extended_data_figures	reports/manuscript_extended_data_v1/edfig2_full_target_grid/panels/edfig2_panelb.pdf	pdf	16422			1fca1a2b4b61e1b2217f32476947fb8c3a070f7252e84cfad42fb6f237dad662
extended_data_figures	reports/manuscript_extended_data_v1/edfig2_full_target_grid/panels/edfig2_panelb.png	png	67019			1d354b0464dee474743deacfc1cb9b98c30a91956fd91cf916f5f3d77b819629
extended_data_figures	reports/manuscript_extended_data_v1/edfig2_full_target_grid/panels/edfig2_panelb_manifest.json	json	2260			cfba79468732b84e94d9a4ddb2102944a18cd6746ec8a82f61f93b66e7d9da9c
extended_data_figures	reports/manuscript_extended_data_v1/edfig2_full_target_grid/panels/edfig2_panelb_source_data.tsv	tsv	22890	48.0	39.0	43c9720d60d413fe3cdced10b024a55a7fc7a522c917425d0120705ec85e3b2b
extended_data_figures	reports/manuscript_extended_data_v1/edfig2_full_target_grid/panels/edfig2_panelc.pdf	pdf	15245			4c3e83431f0eead8be087e614fcfe884117ac6ccee3b365819f2daf190e0aff0
extended_data_figures	reports/manuscript_extended_data_v1/edfig2_full_target_grid/panels/edfig2_panelc.png	png	60274			f19f3ad683c10c422dca01b5f40c7a59f53d6bcbd1c16043eda21d99b3151d76
extended_data_figures	reports/manuscript_extended_data_v1/edfig2_full_target_grid/panels/edfig2_panelc_manifest.json	json	2254			749f95e6f15e1e71f35e227cd1c4bb4bbaf7fa8f4182f51a93c33e6aabab0bbb
extended_data_figures	reports/manuscript_extended_data_v1/edfig2_full_target_grid/panels/edfig2_panelc_source_data.tsv	tsv	152	6.0	3.0	b24fb2498836d0a0267178a0de5468aaee6caa80cd777cbf84f7382b1112b534
extended_data_figures	reports/manuscript_extended_data_v1/edfig2_full_target_grid/panels/edfig2_paneld.pdf	pdf	17716			f8e159887a46258fbfa60e5f6fa70859bc2e2fcc37ff3a6455db93f904af99c4
extended_data_figures	reports/manuscript_extended_data_v1/edfig2_full_target_grid/panels/edfig2_paneld.png	png	58437			4a8435f53d3562a2d3de71728e959269a74cd88f25205ee3e54117a749876c4f
extended_data_figures	reports/manuscript_extended_data_v1/edfig2_full_target_grid/panels/edfig2_paneld_manifest.json	json	2258			e127b924636a783c1fa6622262fd65983b1aa69d5ec22972d152751fa3bf6315
extended_data_figures	reports/manuscript_extended_data_v1/edfig2_full_target_grid/panels/edfig2_paneld_source_data.tsv	tsv	9498	19.0	39.0	104c6b5cf91178591370ae0011bf413cb20f61b6bbc14517e053b72b7eaf8ceb
extended_data_figures	reports/manuscript_extended_data_v1/edfig2_full_target_grid/panels/edfig2_panele.pdf	pdf	11641			97f6b69e61e87d8715c660a7ece5dadb1c8147eb7da3142d65a9181c6c116104
extended_data_figures	reports/manuscript_extended_data_v1/edfig2_full_target_grid/panels/edfig2_panele.png	png	29429			9f91ca7134065aff846f972573a964d095dc94c078301964af244bcb2d9ecfab
extended_data_figures	reports/manuscript_extended_data_v1/edfig2_full_target_grid/panels/edfig2_panele_manifest.json	json	2250			4e6b7c66245540dd936b8eb4630c17234dd71604c371be71352f88a0fddb4da1
extended_data_figures	reports/manuscript_extended_data_v1/edfig2_full_target_grid/panels/edfig2_panele_source_data.tsv	tsv	722	0.0	39.0	660a2e1fb700715160065f1f9d161401ffd19a1071f6fab1b33e28188dad0528
extended_data_figures	reports/manuscript_extended_data_v1/edfig2_full_target_grid/panels/edfig2_panelf.pdf	pdf	11866			54b9bdfe4d68d11bc267b478e07fbe597a9c3c65f9e605e8b16596d1764bc951
extended_data_figures	reports/manuscript_extended_data_v1/edfig2_full_target_grid/panels/edfig2_panelf.png	png	30492			3834b3c1f55aec65110313a5b07e9db1ad7117f06b7929bd7accceb340c37fb4
extended_data_figures	reports/manuscript_extended_data_v1/edfig2_full_target_grid/panels/edfig2_panelf_manifest.json	json	2250			bb871b3ce227f7cdda45f8393f7d1a04a79dabe52640244e26c21dda12667171
extended_data_figures	reports/manuscript_extended_data_v1/edfig2_full_target_grid/panels/edfig2_panelf_source_data.tsv	tsv	722	0.0	39.0	660a2e1fb700715160065f1f9d161401ffd19a1071f6fab1b33e28188dad0528
extended_data_figures	reports/manuscript_extended_data_v1/edfig2_full_target_grid/panels/edfig2_panelg.pdf	pdf	14001			1de3982db1dcc0073f97663fa5186bbe4d49b3431ba85cf34081e541399e4a08
extended_data_figures	reports/manuscript_extended_data_v1/edfig2_full_target_grid/panels/edfig2_panelg.png	png	53636			b939cc10d60996c0d1ae1ab5f0d6a64bd210a36fa781b6aacd00835bfb720b46
extended_data_figures	reports/manuscript_extended_data_v1/edfig2_full_target_grid/panels/edfig2_panelg_manifest.json	json	2262			f3eabcb7063684e1bb44c1fbf76e76e4508ada1e3a16cd9af7342193c4b0ec4e
extended_data_figures	reports/manuscript_extended_data_v1/edfig2_full_target_grid/panels/edfig2_panelg_source_data.tsv	tsv	3321	48.0	5.0	64aded28f0734f0c9d7c48bf8392837d558f80766372408648a4e13a418afc82
extended_data_figures	reports/manuscript_extended_data_v1/edfig2_full_target_grid/panels/edfig2_panelh.pdf	pdf	15288			5e6aaded214769d17cef012f7b1cd76f2c8eb20d63b2307fd93069c740944933
extended_data_figures	reports/manuscript_extended_data_v1/edfig2_full_target_grid/panels/edfig2_panelh.png	png	76868			dfa03b01b927ab33fc9265b279245103d21f14cdd8ee9b490069321ec4ebab39
extended_data_figures	reports/manuscript_extended_data_v1/edfig2_full_target_grid/panels/edfig2_panelh_manifest.json	json	2255			55263fa482bf384c37d389eed99f8d6a6d4329e1e76869a7e3ea17677cf12dfd
extended_data_figures	reports/manuscript_extended_data_v1/edfig2_full_target_grid/panels/edfig2_panelh_source_data.tsv	tsv	769	6.0	9.0	721a09e055f1086629ea1bfd101a5fd776afd723971e538b70e336bc2079ecbd
extended_data_figures	reports/manuscript_extended_data_v1/edfig3_anchor_sensitivity/edfig3.pdf	pdf	28009			a17a38302948722eb9d01fe0519a61173b29425e4269f006de783396219c2003
extended_data_figures	reports/manuscript_extended_data_v1/edfig3_anchor_sensitivity/edfig3.png	png	388727			d243268672b2b2890ec29c842d2007524d09aa486c83724528a0ce4a103e15ea
extended_data_figures	reports/manuscript_extended_data_v1/edfig3_anchor_sensitivity/edfig3_panel_manifest.json	json	4395			dab2cd6a53d061f9bb343b5d6e6c842331805745bdb40f9fc4e9610761c40831
extended_data_figures	reports/manuscript_extended_data_v1/edfig3_anchor_sensitivity/edfig3_source_data.tsv	tsv	47697	301.0	41.0	083c460fbe8e68801d1634d8293c28846984411c3f9f25ae9ae1016ddced9395
extended_data_figures	reports/manuscript_extended_data_v1/edfig3_anchor_sensitivity/panels/edfig3_panela.pdf	pdf	17858			51c02304110dbfb35351a66f05aa3dca1d419d1c53a245e7a456ffd5166acd27
extended_data_figures	reports/manuscript_extended_data_v1/edfig3_anchor_sensitivity/panels/edfig3_panela.png	png	63990			2e066cc4702a3f7024cc82419c3ec3ff0a8128a19bdb096054aeebe4b7b2c077
extended_data_figures	reports/manuscript_extended_data_v1/edfig3_anchor_sensitivity/panels/edfig3_panela_manifest.json	json	2703			da570fc12cd3e2b4e1aa91e6911620224a287ecf81d021c4a7f87360e1027059
extended_data_figures	reports/manuscript_extended_data_v1/edfig3_anchor_sensitivity/panels/edfig3_panela_source_data.tsv	tsv	5817	48.0	11.0	cee54be09cb6499b6a0c236dcafeabc97aa1716655790cc3b222046867a1b5cb
extended_data_figures	reports/manuscript_extended_data_v1/edfig3_anchor_sensitivity/panels/edfig3_panelb.pdf	pdf	16055			46f9c99d05bb471150897be8671ee9efee9a5f97efac9a132c1119c6bb99e52d
extended_data_figures	reports/manuscript_extended_data_v1/edfig3_anchor_sensitivity/panels/edfig3_panelb.png	png	37026			4c999b0060c5f71babaf34735ad82e1c86aca0962fe419d19065a0f9e0d6c42f
extended_data_figures	reports/manuscript_extended_data_v1/edfig3_anchor_sensitivity/panels/edfig3_panelb_manifest.json	json	2690			f7ffdefa77d04db333bb238345a93464b15a40c4028cb0c3eeb1405988cd9f32
extended_data_figures	reports/manuscript_extended_data_v1/edfig3_anchor_sensitivity/panels/edfig3_panelb_source_data.tsv	tsv	5817	48.0	11.0	cee54be09cb6499b6a0c236dcafeabc97aa1716655790cc3b222046867a1b5cb
extended_data_figures	reports/manuscript_extended_data_v1/edfig3_anchor_sensitivity/panels/edfig3_panelc.pdf	pdf	17291			0d10ad85f1d9a14eaaa0de8967387894c3ac26194a28daa0c34f3f62300a9898
extended_data_figures	reports/manuscript_extended_data_v1/edfig3_anchor_sensitivity/panels/edfig3_panelc.png	png	34354			d37446dee656f4933ef87557b97d6cfaf223efe3fa964c6aae342fa79e5e8abf
extended_data_figures	reports/manuscript_extended_data_v1/edfig3_anchor_sensitivity/panels/edfig3_panelc_manifest.json	json	2701			52cc372f19970af5a10f364dc88aa8252569c38a630811d4066246bb55e0e338
extended_data_figures	reports/manuscript_extended_data_v1/edfig3_anchor_sensitivity/panels/edfig3_panelc_source_data.tsv	tsv	5720	74.0	5.0	0d9a10e3dbc65f82e13c2b73d70ba27ebfda5d809f9ed6c371d9b6297e0890d4
extended_data_figures	reports/manuscript_extended_data_v1/edfig3_anchor_sensitivity/panels/edfig3_paneld.pdf	pdf	15127			76dc4c88dce565c7b035f01e495e0e008a10e25fb1182ac5a66ba0970cb617d9
extended_data_figures	reports/manuscript_extended_data_v1/edfig3_anchor_sensitivity/panels/edfig3_paneld.png	png	41851			8d31b123caae6dcab01f49880301f8348f320f466e2c7f4f9928c1acfa3bdcd2
extended_data_figures	reports/manuscript_extended_data_v1/edfig3_anchor_sensitivity/panels/edfig3_paneld_manifest.json	json	2695			939bd6b677b7a219f7c631cecc2ab46be3253aa69996eac19b9b07c5daa03def
extended_data_figures	reports/manuscript_extended_data_v1/edfig3_anchor_sensitivity/panels/edfig3_paneld_source_data.tsv	tsv	6038	32.0	13.0	eea944d68458043931151ab09eb0684451640d8641532ef9e40918c46104dbe7
extended_data_figures	reports/manuscript_extended_data_v1/edfig3_anchor_sensitivity/panels/edfig3_panele.pdf	pdf	16162			e1669a6b3e7d5425aeb5ce113176e4dad22311e0333f86cb7f2694a578d3c754
extended_data_figures	reports/manuscript_extended_data_v1/edfig3_anchor_sensitivity/panels/edfig3_panele.png	png	41500			4e89e79d2b08a46e3ffda6c32b80160ae8fc50c1b677cf9b0359a79b2810ad5a
extended_data_figures	reports/manuscript_extended_data_v1/edfig3_anchor_sensitivity/panels/edfig3_panele_manifest.json	json	2695			ce192bc5f0b273c473e9e3a986b46d9cbfa32272e7d17efa4815c70fd34c8489
extended_data_figures	reports/manuscript_extended_data_v1/edfig3_anchor_sensitivity/panels/edfig3_panele_source_data.tsv	tsv	703	4.0	5.0	098b9ce811ed99575dd84c1c4c4c7a057884365425d65a320e270dfb36b43ef9
extended_data_figures	reports/manuscript_extended_data_v1/edfig3_anchor_sensitivity/panels/edfig3_panelf.pdf	pdf	15708			37c5c28db955bf12d899800fb5505b7d89ea485aae945b0b3ebeaa4aef63e595
extended_data_figures	reports/manuscript_extended_data_v1/edfig3_anchor_sensitivity/panels/edfig3_panelf.png	png	53630			4df70885e15a29d1db6a0c22193e5297bf0e50b6f26ed1fd1f45586de3f5e7e3
extended_data_figures	reports/manuscript_extended_data_v1/edfig3_anchor_sensitivity/panels/edfig3_panelf_manifest.json	json	2691			674a1853e0ec190d6266ef292275920166977ba0095c82d90fde64287e15b19f
extended_data_figures	reports/manuscript_extended_data_v1/edfig3_anchor_sensitivity/panels/edfig3_panelf_source_data.tsv	tsv	5720	74.0	5.0	0d9a10e3dbc65f82e13c2b73d70ba27ebfda5d809f9ed6c371d9b6297e0890d4
extended_data_figures	reports/manuscript_extended_data_v1/edfig3_anchor_sensitivity/panels/edfig3_panelg.pdf	pdf	16532			ecc921142d839666be37354f55741215c113ad50d6870c7d89eb8df686ac131c
extended_data_figures	reports/manuscript_extended_data_v1/edfig3_anchor_sensitivity/panels/edfig3_panelg.png	png	70435			bab719950ef479e31d06c69a21f88631b8bf5c3b6d5b4d72a1ba60166da0a5b2
extended_data_figures	reports/manuscript_extended_data_v1/edfig3_anchor_sensitivity/panels/edfig3_panelg_manifest.json	json	2685			2467f71b54f0ac2ea7a0ad62a2e34c273aa11a02cbeb699ff3b33205708cf6de
extended_data_figures	reports/manuscript_extended_data_v1/edfig3_anchor_sensitivity/panels/edfig3_panelg_source_data.tsv	tsv	703	4.0	5.0	098b9ce811ed99575dd84c1c4c4c7a057884365425d65a320e270dfb36b43ef9
extended_data_figures	reports/manuscript_extended_data_v1/edfig3_anchor_sensitivity/panels/edfig3_panelh.pdf	pdf	15990			ddb2806954d4e53bcfcb2428c1d8e39971d6ef469389507271bb9b0fe43d9713
extended_data_figures	reports/manuscript_extended_data_v1/edfig3_anchor_sensitivity/panels/edfig3_panelh.png	png	54762			6b0d2d41846e6a485c1d535727ad032ab4112a5165ff8d5b7ec42fd4fc4e6c75
extended_data_figures	reports/manuscript_extended_data_v1/edfig3_anchor_sensitivity/panels/edfig3_panelh_manifest.json	json	2687			359a7340baa9115d1b70ed3735a232a561d103924f4c93cd46f1bfaba709d19f
extended_data_figures	reports/manuscript_extended_data_v1/edfig3_anchor_sensitivity/panels/edfig3_panelh_source_data.tsv	tsv	6159	17.0	9.0	62327f0fc81574920d1e6e33b78abd8fc63b2ec05fa8cd9a6d1f88f84f7ec6a5
extended_data_figures	reports/manuscript_extended_data_v1/edfig4_model_detail/edfig4.pdf	pdf	26087			571b44af6a7ca2758d23a1442f1e571427555a53e7fc2a9e21a0a95b2598af3a
extended_data_figures	reports/manuscript_extended_data_v1/edfig4_model_detail/edfig4.png	png	320753			7dfae2d2e31d538f0fc5f2df76a0c7926d13e14fe89215bab83e07542759f4d1
extended_data_figures	reports/manuscript_extended_data_v1/edfig4_model_detail/edfig4_panel_manifest.json	json	3691			ded61f5a749d3d85509be0728c587129b04404dcc5cbaaff6ce05c13f44cda0c
extended_data_figures	reports/manuscript_extended_data_v1/edfig4_model_detail/edfig4_source_data.tsv	tsv	30582	101.0	23.0	5f1189948431e1ae80dc0bac5938587b192c72fe9c9c20e2569ece6355ead1e1
extended_data_figures	reports/manuscript_extended_data_v1/edfig4_model_detail/panels/edfig4_panela.pdf	pdf	18703			3e48031f4c83373486ee63b7d3c5e1cd6ffdd04a542c2aea16887d8a0e28f249
extended_data_figures	reports/manuscript_extended_data_v1/edfig4_model_detail/panels/edfig4_panela.png	png	105503			dad1cf5d2a5a45c2c2d55cc6283c7e80d78f39b55b49f3a6f510b842c4fe1d86
extended_data_figures	reports/manuscript_extended_data_v1/edfig4_model_detail/panels/edfig4_panela_manifest.json	json	2026			5d942af9d98fa42378dd23e60a76a82cd296a9c67f0a39b51565b597a8357dd8
extended_data_figures	reports/manuscript_extended_data_v1/edfig4_model_detail/panels/edfig4_panela_source_data.tsv	tsv	2040	13.0	8.0	169cc6e50d0e5d37f9433ecc922c9f684c765cb035872e7eb91c210c23561685
extended_data_figures	reports/manuscript_extended_data_v1/edfig4_model_detail/panels/edfig4_panelb.pdf	pdf	13291			3b2ddaf3ba5e191ed2aae70935cca8196d1852bb7ebf37e1890d8cf47adc3d1c
extended_data_figures	reports/manuscript_extended_data_v1/edfig4_model_detail/panels/edfig4_panelb.png	png	39432			7bb04841d54ff2649985f71d5bf548bbd8486b67f599b3b198b4b0202c0cf539
extended_data_figures	reports/manuscript_extended_data_v1/edfig4_model_detail/panels/edfig4_panelb_manifest.json	json	2027			b387b2a16f359fdc586b9abfc5aaaae0c28365bf170a44f7235c612f405ebb80
extended_data_figures	reports/manuscript_extended_data_v1/edfig4_model_detail/panels/edfig4_panelb_source_data.tsv	tsv	8679	26.0	22.0	c8ab74b89aa14c7cb8e5c93c419bd70132fcf5f922d61b701f2acbe29440a52e
extended_data_figures	reports/manuscript_extended_data_v1/edfig4_model_detail/panels/edfig4_panelc.pdf	pdf	13653			a7132dd34a6a5d864016b0b37e8565167721db1aecfc1254da079be081c0041d
extended_data_figures	reports/manuscript_extended_data_v1/edfig4_model_detail/panels/edfig4_panelc.png	png	41314			df680497cec30f3cb56a120cd491a4cd21c31123bb6301a63f89d0e45fb976a6
extended_data_figures	reports/manuscript_extended_data_v1/edfig4_model_detail/panels/edfig4_panelc_manifest.json	json	2031			364db3d341a68c27d22139f1b6032952e2920505ed8197c88bc3ca800dbb594d
extended_data_figures	reports/manuscript_extended_data_v1/edfig4_model_detail/panels/edfig4_panelc_source_data.tsv	tsv	8679	26.0	22.0	c8ab74b89aa14c7cb8e5c93c419bd70132fcf5f922d61b701f2acbe29440a52e
extended_data_figures	reports/manuscript_extended_data_v1/edfig4_model_detail/panels/edfig4_paneld.pdf	pdf	13157			960fb71b587cf8c72ceaac48c0f6d9ded2d743b910d21c73df0eef84220067d4
extended_data_figures	reports/manuscript_extended_data_v1/edfig4_model_detail/panels/edfig4_paneld.png	png	41594			5ccd6ca40a16ce5f31c7905661de20bb8aa3bbcee730e1b987c86df1459816a0
extended_data_figures	reports/manuscript_extended_data_v1/edfig4_model_detail/panels/edfig4_paneld_manifest.json	json	2029			7f427358287c0fe0e14ddb587d2dc530ede84f397078da731c119ea9f130a19a
extended_data_figures	reports/manuscript_extended_data_v1/edfig4_model_detail/panels/edfig4_paneld_source_data.tsv	tsv	8679	26.0	22.0	c8ab74b89aa14c7cb8e5c93c419bd70132fcf5f922d61b701f2acbe29440a52e
extended_data_figures	reports/manuscript_extended_data_v1/edfig4_model_detail/panels/edfig4_panele.pdf	pdf	13006			60bb56683074e92f20dca967904e37d18ccdb58771061dc4376aa6069514c4d7
extended_data_figures	reports/manuscript_extended_data_v1/edfig4_model_detail/panels/edfig4_panele.png	png	39124			0875275c1e4b030caff50b2e1b1ebde4aa15d1ac42d7f41c56a2e44d84569a21
extended_data_figures	reports/manuscript_extended_data_v1/edfig4_model_detail/panels/edfig4_panele_manifest.json	json	2027			644858999317c7951c5748d366b165ca67386c52e02d4d15a64c335ec3e1dfb4
extended_data_figures	reports/manuscript_extended_data_v1/edfig4_model_detail/panels/edfig4_panele_source_data.tsv	tsv	1202	2.0	22.0	944858de1665db48faf7a2c177f8b61371cf4e9ed6cd37cbd3af2b8d559a6f10
extended_data_figures	reports/manuscript_extended_data_v1/edfig4_model_detail/panels/edfig4_panelf.pdf	pdf	13432			9166229c58bbb5165b078a71720da6f9cf6a0d1cffd54657e20cf4e377a98c57
extended_data_figures	reports/manuscript_extended_data_v1/edfig4_model_detail/panels/edfig4_panelf.png	png	41045			a0873738afef34ef401bc13b26a8a43d3a45bde9b90f2e486e7a1352c1888102
extended_data_figures	reports/manuscript_extended_data_v1/edfig4_model_detail/panels/edfig4_panelf_manifest.json	json	2024			87f59cd8351e95954b4c820ffc7f77e207340abac8c236379da443527de9a011
extended_data_figures	reports/manuscript_extended_data_v1/edfig4_model_detail/panels/edfig4_panelf_source_data.tsv	tsv	1197	2.0	22.0	dbdf96b769c67de1f118c5285e0f5672a036775c6b102bc67080233cf8965077
extended_data_figures	reports/manuscript_extended_data_v1/edfig4_model_detail/panels/edfig4_panelg.pdf	pdf	13114			cab4af7853176a40a493e1dd24143b2c0088a6ae353cb7b8fcc3b3cdb8686f40
extended_data_figures	reports/manuscript_extended_data_v1/edfig4_model_detail/panels/edfig4_panelg.png	png	39338			83d2314c7a2626c0f2bf14cd33ed4024b8e4c40683fb2400b933caae0709e433
extended_data_figures	reports/manuscript_extended_data_v1/edfig4_model_detail/panels/edfig4_panelg_manifest.json	json	2029			95351dcdba7ffc2156fbffd03416b57c1f17827d7aa32864f55189f151ef6398
extended_data_figures	reports/manuscript_extended_data_v1/edfig4_model_detail/panels/edfig4_panelg_source_data.tsv	tsv	1834	4.0	22.0	ea367d728abf097108cd3812ff9850b4e30d12ee8fb887f6275a0e66d091a2f4
extended_data_figures	reports/manuscript_extended_data_v1/edfig4_model_detail/panels/edfig4_panelh.pdf	pdf	12002			b16cb36eefec3496f27d8b655a5ab60e0a0c2a212cec755ea16c469e210fbe75
extended_data_figures	reports/manuscript_extended_data_v1/edfig4_model_detail/panels/edfig4_panelh.png	png	36436			aedd6e974aa31851f0f0819c716b1190c4edf1216339f9b95266881211cf7f8d
extended_data_figures	reports/manuscript_extended_data_v1/edfig4_model_detail/panels/edfig4_panelh_manifest.json	json	2023			dcec8df2c4acd7cc2ee8fbf6dfc47764959856c7ece737fce04d4003ca78ae5a
extended_data_figures	reports/manuscript_extended_data_v1/edfig4_model_detail/panels/edfig4_panelh_source_data.tsv	tsv	986	2.0	22.0	69e3ab36189ac10d8cf4f806e46c0d021d703deff893d24f58d2ea89afb07b03
extended_data_figures	reports/manuscript_extended_data_v1/edfig5_gears_sweep/edfig5.pdf	pdf	32502			cce79f66baf633629cb50f61c6f05b74c668b0ce76ecf187c6fe3632a5030b6a
extended_data_figures	reports/manuscript_extended_data_v1/edfig5_gears_sweep/edfig5.png	png	540835			cf88168ee6256939b291fcf564a6a6bd011003d7798197bd12901e1a545ff8ab
extended_data_figures	reports/manuscript_extended_data_v1/edfig5_gears_sweep/edfig5_panel_manifest.json	json	3865			9445eff4fd372e023d8b8fba2fdee4942085277b53e8cb9bd7bd7777fbd6a0ae
extended_data_figures	reports/manuscript_extended_data_v1/edfig5_gears_sweep/edfig5_source_data.tsv	tsv	8830	72.0	26.0	793079df973cac46298e2158d881c3115344cf7b38f71feef5c20b665cc5bb2c
extended_data_figures	reports/manuscript_extended_data_v1/edfig5_gears_sweep/panels/edfig5_panela.pdf	pdf	17163			83dd0f099fc97bcfd2f7916db79bdda1bc60aefff381cb2d5617bcecdfc417cb
extended_data_figures	reports/manuscript_extended_data_v1/edfig5_gears_sweep/panels/edfig5_panela.png	png	76638			c025f49578bb857a497e23e770053b86201b43e6a71e2cef35f9eee64e1c84e5
extended_data_figures	reports/manuscript_extended_data_v1/edfig5_gears_sweep/panels/edfig5_panela_manifest.json	json	2224			9a9cc212162660c0a3dc57afb9a4e5c7ba6c1770bc87eff31046e6040af4876c
extended_data_figures	reports/manuscript_extended_data_v1/edfig5_gears_sweep/panels/edfig5_panela_source_data.tsv	tsv	2238	6.0	10.0	e30c87b3f6bfcee5e09821642bcdd950a1669c2760fd4cf4b26071357f5b9b84
extended_data_figures	reports/manuscript_extended_data_v1/edfig5_gears_sweep/panels/edfig5_panelb.pdf	pdf	15465			1171496b2ddc2058e35d11db1eb02773a42487520dcf4390178a9a3f54a04c58
extended_data_figures	reports/manuscript_extended_data_v1/edfig5_gears_sweep/panels/edfig5_panelb.png	png	104182			a521094cd5e0f70957e1302940307d67d739e86bf2225a0a94d2e7255df0f8e4
extended_data_figures	reports/manuscript_extended_data_v1/edfig5_gears_sweep/panels/edfig5_panelb_manifest.json	json	2218			eaa442650e6e662ffecf221c651aca6d92c54f0153adff956a1d7e2d71f5761c
extended_data_figures	reports/manuscript_extended_data_v1/edfig5_gears_sweep/panels/edfig5_panelb_source_data.tsv	tsv	1637	39.0	4.0	f99a4dbda6e5935a5d03ac1ea631260af4168cb3af4bd0c95720c8f30635ea03
extended_data_figures	reports/manuscript_extended_data_v1/edfig5_gears_sweep/panels/edfig5_panelc.pdf	pdf	13562			8c216c25add87e0d471c8c5c003edd0db093ca2ee52245e2bf82a85f8e8d523c
extended_data_figures	reports/manuscript_extended_data_v1/edfig5_gears_sweep/panels/edfig5_panelc.png	png	79957			582945b21bea37234f1f2b66cd4b4bf1edf59e33c18307fdc9b27be696c03dc0
extended_data_figures	reports/manuscript_extended_data_v1/edfig5_gears_sweep/panels/edfig5_panelc_manifest.json	json	2214			a1d419c2af5d26f13a4ec7648cffbd9295a6dc78ab3d163883223b104e475f49
extended_data_figures	reports/manuscript_extended_data_v1/edfig5_gears_sweep/panels/edfig5_panelc_source_data.tsv	tsv	955	5.0	8.0	746612bc50ddce32d2e9775e0121aa4b2fb8d2910d639fba0a5a1b894047ba6e
extended_data_figures	reports/manuscript_extended_data_v1/edfig5_gears_sweep/panels/edfig5_paneld.pdf	pdf	13105			d53848c7b8943a12273700ed0354b40efed932d0f56d2d2f7c14ed05e474f2f1
extended_data_figures	reports/manuscript_extended_data_v1/edfig5_gears_sweep/panels/edfig5_paneld.png	png	81905			7e2c35fc348a0625f46be5eb7f60558f5de18c16dd2daba4f18b8afa79dace4e
extended_data_figures	reports/manuscript_extended_data_v1/edfig5_gears_sweep/panels/edfig5_paneld_manifest.json	json	2216			14e35c2886b06c0bcb42c3d9e74fca4e0a725fad25587c3d2442d9995a34966b
extended_data_figures	reports/manuscript_extended_data_v1/edfig5_gears_sweep/panels/edfig5_paneld_source_data.tsv	tsv	955	5.0	8.0	746612bc50ddce32d2e9775e0121aa4b2fb8d2910d639fba0a5a1b894047ba6e
extended_data_figures	reports/manuscript_extended_data_v1/edfig5_gears_sweep/panels/edfig5_panele.pdf	pdf	14983			9af946420b3a63054e8bb4e0336564216877b4624d4ec9f370964849d0822ca5
extended_data_figures	reports/manuscript_extended_data_v1/edfig5_gears_sweep/panels/edfig5_panele.png	png	51958			58cbef350a4da042ff09646e90d70111b85fadc5738eb243ceccd742c7662269
extended_data_figures	reports/manuscript_extended_data_v1/edfig5_gears_sweep/panels/edfig5_panele_manifest.json	json	2215			b4e6111a74604031a3c66a1f146490eedc7d21724f42b7a3f072e391a1dffad7
extended_data_figures	reports/manuscript_extended_data_v1/edfig5_gears_sweep/panels/edfig5_panele_source_data.tsv	tsv	1241	7.0	8.0	e738b9c48a3ee3bdbf121dc643ca368244f2e425b26a095075698821a287c634
extended_data_figures	reports/manuscript_extended_data_v1/edfig5_gears_sweep/panels/edfig5_panelf.pdf	pdf	18381			50e9b4cf545fe3670b1941e4e29d80a439e70e833f269c665e9a09fa0fa562a3
extended_data_figures	reports/manuscript_extended_data_v1/edfig5_gears_sweep/panels/edfig5_panelf.png	png	41931			3493bf43c800f950e5e90a897bfe8f8217e70703eaa1c0a2e24969a6bf49a10e
extended_data_figures	reports/manuscript_extended_data_v1/edfig5_gears_sweep/panels/edfig5_panelf_manifest.json	json	2215			9c75566d75f7578116d2efa03e1e444c2db6fc69137d87f1a5c08d8231778cf8
extended_data_figures	reports/manuscript_extended_data_v1/edfig5_gears_sweep/panels/edfig5_panelf_source_data.tsv	tsv	134	1.0	4.0	c47d1f7e8e0df3090649dc4bd9fc02a57cf5f60f9c0526d32096ef23572fa46c
extended_data_figures	reports/manuscript_extended_data_v1/edfig5_gears_sweep/panels/edfig5_panelg.pdf	pdf	16452			3cdc291af5823677401cf791790ff6558db50d68e20e939be7d6860e68520931
extended_data_figures	reports/manuscript_extended_data_v1/edfig5_gears_sweep/panels/edfig5_panelg.png	png	87098			177eed6fd9ee067c2f251156e707f5f852b77d85ed4d83f05e4075c0c63b4962
extended_data_figures	reports/manuscript_extended_data_v1/edfig5_gears_sweep/panels/edfig5_panelg_manifest.json	json	2212			78f840b213bc541154507ed87e3587e48f28ab7b12dfa07f790ffe47e805fc69
extended_data_figures	reports/manuscript_extended_data_v1/edfig5_gears_sweep/panels/edfig5_panelg_source_data.tsv	tsv	272	6.0	5.0	c8e09df6d04de88ff12c8b674a0a7b387c13f52792aaaba7a646d7c63c03e32b
extended_data_figures	reports/manuscript_extended_data_v1/edfig5_gears_sweep/panels/edfig5_panelh.pdf	pdf	17567			5140ad6e94a3d0071cffd952ab3001e17036abe069c9ee5937f94c251b2ae8bf
extended_data_figures	reports/manuscript_extended_data_v1/edfig5_gears_sweep/panels/edfig5_panelh.png	png	42418			2410ccc7909fa69d45b9599b3a0e8708278c7559228193135d7dbb81d9c6869e
extended_data_figures	reports/manuscript_extended_data_v1/edfig5_gears_sweep/panels/edfig5_panelh_manifest.json	json	2214			bb8bd588171a79c79debdabdc2f000d83acd33c8b5525963d7527719ac4389ce
extended_data_figures	reports/manuscript_extended_data_v1/edfig5_gears_sweep/panels/edfig5_panelh_source_data.tsv	tsv	130	3.0	2.0	ed2bde8cd60309d7b8d244f0eb7aea1995c0547adf7698b96280c156e10c67c0
extended_data_figures	reports/manuscript_extended_data_v1/edfig6_axis_annotation/edfig6.pdf	pdf	30092			06d9ea66b7bc1f0eb918eb086bb75612e9036ad2f892c4436eb86f7cf8776ab4
extended_data_figures	reports/manuscript_extended_data_v1/edfig6_axis_annotation/edfig6.png	png	593373			1712ce2cfb85309dd36bf60aae3704fdce0eb71bacf8eb1d734f37574d7d6daa
extended_data_figures	reports/manuscript_extended_data_v1/edfig6_axis_annotation/edfig6_panel_manifest.json	json	4469			cfa1a83c7b42dab2bc944b05b880f30a9468d7e1a30be6846c86499c51b1bd5d
extended_data_figures	reports/manuscript_extended_data_v1/edfig6_axis_annotation/edfig6_source_data.tsv	tsv	313614	1714.0	53.0	6e9531ebe81f6b699564edaf386151ce9c08bde46befe4ee74f7c33ff8de56d4
extended_data_figures	reports/manuscript_extended_data_v1/edfig6_axis_annotation/panels/edfig6_panela.pdf	pdf	16699			9065c5a574d12929a33ccc28a602657f9fa751ce2def73900a058ef3250ed006
extended_data_figures	reports/manuscript_extended_data_v1/edfig6_axis_annotation/panels/edfig6_panela.png	png	50059			60ad6ead68187e5ead056f0e0cbbe149abb24d570ff3b5841d9014a5fa1f4a33
extended_data_figures	reports/manuscript_extended_data_v1/edfig6_axis_annotation/panels/edfig6_panela_manifest.json	json	2787			6a1e96043237c6f185ec2e79f30c0f8648620f6e8ca89b1119cf6abcd371b6cf
extended_data_figures	reports/manuscript_extended_data_v1/edfig6_axis_annotation/panels/edfig6_panela_source_data.tsv	tsv	7055	26.0	18.0	e05825fc344231fe75bd8fcc25a8a1251f782427a81ec40a94b468e85e76c866
extended_data_figures	reports/manuscript_extended_data_v1/edfig6_axis_annotation/panels/edfig6_panelb.pdf	pdf	18342			3bad512f3c7e0a8d65eae6bc56362770232c9a701fb5b50c736c997d9af013f6
extended_data_figures	reports/manuscript_extended_data_v1/edfig6_axis_annotation/panels/edfig6_panelb.png	png	99810			4162c2aa50790ac5707621cab09c234213fc171fef3f569d05434b91a8d03d2b
extended_data_figures	reports/manuscript_extended_data_v1/edfig6_axis_annotation/panels/edfig6_panelb_manifest.json	json	2782			75c2866ee2e0cb3e4a312e9b9a3f814c054623a921e859ada78dde6ae0bf8c02
extended_data_figures	reports/manuscript_extended_data_v1/edfig6_axis_annotation/panels/edfig6_panelb_source_data.tsv	tsv	5551	26.0	11.0	8c4dc4c13e2a20e27eaadba24d717fe894b1d0615144f26a6ad611e7feaa0d4c
extended_data_figures	reports/manuscript_extended_data_v1/edfig6_axis_annotation/panels/edfig6_panelc.pdf	pdf	16584			7f2fd61743b42b51bce2d75f15cbb5f9f50041137a2008bc88c64e4c4606f957
extended_data_figures	reports/manuscript_extended_data_v1/edfig6_axis_annotation/panels/edfig6_panelc.png	png	64866			43bb7797c68d6d55c53742cd40397ec45bc2dbc7fffe8e2061cf31eee1f03ca2
extended_data_figures	reports/manuscript_extended_data_v1/edfig6_axis_annotation/panels/edfig6_panelc_manifest.json	json	2771			5a69a863325505e5a0eb529b86009d4503bc8ff03172025ce4b980ae5aac7d1f
extended_data_figures	reports/manuscript_extended_data_v1/edfig6_axis_annotation/panels/edfig6_panelc_source_data.tsv	tsv	4086	26.0	7.0	d18ba55452310976e152edc71eb18a728f9fb39cc9253403a675f64b56ddeb10
extended_data_figures	reports/manuscript_extended_data_v1/edfig6_axis_annotation/panels/edfig6_paneld.pdf	pdf	17258			6ea18179a9953a8153ffb2fa87b0f168948e5e61b0c052d59313c80290cdeef2
extended_data_figures	reports/manuscript_extended_data_v1/edfig6_axis_annotation/panels/edfig6_paneld.png	png	93639			a269caa3848eda3c4a49ddb79ca6735a147cdfeea590783078a9f6f3dac32e67
extended_data_figures	reports/manuscript_extended_data_v1/edfig6_axis_annotation/panels/edfig6_paneld_manifest.json	json	2773			e723f9c563c6f21e62086a7649c00ec17ea69ce73e01e0e33695824ddc4ceecd
extended_data_figures	reports/manuscript_extended_data_v1/edfig6_axis_annotation/panels/edfig6_paneld_source_data.tsv	tsv	65418	531.0	10.0	849ea355dbaea61af4d9a9aeb91bfae9de4d62d6463345a9a8003d11ce8487b4
extended_data_figures	reports/manuscript_extended_data_v1/edfig6_axis_annotation/panels/edfig6_panele.pdf	pdf	15489			cbc0b56af9310577d4cd21e27e2a626a8eafa885ca1b25f7b542eeecf1589790
extended_data_figures	reports/manuscript_extended_data_v1/edfig6_axis_annotation/panels/edfig6_panele.png	png	49018			a072961ea72633a12142bf18a25046765e72f935e132b381d76a959f36333c5f
extended_data_figures	reports/manuscript_extended_data_v1/edfig6_axis_annotation/panels/edfig6_panele_manifest.json	json	2775			657469e961c71bcfd752855e6e83a6cf85af47982e649e802f45d036437d3a8b
extended_data_figures	reports/manuscript_extended_data_v1/edfig6_axis_annotation/panels/edfig6_panele_source_data.tsv	tsv	65418	531.0	10.0	849ea355dbaea61af4d9a9aeb91bfae9de4d62d6463345a9a8003d11ce8487b4
extended_data_figures	reports/manuscript_extended_data_v1/edfig6_axis_annotation/panels/edfig6_panelf.pdf	pdf	16205			ecef71aa7f113cb8b1a7163bc78114070f6f03ceade1892386a10824d47ecf14
extended_data_figures	reports/manuscript_extended_data_v1/edfig6_axis_annotation/panels/edfig6_panelf.png	png	77561			6efdbd1e2c3cb2c7068eea3a82d9c4d6f90855299ffc8b56de777548337a700d
extended_data_figures	reports/manuscript_extended_data_v1/edfig6_axis_annotation/panels/edfig6_panelf_manifest.json	json	2779			a5de743ccd6e551a3a010afaf64ba845a8ce6746972d1ab410144b18ab5c1b69
extended_data_figures	reports/manuscript_extended_data_v1/edfig6_axis_annotation/panels/edfig6_panelf_source_data.tsv	tsv	7055	26.0	18.0	e05825fc344231fe75bd8fcc25a8a1251f782427a81ec40a94b468e85e76c866
extended_data_figures	reports/manuscript_extended_data_v1/edfig6_axis_annotation/panels/edfig6_panelg.pdf	pdf	17802			c03692fbb518fd95c1435054468742dc6f533e2ad0986174f5c670a4b3539a33
extended_data_figures	reports/manuscript_extended_data_v1/edfig6_axis_annotation/panels/edfig6_panelg.png	png	111533			277d5c085513010313fb8796f66f24ba7b0953173006cf86d6e59d01a4c5f4ac
extended_data_figures	reports/manuscript_extended_data_v1/edfig6_axis_annotation/panels/edfig6_panelg_manifest.json	json	2778			ba3c13530de0c797a4c98a3a4d2f28ae27d4786ce66df50a23ea163fce1c4531
extended_data_figures	reports/manuscript_extended_data_v1/edfig6_axis_annotation/panels/edfig6_panelg_source_data.tsv	tsv	65418	531.0	10.0	849ea355dbaea61af4d9a9aeb91bfae9de4d62d6463345a9a8003d11ce8487b4
extended_data_figures	reports/manuscript_extended_data_v1/edfig6_axis_annotation/panels/edfig6_panelh.pdf	pdf	16801			0c83d36384e89375b9cfbcd9abc3f660e0645467c72ac37f8ced2f59a7148d37
extended_data_figures	reports/manuscript_extended_data_v1/edfig6_axis_annotation/panels/edfig6_panelh.png	png	55242			8a6ab9b654bf96f688804384da7ce34ec2bb3e82e10543206e51a5cb4c720aae
extended_data_figures	reports/manuscript_extended_data_v1/edfig6_axis_annotation/panels/edfig6_panelh_manifest.json	json	2777			3942e9aec181a6afe51314e04332a1c3bd16307c88975f970bc77c47d8e19cd9
extended_data_figures	reports/manuscript_extended_data_v1/edfig6_axis_annotation/panels/edfig6_panelh_source_data.tsv	tsv	6159	17.0	9.0	62327f0fc81574920d1e6e33b78abd8fc63b2ec05fa8cd9a6d1f88f84f7ec6a5
extended_data_figures	reports/manuscript_extended_data_v1/edfig7_k562_temporal/edfig7.pdf	pdf	29028			ddd5c6d72d37850602472a769397f6886714c03f34592a38666b950b7137fddc
extended_data_figures	reports/manuscript_extended_data_v1/edfig7_k562_temporal/edfig7.png	png	375779			e40e0de6a8452708091652730df8a8266842da806be8a5d84c8532e9da8a0408
extended_data_figures	reports/manuscript_extended_data_v1/edfig7_k562_temporal/edfig7_panel_manifest.json	json	4418			8b1d93d9e94a2890b6f066eaa90c13c2fb929920ff311a0c100a549d78d1e158
extended_data_figures	reports/manuscript_extended_data_v1/edfig7_k562_temporal/edfig7_source_data.tsv	tsv	12468	57.0	31.0	5e4be5c49c1a236431fd2e5c00fc1fcd253e272b2790a252d7554c4692172baf
extended_data_figures	reports/manuscript_extended_data_v1/edfig7_k562_temporal/panels/edfig7_panela.pdf	pdf	14152			18634cf0cfdabb60e5914075457f4bd8e63687d961c62c97154b560d1a959ffb
extended_data_figures	reports/manuscript_extended_data_v1/edfig7_k562_temporal/panels/edfig7_panela.png	png	53842			18f9e72665a2093b8e7b71b1453a2cb547da42a189e416695fb088d91ac095f1
extended_data_figures	reports/manuscript_extended_data_v1/edfig7_k562_temporal/panels/edfig7_panela_manifest.json	json	2748			7e286a38c09c2c4251ac09dae70cf6645a6096888dcfe2e0dbe56769c2801b44
extended_data_figures	reports/manuscript_extended_data_v1/edfig7_k562_temporal/panels/edfig7_panela_source_data.tsv	tsv	1218	4.0	15.0	faa1c09f868b591c8b71fff7e54d6de6abdbfe60eaec5cf1848486e779072a78
extended_data_figures	reports/manuscript_extended_data_v1/edfig7_k562_temporal/panels/edfig7_panelb.pdf	pdf	13986			15788640432e9b9194c5fad2e273956b8e8fdf54ffc2556e44cc970d226a7aac
extended_data_figures	reports/manuscript_extended_data_v1/edfig7_k562_temporal/panels/edfig7_panelb.png	png	54431			cf8131dee3d2a29619c5a9c9f1f90ca8a35d6a7c499856a2f8f77d0b288e3349
extended_data_figures	reports/manuscript_extended_data_v1/edfig7_k562_temporal/panels/edfig7_panelb_manifest.json	json	2749			f9a9c6fe697a8a7c48ffa469cfb1f8d57d5e7f4a76f9718e6d15e8192f791e46
extended_data_figures	reports/manuscript_extended_data_v1/edfig7_k562_temporal/panels/edfig7_panelb_source_data.tsv	tsv	1228	4.0	15.0	9aab8a170f54fb9608707ccccf7277dee07a17b7ec3701732803e0fed0e458a4
extended_data_figures	reports/manuscript_extended_data_v1/edfig7_k562_temporal/panels/edfig7_panelc.pdf	pdf	15373			65b98473dd42a48694c02e54ceef193237ab606fa6beaad4b798e209ff372fa7
extended_data_figures	reports/manuscript_extended_data_v1/edfig7_k562_temporal/panels/edfig7_panelc.png	png	48077			07baeff0cbec4774fec9c07ce712ecf44961cec3d90bcfb02ac7449f77b919d6
extended_data_figures	reports/manuscript_extended_data_v1/edfig7_k562_temporal/panels/edfig7_panelc_manifest.json	json	2758			e85b8e4842f576c1d3d9a068b696eda9a21640375c5631aa60301faa114f6947
extended_data_figures	reports/manuscript_extended_data_v1/edfig7_k562_temporal/panels/edfig7_panelc_source_data.tsv	tsv	744	2.0	15.0	dc615c2f8852ffa1544682a9047199406909ad1b52021686e2e8c5dbb69b991d
extended_data_figures	reports/manuscript_extended_data_v1/edfig7_k562_temporal/panels/edfig7_paneld.pdf	pdf	14689			677a7f0cb137df15586ac4506059c7ebe0733a2d764bbeab5d37de83032f8f2d
extended_data_figures	reports/manuscript_extended_data_v1/edfig7_k562_temporal/panels/edfig7_paneld.png	png	54350			22477449e86958adf99603c9bb9717411b7e875be4774210157b31f74c57dd64
extended_data_figures	reports/manuscript_extended_data_v1/edfig7_k562_temporal/panels/edfig7_paneld_manifest.json	json	2748			1cba2e1bd427d53a5bfe0924fe24a80151ca9b8727d151fbf460c9ea7f0189ec
extended_data_figures	reports/manuscript_extended_data_v1/edfig7_k562_temporal/panels/edfig7_paneld_source_data.tsv	tsv	1227	10.0	6.0	8ad805e3250e54bb5bbc62d4140f28ead55d505b5ff4a45a181b720bf7fc8a6f
extended_data_figures	reports/manuscript_extended_data_v1/edfig7_k562_temporal/panels/edfig7_panele.pdf	pdf	14106			47022cee5d50228bccc0dbe3c8004df475ddb4000407ca35fa3414b19dce671c
extended_data_figures	reports/manuscript_extended_data_v1/edfig7_k562_temporal/panels/edfig7_panele.png	png	51469			a2656fc8edbbc0d29d36cbe7993def5ec05832728e9fc2e0bc79c6c559f9e2ea
extended_data_figures	reports/manuscript_extended_data_v1/edfig7_k562_temporal/panels/edfig7_panele_manifest.json	json	2747			368320935f1c49b15b23294c7ef7d8cc6a2bccfae3f898fb625c1f61b5972803
extended_data_figures	reports/manuscript_extended_data_v1/edfig7_k562_temporal/panels/edfig7_panele_source_data.tsv	tsv	1721	9.0	6.0	a3fcf1413044952d68708094bee6c97dd05e223898ec18ce54273c64087d457c
extended_data_figures	reports/manuscript_extended_data_v1/edfig7_k562_temporal/panels/edfig7_panelf.pdf	pdf	13805			ca859a1efbaaecde8acb235b84e07f79e7e444f2ca11db1fbee52f2defaa8a38
extended_data_figures	reports/manuscript_extended_data_v1/edfig7_k562_temporal/panels/edfig7_panelf.png	png	53028			1e5fa4c3a71b93a8e1fb1194e88a566f779e069a3f150f7cf5b01fbcfe365fd7
extended_data_figures	reports/manuscript_extended_data_v1/edfig7_k562_temporal/panels/edfig7_panelf_manifest.json	json	2748			c778ade5cb1ed77261ba23bb795b236c44d6c882ebaf297be28be6b89f66eca5
extended_data_figures	reports/manuscript_extended_data_v1/edfig7_k562_temporal/panels/edfig7_panelf_source_data.tsv	tsv	1745	9.0	6.0	fa34eec2ab641d689287d4f915112d0dab72d0973d28836dfdfac67425e1e327
extended_data_figures	reports/manuscript_extended_data_v1/edfig7_k562_temporal/panels/edfig7_panelg.pdf	pdf	16893			a912964146808e791b960a9eed01d93f6474806a77947def8aeb18cadce0f5d0
extended_data_figures	reports/manuscript_extended_data_v1/edfig7_k562_temporal/panels/edfig7_panelg.png	png	36883			7316add68a55c5eef100efdd0b464c1d1e23d5095a5ab713c108f69c14b5165c
extended_data_figures	reports/manuscript_extended_data_v1/edfig7_k562_temporal/panels/edfig7_panelg_manifest.json	json	2749			068b80980e1b33323ccd2d7391d298ecd408a8eb83731c2bbab5606a05ba559a
extended_data_figures	reports/manuscript_extended_data_v1/edfig7_k562_temporal/panels/edfig7_panelg_source_data.tsv	tsv	352	1.0	6.0	a294d7c139fcb0f2cc5c48dc9143d348c1a1d80c8d3d3a572cf79c304102b11e
extended_data_figures	reports/manuscript_extended_data_v1/edfig7_k562_temporal/panels/edfig7_panelh.pdf	pdf	14755			b6ed01469c1812f4735f899a6a7d7ae819ca62d40b498373703b20d269ef410d
extended_data_figures	reports/manuscript_extended_data_v1/edfig7_k562_temporal/panels/edfig7_panelh.png	png	88822			01d49a24b601153c7acb8435045be50176dbf5f7d4c78619fcc94c1c974cea08
extended_data_figures	reports/manuscript_extended_data_v1/edfig7_k562_temporal/panels/edfig7_panelh_manifest.json	json	2756			6387402ee27520ab7ef7b900da6f2c41f63fb5efa690f332807614fef80d9698
extended_data_figures	reports/manuscript_extended_data_v1/edfig7_k562_temporal/panels/edfig7_panelh_source_data.tsv	tsv	3388	18.0	6.0	5aa8d2816a5b33eb1d0e3c0862b65e96a1cfa7cd3514f5bf17e8cbe2e1d85ac2
extended_data_figures	reports/manuscript_extended_data_v1/edfig8_endpoint_hierarchy/edfig8.pdf	pdf	32328			2344c41f199b0ce6c2372e6478cd2e3653c61fbc17944ee930fc3214f8fbc530
extended_data_figures	reports/manuscript_extended_data_v1/edfig8_endpoint_hierarchy/edfig8.png	png	389650			478fd0f69ef6980ebe6dd8724950df8363e5a48459d9fad0bbfd1cfa2531d168
extended_data_figures	reports/manuscript_extended_data_v1/edfig8_endpoint_hierarchy/edfig8_panel_manifest.json	json	4209			ad1175135bb33b80f446ac961fa07d060674737925cd546df50f9ea50977a8b5
extended_data_figures	reports/manuscript_extended_data_v1/edfig8_endpoint_hierarchy/edfig8_source_data.tsv	tsv	17788	80.0	21.0	0474bc37dc176dbf4b90d9f639db33d3ee654a4486cf56704a30a68fb18b482a
extended_data_figures	reports/manuscript_extended_data_v1/edfig8_endpoint_hierarchy/panels/edfig8_panela.pdf	pdf	14279			7f5147ec2baa9acda53ba5993ae3199950c1777d83b65ba78d1c5e4842882c3b
extended_data_figures	reports/manuscript_extended_data_v1/edfig8_endpoint_hierarchy/panels/edfig8_panela.png	png	53011			d652e21b56c9879fb09959d7847d960cbade55c96c2edfe8caf7731ccf90fb81
extended_data_figures	reports/manuscript_extended_data_v1/edfig8_endpoint_hierarchy/panels/edfig8_panela_manifest.json	json	2488			b54bb7991c05d9bce01b37295509d8b20fa4a7f918b8b02ee4db21f360709e50
extended_data_figures	reports/manuscript_extended_data_v1/edfig8_endpoint_hierarchy/panels/edfig8_panela_source_data.tsv	tsv	3732	20.0	9.0	8c734751fa86d24fea730f88513a64f435f64faba563e0b8e78d02a0e2ec8deb
extended_data_figures	reports/manuscript_extended_data_v1/edfig8_endpoint_hierarchy/panels/edfig8_panelb.pdf	pdf	13859			251005f5880f85e52456fedbcbabbaad7aa1a7f67206a54094bcbd300608299a
extended_data_figures	reports/manuscript_extended_data_v1/edfig8_endpoint_hierarchy/panels/edfig8_panelb.png	png	43774			f9b613d59bfa8741c559ee587548a9736d795364656ea33c983db7d839b9cb6e
extended_data_figures	reports/manuscript_extended_data_v1/edfig8_endpoint_hierarchy/panels/edfig8_panelb_manifest.json	json	2489			4e68c7c0d03dd2bd8daabc0fafd67de47c5ef2d6c32a3981b663dc36dd1fda4a
extended_data_figures	reports/manuscript_extended_data_v1/edfig8_endpoint_hierarchy/panels/edfig8_panelb_source_data.tsv	tsv	4214	20.0	9.0	5c4d4162da57607ac7a2b0afd22984979e9907ae42753034dfe11852ba31ce56
extended_data_figures	reports/manuscript_extended_data_v1/edfig8_endpoint_hierarchy/panels/edfig8_panelc.pdf	pdf	14352			b8917b62af9d4216bd7618d675fe191534abb2038a36cbf1e9bf52bef837a84a
extended_data_figures	reports/manuscript_extended_data_v1/edfig8_endpoint_hierarchy/panels/edfig8_panelc.png	png	54879			53cca09234959ab18039abbb1f136ff5d056bd8095820f0ee5f1238970c7ad1f
extended_data_figures	reports/manuscript_extended_data_v1/edfig8_endpoint_hierarchy/panels/edfig8_panelc_manifest.json	json	2494			39eedf42d496cd22c278bfb3f895155b5c0dd148a4a1d91128f6c51a7a7012f1
extended_data_figures	reports/manuscript_extended_data_v1/edfig8_endpoint_hierarchy/panels/edfig8_panelc_source_data.tsv	tsv	1872	8.0	9.0	90850051cc1acd1070e2e738c41ef8eaedeec9b8bfd08ea7e637a1335263ae09
extended_data_figures	reports/manuscript_extended_data_v1/edfig8_endpoint_hierarchy/panels/edfig8_paneld.pdf	pdf	18291			daedd960306010835afa39b44868f523818de7b9887c8f2411ed59300257bde5
extended_data_figures	reports/manuscript_extended_data_v1/edfig8_endpoint_hierarchy/panels/edfig8_paneld.png	png	43866			07eb6b03c02e12f41854811ad2c70806d6e48eb94f0c91b4bf052985a39dd510
extended_data_figures	reports/manuscript_extended_data_v1/edfig8_endpoint_hierarchy/panels/edfig8_paneld_manifest.json	json	2495			b755859b963be726a918ec3875bf7aeb9a86dce851d9840e6c04ba9fa2eeea0b
extended_data_figures	reports/manuscript_extended_data_v1/edfig8_endpoint_hierarchy/panels/edfig8_paneld_source_data.tsv	tsv	381	8.0	2.0	859f3aae3e34b4a8cffa08eb1f3e1070087bbc4cc64803c2535e8cf505ff99c4
extended_data_figures	reports/manuscript_extended_data_v1/edfig8_endpoint_hierarchy/panels/edfig8_panele.pdf	pdf	15288			07982f434ee0f145e7e830860b738421d96a5b2faaeba1f83257a04d908bd715
extended_data_figures	reports/manuscript_extended_data_v1/edfig8_endpoint_hierarchy/panels/edfig8_panele.png	png	58395			25a08b266a6a3fe55cf65f00d52763002ef0099e95a46cf787bc0e91e87c68d2
extended_data_figures	reports/manuscript_extended_data_v1/edfig8_endpoint_hierarchy/panels/edfig8_panele_manifest.json	json	2494			93a240c5fc0f7fccc434194c314bfb0a2f929b4a77ac051eddd404c81567a016
extended_data_figures	reports/manuscript_extended_data_v1/edfig8_endpoint_hierarchy/panels/edfig8_panele_source_data.tsv	tsv	1635	8.0	9.0	7a098d823686f8df5602d503e6c8c226bef46e83ebdd49497eeae47e85818906
extended_data_figures	reports/manuscript_extended_data_v1/edfig8_endpoint_hierarchy/panels/edfig8_panelf.pdf	pdf	16507			ea6376c3913d97411b563377d964629d56379f0d5511b0e141713df7363795f6
extended_data_figures	reports/manuscript_extended_data_v1/edfig8_endpoint_hierarchy/panels/edfig8_panelf.png	png	36162			84f117cbe45334e8296b305e29324fb27a0c42a7e2e7d3b34862b3105883bf92
extended_data_figures	reports/manuscript_extended_data_v1/edfig8_endpoint_hierarchy/panels/edfig8_panelf_manifest.json	json	2493			8a5b66924c838cb3117d36a40f114a9d4b6896ca96d73e142ae935cc70559f34
extended_data_figures	reports/manuscript_extended_data_v1/edfig8_endpoint_hierarchy/panels/edfig8_panelf_source_data.tsv	tsv	996	2.0	9.0	83540ad3d6f7e41bbc3e35726bdbd94b19a51acecf7dc3c9235e0513167c0861
extended_data_figures	reports/manuscript_extended_data_v1/edfig8_endpoint_hierarchy/panels/edfig8_panelg.pdf	pdf	14064			44065465c127fcc4cfc7e12f081c7d18cd8164b6162fb30c2756e3a6cdc91c20
extended_data_figures	reports/manuscript_extended_data_v1/edfig8_endpoint_hierarchy/panels/edfig8_panelg.png	png	42816			bd9486ca19d8fa679a1799e996c7cfbe7591fdb3007c83156fa1ed176f8241ac
extended_data_figures	reports/manuscript_extended_data_v1/edfig8_endpoint_hierarchy/panels/edfig8_panelg_manifest.json	json	2488			fd8642bbfc2dc33e614cb354671fc861e36e773c16287070e54b46f176d9a250
extended_data_figures	reports/manuscript_extended_data_v1/edfig8_endpoint_hierarchy/panels/edfig8_panelg_source_data.tsv	tsv	1635	8.0	9.0	7a098d823686f8df5602d503e6c8c226bef46e83ebdd49497eeae47e85818906
extended_data_figures	reports/manuscript_extended_data_v1/edfig8_endpoint_hierarchy/panels/edfig8_panelh.pdf	pdf	17687			56175d23867bd0ca0b261cb5ed18ba035587e040fbd8db3cd678e32bb57fe812
extended_data_figures	reports/manuscript_extended_data_v1/edfig8_endpoint_hierarchy/panels/edfig8_panelh.png	png	46967			e5b6eabacf83b365093eac08f4cdcd08478e36cb55d430f92bfe7e3407ba86fd
extended_data_figures	reports/manuscript_extended_data_v1/edfig8_endpoint_hierarchy/panels/edfig8_panelh_manifest.json	json	2491			c6335699da04481b50a7771ce5fc694d6a956d02052a239881146cbab2b1c1fc
extended_data_figures	reports/manuscript_extended_data_v1/edfig8_endpoint_hierarchy/panels/edfig8_panelh_source_data.tsv	tsv	2675	6.0	9.0	aca158d6e056be604cf1e1f21d86ed1eb3d74437d99a384939a3d0ebe0ec77fb
extended_data_figures	reports/manuscript_extended_data_v1/edfig9_covariate_audit/edfig9.pdf	pdf	30813			e1dcf5586d1093c6cf0ebb99f551515bae0392a3799b2a01367d28cec2a41ddc
extended_data_figures	reports/manuscript_extended_data_v1/edfig9_covariate_audit/edfig9.png	png	416780			44ad48589b8b02df70fbcd2f3a17eadb72b5398c6ff30e97b256d3487718ae84
extended_data_figures	reports/manuscript_extended_data_v1/edfig9_covariate_audit/edfig9_panel_manifest.json	json	8124			d777246c5f348906894e405c46d48d681baa90fc8ea6ccb286cae6ac04140c97
extended_data_figures	reports/manuscript_extended_data_v1/edfig9_covariate_audit/edfig9_source_data.tsv	tsv	27958	87.0	25.0	4c06fe0a6bf58cc7dc7a0e45f4cf6005383a27627cdb404419bd24954f52cb03
extended_data_figures	reports/manuscript_extended_data_v1/edfig9_covariate_audit/panels/edfig9_panela.pdf	pdf	15386			f0c0f4679ff721904243f25cda56140828b0f1885a5bceab6641d8a916d0d1ac
extended_data_figures	reports/manuscript_extended_data_v1/edfig9_covariate_audit/panels/edfig9_panela.png	png	33419			d32bf8309d4fe67ed7637702d53966223b5416c05f9bbd285a6e21a8e54de9c9
extended_data_figures	reports/manuscript_extended_data_v1/edfig9_covariate_audit/panels/edfig9_panela_manifest.json	json	6431			92ba0c94132e1713224addb164c0ca5bdc4a045e3ddf046db31af9674f7599ca
extended_data_figures	reports/manuscript_extended_data_v1/edfig9_covariate_audit/panels/edfig9_panela_source_data.tsv	tsv	2477	10.0	9.0	4ca913c0c8781d5303dfafa996c26b95acc62033ef3c1f67ac9f95352ae7fcd4
extended_data_figures	reports/manuscript_extended_data_v1/edfig9_covariate_audit/panels/edfig9_panelb.pdf	pdf	18409			ec2eb9da56ff06e3d76fb42d3ce62814f3932169f32c42e6195f551211dbe5d4
extended_data_figures	reports/manuscript_extended_data_v1/edfig9_covariate_audit/panels/edfig9_panelb.png	png	68988			0db2a6aebeb1d28b4a123e850e282184904567db09836353824517bd1f2c7200
extended_data_figures	reports/manuscript_extended_data_v1/edfig9_covariate_audit/panels/edfig9_panelb_manifest.json	json	6438			5a45ca4d17110b1aa254260ff9aa04fc986b77c40ed80d40f690603a0ae35338
extended_data_figures	reports/manuscript_extended_data_v1/edfig9_covariate_audit/panels/edfig9_panelb_source_data.tsv	tsv	2477	10.0	9.0	4ca913c0c8781d5303dfafa996c26b95acc62033ef3c1f67ac9f95352ae7fcd4
extended_data_figures	reports/manuscript_extended_data_v1/edfig9_covariate_audit/panels/edfig9_panelc.pdf	pdf	16428			57e81d8b600bb04aa129b6c7705cbdd584fd7c8457741e62965014c8c2d9db28
extended_data_figures	reports/manuscript_extended_data_v1/edfig9_covariate_audit/panels/edfig9_panelc.png	png	57075			4ecff2e2f6b6c1f3d48822c476dba05a5010027b46df875fe426d07c42268888
extended_data_figures	reports/manuscript_extended_data_v1/edfig9_covariate_audit/panels/edfig9_panelc_manifest.json	json	6437			1b54f80d10064f97e15937855134a0e3678294dc39bb5157b7b954e17533372a
extended_data_figures	reports/manuscript_extended_data_v1/edfig9_covariate_audit/panels/edfig9_panelc_source_data.tsv	tsv	129	2.0	3.0	e203edc1027d9b35326e8795dbf1c219b11fce2723edee8fd5b1ca8256b57f73
extended_data_figures	reports/manuscript_extended_data_v1/edfig9_covariate_audit/panels/edfig9_paneld.pdf	pdf	15816			7a5d1b6b88349a7408b114686c5f6625efc34c056fefede3226859e305177bf0
extended_data_figures	reports/manuscript_extended_data_v1/edfig9_covariate_audit/panels/edfig9_paneld.png	png	36892			a47d071448867b7d7001797342dfaba8625c2de8a99bb3f2ade9f8dcbc036868
extended_data_figures	reports/manuscript_extended_data_v1/edfig9_covariate_audit/panels/edfig9_paneld_manifest.json	json	6439			cdb412a362b93104de5d89ca5b20e30c4aa2fd5c8f4ed5cd5dd81ae830c6c705
extended_data_figures	reports/manuscript_extended_data_v1/edfig9_covariate_audit/panels/edfig9_paneld_source_data.tsv	tsv	2477	10.0	9.0	4ca913c0c8781d5303dfafa996c26b95acc62033ef3c1f67ac9f95352ae7fcd4
extended_data_figures	reports/manuscript_extended_data_v1/edfig9_covariate_audit/panels/edfig9_panele.pdf	pdf	16056			56318d3ec3abb8b45bac90f74ffdcac9b9f1ce54dc1e7a4d7462b37b24ef2d0f
extended_data_figures	reports/manuscript_extended_data_v1/edfig9_covariate_audit/panels/edfig9_panele.png	png	37396			47065d64e269745d839cc4f75f9f8334eb39a0d7b6e08702f721aa1d4980934d
extended_data_figures	reports/manuscript_extended_data_v1/edfig9_covariate_audit/panels/edfig9_panele_manifest.json	json	6432			940a4dc44e969bad770a36678f0ef79b3278b1cbb59d92fcb11b832791037bfe
extended_data_figures	reports/manuscript_extended_data_v1/edfig9_covariate_audit/panels/edfig9_panele_source_data.tsv	tsv	703	4.0	5.0	098b9ce811ed99575dd84c1c4c4c7a057884365425d65a320e270dfb36b43ef9
extended_data_figures	reports/manuscript_extended_data_v1/edfig9_covariate_audit/panels/edfig9_panelf.pdf	pdf	16294			e9e34d3f3d8c8dba1fcf3dc9d3710be7993c150c10af1a273df49bb54e131bcc
extended_data_figures	reports/manuscript_extended_data_v1/edfig9_covariate_audit/panels/edfig9_panelf.png	png	67610			d824cdf08936ea1a82145cad023f6b71a982dbd974276d2cf49afc37ca20661a
extended_data_figures	reports/manuscript_extended_data_v1/edfig9_covariate_audit/panels/edfig9_panelf_manifest.json	json	6440			9a066a79e250d66aa0f13afc15ceff40f68c0f785e1ae269cb96ca8cf9b3d835
extended_data_figures	reports/manuscript_extended_data_v1/edfig9_covariate_audit/panels/edfig9_panelf_source_data.tsv	tsv	6159	17.0	9.0	62327f0fc81574920d1e6e33b78abd8fc63b2ec05fa8cd9a6d1f88f84f7ec6a5
extended_data_figures	reports/manuscript_extended_data_v1/edfig9_covariate_audit/panels/edfig9_panelg.pdf	pdf	17944			fc7e2aca53efb17954f8b44e538b205d39b8bc943e9d8a4f1a81f36e2b47d03e
extended_data_figures	reports/manuscript_extended_data_v1/edfig9_covariate_audit/panels/edfig9_panelg.png	png	50331			fc88f1decc50ab71097171084106779773df1d8e5b7d382fc1947adc4feaa4d2
extended_data_figures	reports/manuscript_extended_data_v1/edfig9_covariate_audit/panels/edfig9_panelg_manifest.json	json	6426			17ca059712ee9356a472626bb0de9759cffe57f48bf8c4a461645840565e1ec5
extended_data_figures	reports/manuscript_extended_data_v1/edfig9_covariate_audit/panels/edfig9_panelg_source_data.tsv	tsv	6159	17.0	9.0	62327f0fc81574920d1e6e33b78abd8fc63b2ec05fa8cd9a6d1f88f84f7ec6a5
extended_data_figures	reports/manuscript_extended_data_v1/edfig9_covariate_audit/panels/edfig9_panelh.pdf	pdf	17050			6ab9a74f0658f2cfdd4bacffc304f4773f07156e0cd3d76543237b16bc32d0e8
extended_data_figures	reports/manuscript_extended_data_v1/edfig9_covariate_audit/panels/edfig9_panelh.png	png	59785			8fd784306303650135bef3fde60d3dad6f7c0b646d26d8ef46be0182e07c8186
extended_data_figures	reports/manuscript_extended_data_v1/edfig9_covariate_audit/panels/edfig9_panelh_manifest.json	json	6429			97e79f13159d27ca3d1925dc94e34401b0a17abe68d483f90c26364016d81d50
extended_data_figures	reports/manuscript_extended_data_v1/edfig9_covariate_audit/panels/edfig9_panelh_source_data.tsv	tsv	6159	17.0	9.0	62327f0fc81574920d1e6e33b78abd8fc63b2ec05fa8cd9a6d1f88f84f7ec6a5
figure_code	scripts/manuscript/build_all_extended_data_figures.py	py	2515			3225891255fa1b0e3495e56410b0991278bf73cb4ce3c4cbb548791d1258b098
figure_code	scripts/manuscript/build_all_main_figures.py	py	2628			fa57c405b6af41d70c2032d55846085c5d5c58e0b3dc5f4cb04bb79328cc1d9f
figure_code	scripts/manuscript/build_extended_data_figure1.py	py	150			87ed148833a3249cc842444ad90aa9102e9dd0098326724d36fabeb5f0a8d056
figure_code	scripts/manuscript/build_extended_data_figure10.py	py	135			6e648e64f43b9998a6a43d6c1dfccf44a7d048608f4d6f4c53866db44647f857
figure_code	scripts/manuscript/build_extended_data_figure2.py	py	150			23a649b20f5abe59d94e03efb36384ba5b5a6a106d6bf47f53229a7c90de86cf
figure_code	scripts/manuscript/build_extended_data_figure3.py	py	134			b1388ad97ffb0cd276b1a1da533325b59a132f911cb8588407f18ca937c2f9dc
figure_code	scripts/manuscript/build_extended_data_figure4.py	py	150			6955b4c66bfd24aeeccf9cdae40b2503a83c2f6bc55744b71e008a205a101eae
figure_code	scripts/manuscript/build_extended_data_figure5.py	py	150			999c6ecff0b3a9804077bb30e62eeee70ec00fca2c0003ede21814c079c8c15c
figure_code	scripts/manuscript/build_extended_data_figure6.py	py	134			acd3ea6ca3d10a338aa9542b74d2ccfe2a6a180e7bd190142632981063a8cd3f
figure_code	scripts/manuscript/build_extended_data_figure7.py	py	150			c85a846e69995664fa5eedc45a56b3580157aabe5e3001f1443422f1ce9a0c93
figure_code	scripts/manuscript/build_extended_data_figure8.py	py	150			a02b912e0493ea817c96f8d66eeb47808d676b0153b71c57cfaea0bb9375cb1e
figure_code	scripts/manuscript/build_extended_data_figure9.py	py	134			8a3c1f8ef4ef409da944631d6b7570f313554160f938a5c4b8a1432ed1a31871
figure_code	scripts/manuscript/build_figure1_truth_object.py	py	101			154e79f470ea6ad658ba6d4c48b45fa37ae0e36c6733939f8083e3992bbe9db8
figure_code	scripts/manuscript/build_figure2_anchor_tiering.py	py	100			b775d177c2836cca2e5a21612e67c81f7dc4e618cf974e8d00c62b755209cf9e
figure_code	scripts/manuscript/build_figure3_model_tradeoff.py	py	100			f074dd8246980ce46a0ab3ed235129d0a9c3fad315f2c08b2a7a43f536ce09de
figure_code	scripts/manuscript/build_figure4_sweep_controls.py	py	100			89a28261ee4628e2e93a28ce111a01b90d03dbf24310c102eface8a4a678a7b1
figure_code	scripts/manuscript/build_figure5_axis_interpretation.py	py	140			d8976f52a5a0bb834e5755bb529e45f753a394ba63639931a99c20083c536215
figure_code	scripts/manuscript/build_figure6_boundary.py	py	94			db6b6f4ed8fa02c0d6e7ae260a51c8b2e2c20a96616282550c12f2c10afd03e4
figure_code	scripts/manuscript/build_submission_package.py	py	13101			1896efc62d5f169e96fbd33c8b4a299519451e57840ff3fc2fefbcd1b9056977
figure_code	scripts/manuscript/build_supplementary_table_index.py	py	3024			8d633f0f72581c535deadec02b091b538d2f37c7dcf5fc7928ef854e5f7c22d3
figure_code	scripts/manuscript/run_architecture_adjudication.py	py	5033			727aed7546f0152c4d889e2860d21d1e2ad2594df3cbacedbecf1fbd4a35e455
figure_code	src/wtbench/manuscript/__init__.py	py	45			b8ed36e9a5f79867727479ec4e26fc73d7b5d4700c81ad0be14b448b50be7400
figure_code	src/wtbench/manuscript/_palette.py	py	1440			6b04d19ecb1fd8b537095940125487c0a4f8494b2ff1151affb39e9e38a58a45
figure_code	src/wtbench/manuscript/extended_data_figure10.py	py	15227			ac413fc155d04f39d29cae0048d5aa754523b194fb71ced27ffe7acc7fab5945
figure_code	src/wtbench/manuscript/extended_data_figure3.py	py	12316			eecdcdd458111e8724f5e454343e8566368d834b3f865d9e0345d41aa39b9cfe
figure_code	src/wtbench/manuscript/extended_data_figure6.py	py	13600			c336e2fae60687f56dc05da1c36b27e21bda0ae2100ac771a7c4d84e14f102fe
figure_code	src/wtbench/manuscript/extended_data_figure9.py	py	13127			e77c5bcd5858a17031009d38927bf6f51ce665c828703cc8fbb89ad9f6e00e1e
figure_code	src/wtbench/manuscript/extended_data_remaining.py	py	31657			1b39fade552c19a2855bdd6947d14d75a3708fe0fc951ed440e2923425d992ed
figure_code	src/wtbench/manuscript/figure1_truth_object_v2.py	py	30790			6f57c3e20d0ccc5e717ad52ec2ea00ea8552eef4182c689d555d1632a9ee03aa
figure_code	src/wtbench/manuscript/figure2_anchor_tiering.py	py	35602			84244968f1b6c35752895c7c017f639f66d3c82e70635f53f12b5be1c3d06df1
figure_code	src/wtbench/manuscript/figure3_model_tradeoff.py	py	27990			3bc49797af2afbffda7615b9ec738ae54dd093486cb8b96b191eab6a5ea3059c
figure_code	src/wtbench/manuscript/figure4_sweep_controls.py	py	18758			43b7b1ea5dd778a578e43873ddc50c78eb13dd1c7aa4b53d57776a51f8e0fca5
figure_code	src/wtbench/manuscript/figure5_axis_interpretation.py	py	17357			5b5057da9eb6defd5dc84b492b3c0fe4d7b5e9c8031d978070ce30bf05a5eb12
figure_code	src/wtbench/manuscript/figure6_boundary.py	py	18378			aac8e24d41fa622391792ae5fee0ad115faf197de85647b998c48713d39dd604
figure_code	src/wtbench/manuscript/figure_io.py	py	748			694d92914d824ee7bb0813af9a851ccb425d82568bc30320c2766be229743feb
figure_code	src/wtbench/manuscript/hash_manifest.py	py	3325			0b83edd7bad52dc9a7decd50998aae3253388df9d8dc753cc5b7923e975fc248
figure_code	src/wtbench/manuscript/manuscript_style.py	py	3880			d1594706d4ef6ea6cf0fc27e68c98d16145c4c00a3065109fba2d98cae28bc98
main_figures	reports/manuscript_figures_v2/fig1_truth_object/figure1.pdf	pdf	41624			0475bea1faa7b5818783213d479dd4df6dc421f7296bb5e303b3bb99d028b8b6
main_figures	reports/manuscript_figures_v2/fig1_truth_object/figure1.png	png	347446			cea2d347f249b05d5d41f0eb5916dcf54a8f2087d32d94b388c11654e3ff67dc
main_figures	reports/manuscript_figures_v2/fig1_truth_object/figure1_panel_manifest.json	json	8169			2b247d3cc45d71005727ee0aba7ba0926ffca9ee8083f94e4134de538ae603c9
main_figures	reports/manuscript_figures_v2/fig1_truth_object/figure1_source_data.tsv	tsv	52773	111.0	60.0	aaae778c2bc0cfe900b432ddaab94c6bd0d8f24cef206fc14f5a912d0b8874c0
main_figures	reports/manuscript_figures_v2/fig1_truth_object/panels/figure1_panela.pdf	pdf	27699			ad6ad9bb774145a9a3661a5ced8bd4d161e1621888b9bb9190d88c1cbff98af5
main_figures	reports/manuscript_figures_v2/fig1_truth_object/panels/figure1_panela.png	png	67148			aa300a399f8fd932354b986cb0a11a70bb0680d737f319080d0e5d25ef3045c1
main_figures	reports/manuscript_figures_v2/fig1_truth_object/panels/figure1_panela_manifest.json	json	6913			e89e49f8aa16fde55ee473a067c0dc6601d71f3184f451352eea0c4f5b03a49f
main_figures	reports/manuscript_figures_v2/fig1_truth_object/panels/figure1_panela_source_data.tsv	tsv	85	3.0	2.0	da2f0e3463a7191c62a39201653394dd62750d74233b5a50bde734752b631058
main_figures	reports/manuscript_figures_v2/fig1_truth_object/panels/figure1_panelb.pdf	pdf	16354			9cc269928d17659ee5c051c132a92b3ee85a298f133274043a8d8ba649c72e74
main_figures	reports/manuscript_figures_v2/fig1_truth_object/panels/figure1_panelb.png	png	40341			51e6398503c24a61a50e7674b1778cf2eb1e784c77b967c9efe5b226b2c7d5fc
main_figures	reports/manuscript_figures_v2/fig1_truth_object/panels/figure1_panelb_manifest.json	json	6917			1ab07c7f765dd7b5e93d6c9d97bf38bf878f27907f9038794337699890f21092
main_figures	reports/manuscript_figures_v2/fig1_truth_object/panels/figure1_panelb_source_data.tsv	tsv	170	5.0	3.0	50b07d2e405ca8f2e164293b827572b61a9fade8a221385326af60bc1c92dae7
main_figures	reports/manuscript_figures_v2/fig1_truth_object/panels/figure1_panelc.pdf	pdf	23102			b19e065ec9405cf5f6a31603eb877276cec8010c0582b8418a79d15034e0038f
main_figures	reports/manuscript_figures_v2/fig1_truth_object/panels/figure1_panelc.png	png	66828			75511a37d7795cfe23cd031b96f4dfb119c33a340080d070514052d8b14a9284
main_figures	reports/manuscript_figures_v2/fig1_truth_object/panels/figure1_panelc_manifest.json	json	6913			11da0f64f4c764c400346a424e037222ead7e296a11a2c26445e87b9239e17ff
main_figures	reports/manuscript_figures_v2/fig1_truth_object/panels/figure1_panelc_source_data.tsv	tsv	23874	47.0	41.0	87a8fb4729134597f66b56e41c64a1e627bc470b608c398c3cc1c37a85010449
main_figures	reports/manuscript_figures_v2/fig1_truth_object/panels/figure1_paneld.pdf	pdf	22991			a81f08ef62770a3817e22250645779b5ead5e52f81a5a56f2857950f78e183c4
main_figures	reports/manuscript_figures_v2/fig1_truth_object/panels/figure1_paneld.png	png	65499			259c61b1e865fa572f741b7aa31dc7dbc905bcdd7589c37131e9cc18a3d5cfab
main_figures	reports/manuscript_figures_v2/fig1_truth_object/panels/figure1_paneld_manifest.json	json	6915			e944dd794f6bb95d81dbb3d7205d06fca98585c0af4cd0d9b4cd9f36b3e67017
main_figures	reports/manuscript_figures_v2/fig1_truth_object/panels/figure1_paneld_source_data.tsv	tsv	23977	48.0	41.0	7cb93ab7e81ae154a613faaefd93b736a16d077fa7ecf0f613e05abeab664188
main_figures	reports/manuscript_figures_v2/fig1_truth_object/panels/figure1_panele.pdf	pdf	20159			5bfe2977ebbc87965626eafa6e88ddcc21fc92d104d3c46c450af26d122acadf
main_figures	reports/manuscript_figures_v2/fig1_truth_object/panels/figure1_panele.png	png	75704			97340efaf3dbf856b8431c6134196e771bceb2925a9570cb4ead18c90cc67b51
main_figures	reports/manuscript_figures_v2/fig1_truth_object/panels/figure1_panele_manifest.json	json	6924			9a62477a4cb36e886cfc1cba30a016d7648034bc24586cbbc76c548710d29f44
main_figures	reports/manuscript_figures_v2/fig1_truth_object/panels/figure1_panele_source_data.tsv	tsv	769	6.0	9.0	721a09e055f1086629ea1bfd101a5fd776afd723971e538b70e336bc2079ecbd
main_figures	reports/manuscript_figures_v2/fig1_truth_object/panels/figure1_panelf.pdf	pdf	21157			d5cad2de5084f0b369bb057589332736765fc5a7ab7a932478e99d31e6ea3205
main_figures	reports/manuscript_figures_v2/fig1_truth_object/panels/figure1_panelf.png	png	41694			8a61acfa6451f3e359174da3cc45c3880fb1fc270ca0b4e6c2c8762d2c5062f2
main_figures	reports/manuscript_figures_v2/fig1_truth_object/panels/figure1_panelf_manifest.json	json	6899			9c8eda59a194936d364bdb8c702b70b9b5c37988381a70d92dd8a45480307e5d
main_figures	reports/manuscript_figures_v2/fig1_truth_object/panels/figure1_panelf_source_data.tsv	tsv	619	2.0	13.0	a811985a79f47c3a464817dad5ffb394f32fea7ff392f0ba2e4c8805ab69fe94
main_figures	reports/manuscript_figures_v2/fig2_anchor_tiering/figure2.pdf	pdf	34459			f01a51178d287be66ff9b28612f07653bae02d769da4464ccce85bf31cb8cd06
main_figures	reports/manuscript_figures_v2/fig2_anchor_tiering/figure2.png	png	315804			dda7b79136c241f45c7788ae0bbd9cc37710664ef470c9b1e653843202362d2c
main_figures	reports/manuscript_figures_v2/fig2_anchor_tiering/figure2_panel_manifest.json	json	10446			8edf470adea7f1a302b08272b5de38b3c56cf4a3dcb6b819f8465e31a158147e
main_figures	reports/manuscript_figures_v2/fig2_anchor_tiering/figure2_source_data.tsv	tsv	9896	72.0	32.0	e4d870b70535da3ab35e8e1cdba92eb8c4e3da7ae0fd7d72851521533c874af8
main_figures	reports/manuscript_figures_v2/fig2_anchor_tiering/panels/figure2_panela.pdf	pdf	20202			8210c4c67fcf1fb2da9c3178f8395b55930358efe1602a61f8e2f610e3137251
main_figures	reports/manuscript_figures_v2/fig2_anchor_tiering/panels/figure2_panela.png	png	55288			25df11401ba5c180f33366f4435b31b6cfc678f121ec1d01b71402733c8515a3
main_figures	reports/manuscript_figures_v2/fig2_anchor_tiering/panels/figure2_panela_manifest.json	json	9206			a4ae63bc01cef72d1f89b763e3dd3cdf9261855767733cb4e2ab16a67570484f
main_figures	reports/manuscript_figures_v2/fig2_anchor_tiering/panels/figure2_panela_source_data.tsv	tsv	1318	7.0	10.0	83129dbc37c0e2f1c7b0e1a6db05568edc2d6d6ffdf793de735ebc8fcb8e683d
main_figures	reports/manuscript_figures_v2/fig2_anchor_tiering/panels/figure2_panelb.pdf	pdf	18789			16a4916ec02fc5c1c2d08a60236df0dfc2e446169e0dda7b5ea157b16fcaddce
main_figures	reports/manuscript_figures_v2/fig2_anchor_tiering/panels/figure2_panelb.png	png	42799			339fba8bded65a8ac37e339fdcc5a0726c974750cb9776be8899eff1f2b1167d
main_figures	reports/manuscript_figures_v2/fig2_anchor_tiering/panels/figure2_panelb_manifest.json	json	9206			389a602015628d841bda1ce65319f65f859b70e80639ef1dfa9cadadf7960f52
main_figures	reports/manuscript_figures_v2/fig2_anchor_tiering/panels/figure2_panelb_source_data.tsv	tsv	632	8.0	6.0	ca02b6e564b2b6134a54c6dae8e1fccc41dea3749bf16593395f2ecc000bc8be
main_figures	reports/manuscript_figures_v2/fig2_anchor_tiering/panels/figure2_panelc.pdf	pdf	19095			0fd21fc95f48c71168f53590fa5ca89b7562a3c60b3337f2d8aa43e88a1435b0
main_figures	reports/manuscript_figures_v2/fig2_anchor_tiering/panels/figure2_panelc.png	png	49698			7cb5e1b8b3d55281c6286cb7920f3a02213120c89d50e9dc402dc44c8c8870f1
main_figures	reports/manuscript_figures_v2/fig2_anchor_tiering/panels/figure2_panelc_manifest.json	json	9229			e505e5502173f5871a446145337457d0270d750a37612183b4ec3ea1b693e931
main_figures	reports/manuscript_figures_v2/fig2_anchor_tiering/panels/figure2_panelc_source_data.tsv	tsv	1859	9.0	14.0	3c97d0a7cf8e55a4e1182611b70b12dcdb562bfb489f6a06b9c776b3aa17e2a3
main_figures	reports/manuscript_figures_v2/fig2_anchor_tiering/panels/figure2_paneld.pdf	pdf	18110			02d1e97a4c85acf7dcb220296446345edd7ded6d31b39a53f7ca793c20be5de2
main_figures	reports/manuscript_figures_v2/fig2_anchor_tiering/panels/figure2_paneld.png	png	50101			6348526b37097c8a58b0ad437ffa0d096c4355131b87d5d436b657a34c27185e
main_figures	reports/manuscript_figures_v2/fig2_anchor_tiering/panels/figure2_paneld_manifest.json	json	9211			7b0469a5128610decd582198ab9e131fbde07c148d29956664e7e00eb39e6e12
main_figures	reports/manuscript_figures_v2/fig2_anchor_tiering/panels/figure2_paneld_source_data.tsv	tsv	648	4.0	7.0	828f3d9c39f3a3cb1e200b812538c53737888e8a48be33e5647a05ca423fca1c
main_figures	reports/manuscript_figures_v2/fig2_anchor_tiering/panels/figure2_panele.pdf	pdf	20702			cb30313a26fdcd5b61b112f4b96fa96806ce1d3dfa5dac7c89d016b72bd50dd6
main_figures	reports/manuscript_figures_v2/fig2_anchor_tiering/panels/figure2_panele.png	png	66549			4706eb9cff1dc36c7fb9a603ecfe9b121451753b76bce8e92fa8540c33bc98a5
main_figures	reports/manuscript_figures_v2/fig2_anchor_tiering/panels/figure2_panele_manifest.json	json	9206			b082d305739d90adb792a9956e8b43df1e588590470a4d97c35866ac85ec3789
main_figures	reports/manuscript_figures_v2/fig2_anchor_tiering/panels/figure2_panele_source_data.tsv	tsv	2968	40.0	7.0	cb33052fdd9e9a31cc107c605c5cc204f35bfaec9936e79d56688ee60cea7eb4
main_figures	reports/manuscript_figures_v2/fig2_anchor_tiering/panels/figure2_panelf.pdf	pdf	18554			eb6f3b57d02042b9d977e250b890242b33d441385ea3be05e8f8edbaa6672de6
main_figures	reports/manuscript_figures_v2/fig2_anchor_tiering/panels/figure2_panelf.png	png	47876			ee126d3a0c36721ddbd63c50c94985cf1bef108e23269bc80e1cf6a7bee3a984
main_figures	reports/manuscript_figures_v2/fig2_anchor_tiering/panels/figure2_panelf_manifest.json	json	9194			85c2f196fe4842fae733342c2159189fbed8fe532d064f83b17dafff46c13d29
main_figures	reports/manuscript_figures_v2/fig2_anchor_tiering/panels/figure2_panelf_source_data.tsv	tsv	703	4.0	5.0	098b9ce811ed99575dd84c1c4c4c7a057884365425d65a320e270dfb36b43ef9
main_figures	reports/manuscript_figures_v2/fig3_model_tradeoff/figure3.pdf	pdf	38540			22e4ce57a86f96c6a18fcda077388f4e45ccb37d85688ab07a101cfcbd735ebd
main_figures	reports/manuscript_figures_v2/fig3_model_tradeoff/figure3.png	png	343120			812300742cb6858e448476b7b213cf8fd105cdd9bfa108579266002bbbe53a62
main_figures	reports/manuscript_figures_v2/fig3_model_tradeoff/figure3_panel_manifest.json	json	8912			257bd770f22d04ff18fd56679eb248700269d3d5fe2733a8092332a85012595c
main_figures	reports/manuscript_figures_v2/fig3_model_tradeoff/figure3_source_data.tsv	tsv	3026	25.0	13.0	58ba8dc133b0455177a0324ded6fab4118d3e02c4970c651b15bb7bc2bd12931
main_figures	reports/manuscript_figures_v2/fig3_model_tradeoff/panels/figure3_panela.pdf	pdf	24912			82940acc12b821975a81c4e84f162d30130422d7b487ae80c52ed5230d55b8c8
main_figures	reports/manuscript_figures_v2/fig3_model_tradeoff/panels/figure3_panela.png	png	97006			2997f0a5542a69c339532bb092491afba95aeaf833a28490cf66cd50dae429b8
main_figures	reports/manuscript_figures_v2/fig3_model_tradeoff/panels/figure3_panela_manifest.json	json	8085			573838591bdcb858a9fd4e8be713ba473fa51d6e202490d32945fab07d370a7a
main_figures	reports/manuscript_figures_v2/fig3_model_tradeoff/panels/figure3_panela_source_data.tsv	tsv	1020	8.0	7.0	af9d5c7c9b280df2c69dcefc43944f8e7640d7cc9bd8292592a260b512e3682f
main_figures	reports/manuscript_figures_v2/fig3_model_tradeoff/panels/figure3_panelb.pdf	pdf	17901			d7e593d2f9a45e6e56afb2afa158247c4dfd4524e085712c69401f029ad37142
main_figures	reports/manuscript_figures_v2/fig3_model_tradeoff/panels/figure3_panelb.png	png	66486			20f2921b6cf3891b3aad2d483120dbdfac4f90ae479336ad1ce51fce63d2b0ea
main_figures	reports/manuscript_figures_v2/fig3_model_tradeoff/panels/figure3_panelb_manifest.json	json	8082			202e6ebefce98a6fd3e2cb499a61d8e5f498ff5f5bcb00d9f760b03dd1b6527d
main_figures	reports/manuscript_figures_v2/fig3_model_tradeoff/panels/figure3_panelb_source_data.tsv	tsv	337	2.0	6.0	ffc5376047d912d0676342a7c3774fef438c5577d79f603efa956da85540b9af
main_figures	reports/manuscript_figures_v2/fig3_model_tradeoff/panels/figure3_panelc.pdf	pdf	25094			f925d9e55aaa1cd6ae6f27065efb0efd4f3507f31e5f82ea8f9e0a88aec0d3f7
main_figures	reports/manuscript_figures_v2/fig3_model_tradeoff/panels/figure3_panelc.png	png	103589			3f12ccf4989f41aaf1f4c76552e79cd8c500f68878904bba4a86b5d0a1c87b19
main_figures	reports/manuscript_figures_v2/fig3_model_tradeoff/panels/figure3_panelc_manifest.json	json	8082			0561456daa7bac709f46906839d9f599d27c5f7deb206e856a8f4bc10cd83bf6
main_figures	reports/manuscript_figures_v2/fig3_model_tradeoff/panels/figure3_panelc_source_data.tsv	tsv	1528	13.0	7.0	438c3c6e97628c910cb2cf957ab9e0146d84b59d6f47c4edb5f933f28f673d9c
main_figures	reports/manuscript_figures_v2/fig3_model_tradeoff/panels/figure3_paneld.pdf	pdf	16600			cc9d79462016d1436c8e23bdf1e3a662b0ef23c9945d09f7fe626b55939df5e7
main_figures	reports/manuscript_figures_v2/fig3_model_tradeoff/panels/figure3_paneld.png	png	53974			a7623a755f86458b357f6722326947eb85cdc06f40327139652a695d24a5e0e7
main_figures	reports/manuscript_figures_v2/fig3_model_tradeoff/panels/figure3_paneld_manifest.json	json	8094			488f9638a2cff3e1918a977458b1ca05cad842411644179a62e9f667a3347503
main_figures	reports/manuscript_figures_v2/fig3_model_tradeoff/panels/figure3_paneld_source_data.tsv	tsv	198	2.0	5.0	09f0de928e59570c102609bd833b22c534183a11e1627dc66c91501d38f5a839
main_figures	reports/manuscript_figures_v2/fig4_sweep_controls/figure4.pdf	pdf	30357			26c3204c0b907076a4e2403e3cc09634d6d2ea7278a71b64a06d68d29257bb26
main_figures	reports/manuscript_figures_v2/fig4_sweep_controls/figure4.png	png	578870			4a93f968b38bd16b91972df2bfc5f8da4735dd9acee59f91da6f9c9e15fcdb79
main_figures	reports/manuscript_figures_v2/fig4_sweep_controls/figure4_panel_manifest.json	json	5243			f754ddc2f75282d8719853c8d845d6a2c5751a7bca23c21ba6372ae475a87bd7
main_figures	reports/manuscript_figures_v2/fig4_sweep_controls/figure4_source_data.tsv	tsv	5960	44.0	24.0	1ca3fb1c5a0246ca3c5189866a81c0e20c3bce5f1154d3a1b9dbff49212ebe36
main_figures	reports/manuscript_figures_v2/fig4_sweep_controls/panels/figure4_panela.pdf	pdf	17220			9239c4336b1c5b5d7d4d005016c17d89a7ba989f31fcb6c998824c41767a537a
main_figures	reports/manuscript_figures_v2/fig4_sweep_controls/panels/figure4_panela.png	png	72045			5c95880a7e2a7053faab3a034209016f86b16bc6ffb27d809ba22438e8a4c549
main_figures	reports/manuscript_figures_v2/fig4_sweep_controls/panels/figure4_panela_manifest.json	json	3626			eaf4c962a8e07655204c8ebd7fcfa7a5b636d56d3397802d1424e618f962f277
main_figures	reports/manuscript_figures_v2/fig4_sweep_controls/panels/figure4_panela_source_data.tsv	tsv	590	7.0	4.0	1dd45787b9309c84719da22b44ecc1401aaf23478bb3f3e22984a27377138e3e
main_figures	reports/manuscript_figures_v2/fig4_sweep_controls/panels/figure4_panelb.pdf	pdf	18946			855790f504b684049f2ec1968a91d13ab5b70c827b7461fc6757b2b8564a49a7
main_figures	reports/manuscript_figures_v2/fig4_sweep_controls/panels/figure4_panelb.png	png	76817			876696dfe9a2f686025c4d4b841d8fafd5117a612845b040555eebf2e40583c9
main_figures	reports/manuscript_figures_v2/fig4_sweep_controls/panels/figure4_panelb_manifest.json	json	3626			f878c9627e6fd2405617037305e8b0a9f3dad34d7622985c61f06426e37860cd
main_figures	reports/manuscript_figures_v2/fig4_sweep_controls/panels/figure4_panelb_source_data.tsv	tsv	760	7.0	5.0	cda0255fddb17fd176a9ee252f1d4e4ae05198e2f912d3352c0508e7a82c90c7
main_figures	reports/manuscript_figures_v2/fig4_sweep_controls/panels/figure4_panelc.pdf	pdf	16564			c8311ab12c550367813f16cafc74f3a8db2ffe94dd396b51bd82547d224eb743
main_figures	reports/manuscript_figures_v2/fig4_sweep_controls/panels/figure4_panelc.png	png	65708			0faf9363564e68d28b7b4732f3f750493fb2a6c7efde51885215428e873d70eb
main_figures	reports/manuscript_figures_v2/fig4_sweep_controls/panels/figure4_panelc_manifest.json	json	3636			be338457663be73dec4822abcc2ab383fc29863ff517cd39fae5c9015804785f
main_figures	reports/manuscript_figures_v2/fig4_sweep_controls/panels/figure4_panelc_source_data.tsv	tsv	742	7.0	5.0	f1621f175b1a4dbd84bca01c2d5fa1a036fdee88b58dc472a8519a48d598953e
main_figures	reports/manuscript_figures_v2/fig4_sweep_controls/panels/figure4_paneld.pdf	pdf	17880			f42e8b701fc1565051e6bbfb3684f0373ed27d5cf1ba4fc7719afc880bb5550e
main_figures	reports/manuscript_figures_v2/fig4_sweep_controls/panels/figure4_paneld.png	png	71669			c0416bd428169bdc2398cbac96053d580ffd76000e8b786befd3be7618703605
main_figures	reports/manuscript_figures_v2/fig4_sweep_controls/panels/figure4_paneld_manifest.json	json	3625			f1d290c6d87c70957c1e7b68b4b1bdd5d75d88fc83a66a1baacfe765aaaccdb6
main_figures	reports/manuscript_figures_v2/fig4_sweep_controls/panels/figure4_paneld_source_data.tsv	tsv	1001	6.0	7.0	ec8d9c93da35398e970fde9ebffee3c1eb88451c74567b33bdb11e63e4f3d002
main_figures	reports/manuscript_figures_v2/fig4_sweep_controls/panels/figure4_panele.pdf	pdf	18818			238e08d95cf7fc8d99e2f9964966788fe5238248448845d1e0a4e5fa9d7a735a
main_figures	reports/manuscript_figures_v2/fig4_sweep_controls/panels/figure4_panele.png	png	73658			9883abea1e1408be671862c0c70e468c14183d9a5c68fe3c7bd063126da33b33
main_figures	reports/manuscript_figures_v2/fig4_sweep_controls/panels/figure4_panele_manifest.json	json	3621			d5cd0206d000d3b0bd9f6669c8196b762b6b67b152ae1061f267e3b83f5aca54
main_figures	reports/manuscript_figures_v2/fig4_sweep_controls/panels/figure4_panele_source_data.tsv	tsv	179	3.0	2.0	1744bac8607011c876f0527eba828ed86605a2c379c2ea5dd795d6effceeeb5f
main_figures	reports/manuscript_figures_v2/fig4_sweep_controls/panels/figure4_panelf.pdf	pdf	16506			6edf1d4890e01070c819f76973b3e7387cf42f4fa749e7e1a9ecd28866c784f8
main_figures	reports/manuscript_figures_v2/fig4_sweep_controls/panels/figure4_panelf.png	png	48147			ab9e3d3c56b2dc9e712520d801b075f11bc3c3d1bea49416e5d0525e4f4da3f3
main_figures	reports/manuscript_figures_v2/fig4_sweep_controls/panels/figure4_panelf_manifest.json	json	3619			6aa2644e8cea6f0b1315849e66227ce4e771bfe8af057388bb053dfc32333881
main_figures	reports/manuscript_figures_v2/fig4_sweep_controls/panels/figure4_panelf_source_data.tsv	tsv	579	4.0	6.0	1d2e436c7c64736755b9d635b57e2708f34e4c94ce0548d7a9f0e4a326480b3b
main_figures	reports/manuscript_figures_v2/fig4_sweep_controls/panels/figure4_panelg.pdf	pdf	17222			a21b7d01e423fd74dca05e792d13d345ae034e8bdd40e993a8b0c66ac1419343
main_figures	reports/manuscript_figures_v2/fig4_sweep_controls/panels/figure4_panelg.png	png	69498			83775d68b109adbd5729195415a716a6076ddf444f294438b5b4ad4c10a179bd
main_figures	reports/manuscript_figures_v2/fig4_sweep_controls/panels/figure4_panelg_manifest.json	json	3627			40b7007f43d5486a2cc381f7c64373ffddc164d920d1f96ade1a8be9be5b8a81
main_figures	reports/manuscript_figures_v2/fig4_sweep_controls/panels/figure4_panelg_source_data.tsv	tsv	1239	6.0	8.0	69156c5401d5201648e45b3bcc5d8c40458f34bdf3360c8ad43a53a4e5110ac5
main_figures	reports/manuscript_figures_v2/fig4_sweep_controls/panels/figure4_panelh.pdf	pdf	18178			a63b2872e873707db3fe64c0280984b79c1245ca0838e5f4dadd719311d0b044
main_figures	reports/manuscript_figures_v2/fig4_sweep_controls/panels/figure4_panelh.png	png	92756			2dd31122ba1811df1b5cda85f954d162d730f05e62eab4dc74a6a5d793a258e5
main_figures	reports/manuscript_figures_v2/fig4_sweep_controls/panels/figure4_panelh_manifest.json	json	3620			a112d04286e6b1010df9b6091995e62c224ebb8cc20cf05da2a3073d2a440402
main_figures	reports/manuscript_figures_v2/fig4_sweep_controls/panels/figure4_panelh_source_data.tsv	tsv	200	4.0	2.0	9dc572099144e0fade7d459dffc39e689f00b4e0897b9746201b8034ff29a296
main_figures	reports/manuscript_figures_v2/fig5_axis_interpretation/figure5.pdf	pdf	37762			ff90b891dbe5577290fd1b6b70b0c800187367a2892931bae0f4445a429dffe8
main_figures	reports/manuscript_figures_v2/fig5_axis_interpretation/figure5.png	png	695446			e0a798b4d6c97b6195c5254928c8615268c7d1942e1f67c652e8ad0936d015d9
main_figures	reports/manuscript_figures_v2/fig5_axis_interpretation/figure5_panel_manifest.json	json	4022			a6af7482f6a4a00fc9bef282e9b65a6355fc332002411668086fe7b5b9d771fe
main_figures	reports/manuscript_figures_v2/fig5_axis_interpretation/figure5_source_data.tsv	tsv	27150	147.0	38.0	dc07e34a12daaaf51acc0fc2afe2577af1054a426285789161464f91fe9a195b
main_figures	reports/manuscript_figures_v2/fig5_axis_interpretation/panels/figure5_panela.pdf	pdf	20581			556ca68537390c291dc65001a64f3b035c8c8f0c1b82b236f017c0d70c57300c
main_figures	reports/manuscript_figures_v2/fig5_axis_interpretation/panels/figure5_panela.png	png	55359			e056f952e7008a78a60887bc9d285069e820001ecb2970d88d1448f4fb3252c3
main_figures	reports/manuscript_figures_v2/fig5_axis_interpretation/panels/figure5_panela_manifest.json	json	2365			cdc85ea655393bc071cdad29dd09b6b4e4f7e209c0b191b009a16f1a8456e7d1
main_figures	reports/manuscript_figures_v2/fig5_axis_interpretation/panels/figure5_panela_source_data.tsv	tsv	7055	26.0	18.0	e05825fc344231fe75bd8fcc25a8a1251f782427a81ec40a94b468e85e76c866
main_figures	reports/manuscript_figures_v2/fig5_axis_interpretation/panels/figure5_panelb.pdf	pdf	15908			0849c8670d5d99a98a66ccda57ee4570a0f1c0fb29251aa6f133202cda78699d
main_figures	reports/manuscript_figures_v2/fig5_axis_interpretation/panels/figure5_panelb.png	png	71430			495d997b492060206c83e5a28f10de3ce09ede9e52978e9b9582f39f40cc2fae
main_figures	reports/manuscript_figures_v2/fig5_axis_interpretation/panels/figure5_panelb_manifest.json	json	2374			a9f7b707bcca8330d07cbc9a5ab42d50896f4e500235f66c8a9baaf6e0643b70
main_figures	reports/manuscript_figures_v2/fig5_axis_interpretation/panels/figure5_panelb_source_data.tsv	tsv	2060	26.0	4.0	2ebd7e732e99011c2a890c5337fa64c5b93b6337bb718ce35e0f96993c4ec423
main_figures	reports/manuscript_figures_v2/fig5_axis_interpretation/panels/figure5_panelc.pdf	pdf	18277			501604090d32d379ee3e30dbaf299f0fc02237daded197affc9e93526a7e1f04
main_figures	reports/manuscript_figures_v2/fig5_axis_interpretation/panels/figure5_panelc.png	png	108895			e461eaf2d1c675cb0b27f91cfd65d6ef21da95a1e88d79380a3848011e9cf1da
main_figures	reports/manuscript_figures_v2/fig5_axis_interpretation/panels/figure5_panelc_manifest.json	json	2360			6f31b0633ba80c884e3ea5caa99867f5f88c8456a1c20a79ed12a51280de49c6
main_figures	reports/manuscript_figures_v2/fig5_axis_interpretation/panels/figure5_panelc_source_data.tsv	tsv	5551	26.0	11.0	8c4dc4c13e2a20e27eaadba24d717fe894b1d0615144f26a6ad611e7feaa0d4c
main_figures	reports/manuscript_figures_v2/fig5_axis_interpretation/panels/figure5_paneld.pdf	pdf	20147			0bdf75b0667a5c0c3fccdc00b9d755c96a710b1f966253f516f42ad17d0af5a0
main_figures	reports/manuscript_figures_v2/fig5_axis_interpretation/panels/figure5_paneld.png	png	109459			889512a67cee6f2b63fe488762513f7bfd1aa1772c5fa7ae8cb1300a0bbc2fdb
main_figures	reports/manuscript_figures_v2/fig5_axis_interpretation/panels/figure5_paneld_manifest.json	json	2359			f6aba90430eadd4b33ff144f3492ba103f93ba64f4eca0908877daa582881112
main_figures	reports/manuscript_figures_v2/fig5_axis_interpretation/panels/figure5_paneld_source_data.tsv	tsv	3232	26.0	7.0	1bef10e6fb0eadaa142940bd8f776aa6e2c1e5ad73e99ae1d5b294b48df39d72
main_figures	reports/manuscript_figures_v2/fig5_axis_interpretation/panels/figure5_panele.pdf	pdf	16706			3fe0164603bf6dbe1b4078ed4c6d9027ca8465d7f1f3852bc6f2073f3ab87afb
main_figures	reports/manuscript_figures_v2/fig5_axis_interpretation/panels/figure5_panele.png	png	48846			9a496b04e3f61570fa3f55815d3681606fb46df1adafab770d81b07d1f18fc35
main_figures	reports/manuscript_figures_v2/fig5_axis_interpretation/panels/figure5_panele_manifest.json	json	2370			66ff243339206d1526f09120f299515c8e43fcf54cb4e49c539da524796470ee
main_figures	reports/manuscript_figures_v2/fig5_axis_interpretation/panels/figure5_panele_source_data.tsv	tsv	251	1.0	7.0	a921748c8958ac2bfd8966165cd876f8cfd1b4902bf96c08fd2b417524a59a9a
main_figures	reports/manuscript_figures_v2/fig5_axis_interpretation/panels/figure5_panelf.pdf	pdf	16257			4ff0c4dd9b31b6d606ec9ecb5895614bfe20f440a500ad0353a07bcb3b9e7c79
main_figures	reports/manuscript_figures_v2/fig5_axis_interpretation/panels/figure5_panelf.png	png	114811			d3ecd4be20b18b310123c4b26327636d1d79188c5d9d48bac2292c18c738f280
main_figures	reports/manuscript_figures_v2/fig5_axis_interpretation/panels/figure5_panelf_manifest.json	json	2371			8dfa887248939609026f8e04a02f5376e161d8626888edc9cb963856fcc601f2
main_figures	reports/manuscript_figures_v2/fig5_axis_interpretation/panels/figure5_panelf_source_data.tsv	tsv	2163	26.0	6.0	d86b935e056e3689218bccf21b3a8d3a1bfb15c29472e96eddc6d913495b984e
main_figures	reports/manuscript_figures_v2/fig5_axis_interpretation/panels/figure5_panelg.pdf	pdf	18905			eeea377286f745a7d42ed226a006c4f0693886b1219e3f48e7ff26d60fd394d3
main_figures	reports/manuscript_figures_v2/fig5_axis_interpretation/panels/figure5_panelg.png	png	113795			0ef475662d263f60097e86a196e40b99389a12e6dc661e5adf39f6873f774ef3
main_figures	reports/manuscript_figures_v2/fig5_axis_interpretation/panels/figure5_panelg_manifest.json	json	2367			fe56fa5803965744e846f38986a0429c1abd31aef35ebc5fb53bef524283b3cd
main_figures	reports/manuscript_figures_v2/fig5_axis_interpretation/panels/figure5_panelg_source_data.tsv	tsv	1881	14.0	6.0	6fd793a6cd26e4fab86424c2534250f531bdde8149f64be350d9f95d3d5eb693
main_figures	reports/manuscript_figures_v2/fig5_axis_interpretation/panels/figure5_panelh.pdf	pdf	18379			c7ed3709c7971252c99f8e732b7ad1b5077d485a6f80739da2cbcb0be7d3b5a6
main_figures	reports/manuscript_figures_v2/fig5_axis_interpretation/panels/figure5_panelh.png	png	74072			d2106ba36180ab8848461c9e60248438b16eef0c453e208a1ecc1c7b1ee65d9b
main_figures	reports/manuscript_figures_v2/fig5_axis_interpretation/panels/figure5_panelh_manifest.json	json	2360			1fc12fc0eae5f0c04f8b8f8c9966256acb6c7524c80774612a702d281c02b73b
main_figures	reports/manuscript_figures_v2/fig5_axis_interpretation/panels/figure5_panelh_source_data.tsv	tsv	457	2.0	4.0	a688081fee1968046111ba319801ac49b21712dbc230e099df0606ebfcb8f9a0
main_figures	reports/manuscript_figures_v2/fig6_boundary/figure6.pdf	pdf	28908			4f7f666787eaa70e08e3b8a97a03a97687a7da938831948e39ed30ea2f54efa7
main_figures	reports/manuscript_figures_v2/fig6_boundary/figure6.png	png	469015			360c83dec3e7be6d65d08062e5ed94b8a82f0839000a8dfa57c3821c56f4627c
main_figures	reports/manuscript_figures_v2/fig6_boundary/figure6_panel_manifest.json	json	5292			d0a751bb9809ebcc8d85478b148facc28769f9e98d45431484e4fd0c5edbab2c
main_figures	reports/manuscript_figures_v2/fig6_boundary/figure6_source_data.tsv	tsv	10734	51.0	38.0	2909b7b267c193fb2caf803144bfe174c81e4919108cf456498c363983e22d7c
main_figures	reports/manuscript_figures_v2/fig6_boundary/panels/figure6_panela.pdf	pdf	15566			f45414b400f5364d8561d793188ccb6e51a5c0102e963249ac9b8bb26ebfad2f
main_figures	reports/manuscript_figures_v2/fig6_boundary/panels/figure6_panela.png	png	65768			635eff972b2bdbcddbda26cfe5bb3ec6178d8a496c89bd1cc37bd8cc0bff091e
main_figures	reports/manuscript_figures_v2/fig6_boundary/panels/figure6_panela_manifest.json	json	3704			7da57e7193114a8dc979d0c79e450227e98fa12885fa5af11040c946df9ba844
main_figures	reports/manuscript_figures_v2/fig6_boundary/panels/figure6_panela_source_data.tsv	tsv	2477	10.0	9.0	4ca913c0c8781d5303dfafa996c26b95acc62033ef3c1f67ac9f95352ae7fcd4
main_figures	reports/manuscript_figures_v2/fig6_boundary/panels/figure6_panelb.pdf	pdf	16037			c0ae42e74f64357619e189714940b78324c68e9e11724b5f42f9ee83df321373
main_figures	reports/manuscript_figures_v2/fig6_boundary/panels/figure6_panelb.png	png	45336			86fc64936d817958e17ca2c85ca58216e8c02af5fbceeb8ce6038758ee02f702
main_figures	reports/manuscript_figures_v2/fig6_boundary/panels/figure6_panelb_manifest.json	json	3714			73a09ed0d621063865cff530c265a6e87c2ea1262d1893b11f511a739eef13ee
main_figures	reports/manuscript_figures_v2/fig6_boundary/panels/figure6_panelb_source_data.tsv	tsv	703	4.0	5.0	098b9ce811ed99575dd84c1c4c4c7a057884365425d65a320e270dfb36b43ef9
main_figures	reports/manuscript_figures_v2/fig6_boundary/panels/figure6_panelc.pdf	pdf	16412			91b795f111a6aa2fda61c783e37ffe34d1f15ae0f8a274b609c668770525ff53
main_figures	reports/manuscript_figures_v2/fig6_boundary/panels/figure6_panelc.png	png	68825			c4e325314f8aa7ebb624c2a066f708f748bc7c91e48ca4ab52040efab31f4fe8
main_figures	reports/manuscript_figures_v2/fig6_boundary/panels/figure6_panelc_manifest.json	json	3706			c5ef25c1f5ba9414d7ee911c9d5c504a3fdef4edbafa715486fd4d75d3d05cbb
main_figures	reports/manuscript_figures_v2/fig6_boundary/panels/figure6_panelc_source_data.tsv	tsv	131	2.0	3.0	109c5df3c0105e67311b879381dc47bac042cac35ec7cce12ee44002bec0932a
main_figures	reports/manuscript_figures_v2/fig6_boundary/panels/figure6_paneld.pdf	pdf	14462			556fd22d1f0c27f1774774dc6cf1a74c9f90c849a6d09c6ccb90bf380d1d757e
main_figures	reports/manuscript_figures_v2/fig6_boundary/panels/figure6_paneld.png	png	39625			959aa768342e23effd062985a8764d11dd04ceed39a4d0bf1df50a1d325d9e73
main_figures	reports/manuscript_figures_v2/fig6_boundary/panels/figure6_paneld_manifest.json	json	3708			3ac798491adcf0040135a50527e9ada9d5c8b32a74910c0a7f35363890bfb9cb
main_figures	reports/manuscript_figures_v2/fig6_boundary/panels/figure6_paneld_source_data.tsv	tsv	203	2.0	5.0	6b8e72692e4e91234718bef64d14027f9e545e3901bf2489e78f293cee80406c
main_figures	reports/manuscript_figures_v2/fig6_boundary/panels/figure6_panele.pdf	pdf	16085			441167c893d43b8c025e57db69ab1d24298351d88ee4e6e8d1ac224b0b3e4b1b
main_figures	reports/manuscript_figures_v2/fig6_boundary/panels/figure6_panele.png	png	58884			5e891c4abf27fd273fc108a8e3b79dc4bfa7752a366475105ed498ba14f6d996
main_figures	reports/manuscript_figures_v2/fig6_boundary/panels/figure6_panele_manifest.json	json	3708			1c32129412d086fb923463f4b22abe48e6525ba34c4f934911884664b8dceb38
main_figures	reports/manuscript_figures_v2/fig6_boundary/panels/figure6_panele_source_data.tsv	tsv	271	2.0	5.0	df3da139ffe241d2f957d88e19f6bb01f27af8814b5ffdcf859982be501e0a2b
main_figures	reports/manuscript_figures_v2/fig6_boundary/panels/figure6_panelf.pdf	pdf	16371			d71bfef7fd725666569ed5f202f99413b104d487e3f50e5ec15a5b7112268a84
main_figures	reports/manuscript_figures_v2/fig6_boundary/panels/figure6_panelf.png	png	40476			fe0410aebc0c76a6882858e2aa0836161fe0dc9e3c70be6c3b841ca3af28a238
main_figures	reports/manuscript_figures_v2/fig6_boundary/panels/figure6_panelf_manifest.json	json	3700			9687f6dbaed1c727eef1fa22e033eafa35c2edeaa30d0ed6ef31ef36e9939c70
main_figures	reports/manuscript_figures_v2/fig6_boundary/panels/figure6_panelf_source_data.tsv	tsv	3956	20.0	7.0	2bd1ddb0708812aca124ecf282b8be0f76786f468adfa0ab67dfab11bc91ae48
main_figures	reports/manuscript_figures_v2/fig6_boundary/panels/figure6_panelg.pdf	pdf	17295			5c75d9fcfc59d0affb71b8bcb8d76956bea83a1e8967c9d85d4c0051c3807ee1
main_figures	reports/manuscript_figures_v2/fig6_boundary/panels/figure6_panelg.png	png	61243			91e10376837e91fa4c5f6a5927eb02567ca42f3dd48fda07584988a523f6eb48
main_figures	reports/manuscript_figures_v2/fig6_boundary/panels/figure6_panelg_manifest.json	json	3717			49df3de7afc47ea2fa9242b6731b45f2cd0ca3958557b14d0c7f868a8898ddf8
main_figures	reports/manuscript_figures_v2/fig6_boundary/panels/figure6_panelg_source_data.tsv	tsv	317	8.0	4.0	16deca3618ebe6db68a517eb2c0394a985822ab07cc3e144c9b9ac21a955e610
main_figures	reports/manuscript_figures_v2/fig6_boundary/panels/figure6_panelh.pdf	pdf	20339			454d6fe9e10bf6bb8a8eed4e90b4fb37d349de40023c2a33307557ba465349ba
main_figures	reports/manuscript_figures_v2/fig6_boundary/panels/figure6_panelh.png	png	81865			7adf370c1d9dc6a4c6de1be2e285d162af74d15ff3382e1298e4aaa0f39c7962
main_figures	reports/manuscript_figures_v2/fig6_boundary/panels/figure6_panelh_manifest.json	json	3700			d553219cef68d976febda660da452f21a2773cc7ceea296d06b132b80d65e103
main_figures	reports/manuscript_figures_v2/fig6_boundary/panels/figure6_panelh_source_data.tsv	tsv	942	3.0	4.0	583bce478e2057cf87f404019191738e4bcb7d65556530f3701d9548ff09dc89
manuscript_text	docs/baseline_model_interpretation_and_journal_strategy_v1.md	md	5803			36928ff3910980ae5e6ab33c26e877875574b1f6d1ee85d066b0aa585d739658
manuscript_text	docs/extended_data_figure_legends_v1.md	md	4379			5bad6b53bdc59eeff71344d5c6258b0e72b5bd14533c2f196e3727d59d4cdaaf
manuscript_text	docs/genome_biology_cover_letter_v1.md	md	2909			f021823a4eb153f3a9c8b313c7cfb924df1e3dae0e6321801a8f576ed03791c1
manuscript_text	docs/genome_biology_figure_legends_v1.md	md	12332			a37cfa88d680fd046282033be5dffbaeea76cba10bdc9381a1e13a1a8f3c5c32
manuscript_text	docs/genome_biology_manuscript_draft_v1.md	md	29528			995603971c7370f230a58f6d8bd7b602d3129cd499c3f945fc3a329a79b8ef89
manuscript_text	docs/genome_biology_submission_checklist_v1.md	md	6110			66ef88711c19caed131e7e5d120c8f798bdd6ae5efd7778d2bc4633441f917b4
manuscript_text	docs/main_manuscript_availability_and_reproducibility_v1.md	md	3856			85b97460eab47ce67bcbe225851fbb4ff8ed1f378674eebcb51f6e6974dca6b7
manuscript_text	docs/main_manuscript_figure_legends_v1.md	md	8259			1d584ab5bfb030540af408851be7d4ce9628e0450d9782fd251303f670aaef3f
manuscript_text	docs/main_manuscript_submission_draft_v2.md	md	21059			905e77f2fa7857af7e695aea9a400f6965b1cb66132819a0b23f353285fd7962
reference_template	s41592-025-02772-6.pdf	pdf	10921079			93b9a09b1d7d2c9e09efdac22ec45da4602c21fea61535a9dc894545678f051e
submission_notes	README.md	md	30994			f0835efe13c240756b255c4207e97776321482a7f60627491c137d10d8987fcc
submission_notes	configs/README.md	md	7741			cef48402b1cf080072d547800eec2d29342ea31ee5e62f75c01e7aa03865be22
submission_notes	docs/extended_data_execution_plan_v1.md	md	8846			f1e9f5635734226fea168a6c8bb318cfca4b1fe46b0bd103f755ef934fb4eb58
submission_notes	docs/manuscript_complete_figure_plan_v1.md	md	14310			31895370e99c9be85e6e25869a855d4768868039ecdf1a7ab29cd96969626220
submission_notes	docs/manuscript_figure_generation_record_v1.md	md	5299			12eedcc16f39bd7d699b166b59caf89a8988e0de8a6434b7940510551327959b
submission_notes	docs/submission_package_index_v1.md	md	9814			859c2d7d5aae24a50ced315702e2717312d018694db638fdcd4052559f1a00b1
submission_notes	docs/submission_readiness_checklist_v1.md	md	7806			610e29e67d1363bd2f5be95d27444cf0e9f38501361c244548463e9409f88664
submission_notes	plan.md	md	35923			7fccfa234c007d4a833ab8d13ea674916cd99ce56152d54ecde683c852b3e697
submission_notes	scripts/README.md	md	6610			61a8feb091e58b17a04f7a1893387ac36f4e7dd4942cc71a9183260e66a243c1
submission_package	reports/manuscript_submission_package_v1/supplementary_tables_v1.xlsx	xlsx	105512			14bc9167361ac5c06909efd1e3c870f503154ade536e4294ddd47ba54fbdc3de
supplementary_tables	reports/manuscript_supplementary_tables_v1/supplementary_table_file_index.tsv	tsv	13815	55.0	9.0	82ab12fae93b4ff5e0c6278e3c81e3406876a8a2678049f4858f9c87b9d9ba2d
supplementary_tables	reports/manuscript_supplementary_tables_v1/supplementary_table_manifest.json	json	23992			1643ab9c0827d2de760705f239798a08abc37912dd1f1818296f054817633f57
supplementary_tables	reports/manuscript_supplementary_tables_v1/supplementary_table_summary.tsv	tsv	1093	10.0	6.0	6fb8f0687f4009261e94ef395f1cd8c7899db6fd53df42ca8da1e722b64bdd39
