context	cell_line	target_gene	shift_percentile	dependency_percentile	endpoint_category	evidence_role	category_interpretation
HCC1143 day 14	HCC1143	ARID1A	0.6875	0.7916666666666666	middle	primary_model_audit	operational endpoint-aligned recovery annotation; not a causal truth label or direct fitness readout
HCC1143 day 14	HCC1143	BMPR1A	0.6666666666666666	0.8125	middle	primary_model_audit	operational endpoint-aligned recovery annotation; not a causal truth label or direct fitness readout
HCC1143 day 14	HCC1143	CDKN2A	0.3958333333333333	0.020833333333333332	middle	primary_model_audit	operational endpoint-aligned recovery annotation; not a causal truth label or direct fitness readout
HCC1143 day 14	HCC1143	COMMD6	0.1875	0.625	middle	primary_model_audit	operational endpoint-aligned recovery annotation; not a causal truth label or direct fitness readout
HCC1143 day 14	HCC1143	ENY2	0.875	0.6875	middle	primary_model_audit	operational endpoint-aligned recovery annotation; not a causal truth label or direct fitness readout
HCC1143 day 14	HCC1143	ERC1	0.3541666666666667	0.4583333333333333	middle	primary_model_audit	operational endpoint-aligned recovery annotation; not a causal truth label or direct fitness readout
HCC1143 day 14	HCC1143	ETV3	0.4791666666666667	0.6666666666666666	middle	primary_model_audit	operational endpoint-aligned recovery annotation; not a causal truth label or direct fitness readout
HCC1143 day 14	HCC1143	GON4L	0.7291666666666666	0.7083333333333334	middle	primary_model_audit	operational endpoint-aligned recovery annotation; not a causal truth label or direct fitness readout
HCC1143 day 14	HCC1143	HDGF	0.0625	0.3125	middle	primary_model_audit	operational endpoint-aligned recovery annotation; not a causal truth label or direct fitness readout
HCC1143 day 14	HCC1143	HLX	0.375	0.375	middle	primary_model_audit	operational endpoint-aligned recovery annotation; not a causal truth label or direct fitness readout
HCC1143 day 14	HCC1143	KLF3	0.5	0.4791666666666667	middle	primary_model_audit	operational endpoint-aligned recovery annotation; not a causal truth label or direct fitness readout
HCC1143 day 14	HCC1143	LAMTOR5	0.8125	0.5833333333333334	middle	primary_model_audit	operational endpoint-aligned recovery annotation; not a causal truth label or direct fitness readout
HCC1143 day 14	HCC1143	MAML3	0.08333333333333333	0.0625	Q4_low_information	primary_model_audit	operational endpoint-aligned recovery annotation; not a causal truth label or direct fitness readout
HCC1143 day 14	HCC1143	MIER1	0.5416666666666666	0.20833333333333334	middle	primary_model_audit	operational endpoint-aligned recovery annotation; not a causal truth label or direct fitness readout
HCC1143 day 14	HCC1143	MTDH	0.3333333333333333	0.2708333333333333	middle	primary_model_audit	operational endpoint-aligned recovery annotation; not a causal truth label or direct fitness readout
HCC1143 day 14	HCC1143	MYBL1	0.7916666666666666	0.3333333333333333	middle	primary_model_audit	operational endpoint-aligned recovery annotation; not a causal truth label or direct fitness readout
HCC1143 day 14	HCC1143	NCOA1	0.020833333333333332	0.3958333333333333	middle	primary_model_audit	operational endpoint-aligned recovery annotation; not a causal truth label or direct fitness readout
HCC1143 day 14	HCC1143	NPM1	0.7083333333333334	0.7291666666666666	middle	primary_model_audit	operational endpoint-aligned recovery annotation; not a causal truth label or direct fitness readout
HCC1143 day 14	HCC1143	PA2G4	0.5833333333333334	0.5625	middle	primary_model_audit	operational endpoint-aligned recovery annotation; not a causal truth label or direct fitness readout
HCC1143 day 14	HCC1143	PARK7	0.6458333333333334	0.6041666666666666	middle	primary_model_audit	operational endpoint-aligned recovery annotation; not a causal truth label or direct fitness readout
HCC1143 day 14	HCC1143	PCBD1	0.3125	0.25	middle	primary_model_audit	operational endpoint-aligned recovery annotation; not a causal truth label or direct fitness readout
HCC1143 day 14	HCC1143	PEX14	0.14583333333333334	0.3541666666666667	middle	primary_model_audit	operational endpoint-aligned recovery annotation; not a causal truth label or direct fitness readout
HCC1143 day 14	HCC1143	PFDN5	0.8333333333333334	0.8958333333333334	Q1_anchor	primary_model_audit	operational endpoint-aligned recovery annotation; not a causal truth label or direct fitness readout
HCC1143 day 14	HCC1143	PMF1	0.9583333333333334	0.875	Q1_anchor	primary_model_audit	operational endpoint-aligned recovery annotation; not a causal truth label or direct fitness readout
HCC1143 day 14	HCC1143	PRDX2	0.5208333333333334	0.75	middle	primary_model_audit	operational endpoint-aligned recovery annotation; not a causal truth label or direct fitness readout
HCC1143 day 14	HCC1143	PRPF6	0.9791666666666666	0.96875	Q1_anchor	primary_model_audit	operational endpoint-aligned recovery annotation; not a causal truth label or direct fitness readout
HCC1143 day 14	HCC1143	RORC	0.22916666666666666	0.5	middle	primary_model_audit	operational endpoint-aligned recovery annotation; not a causal truth label or direct fitness readout
HCC1143 day 14	HCC1143	RPS3	0.7708333333333334	0.96875	Q1_anchor	primary_model_audit	operational endpoint-aligned recovery annotation; not a causal truth label or direct fitness readout
HCC1143 day 14	HCC1143	RUVBL2	0.9375	0.96875	Q1_anchor	primary_model_audit	operational endpoint-aligned recovery annotation; not a causal truth label or direct fitness readout
HCC1143 day 14	HCC1143	SMAD1	0.20833333333333334	0.4375	middle	primary_model_audit	operational endpoint-aligned recovery annotation; not a causal truth label or direct fitness readout
HCC1143 day 14	HCC1143	SS18L2	1.0	0.96875	Q1_anchor	primary_model_audit	operational endpoint-aligned recovery annotation; not a causal truth label or direct fitness readout
HCC1143 day 14	HCC1143	STAT3	0.25	0.041666666666666664	Q4_low_information	primary_model_audit	operational endpoint-aligned recovery annotation; not a causal truth label or direct fitness readout
HCC1143 day 14	HCC1143	TAB3	0.625	0.125	middle	primary_model_audit	operational endpoint-aligned recovery annotation; not a causal truth label or direct fitness readout
HCC1143 day 14	HCC1143	TADA3	0.8541666666666666	0.7708333333333334	Q1_anchor	primary_model_audit	operational endpoint-aligned recovery annotation; not a causal truth label or direct fitness readout
HCC1143 day 14	HCC1143	THAP8	0.4166666666666667	0.2916666666666667	middle	primary_model_audit	operational endpoint-aligned recovery annotation; not a causal truth label or direct fitness readout
HCC1143 day 14	HCC1143	THRA	0.4583333333333333	0.5208333333333334	middle	primary_model_audit	operational endpoint-aligned recovery annotation; not a causal truth label or direct fitness readout
HCC1143 day 14	HCC1143	TMF1	0.5625	0.6458333333333334	middle	primary_model_audit	operational endpoint-aligned recovery annotation; not a causal truth label or direct fitness readout
HCC1143 day 14	HCC1143	TMSB4X	0.041666666666666664	0.16666666666666666	Q4_low_information	primary_model_audit	operational endpoint-aligned recovery annotation; not a causal truth label or direct fitness readout
HCC1143 day 14	HCC1143	UBP1	0.2916666666666667	0.22916666666666666	middle	primary_model_audit	operational endpoint-aligned recovery annotation; not a causal truth label or direct fitness readout
HCC1143 day 14	HCC1143	VEZF1	0.6041666666666666	0.4166666666666667	middle	primary_model_audit	operational endpoint-aligned recovery annotation; not a causal truth label or direct fitness readout
HCC1143 day 14	HCC1143	XBP1	0.2708333333333333	0.14583333333333334	middle	primary_model_audit	operational endpoint-aligned recovery annotation; not a causal truth label or direct fitness readout
HCC1143 day 14	HCC1143	YBX1	0.75	0.9166666666666666	Q1_anchor	primary_model_audit	operational endpoint-aligned recovery annotation; not a causal truth label or direct fitness readout
HCC1143 day 14	HCC1143	ZBTB17	0.9166666666666666	0.8333333333333334	Q1_anchor	primary_model_audit	operational endpoint-aligned recovery annotation; not a causal truth label or direct fitness readout
HCC1143 day 14	HCC1143	ZBTB20	0.125	0.08333333333333333	Q4_low_information	primary_model_audit	operational endpoint-aligned recovery annotation; not a causal truth label or direct fitness readout
HCC1143 day 14	HCC1143	ZBTB5	0.4375	0.5416666666666666	middle	primary_model_audit	operational endpoint-aligned recovery annotation; not a causal truth label or direct fitness readout
HCC1143 day 14	HCC1143	ZNF131	0.8958333333333334	0.8541666666666666	Q1_anchor	primary_model_audit	operational endpoint-aligned recovery annotation; not a causal truth label or direct fitness readout
HCC1143 day 14	HCC1143	ZNF24	0.10416666666666667	0.1875	Q4_low_information	primary_model_audit	operational endpoint-aligned recovery annotation; not a causal truth label or direct fitness readout
HCC1143 day 14	HCC1143	ZNF566	0.16666666666666666	0.10416666666666667	Q4_low_information	primary_model_audit	operational endpoint-aligned recovery annotation; not a causal truth label or direct fitness readout
HCC38 day 14	HCC38	ARID1A	0.8085106382978723	0.6382978723404256	middle	primary_model_audit	operational endpoint-aligned recovery annotation; not a causal truth label or direct fitness readout
HCC38 day 14	HCC38	BMPR1A	0.574468085106383	0.723404255319149	middle	primary_model_audit	operational endpoint-aligned recovery annotation; not a causal truth label or direct fitness readout
HCC38 day 14	HCC38	CDKN2A	0.0851063829787234	0.0425531914893617	Q4_low_information	primary_model_audit	operational endpoint-aligned recovery annotation; not a causal truth label or direct fitness readout
HCC38 day 14	HCC38	COMMD6	0.14893617021276595	0.14893617021276595	Q4_low_information	primary_model_audit	operational endpoint-aligned recovery annotation; not a causal truth label or direct fitness readout
HCC38 day 14	HCC38	ENY2	0.9361702127659575	0.8297872340425532	Q1_anchor	primary_model_audit	operational endpoint-aligned recovery annotation; not a causal truth label or direct fitness readout
HCC38 day 14	HCC38	ERC1	0.1276595744680851	0.0851063829787234	Q4_low_information	primary_model_audit	operational endpoint-aligned recovery annotation; not a causal truth label or direct fitness readout
HCC38 day 14	HCC38	ETV3	0.46808510638297873	0.5531914893617021	middle	primary_model_audit	operational endpoint-aligned recovery annotation; not a causal truth label or direct fitness readout
HCC38 day 14	HCC38	GON4L	0.6382978723404256	0.7872340425531915	middle	primary_model_audit	operational endpoint-aligned recovery annotation; not a causal truth label or direct fitness readout
HCC38 day 14	HCC38	HDGF	0.5319148936170213	0.40425531914893614	middle	primary_model_audit	operational endpoint-aligned recovery annotation; not a causal truth label or direct fitness readout
HCC38 day 14	HCC38	HLX	0.48936170212765956	0.10638297872340426	middle	primary_model_audit	operational endpoint-aligned recovery annotation; not a causal truth label or direct fitness readout
HCC38 day 14	HCC38	KLF3	0.5531914893617021	0.6808510638297872	middle	primary_model_audit	operational endpoint-aligned recovery annotation; not a causal truth label or direct fitness readout
HCC38 day 14	HCC38	LAMTOR5	0.9574468085106383	0.6170212765957447	middle	primary_model_audit	operational endpoint-aligned recovery annotation; not a causal truth label or direct fitness readout
HCC38 day 14	HCC38	MAML3	0.02127659574468085	0.1702127659574468	Q4_low_information	primary_model_audit	operational endpoint-aligned recovery annotation; not a causal truth label or direct fitness readout
HCC38 day 14	HCC38	MIER1	0.40425531914893614	0.1276595744680851	middle	primary_model_audit	operational endpoint-aligned recovery annotation; not a causal truth label or direct fitness readout
HCC38 day 14	HCC38	MTDH	0.5957446808510638	0.425531914893617	middle	primary_model_audit	operational endpoint-aligned recovery annotation; not a causal truth label or direct fitness readout
HCC38 day 14	HCC38	MYBL1	0.6808510638297872	0.2553191489361702	middle	primary_model_audit	operational endpoint-aligned recovery annotation; not a causal truth label or direct fitness readout
HCC38 day 14	HCC38	NCOA1	0.1702127659574468	0.48936170212765956	middle	primary_model_audit	operational endpoint-aligned recovery annotation; not a causal truth label or direct fitness readout
HCC38 day 14	HCC38	NPM1	0.9787234042553191	0.8936170212765957	Q1_anchor	primary_model_audit	operational endpoint-aligned recovery annotation; not a causal truth label or direct fitness readout
HCC38 day 14	HCC38	PA2G4	0.7021276595744681	0.8085106382978723	middle	primary_model_audit	operational endpoint-aligned recovery annotation; not a causal truth label or direct fitness readout
HCC38 day 14	HCC38	PARK7	0.425531914893617	0.3191489361702128	middle	primary_model_audit	operational endpoint-aligned recovery annotation; not a causal truth label or direct fitness readout
HCC38 day 14	HCC38	PCBD1	0.10638297872340426	0.2978723404255319	middle	primary_model_audit	operational endpoint-aligned recovery annotation; not a causal truth label or direct fitness readout
HCC38 day 14	HCC38	PEX14	0.19148936170212766	0.06382978723404255	Q4_low_information	primary_model_audit	operational endpoint-aligned recovery annotation; not a causal truth label or direct fitness readout
HCC38 day 14	HCC38	PFDN5	0.8297872340425532	0.8723404255319149	Q1_anchor	primary_model_audit	operational endpoint-aligned recovery annotation; not a causal truth label or direct fitness readout
HCC38 day 14	HCC38	PMF1	0.8723404255319149	0.9574468085106383	Q1_anchor	primary_model_audit	operational endpoint-aligned recovery annotation; not a causal truth label or direct fitness readout
HCC38 day 14	HCC38	PRDX2	0.3617021276595745	0.6595744680851063	middle	primary_model_audit	operational endpoint-aligned recovery annotation; not a causal truth label or direct fitness readout
HCC38 day 14	HCC38	PRPF6	1.0	0.9361702127659575	Q1_anchor	primary_model_audit	operational endpoint-aligned recovery annotation; not a causal truth label or direct fitness readout
HCC38 day 14	HCC38	RORC	0.3191489361702128	0.7446808510638298	middle	primary_model_audit	operational endpoint-aligned recovery annotation; not a causal truth label or direct fitness readout
HCC38 day 14	HCC38	RPS3	0.8936170212765957	0.9893617021276596	Q1_anchor	primary_model_audit	operational endpoint-aligned recovery annotation; not a causal truth label or direct fitness readout
HCC38 day 14	HCC38	RUVBL2	0.7872340425531915	0.9148936170212766	Q1_anchor	primary_model_audit	operational endpoint-aligned recovery annotation; not a causal truth label or direct fitness readout
HCC38 day 14	HCC38	SMAD1	0.2765957446808511	0.2127659574468085	middle	primary_model_audit	operational endpoint-aligned recovery annotation; not a causal truth label or direct fitness readout
HCC38 day 14	HCC38	STAT3	0.3829787234042553	0.3404255319148936	middle	primary_model_audit	operational endpoint-aligned recovery annotation; not a causal truth label or direct fitness readout
HCC38 day 14	HCC38	TAB3	0.5106382978723404	0.3829787234042553	middle	primary_model_audit	operational endpoint-aligned recovery annotation; not a causal truth label or direct fitness readout
HCC38 day 14	HCC38	TADA3	0.851063829787234	0.44680851063829785	middle	primary_model_audit	operational endpoint-aligned recovery annotation; not a causal truth label or direct fitness readout
HCC38 day 14	HCC38	THAP8	0.44680851063829785	0.3617021276595745	middle	primary_model_audit	operational endpoint-aligned recovery annotation; not a causal truth label or direct fitness readout
HCC38 day 14	HCC38	THRA	0.6170212765957447	0.5106382978723404	middle	primary_model_audit	operational endpoint-aligned recovery annotation; not a causal truth label or direct fitness readout
HCC38 day 14	HCC38	TMF1	0.6595744680851063	0.574468085106383	middle	primary_model_audit	operational endpoint-aligned recovery annotation; not a causal truth label or direct fitness readout
HCC38 day 14	HCC38	TMSB4X	0.23404255319148937	0.7021276595744681	middle	primary_model_audit	operational endpoint-aligned recovery annotation; not a causal truth label or direct fitness readout
HCC38 day 14	HCC38	UBP1	0.2127659574468085	0.2765957446808511	middle	primary_model_audit	operational endpoint-aligned recovery annotation; not a causal truth label or direct fitness readout
HCC38 day 14	HCC38	VEZF1	0.723404255319149	0.5319148936170213	middle	primary_model_audit	operational endpoint-aligned recovery annotation; not a causal truth label or direct fitness readout
HCC38 day 14	HCC38	XBP1	0.06382978723404255	0.19148936170212766	Q4_low_information	primary_model_audit	operational endpoint-aligned recovery annotation; not a causal truth label or direct fitness readout
HCC38 day 14	HCC38	YBX1	0.7446808510638298	0.9893617021276596	middle	primary_model_audit	operational endpoint-aligned recovery annotation; not a causal truth label or direct fitness readout
HCC38 day 14	HCC38	ZBTB17	0.7659574468085106	0.7659574468085106	Q1_anchor	primary_model_audit	operational endpoint-aligned recovery annotation; not a causal truth label or direct fitness readout
HCC38 day 14	HCC38	ZBTB20	0.3404255319148936	0.02127659574468085	middle	primary_model_audit	operational endpoint-aligned recovery annotation; not a causal truth label or direct fitness readout
HCC38 day 14	HCC38	ZBTB5	0.2978723404255319	0.23404255319148937	middle	primary_model_audit	operational endpoint-aligned recovery annotation; not a causal truth label or direct fitness readout
HCC38 day 14	HCC38	ZNF131	0.9148936170212766	0.851063829787234	Q1_anchor	primary_model_audit	operational endpoint-aligned recovery annotation; not a causal truth label or direct fitness readout
HCC38 day 14	HCC38	ZNF24	0.0425531914893617	0.46808510638297873	middle	primary_model_audit	operational endpoint-aligned recovery annotation; not a causal truth label or direct fitness readout
HCC38 day 14	HCC38	ZNF566	0.2553191489361702	0.5957446808510638	middle	primary_model_audit	operational endpoint-aligned recovery annotation; not a causal truth label or direct fitness readout
HepG2 day 7	HepG2	ARCN1	0.846		Q1_anchor	secondary_endpoint_extension	operational endpoint-aligned recovery annotation; not primary model-audit evidence
HepG2 day 7	HepG2	ATP6AP1	0.922		Q1_anchor	secondary_endpoint_extension	operational endpoint-aligned recovery annotation; not primary model-audit evidence
HepG2 day 7	HepG2	ATP6AP2	0.802		Q1_anchor	secondary_endpoint_extension	operational endpoint-aligned recovery annotation; not primary model-audit evidence
HepG2 day 7	HepG2	ATP6V0B	0.82		Q1_anchor	secondary_endpoint_extension	operational endpoint-aligned recovery annotation; not primary model-audit evidence
HepG2 day 7	HepG2	ATP6V0C	0.86		Q1_anchor	secondary_endpoint_extension	operational endpoint-aligned recovery annotation; not primary model-audit evidence
HepG2 day 7	HepG2	BRIX1	0.818		Q1_anchor	secondary_endpoint_extension	operational endpoint-aligned recovery annotation; not primary model-audit evidence
HepG2 day 7	HepG2	CCT2	0.887		Q1_anchor	secondary_endpoint_extension	operational endpoint-aligned recovery annotation; not primary model-audit evidence
HepG2 day 7	HepG2	CCT4	0.77		Q1_anchor	secondary_endpoint_extension	operational endpoint-aligned recovery annotation; not primary model-audit evidence
HepG2 day 7	HepG2	CDC6	0.831		Q1_anchor	secondary_endpoint_extension	operational endpoint-aligned recovery annotation; not primary model-audit evidence
HepG2 day 7	HepG2	CHAF1B	0.807		Q1_anchor	secondary_endpoint_extension	operational endpoint-aligned recovery annotation; not primary model-audit evidence
HepG2 day 7	HepG2	CPSF4	0.783		Q1_anchor	secondary_endpoint_extension	operational endpoint-aligned recovery annotation; not primary model-audit evidence
HepG2 day 7	HepG2	CSE1L	0.886		Q1_anchor	secondary_endpoint_extension	operational endpoint-aligned recovery annotation; not primary model-audit evidence
HepG2 day 7	HepG2	DDX10	0.839		Q1_anchor	secondary_endpoint_extension	operational endpoint-aligned recovery annotation; not primary model-audit evidence
HepG2 day 7	HepG2	DDX18	0.934		Q1_anchor	secondary_endpoint_extension	operational endpoint-aligned recovery annotation; not primary model-audit evidence
HepG2 day 7	HepG2	DDX47	0.895		Q1_anchor	secondary_endpoint_extension	operational endpoint-aligned recovery annotation; not primary model-audit evidence
HepG2 day 7	HepG2	DDX56	0.794		Q1_anchor	secondary_endpoint_extension	operational endpoint-aligned recovery annotation; not primary model-audit evidence
HepG2 day 7	HepG2	DHX8	0.947		Q1_anchor	secondary_endpoint_extension	operational endpoint-aligned recovery annotation; not primary model-audit evidence
HepG2 day 7	HepG2	EIF2B2	0.898		Q1_anchor	secondary_endpoint_extension	operational endpoint-aligned recovery annotation; not primary model-audit evidence
HepG2 day 7	HepG2	EIF2B4	0.931		Q1_anchor	secondary_endpoint_extension	operational endpoint-aligned recovery annotation; not primary model-audit evidence
HepG2 day 7	HepG2	EIF2S1	0.999		Q1_anchor	secondary_endpoint_extension	operational endpoint-aligned recovery annotation; not primary model-audit evidence
HepG2 day 7	HepG2	EIF2S2	0.797		Q1_anchor	secondary_endpoint_extension	operational endpoint-aligned recovery annotation; not primary model-audit evidence
HepG2 day 7	HepG2	EIF2S3	0.995		Q1_anchor	secondary_endpoint_extension	operational endpoint-aligned recovery annotation; not primary model-audit evidence
HepG2 day 7	HepG2	EIF3A	0.899		Q1_anchor	secondary_endpoint_extension	operational endpoint-aligned recovery annotation; not primary model-audit evidence
HepG2 day 7	HepG2	EIF3B	0.967		Q1_anchor	secondary_endpoint_extension	operational endpoint-aligned recovery annotation; not primary model-audit evidence
HepG2 day 7	HepG2	EIF3I	0.979		Q1_anchor	secondary_endpoint_extension	operational endpoint-aligned recovery annotation; not primary model-audit evidence
HepG2 day 7	HepG2	EIF4A3	0.771		Q1_anchor	secondary_endpoint_extension	operational endpoint-aligned recovery annotation; not primary model-audit evidence
HepG2 day 7	HepG2	EIF4E	0.834		Q1_anchor	secondary_endpoint_extension	operational endpoint-aligned recovery annotation; not primary model-audit evidence
HepG2 day 7	HepG2	ETF1	0.801		Q1_anchor	secondary_endpoint_extension	operational endpoint-aligned recovery annotation; not primary model-audit evidence
HepG2 day 7	HepG2	FAU	0.915		Q1_anchor	secondary_endpoint_extension	operational endpoint-aligned recovery annotation; not primary model-audit evidence
HepG2 day 7	HepG2	GPN1	0.821		Q1_anchor	secondary_endpoint_extension	operational endpoint-aligned recovery annotation; not primary model-audit evidence
HepG2 day 7	HepG2	GSPT1	0.863		Q1_anchor	secondary_endpoint_extension	operational endpoint-aligned recovery annotation; not primary model-audit evidence
HepG2 day 7	HepG2	HMGCS1	0.789		Q1_anchor	secondary_endpoint_extension	operational endpoint-aligned recovery annotation; not primary model-audit evidence
HepG2 day 7	HepG2	HNRNPK	0.872		Q1_anchor	secondary_endpoint_extension	operational endpoint-aligned recovery annotation; not primary model-audit evidence
HepG2 day 7	HepG2	HSPA9	0.991		Q1_anchor	secondary_endpoint_extension	operational endpoint-aligned recovery annotation; not primary model-audit evidence
HepG2 day 7	HepG2	IGBP1	0.835		Q1_anchor	secondary_endpoint_extension	operational endpoint-aligned recovery annotation; not primary model-audit evidence
HepG2 day 7	HepG2	KPNB1	0.765		Q1_anchor	secondary_endpoint_extension	operational endpoint-aligned recovery annotation; not primary model-audit evidence
HepG2 day 7	HepG2	LSM4	0.901		Q1_anchor	secondary_endpoint_extension	operational endpoint-aligned recovery annotation; not primary model-audit evidence
HepG2 day 7	HepG2	LSM7	0.784		Q1_anchor	secondary_endpoint_extension	operational endpoint-aligned recovery annotation; not primary model-audit evidence
HepG2 day 7	HepG2	MED22	0.946		Q1_anchor	secondary_endpoint_extension	operational endpoint-aligned recovery annotation; not primary model-audit evidence
HepG2 day 7	HepG2	MED4	0.924		Q1_anchor	secondary_endpoint_extension	operational endpoint-aligned recovery annotation; not primary model-audit evidence
HepG2 day 7	HepG2	MPHOSPH10	0.8		Q1_anchor	secondary_endpoint_extension	operational endpoint-aligned recovery annotation; not primary model-audit evidence
HepG2 day 7	HepG2	MTBP	0.753		Q1_anchor	secondary_endpoint_extension	operational endpoint-aligned recovery annotation; not primary model-audit evidence
HepG2 day 7	HepG2	MYC	0.847		Q1_anchor	secondary_endpoint_extension	operational endpoint-aligned recovery annotation; not primary model-audit evidence
HepG2 day 7	HepG2	NIFK	0.885		Q1_anchor	secondary_endpoint_extension	operational endpoint-aligned recovery annotation; not primary model-audit evidence
HepG2 day 7	HepG2	NOP58	0.845		Q1_anchor	secondary_endpoint_extension	operational endpoint-aligned recovery annotation; not primary model-audit evidence
HepG2 day 7	HepG2	NPLOC4	0.903		Q1_anchor	secondary_endpoint_extension	operational endpoint-aligned recovery annotation; not primary model-audit evidence
HepG2 day 7	HepG2	PAM16	0.862		Q1_anchor	secondary_endpoint_extension	operational endpoint-aligned recovery annotation; not primary model-audit evidence
HepG2 day 7	HepG2	PCNA	0.852		Q1_anchor	secondary_endpoint_extension	operational endpoint-aligned recovery annotation; not primary model-audit evidence
HepG2 day 7	HepG2	PELP1	0.851		Q1_anchor	secondary_endpoint_extension	operational endpoint-aligned recovery annotation; not primary model-audit evidence
HepG2 day 7	HepG2	PHB2	0.939		Q1_anchor	secondary_endpoint_extension	operational endpoint-aligned recovery annotation; not primary model-audit evidence
HepG2 day 7	HepG2	POLR2B	0.888		Q1_anchor	secondary_endpoint_extension	operational endpoint-aligned recovery annotation; not primary model-audit evidence
HepG2 day 7	HepG2	POLR2C	0.944		Q1_anchor	secondary_endpoint_extension	operational endpoint-aligned recovery annotation; not primary model-audit evidence
HepG2 day 7	HepG2	POLR2D	0.803		Q1_anchor	secondary_endpoint_extension	operational endpoint-aligned recovery annotation; not primary model-audit evidence
HepG2 day 7	HepG2	POLR2E	0.894		Q1_anchor	secondary_endpoint_extension	operational endpoint-aligned recovery annotation; not primary model-audit evidence
HepG2 day 7	HepG2	POLR2F	0.788		Q1_anchor	secondary_endpoint_extension	operational endpoint-aligned recovery annotation; not primary model-audit evidence
HepG2 day 7	HepG2	POLR2I	0.96		Q1_anchor	secondary_endpoint_extension	operational endpoint-aligned recovery annotation; not primary model-audit evidence
HepG2 day 7	HepG2	PRELID1	0.891		Q1_anchor	secondary_endpoint_extension	operational endpoint-aligned recovery annotation; not primary model-audit evidence
HepG2 day 7	HepG2	PRELID3B	0.877		Q1_anchor	secondary_endpoint_extension	operational endpoint-aligned recovery annotation; not primary model-audit evidence
HepG2 day 7	HepG2	PRPF31	0.897		Q1_anchor	secondary_endpoint_extension	operational endpoint-aligned recovery annotation; not primary model-audit evidence
HepG2 day 7	HepG2	PSMA3	0.997		Q1_anchor	secondary_endpoint_extension	operational endpoint-aligned recovery annotation; not primary model-audit evidence
HepG2 day 7	HepG2	PSMA4	0.99		Q1_anchor	secondary_endpoint_extension	operational endpoint-aligned recovery annotation; not primary model-audit evidence
HepG2 day 7	HepG2	PSMB1	0.904		Q1_anchor	secondary_endpoint_extension	operational endpoint-aligned recovery annotation; not primary model-audit evidence
HepG2 day 7	HepG2	PSMB2	0.996		Q1_anchor	secondary_endpoint_extension	operational endpoint-aligned recovery annotation; not primary model-audit evidence
HepG2 day 7	HepG2	PSMB3	0.993		Q1_anchor	secondary_endpoint_extension	operational endpoint-aligned recovery annotation; not primary model-audit evidence
HepG2 day 7	HepG2	PSMB5	1.0		Q1_anchor	secondary_endpoint_extension	operational endpoint-aligned recovery annotation; not primary model-audit evidence
HepG2 day 7	HepG2	PSMB6	0.787		Q1_anchor	secondary_endpoint_extension	operational endpoint-aligned recovery annotation; not primary model-audit evidence
HepG2 day 7	HepG2	PSMD14	0.98		Q1_anchor	secondary_endpoint_extension	operational endpoint-aligned recovery annotation; not primary model-audit evidence
HepG2 day 7	HepG2	PWP2	0.861		Q1_anchor	secondary_endpoint_extension	operational endpoint-aligned recovery annotation; not primary model-audit evidence
HepG2 day 7	HepG2	RABGGTA	0.893		Q1_anchor	secondary_endpoint_extension	operational endpoint-aligned recovery annotation; not primary model-audit evidence
HepG2 day 7	HepG2	RABGGTB	0.769		Q1_anchor	secondary_endpoint_extension	operational endpoint-aligned recovery annotation; not primary model-audit evidence
HepG2 day 7	HepG2	RPA2	0.97		Q1_anchor	secondary_endpoint_extension	operational endpoint-aligned recovery annotation; not primary model-audit evidence
HepG2 day 7	HepG2	RPA3	0.775		Q1_anchor	secondary_endpoint_extension	operational endpoint-aligned recovery annotation; not primary model-audit evidence
HepG2 day 7	HepG2	RPAP1	0.981		Q1_anchor	secondary_endpoint_extension	operational endpoint-aligned recovery annotation; not primary model-audit evidence
HepG2 day 7	HepG2	RPL10	0.954		Q1_anchor	secondary_endpoint_extension	operational endpoint-aligned recovery annotation; not primary model-audit evidence
HepG2 day 7	HepG2	RPL10A	0.963		Q1_anchor	secondary_endpoint_extension	operational endpoint-aligned recovery annotation; not primary model-audit evidence
HepG2 day 7	HepG2	RPL12	0.785		Q1_anchor	secondary_endpoint_extension	operational endpoint-aligned recovery annotation; not primary model-audit evidence
HepG2 day 7	HepG2	RPL13	0.933		Q1_anchor	secondary_endpoint_extension	operational endpoint-aligned recovery annotation; not primary model-audit evidence
HepG2 day 7	HepG2	RPL14	0.986		Q1_anchor	secondary_endpoint_extension	operational endpoint-aligned recovery annotation; not primary model-audit evidence
HepG2 day 7	HepG2	RPL17	0.985		Q1_anchor	secondary_endpoint_extension	operational endpoint-aligned recovery annotation; not primary model-audit evidence
HepG2 day 7	HepG2	RPL18	0.978		Q1_anchor	secondary_endpoint_extension	operational endpoint-aligned recovery annotation; not primary model-audit evidence
HepG2 day 7	HepG2	RPL18A	0.906		Q1_anchor	secondary_endpoint_extension	operational endpoint-aligned recovery annotation; not primary model-audit evidence
HepG2 day 7	HepG2	RPL23	0.969		Q1_anchor	secondary_endpoint_extension	operational endpoint-aligned recovery annotation; not primary model-audit evidence
HepG2 day 7	HepG2	RPL24	0.972		Q1_anchor	secondary_endpoint_extension	operational endpoint-aligned recovery annotation; not primary model-audit evidence
HepG2 day 7	HepG2	RPL26	0.908		Q1_anchor	secondary_endpoint_extension	operational endpoint-aligned recovery annotation; not primary model-audit evidence
HepG2 day 7	HepG2	RPL27A	0.948		Q1_anchor	secondary_endpoint_extension	operational endpoint-aligned recovery annotation; not primary model-audit evidence
HepG2 day 7	HepG2	RPL31	0.984		Q1_anchor	secondary_endpoint_extension	operational endpoint-aligned recovery annotation; not primary model-audit evidence
HepG2 day 7	HepG2	RPL32	0.962		Q1_anchor	secondary_endpoint_extension	operational endpoint-aligned recovery annotation; not primary model-audit evidence
HepG2 day 7	HepG2	RPL35	0.974		Q1_anchor	secondary_endpoint_extension	operational endpoint-aligned recovery annotation; not primary model-audit evidence
HepG2 day 7	HepG2	RPL36	0.983		Q1_anchor	secondary_endpoint_extension	operational endpoint-aligned recovery annotation; not primary model-audit evidence
HepG2 day 7	HepG2	RPL37A	0.964		Q1_anchor	secondary_endpoint_extension	operational endpoint-aligned recovery annotation; not primary model-audit evidence
HepG2 day 7	HepG2	RPL4	0.971		Q1_anchor	secondary_endpoint_extension	operational endpoint-aligned recovery annotation; not primary model-audit evidence
HepG2 day 7	HepG2	RPL5	0.942		Q1_anchor	secondary_endpoint_extension	operational endpoint-aligned recovery annotation; not primary model-audit evidence
HepG2 day 7	HepG2	RPL7	0.968		Q1_anchor	secondary_endpoint_extension	operational endpoint-aligned recovery annotation; not primary model-audit evidence
HepG2 day 7	HepG2	RPL8	0.973		Q1_anchor	secondary_endpoint_extension	operational endpoint-aligned recovery annotation; not primary model-audit evidence
HepG2 day 7	HepG2	RPL9	0.966		Q1_anchor	secondary_endpoint_extension	operational endpoint-aligned recovery annotation; not primary model-audit evidence
HepG2 day 7	HepG2	RPLP0	0.935		Q1_anchor	secondary_endpoint_extension	operational endpoint-aligned recovery annotation; not primary model-audit evidence
HepG2 day 7	HepG2	RPS13	0.955		Q1_anchor	secondary_endpoint_extension	operational endpoint-aligned recovery annotation; not primary model-audit evidence
HepG2 day 7	HepG2	RPS14	0.822		Q1_anchor	secondary_endpoint_extension	operational endpoint-aligned recovery annotation; not primary model-audit evidence
HepG2 day 7	HepG2	RPS15	0.911		Q1_anchor	secondary_endpoint_extension	operational endpoint-aligned recovery annotation; not primary model-audit evidence
HepG2 day 7	HepG2	RPS19	0.976		Q1_anchor	secondary_endpoint_extension	operational endpoint-aligned recovery annotation; not primary model-audit evidence
HepG2 day 7	HepG2	RPS20	0.905		Q1_anchor	secondary_endpoint_extension	operational endpoint-aligned recovery annotation; not primary model-audit evidence
HepG2 day 7	HepG2	RPS24	0.945		Q1_anchor	secondary_endpoint_extension	operational endpoint-aligned recovery annotation; not primary model-audit evidence
HepG2 day 7	HepG2	RPS27A	0.93		Q1_anchor	secondary_endpoint_extension	operational endpoint-aligned recovery annotation; not primary model-audit evidence
HepG2 day 7	HepG2	RPS3	0.929		Q1_anchor	secondary_endpoint_extension	operational endpoint-aligned recovery annotation; not primary model-audit evidence
HepG2 day 7	HepG2	RPS3A	0.951		Q1_anchor	secondary_endpoint_extension	operational endpoint-aligned recovery annotation; not primary model-audit evidence
HepG2 day 7	HepG2	RPS6	0.953		Q1_anchor	secondary_endpoint_extension	operational endpoint-aligned recovery annotation; not primary model-audit evidence
HepG2 day 7	HepG2	RPS7	0.913		Q1_anchor	secondary_endpoint_extension	operational endpoint-aligned recovery annotation; not primary model-audit evidence
HepG2 day 7	HepG2	RPS8	0.959		Q1_anchor	secondary_endpoint_extension	operational endpoint-aligned recovery annotation; not primary model-audit evidence
HepG2 day 7	HepG2	RPS9	0.917		Q1_anchor	secondary_endpoint_extension	operational endpoint-aligned recovery annotation; not primary model-audit evidence
HepG2 day 7	HepG2	RRM2	0.842		Q1_anchor	secondary_endpoint_extension	operational endpoint-aligned recovery annotation; not primary model-audit evidence
HepG2 day 7	HepG2	RUVBL1	0.992		Q1_anchor	secondary_endpoint_extension	operational endpoint-aligned recovery annotation; not primary model-audit evidence
HepG2 day 7	HepG2	SCFD1	0.79		Q1_anchor	secondary_endpoint_extension	operational endpoint-aligned recovery annotation; not primary model-audit evidence
HepG2 day 7	HepG2	SEC61A1	0.806		Q1_anchor	secondary_endpoint_extension	operational endpoint-aligned recovery annotation; not primary model-audit evidence
HepG2 day 7	HepG2	SF3B3	0.989		Q1_anchor	secondary_endpoint_extension	operational endpoint-aligned recovery annotation; not primary model-audit evidence
HepG2 day 7	HepG2	SF3B5	0.987		Q1_anchor	secondary_endpoint_extension	operational endpoint-aligned recovery annotation; not primary model-audit evidence
HepG2 day 7	HepG2	SFPQ	0.965		Q1_anchor	secondary_endpoint_extension	operational endpoint-aligned recovery annotation; not primary model-audit evidence
HepG2 day 7	HepG2	SNRNP200	0.85		Q1_anchor	secondary_endpoint_extension	operational endpoint-aligned recovery annotation; not primary model-audit evidence
HepG2 day 7	HepG2	SNRNP70	0.938		Q1_anchor	secondary_endpoint_extension	operational endpoint-aligned recovery annotation; not primary model-audit evidence
HepG2 day 7	HepG2	SRP54	0.832		Q1_anchor	secondary_endpoint_extension	operational endpoint-aligned recovery annotation; not primary model-audit evidence
HepG2 day 7	HepG2	SYMPK	0.926		Q1_anchor	secondary_endpoint_extension	operational endpoint-aligned recovery annotation; not primary model-audit evidence
HepG2 day 7	HepG2	THAP1	0.755		Q1_anchor	secondary_endpoint_extension	operational endpoint-aligned recovery annotation; not primary model-audit evidence
HepG2 day 7	HepG2	THOC2	0.889		Q1_anchor	secondary_endpoint_extension	operational endpoint-aligned recovery annotation; not primary model-audit evidence
HepG2 day 7	HepG2	TNPO3	0.809		Q1_anchor	secondary_endpoint_extension	operational endpoint-aligned recovery annotation; not primary model-audit evidence
HepG2 day 7	HepG2	TRMT112	0.804		Q1_anchor	secondary_endpoint_extension	operational endpoint-aligned recovery annotation; not primary model-audit evidence
HepG2 day 7	HepG2	TSR2	0.952		Q1_anchor	secondary_endpoint_extension	operational endpoint-aligned recovery annotation; not primary model-audit evidence
HepG2 day 7	HepG2	U2SURP	0.778		Q1_anchor	secondary_endpoint_extension	operational endpoint-aligned recovery annotation; not primary model-audit evidence
HepG2 day 7	HepG2	UBL5	0.83		Q1_anchor	secondary_endpoint_extension	operational endpoint-aligned recovery annotation; not primary model-audit evidence
HepG2 day 7	HepG2	USP39	0.811		Q1_anchor	secondary_endpoint_extension	operational endpoint-aligned recovery annotation; not primary model-audit evidence
HepG2 day 7	HepG2	UTP15	0.936		Q1_anchor	secondary_endpoint_extension	operational endpoint-aligned recovery annotation; not primary model-audit evidence
HepG2 day 7	HepG2	WDR33	0.816		Q1_anchor	secondary_endpoint_extension	operational endpoint-aligned recovery annotation; not primary model-audit evidence
HepG2 day 7	HepG2	WDR43	0.892		Q1_anchor	secondary_endpoint_extension	operational endpoint-aligned recovery annotation; not primary model-audit evidence
HepG2 day 7	HepG2	WDR75	0.92		Q1_anchor	secondary_endpoint_extension	operational endpoint-aligned recovery annotation; not primary model-audit evidence
HepG2 day 7	HepG2	XPO1	0.957		Q1_anchor	secondary_endpoint_extension	operational endpoint-aligned recovery annotation; not primary model-audit evidence
HepG2 day 7	HepG2	ARHGAP6	0.767		Q2_shift_excess	secondary_endpoint_extension	operational endpoint-aligned recovery annotation; not primary model-audit evidence
HepG2 day 7	HepG2	ATF5	0.855		Q2_shift_excess	secondary_endpoint_extension	operational endpoint-aligned recovery annotation; not primary model-audit evidence
HepG2 day 7	HepG2	CNOT1	0.869		Q2_shift_excess	secondary_endpoint_extension	operational endpoint-aligned recovery annotation; not primary model-audit evidence
HepG2 day 7	HepG2	CUL7	0.937		Q2_shift_excess	secondary_endpoint_extension	operational endpoint-aligned recovery annotation; not primary model-audit evidence
HepG2 day 7	HepG2	DCUN1D5	0.759		Q2_shift_excess	secondary_endpoint_extension	operational endpoint-aligned recovery annotation; not primary model-audit evidence
HepG2 day 7	HepG2	EXOSC8	0.776		Q2_shift_excess	secondary_endpoint_extension	operational endpoint-aligned recovery annotation; not primary model-audit evidence
HepG2 day 7	HepG2	FBRSL1	0.754		Q2_shift_excess	secondary_endpoint_extension	operational endpoint-aligned recovery annotation; not primary model-audit evidence
HepG2 day 7	HepG2	GLB1	0.805		Q2_shift_excess	secondary_endpoint_extension	operational endpoint-aligned recovery annotation; not primary model-audit evidence
HepG2 day 7	HepG2	NAA38	0.871		Q2_shift_excess	secondary_endpoint_extension	operational endpoint-aligned recovery annotation; not primary model-audit evidence
HepG2 day 7	HepG2	POLR1D	0.781		Q2_shift_excess	secondary_endpoint_extension	operational endpoint-aligned recovery annotation; not primary model-audit evidence
HepG2 day 7	HepG2	SLC25A42	0.902		Q2_shift_excess	secondary_endpoint_extension	operational endpoint-aligned recovery annotation; not primary model-audit evidence
HepG2 day 7	HepG2	UBQLN4	0.856		Q2_shift_excess	secondary_endpoint_extension	operational endpoint-aligned recovery annotation; not primary model-audit evidence
HepG2 day 7	HepG2	YTHDC1	0.817		Q2_shift_excess	secondary_endpoint_extension	operational endpoint-aligned recovery annotation; not primary model-audit evidence
HepG2 day 7	HepG2	ZC3H13	0.853		Q2_shift_excess	secondary_endpoint_extension	operational endpoint-aligned recovery annotation; not primary model-audit evidence
HepG2 day 7	HepG2	ANAPC11	0.147		Q3_dependency_excess	secondary_endpoint_extension	operational endpoint-aligned recovery annotation; not primary model-audit evidence
HepG2 day 7	HepG2	ANKLE2	0.064		Q3_dependency_excess	secondary_endpoint_extension	operational endpoint-aligned recovery annotation; not primary model-audit evidence
HepG2 day 7	HepG2	BCL2L1	0.039		Q3_dependency_excess	secondary_endpoint_extension	operational endpoint-aligned recovery annotation; not primary model-audit evidence
HepG2 day 7	HepG2	CCNK	0.112		Q3_dependency_excess	secondary_endpoint_extension	operational endpoint-aligned recovery annotation; not primary model-audit evidence
HepG2 day 7	HepG2	CDC20	0.238		Q3_dependency_excess	secondary_endpoint_extension	operational endpoint-aligned recovery annotation; not primary model-audit evidence
HepG2 day 7	HepG2	CIAO1	0.249		Q3_dependency_excess	secondary_endpoint_extension	operational endpoint-aligned recovery annotation; not primary model-audit evidence
HepG2 day 7	HepG2	DHX37	0.123		Q3_dependency_excess	secondary_endpoint_extension	operational endpoint-aligned recovery annotation; not primary model-audit evidence
HepG2 day 7	HepG2	DYNLRB1	0.082		Q3_dependency_excess	secondary_endpoint_extension	operational endpoint-aligned recovery annotation; not primary model-audit evidence
HepG2 day 7	HepG2	EIF1AX	0.159		Q3_dependency_excess	secondary_endpoint_extension	operational endpoint-aligned recovery annotation; not primary model-audit evidence
HepG2 day 7	HepG2	HIRA	0.049		Q3_dependency_excess	secondary_endpoint_extension	operational endpoint-aligned recovery annotation; not primary model-audit evidence
HepG2 day 7	HepG2	IK	0.076		Q3_dependency_excess	secondary_endpoint_extension	operational endpoint-aligned recovery annotation; not primary model-audit evidence
HepG2 day 7	HepG2	ISCU	0.072		Q3_dependency_excess	secondary_endpoint_extension	operational endpoint-aligned recovery annotation; not primary model-audit evidence
HepG2 day 7	HepG2	KIF11	0.107		Q3_dependency_excess	secondary_endpoint_extension	operational endpoint-aligned recovery annotation; not primary model-audit evidence
HepG2 day 7	HepG2	MAD2L2	0.156		Q3_dependency_excess	secondary_endpoint_extension	operational endpoint-aligned recovery annotation; not primary model-audit evidence
HepG2 day 7	HepG2	NAPG	0.173		Q3_dependency_excess	secondary_endpoint_extension	operational endpoint-aligned recovery annotation; not primary model-audit evidence
HepG2 day 7	HepG2	NCAPD2	0.223		Q3_dependency_excess	secondary_endpoint_extension	operational endpoint-aligned recovery annotation; not primary model-audit evidence
HepG2 day 7	HepG2	PCBP2	0.092		Q3_dependency_excess	secondary_endpoint_extension	operational endpoint-aligned recovery annotation; not primary model-audit evidence
HepG2 day 7	HepG2	POLR1C	0.024		Q3_dependency_excess	secondary_endpoint_extension	operational endpoint-aligned recovery annotation; not primary model-audit evidence
HepG2 day 7	HepG2	PRC1	0.169		Q3_dependency_excess	secondary_endpoint_extension	operational endpoint-aligned recovery annotation; not primary model-audit evidence
HepG2 day 7	HepG2	SRCAP	0.246		Q3_dependency_excess	secondary_endpoint_extension	operational endpoint-aligned recovery annotation; not primary model-audit evidence
HepG2 day 7	HepG2	SRSF11	0.048		Q3_dependency_excess	secondary_endpoint_extension	operational endpoint-aligned recovery annotation; not primary model-audit evidence
HepG2 day 7	HepG2	TRAPPC3	0.213		Q3_dependency_excess	secondary_endpoint_extension	operational endpoint-aligned recovery annotation; not primary model-audit evidence
HepG2 day 7	HepG2	TTC1	0.161		Q3_dependency_excess	secondary_endpoint_extension	operational endpoint-aligned recovery annotation; not primary model-audit evidence
HepG2 day 7	HepG2	TUBG1	0.043		Q3_dependency_excess	secondary_endpoint_extension	operational endpoint-aligned recovery annotation; not primary model-audit evidence
HepG2 day 7	HepG2	UBTF	0.065		Q3_dependency_excess	secondary_endpoint_extension	operational endpoint-aligned recovery annotation; not primary model-audit evidence
HepG2 day 7	HepG2	YRDC	0.085		Q3_dependency_excess	secondary_endpoint_extension	operational endpoint-aligned recovery annotation; not primary model-audit evidence
HepG2 day 7	HepG2	ACOT12	0.106		Q4_low_information	secondary_endpoint_extension	operational endpoint-aligned recovery annotation; not primary model-audit evidence
HepG2 day 7	HepG2	ADAT3	0.052		Q4_low_information	secondary_endpoint_extension	operational endpoint-aligned recovery annotation; not primary model-audit evidence
HepG2 day 7	HepG2	ALDOA	0.099		Q4_low_information	secondary_endpoint_extension	operational endpoint-aligned recovery annotation; not primary model-audit evidence
HepG2 day 7	HepG2	ANAPC15	0.01		Q4_low_information	secondary_endpoint_extension	operational endpoint-aligned recovery annotation; not primary model-audit evidence
HepG2 day 7	HepG2	ANKRD11	0.058		Q4_low_information	secondary_endpoint_extension	operational endpoint-aligned recovery annotation; not primary model-audit evidence
HepG2 day 7	HepG2	ANKS6	0.2		Q4_low_information	secondary_endpoint_extension	operational endpoint-aligned recovery annotation; not primary model-audit evidence
HepG2 day 7	HepG2	ARPC2	0.08		Q4_low_information	secondary_endpoint_extension	operational endpoint-aligned recovery annotation; not primary model-audit evidence
HepG2 day 7	HepG2	BCAR1	0.004		Q4_low_information	secondary_endpoint_extension	operational endpoint-aligned recovery annotation; not primary model-audit evidence
HepG2 day 7	HepG2	C16orf86	0.237		Q4_low_information	secondary_endpoint_extension	operational endpoint-aligned recovery annotation; not primary model-audit evidence
HepG2 day 7	HepG2	CACNB3	0.179		Q4_low_information	secondary_endpoint_extension	operational endpoint-aligned recovery annotation; not primary model-audit evidence
HepG2 day 7	HepG2	CALR	0.196		Q4_low_information	secondary_endpoint_extension	operational endpoint-aligned recovery annotation; not primary model-audit evidence
HepG2 day 7	HepG2	CCDC6	0.025		Q4_low_information	secondary_endpoint_extension	operational endpoint-aligned recovery annotation; not primary model-audit evidence
HepG2 day 7	HepG2	CCDC78	0.013		Q4_low_information	secondary_endpoint_extension	operational endpoint-aligned recovery annotation; not primary model-audit evidence
HepG2 day 7	HepG2	CHTF18	0.074		Q4_low_information	secondary_endpoint_extension	operational endpoint-aligned recovery annotation; not primary model-audit evidence
HepG2 day 7	HepG2	CLASRP	0.083		Q4_low_information	secondary_endpoint_extension	operational endpoint-aligned recovery annotation; not primary model-audit evidence
HepG2 day 7	HepG2	CLOCK	0.053		Q4_low_information	secondary_endpoint_extension	operational endpoint-aligned recovery annotation; not primary model-audit evidence
HepG2 day 7	HepG2	CS	0.192		Q4_low_information	secondary_endpoint_extension	operational endpoint-aligned recovery annotation; not primary model-audit evidence
HepG2 day 7	HepG2	CSH2	0.127		Q4_low_information	secondary_endpoint_extension	operational endpoint-aligned recovery annotation; not primary model-audit evidence
HepG2 day 7	HepG2	DDN	0.057		Q4_low_information	secondary_endpoint_extension	operational endpoint-aligned recovery annotation; not primary model-audit evidence
HepG2 day 7	HepG2	DDX19B	0.019		Q4_low_information	secondary_endpoint_extension	operational endpoint-aligned recovery annotation; not primary model-audit evidence
HepG2 day 7	HepG2	DNAAF3	0.047		Q4_low_information	secondary_endpoint_extension	operational endpoint-aligned recovery annotation; not primary model-audit evidence
HepG2 day 7	HepG2	DNAJA1	0.25		Q4_low_information	secondary_endpoint_extension	operational endpoint-aligned recovery annotation; not primary model-audit evidence
HepG2 day 7	HepG2	DNM1	0.054		Q4_low_information	secondary_endpoint_extension	operational endpoint-aligned recovery annotation; not primary model-audit evidence
HepG2 day 7	HepG2	DPY19L4	0.157		Q4_low_information	secondary_endpoint_extension	operational endpoint-aligned recovery annotation; not primary model-audit evidence
HepG2 day 7	HepG2	DSTYK	0.23		Q4_low_information	secondary_endpoint_extension	operational endpoint-aligned recovery annotation; not primary model-audit evidence
HepG2 day 7	HepG2	DYNLL2	0.18		Q4_low_information	secondary_endpoint_extension	operational endpoint-aligned recovery annotation; not primary model-audit evidence
HepG2 day 7	HepG2	EHMT2	0.143		Q4_low_information	secondary_endpoint_extension	operational endpoint-aligned recovery annotation; not primary model-audit evidence
HepG2 day 7	HepG2	EMC3	0.071		Q4_low_information	secondary_endpoint_extension	operational endpoint-aligned recovery annotation; not primary model-audit evidence
HepG2 day 7	HepG2	EPS8L1	0.018		Q4_low_information	secondary_endpoint_extension	operational endpoint-aligned recovery annotation; not primary model-audit evidence
HepG2 day 7	HepG2	ESPN	0.023		Q4_low_information	secondary_endpoint_extension	operational endpoint-aligned recovery annotation; not primary model-audit evidence
HepG2 day 7	HepG2	FAM229A	0.155		Q4_low_information	secondary_endpoint_extension	operational endpoint-aligned recovery annotation; not primary model-audit evidence
HepG2 day 7	HepG2	FBXO42	0.008		Q4_low_information	secondary_endpoint_extension	operational endpoint-aligned recovery annotation; not primary model-audit evidence
HepG2 day 7	HepG2	FNBP4	0.091		Q4_low_information	secondary_endpoint_extension	operational endpoint-aligned recovery annotation; not primary model-audit evidence
HepG2 day 7	HepG2	GAB2	0.003		Q4_low_information	secondary_endpoint_extension	operational endpoint-aligned recovery annotation; not primary model-audit evidence
HepG2 day 7	HepG2	GCLC	0.229		Q4_low_information	secondary_endpoint_extension	operational endpoint-aligned recovery annotation; not primary model-audit evidence
HepG2 day 7	HepG2	GFOD2	0.05		Q4_low_information	secondary_endpoint_extension	operational endpoint-aligned recovery annotation; not primary model-audit evidence
HepG2 day 7	HepG2	GLRX5	0.067		Q4_low_information	secondary_endpoint_extension	operational endpoint-aligned recovery annotation; not primary model-audit evidence
HepG2 day 7	HepG2	GOLT1B	0.164		Q4_low_information	secondary_endpoint_extension	operational endpoint-aligned recovery annotation; not primary model-audit evidence
HepG2 day 7	HepG2	HERC1	0.104		Q4_low_information	secondary_endpoint_extension	operational endpoint-aligned recovery annotation; not primary model-audit evidence
HepG2 day 7	HepG2	HMBOX1	0.233		Q4_low_information	secondary_endpoint_extension	operational endpoint-aligned recovery annotation; not primary model-audit evidence
HepG2 day 7	HepG2	KRT10	0.194		Q4_low_information	secondary_endpoint_extension	operational endpoint-aligned recovery annotation; not primary model-audit evidence
HepG2 day 7	HepG2	LAMTOR1	0.055		Q4_low_information	secondary_endpoint_extension	operational endpoint-aligned recovery annotation; not primary model-audit evidence
HepG2 day 7	HepG2	LIN54	0.04		Q4_low_information	secondary_endpoint_extension	operational endpoint-aligned recovery annotation; not primary model-audit evidence
HepG2 day 7	HepG2	LMO2	0.069		Q4_low_information	secondary_endpoint_extension	operational endpoint-aligned recovery annotation; not primary model-audit evidence
HepG2 day 7	HepG2	LPIN1	0.139		Q4_low_information	secondary_endpoint_extension	operational endpoint-aligned recovery annotation; not primary model-audit evidence
HepG2 day 7	HepG2	LTBP3	0.152		Q4_low_information	secondary_endpoint_extension	operational endpoint-aligned recovery annotation; not primary model-audit evidence
HepG2 day 7	HepG2	MANF	0.146		Q4_low_information	secondary_endpoint_extension	operational endpoint-aligned recovery annotation; not primary model-audit evidence
HepG2 day 7	HepG2	MBTPS2	0.217		Q4_low_information	secondary_endpoint_extension	operational endpoint-aligned recovery annotation; not primary model-audit evidence
HepG2 day 7	HepG2	MFN2	0.046		Q4_low_information	secondary_endpoint_extension	operational endpoint-aligned recovery annotation; not primary model-audit evidence
HepG2 day 7	HepG2	MKRN1	0.142		Q4_low_information	secondary_endpoint_extension	operational endpoint-aligned recovery annotation; not primary model-audit evidence
HepG2 day 7	HepG2	MTG2	0.117		Q4_low_information	secondary_endpoint_extension	operational endpoint-aligned recovery annotation; not primary model-audit evidence
HepG2 day 7	HepG2	MVK	0.027		Q4_low_information	secondary_endpoint_extension	operational endpoint-aligned recovery annotation; not primary model-audit evidence
HepG2 day 7	HepG2	NBEAL1	0.116		Q4_low_information	secondary_endpoint_extension	operational endpoint-aligned recovery annotation; not primary model-audit evidence
HepG2 day 7	HepG2	NISCH	0.153		Q4_low_information	secondary_endpoint_extension	operational endpoint-aligned recovery annotation; not primary model-audit evidence
HepG2 day 7	HepG2	NSUN4	0.243		Q4_low_information	secondary_endpoint_extension	operational endpoint-aligned recovery annotation; not primary model-audit evidence
HepG2 day 7	HepG2	NUP43	0.204		Q4_low_information	secondary_endpoint_extension	operational endpoint-aligned recovery annotation; not primary model-audit evidence
HepG2 day 7	HepG2	ORC5	0.209		Q4_low_information	secondary_endpoint_extension	operational endpoint-aligned recovery annotation; not primary model-audit evidence
HepG2 day 7	HepG2	OTOP1	0.247		Q4_low_information	secondary_endpoint_extension	operational endpoint-aligned recovery annotation; not primary model-audit evidence
HepG2 day 7	HepG2	PARN	0.094		Q4_low_information	secondary_endpoint_extension	operational endpoint-aligned recovery annotation; not primary model-audit evidence
HepG2 day 7	HepG2	PCNX3	0.24		Q4_low_information	secondary_endpoint_extension	operational endpoint-aligned recovery annotation; not primary model-audit evidence
HepG2 day 7	HepG2	PDCD5	0.141		Q4_low_information	secondary_endpoint_extension	operational endpoint-aligned recovery annotation; not primary model-audit evidence
HepG2 day 7	HepG2	PGK1	0.177		Q4_low_information	secondary_endpoint_extension	operational endpoint-aligned recovery annotation; not primary model-audit evidence
HepG2 day 7	HepG2	PITRM1	0.166		Q4_low_information	secondary_endpoint_extension	operational endpoint-aligned recovery annotation; not primary model-audit evidence
HepG2 day 7	HepG2	PKM	0.121		Q4_low_information	secondary_endpoint_extension	operational endpoint-aligned recovery annotation; not primary model-audit evidence
HepG2 day 7	HepG2	POGLUT3	0.005		Q4_low_information	secondary_endpoint_extension	operational endpoint-aligned recovery annotation; not primary model-audit evidence
HepG2 day 7	HepG2	POU3F1	0.184		Q4_low_information	secondary_endpoint_extension	operational endpoint-aligned recovery annotation; not primary model-audit evidence
HepG2 day 7	HepG2	PPP1R2	0.16		Q4_low_information	secondary_endpoint_extension	operational endpoint-aligned recovery annotation; not primary model-audit evidence
HepG2 day 7	HepG2	PPP1R37	0.006		Q4_low_information	secondary_endpoint_extension	operational endpoint-aligned recovery annotation; not primary model-audit evidence
HepG2 day 7	HepG2	PRKRIP1	0.115		Q4_low_information	secondary_endpoint_extension	operational endpoint-aligned recovery annotation; not primary model-audit evidence
HepG2 day 7	HepG2	PTPN1	0.221		Q4_low_information	secondary_endpoint_extension	operational endpoint-aligned recovery annotation; not primary model-audit evidence
HepG2 day 7	HepG2	RAB4A	0.138		Q4_low_information	secondary_endpoint_extension	operational endpoint-aligned recovery annotation; not primary model-audit evidence
HepG2 day 7	HepG2	RAB4B	0.02		Q4_low_information	secondary_endpoint_extension	operational endpoint-aligned recovery annotation; not primary model-audit evidence
HepG2 day 7	HepG2	RBM10	0.132		Q4_low_information	secondary_endpoint_extension	operational endpoint-aligned recovery annotation; not primary model-audit evidence
HepG2 day 7	HepG2	RNF14	0.185		Q4_low_information	secondary_endpoint_extension	operational endpoint-aligned recovery annotation; not primary model-audit evidence
HepG2 day 7	HepG2	RNF8	0.033		Q4_low_information	secondary_endpoint_extension	operational endpoint-aligned recovery annotation; not primary model-audit evidence
HepG2 day 7	HepG2	RTRAF	0.1		Q4_low_information	secondary_endpoint_extension	operational endpoint-aligned recovery annotation; not primary model-audit evidence
HepG2 day 7	HepG2	SETX	0.174		Q4_low_information	secondary_endpoint_extension	operational endpoint-aligned recovery annotation; not primary model-audit evidence
HepG2 day 7	HepG2	SHC1	0.163		Q4_low_information	secondary_endpoint_extension	operational endpoint-aligned recovery annotation; not primary model-audit evidence
HepG2 day 7	HepG2	SIRT7	0.029		Q4_low_information	secondary_endpoint_extension	operational endpoint-aligned recovery annotation; not primary model-audit evidence
HepG2 day 7	HepG2	SLC1A5	0.001		Q4_low_information	secondary_endpoint_extension	operational endpoint-aligned recovery annotation; not primary model-audit evidence
HepG2 day 7	HepG2	SLC35G2	0.017		Q4_low_information	secondary_endpoint_extension	operational endpoint-aligned recovery annotation; not primary model-audit evidence
HepG2 day 7	HepG2	SLC7A5	0.036		Q4_low_information	secondary_endpoint_extension	operational endpoint-aligned recovery annotation; not primary model-audit evidence
HepG2 day 7	HepG2	SNX15	0.044		Q4_low_information	secondary_endpoint_extension	operational endpoint-aligned recovery annotation; not primary model-audit evidence
HepG2 day 7	HepG2	SRA1	0.037		Q4_low_information	secondary_endpoint_extension	operational endpoint-aligned recovery annotation; not primary model-audit evidence
HepG2 day 7	HepG2	SSBP3	0.015		Q4_low_information	secondary_endpoint_extension	operational endpoint-aligned recovery annotation; not primary model-audit evidence
HepG2 day 7	HepG2	SYNGR3	0.093		Q4_low_information	secondary_endpoint_extension	operational endpoint-aligned recovery annotation; not primary model-audit evidence
HepG2 day 7	HepG2	TAF1D	0.186		Q4_low_information	secondary_endpoint_extension	operational endpoint-aligned recovery annotation; not primary model-audit evidence
HepG2 day 7	HepG2	TBC1D28	0.212		Q4_low_information	secondary_endpoint_extension	operational endpoint-aligned recovery annotation; not primary model-audit evidence
HepG2 day 7	HepG2	TBPL1	0.201		Q4_low_information	secondary_endpoint_extension	operational endpoint-aligned recovery annotation; not primary model-audit evidence
HepG2 day 7	HepG2	TBX1	0.026		Q4_low_information	secondary_endpoint_extension	operational endpoint-aligned recovery annotation; not primary model-audit evidence
HepG2 day 7	HepG2	TEAD3	0.168		Q4_low_information	secondary_endpoint_extension	operational endpoint-aligned recovery annotation; not primary model-audit evidence
HepG2 day 7	HepG2	THAP11	0.211		Q4_low_information	secondary_endpoint_extension	operational endpoint-aligned recovery annotation; not primary model-audit evidence
HepG2 day 7	HepG2	TLCD1	0.218		Q4_low_information	secondary_endpoint_extension	operational endpoint-aligned recovery annotation; not primary model-audit evidence
HepG2 day 7	HepG2	TMEM214	0.022		Q4_low_information	secondary_endpoint_extension	operational endpoint-aligned recovery annotation; not primary model-audit evidence
HepG2 day 7	HepG2	TSEN34	0.15		Q4_low_information	secondary_endpoint_extension	operational endpoint-aligned recovery annotation; not primary model-audit evidence
HepG2 day 7	HepG2	TUBB2A	0.198		Q4_low_information	secondary_endpoint_extension	operational endpoint-aligned recovery annotation; not primary model-audit evidence
HepG2 day 7	HepG2	TXNL4B	0.151		Q4_low_information	secondary_endpoint_extension	operational endpoint-aligned recovery annotation; not primary model-audit evidence
HepG2 day 7	HepG2	USP14	0.109		Q4_low_information	secondary_endpoint_extension	operational endpoint-aligned recovery annotation; not primary model-audit evidence
HepG2 day 7	HepG2	VPS54	0.088		Q4_low_information	secondary_endpoint_extension	operational endpoint-aligned recovery annotation; not primary model-audit evidence
HepG2 day 7	HepG2	WDR4	0.06		Q4_low_information	secondary_endpoint_extension	operational endpoint-aligned recovery annotation; not primary model-audit evidence
HepG2 day 7	HepG2	WDR54	0.126		Q4_low_information	secondary_endpoint_extension	operational endpoint-aligned recovery annotation; not primary model-audit evidence
HepG2 day 7	HepG2	ZDHHC7	0.061		Q4_low_information	secondary_endpoint_extension	operational endpoint-aligned recovery annotation; not primary model-audit evidence
HepG2 day 7	HepG2	ZFP69B	0.14		Q4_low_information	secondary_endpoint_extension	operational endpoint-aligned recovery annotation; not primary model-audit evidence
HepG2 day 7	HepG2	ZNF133	0.144		Q4_low_information	secondary_endpoint_extension	operational endpoint-aligned recovery annotation; not primary model-audit evidence
HepG2 day 7	HepG2	ZNF253	0.171		Q4_low_information	secondary_endpoint_extension	operational endpoint-aligned recovery annotation; not primary model-audit evidence
HepG2 day 7	HepG2	ZNF292	0.207		Q4_low_information	secondary_endpoint_extension	operational endpoint-aligned recovery annotation; not primary model-audit evidence
HepG2 day 7	HepG2	ZNF706	0.114		Q4_low_information	secondary_endpoint_extension	operational endpoint-aligned recovery annotation; not primary model-audit evidence
HepG2 day 7	HepG2	AATF	0.875		middle	secondary_endpoint_extension	operational endpoint-aligned recovery annotation; not primary model-audit evidence
HepG2 day 7	HepG2	ABCB7	0.52		middle	secondary_endpoint_extension	operational endpoint-aligned recovery annotation; not primary model-audit evidence
HepG2 day 7	HepG2	ABCF1	0.553		middle	secondary_endpoint_extension	operational endpoint-aligned recovery annotation; not primary model-audit evidence
HepG2 day 7	HepG2	ABCG1	0.378		middle	secondary_endpoint_extension	operational endpoint-aligned recovery annotation; not primary model-audit evidence
HepG2 day 7	HepG2	ABT1	0.566		middle	secondary_endpoint_extension	operational endpoint-aligned recovery annotation; not primary model-audit evidence
HepG2 day 7	HepG2	ACIN1	0.175		middle	secondary_endpoint_extension	operational endpoint-aligned recovery annotation; not primary model-audit evidence
HepG2 day 7	HepG2	ACTR2	0.125		middle	secondary_endpoint_extension	operational endpoint-aligned recovery annotation; not primary model-audit evidence
HepG2 day 7	HepG2	ACTR6	0.584		middle	secondary_endpoint_extension	operational endpoint-aligned recovery annotation; not primary model-audit evidence
HepG2 day 7	HepG2	ACTR8	0.601		middle	secondary_endpoint_extension	operational endpoint-aligned recovery annotation; not primary model-audit evidence
HepG2 day 7	HepG2	ADAM10	0.331		middle	secondary_endpoint_extension	operational endpoint-aligned recovery annotation; not primary model-audit evidence
HepG2 day 7	HepG2	AGBL5	0.592		middle	secondary_endpoint_extension	operational endpoint-aligned recovery annotation; not primary model-audit evidence
HepG2 day 7	HepG2	AHCTF1	0.535		middle	secondary_endpoint_extension	operational endpoint-aligned recovery annotation; not primary model-audit evidence
HepG2 day 7	HepG2	AKIRIN2	0.234		middle	secondary_endpoint_extension	operational endpoint-aligned recovery annotation; not primary model-audit evidence
HepG2 day 7	HepG2	ANAPC1	0.205		middle	secondary_endpoint_extension	operational endpoint-aligned recovery annotation; not primary model-audit evidence
HepG2 day 7	HepG2	ANAPC13	0.396		middle	secondary_endpoint_extension	operational endpoint-aligned recovery annotation; not primary model-audit evidence
HepG2 day 7	HepG2	ANAPC2	0.571		middle	secondary_endpoint_extension	operational endpoint-aligned recovery annotation; not primary model-audit evidence
HepG2 day 7	HepG2	ANAPC5	0.547		middle	secondary_endpoint_extension	operational endpoint-aligned recovery annotation; not primary model-audit evidence
HepG2 day 7	HepG2	AQP7	0.356		middle	secondary_endpoint_extension	operational endpoint-aligned recovery annotation; not primary model-audit evidence
HepG2 day 7	HepG2	ARL2	0.241		middle	secondary_endpoint_extension	operational endpoint-aligned recovery annotation; not primary model-audit evidence
HepG2 day 7	HepG2	ARMC7	0.414		middle	secondary_endpoint_extension	operational endpoint-aligned recovery annotation; not primary model-audit evidence
HepG2 day 7	HepG2	ARPC4	0.545		middle	secondary_endpoint_extension	operational endpoint-aligned recovery annotation; not primary model-audit evidence
HepG2 day 7	HepG2	ASCC3	0.279		middle	secondary_endpoint_extension	operational endpoint-aligned recovery annotation; not primary model-audit evidence
HepG2 day 7	HepG2	ATP11B	0.68		middle	secondary_endpoint_extension	operational endpoint-aligned recovery annotation; not primary model-audit evidence
HepG2 day 7	HepG2	ATP2A2	0.285		middle	secondary_endpoint_extension	operational endpoint-aligned recovery annotation; not primary model-audit evidence
HepG2 day 7	HepG2	ATP5MF	0.699		middle	secondary_endpoint_extension	operational endpoint-aligned recovery annotation; not primary model-audit evidence
HepG2 day 7	HepG2	ATP6V0D1	0.405		middle	secondary_endpoint_extension	operational endpoint-aligned recovery annotation; not primary model-audit evidence
HepG2 day 7	HepG2	ATP6V1G1	0.67		middle	secondary_endpoint_extension	operational endpoint-aligned recovery annotation; not primary model-audit evidence
HepG2 day 7	HepG2	ATP6V1H	0.729		middle	secondary_endpoint_extension	operational endpoint-aligned recovery annotation; not primary model-audit evidence
HepG2 day 7	HepG2	ATR	0.568		middle	secondary_endpoint_extension	operational endpoint-aligned recovery annotation; not primary model-audit evidence
HepG2 day 7	HepG2	AURKA	0.089		middle	secondary_endpoint_extension	operational endpoint-aligned recovery annotation; not primary model-audit evidence
HepG2 day 7	HepG2	AURKAIP1	0.502		middle	secondary_endpoint_extension	operational endpoint-aligned recovery annotation; not primary model-audit evidence
HepG2 day 7	HepG2	BANP	0.349		middle	secondary_endpoint_extension	operational endpoint-aligned recovery annotation; not primary model-audit evidence
HepG2 day 7	HepG2	BAP1	0.473		middle	secondary_endpoint_extension	operational endpoint-aligned recovery annotation; not primary model-audit evidence
HepG2 day 7	HepG2	BARD1	0.488		middle	secondary_endpoint_extension	operational endpoint-aligned recovery annotation; not primary model-audit evidence
HepG2 day 7	HepG2	BMS1	0.786		middle	secondary_endpoint_extension	operational endpoint-aligned recovery annotation; not primary model-audit evidence
HepG2 day 7	HepG2	BOP1	0.604		middle	secondary_endpoint_extension	operational endpoint-aligned recovery annotation; not primary model-audit evidence
HepG2 day 7	HepG2	BORA	0.434		middle	secondary_endpoint_extension	operational endpoint-aligned recovery annotation; not primary model-audit evidence
HepG2 day 7	HepG2	BPTF	0.119		middle	secondary_endpoint_extension	operational endpoint-aligned recovery annotation; not primary model-audit evidence
HepG2 day 7	HepG2	BRCA2	0.105		middle	secondary_endpoint_extension	operational endpoint-aligned recovery annotation; not primary model-audit evidence
HepG2 day 7	HepG2	BRD2	0.484		middle	secondary_endpoint_extension	operational endpoint-aligned recovery annotation; not primary model-audit evidence
HepG2 day 7	HepG2	BRF1	0.427		middle	secondary_endpoint_extension	operational endpoint-aligned recovery annotation; not primary model-audit evidence
HepG2 day 7	HepG2	BRIP1	0.281		middle	secondary_endpoint_extension	operational endpoint-aligned recovery annotation; not primary model-audit evidence
HepG2 day 7	HepG2	BTF3	0.063		middle	secondary_endpoint_extension	operational endpoint-aligned recovery annotation; not primary model-audit evidence
HepG2 day 7	HepG2	BTF3L4	0.12		middle	secondary_endpoint_extension	operational endpoint-aligned recovery annotation; not primary model-audit evidence
HepG2 day 7	HepG2	BUB1	0.289		middle	secondary_endpoint_extension	operational endpoint-aligned recovery annotation; not primary model-audit evidence
HepG2 day 7	HepG2	BUB1B	0.059		middle	secondary_endpoint_extension	operational endpoint-aligned recovery annotation; not primary model-audit evidence
HepG2 day 7	HepG2	C17orf58	0.406		middle	secondary_endpoint_extension	operational endpoint-aligned recovery annotation; not primary model-audit evidence
HepG2 day 7	HepG2	C6orf15	0.408		middle	secondary_endpoint_extension	operational endpoint-aligned recovery annotation; not primary model-audit evidence
HepG2 day 7	HepG2	CA5A	0.231		middle	secondary_endpoint_extension	operational endpoint-aligned recovery annotation; not primary model-audit evidence
HepG2 day 7	HepG2	CABIN1	0.376		middle	secondary_endpoint_extension	operational endpoint-aligned recovery annotation; not primary model-audit evidence
HepG2 day 7	HepG2	CADM4	0.11		middle	secondary_endpoint_extension	operational endpoint-aligned recovery annotation; not primary model-audit evidence
HepG2 day 7	HepG2	CARF	0.543		middle	secondary_endpoint_extension	operational endpoint-aligned recovery annotation; not primary model-audit evidence
HepG2 day 7	HepG2	CBLN1	0.328		middle	secondary_endpoint_extension	operational endpoint-aligned recovery annotation; not primary model-audit evidence
HepG2 day 7	HepG2	CBX1	0.296		middle	secondary_endpoint_extension	operational endpoint-aligned recovery annotation; not primary model-audit evidence
HepG2 day 7	HepG2	CCDC59	0.128		middle	secondary_endpoint_extension	operational endpoint-aligned recovery annotation; not primary model-audit evidence
HepG2 day 7	HepG2	CCNC	0.546		middle	secondary_endpoint_extension	operational endpoint-aligned recovery annotation; not primary model-audit evidence
HepG2 day 7	HepG2	CCNH	0.37		middle	secondary_endpoint_extension	operational endpoint-aligned recovery annotation; not primary model-audit evidence
HepG2 day 7	HepG2	CCT6A	0.823		middle	secondary_endpoint_extension	operational endpoint-aligned recovery annotation; not primary model-audit evidence
HepG2 day 7	HepG2	CCT7	0.795		middle	secondary_endpoint_extension	operational endpoint-aligned recovery annotation; not primary model-audit evidence
HepG2 day 7	HepG2	CCT8	0.616		middle	secondary_endpoint_extension	operational endpoint-aligned recovery annotation; not primary model-audit evidence
HepG2 day 7	HepG2	CDC123	0.476		middle	secondary_endpoint_extension	operational endpoint-aligned recovery annotation; not primary model-audit evidence
HepG2 day 7	HepG2	CDC42	0.148		middle	secondary_endpoint_extension	operational endpoint-aligned recovery annotation; not primary model-audit evidence
HepG2 day 7	HepG2	CDC73	0.706		middle	secondary_endpoint_extension	operational endpoint-aligned recovery annotation; not primary model-audit evidence
HepG2 day 7	HepG2	CDCA5	0.304		middle	secondary_endpoint_extension	operational endpoint-aligned recovery annotation; not primary model-audit evidence
HepG2 day 7	HepG2	CDIPT	0.364		middle	secondary_endpoint_extension	operational endpoint-aligned recovery annotation; not primary model-audit evidence
HepG2 day 7	HepG2	CDK1	0.668		middle	secondary_endpoint_extension	operational endpoint-aligned recovery annotation; not primary model-audit evidence
HepG2 day 7	HepG2	CDK2	0.183		middle	secondary_endpoint_extension	operational endpoint-aligned recovery annotation; not primary model-audit evidence
HepG2 day 7	HepG2	CDK6	0.193		middle	secondary_endpoint_extension	operational endpoint-aligned recovery annotation; not primary model-audit evidence
HepG2 day 7	HepG2	CDK9	0.549		middle	secondary_endpoint_extension	operational endpoint-aligned recovery annotation; not primary model-audit evidence
HepG2 day 7	HepG2	CDT1	0.7		middle	secondary_endpoint_extension	operational endpoint-aligned recovery annotation; not primary model-audit evidence
HepG2 day 7	HepG2	CEBPZ	0.744		middle	secondary_endpoint_extension	operational endpoint-aligned recovery annotation; not primary model-audit evidence
HepG2 day 7	HepG2	CENPK	0.096		middle	secondary_endpoint_extension	operational endpoint-aligned recovery annotation; not primary model-audit evidence
HepG2 day 7	HepG2	CENPP	0.705		middle	secondary_endpoint_extension	operational endpoint-aligned recovery annotation; not primary model-audit evidence
HepG2 day 7	HepG2	CENPT	0.375		middle	secondary_endpoint_extension	operational endpoint-aligned recovery annotation; not primary model-audit evidence
HepG2 day 7	HepG2	CEP85	0.365		middle	secondary_endpoint_extension	operational endpoint-aligned recovery annotation; not primary model-audit evidence
HepG2 day 7	HepG2	CFDP1	0.442		middle	secondary_endpoint_extension	operational endpoint-aligned recovery annotation; not primary model-audit evidence
HepG2 day 7	HepG2	CHCHD4	0.719		middle	secondary_endpoint_extension	operational endpoint-aligned recovery annotation; not primary model-audit evidence
HepG2 day 7	HepG2	CHEK1	0.605		middle	secondary_endpoint_extension	operational endpoint-aligned recovery annotation; not primary model-audit evidence
HepG2 day 7	HepG2	CHERP	0.554		middle	secondary_endpoint_extension	operational endpoint-aligned recovery annotation; not primary model-audit evidence
HepG2 day 7	HepG2	CHMP6	0.9		middle	secondary_endpoint_extension	operational endpoint-aligned recovery annotation; not primary model-audit evidence
HepG2 day 7	HepG2	CHORDC1	0.413		middle	secondary_endpoint_extension	operational endpoint-aligned recovery annotation; not primary model-audit evidence
HepG2 day 7	HepG2	CIAPIN1	0.643		middle	secondary_endpoint_extension	operational endpoint-aligned recovery annotation; not primary model-audit evidence
HepG2 day 7	HepG2	CKAP5	0.263		middle	secondary_endpoint_extension	operational endpoint-aligned recovery annotation; not primary model-audit evidence
HepG2 day 7	HepG2	CMPK1	0.251		middle	secondary_endpoint_extension	operational endpoint-aligned recovery annotation; not primary model-audit evidence
HepG2 day 7	HepG2	CMTR1	0.521		middle	secondary_endpoint_extension	operational endpoint-aligned recovery annotation; not primary model-audit evidence
HepG2 day 7	HepG2	CNN2	0.097		middle	secondary_endpoint_extension	operational endpoint-aligned recovery annotation; not primary model-audit evidence
HepG2 day 7	HepG2	CNOT10	0.493		middle	secondary_endpoint_extension	operational endpoint-aligned recovery annotation; not primary model-audit evidence
HepG2 day 7	HepG2	CNOT11	0.385		middle	secondary_endpoint_extension	operational endpoint-aligned recovery annotation; not primary model-audit evidence
HepG2 day 7	HepG2	CNOT9	0.345		middle	secondary_endpoint_extension	operational endpoint-aligned recovery annotation; not primary model-audit evidence
HepG2 day 7	HepG2	COG1	0.384		middle	secondary_endpoint_extension	operational endpoint-aligned recovery annotation; not primary model-audit evidence
HepG2 day 7	HepG2	COG6	0.262		middle	secondary_endpoint_extension	operational endpoint-aligned recovery annotation; not primary model-audit evidence
HepG2 day 7	HepG2	COPS2	0.675		middle	secondary_endpoint_extension	operational endpoint-aligned recovery annotation; not primary model-audit evidence
HepG2 day 7	HepG2	COPS4	0.712		middle	secondary_endpoint_extension	operational endpoint-aligned recovery annotation; not primary model-audit evidence
HepG2 day 7	HepG2	COPS8	0.21		middle	secondary_endpoint_extension	operational endpoint-aligned recovery annotation; not primary model-audit evidence
HepG2 day 7	HepG2	COPZ1	0.525		middle	secondary_endpoint_extension	operational endpoint-aligned recovery annotation; not primary model-audit evidence
HepG2 day 7	HepG2	COQ2	0.182		middle	secondary_endpoint_extension	operational endpoint-aligned recovery annotation; not primary model-audit evidence
HepG2 day 7	HepG2	COTL1	0.435		middle	secondary_endpoint_extension	operational endpoint-aligned recovery annotation; not primary model-audit evidence
HepG2 day 7	HepG2	COX10	0.337		middle	secondary_endpoint_extension	operational endpoint-aligned recovery annotation; not primary model-audit evidence
HepG2 day 7	HepG2	COX11	0.103		middle	secondary_endpoint_extension	operational endpoint-aligned recovery annotation; not primary model-audit evidence
HepG2 day 7	HepG2	CPAMD8	0.259		middle	secondary_endpoint_extension	operational endpoint-aligned recovery annotation; not primary model-audit evidence
HepG2 day 7	HepG2	CPEB1	0.704		middle	secondary_endpoint_extension	operational endpoint-aligned recovery annotation; not primary model-audit evidence
HepG2 day 7	HepG2	CPNE7	0.316		middle	secondary_endpoint_extension	operational endpoint-aligned recovery annotation; not primary model-audit evidence
HepG2 day 7	HepG2	CPSF1	0.625		middle	secondary_endpoint_extension	operational endpoint-aligned recovery annotation; not primary model-audit evidence
HepG2 day 7	HepG2	CPSF3	0.594		middle	secondary_endpoint_extension	operational endpoint-aligned recovery annotation; not primary model-audit evidence
HepG2 day 7	HepG2	CSNK2B	0.638		middle	secondary_endpoint_extension	operational endpoint-aligned recovery annotation; not primary model-audit evidence
HepG2 day 7	HepG2	CSTF1	0.305		middle	secondary_endpoint_extension	operational endpoint-aligned recovery annotation; not primary model-audit evidence
HepG2 day 7	HepG2	CSTF3	0.819		middle	secondary_endpoint_extension	operational endpoint-aligned recovery annotation; not primary model-audit evidence
HepG2 day 7	HepG2	CTDP1	0.189		middle	secondary_endpoint_extension	operational endpoint-aligned recovery annotation; not primary model-audit evidence
HepG2 day 7	HepG2	CTU2	0.516		middle	secondary_endpoint_extension	operational endpoint-aligned recovery annotation; not primary model-audit evidence
HepG2 day 7	HepG2	CUL2	0.649		middle	secondary_endpoint_extension	operational endpoint-aligned recovery annotation; not primary model-audit evidence
HepG2 day 7	HepG2	CYS1	0.301		middle	secondary_endpoint_extension	operational endpoint-aligned recovery annotation; not primary model-audit evidence
HepG2 day 7	HepG2	DAP3	0.41		middle	secondary_endpoint_extension	operational endpoint-aligned recovery annotation; not primary model-audit evidence
HepG2 day 7	HepG2	DBR1	0.757		middle	secondary_endpoint_extension	operational endpoint-aligned recovery annotation; not primary model-audit evidence
HepG2 day 7	HepG2	DCTN1	0.351		middle	secondary_endpoint_extension	operational endpoint-aligned recovery annotation; not primary model-audit evidence
HepG2 day 7	HepG2	DCTN2	0.501		middle	secondary_endpoint_extension	operational endpoint-aligned recovery annotation; not primary model-audit evidence
HepG2 day 7	HepG2	DCTN3	0.402		middle	secondary_endpoint_extension	operational endpoint-aligned recovery annotation; not primary model-audit evidence
HepG2 day 7	HepG2	DCTN4	0.492		middle	secondary_endpoint_extension	operational endpoint-aligned recovery annotation; not primary model-audit evidence
HepG2 day 7	HepG2	DDB1	0.614		middle	secondary_endpoint_extension	operational endpoint-aligned recovery annotation; not primary model-audit evidence
HepG2 day 7	HepG2	DDX1	0.355		middle	secondary_endpoint_extension	operational endpoint-aligned recovery annotation; not primary model-audit evidence
HepG2 day 7	HepG2	DDX17	0.418		middle	secondary_endpoint_extension	operational endpoint-aligned recovery annotation; not primary model-audit evidence
HepG2 day 7	HepG2	DDX19A	0.014		middle	secondary_endpoint_extension	operational endpoint-aligned recovery annotation; not primary model-audit evidence
HepG2 day 7	HepG2	DDX21	0.837		middle	secondary_endpoint_extension	operational endpoint-aligned recovery annotation; not primary model-audit evidence
HepG2 day 7	HepG2	DDX23	0.698		middle	secondary_endpoint_extension	operational endpoint-aligned recovery annotation; not primary model-audit evidence
HepG2 day 7	HepG2	DDX27	0.681		middle	secondary_endpoint_extension	operational endpoint-aligned recovery annotation; not primary model-audit evidence
HepG2 day 7	HepG2	DDX46	0.324		middle	secondary_endpoint_extension	operational endpoint-aligned recovery annotation; not primary model-audit evidence
HepG2 day 7	HepG2	DDX5	0.415		middle	secondary_endpoint_extension	operational endpoint-aligned recovery annotation; not primary model-audit evidence
HepG2 day 7	HepG2	DDX51	0.746		middle	secondary_endpoint_extension	operational endpoint-aligned recovery annotation; not primary model-audit evidence
HepG2 day 7	HepG2	DDX52	0.711		middle	secondary_endpoint_extension	operational endpoint-aligned recovery annotation; not primary model-audit evidence
HepG2 day 7	HepG2	DDX54	0.585		middle	secondary_endpoint_extension	operational endpoint-aligned recovery annotation; not primary model-audit evidence
HepG2 day 7	HepG2	DDX55	0.639		middle	secondary_endpoint_extension	operational endpoint-aligned recovery annotation; not primary model-audit evidence
HepG2 day 7	HepG2	DDX6	0.654		middle	secondary_endpoint_extension	operational endpoint-aligned recovery annotation; not primary model-audit evidence
HepG2 day 7	HepG2	DENR	0.517		middle	secondary_endpoint_extension	operational endpoint-aligned recovery annotation; not primary model-audit evidence
HepG2 day 7	HepG2	DERL2	0.782		middle	secondary_endpoint_extension	operational endpoint-aligned recovery annotation; not primary model-audit evidence
HepG2 day 7	HepG2	DESI1	0.518		middle	secondary_endpoint_extension	operational endpoint-aligned recovery annotation; not primary model-audit evidence
HepG2 day 7	HepG2	DHX16	0.916		middle	secondary_endpoint_extension	operational endpoint-aligned recovery annotation; not primary model-audit evidence
HepG2 day 7	HepG2	DIMT1	0.763		middle	secondary_endpoint_extension	operational endpoint-aligned recovery annotation; not primary model-audit evidence
HepG2 day 7	HepG2	DLD	0.747		middle	secondary_endpoint_extension	operational endpoint-aligned recovery annotation; not primary model-audit evidence
HepG2 day 7	HepG2	DMRTA2	0.325		middle	secondary_endpoint_extension	operational endpoint-aligned recovery annotation; not primary model-audit evidence
HepG2 day 7	HepG2	DNAJA3	0.656		middle	secondary_endpoint_extension	operational endpoint-aligned recovery annotation; not primary model-audit evidence
HepG2 day 7	HepG2	DNAJC17	0.918		middle	secondary_endpoint_extension	operational endpoint-aligned recovery annotation; not primary model-audit evidence
HepG2 day 7	HepG2	DNAJC19	0.367		middle	secondary_endpoint_extension	operational endpoint-aligned recovery annotation; not primary model-audit evidence
HepG2 day 7	HepG2	DNAJC8	0.187		middle	secondary_endpoint_extension	operational endpoint-aligned recovery annotation; not primary model-audit evidence
HepG2 day 7	HepG2	DNMT1	0.579		middle	secondary_endpoint_extension	operational endpoint-aligned recovery annotation; not primary model-audit evidence
HepG2 day 7	HepG2	DNTTIP2	0.956		middle	secondary_endpoint_extension	operational endpoint-aligned recovery annotation; not primary model-audit evidence
HepG2 day 7	HepG2	DOHH	0.416		middle	secondary_endpoint_extension	operational endpoint-aligned recovery annotation; not primary model-audit evidence
HepG2 day 7	HepG2	DOLK	0.219		middle	secondary_endpoint_extension	operational endpoint-aligned recovery annotation; not primary model-audit evidence
HepG2 day 7	HepG2	DPH1	0.136		middle	secondary_endpoint_extension	operational endpoint-aligned recovery annotation; not primary model-audit evidence
HepG2 day 7	HepG2	DPH2	0.505		middle	secondary_endpoint_extension	operational endpoint-aligned recovery annotation; not primary model-audit evidence
HepG2 day 7	HepG2	DRAP1	0.458		middle	secondary_endpoint_extension	operational endpoint-aligned recovery annotation; not primary model-audit evidence
HepG2 day 7	HepG2	DTL	0.684		middle	secondary_endpoint_extension	operational endpoint-aligned recovery annotation; not primary model-audit evidence
HepG2 day 7	HepG2	DYNC1I2	0.471		middle	secondary_endpoint_extension	operational endpoint-aligned recovery annotation; not primary model-audit evidence
HepG2 day 7	HepG2	DYNLL1	0.54		middle	secondary_endpoint_extension	operational endpoint-aligned recovery annotation; not primary model-audit evidence
HepG2 day 7	HepG2	E4F1	0.647		middle	secondary_endpoint_extension	operational endpoint-aligned recovery annotation; not primary model-audit evidence
HepG2 day 7	HepG2	EARS2	0.537		middle	secondary_endpoint_extension	operational endpoint-aligned recovery annotation; not primary model-audit evidence
HepG2 day 7	HepG2	EBNA1BP2	0.878		middle	secondary_endpoint_extension	operational endpoint-aligned recovery annotation; not primary model-audit evidence
HepG2 day 7	HepG2	EDC4	0.536		middle	secondary_endpoint_extension	operational endpoint-aligned recovery annotation; not primary model-audit evidence
HepG2 day 7	HepG2	EEF2	0.65		middle	secondary_endpoint_extension	operational endpoint-aligned recovery annotation; not primary model-audit evidence
HepG2 day 7	HepG2	EEFSEC	0.461		middle	secondary_endpoint_extension	operational endpoint-aligned recovery annotation; not primary model-audit evidence
HepG2 day 7	HepG2	EFR3A	0.273		middle	secondary_endpoint_extension	operational endpoint-aligned recovery annotation; not primary model-audit evidence
HepG2 day 7	HepG2	EFTUD2	0.91		middle	secondary_endpoint_extension	operational endpoint-aligned recovery annotation; not primary model-audit evidence
HepG2 day 7	HepG2	EGLN2	0.323		middle	secondary_endpoint_extension	operational endpoint-aligned recovery annotation; not primary model-audit evidence
HepG2 day 7	HepG2	EIF1	0.431		middle	secondary_endpoint_extension	operational endpoint-aligned recovery annotation; not primary model-audit evidence
HepG2 day 7	HepG2	EIF2B1	0.657		middle	secondary_endpoint_extension	operational endpoint-aligned recovery annotation; not primary model-audit evidence
HepG2 day 7	HepG2	EIF2B3	0.975		middle	secondary_endpoint_extension	operational endpoint-aligned recovery annotation; not primary model-audit evidence
HepG2 day 7	HepG2	EIF2B5	0.923		middle	secondary_endpoint_extension	operational endpoint-aligned recovery annotation; not primary model-audit evidence
HepG2 day 7	HepG2	EIF4B	0.032		middle	secondary_endpoint_extension	operational endpoint-aligned recovery annotation; not primary model-audit evidence
HepG2 day 7	HepG2	EIF4G2	0.381		middle	secondary_endpoint_extension	operational endpoint-aligned recovery annotation; not primary model-audit evidence
HepG2 day 7	HepG2	EIF4H	0.395		middle	secondary_endpoint_extension	operational endpoint-aligned recovery annotation; not primary model-audit evidence
HepG2 day 7	HepG2	EIF5A	0.762		middle	secondary_endpoint_extension	operational endpoint-aligned recovery annotation; not primary model-audit evidence
HepG2 day 7	HepG2	EIF6	0.624		middle	secondary_endpoint_extension	operational endpoint-aligned recovery annotation; not primary model-audit evidence
HepG2 day 7	HepG2	ELAC2	0.327		middle	secondary_endpoint_extension	operational endpoint-aligned recovery annotation; not primary model-audit evidence
HepG2 day 7	HepG2	ELL	0.118		middle	secondary_endpoint_extension	operational endpoint-aligned recovery annotation; not primary model-audit evidence
HepG2 day 7	HepG2	ELOB	0.634		middle	secondary_endpoint_extension	operational endpoint-aligned recovery annotation; not primary model-audit evidence
HepG2 day 7	HepG2	ELOVL1	0.267		middle	secondary_endpoint_extension	operational endpoint-aligned recovery annotation; not primary model-audit evidence
HepG2 day 7	HepG2	ELP3	0.482		middle	secondary_endpoint_extension	operational endpoint-aligned recovery annotation; not primary model-audit evidence
HepG2 day 7	HepG2	EMC1	0.34		middle	secondary_endpoint_extension	operational endpoint-aligned recovery annotation; not primary model-audit evidence
HepG2 day 7	HepG2	EMC4	0.363		middle	secondary_endpoint_extension	operational endpoint-aligned recovery annotation; not primary model-audit evidence
HepG2 day 7	HepG2	EMC7	0.108		middle	secondary_endpoint_extension	operational endpoint-aligned recovery annotation; not primary model-audit evidence
HepG2 day 7	HepG2	ENY2	0.602		middle	secondary_endpoint_extension	operational endpoint-aligned recovery annotation; not primary model-audit evidence
HepG2 day 7	HepG2	ERCC2	0.551		middle	secondary_endpoint_extension	operational endpoint-aligned recovery annotation; not primary model-audit evidence
HepG2 day 7	HepG2	ERVW-1	0.22		middle	secondary_endpoint_extension	operational endpoint-aligned recovery annotation; not primary model-audit evidence
HepG2 day 7	HepG2	ESF1	0.062		middle	secondary_endpoint_extension	operational endpoint-aligned recovery annotation; not primary model-audit evidence
HepG2 day 7	HepG2	ESYT1	0.51		middle	secondary_endpoint_extension	operational endpoint-aligned recovery annotation; not primary model-audit evidence
HepG2 day 7	HepG2	EXOC5	0.38		middle	secondary_endpoint_extension	operational endpoint-aligned recovery annotation; not primary model-audit evidence
HepG2 day 7	HepG2	EXOC7	0.663		middle	secondary_endpoint_extension	operational endpoint-aligned recovery annotation; not primary model-audit evidence
HepG2 day 7	HepG2	EXOSC2	0.812		middle	secondary_endpoint_extension	operational endpoint-aligned recovery annotation; not primary model-audit evidence
HepG2 day 7	HepG2	EXOSC3	0.796		middle	secondary_endpoint_extension	operational endpoint-aligned recovery annotation; not primary model-audit evidence
HepG2 day 7	HepG2	EXOSC4	0.735		middle	secondary_endpoint_extension	operational endpoint-aligned recovery annotation; not primary model-audit evidence
HepG2 day 7	HepG2	EXOSC5	0.66		middle	secondary_endpoint_extension	operational endpoint-aligned recovery annotation; not primary model-audit evidence
HepG2 day 7	HepG2	EXOSC7	0.69		middle	secondary_endpoint_extension	operational endpoint-aligned recovery annotation; not primary model-audit evidence
HepG2 day 7	HepG2	FAM136A	0.079		middle	secondary_endpoint_extension	operational endpoint-aligned recovery annotation; not primary model-audit evidence
HepG2 day 7	HepG2	FAM32A	0.743		middle	secondary_endpoint_extension	operational endpoint-aligned recovery annotation; not primary model-audit evidence
HepG2 day 7	HepG2	FBLIM1	0.176		middle	secondary_endpoint_extension	operational endpoint-aligned recovery annotation; not primary model-audit evidence
HepG2 day 7	HepG2	FBXL14	0.569		middle	secondary_endpoint_extension	operational endpoint-aligned recovery annotation; not primary model-audit evidence
HepG2 day 7	HepG2	FBXW7	0.393		middle	secondary_endpoint_extension	operational endpoint-aligned recovery annotation; not primary model-audit evidence
HepG2 day 7	HepG2	FCF1	0.694		middle	secondary_endpoint_extension	operational endpoint-aligned recovery annotation; not primary model-audit evidence
HepG2 day 7	HepG2	FKBP9	0.369		middle	secondary_endpoint_extension	operational endpoint-aligned recovery annotation; not primary model-audit evidence
HepG2 day 7	HepG2	FNTA	0.409		middle	secondary_endpoint_extension	operational endpoint-aligned recovery annotation; not primary model-audit evidence
HepG2 day 7	HepG2	FOXS1	0.486		middle	secondary_endpoint_extension	operational endpoint-aligned recovery annotation; not primary model-audit evidence
HepG2 day 7	HepG2	FYN	0.284		middle	secondary_endpoint_extension	operational endpoint-aligned recovery annotation; not primary model-audit evidence
HepG2 day 7	HepG2	GABPA	0.347		middle	secondary_endpoint_extension	operational endpoint-aligned recovery annotation; not primary model-audit evidence
HepG2 day 7	HepG2	GAPDH	0.32		middle	secondary_endpoint_extension	operational endpoint-aligned recovery annotation; not primary model-audit evidence
HepG2 day 7	HepG2	GAR1	0.583		middle	secondary_endpoint_extension	operational endpoint-aligned recovery annotation; not primary model-audit evidence
HepG2 day 7	HepG2	GART	0.399		middle	secondary_endpoint_extension	operational endpoint-aligned recovery annotation; not primary model-audit evidence
HepG2 day 7	HepG2	GFM1	0.051		middle	secondary_endpoint_extension	operational endpoint-aligned recovery annotation; not primary model-audit evidence
HepG2 day 7	HepG2	GINS1	0.682		middle	secondary_endpoint_extension	operational endpoint-aligned recovery annotation; not primary model-audit evidence
HepG2 day 7	HepG2	GINS2	0.529		middle	secondary_endpoint_extension	operational endpoint-aligned recovery annotation; not primary model-audit evidence
HepG2 day 7	HepG2	GINS4	0.452		middle	secondary_endpoint_extension	operational endpoint-aligned recovery annotation; not primary model-audit evidence
HepG2 day 7	HepG2	GLE1	0.687		middle	secondary_endpoint_extension	operational endpoint-aligned recovery annotation; not primary model-audit evidence
HepG2 day 7	HepG2	GMIP	0.468		middle	secondary_endpoint_extension	operational endpoint-aligned recovery annotation; not primary model-audit evidence
HepG2 day 7	HepG2	GNB1L	0.35		middle	secondary_endpoint_extension	operational endpoint-aligned recovery annotation; not primary model-audit evidence
HepG2 day 7	HepG2	GNL2	0.928		middle	secondary_endpoint_extension	operational endpoint-aligned recovery annotation; not primary model-audit evidence
HepG2 day 7	HepG2	GNL3	0.791		middle	secondary_endpoint_extension	operational endpoint-aligned recovery annotation; not primary model-audit evidence
HepG2 day 7	HepG2	GNL3L	0.727		middle	secondary_endpoint_extension	operational endpoint-aligned recovery annotation; not primary model-audit evidence
HepG2 day 7	HepG2	GNPNAT1	0.131		middle	secondary_endpoint_extension	operational endpoint-aligned recovery annotation; not primary model-audit evidence
HepG2 day 7	HepG2	GON4L	0.319		middle	secondary_endpoint_extension	operational endpoint-aligned recovery annotation; not primary model-audit evidence
HepG2 day 7	HepG2	GPKOW	0.828		middle	secondary_endpoint_extension	operational endpoint-aligned recovery annotation; not primary model-audit evidence
HepG2 day 7	HepG2	GPN3	0.943		middle	secondary_endpoint_extension	operational endpoint-aligned recovery annotation; not primary model-audit evidence
HepG2 day 7	HepG2	GPS1	0.419		middle	secondary_endpoint_extension	operational endpoint-aligned recovery annotation; not primary model-audit evidence
HepG2 day 7	HepG2	GRB2	0.17		middle	secondary_endpoint_extension	operational endpoint-aligned recovery annotation; not primary model-audit evidence
HepG2 day 7	HepG2	GRPEL1	0.731		middle	secondary_endpoint_extension	operational endpoint-aligned recovery annotation; not primary model-audit evidence
HepG2 day 7	HepG2	GRSF1	0.313		middle	secondary_endpoint_extension	operational endpoint-aligned recovery annotation; not primary model-audit evidence
HepG2 day 7	HepG2	GRWD1	0.271		middle	secondary_endpoint_extension	operational endpoint-aligned recovery annotation; not primary model-audit evidence
HepG2 day 7	HepG2	GSK3B	0.42		middle	secondary_endpoint_extension	operational endpoint-aligned recovery annotation; not primary model-audit evidence
HepG2 day 7	HepG2	GTF2A1	0.94		middle	secondary_endpoint_extension	operational endpoint-aligned recovery annotation; not primary model-audit evidence
HepG2 day 7	HepG2	GTF2E1	0.509		middle	secondary_endpoint_extension	operational endpoint-aligned recovery annotation; not primary model-audit evidence
HepG2 day 7	HepG2	GTF2E2	0.619		middle	secondary_endpoint_extension	operational endpoint-aligned recovery annotation; not primary model-audit evidence
HepG2 day 7	HepG2	GTF2F2	0.733		middle	secondary_endpoint_extension	operational endpoint-aligned recovery annotation; not primary model-audit evidence
HepG2 day 7	HepG2	GTF2H4	0.542		middle	secondary_endpoint_extension	operational endpoint-aligned recovery annotation; not primary model-audit evidence
HepG2 day 7	HepG2	GTF3C1	0.202		middle	secondary_endpoint_extension	operational endpoint-aligned recovery annotation; not primary model-audit evidence
HepG2 day 7	HepG2	GTF3C2	0.457		middle	secondary_endpoint_extension	operational endpoint-aligned recovery annotation; not primary model-audit evidence
HepG2 day 7	HepG2	GTF3C4	0.011		middle	secondary_endpoint_extension	operational endpoint-aligned recovery annotation; not primary model-audit evidence
HepG2 day 7	HepG2	GTF3C6	0.372		middle	secondary_endpoint_extension	operational endpoint-aligned recovery annotation; not primary model-audit evidence
HepG2 day 7	HepG2	GTPBP4	0.455		middle	secondary_endpoint_extension	operational endpoint-aligned recovery annotation; not primary model-audit evidence
HepG2 day 7	HepG2	GYG1	0.388		middle	secondary_endpoint_extension	operational endpoint-aligned recovery annotation; not primary model-audit evidence
HepG2 day 7	HepG2	HAUS8	0.359		middle	secondary_endpoint_extension	operational endpoint-aligned recovery annotation; not primary model-audit evidence
HepG2 day 7	HepG2	HHEX	0.317		middle	secondary_endpoint_extension	operational endpoint-aligned recovery annotation; not primary model-audit evidence
HepG2 day 7	HepG2	HJURP	0.214		middle	secondary_endpoint_extension	operational endpoint-aligned recovery annotation; not primary model-audit evidence
HepG2 day 7	HepG2	HMGB1	0.422		middle	secondary_endpoint_extension	operational endpoint-aligned recovery annotation; not primary model-audit evidence
HepG2 day 7	HepG2	HNRNPA1	0.513		middle	secondary_endpoint_extension	operational endpoint-aligned recovery annotation; not primary model-audit evidence
HepG2 day 7	HepG2	HNRNPC	0.665		middle	secondary_endpoint_extension	operational endpoint-aligned recovery annotation; not primary model-audit evidence
HepG2 day 7	HepG2	HNRNPH1	0.426		middle	secondary_endpoint_extension	operational endpoint-aligned recovery annotation; not primary model-audit evidence
HepG2 day 7	HepG2	HNRNPL	0.292		middle	secondary_endpoint_extension	operational endpoint-aligned recovery annotation; not primary model-audit evidence
HepG2 day 7	HepG2	HOXA3	0.272		middle	secondary_endpoint_extension	operational endpoint-aligned recovery annotation; not primary model-audit evidence
HepG2 day 7	HepG2	HS6ST1	0.248		middle	secondary_endpoint_extension	operational endpoint-aligned recovery annotation; not primary model-audit evidence
HepG2 day 7	HepG2	HSCB	0.012		middle	secondary_endpoint_extension	operational endpoint-aligned recovery annotation; not primary model-audit evidence
HepG2 day 7	HepG2	HSD17B10	0.077		middle	secondary_endpoint_extension	operational endpoint-aligned recovery annotation; not primary model-audit evidence
HepG2 day 7	HepG2	HSD17B12	0.021		middle	secondary_endpoint_extension	operational endpoint-aligned recovery annotation; not primary model-audit evidence
HepG2 day 7	HepG2	HSP90B1	0.4		middle	secondary_endpoint_extension	operational endpoint-aligned recovery annotation; not primary model-audit evidence
HepG2 day 7	HepG2	HSPA5	0.723		middle	secondary_endpoint_extension	operational endpoint-aligned recovery annotation; not primary model-audit evidence
HepG2 day 7	HepG2	HSPA8	0.532		middle	secondary_endpoint_extension	operational endpoint-aligned recovery annotation; not primary model-audit evidence
HepG2 day 7	HepG2	HSPE1	0.701		middle	secondary_endpoint_extension	operational endpoint-aligned recovery annotation; not primary model-audit evidence
HepG2 day 7	HepG2	HUS1	0.227		middle	secondary_endpoint_extension	operational endpoint-aligned recovery annotation; not primary model-audit evidence
HepG2 day 7	HepG2	HUWE1	0.539		middle	secondary_endpoint_extension	operational endpoint-aligned recovery annotation; not primary model-audit evidence
HepG2 day 7	HepG2	IARS2	0.815		middle	secondary_endpoint_extension	operational endpoint-aligned recovery annotation; not primary model-audit evidence
HepG2 day 7	HepG2	ICE1	0.881		middle	secondary_endpoint_extension	operational endpoint-aligned recovery annotation; not primary model-audit evidence
HepG2 day 7	HepG2	ILF2	0.672		middle	secondary_endpoint_extension	operational endpoint-aligned recovery annotation; not primary model-audit evidence
HepG2 day 7	HepG2	IMP4	0.865		middle	secondary_endpoint_extension	operational endpoint-aligned recovery annotation; not primary model-audit evidence
HepG2 day 7	HepG2	IMPA2	0.633		middle	secondary_endpoint_extension	operational endpoint-aligned recovery annotation; not primary model-audit evidence
HepG2 day 7	HepG2	IMPDH2	0.269		middle	secondary_endpoint_extension	operational endpoint-aligned recovery annotation; not primary model-audit evidence
HepG2 day 7	HepG2	ING3	0.478		middle	secondary_endpoint_extension	operational endpoint-aligned recovery annotation; not primary model-audit evidence
HepG2 day 7	HepG2	INO80C	0.497		middle	secondary_endpoint_extension	operational endpoint-aligned recovery annotation; not primary model-audit evidence
HepG2 day 7	HepG2	INTS1	0.31		middle	secondary_endpoint_extension	operational endpoint-aligned recovery annotation; not primary model-audit evidence
HepG2 day 7	HepG2	INTS11	0.641		middle	secondary_endpoint_extension	operational endpoint-aligned recovery annotation; not primary model-audit evidence
HepG2 day 7	HepG2	INTS12	0.195		middle	secondary_endpoint_extension	operational endpoint-aligned recovery annotation; not primary model-audit evidence
HepG2 day 7	HepG2	INTS13	0.122		middle	secondary_endpoint_extension	operational endpoint-aligned recovery annotation; not primary model-audit evidence
HepG2 day 7	HepG2	INTS14	0.398		middle	secondary_endpoint_extension	operational endpoint-aligned recovery annotation; not primary model-audit evidence
HepG2 day 7	HepG2	INTS2	0.925		middle	secondary_endpoint_extension	operational endpoint-aligned recovery annotation; not primary model-audit evidence
HepG2 day 7	HepG2	INTS3	0.695		middle	secondary_endpoint_extension	operational endpoint-aligned recovery annotation; not primary model-audit evidence
HepG2 day 7	HepG2	INTS5	0.949		middle	secondary_endpoint_extension	operational endpoint-aligned recovery annotation; not primary model-audit evidence
HepG2 day 7	HepG2	INTS8	0.941		middle	secondary_endpoint_extension	operational endpoint-aligned recovery annotation; not primary model-audit evidence
HepG2 day 7	HepG2	INTS9	0.652		middle	secondary_endpoint_extension	operational endpoint-aligned recovery annotation; not primary model-audit evidence
HepG2 day 7	HepG2	IPO11	0.429		middle	secondary_endpoint_extension	operational endpoint-aligned recovery annotation; not primary model-audit evidence
HepG2 day 7	HepG2	IPO7	0.448		middle	secondary_endpoint_extension	operational endpoint-aligned recovery annotation; not primary model-audit evidence
HepG2 day 7	HepG2	ISCA2	0.403		middle	secondary_endpoint_extension	operational endpoint-aligned recovery annotation; not primary model-audit evidence
HepG2 day 7	HepG2	ISG20L2	0.864		middle	secondary_endpoint_extension	operational endpoint-aligned recovery annotation; not primary model-audit evidence
HepG2 day 7	HepG2	IST1	0.436		middle	secondary_endpoint_extension	operational endpoint-aligned recovery annotation; not primary model-audit evidence
HepG2 day 7	HepG2	JAZF1	0.034		middle	secondary_endpoint_extension	operational endpoint-aligned recovery annotation; not primary model-audit evidence
HepG2 day 7	HepG2	JMJD6	0.277		middle	secondary_endpoint_extension	operational endpoint-aligned recovery annotation; not primary model-audit evidence
HepG2 day 7	HepG2	KDM6A	0.298		middle	secondary_endpoint_extension	operational endpoint-aligned recovery annotation; not primary model-audit evidence
HepG2 day 7	HepG2	KEAP1	0.597		middle	secondary_endpoint_extension	operational endpoint-aligned recovery annotation; not primary model-audit evidence
HepG2 day 7	HepG2	KIAA1143	0.346		middle	secondary_endpoint_extension	operational endpoint-aligned recovery annotation; not primary model-audit evidence
HepG2 day 7	HepG2	KIF18B	0.565		middle	secondary_endpoint_extension	operational endpoint-aligned recovery annotation; not primary model-audit evidence
HepG2 day 7	HepG2	KIN	0.798		middle	secondary_endpoint_extension	operational endpoint-aligned recovery annotation; not primary model-audit evidence
HepG2 day 7	HepG2	KLHL17	0.341		middle	secondary_endpoint_extension	operational endpoint-aligned recovery annotation; not primary model-audit evidence
HepG2 day 7	HepG2	KPNA6	0.56		middle	secondary_endpoint_extension	operational endpoint-aligned recovery annotation; not primary model-audit evidence
HepG2 day 7	HepG2	KRI1	0.825		middle	secondary_endpoint_extension	operational endpoint-aligned recovery annotation; not primary model-audit evidence
HepG2 day 7	HepG2	KRTAP4-2	0.382		middle	secondary_endpoint_extension	operational endpoint-aligned recovery annotation; not primary model-audit evidence
HepG2 day 7	HepG2	KTI12	0.253		middle	secondary_endpoint_extension	operational endpoint-aligned recovery annotation; not primary model-audit evidence
HepG2 day 7	HepG2	LAS1L	0.674		middle	secondary_endpoint_extension	operational endpoint-aligned recovery annotation; not primary model-audit evidence
HepG2 day 7	HepG2	LETM1	0.374		middle	secondary_endpoint_extension	operational endpoint-aligned recovery annotation; not primary model-audit evidence
HepG2 day 7	HepG2	LONP1	0.575		middle	secondary_endpoint_extension	operational endpoint-aligned recovery annotation; not primary model-audit evidence
HepG2 day 7	HepG2	LRP5	0.297		middle	secondary_endpoint_extension	operational endpoint-aligned recovery annotation; not primary model-audit evidence
HepG2 day 7	HepG2	LRR1	0.43		middle	secondary_endpoint_extension	operational endpoint-aligned recovery annotation; not primary model-audit evidence
HepG2 day 7	HepG2	LRRC37A3	0.303		middle	secondary_endpoint_extension	operational endpoint-aligned recovery annotation; not primary model-audit evidence
HepG2 day 7	HepG2	LSG1	0.849		middle	secondary_endpoint_extension	operational endpoint-aligned recovery annotation; not primary model-audit evidence
HepG2 day 7	HepG2	LSM12	0.467		middle	secondary_endpoint_extension	operational endpoint-aligned recovery annotation; not primary model-audit evidence
HepG2 day 7	HepG2	LSM5	0.702		middle	secondary_endpoint_extension	operational endpoint-aligned recovery annotation; not primary model-audit evidence
HepG2 day 7	HepG2	LSM6	0.95		middle	secondary_endpoint_extension	operational endpoint-aligned recovery annotation; not primary model-audit evidence
HepG2 day 7	HepG2	LST1	0.235		middle	secondary_endpoint_extension	operational endpoint-aligned recovery annotation; not primary model-audit evidence
HepG2 day 7	HepG2	LTV1	0.927		middle	secondary_endpoint_extension	operational endpoint-aligned recovery annotation; not primary model-audit evidence
HepG2 day 7	HepG2	MAD2L1	0.287		middle	secondary_endpoint_extension	operational endpoint-aligned recovery annotation; not primary model-audit evidence
HepG2 day 7	HepG2	MAP2K7	0.661		middle	secondary_endpoint_extension	operational endpoint-aligned recovery annotation; not primary model-audit evidence
HepG2 day 7	HepG2	MAT2A	0.101		middle	secondary_endpoint_extension	operational endpoint-aligned recovery annotation; not primary model-audit evidence
HepG2 day 7	HepG2	MBNL1	0.308		middle	secondary_endpoint_extension	operational endpoint-aligned recovery annotation; not primary model-audit evidence
HepG2 day 7	HepG2	MBTPS1	0.225		middle	secondary_endpoint_extension	operational endpoint-aligned recovery annotation; not primary model-audit evidence
HepG2 day 7	HepG2	MCL1	0.095		middle	secondary_endpoint_extension	operational endpoint-aligned recovery annotation; not primary model-audit evidence
HepG2 day 7	HepG2	MCM3	0.386		middle	secondary_endpoint_extension	operational endpoint-aligned recovery annotation; not primary model-audit evidence
HepG2 day 7	HepG2	MCM3AP	0.495		middle	secondary_endpoint_extension	operational endpoint-aligned recovery annotation; not primary model-audit evidence
HepG2 day 7	HepG2	MCM6	0.742		middle	secondary_endpoint_extension	operational endpoint-aligned recovery annotation; not primary model-audit evidence
HepG2 day 7	HepG2	MCM7	0.357		middle	secondary_endpoint_extension	operational endpoint-aligned recovery annotation; not primary model-audit evidence
HepG2 day 7	HepG2	MCMBP	0.469		middle	secondary_endpoint_extension	operational endpoint-aligned recovery annotation; not primary model-audit evidence
HepG2 day 7	HepG2	MDN1	0.827		middle	secondary_endpoint_extension	operational endpoint-aligned recovery annotation; not primary model-audit evidence
HepG2 day 7	HepG2	MED11	0.697		middle	secondary_endpoint_extension	operational endpoint-aligned recovery annotation; not primary model-audit evidence
HepG2 day 7	HepG2	MED14	0.487		middle	secondary_endpoint_extension	operational endpoint-aligned recovery annotation; not primary model-audit evidence
HepG2 day 7	HepG2	MED19	0.679		middle	secondary_endpoint_extension	operational endpoint-aligned recovery annotation; not primary model-audit evidence
HepG2 day 7	HepG2	MED20	0.713		middle	secondary_endpoint_extension	operational endpoint-aligned recovery annotation; not primary model-audit evidence
HepG2 day 7	HepG2	MED21	0.813		middle	secondary_endpoint_extension	operational endpoint-aligned recovery annotation; not primary model-audit evidence
HepG2 day 7	HepG2	MED7	0.932		middle	secondary_endpoint_extension	operational endpoint-aligned recovery annotation; not primary model-audit evidence
HepG2 day 7	HepG2	MED8	0.764		middle	secondary_endpoint_extension	operational endpoint-aligned recovery annotation; not primary model-audit evidence
HepG2 day 7	HepG2	MEIS3	0.715		middle	secondary_endpoint_extension	operational endpoint-aligned recovery annotation; not primary model-audit evidence
HepG2 day 7	HepG2	MEN1	0.314		middle	secondary_endpoint_extension	operational endpoint-aligned recovery annotation; not primary model-audit evidence
HepG2 day 7	HepG2	METTL3	0.491		middle	secondary_endpoint_extension	operational endpoint-aligned recovery annotation; not primary model-audit evidence
HepG2 day 7	HepG2	MICOS10	0.432		middle	secondary_endpoint_extension	operational endpoint-aligned recovery annotation; not primary model-audit evidence
HepG2 day 7	HepG2	MIER1	0.295		middle	secondary_endpoint_extension	operational endpoint-aligned recovery annotation; not primary model-audit evidence
HepG2 day 7	HepG2	MIOS	0.339		middle	secondary_endpoint_extension	operational endpoint-aligned recovery annotation; not primary model-audit evidence
HepG2 day 7	HepG2	MIS18BP1	0.421		middle	secondary_endpoint_extension	operational endpoint-aligned recovery annotation; not primary model-audit evidence
HepG2 day 7	HepG2	MLLT6	0.338		middle	secondary_endpoint_extension	operational endpoint-aligned recovery annotation; not primary model-audit evidence
HepG2 day 7	HepG2	MMP17	0.628		middle	secondary_endpoint_extension	operational endpoint-aligned recovery annotation; not primary model-audit evidence
HepG2 day 7	HepG2	MNAT1	0.499		middle	secondary_endpoint_extension	operational endpoint-aligned recovery annotation; not primary model-audit evidence
HepG2 day 7	HepG2	MOB4	0.343		middle	secondary_endpoint_extension	operational endpoint-aligned recovery annotation; not primary model-audit evidence
HepG2 day 7	HepG2	MPHOSPH6	0.451		middle	secondary_endpoint_extension	operational endpoint-aligned recovery annotation; not primary model-audit evidence
HepG2 day 7	HepG2	MRGBP	0.576		middle	secondary_endpoint_extension	operational endpoint-aligned recovery annotation; not primary model-audit evidence
HepG2 day 7	HepG2	MRPL16	0.544		middle	secondary_endpoint_extension	operational endpoint-aligned recovery annotation; not primary model-audit evidence
HepG2 day 7	HepG2	MRPL24	0.572		middle	secondary_endpoint_extension	operational endpoint-aligned recovery annotation; not primary model-audit evidence
HepG2 day 7	HepG2	MRPL27	0.63		middle	secondary_endpoint_extension	operational endpoint-aligned recovery annotation; not primary model-audit evidence
HepG2 day 7	HepG2	MRPL3	0.335		middle	secondary_endpoint_extension	operational endpoint-aligned recovery annotation; not primary model-audit evidence
HepG2 day 7	HepG2	MRPL34	0.286		middle	secondary_endpoint_extension	operational endpoint-aligned recovery annotation; not primary model-audit evidence
HepG2 day 7	HepG2	MRPL35	0.453		middle	secondary_endpoint_extension	operational endpoint-aligned recovery annotation; not primary model-audit evidence
HepG2 day 7	HepG2	MRPL36	0.254		middle	secondary_endpoint_extension	operational endpoint-aligned recovery annotation; not primary model-audit evidence
HepG2 day 7	HepG2	MRPL38	0.53		middle	secondary_endpoint_extension	operational endpoint-aligned recovery annotation; not primary model-audit evidence
HepG2 day 7	HepG2	MRPL39	0.559		middle	secondary_endpoint_extension	operational endpoint-aligned recovery annotation; not primary model-audit evidence
HepG2 day 7	HepG2	MRPL41	0.669		middle	secondary_endpoint_extension	operational endpoint-aligned recovery annotation; not primary model-audit evidence
HepG2 day 7	HepG2	MRPL49	0.748		middle	secondary_endpoint_extension	operational endpoint-aligned recovery annotation; not primary model-audit evidence
HepG2 day 7	HepG2	MRPL54	0.528		middle	secondary_endpoint_extension	operational endpoint-aligned recovery annotation; not primary model-audit evidence
HepG2 day 7	HepG2	MRPS16	0.44		middle	secondary_endpoint_extension	operational endpoint-aligned recovery annotation; not primary model-audit evidence
HepG2 day 7	HepG2	MRPS17	0.519		middle	secondary_endpoint_extension	operational endpoint-aligned recovery annotation; not primary model-audit evidence
HepG2 day 7	HepG2	MRPS21	0.46		middle	secondary_endpoint_extension	operational endpoint-aligned recovery annotation; not primary model-audit evidence
HepG2 day 7	HepG2	MRPS34	0.555		middle	secondary_endpoint_extension	operational endpoint-aligned recovery annotation; not primary model-audit evidence
HepG2 day 7	HepG2	MRPS5	0.632		middle	secondary_endpoint_extension	operational endpoint-aligned recovery annotation; not primary model-audit evidence
HepG2 day 7	HepG2	MRPS6	0.39		middle	secondary_endpoint_extension	operational endpoint-aligned recovery annotation; not primary model-audit evidence
HepG2 day 7	HepG2	MTOR	0.239		middle	secondary_endpoint_extension	operational endpoint-aligned recovery annotation; not primary model-audit evidence
HepG2 day 7	HepG2	MYBBP1A	0.766		middle	secondary_endpoint_extension	operational endpoint-aligned recovery annotation; not primary model-audit evidence
HepG2 day 7	HepG2	MYBL2	0.3		middle	secondary_endpoint_extension	operational endpoint-aligned recovery annotation; not primary model-audit evidence
HepG2 day 7	HepG2	NAA25	0.302		middle	secondary_endpoint_extension	operational endpoint-aligned recovery annotation; not primary model-audit evidence
HepG2 day 7	HepG2	NAA35	0.224		middle	secondary_endpoint_extension	operational endpoint-aligned recovery annotation; not primary model-audit evidence
HepG2 day 7	HepG2	NAA50	0.379		middle	secondary_endpoint_extension	operational endpoint-aligned recovery annotation; not primary model-audit evidence
HepG2 day 7	HepG2	NAF1	0.294		middle	secondary_endpoint_extension	operational endpoint-aligned recovery annotation; not primary model-audit evidence
HepG2 day 7	HepG2	NAGLU	0.086		middle	secondary_endpoint_extension	operational endpoint-aligned recovery annotation; not primary model-audit evidence
HepG2 day 7	HepG2	NARS2	0.129		middle	secondary_endpoint_extension	operational endpoint-aligned recovery annotation; not primary model-audit evidence
HepG2 day 7	HepG2	NCAPH2	0.635		middle	secondary_endpoint_extension	operational endpoint-aligned recovery annotation; not primary model-audit evidence
HepG2 day 7	HepG2	NCL	0.666		middle	secondary_endpoint_extension	operational endpoint-aligned recovery annotation; not primary model-audit evidence
HepG2 day 7	HepG2	NDUFAB1	0.721		middle	secondary_endpoint_extension	operational endpoint-aligned recovery annotation; not primary model-audit evidence
HepG2 day 7	HepG2	NELFB	0.424		middle	secondary_endpoint_extension	operational endpoint-aligned recovery annotation; not primary model-audit evidence
HepG2 day 7	HepG2	NELFCD	0.591		middle	secondary_endpoint_extension	operational endpoint-aligned recovery annotation; not primary model-audit evidence
HepG2 day 7	HepG2	NELFE	0.717		middle	secondary_endpoint_extension	operational endpoint-aligned recovery annotation; not primary model-audit evidence
HepG2 day 7	HepG2	NFATC2IP	0.261		middle	secondary_endpoint_extension	operational endpoint-aligned recovery annotation; not primary model-audit evidence
HepG2 day 7	HepG2	NFRKB	0.494		middle	secondary_endpoint_extension	operational endpoint-aligned recovery annotation; not primary model-audit evidence
HepG2 day 7	HepG2	NFS1	0.615		middle	secondary_endpoint_extension	operational endpoint-aligned recovery annotation; not primary model-audit evidence
HepG2 day 7	HepG2	NFYB	0.199		middle	secondary_endpoint_extension	operational endpoint-aligned recovery annotation; not primary model-audit evidence
HepG2 day 7	HepG2	NFYC	0.588		middle	secondary_endpoint_extension	operational endpoint-aligned recovery annotation; not primary model-audit evidence
HepG2 day 7	HepG2	NIP7	0.613		middle	secondary_endpoint_extension	operational endpoint-aligned recovery annotation; not primary model-audit evidence
HepG2 day 7	HepG2	NKAPD1	0.407		middle	secondary_endpoint_extension	operational endpoint-aligned recovery annotation; not primary model-audit evidence
HepG2 day 7	HepG2	NLE1	0.907		middle	secondary_endpoint_extension	operational endpoint-aligned recovery annotation; not primary model-audit evidence
HepG2 day 7	HepG2	NMD3	0.752		middle	secondary_endpoint_extension	operational endpoint-aligned recovery annotation; not primary model-audit evidence
HepG2 day 7	HepG2	NOB1	0.417		middle	secondary_endpoint_extension	operational endpoint-aligned recovery annotation; not primary model-audit evidence
HepG2 day 7	HepG2	NOC3L	0.708		middle	secondary_endpoint_extension	operational endpoint-aligned recovery annotation; not primary model-audit evidence
HepG2 day 7	HepG2	NOC4L	0.799		middle	secondary_endpoint_extension	operational endpoint-aligned recovery annotation; not primary model-audit evidence
HepG2 day 7	HepG2	NOL11	0.914		middle	secondary_endpoint_extension	operational endpoint-aligned recovery annotation; not primary model-audit evidence
HepG2 day 7	HepG2	NOL12	0.737		middle	secondary_endpoint_extension	operational endpoint-aligned recovery annotation; not primary model-audit evidence
HepG2 day 7	HepG2	NOL6	0.84		middle	secondary_endpoint_extension	operational endpoint-aligned recovery annotation; not primary model-audit evidence
HepG2 day 7	HepG2	NOL8	0.838		middle	secondary_endpoint_extension	operational endpoint-aligned recovery annotation; not primary model-audit evidence
HepG2 day 7	HepG2	NOLC1	0.62		middle	secondary_endpoint_extension	operational endpoint-aligned recovery annotation; not primary model-audit evidence
HepG2 day 7	HepG2	NOM1	0.677		middle	secondary_endpoint_extension	operational endpoint-aligned recovery annotation; not primary model-audit evidence
HepG2 day 7	HepG2	NOMO1	0.307		middle	secondary_endpoint_extension	operational endpoint-aligned recovery annotation; not primary model-audit evidence
HepG2 day 7	HepG2	NOP14	0.779		middle	secondary_endpoint_extension	operational endpoint-aligned recovery annotation; not primary model-audit evidence
HepG2 day 7	HepG2	NPB	0.111		middle	secondary_endpoint_extension	operational endpoint-aligned recovery annotation; not primary model-audit evidence
HepG2 day 7	HepG2	NRBP1	0.531		middle	secondary_endpoint_extension	operational endpoint-aligned recovery annotation; not primary model-audit evidence
HepG2 day 7	HepG2	NRDE2	0.662		middle	secondary_endpoint_extension	operational endpoint-aligned recovery annotation; not primary model-audit evidence
HepG2 day 7	HepG2	NSA2	0.718		middle	secondary_endpoint_extension	operational endpoint-aligned recovery annotation; not primary model-audit evidence
HepG2 day 7	HepG2	NSMCE2	0.27		middle	secondary_endpoint_extension	operational endpoint-aligned recovery annotation; not primary model-audit evidence
HepG2 day 7	HepG2	NUB1	0.282		middle	secondary_endpoint_extension	operational endpoint-aligned recovery annotation; not primary model-audit evidence
HepG2 day 7	HepG2	NUBP2	0.315		middle	secondary_endpoint_extension	operational endpoint-aligned recovery annotation; not primary model-audit evidence
HepG2 day 7	HepG2	NUDC	0.593		middle	secondary_endpoint_extension	operational endpoint-aligned recovery annotation; not primary model-audit evidence
HepG2 day 7	HepG2	NUDCD3	0.479		middle	secondary_endpoint_extension	operational endpoint-aligned recovery annotation; not primary model-audit evidence
HepG2 day 7	HepG2	NUP107	0.707		middle	secondary_endpoint_extension	operational endpoint-aligned recovery annotation; not primary model-audit evidence
HepG2 day 7	HepG2	NUP133	0.149		middle	secondary_endpoint_extension	operational endpoint-aligned recovery annotation; not primary model-audit evidence
HepG2 day 7	HepG2	NUP153	0.514		middle	secondary_endpoint_extension	operational endpoint-aligned recovery annotation; not primary model-audit evidence
HepG2 day 7	HepG2	NUP160	0.793		middle	secondary_endpoint_extension	operational endpoint-aligned recovery annotation; not primary model-audit evidence
HepG2 day 7	HepG2	NUP214	0.188		middle	secondary_endpoint_extension	operational endpoint-aligned recovery annotation; not primary model-audit evidence
HepG2 day 7	HepG2	NUP35	0.411		middle	secondary_endpoint_extension	operational endpoint-aligned recovery annotation; not primary model-audit evidence
HepG2 day 7	HepG2	NUP62	0.89		middle	secondary_endpoint_extension	operational endpoint-aligned recovery annotation; not primary model-audit evidence
HepG2 day 7	HepG2	NUP85	0.245		middle	secondary_endpoint_extension	operational endpoint-aligned recovery annotation; not primary model-audit evidence
HepG2 day 7	HepG2	NUP88	0.222		middle	secondary_endpoint_extension	operational endpoint-aligned recovery annotation; not primary model-audit evidence
HepG2 day 7	HepG2	NUP98	0.848		middle	secondary_endpoint_extension	operational endpoint-aligned recovery annotation; not primary model-audit evidence
HepG2 day 7	HepG2	NUTF2	0.646		middle	secondary_endpoint_extension	operational endpoint-aligned recovery annotation; not primary model-audit evidence
HepG2 day 7	HepG2	NVL	0.874		middle	secondary_endpoint_extension	operational endpoint-aligned recovery annotation; not primary model-audit evidence
HepG2 day 7	HepG2	NXF1	0.134		middle	secondary_endpoint_extension	operational endpoint-aligned recovery annotation; not primary model-audit evidence
HepG2 day 7	HepG2	OGFOD1	0.574		middle	secondary_endpoint_extension	operational endpoint-aligned recovery annotation; not primary model-audit evidence
HepG2 day 7	HepG2	OLFML3	0.167		middle	secondary_endpoint_extension	operational endpoint-aligned recovery annotation; not primary model-audit evidence
HepG2 day 7	HepG2	OR1E2	0.181		middle	secondary_endpoint_extension	operational endpoint-aligned recovery annotation; not primary model-audit evidence
HepG2 day 7	HepG2	ORC1	0.726		middle	secondary_endpoint_extension	operational endpoint-aligned recovery annotation; not primary model-audit evidence
HepG2 day 7	HepG2	ORC4	0.36		middle	secondary_endpoint_extension	operational endpoint-aligned recovery annotation; not primary model-audit evidence
HepG2 day 7	HepG2	ORC6	0.64		middle	secondary_endpoint_extension	operational endpoint-aligned recovery annotation; not primary model-audit evidence
HepG2 day 7	HepG2	OTX1	0.332		middle	secondary_endpoint_extension	operational endpoint-aligned recovery annotation; not primary model-audit evidence
HepG2 day 7	HepG2	PABPC1	0.982		middle	secondary_endpoint_extension	operational endpoint-aligned recovery annotation; not primary model-audit evidence
HepG2 day 7	HepG2	PABPC4	0.397		middle	secondary_endpoint_extension	operational endpoint-aligned recovery annotation; not primary model-audit evidence
HepG2 day 7	HepG2	PABPN1	0.693		middle	secondary_endpoint_extension	operational endpoint-aligned recovery annotation; not primary model-audit evidence
HepG2 day 7	HepG2	PARS2	0.309		middle	secondary_endpoint_extension	operational endpoint-aligned recovery annotation; not primary model-audit evidence
HepG2 day 7	HepG2	PAXBP1	0.655		middle	secondary_endpoint_extension	operational endpoint-aligned recovery annotation; not primary model-audit evidence
HepG2 day 7	HepG2	PC	0.216		middle	secondary_endpoint_extension	operational endpoint-aligned recovery annotation; not primary model-audit evidence
HepG2 day 7	HepG2	PCBP1	0.648		middle	secondary_endpoint_extension	operational endpoint-aligned recovery annotation; not primary model-audit evidence
HepG2 day 7	HepG2	PCID2	0.256		middle	secondary_endpoint_extension	operational endpoint-aligned recovery annotation; not primary model-audit evidence
HepG2 day 7	HepG2	PDCD11	0.88		middle	secondary_endpoint_extension	operational endpoint-aligned recovery annotation; not primary model-audit evidence
HepG2 day 7	HepG2	PDCD6IP	0.135		middle	secondary_endpoint_extension	operational endpoint-aligned recovery annotation; not primary model-audit evidence
HepG2 day 7	HepG2	PDHA1	0.326		middle	secondary_endpoint_extension	operational endpoint-aligned recovery annotation; not primary model-audit evidence
HepG2 day 7	HepG2	PDRG1	0.738		middle	secondary_endpoint_extension	operational endpoint-aligned recovery annotation; not primary model-audit evidence
HepG2 day 7	HepG2	PELO	0.226		middle	secondary_endpoint_extension	operational endpoint-aligned recovery annotation; not primary model-audit evidence
HepG2 day 7	HepG2	PES1	0.858		middle	secondary_endpoint_extension	operational endpoint-aligned recovery annotation; not primary model-audit evidence
HepG2 day 7	HepG2	PET117	0.462		middle	secondary_endpoint_extension	operational endpoint-aligned recovery annotation; not primary model-audit evidence
HepG2 day 7	HepG2	PEX19	0.541		middle	secondary_endpoint_extension	operational endpoint-aligned recovery annotation; not primary model-audit evidence
HepG2 day 7	HepG2	PFN1	0.244		middle	secondary_endpoint_extension	operational endpoint-aligned recovery annotation; not primary model-audit evidence
HepG2 day 7	HepG2	PGAM5	0.527		middle	secondary_endpoint_extension	operational endpoint-aligned recovery annotation; not primary model-audit evidence
HepG2 day 7	HepG2	PHAX	0.485		middle	secondary_endpoint_extension	operational endpoint-aligned recovery annotation; not primary model-audit evidence
HepG2 day 7	HepG2	PHF10	0.728		middle	secondary_endpoint_extension	operational endpoint-aligned recovery annotation; not primary model-audit evidence
HepG2 day 7	HepG2	PHF5A	0.658		middle	secondary_endpoint_extension	operational endpoint-aligned recovery annotation; not primary model-audit evidence
HepG2 day 7	HepG2	PI4KA	0.042		middle	secondary_endpoint_extension	operational endpoint-aligned recovery annotation; not primary model-audit evidence
HepG2 day 7	HepG2	PIAS1	0.447		middle	secondary_endpoint_extension	operational endpoint-aligned recovery annotation; not primary model-audit evidence
HepG2 day 7	HepG2	PIAS4	0.548		middle	secondary_endpoint_extension	operational endpoint-aligned recovery annotation; not primary model-audit evidence
HepG2 day 7	HepG2	PLK4	0.162		middle	secondary_endpoint_extension	operational endpoint-aligned recovery annotation; not primary model-audit evidence
HepG2 day 7	HepG2	PMF1	0.507		middle	secondary_endpoint_extension	operational endpoint-aligned recovery annotation; not primary model-audit evidence
HepG2 day 7	HepG2	PMPCA	0.644		middle	secondary_endpoint_extension	operational endpoint-aligned recovery annotation; not primary model-audit evidence
HepG2 day 7	HepG2	PMPCB	0.637		middle	secondary_endpoint_extension	operational endpoint-aligned recovery annotation; not primary model-audit evidence
HepG2 day 7	HepG2	PNN	0.586		middle	secondary_endpoint_extension	operational endpoint-aligned recovery annotation; not primary model-audit evidence
HepG2 day 7	HepG2	PNO1	0.873		middle	secondary_endpoint_extension	operational endpoint-aligned recovery annotation; not primary model-audit evidence
HepG2 day 7	HepG2	POLA1	0.866		middle	secondary_endpoint_extension	operational endpoint-aligned recovery annotation; not primary model-audit evidence
HepG2 day 7	HepG2	POLL	0.671		middle	secondary_endpoint_extension	operational endpoint-aligned recovery annotation; not primary model-audit evidence
HepG2 day 7	HepG2	POLR1E	0.792		middle	secondary_endpoint_extension	operational endpoint-aligned recovery annotation; not primary model-audit evidence
HepG2 day 7	HepG2	POLR2K	0.884		middle	secondary_endpoint_extension	operational endpoint-aligned recovery annotation; not primary model-audit evidence
HepG2 day 7	HepG2	POLR2M	0.412		middle	secondary_endpoint_extension	operational endpoint-aligned recovery annotation; not primary model-audit evidence
HepG2 day 7	HepG2	POLR3B	0.703		middle	secondary_endpoint_extension	operational endpoint-aligned recovery annotation; not primary model-audit evidence
HepG2 day 7	HepG2	POLR3D	0.774		middle	secondary_endpoint_extension	operational endpoint-aligned recovery annotation; not primary model-audit evidence
HepG2 day 7	HepG2	POLR3E	0.423		middle	secondary_endpoint_extension	operational endpoint-aligned recovery annotation; not primary model-audit evidence
HepG2 day 7	HepG2	POLR3F	0.506		middle	secondary_endpoint_extension	operational endpoint-aligned recovery annotation; not primary model-audit evidence
HepG2 day 7	HepG2	POLRMT	0.558		middle	secondary_endpoint_extension	operational endpoint-aligned recovery annotation; not primary model-audit evidence
HepG2 day 7	HepG2	POP1	0.814		middle	secondary_endpoint_extension	operational endpoint-aligned recovery annotation; not primary model-audit evidence
HepG2 day 7	HepG2	POP4	0.808		middle	secondary_endpoint_extension	operational endpoint-aligned recovery annotation; not primary model-audit evidence
HepG2 day 7	HepG2	POP5	0.496		middle	secondary_endpoint_extension	operational endpoint-aligned recovery annotation; not primary model-audit evidence
HepG2 day 7	HepG2	POP7	0.777		middle	secondary_endpoint_extension	operational endpoint-aligned recovery annotation; not primary model-audit evidence
HepG2 day 7	HepG2	PPA1	0.371		middle	secondary_endpoint_extension	operational endpoint-aligned recovery annotation; not primary model-audit evidence
HepG2 day 7	HepG2	PPIA	0.439		middle	secondary_endpoint_extension	operational endpoint-aligned recovery annotation; not primary model-audit evidence
HepG2 day 7	HepG2	PPIL2	0.73		middle	secondary_endpoint_extension	operational endpoint-aligned recovery annotation; not primary model-audit evidence
HepG2 day 7	HepG2	PPP1R8	0.466		middle	secondary_endpoint_extension	operational endpoint-aligned recovery annotation; not primary model-audit evidence
HepG2 day 7	HepG2	PPP2CA	0.124		middle	secondary_endpoint_extension	operational endpoint-aligned recovery annotation; not primary model-audit evidence
HepG2 day 7	HepG2	PPP2CB	0.278		middle	secondary_endpoint_extension	operational endpoint-aligned recovery annotation; not primary model-audit evidence
HepG2 day 7	HepG2	PPP2R1A	0.045		middle	secondary_endpoint_extension	operational endpoint-aligned recovery annotation; not primary model-audit evidence
HepG2 day 7	HepG2	PPP6C	0.075		middle	secondary_endpoint_extension	operational endpoint-aligned recovery annotation; not primary model-audit evidence
HepG2 day 7	HepG2	PRMT5	0.258		middle	secondary_endpoint_extension	operational endpoint-aligned recovery annotation; not primary model-audit evidence
HepG2 day 7	HepG2	PRODH	0.038		middle	secondary_endpoint_extension	operational endpoint-aligned recovery annotation; not primary model-audit evidence
HepG2 day 7	HepG2	PRPF18	0.844		middle	secondary_endpoint_extension	operational endpoint-aligned recovery annotation; not primary model-audit evidence
HepG2 day 7	HepG2	PRPF19	0.745		middle	secondary_endpoint_extension	operational endpoint-aligned recovery annotation; not primary model-audit evidence
HepG2 day 7	HepG2	PRPF3	0.961		middle	secondary_endpoint_extension	operational endpoint-aligned recovery annotation; not primary model-audit evidence
HepG2 day 7	HepG2	PRPF39	0.428		middle	secondary_endpoint_extension	operational endpoint-aligned recovery annotation; not primary model-audit evidence
HepG2 day 7	HepG2	PRPF4	0.912		middle	secondary_endpoint_extension	operational endpoint-aligned recovery annotation; not primary model-audit evidence
HepG2 day 7	HepG2	PRPF6	0.676		middle	secondary_endpoint_extension	operational endpoint-aligned recovery annotation; not primary model-audit evidence
HepG2 day 7	HepG2	PRSS50	0.113		middle	secondary_endpoint_extension	operational endpoint-aligned recovery annotation; not primary model-audit evidence
HepG2 day 7	HepG2	PSAT1	0.206		middle	secondary_endpoint_extension	operational endpoint-aligned recovery annotation; not primary model-audit evidence
HepG2 day 7	HepG2	PSMB4	0.653		middle	secondary_endpoint_extension	operational endpoint-aligned recovery annotation; not primary model-audit evidence
HepG2 day 7	HepG2	PSMC1	0.988		middle	secondary_endpoint_extension	operational endpoint-aligned recovery annotation; not primary model-audit evidence
HepG2 day 7	HepG2	PSMC4	0.994		middle	secondary_endpoint_extension	operational endpoint-aligned recovery annotation; not primary model-audit evidence
HepG2 day 7	HepG2	PSMC5	0.998		middle	secondary_endpoint_extension	operational endpoint-aligned recovery annotation; not primary model-audit evidence
HepG2 day 7	HepG2	PSMG1	0.306		middle	secondary_endpoint_extension	operational endpoint-aligned recovery annotation; not primary model-audit evidence
HepG2 day 7	HepG2	PSMG3	0.236		middle	secondary_endpoint_extension	operational endpoint-aligned recovery annotation; not primary model-audit evidence
HepG2 day 7	HepG2	PSTK	0.066		middle	secondary_endpoint_extension	operational endpoint-aligned recovery annotation; not primary model-audit evidence
HepG2 day 7	HepG2	PTBP1	0.629		middle	secondary_endpoint_extension	operational endpoint-aligned recovery annotation; not primary model-audit evidence
HepG2 day 7	HepG2	PTEN	0.266		middle	secondary_endpoint_extension	operational endpoint-aligned recovery annotation; not primary model-audit evidence
HepG2 day 7	HepG2	PTMA	0.489		middle	secondary_endpoint_extension	operational endpoint-aligned recovery annotation; not primary model-audit evidence
HepG2 day 7	HepG2	PTPMT1	0.481		middle	secondary_endpoint_extension	operational endpoint-aligned recovery annotation; not primary model-audit evidence
HepG2 day 7	HepG2	PTPN11	0.274		middle	secondary_endpoint_extension	operational endpoint-aligned recovery annotation; not primary model-audit evidence
HepG2 day 7	HepG2	PUF60	0.688		middle	secondary_endpoint_extension	operational endpoint-aligned recovery annotation; not primary model-audit evidence
HepG2 day 7	HepG2	PXN	0.503		middle	secondary_endpoint_extension	operational endpoint-aligned recovery annotation; not primary model-audit evidence
HepG2 day 7	HepG2	PYROXD1	0.373		middle	secondary_endpoint_extension	operational endpoint-aligned recovery annotation; not primary model-audit evidence
HepG2 day 7	HepG2	PYURF	0.599		middle	secondary_endpoint_extension	operational endpoint-aligned recovery annotation; not primary model-audit evidence
HepG2 day 7	HepG2	QRSL1	0.321		middle	secondary_endpoint_extension	operational endpoint-aligned recovery annotation; not primary model-audit evidence
HepG2 day 7	HepG2	RAC3	0.612		middle	secondary_endpoint_extension	operational endpoint-aligned recovery annotation; not primary model-audit evidence
HepG2 day 7	HepG2	RAN	0.689		middle	secondary_endpoint_extension	operational endpoint-aligned recovery annotation; not primary model-audit evidence
HepG2 day 7	HepG2	RANGAP1	0.563		middle	secondary_endpoint_extension	operational endpoint-aligned recovery annotation; not primary model-audit evidence
HepG2 day 7	HepG2	RARS2	0.353		middle	secondary_endpoint_extension	operational endpoint-aligned recovery annotation; not primary model-audit evidence
HepG2 day 7	HepG2	RBBP5	0.768		middle	secondary_endpoint_extension	operational endpoint-aligned recovery annotation; not primary model-audit evidence
HepG2 day 7	HepG2	RBM15	0.438		middle	secondary_endpoint_extension	operational endpoint-aligned recovery annotation; not primary model-audit evidence
HepG2 day 7	HepG2	RBM28	0.836		middle	secondary_endpoint_extension	operational endpoint-aligned recovery annotation; not primary model-audit evidence
HepG2 day 7	HepG2	RBM33	0.534		middle	secondary_endpoint_extension	operational endpoint-aligned recovery annotation; not primary model-audit evidence
HepG2 day 7	HepG2	RBM39	0.446		middle	secondary_endpoint_extension	operational endpoint-aligned recovery annotation; not primary model-audit evidence
HepG2 day 7	HepG2	RBM42	0.686		middle	secondary_endpoint_extension	operational endpoint-aligned recovery annotation; not primary model-audit evidence
HepG2 day 7	HepG2	RBM48	0.477		middle	secondary_endpoint_extension	operational endpoint-aligned recovery annotation; not primary model-audit evidence
HepG2 day 7	HepG2	RBMX2	0.841		middle	secondary_endpoint_extension	operational endpoint-aligned recovery annotation; not primary model-audit evidence
HepG2 day 7	HepG2	RBX1	0.664		middle	secondary_endpoint_extension	operational endpoint-aligned recovery annotation; not primary model-audit evidence
HepG2 day 7	HepG2	RCC1	0.041		middle	secondary_endpoint_extension	operational endpoint-aligned recovery annotation; not primary model-audit evidence
HepG2 day 7	HepG2	RCCD1	0.401		middle	secondary_endpoint_extension	operational endpoint-aligned recovery annotation; not primary model-audit evidence
HepG2 day 7	HepG2	RCL1	0.833		middle	secondary_endpoint_extension	operational endpoint-aligned recovery annotation; not primary model-audit evidence
HepG2 day 7	HepG2	RFC2	0.538		middle	secondary_endpoint_extension	operational endpoint-aligned recovery annotation; not primary model-audit evidence
HepG2 day 7	HepG2	RFC3	0.596		middle	secondary_endpoint_extension	operational endpoint-aligned recovery annotation; not primary model-audit evidence
HepG2 day 7	HepG2	RFC5	0.475		middle	secondary_endpoint_extension	operational endpoint-aligned recovery annotation; not primary model-audit evidence
HepG2 day 7	HepG2	RHOQ	0.03		middle	secondary_endpoint_extension	operational endpoint-aligned recovery annotation; not primary model-audit evidence
HepG2 day 7	HepG2	RHPN1	0.252		middle	secondary_endpoint_extension	operational endpoint-aligned recovery annotation; not primary model-audit evidence
HepG2 day 7	HepG2	RIOK1	0.824		middle	secondary_endpoint_extension	operational endpoint-aligned recovery annotation; not primary model-audit evidence
HepG2 day 7	HepG2	RNASEH2C	0.084		middle	secondary_endpoint_extension	operational endpoint-aligned recovery annotation; not primary model-audit evidence
HepG2 day 7	HepG2	RNF123	0.275		middle	secondary_endpoint_extension	operational endpoint-aligned recovery annotation; not primary model-audit evidence
HepG2 day 7	HepG2	RNF31	0.288		middle	secondary_endpoint_extension	operational endpoint-aligned recovery annotation; not primary model-audit evidence
HepG2 day 7	HepG2	RNGTT	0.444		middle	secondary_endpoint_extension	operational endpoint-aligned recovery annotation; not primary model-audit evidence
HepG2 day 7	HepG2	RNMT	0.622		middle	secondary_endpoint_extension	operational endpoint-aligned recovery annotation; not primary model-audit evidence
HepG2 day 7	HepG2	RNPS1	0.377		middle	secondary_endpoint_extension	operational endpoint-aligned recovery annotation; not primary model-audit evidence
HepG2 day 7	HepG2	RPAP2	0.958		middle	secondary_endpoint_extension	operational endpoint-aligned recovery annotation; not primary model-audit evidence
HepG2 day 7	HepG2	RPAP3	0.678		middle	secondary_endpoint_extension	operational endpoint-aligned recovery annotation; not primary model-audit evidence
HepG2 day 7	HepG2	RPF1	0.859		middle	secondary_endpoint_extension	operational endpoint-aligned recovery annotation; not primary model-audit evidence
HepG2 day 7	HepG2	RPL37	0.734		middle	secondary_endpoint_extension	operational endpoint-aligned recovery annotation; not primary model-audit evidence
HepG2 day 7	HepG2	RPL41	0.073		middle	secondary_endpoint_extension	operational endpoint-aligned recovery annotation; not primary model-audit evidence
HepG2 day 7	HepG2	RPP14	0.829		middle	secondary_endpoint_extension	operational endpoint-aligned recovery annotation; not primary model-audit evidence
HepG2 day 7	HepG2	RPP21	0.158		middle	secondary_endpoint_extension	operational endpoint-aligned recovery annotation; not primary model-audit evidence
HepG2 day 7	HepG2	RPP30	0.761		middle	secondary_endpoint_extension	operational endpoint-aligned recovery annotation; not primary model-audit evidence
HepG2 day 7	HepG2	RPS19BP1	0.751		middle	secondary_endpoint_extension	operational endpoint-aligned recovery annotation; not primary model-audit evidence
HepG2 day 7	HepG2	RPS29	0.72		middle	secondary_endpoint_extension	operational endpoint-aligned recovery annotation; not primary model-audit evidence
HepG2 day 7	HepG2	RPUSD3	0.392		middle	secondary_endpoint_extension	operational endpoint-aligned recovery annotation; not primary model-audit evidence
HepG2 day 7	HepG2	RRP12	0.868		middle	secondary_endpoint_extension	operational endpoint-aligned recovery annotation; not primary model-audit evidence
HepG2 day 7	HepG2	RRP7A	0.81		middle	secondary_endpoint_extension	operational endpoint-aligned recovery annotation; not primary model-audit evidence
HepG2 day 7	HepG2	RRP9	0.344		middle	secondary_endpoint_extension	operational endpoint-aligned recovery annotation; not primary model-audit evidence
HepG2 day 7	HepG2	RRS1	0.882		middle	secondary_endpoint_extension	operational endpoint-aligned recovery annotation; not primary model-audit evidence
HepG2 day 7	HepG2	RSL1D1	0.361		middle	secondary_endpoint_extension	operational endpoint-aligned recovery annotation; not primary model-audit evidence
HepG2 day 7	HepG2	RTEL1	0.009		middle	secondary_endpoint_extension	operational endpoint-aligned recovery annotation; not primary model-audit evidence
HepG2 day 7	HepG2	SAE1	0.611		middle	secondary_endpoint_extension	operational endpoint-aligned recovery annotation; not primary model-audit evidence
HepG2 day 7	HepG2	SART1	0.977		middle	secondary_endpoint_extension	operational endpoint-aligned recovery annotation; not primary model-audit evidence
HepG2 day 7	HepG2	SART3	0.511		middle	secondary_endpoint_extension	operational endpoint-aligned recovery annotation; not primary model-audit evidence
HepG2 day 7	HepG2	SASS6	0.387		middle	secondary_endpoint_extension	operational endpoint-aligned recovery annotation; not primary model-audit evidence
HepG2 day 7	HepG2	SBNO1	0.342		middle	secondary_endpoint_extension	operational endpoint-aligned recovery annotation; not primary model-audit evidence
HepG2 day 7	HepG2	SCAF1	0.71		middle	secondary_endpoint_extension	operational endpoint-aligned recovery annotation; not primary model-audit evidence
HepG2 day 7	HepG2	SCAP	0.333		middle	secondary_endpoint_extension	operational endpoint-aligned recovery annotation; not primary model-audit evidence
HepG2 day 7	HepG2	SCD	0.626		middle	secondary_endpoint_extension	operational endpoint-aligned recovery annotation; not primary model-audit evidence
HepG2 day 7	HepG2	SDAD1	0.883		middle	secondary_endpoint_extension	operational endpoint-aligned recovery annotation; not primary model-audit evidence
HepG2 day 7	HepG2	SDC1	0.61		middle	secondary_endpoint_extension	operational endpoint-aligned recovery annotation; not primary model-audit evidence
HepG2 day 7	HepG2	SDHAF2	0.13		middle	secondary_endpoint_extension	operational endpoint-aligned recovery annotation; not primary model-audit evidence
HepG2 day 7	HepG2	SEC16A	0.078		middle	secondary_endpoint_extension	operational endpoint-aligned recovery annotation; not primary model-audit evidence
HepG2 day 7	HepG2	SEC61G	0.921		middle	secondary_endpoint_extension	operational endpoint-aligned recovery annotation; not primary model-audit evidence
HepG2 day 7	HepG2	SEH1L	0.441		middle	secondary_endpoint_extension	operational endpoint-aligned recovery annotation; not primary model-audit evidence
HepG2 day 7	HepG2	SEM1	0.512		middle	secondary_endpoint_extension	operational endpoint-aligned recovery annotation; not primary model-audit evidence
HepG2 day 7	HepG2	SEPHS2	0.293		middle	secondary_endpoint_extension	operational endpoint-aligned recovery annotation; not primary model-audit evidence
HepG2 day 7	HepG2	SEPSECS	0.389		middle	secondary_endpoint_extension	operational endpoint-aligned recovery annotation; not primary model-audit evidence
HepG2 day 7	HepG2	SERPINB1	0.255		middle	secondary_endpoint_extension	operational endpoint-aligned recovery annotation; not primary model-audit evidence
HepG2 day 7	HepG2	SETD1A	0.87		middle	secondary_endpoint_extension	operational endpoint-aligned recovery annotation; not primary model-audit evidence
HepG2 day 7	HepG2	SETD5	0.47		middle	secondary_endpoint_extension	operational endpoint-aligned recovery annotation; not primary model-audit evidence
HepG2 day 7	HepG2	SETDB1	0.283		middle	secondary_endpoint_extension	operational endpoint-aligned recovery annotation; not primary model-audit evidence
HepG2 day 7	HepG2	SF3A2	0.659		middle	secondary_endpoint_extension	operational endpoint-aligned recovery annotation; not primary model-audit evidence
HepG2 day 7	HepG2	SF3B1	0.736		middle	secondary_endpoint_extension	operational endpoint-aligned recovery annotation; not primary model-audit evidence
HepG2 day 7	HepG2	SHOC2	0.524		middle	secondary_endpoint_extension	operational endpoint-aligned recovery annotation; not primary model-audit evidence
HepG2 day 7	HepG2	SHQ1	0.031		middle	secondary_endpoint_extension	operational endpoint-aligned recovery annotation; not primary model-audit evidence
HepG2 day 7	HepG2	SIN3A	0.228		middle	secondary_endpoint_extension	operational endpoint-aligned recovery annotation; not primary model-audit evidence
HepG2 day 7	HepG2	SKA3	0.636		middle	secondary_endpoint_extension	operational endpoint-aligned recovery annotation; not primary model-audit evidence
HepG2 day 7	HepG2	SKP1	0.673		middle	secondary_endpoint_extension	operational endpoint-aligned recovery annotation; not primary model-audit evidence
HepG2 day 7	HepG2	SLC16A5	0.725		middle	secondary_endpoint_extension	operational endpoint-aligned recovery annotation; not primary model-audit evidence
HepG2 day 7	HepG2	SLC25A10	0.578		middle	secondary_endpoint_extension	operational endpoint-aligned recovery annotation; not primary model-audit evidence
HepG2 day 7	HepG2	SLC2A8	0.598		middle	secondary_endpoint_extension	operational endpoint-aligned recovery annotation; not primary model-audit evidence
HepG2 day 7	HepG2	SLC7A6OS	0.879		middle	secondary_endpoint_extension	operational endpoint-aligned recovery annotation; not primary model-audit evidence
HepG2 day 7	HepG2	SLU7	0.667		middle	secondary_endpoint_extension	operational endpoint-aligned recovery annotation; not primary model-audit evidence
HepG2 day 7	HepG2	SMAGP	0.33		middle	secondary_endpoint_extension	operational endpoint-aligned recovery annotation; not primary model-audit evidence
HepG2 day 7	HepG2	SMARCB1	0.264		middle	secondary_endpoint_extension	operational endpoint-aligned recovery annotation; not primary model-audit evidence
HepG2 day 7	HepG2	SMC1A	0.732		middle	secondary_endpoint_extension	operational endpoint-aligned recovery annotation; not primary model-audit evidence
HepG2 day 7	HepG2	SMC5	0.133		middle	secondary_endpoint_extension	operational endpoint-aligned recovery annotation; not primary model-audit evidence
HepG2 day 7	HepG2	SMG5	0.645		middle	secondary_endpoint_extension	operational endpoint-aligned recovery annotation; not primary model-audit evidence
HepG2 day 7	HepG2	SNAPC3	0.098		middle	secondary_endpoint_extension	operational endpoint-aligned recovery annotation; not primary model-audit evidence
HepG2 day 7	HepG2	SNAPC5	0.311		middle	secondary_endpoint_extension	operational endpoint-aligned recovery annotation; not primary model-audit evidence
HepG2 day 7	HepG2	SNRNP40	0.425		middle	secondary_endpoint_extension	operational endpoint-aligned recovery annotation; not primary model-audit evidence
HepG2 day 7	HepG2	SNRNP48	0.692		middle	secondary_endpoint_extension	operational endpoint-aligned recovery annotation; not primary model-audit evidence
HepG2 day 7	HepG2	SNRPC	0.773		middle	secondary_endpoint_extension	operational endpoint-aligned recovery annotation; not primary model-audit evidence
HepG2 day 7	HepG2	SNW1	0.443		middle	secondary_endpoint_extension	operational endpoint-aligned recovery annotation; not primary model-audit evidence
HepG2 day 7	HepG2	SON	0.76		middle	secondary_endpoint_extension	operational endpoint-aligned recovery annotation; not primary model-audit evidence
HepG2 day 7	HepG2	SP1	0.459		middle	secondary_endpoint_extension	operational endpoint-aligned recovery annotation; not primary model-audit evidence
HepG2 day 7	HepG2	SPCS3	0.483		middle	secondary_endpoint_extension	operational endpoint-aligned recovery annotation; not primary model-audit evidence
HepG2 day 7	HepG2	SPG7	0.383		middle	secondary_endpoint_extension	operational endpoint-aligned recovery annotation; not primary model-audit evidence
HepG2 day 7	HepG2	SRBD1	0.154		middle	secondary_endpoint_extension	operational endpoint-aligned recovery annotation; not primary model-audit evidence
HepG2 day 7	HepG2	SRP14	0.242		middle	secondary_endpoint_extension	operational endpoint-aligned recovery annotation; not primary model-audit evidence
HepG2 day 7	HepG2	SRP68	0.696		middle	secondary_endpoint_extension	operational endpoint-aligned recovery annotation; not primary model-audit evidence
HepG2 day 7	HepG2	SRP72	0.352		middle	secondary_endpoint_extension	operational endpoint-aligned recovery annotation; not primary model-audit evidence
HepG2 day 7	HepG2	SRP9	0.165		middle	secondary_endpoint_extension	operational endpoint-aligned recovery annotation; not primary model-audit evidence
HepG2 day 7	HepG2	SRPRB	0.334		middle	secondary_endpoint_extension	operational endpoint-aligned recovery annotation; not primary model-audit evidence
HepG2 day 7	HepG2	SRRM1	0.522		middle	secondary_endpoint_extension	operational endpoint-aligned recovery annotation; not primary model-audit evidence
HepG2 day 7	HepG2	SRSF6	0.137		middle	secondary_endpoint_extension	operational endpoint-aligned recovery annotation; not primary model-audit evidence
HepG2 day 7	HepG2	SRSF7	0.683		middle	secondary_endpoint_extension	operational endpoint-aligned recovery annotation; not primary model-audit evidence
HepG2 day 7	HepG2	SSU72	0.454		middle	secondary_endpoint_extension	operational endpoint-aligned recovery annotation; not primary model-audit evidence
HepG2 day 7	HepG2	STAT5B	0.465		middle	secondary_endpoint_extension	operational endpoint-aligned recovery annotation; not primary model-audit evidence
HepG2 day 7	HepG2	STIL	0.232		middle	secondary_endpoint_extension	operational endpoint-aligned recovery annotation; not primary model-audit evidence
HepG2 day 7	HepG2	STT3B	0.404		middle	secondary_endpoint_extension	operational endpoint-aligned recovery annotation; not primary model-audit evidence
HepG2 day 7	HepG2	STX5	0.581		middle	secondary_endpoint_extension	operational endpoint-aligned recovery annotation; not primary model-audit evidence
HepG2 day 7	HepG2	STXBP4	0.257		middle	secondary_endpoint_extension	operational endpoint-aligned recovery annotation; not primary model-audit evidence
HepG2 day 7	HepG2	SUPT16H	0.603		middle	secondary_endpoint_extension	operational endpoint-aligned recovery annotation; not primary model-audit evidence
HepG2 day 7	HepG2	SUPT20H	0.557		middle	secondary_endpoint_extension	operational endpoint-aligned recovery annotation; not primary model-audit evidence
HepG2 day 7	HepG2	SURF6	0.826		middle	secondary_endpoint_extension	operational endpoint-aligned recovery annotation; not primary model-audit evidence
HepG2 day 7	HepG2	SYS1	0.589		middle	secondary_endpoint_extension	operational endpoint-aligned recovery annotation; not primary model-audit evidence
HepG2 day 7	HepG2	TACC3	0.526		middle	secondary_endpoint_extension	operational endpoint-aligned recovery annotation; not primary model-audit evidence
HepG2 day 7	HepG2	TADA1	0.58		middle	secondary_endpoint_extension	operational endpoint-aligned recovery annotation; not primary model-audit evidence
HepG2 day 7	HepG2	TAF10	0.843		middle	secondary_endpoint_extension	operational endpoint-aligned recovery annotation; not primary model-audit evidence
HepG2 day 7	HepG2	TAF11	0.445		middle	secondary_endpoint_extension	operational endpoint-aligned recovery annotation; not primary model-audit evidence
HepG2 day 7	HepG2	TAF12	0.896		middle	secondary_endpoint_extension	operational endpoint-aligned recovery annotation; not primary model-audit evidence
HepG2 day 7	HepG2	TAF13	0.463		middle	secondary_endpoint_extension	operational endpoint-aligned recovery annotation; not primary model-audit evidence
HepG2 day 7	HepG2	TAF3	0.595		middle	secondary_endpoint_extension	operational endpoint-aligned recovery annotation; not primary model-audit evidence
HepG2 day 7	HepG2	TAF5	0.854		middle	secondary_endpoint_extension	operational endpoint-aligned recovery annotation; not primary model-audit evidence
HepG2 day 7	HepG2	TAF7	0.867		middle	secondary_endpoint_extension	operational endpoint-aligned recovery annotation; not primary model-audit evidence
HepG2 day 7	HepG2	TAF8	0.919		middle	secondary_endpoint_extension	operational endpoint-aligned recovery annotation; not primary model-audit evidence
HepG2 day 7	HepG2	TANGO6	0.876		middle	secondary_endpoint_extension	operational endpoint-aligned recovery annotation; not primary model-audit evidence
HepG2 day 7	HepG2	TARDBP	0.191		middle	secondary_endpoint_extension	operational endpoint-aligned recovery annotation; not primary model-audit evidence
HepG2 day 7	HepG2	TARS2	0.642		middle	secondary_endpoint_extension	operational endpoint-aligned recovery annotation; not primary model-audit evidence
HepG2 day 7	HepG2	TBCA	0.178		middle	secondary_endpoint_extension	operational endpoint-aligned recovery annotation; not primary model-audit evidence
HepG2 day 7	HepG2	TBCB	0.75		middle	secondary_endpoint_extension	operational endpoint-aligned recovery annotation; not primary model-audit evidence
HepG2 day 7	HepG2	TBCD	0.28		middle	secondary_endpoint_extension	operational endpoint-aligned recovery annotation; not primary model-audit evidence
HepG2 day 7	HepG2	TBCE	0.145		middle	secondary_endpoint_extension	operational endpoint-aligned recovery annotation; not primary model-audit evidence
HepG2 day 7	HepG2	TBP	0.366		middle	secondary_endpoint_extension	operational endpoint-aligned recovery annotation; not primary model-audit evidence
HepG2 day 7	HepG2	TCOF1	0.391		middle	secondary_endpoint_extension	operational endpoint-aligned recovery annotation; not primary model-audit evidence
HepG2 day 7	HepG2	TERF2	0.772		middle	secondary_endpoint_extension	operational endpoint-aligned recovery annotation; not primary model-audit evidence
HepG2 day 7	HepG2	TEX10	0.74		middle	secondary_endpoint_extension	operational endpoint-aligned recovery annotation; not primary model-audit evidence
HepG2 day 7	HepG2	TFAM	0.002		middle	secondary_endpoint_extension	operational endpoint-aligned recovery annotation; not primary model-audit evidence
HepG2 day 7	HepG2	TFDP1	0.056		middle	secondary_endpoint_extension	operational endpoint-aligned recovery annotation; not primary model-audit evidence
HepG2 day 7	HepG2	TFRC	0.567		middle	secondary_endpoint_extension	operational endpoint-aligned recovery annotation; not primary model-audit evidence
HepG2 day 7	HepG2	TGS1	0.48		middle	secondary_endpoint_extension	operational endpoint-aligned recovery annotation; not primary model-audit evidence
HepG2 day 7	HepG2	THOC5	0.607		middle	secondary_endpoint_extension	operational endpoint-aligned recovery annotation; not primary model-audit evidence
HepG2 day 7	HepG2	THOC6	0.368		middle	secondary_endpoint_extension	operational endpoint-aligned recovery annotation; not primary model-audit evidence
HepG2 day 7	HepG2	THOC7	0.028		middle	secondary_endpoint_extension	operational endpoint-aligned recovery annotation; not primary model-audit evidence
HepG2 day 7	HepG2	TIMM10	0.312		middle	secondary_endpoint_extension	operational endpoint-aligned recovery annotation; not primary model-audit evidence
HepG2 day 7	HepG2	TIMM13	0.5		middle	secondary_endpoint_extension	operational endpoint-aligned recovery annotation; not primary model-audit evidence
HepG2 day 7	HepG2	TIMM8A	0.291		middle	secondary_endpoint_extension	operational endpoint-aligned recovery annotation; not primary model-audit evidence
HepG2 day 7	HepG2	TINF2	0.621		middle	secondary_endpoint_extension	operational endpoint-aligned recovery annotation; not primary model-audit evidence
HepG2 day 7	HepG2	TKT	0.102		middle	secondary_endpoint_extension	operational endpoint-aligned recovery annotation; not primary model-audit evidence
HepG2 day 7	HepG2	TMEM242	0.068		middle	secondary_endpoint_extension	operational endpoint-aligned recovery annotation; not primary model-audit evidence
HepG2 day 7	HepG2	TMSB10	0.498		middle	secondary_endpoint_extension	operational endpoint-aligned recovery annotation; not primary model-audit evidence
HepG2 day 7	HepG2	TMX2	0.609		middle	secondary_endpoint_extension	operational endpoint-aligned recovery annotation; not primary model-audit evidence
HepG2 day 7	HepG2	TNNT2	0.208		middle	secondary_endpoint_extension	operational endpoint-aligned recovery annotation; not primary model-audit evidence
HepG2 day 7	HepG2	TNRC6A	0.322		middle	secondary_endpoint_extension	operational endpoint-aligned recovery annotation; not primary model-audit evidence
HepG2 day 7	HepG2	TOMM22	0.587		middle	secondary_endpoint_extension	operational endpoint-aligned recovery annotation; not primary model-audit evidence
HepG2 day 7	HepG2	TONSL	0.562		middle	secondary_endpoint_extension	operational endpoint-aligned recovery annotation; not primary model-audit evidence
HepG2 day 7	HepG2	TPR	0.533		middle	secondary_endpoint_extension	operational endpoint-aligned recovery annotation; not primary model-audit evidence
HepG2 day 7	HepG2	TPT1	0.691		middle	secondary_endpoint_extension	operational endpoint-aligned recovery annotation; not primary model-audit evidence
HepG2 day 7	HepG2	TPX2	0.716		middle	secondary_endpoint_extension	operational endpoint-aligned recovery annotation; not primary model-audit evidence
HepG2 day 7	HepG2	TRAIP	0.09		middle	secondary_endpoint_extension	operational endpoint-aligned recovery annotation; not primary model-audit evidence
HepG2 day 7	HepG2	TRAPPC11	0.016		middle	secondary_endpoint_extension	operational endpoint-aligned recovery annotation; not primary model-audit evidence
HepG2 day 7	HepG2	TRAPPC5	0.45		middle	secondary_endpoint_extension	operational endpoint-aligned recovery annotation; not primary model-audit evidence
HepG2 day 7	HepG2	TREX2	0.741		middle	secondary_endpoint_extension	operational endpoint-aligned recovery annotation; not primary model-audit evidence
HepG2 day 7	HepG2	TRNT1	0.464		middle	secondary_endpoint_extension	operational endpoint-aligned recovery annotation; not primary model-audit evidence
HepG2 day 7	HepG2	TSEN2	0.564		middle	secondary_endpoint_extension	operational endpoint-aligned recovery annotation; not primary model-audit evidence
HepG2 day 7	HepG2	TSPYL5	0.523		middle	secondary_endpoint_extension	operational endpoint-aligned recovery annotation; not primary model-audit evidence
HepG2 day 7	HepG2	TSR1	0.552		middle	secondary_endpoint_extension	operational endpoint-aligned recovery annotation; not primary model-audit evidence
HepG2 day 7	HepG2	TTK	0.857		middle	secondary_endpoint_extension	operational endpoint-aligned recovery annotation; not primary model-audit evidence
HepG2 day 7	HepG2	TUBA1B	0.26		middle	secondary_endpoint_extension	operational endpoint-aligned recovery annotation; not primary model-audit evidence
HepG2 day 7	HepG2	TUBB	0.203		middle	secondary_endpoint_extension	operational endpoint-aligned recovery annotation; not primary model-audit evidence
HepG2 day 7	HepG2	TUBD1	0.394		middle	secondary_endpoint_extension	operational endpoint-aligned recovery annotation; not primary model-audit evidence
HepG2 day 7	HepG2	TUBE1	0.329		middle	secondary_endpoint_extension	operational endpoint-aligned recovery annotation; not primary model-audit evidence
HepG2 day 7	HepG2	TUBGCP2	0.456		middle	secondary_endpoint_extension	operational endpoint-aligned recovery annotation; not primary model-audit evidence
HepG2 day 7	HepG2	TUBGCP5	0.348		middle	secondary_endpoint_extension	operational endpoint-aligned recovery annotation; not primary model-audit evidence
HepG2 day 7	HepG2	TUT1	0.276		middle	secondary_endpoint_extension	operational endpoint-aligned recovery annotation; not primary model-audit evidence
HepG2 day 7	HepG2	TWF1	0.007		middle	secondary_endpoint_extension	operational endpoint-aligned recovery annotation; not primary model-audit evidence
HepG2 day 7	HepG2	UBA2	0.508		middle	secondary_endpoint_extension	operational endpoint-aligned recovery annotation; not primary model-audit evidence
HepG2 day 7	HepG2	UBA52	0.55		middle	secondary_endpoint_extension	operational endpoint-aligned recovery annotation; not primary model-audit evidence
HepG2 day 7	HepG2	UBE2I	0.618		middle	secondary_endpoint_extension	operational endpoint-aligned recovery annotation; not primary model-audit evidence
HepG2 day 7	HepG2	UBE2L3	0.474		middle	secondary_endpoint_extension	operational endpoint-aligned recovery annotation; not primary model-audit evidence
HepG2 day 7	HepG2	UBE2M	0.19		middle	secondary_endpoint_extension	operational endpoint-aligned recovery annotation; not primary model-audit evidence
HepG2 day 7	HepG2	UBE3D	0.29		middle	secondary_endpoint_extension	operational endpoint-aligned recovery annotation; not primary model-audit evidence
HepG2 day 7	HepG2	UFL1	0.515		middle	secondary_endpoint_extension	operational endpoint-aligned recovery annotation; not primary model-audit evidence
HepG2 day 7	HepG2	UNC45A	0.215		middle	secondary_endpoint_extension	operational endpoint-aligned recovery annotation; not primary model-audit evidence
HepG2 day 7	HepG2	UQCRC1	0.49		middle	secondary_endpoint_extension	operational endpoint-aligned recovery annotation; not primary model-audit evidence
HepG2 day 7	HepG2	URB1	0.685		middle	secondary_endpoint_extension	operational endpoint-aligned recovery annotation; not primary model-audit evidence
HepG2 day 7	HepG2	URB2	0.722		middle	secondary_endpoint_extension	operational endpoint-aligned recovery annotation; not primary model-audit evidence
HepG2 day 7	HepG2	URI1	0.758		middle	secondary_endpoint_extension	operational endpoint-aligned recovery annotation; not primary model-audit evidence
HepG2 day 7	HepG2	UROD	0.354		middle	secondary_endpoint_extension	operational endpoint-aligned recovery annotation; not primary model-audit evidence
HepG2 day 7	HepG2	USF2	0.437		middle	secondary_endpoint_extension	operational endpoint-aligned recovery annotation; not primary model-audit evidence
HepG2 day 7	HepG2	USP37	0.577		middle	secondary_endpoint_extension	operational endpoint-aligned recovery annotation; not primary model-audit evidence
HepG2 day 7	HepG2	USP5	0.265		middle	secondary_endpoint_extension	operational endpoint-aligned recovery annotation; not primary model-audit evidence
HepG2 day 7	HepG2	UTP18	0.617		middle	secondary_endpoint_extension	operational endpoint-aligned recovery annotation; not primary model-audit evidence
HepG2 day 7	HepG2	UTP20	0.749		middle	secondary_endpoint_extension	operational endpoint-aligned recovery annotation; not primary model-audit evidence
HepG2 day 7	HepG2	UTP23	0.651		middle	secondary_endpoint_extension	operational endpoint-aligned recovery annotation; not primary model-audit evidence
HepG2 day 7	HepG2	UTP6	0.606		middle	secondary_endpoint_extension	operational endpoint-aligned recovery annotation; not primary model-audit evidence
HepG2 day 7	HepG2	VPS35	0.172		middle	secondary_endpoint_extension	operational endpoint-aligned recovery annotation; not primary model-audit evidence
HepG2 day 7	HepG2	VPS41	0.449		middle	secondary_endpoint_extension	operational endpoint-aligned recovery annotation; not primary model-audit evidence
HepG2 day 7	HepG2	WBP11	0.59		middle	secondary_endpoint_extension	operational endpoint-aligned recovery annotation; not primary model-audit evidence
HepG2 day 7	HepG2	WDHD1	0.472		middle	secondary_endpoint_extension	operational endpoint-aligned recovery annotation; not primary model-audit evidence
HepG2 day 7	HepG2	WDR1	0.573		middle	secondary_endpoint_extension	operational endpoint-aligned recovery annotation; not primary model-audit evidence
HepG2 day 7	HepG2	WDR12	0.78		middle	secondary_endpoint_extension	operational endpoint-aligned recovery annotation; not primary model-audit evidence
HepG2 day 7	HepG2	WDR18	0.268		middle	secondary_endpoint_extension	operational endpoint-aligned recovery annotation; not primary model-audit evidence
HepG2 day 7	HepG2	WDR26	0.197		middle	secondary_endpoint_extension	operational endpoint-aligned recovery annotation; not primary model-audit evidence
HepG2 day 7	HepG2	WDR3	0.756		middle	secondary_endpoint_extension	operational endpoint-aligned recovery annotation; not primary model-audit evidence
HepG2 day 7	HepG2	WDR46	0.608		middle	secondary_endpoint_extension	operational endpoint-aligned recovery annotation; not primary model-audit evidence
HepG2 day 7	HepG2	WDR74	0.582		middle	secondary_endpoint_extension	operational endpoint-aligned recovery annotation; not primary model-audit evidence
HepG2 day 7	HepG2	WDR77	0.433		middle	secondary_endpoint_extension	operational endpoint-aligned recovery annotation; not primary model-audit evidence
HepG2 day 7	HepG2	WDTC1	0.556		middle	secondary_endpoint_extension	operational endpoint-aligned recovery annotation; not primary model-audit evidence
HepG2 day 7	HepG2	WTAP	0.035		middle	secondary_endpoint_extension	operational endpoint-aligned recovery annotation; not primary model-audit evidence
HepG2 day 7	HepG2	XPO5	0.299		middle	secondary_endpoint_extension	operational endpoint-aligned recovery annotation; not primary model-audit evidence
HepG2 day 7	HepG2	YJEFN3	0.087		middle	secondary_endpoint_extension	operational endpoint-aligned recovery annotation; not primary model-audit evidence
HepG2 day 7	HepG2	YY1	0.57		middle	secondary_endpoint_extension	operational endpoint-aligned recovery annotation; not primary model-audit evidence
HepG2 day 7	HepG2	ZBTB17	0.07		middle	secondary_endpoint_extension	operational endpoint-aligned recovery annotation; not primary model-audit evidence
HepG2 day 7	HepG2	ZC3H3	0.362		middle	secondary_endpoint_extension	operational endpoint-aligned recovery annotation; not primary model-audit evidence
HepG2 day 7	HepG2	ZC3H4	0.6		middle	secondary_endpoint_extension	operational endpoint-aligned recovery annotation; not primary model-audit evidence
HepG2 day 7	HepG2	ZCCHC9	0.909		middle	secondary_endpoint_extension	operational endpoint-aligned recovery annotation; not primary model-audit evidence
HepG2 day 7	HepG2	ZMAT2	0.627		middle	secondary_endpoint_extension	operational endpoint-aligned recovery annotation; not primary model-audit evidence
HepG2 day 7	HepG2	ZNF100	0.336		middle	secondary_endpoint_extension	operational endpoint-aligned recovery annotation; not primary model-audit evidence
HepG2 day 7	HepG2	ZNF207	0.561		middle	secondary_endpoint_extension	operational endpoint-aligned recovery annotation; not primary model-audit evidence
HepG2 day 7	HepG2	ZNF236	0.724		middle	secondary_endpoint_extension	operational endpoint-aligned recovery annotation; not primary model-audit evidence
HepG2 day 7	HepG2	ZNF335	0.623		middle	secondary_endpoint_extension	operational endpoint-aligned recovery annotation; not primary model-audit evidence
HepG2 day 7	HepG2	ZNF574	0.504		middle	secondary_endpoint_extension	operational endpoint-aligned recovery annotation; not primary model-audit evidence
HepG2 day 7	HepG2	ZNF674	0.358		middle	secondary_endpoint_extension	operational endpoint-aligned recovery annotation; not primary model-audit evidence
HepG2 day 7	HepG2	ZNF763	0.318		middle	secondary_endpoint_extension	operational endpoint-aligned recovery annotation; not primary model-audit evidence
HepG2 day 7	HepG2	ZNF787	0.631		middle	secondary_endpoint_extension	operational endpoint-aligned recovery annotation; not primary model-audit evidence
HepG2 day 7	HepG2	ZNF84	0.739		middle	secondary_endpoint_extension	operational endpoint-aligned recovery annotation; not primary model-audit evidence
HepG2 day 7	HepG2	ZNHIT2	0.709		middle	secondary_endpoint_extension	operational endpoint-aligned recovery annotation; not primary model-audit evidence
HepG2 day 7	HepG2	ZNHIT3	0.081		middle	secondary_endpoint_extension	operational endpoint-aligned recovery annotation; not primary model-audit evidence
HepG2 day 7	HepG2	ZNHIT6	0.714		middle	secondary_endpoint_extension	operational endpoint-aligned recovery annotation; not primary model-audit evidence
Jurkat day 7	Jurkat	ABCE1	0.967990515708358		Q1_anchor	secondary_endpoint_extension	operational endpoint-aligned recovery annotation; not primary model-audit evidence
Jurkat day 7	Jurkat	ALDOA	0.9407231772377		Q1_anchor	secondary_endpoint_extension	operational endpoint-aligned recovery annotation; not primary model-audit evidence
Jurkat day 7	Jurkat	ALG11	0.8280972139893301		Q1_anchor	secondary_endpoint_extension	operational endpoint-aligned recovery annotation; not primary model-audit evidence
Jurkat day 7	Jurkat	ATP2A2	0.91701244813278		Q1_anchor	secondary_endpoint_extension	operational endpoint-aligned recovery annotation; not primary model-audit evidence
Jurkat day 7	Jurkat	BDP1	0.8369887374036752		Q1_anchor	secondary_endpoint_extension	operational endpoint-aligned recovery annotation; not primary model-audit evidence
Jurkat day 7	Jurkat	BMS1	0.8203912270302312		Q1_anchor	secondary_endpoint_extension	operational endpoint-aligned recovery annotation; not primary model-audit evidence
Jurkat day 7	Jurkat	BRIX1	0.9021932424422051		Q1_anchor	secondary_endpoint_extension	operational endpoint-aligned recovery annotation; not primary model-audit evidence
Jurkat day 7	Jurkat	CCT4	0.7640782454060462		Q1_anchor	secondary_endpoint_extension	operational endpoint-aligned recovery annotation; not primary model-audit evidence
Jurkat day 7	Jurkat	CDAN1	0.8061647895672792		Q1_anchor	secondary_endpoint_extension	operational endpoint-aligned recovery annotation; not primary model-audit evidence
Jurkat day 7	Jurkat	CDK9	0.8126852400711322		Q1_anchor	secondary_endpoint_extension	operational endpoint-aligned recovery annotation; not primary model-audit evidence
Jurkat day 7	Jurkat	CHAF1B	0.9549496147006521		Q1_anchor	secondary_endpoint_extension	operational endpoint-aligned recovery annotation; not primary model-audit evidence
Jurkat day 7	Jurkat	CHD4	0.8002371072910492		Q1_anchor	secondary_endpoint_extension	operational endpoint-aligned recovery annotation; not primary model-audit evidence
Jurkat day 7	Jurkat	CHERP	0.9128630705394191		Q1_anchor	secondary_endpoint_extension	operational endpoint-aligned recovery annotation; not primary model-audit evidence
Jurkat day 7	Jurkat	CHMP6	0.8518079430942501		Q1_anchor	secondary_endpoint_extension	operational endpoint-aligned recovery annotation; not primary model-audit evidence
Jurkat day 7	Jurkat	CNOT3	0.9614700652045051		Q1_anchor	secondary_endpoint_extension	operational endpoint-aligned recovery annotation; not primary model-audit evidence
Jurkat day 7	Jurkat	COPS2	0.7711914641375223		Q1_anchor	secondary_endpoint_extension	operational endpoint-aligned recovery annotation; not primary model-audit evidence
Jurkat day 7	Jurkat	COPS5	0.8583283935981031		Q1_anchor	secondary_endpoint_extension	operational endpoint-aligned recovery annotation; not primary model-audit evidence
Jurkat day 7	Jurkat	COPS6	0.8553645524599881		Q1_anchor	secondary_endpoint_extension	operational endpoint-aligned recovery annotation; not primary model-audit evidence
Jurkat day 7	Jurkat	CPSF3	0.8802608180201541		Q1_anchor	secondary_endpoint_extension	operational endpoint-aligned recovery annotation; not primary model-audit evidence
Jurkat day 7	Jurkat	CPSF4	0.9537640782454061		Q1_anchor	secondary_endpoint_extension	operational endpoint-aligned recovery annotation; not primary model-audit evidence
Jurkat day 7	Jurkat	CSE1L	0.8636633076467102		Q1_anchor	secondary_endpoint_extension	operational endpoint-aligned recovery annotation; not primary model-audit evidence
Jurkat day 7	Jurkat	CTDP1	0.9069353882631891		Q1_anchor	secondary_endpoint_extension	operational endpoint-aligned recovery annotation; not primary model-audit evidence
Jurkat day 7	Jurkat	CUL1	0.8974510966212211		Q1_anchor	secondary_endpoint_extension	operational endpoint-aligned recovery annotation; not primary model-audit evidence
Jurkat day 7	Jurkat	DBR1	0.8867812685240071		Q1_anchor	secondary_endpoint_extension	operational endpoint-aligned recovery annotation; not primary model-audit evidence
Jurkat day 7	Jurkat	DDX10	0.8648488441019562		Q1_anchor	secondary_endpoint_extension	operational endpoint-aligned recovery annotation; not primary model-audit evidence
Jurkat day 7	Jurkat	DDX18	0.97036158861885		Q1_anchor	secondary_endpoint_extension	operational endpoint-aligned recovery annotation; not primary model-audit evidence
Jurkat day 7	Jurkat	DDX23	0.8263189093064611		Q1_anchor	secondary_endpoint_extension	operational endpoint-aligned recovery annotation; not primary model-audit evidence
Jurkat day 7	Jurkat	DDX47	0.9312388855957321		Q1_anchor	secondary_endpoint_extension	operational endpoint-aligned recovery annotation; not primary model-audit evidence
Jurkat day 7	Jurkat	DDX56	0.8761114404267931		Q1_anchor	secondary_endpoint_extension	operational endpoint-aligned recovery annotation; not primary model-audit evidence
Jurkat day 7	Jurkat	DHDDS	0.8956727919383521		Q1_anchor	secondary_endpoint_extension	operational endpoint-aligned recovery annotation; not primary model-audit evidence
Jurkat day 7	Jurkat	DHX16	0.979253112033195		Q1_anchor	secondary_endpoint_extension	operational endpoint-aligned recovery annotation; not primary model-audit evidence
Jurkat day 7	Jurkat	DHX8	0.8446947243627742		Q1_anchor	secondary_endpoint_extension	operational endpoint-aligned recovery annotation; not primary model-audit evidence
Jurkat day 7	Jurkat	DKC1	0.7575577949021932		Q1_anchor	secondary_endpoint_extension	operational endpoint-aligned recovery annotation; not primary model-audit evidence
Jurkat day 7	Jurkat	DNMT1	0.9241256668642561		Q1_anchor	secondary_endpoint_extension	operational endpoint-aligned recovery annotation; not primary model-audit evidence
Jurkat day 7	Jurkat	EIF2B3	0.98221695317131		Q1_anchor	secondary_endpoint_extension	operational endpoint-aligned recovery annotation; not primary model-audit evidence
Jurkat day 7	Jurkat	EIF2B4	0.950800237107291		Q1_anchor	secondary_endpoint_extension	operational endpoint-aligned recovery annotation; not primary model-audit evidence
Jurkat day 7	Jurkat	EIF2S2	0.7557794902193242		Q1_anchor	secondary_endpoint_extension	operational endpoint-aligned recovery annotation; not primary model-audit evidence
Jurkat day 7	Jurkat	EIF3A	0.983402489626556		Q1_anchor	secondary_endpoint_extension	operational endpoint-aligned recovery annotation; not primary model-audit evidence
Jurkat day 7	Jurkat	EIF3B	0.9081209247184351		Q1_anchor	secondary_endpoint_extension	operational endpoint-aligned recovery annotation; not primary model-audit evidence
Jurkat day 7	Jurkat	EIF3E	0.9579134558387671		Q1_anchor	secondary_endpoint_extension	operational endpoint-aligned recovery annotation; not primary model-audit evidence
Jurkat day 7	Jurkat	EIF3I	0.941315945465323		Q1_anchor	secondary_endpoint_extension	operational endpoint-aligned recovery annotation; not primary model-audit evidence
Jurkat day 7	Jurkat	EIF4E	0.991108476585655		Q1_anchor	secondary_endpoint_extension	operational endpoint-aligned recovery annotation; not primary model-audit evidence
Jurkat day 7	Jurkat	EIF6	0.7848251333728512		Q1_anchor	secondary_endpoint_extension	operational endpoint-aligned recovery annotation; not primary model-audit evidence
Jurkat day 7	Jurkat	ELL	0.989330171902786		Q1_anchor	secondary_endpoint_extension	operational endpoint-aligned recovery annotation; not primary model-audit evidence
Jurkat day 7	Jurkat	EP400	0.95257854179016		Q1_anchor	secondary_endpoint_extension	operational endpoint-aligned recovery annotation; not primary model-audit evidence
Jurkat day 7	Jurkat	ERCC3	0.8322465915826912		Q1_anchor	secondary_endpoint_extension	operational endpoint-aligned recovery annotation; not primary model-audit evidence
Jurkat day 7	Jurkat	ETF1	0.7949021932424422		Q1_anchor	secondary_endpoint_extension	operational endpoint-aligned recovery annotation; not primary model-audit evidence
Jurkat day 7	Jurkat	EXOSC4	0.979845880260818		Q1_anchor	secondary_endpoint_extension	operational endpoint-aligned recovery annotation; not primary model-audit evidence
Jurkat day 7	Jurkat	EXOSC7	0.9851807943094251		Q1_anchor	secondary_endpoint_extension	operational endpoint-aligned recovery annotation; not primary model-audit evidence
Jurkat day 7	Jurkat	FAM133B	0.7528156490812092		Q1_anchor	secondary_endpoint_extension	operational endpoint-aligned recovery annotation; not primary model-audit evidence
Jurkat day 7	Jurkat	FARSB	0.951393005334914		Q1_anchor	secondary_endpoint_extension	operational endpoint-aligned recovery annotation; not primary model-audit evidence
Jurkat day 7	Jurkat	FAU	0.9318316538233551		Q1_anchor	secondary_endpoint_extension	operational endpoint-aligned recovery annotation; not primary model-audit evidence
Jurkat day 7	Jurkat	FBL	0.96443390634262		Q1_anchor	secondary_endpoint_extension	operational endpoint-aligned recovery annotation; not primary model-audit evidence
Jurkat day 7	Jurkat	FCF1	0.8986366330764671		Q1_anchor	secondary_endpoint_extension	operational endpoint-aligned recovery annotation; not primary model-audit evidence
Jurkat day 7	Jurkat	GEMIN5	0.9075281564908121		Q1_anchor	secondary_endpoint_extension	operational endpoint-aligned recovery annotation; not primary model-audit evidence
Jurkat day 7	Jurkat	GNL2	0.8666271487848252		Q1_anchor	secondary_endpoint_extension	operational endpoint-aligned recovery annotation; not primary model-audit evidence
Jurkat day 7	Jurkat	GPN1	0.976882039122703		Q1_anchor	secondary_endpoint_extension	operational endpoint-aligned recovery annotation; not primary model-audit evidence
Jurkat day 7	Jurkat	GPN2	0.9039715471250741		Q1_anchor	secondary_endpoint_extension	operational endpoint-aligned recovery annotation; not primary model-audit evidence
Jurkat day 7	Jurkat	GSPT1	0.7551867219917012		Q1_anchor	secondary_endpoint_extension	operational endpoint-aligned recovery annotation; not primary model-audit evidence
Jurkat day 7	Jurkat	GTF2A2	0.7741553052756373		Q1_anchor	secondary_endpoint_extension	operational endpoint-aligned recovery annotation; not primary model-audit evidence
Jurkat day 7	Jurkat	GTF2H4	0.8192056905749852		Q1_anchor	secondary_endpoint_extension	operational endpoint-aligned recovery annotation; not primary model-audit evidence
Jurkat day 7	Jurkat	HEATR1	0.9057498518079431		Q1_anchor	secondary_endpoint_extension	operational endpoint-aligned recovery annotation; not primary model-audit evidence
Jurkat day 7	Jurkat	HMGCS1	0.7794902193242442		Q1_anchor	secondary_endpoint_extension	operational endpoint-aligned recovery annotation; not primary model-audit evidence
Jurkat day 7	Jurkat	HSPA9	0.9306461173681091		Q1_anchor	secondary_endpoint_extension	operational endpoint-aligned recovery annotation; not primary model-audit evidence
Jurkat day 7	Jurkat	HSPE1	0.7806757557794902		Q1_anchor	secondary_endpoint_extension	operational endpoint-aligned recovery annotation; not primary model-audit evidence
Jurkat day 7	Jurkat	HYOU1	0.941908713692946		Q1_anchor	secondary_endpoint_extension	operational endpoint-aligned recovery annotation; not primary model-audit evidence
Jurkat day 7	Jurkat	IMP4	0.8855957320687611		Q1_anchor	secondary_endpoint_extension	operational endpoint-aligned recovery annotation; not primary model-audit evidence
Jurkat day 7	Jurkat	INTS11	0.8292827504445762		Q1_anchor	secondary_endpoint_extension	operational endpoint-aligned recovery annotation; not primary model-audit evidence
Jurkat day 7	Jurkat	INTS3	0.8595139300533492		Q1_anchor	secondary_endpoint_extension	operational endpoint-aligned recovery annotation; not primary model-audit evidence
Jurkat day 7	Jurkat	INTS8	0.9122703023117961		Q1_anchor	secondary_endpoint_extension	operational endpoint-aligned recovery annotation; not primary model-audit evidence
Jurkat day 7	Jurkat	INTS9	0.7960877296976882		Q1_anchor	secondary_endpoint_extension	operational endpoint-aligned recovery annotation; not primary model-audit evidence
Jurkat day 7	Jurkat	ISG20L2	0.8429164196799052		Q1_anchor	secondary_endpoint_extension	operational endpoint-aligned recovery annotation; not primary model-audit evidence
Jurkat day 7	Jurkat	KIN	0.944872554831061		Q1_anchor	secondary_endpoint_extension	operational endpoint-aligned recovery annotation; not primary model-audit evidence
Jurkat day 7	Jurkat	LONP1	0.8606994665085952		Q1_anchor	secondary_endpoint_extension	operational endpoint-aligned recovery annotation; not primary model-audit evidence
Jurkat day 7	Jurkat	LSM7	0.8482513337285121		Q1_anchor	secondary_endpoint_extension	operational endpoint-aligned recovery annotation; not primary model-audit evidence
Jurkat day 7	Jurkat	MAD2L1	0.7670420865441613		Q1_anchor	secondary_endpoint_extension	operational endpoint-aligned recovery annotation; not primary model-audit evidence
Jurkat day 7	Jurkat	MAK16	0.921754593953764		Q1_anchor	secondary_endpoint_extension	operational endpoint-aligned recovery annotation; not primary model-audit evidence
Jurkat day 7	Jurkat	MDN1	0.8411381149970362		Q1_anchor	secondary_endpoint_extension	operational endpoint-aligned recovery annotation; not primary model-audit evidence
Jurkat day 7	Jurkat	MED30	0.995850622406639		Q1_anchor	secondary_endpoint_extension	operational endpoint-aligned recovery annotation; not primary model-audit evidence
Jurkat day 7	Jurkat	MED6	0.9875518672199171		Q1_anchor	secondary_endpoint_extension	operational endpoint-aligned recovery annotation; not primary model-audit evidence
Jurkat day 7	Jurkat	MPHOSPH10	0.8150563129816242		Q1_anchor	secondary_endpoint_extension	operational endpoint-aligned recovery annotation; not primary model-audit evidence
Jurkat day 7	Jurkat	MRPL55	0.7622999407231772		Q1_anchor	secondary_endpoint_extension	operational endpoint-aligned recovery annotation; not primary model-audit evidence
Jurkat day 7	Jurkat	MRPS24	0.7931238885595732		Q1_anchor	secondary_endpoint_extension	operational endpoint-aligned recovery annotation; not primary model-audit evidence
Jurkat day 7	Jurkat	MYC	0.993479549496147		Q1_anchor	secondary_endpoint_extension	operational endpoint-aligned recovery annotation; not primary model-audit evidence
Jurkat day 7	Jurkat	NAA10	0.8215767634854771		Q1_anchor	secondary_endpoint_extension	operational endpoint-aligned recovery annotation; not primary model-audit evidence
Jurkat day 7	Jurkat	NCBP1	0.977474807350326		Q1_anchor	secondary_endpoint_extension	operational endpoint-aligned recovery annotation; not primary model-audit evidence
Jurkat day 7	Jurkat	NCBP2	0.991701244813278		Q1_anchor	secondary_endpoint_extension	operational endpoint-aligned recovery annotation; not primary model-audit evidence
Jurkat day 7	Jurkat	NIFK	0.7943094250148192		Q1_anchor	secondary_endpoint_extension	operational endpoint-aligned recovery annotation; not primary model-audit evidence
Jurkat day 7	Jurkat	NIP7	0.7812685240071132		Q1_anchor	secondary_endpoint_extension	operational endpoint-aligned recovery annotation; not primary model-audit evidence
Jurkat day 7	Jurkat	NOL10	0.8476585655008891		Q1_anchor	secondary_endpoint_extension	operational endpoint-aligned recovery annotation; not primary model-audit evidence
Jurkat day 7	Jurkat	NOL6	0.8832246591582691		Q1_anchor	secondary_endpoint_extension	operational endpoint-aligned recovery annotation; not primary model-audit evidence
Jurkat day 7	Jurkat	NOP16	0.8458802608180201		Q1_anchor	secondary_endpoint_extension	operational endpoint-aligned recovery annotation; not primary model-audit evidence
Jurkat day 7	Jurkat	NOP58	0.919383521043272		Q1_anchor	secondary_endpoint_extension	operational endpoint-aligned recovery annotation; not primary model-audit evidence
Jurkat day 7	Jurkat	NRBP1	0.8067575577949022		Q1_anchor	secondary_endpoint_extension	operational endpoint-aligned recovery annotation; not primary model-audit evidence
Jurkat day 7	Jurkat	NSA2	0.8678126852400712		Q1_anchor	secondary_endpoint_extension	operational endpoint-aligned recovery annotation; not primary model-audit evidence
Jurkat day 7	Jurkat	PDCD11	0.8778897451096621		Q1_anchor	secondary_endpoint_extension	operational endpoint-aligned recovery annotation; not primary model-audit evidence
Jurkat day 7	Jurkat	PES1	0.7759336099585062		Q1_anchor	secondary_endpoint_extension	operational endpoint-aligned recovery annotation; not primary model-audit evidence
Jurkat day 7	Jurkat	PFDN2	0.980438648488441		Q1_anchor	secondary_endpoint_extension	operational endpoint-aligned recovery annotation; not primary model-audit evidence
Jurkat day 7	Jurkat	PGD	0.9134558387670421		Q1_anchor	secondary_endpoint_extension	operational endpoint-aligned recovery annotation; not primary model-audit evidence
Jurkat day 7	Jurkat	POLD3	0.8304682868998222		Q1_anchor	secondary_endpoint_extension	operational endpoint-aligned recovery annotation; not primary model-audit evidence
Jurkat day 7	Jurkat	POLR1A	0.9330171902786011		Q1_anchor	secondary_endpoint_extension	operational endpoint-aligned recovery annotation; not primary model-audit evidence
Jurkat day 7	Jurkat	POLR1B	0.9235328986366331		Q1_anchor	secondary_endpoint_extension	operational endpoint-aligned recovery annotation; not primary model-audit evidence
Jurkat day 7	Jurkat	POLR2I	0.8512151748666271		Q1_anchor	secondary_endpoint_extension	operational endpoint-aligned recovery annotation; not primary model-audit evidence
Jurkat day 7	Jurkat	POLR3B	0.919976289270895		Q1_anchor	secondary_endpoint_extension	operational endpoint-aligned recovery annotation; not primary model-audit evidence
Jurkat day 7	Jurkat	POLR3H	0.7563722584469472		Q1_anchor	secondary_endpoint_extension	operational endpoint-aligned recovery annotation; not primary model-audit evidence
Jurkat day 7	Jurkat	PPAN	0.7628927089508002		Q1_anchor	secondary_endpoint_extension	operational endpoint-aligned recovery annotation; not primary model-audit evidence
Jurkat day 7	Jurkat	PRELID1	0.94665085951393		Q1_anchor	secondary_endpoint_extension	operational endpoint-aligned recovery annotation; not primary model-audit evidence
Jurkat day 7	Jurkat	PRMT1	0.7860106698280972		Q1_anchor	secondary_endpoint_extension	operational endpoint-aligned recovery annotation; not primary model-audit evidence
Jurkat day 7	Jurkat	PRPF19	0.921161825726141		Q1_anchor	secondary_endpoint_extension	operational endpoint-aligned recovery annotation; not primary model-audit evidence
Jurkat day 7	Jurkat	PSMD13	0.8885595732068761		Q1_anchor	secondary_endpoint_extension	operational endpoint-aligned recovery annotation; not primary model-audit evidence
Jurkat day 7	Jurkat	PSMD4	0.8618850029638412		Q1_anchor	secondary_endpoint_extension	operational endpoint-aligned recovery annotation; not primary model-audit evidence
Jurkat day 7	Jurkat	PTPN23	0.8660343805572022		Q1_anchor	secondary_endpoint_extension	operational endpoint-aligned recovery annotation; not primary model-audit evidence
Jurkat day 7	Jurkat	PWP2	0.8233550681683461		Q1_anchor	secondary_endpoint_extension	operational endpoint-aligned recovery annotation; not primary model-audit evidence
Jurkat day 7	Jurkat	RBM25	0.9336099585062241		Q1_anchor	secondary_endpoint_extension	operational endpoint-aligned recovery annotation; not primary model-audit evidence
Jurkat day 7	Jurkat	RIOK2	0.8921161825726142		Q1_anchor	secondary_endpoint_extension	operational endpoint-aligned recovery annotation; not primary model-audit evidence
Jurkat day 7	Jurkat	RNGTT	0.8838174273858921		Q1_anchor	secondary_endpoint_extension	operational endpoint-aligned recovery annotation; not primary model-audit evidence
Jurkat day 7	Jurkat	RNMT	0.8891523414344991		Q1_anchor	secondary_endpoint_extension	operational endpoint-aligned recovery annotation; not primary model-audit evidence
Jurkat day 7	Jurkat	RPAP1	0.967397747480735		Q1_anchor	secondary_endpoint_extension	operational endpoint-aligned recovery annotation; not primary model-audit evidence
Jurkat day 7	Jurkat	RPL10A	0.9543568464730291		Q1_anchor	secondary_endpoint_extension	operational endpoint-aligned recovery annotation; not primary model-audit evidence
Jurkat day 7	Jurkat	RPL13	0.8387670420865442		Q1_anchor	secondary_endpoint_extension	operational endpoint-aligned recovery annotation; not primary model-audit evidence
Jurkat day 7	Jurkat	RPL17	0.963841138114997		Q1_anchor	secondary_endpoint_extension	operational endpoint-aligned recovery annotation; not primary model-audit evidence
Jurkat day 7	Jurkat	RPL18	0.9116775340841731		Q1_anchor	secondary_endpoint_extension	operational endpoint-aligned recovery annotation; not primary model-audit evidence
Jurkat day 7	Jurkat	RPL23	0.9140486069946651		Q1_anchor	secondary_endpoint_extension	operational endpoint-aligned recovery annotation; not primary model-audit evidence
Jurkat day 7	Jurkat	RPL24	0.9063426200355661		Q1_anchor	secondary_endpoint_extension	operational endpoint-aligned recovery annotation; not primary model-audit evidence
Jurkat day 7	Jurkat	RPL26	0.8114997036158862		Q1_anchor	secondary_endpoint_extension	operational endpoint-aligned recovery annotation; not primary model-audit evidence
Jurkat day 7	Jurkat	RPL3	0.8743331357439241		Q1_anchor	secondary_endpoint_extension	operational endpoint-aligned recovery annotation; not primary model-audit evidence
Jurkat day 7	Jurkat	RPL32	0.7593360995850622		Q1_anchor	secondary_endpoint_extension	operational endpoint-aligned recovery annotation; not primary model-audit evidence
Jurkat day 7	Jurkat	RPL35	0.8156490812092472		Q1_anchor	secondary_endpoint_extension	operational endpoint-aligned recovery annotation; not primary model-audit evidence
Jurkat day 7	Jurkat	RPL36	0.8197984588026082		Q1_anchor	secondary_endpoint_extension	operational endpoint-aligned recovery annotation; not primary model-audit evidence
Jurkat day 7	Jurkat	RPL37A	0.9567279193835211		Q1_anchor	secondary_endpoint_extension	operational endpoint-aligned recovery annotation; not primary model-audit evidence
Jurkat day 7	Jurkat	RPL4	0.8713692946058091		Q1_anchor	secondary_endpoint_extension	operational endpoint-aligned recovery annotation; not primary model-audit evidence
Jurkat day 7	Jurkat	RPL5	0.9632483698873741		Q1_anchor	secondary_endpoint_extension	operational endpoint-aligned recovery annotation; not primary model-audit evidence
Jurkat day 7	Jurkat	RPL7	0.8079430942501482		Q1_anchor	secondary_endpoint_extension	operational endpoint-aligned recovery annotation; not primary model-audit evidence
Jurkat day 7	Jurkat	RPL8	0.9223473621813871		Q1_anchor	secondary_endpoint_extension	operational endpoint-aligned recovery annotation; not primary model-audit evidence
Jurkat day 7	Jurkat	RPL9	0.8968583283935981		Q1_anchor	secondary_endpoint_extension	operational endpoint-aligned recovery annotation; not primary model-audit evidence
Jurkat day 7	Jurkat	RPLP0	0.8689982216953172		Q1_anchor	secondary_endpoint_extension	operational endpoint-aligned recovery annotation; not primary model-audit evidence
Jurkat day 7	Jurkat	RPLP2	0.7534084173088322		Q1_anchor	secondary_endpoint_extension	operational endpoint-aligned recovery annotation; not primary model-audit evidence
Jurkat day 7	Jurkat	RPS11	0.944279786603438		Q1_anchor	secondary_endpoint_extension	operational endpoint-aligned recovery annotation; not primary model-audit evidence
Jurkat day 7	Jurkat	RPS12	0.9365737996443391		Q1_anchor	secondary_endpoint_extension	operational endpoint-aligned recovery annotation; not primary model-audit evidence
Jurkat day 7	Jurkat	RPS13	0.9347954949614701		Q1_anchor	secondary_endpoint_extension	operational endpoint-aligned recovery annotation; not primary model-audit evidence
Jurkat day 7	Jurkat	RPS14	0.8085358624777712		Q1_anchor	secondary_endpoint_extension	operational endpoint-aligned recovery annotation; not primary model-audit evidence
Jurkat day 7	Jurkat	RPS15	0.8168346176644932		Q1_anchor	secondary_endpoint_extension	operational endpoint-aligned recovery annotation; not primary model-audit evidence
Jurkat day 7	Jurkat	RPS15A	0.973918197984588		Q1_anchor	secondary_endpoint_extension	operational endpoint-aligned recovery annotation; not primary model-audit evidence
Jurkat day 7	Jurkat	RPS17	0.8784825133372851		Q1_anchor	secondary_endpoint_extension	operational endpoint-aligned recovery annotation; not primary model-audit evidence
Jurkat day 7	Jurkat	RPS18	0.969176052163604		Q1_anchor	secondary_endpoint_extension	operational endpoint-aligned recovery annotation; not primary model-audit evidence
Jurkat day 7	Jurkat	RPS19	0.947243627741553		Q1_anchor	secondary_endpoint_extension	operational endpoint-aligned recovery annotation; not primary model-audit evidence
Jurkat day 7	Jurkat	RPS19BP1	0.7611144042679312		Q1_anchor	secondary_endpoint_extension	operational endpoint-aligned recovery annotation; not primary model-audit evidence
Jurkat day 7	Jurkat	RPS20	0.9264967397747481		Q1_anchor	secondary_endpoint_extension	operational endpoint-aligned recovery annotation; not primary model-audit evidence
Jurkat day 7	Jurkat	RPS21	0.8684054534676942		Q1_anchor	secondary_endpoint_extension	operational endpoint-aligned recovery annotation; not primary model-audit evidence
Jurkat day 7	Jurkat	RPS23	0.969768820391227		Q1_anchor	secondary_endpoint_extension	operational endpoint-aligned recovery annotation; not primary model-audit evidence
Jurkat day 7	Jurkat	RPS24	0.9259039715471251		Q1_anchor	secondary_endpoint_extension	operational endpoint-aligned recovery annotation; not primary model-audit evidence
Jurkat day 7	Jurkat	RPS27A	0.9573206876111441		Q1_anchor	secondary_endpoint_extension	operational endpoint-aligned recovery annotation; not primary model-audit evidence
Jurkat day 7	Jurkat	RPS28	0.9294605809128631		Q1_anchor	secondary_endpoint_extension	operational endpoint-aligned recovery annotation; not primary model-audit evidence
Jurkat day 7	Jurkat	RPS3	0.918790752815649		Q1_anchor	secondary_endpoint_extension	operational endpoint-aligned recovery annotation; not primary model-audit evidence
Jurkat day 7	Jurkat	RPS3A	0.8938944872554832		Q1_anchor	secondary_endpoint_extension	operational endpoint-aligned recovery annotation; not primary model-audit evidence
Jurkat day 7	Jurkat	RPS4X	0.8014226437462952		Q1_anchor	secondary_endpoint_extension	operational endpoint-aligned recovery annotation; not primary model-audit evidence
Jurkat day 7	Jurkat	RPS6	0.9371665678719621		Q1_anchor	secondary_endpoint_extension	operational endpoint-aligned recovery annotation; not primary model-audit evidence
Jurkat day 7	Jurkat	RPS7	0.9596917605216361		Q1_anchor	secondary_endpoint_extension	operational endpoint-aligned recovery annotation; not primary model-audit evidence
Jurkat day 7	Jurkat	RPS8	0.8814463544754001		Q1_anchor	secondary_endpoint_extension	operational endpoint-aligned recovery annotation; not primary model-audit evidence
Jurkat day 7	Jurkat	RPS9	0.950207468879668		Q1_anchor	secondary_endpoint_extension	operational endpoint-aligned recovery annotation; not primary model-audit evidence
Jurkat day 7	Jurkat	RRP12	0.8654416123295792		Q1_anchor	secondary_endpoint_extension	operational endpoint-aligned recovery annotation; not primary model-audit evidence
Jurkat day 7	Jurkat	RSL24D1	0.9027860106698281		Q1_anchor	secondary_endpoint_extension	operational endpoint-aligned recovery annotation; not primary model-audit evidence
Jurkat day 7	Jurkat	SAE1	0.7937166567871962		Q1_anchor	secondary_endpoint_extension	operational endpoint-aligned recovery annotation; not primary model-audit evidence
Jurkat day 7	Jurkat	SAP18	0.8346176644931832		Q1_anchor	secondary_endpoint_extension	operational endpoint-aligned recovery annotation; not primary model-audit evidence
Jurkat day 7	Jurkat	SEH1L	0.945465323058684		Q1_anchor	secondary_endpoint_extension	operational endpoint-aligned recovery annotation; not primary model-audit evidence
Jurkat day 7	Jurkat	SF3B3	0.8565500889152341		Q1_anchor	secondary_endpoint_extension	operational endpoint-aligned recovery annotation; not primary model-audit evidence
Jurkat day 7	Jurkat	SMC1A	0.996443390634262		Q1_anchor	secondary_endpoint_extension	operational endpoint-aligned recovery annotation; not primary model-audit evidence
Jurkat day 7	Jurkat	SNRPF	0.9608772969768821		Q1_anchor	secondary_endpoint_extension	operational endpoint-aligned recovery annotation; not primary model-audit evidence
Jurkat day 7	Jurkat	SRP54	0.7777119146413752		Q1_anchor	secondary_endpoint_extension	operational endpoint-aligned recovery annotation; not primary model-audit evidence
Jurkat day 7	Jurkat	SRSF1	0.8452874925903971		Q1_anchor	secondary_endpoint_extension	operational endpoint-aligned recovery annotation; not primary model-audit evidence
Jurkat day 7	Jurkat	SSU72	0.7824540604623592		Q1_anchor	secondary_endpoint_extension	operational endpoint-aligned recovery annotation; not primary model-audit evidence
Jurkat day 7	Jurkat	SUPT16H	0.982809721398933		Q1_anchor	secondary_endpoint_extension	operational endpoint-aligned recovery annotation; not primary model-audit evidence
Jurkat day 7	Jurkat	TAF6	0.8790752815649081		Q1_anchor	secondary_endpoint_extension	operational endpoint-aligned recovery annotation; not primary model-audit evidence
Jurkat day 7	Jurkat	THOC3	0.9377593360995851		Q1_anchor	secondary_endpoint_extension	operational endpoint-aligned recovery annotation; not primary model-audit evidence
Jurkat day 7	Jurkat	TOMM22	0.7735625370480143		Q1_anchor	secondary_endpoint_extension	operational endpoint-aligned recovery annotation; not primary model-audit evidence
Jurkat day 7	Jurkat	TXN	0.8097213989330172		Q1_anchor	secondary_endpoint_extension	operational endpoint-aligned recovery annotation; not primary model-audit evidence
Jurkat day 7	Jurkat	UQCRFS1	0.943094250148192		Q1_anchor	secondary_endpoint_extension	operational endpoint-aligned recovery annotation; not primary model-audit evidence
Jurkat day 7	Jurkat	URI1	0.8980438648488441		Q1_anchor	secondary_endpoint_extension	operational endpoint-aligned recovery annotation; not primary model-audit evidence
Jurkat day 7	Jurkat	UTP15	0.8944872554831061		Q1_anchor	secondary_endpoint_extension	operational endpoint-aligned recovery annotation; not primary model-audit evidence
Jurkat day 7	Jurkat	UTP20	0.8861885002963841		Q1_anchor	secondary_endpoint_extension	operational endpoint-aligned recovery annotation; not primary model-audit evidence
Jurkat day 7	Jurkat	WDR33	0.8897451096621221		Q1_anchor	secondary_endpoint_extension	operational endpoint-aligned recovery annotation; not primary model-audit evidence
Jurkat day 7	Jurkat	WDR43	0.8820391227030231		Q1_anchor	secondary_endpoint_extension	operational endpoint-aligned recovery annotation; not primary model-audit evidence
Jurkat day 7	Jurkat	WDR55	0.7925311203319502		Q1_anchor	secondary_endpoint_extension	operational endpoint-aligned recovery annotation; not primary model-audit evidence
Jurkat day 7	Jurkat	WDR75	0.8767042086544161		Q1_anchor	secondary_endpoint_extension	operational endpoint-aligned recovery annotation; not primary model-audit evidence
Jurkat day 7	Jurkat	XRCC6	0.8701837581505631		Q1_anchor	secondary_endpoint_extension	operational endpoint-aligned recovery annotation; not primary model-audit evidence
Jurkat day 7	Jurkat	AP2A1	0.9016004742145821		Q2_shift_excess	secondary_endpoint_extension	operational endpoint-aligned recovery annotation; not primary model-audit evidence
Jurkat day 7	Jurkat	ARHGAP6	0.9033787788974511		Q2_shift_excess	secondary_endpoint_extension	operational endpoint-aligned recovery annotation; not primary model-audit evidence
Jurkat day 7	Jurkat	ARL6IP6	0.8441019561351512		Q2_shift_excess	secondary_endpoint_extension	operational endpoint-aligned recovery annotation; not primary model-audit evidence
Jurkat day 7	Jurkat	ATRIP	0.8275044457617071		Q2_shift_excess	secondary_endpoint_extension	operational endpoint-aligned recovery annotation; not primary model-audit evidence
Jurkat day 7	Jurkat	CARF	0.7913455838767042		Q2_shift_excess	secondary_endpoint_extension	operational endpoint-aligned recovery annotation; not primary model-audit evidence
Jurkat day 7	Jurkat	CASC3	0.8500296384113811		Q2_shift_excess	secondary_endpoint_extension	operational endpoint-aligned recovery annotation; not primary model-audit evidence
Jurkat day 7	Jurkat	CNOT2	0.965026674570243		Q2_shift_excess	secondary_endpoint_extension	operational endpoint-aligned recovery annotation; not primary model-audit evidence
Jurkat day 7	Jurkat	COTL1	0.7658565500889153		Q2_shift_excess	secondary_endpoint_extension	operational endpoint-aligned recovery annotation; not primary model-audit evidence
Jurkat day 7	Jurkat	DHX36	0.7996443390634262		Q2_shift_excess	secondary_endpoint_extension	operational endpoint-aligned recovery annotation; not primary model-audit evidence
Jurkat day 7	Jurkat	DPH2	0.8850029638411381		Q2_shift_excess	secondary_endpoint_extension	operational endpoint-aligned recovery annotation; not primary model-audit evidence
Jurkat day 7	Jurkat	EHMT2	0.916419679905157		Q2_shift_excess	secondary_endpoint_extension	operational endpoint-aligned recovery annotation; not primary model-audit evidence
Jurkat day 7	Jurkat	ELP4	0.9247184350918791		Q2_shift_excess	secondary_endpoint_extension	operational endpoint-aligned recovery annotation; not primary model-audit evidence
Jurkat day 7	Jurkat	EPB41L2	0.8298755186721992		Q2_shift_excess	secondary_endpoint_extension	operational endpoint-aligned recovery annotation; not primary model-audit evidence
Jurkat day 7	Jurkat	ESYT2	0.8399525785417902		Q2_shift_excess	secondary_endpoint_extension	operational endpoint-aligned recovery annotation; not primary model-audit evidence
Jurkat day 7	Jurkat	FOXO1	0.8725548310610551		Q2_shift_excess	secondary_endpoint_extension	operational endpoint-aligned recovery annotation; not primary model-audit evidence
Jurkat day 7	Jurkat	FUNDC2	0.981624184943687		Q2_shift_excess	secondary_endpoint_extension	operational endpoint-aligned recovery annotation; not primary model-audit evidence
Jurkat day 7	Jurkat	HBS1L	0.7765263781861292		Q2_shift_excess	secondary_endpoint_extension	operational endpoint-aligned recovery annotation; not primary model-audit evidence
Jurkat day 7	Jurkat	HMBOX1	0.8755186721991701		Q2_shift_excess	secondary_endpoint_extension	operational endpoint-aligned recovery annotation; not primary model-audit evidence
Jurkat day 7	Jurkat	HPS5	0.8992294013040901		Q2_shift_excess	secondary_endpoint_extension	operational endpoint-aligned recovery annotation; not primary model-audit evidence
Jurkat day 7	Jurkat	HSPH1	0.8719620628334321		Q2_shift_excess	secondary_endpoint_extension	operational endpoint-aligned recovery annotation; not primary model-audit evidence
Jurkat day 7	Jurkat	ITGB1BP1	0.9324244220509781		Q2_shift_excess	secondary_endpoint_extension	operational endpoint-aligned recovery annotation; not primary model-audit evidence
Jurkat day 7	Jurkat	KLHL17	0.8008298755186722		Q2_shift_excess	secondary_endpoint_extension	operational endpoint-aligned recovery annotation; not primary model-audit evidence
Jurkat day 7	Jurkat	LAMB1	0.983995257854179		Q2_shift_excess	secondary_endpoint_extension	operational endpoint-aligned recovery annotation; not primary model-audit evidence
Jurkat day 7	Jurkat	MED19	0.9087136929460581		Q2_shift_excess	secondary_endpoint_extension	operational endpoint-aligned recovery annotation; not primary model-audit evidence
Jurkat day 7	Jurkat	MEMO1	0.8221695317131001		Q2_shift_excess	secondary_endpoint_extension	operational endpoint-aligned recovery annotation; not primary model-audit evidence
Jurkat day 7	Jurkat	METTL21A	0.7652637818612922		Q2_shift_excess	secondary_endpoint_extension	operational endpoint-aligned recovery annotation; not primary model-audit evidence
Jurkat day 7	Jurkat	MNAT1	0.8138707765263782		Q2_shift_excess	secondary_endpoint_extension	operational endpoint-aligned recovery annotation; not primary model-audit evidence
Jurkat day 7	Jurkat	MRM1	0.7694131594546533		Q2_shift_excess	secondary_endpoint_extension	operational endpoint-aligned recovery annotation; not primary model-audit evidence
Jurkat day 7	Jurkat	MTHFD1	0.8950800237107291		Q2_shift_excess	secondary_endpoint_extension	operational endpoint-aligned recovery annotation; not primary model-audit evidence
Jurkat day 7	Jurkat	MYBBP1A	0.7605216360403082		Q2_shift_excess	secondary_endpoint_extension	operational endpoint-aligned recovery annotation; not primary model-audit evidence
Jurkat day 7	Jurkat	NAA38	0.8286899822169532		Q2_shift_excess	secondary_endpoint_extension	operational endpoint-aligned recovery annotation; not primary model-audit evidence
Jurkat day 7	Jurkat	NKX6-1	0.9104919976289271		Q2_shift_excess	secondary_endpoint_extension	operational endpoint-aligned recovery annotation; not primary model-audit evidence
Jurkat day 7	Jurkat	OGFOD1	0.972139893301719		Q2_shift_excess	secondary_endpoint_extension	operational endpoint-aligned recovery annotation; not primary model-audit evidence
Jurkat day 7	Jurkat	PIP4K2C	0.7705986959098993		Q2_shift_excess	secondary_endpoint_extension	operational endpoint-aligned recovery annotation; not primary model-audit evidence
Jurkat day 7	Jurkat	POLL	0.8103141671606402		Q2_shift_excess	secondary_endpoint_extension	operational endpoint-aligned recovery annotation; not primary model-audit evidence
Jurkat day 7	Jurkat	POLR1D	0.8524007113218731		Q2_shift_excess	secondary_endpoint_extension	operational endpoint-aligned recovery annotation; not primary model-audit evidence
Jurkat day 7	Jurkat	PPIL4	0.8393598103141672		Q2_shift_excess	secondary_endpoint_extension	operational endpoint-aligned recovery annotation; not primary model-audit evidence
Jurkat day 7	Jurkat	PPRC1	0.7569650266745702		Q2_shift_excess	secondary_endpoint_extension	operational endpoint-aligned recovery annotation; not primary model-audit evidence
Jurkat day 7	Jurkat	PSMG1	0.8672199170124482		Q2_shift_excess	secondary_endpoint_extension	operational endpoint-aligned recovery annotation; not primary model-audit evidence
Jurkat day 7	Jurkat	PTGR2	0.8174273858921162		Q2_shift_excess	secondary_endpoint_extension	operational endpoint-aligned recovery annotation; not primary model-audit evidence
Jurkat day 7	Jurkat	RCCD1	0.8120924718435092		Q2_shift_excess	secondary_endpoint_extension	operational endpoint-aligned recovery annotation; not primary model-audit evidence
Jurkat day 7	Jurkat	SEC61B	0.9051570835803201		Q2_shift_excess	secondary_endpoint_extension	operational endpoint-aligned recovery annotation; not primary model-audit evidence
Jurkat day 7	Jurkat	SERPINB1	0.9253112033195021		Q2_shift_excess	secondary_endpoint_extension	operational endpoint-aligned recovery annotation; not primary model-audit evidence
Jurkat day 7	Jurkat	SH3KBP1	0.966804979253112		Q2_shift_excess	secondary_endpoint_extension	operational endpoint-aligned recovery annotation; not primary model-audit evidence
Jurkat day 7	Jurkat	SNRNP48	0.8091286307053942		Q2_shift_excess	secondary_endpoint_extension	operational endpoint-aligned recovery annotation; not primary model-audit evidence
Jurkat day 7	Jurkat	SNTB2	0.8529934795494961		Q2_shift_excess	secondary_endpoint_extension	operational endpoint-aligned recovery annotation; not primary model-audit evidence
Jurkat day 7	Jurkat	TAF3	0.8257261410788381		Q2_shift_excess	secondary_endpoint_extension	operational endpoint-aligned recovery annotation; not primary model-audit evidence
Jurkat day 7	Jurkat	TPP2	0.8707765263781861		Q2_shift_excess	secondary_endpoint_extension	operational endpoint-aligned recovery annotation; not primary model-audit evidence
Jurkat day 7	Jurkat	TSEN2	0.9098992294013041		Q2_shift_excess	secondary_endpoint_extension	operational endpoint-aligned recovery annotation; not primary model-audit evidence
Jurkat day 7	Jurkat	TWSG1	0.8470657972732661		Q2_shift_excess	secondary_endpoint_extension	operational endpoint-aligned recovery annotation; not primary model-audit evidence
Jurkat day 7	Jurkat	YEATS4	0.7581505631298162		Q2_shift_excess	secondary_endpoint_extension	operational endpoint-aligned recovery annotation; not primary model-audit evidence
Jurkat day 7	Jurkat	ZBTB4	0.939537640782454		Q2_shift_excess	secondary_endpoint_extension	operational endpoint-aligned recovery annotation; not primary model-audit evidence
Jurkat day 7	Jurkat	ZNF143	0.7783046828689982		Q2_shift_excess	secondary_endpoint_extension	operational endpoint-aligned recovery annotation; not primary model-audit evidence
Jurkat day 7	Jurkat	ZNF559	0.7723770005927683		Q2_shift_excess	secondary_endpoint_extension	operational endpoint-aligned recovery annotation; not primary model-audit evidence
Jurkat day 7	Jurkat	ABHD11	0.22584469472436278		Q3_dependency_excess	secondary_endpoint_extension	operational endpoint-aligned recovery annotation; not primary model-audit evidence
Jurkat day 7	Jurkat	ATP1A1	0.16953171310017784		Q3_dependency_excess	secondary_endpoint_extension	operational endpoint-aligned recovery annotation; not primary model-audit evidence
Jurkat day 7	Jurkat	CCNK	0.058091286307053944		Q3_dependency_excess	secondary_endpoint_extension	operational endpoint-aligned recovery annotation; not primary model-audit evidence
Jurkat day 7	Jurkat	CDC45	0.06935388263189093		Q3_dependency_excess	secondary_endpoint_extension	operational endpoint-aligned recovery annotation; not primary model-audit evidence
Jurkat day 7	Jurkat	CENPA	0.15174866627148784		Q3_dependency_excess	secondary_endpoint_extension	operational endpoint-aligned recovery annotation; not primary model-audit evidence
Jurkat day 7	Jurkat	CHORDC1	0.13159454653230587		Q3_dependency_excess	secondary_endpoint_extension	operational endpoint-aligned recovery annotation; not primary model-audit evidence
Jurkat day 7	Jurkat	CIAO1	0.08535862477771192		Q3_dependency_excess	secondary_endpoint_extension	operational endpoint-aligned recovery annotation; not primary model-audit evidence
Jurkat day 7	Jurkat	CKAP5	0.15708358032009484		Q3_dependency_excess	secondary_endpoint_extension	operational endpoint-aligned recovery annotation; not primary model-audit evidence
Jurkat day 7	Jurkat	CMPK1	0.07291049199762893		Q3_dependency_excess	secondary_endpoint_extension	operational endpoint-aligned recovery annotation; not primary model-audit evidence
Jurkat day 7	Jurkat	DDX54	0.11796087729697688		Q3_dependency_excess	secondary_endpoint_extension	operational endpoint-aligned recovery annotation; not primary model-audit evidence
Jurkat day 7	Jurkat	DYNLRB1	0.029045643153526972		Q3_dependency_excess	secondary_endpoint_extension	operational endpoint-aligned recovery annotation; not primary model-audit evidence
Jurkat day 7	Jurkat	FNTB	0.1962062833432128		Q3_dependency_excess	secondary_endpoint_extension	operational endpoint-aligned recovery annotation; not primary model-audit evidence
Jurkat day 7	Jurkat	FOXD4	0.18672199170124482		Q3_dependency_excess	secondary_endpoint_extension	operational endpoint-aligned recovery annotation; not primary model-audit evidence
Jurkat day 7	Jurkat	HAUS7	0.13455838767042086		Q3_dependency_excess	secondary_endpoint_extension	operational endpoint-aligned recovery annotation; not primary model-audit evidence
Jurkat day 7	Jurkat	HJURP	0.12803793716656786		Q3_dependency_excess	secondary_endpoint_extension	operational endpoint-aligned recovery annotation; not primary model-audit evidence
Jurkat day 7	Jurkat	HNRNPM	0.2045050385299348		Q3_dependency_excess	secondary_endpoint_extension	operational endpoint-aligned recovery annotation; not primary model-audit evidence
Jurkat day 7	Jurkat	IK	0.008298755186721992		Q3_dependency_excess	secondary_endpoint_extension	operational endpoint-aligned recovery annotation; not primary model-audit evidence
Jurkat day 7	Jurkat	IPO13	0.13989330171902786		Q3_dependency_excess	secondary_endpoint_extension	operational endpoint-aligned recovery annotation; not primary model-audit evidence
Jurkat day 7	Jurkat	KRTAP4-2	0.17605216360403084		Q3_dependency_excess	secondary_endpoint_extension	operational endpoint-aligned recovery annotation; not primary model-audit evidence
Jurkat day 7	Jurkat	MAD2L2	0.08417308832246592		Q3_dependency_excess	secondary_endpoint_extension	operational endpoint-aligned recovery annotation; not primary model-audit evidence
Jurkat day 7	Jurkat	MCM7	0.17190278601066983		Q3_dependency_excess	secondary_endpoint_extension	operational endpoint-aligned recovery annotation; not primary model-audit evidence
Jurkat day 7	Jurkat	MICOS10	0.09602845287492591		Q3_dependency_excess	secondary_endpoint_extension	operational endpoint-aligned recovery annotation; not primary model-audit evidence
Jurkat day 7	Jurkat	MIS18BP1	0.012448132780082987		Q3_dependency_excess	secondary_endpoint_extension	operational endpoint-aligned recovery annotation; not primary model-audit evidence
Jurkat day 7	Jurkat	MRPS21	0.22525192649673978		Q3_dependency_excess	secondary_endpoint_extension	operational endpoint-aligned recovery annotation; not primary model-audit evidence
Jurkat day 7	Jurkat	MVK	0.08595139300533491		Q3_dependency_excess	secondary_endpoint_extension	operational endpoint-aligned recovery annotation; not primary model-audit evidence
Jurkat day 7	Jurkat	NCAPG2	0.03971547125074096		Q3_dependency_excess	secondary_endpoint_extension	operational endpoint-aligned recovery annotation; not primary model-audit evidence
Jurkat day 7	Jurkat	NXF1	0.1078838174273859		Q3_dependency_excess	secondary_endpoint_extension	operational endpoint-aligned recovery annotation; not primary model-audit evidence
Jurkat day 7	Jurkat	PCBP2	0.08002371072910491		Q3_dependency_excess	secondary_endpoint_extension	operational endpoint-aligned recovery annotation; not primary model-audit evidence
Jurkat day 7	Jurkat	PCNX3	0.16182572614107885		Q3_dependency_excess	secondary_endpoint_extension	operational endpoint-aligned recovery annotation; not primary model-audit evidence
Jurkat day 7	Jurkat	PELO	0.24481327800829875		Q3_dependency_excess	secondary_endpoint_extension	operational endpoint-aligned recovery annotation; not primary model-audit evidence
Jurkat day 7	Jurkat	PLK4	0.04090100770598696		Q3_dependency_excess	secondary_endpoint_extension	operational endpoint-aligned recovery annotation; not primary model-audit evidence
Jurkat day 7	Jurkat	POLR1C	0.046235921754593956		Q3_dependency_excess	secondary_endpoint_extension	operational endpoint-aligned recovery annotation; not primary model-audit evidence
Jurkat day 7	Jurkat	PPIL1	0.23473621813870776		Q3_dependency_excess	secondary_endpoint_extension	operational endpoint-aligned recovery annotation; not primary model-audit evidence
Jurkat day 7	Jurkat	PRMT5	0.1049199762892709		Q3_dependency_excess	secondary_endpoint_extension	operational endpoint-aligned recovery annotation; not primary model-audit evidence
Jurkat day 7	Jurkat	PSMB5	0.006520450503852994		Q3_dependency_excess	secondary_endpoint_extension	operational endpoint-aligned recovery annotation; not primary model-audit evidence
Jurkat day 7	Jurkat	PSMG3	0.07409602845287493		Q3_dependency_excess	secondary_endpoint_extension	operational endpoint-aligned recovery annotation; not primary model-audit evidence
Jurkat day 7	Jurkat	PSTK	0.01778304682868998		Q3_dependency_excess	secondary_endpoint_extension	operational endpoint-aligned recovery annotation; not primary model-audit evidence
Jurkat day 7	Jurkat	RABGGTB	0.14107883817427386		Q3_dependency_excess	secondary_endpoint_extension	operational endpoint-aligned recovery annotation; not primary model-audit evidence
Jurkat day 7	Jurkat	RARS2	0.14700652045050386		Q3_dependency_excess	secondary_endpoint_extension	operational endpoint-aligned recovery annotation; not primary model-audit evidence
Jurkat day 7	Jurkat	RPP21	0.14226437462951985		Q3_dependency_excess	secondary_endpoint_extension	operational endpoint-aligned recovery annotation; not primary model-audit evidence
Jurkat day 7	Jurkat	RSL1D1	0.22999407231772376		Q3_dependency_excess	secondary_endpoint_extension	operational endpoint-aligned recovery annotation; not primary model-audit evidence
Jurkat day 7	Jurkat	SCAP	0.23651452282157676		Q3_dependency_excess	secondary_endpoint_extension	operational endpoint-aligned recovery annotation; not primary model-audit evidence
Jurkat day 7	Jurkat	SF3A2	0.2027267338470658		Q3_dependency_excess	secondary_endpoint_extension	operational endpoint-aligned recovery annotation; not primary model-audit evidence
Jurkat day 7	Jurkat	SMARCB1	0.07765263781861292		Q3_dependency_excess	secondary_endpoint_extension	operational endpoint-aligned recovery annotation; not primary model-audit evidence
Jurkat day 7	Jurkat	SNW1	0.08358032009484291		Q3_dependency_excess	secondary_endpoint_extension	operational endpoint-aligned recovery annotation; not primary model-audit evidence
Jurkat day 7	Jurkat	SOD2	0.15411973918197985		Q3_dependency_excess	secondary_endpoint_extension	operational endpoint-aligned recovery annotation; not primary model-audit evidence
Jurkat day 7	Jurkat	SON	0.14463544754001187		Q3_dependency_excess	secondary_endpoint_extension	operational endpoint-aligned recovery annotation; not primary model-audit evidence
Jurkat day 7	Jurkat	SRP14	0.19146413752222882		Q3_dependency_excess	secondary_endpoint_extension	operational endpoint-aligned recovery annotation; not primary model-audit evidence
Jurkat day 7	Jurkat	SS18L2	0.24422050978067575		Q3_dependency_excess	secondary_endpoint_extension	operational endpoint-aligned recovery annotation; not primary model-audit evidence
Jurkat day 7	Jurkat	TBCA	0.11677534084173088		Q3_dependency_excess	secondary_endpoint_extension	operational endpoint-aligned recovery annotation; not primary model-audit evidence
Jurkat day 7	Jurkat	THAP1	0.007113218731475993		Q3_dependency_excess	secondary_endpoint_extension	operational endpoint-aligned recovery annotation; not primary model-audit evidence
Jurkat day 7	Jurkat	TRAPPC3	0.12151748666271488		Q3_dependency_excess	secondary_endpoint_extension	operational endpoint-aligned recovery annotation; not primary model-audit evidence
Jurkat day 7	Jurkat	TRNT1	0.03734439834024896		Q3_dependency_excess	secondary_endpoint_extension	operational endpoint-aligned recovery annotation; not primary model-audit evidence
Jurkat day 7	Jurkat	UBA1	0.13752222880853587		Q3_dependency_excess	secondary_endpoint_extension	operational endpoint-aligned recovery annotation; not primary model-audit evidence
Jurkat day 7	Jurkat	UBE2M	0.06105512744516894		Q3_dependency_excess	secondary_endpoint_extension	operational endpoint-aligned recovery annotation; not primary model-audit evidence
Jurkat day 7	Jurkat	UBTF	0.045050385299347954		Q3_dependency_excess	secondary_endpoint_extension	operational endpoint-aligned recovery annotation; not primary model-audit evidence
Jurkat day 7	Jurkat	USP5	0.17901600474214582		Q3_dependency_excess	secondary_endpoint_extension	operational endpoint-aligned recovery annotation; not primary model-audit evidence
Jurkat day 7	Jurkat	VPS25	0.24184943687018376		Q3_dependency_excess	secondary_endpoint_extension	operational endpoint-aligned recovery annotation; not primary model-audit evidence
Jurkat day 7	Jurkat	WDR18	0.21339656194427978		Q3_dependency_excess	secondary_endpoint_extension	operational endpoint-aligned recovery annotation; not primary model-audit evidence
Jurkat day 7	Jurkat	YARS2	0.17249555423829283		Q3_dependency_excess	secondary_endpoint_extension	operational endpoint-aligned recovery annotation; not primary model-audit evidence
Jurkat day 7	Jurkat	YRDC	0.036751630112625965		Q3_dependency_excess	secondary_endpoint_extension	operational endpoint-aligned recovery annotation; not primary model-audit evidence
Jurkat day 7	Jurkat	ZRSR2	0.12507409602845287		Q3_dependency_excess	secondary_endpoint_extension	operational endpoint-aligned recovery annotation; not primary model-audit evidence
Jurkat day 7	Jurkat	AASDHPPT	0.2169531713100178		Q4_low_information	secondary_endpoint_extension	operational endpoint-aligned recovery annotation; not primary model-audit evidence
Jurkat day 7	Jurkat	ABCG1	0.21991701244813278		Q4_low_information	secondary_endpoint_extension	operational endpoint-aligned recovery annotation; not primary model-audit evidence
Jurkat day 7	Jurkat	ACOT12	0.048014226437462955		Q4_low_information	secondary_endpoint_extension	operational endpoint-aligned recovery annotation; not primary model-audit evidence
Jurkat day 7	Jurkat	ADAM10	0.04919976289270895		Q4_low_information	secondary_endpoint_extension	operational endpoint-aligned recovery annotation; not primary model-audit evidence
Jurkat day 7	Jurkat	ADAT3	0.01007705986959099		Q4_low_information	secondary_endpoint_extension	operational endpoint-aligned recovery annotation; not primary model-audit evidence
Jurkat day 7	Jurkat	ADRM1	0.21458209839952577		Q4_low_information	secondary_endpoint_extension	operational endpoint-aligned recovery annotation; not primary model-audit evidence
Jurkat day 7	Jurkat	ANAPC13	0.12211025489033787		Q4_low_information	secondary_endpoint_extension	operational endpoint-aligned recovery annotation; not primary model-audit evidence
Jurkat day 7	Jurkat	ANKS6	0.04742145820983995		Q4_low_information	secondary_endpoint_extension	operational endpoint-aligned recovery annotation; not primary model-audit evidence
Jurkat day 7	Jurkat	ARGFX	0.17664493183165383		Q4_low_information	secondary_endpoint_extension	operational endpoint-aligned recovery annotation; not primary model-audit evidence
Jurkat day 7	Jurkat	ARL4D	0.16893894487255484		Q4_low_information	secondary_endpoint_extension	operational endpoint-aligned recovery annotation; not primary model-audit evidence
Jurkat day 7	Jurkat	ARPC2	0.10729104919976289		Q4_low_information	secondary_endpoint_extension	operational endpoint-aligned recovery annotation; not primary model-audit evidence
Jurkat day 7	Jurkat	ASF1B	0.24303497332542975		Q4_low_information	secondary_endpoint_extension	operational endpoint-aligned recovery annotation; not primary model-audit evidence
Jurkat day 7	Jurkat	BCAR1	0.0011855364552459987		Q4_low_information	secondary_endpoint_extension	operational endpoint-aligned recovery annotation; not primary model-audit evidence
Jurkat day 7	Jurkat	BRCA2	0.2175459395376408		Q4_low_information	secondary_endpoint_extension	operational endpoint-aligned recovery annotation; not primary model-audit evidence
Jurkat day 7	Jurkat	C16orf86	0.11440426793123888		Q4_low_information	secondary_endpoint_extension	operational endpoint-aligned recovery annotation; not primary model-audit evidence
Jurkat day 7	Jurkat	CABIN1	0.20687611144042678		Q4_low_information	secondary_endpoint_extension	operational endpoint-aligned recovery annotation; not primary model-audit evidence
Jurkat day 7	Jurkat	CAMLG	0.17960877296976882		Q4_low_information	secondary_endpoint_extension	operational endpoint-aligned recovery annotation; not primary model-audit evidence
Jurkat day 7	Jurkat	CBFA2T3	0.14522821576763487		Q4_low_information	secondary_endpoint_extension	operational endpoint-aligned recovery annotation; not primary model-audit evidence
Jurkat day 7	Jurkat	CBX1	0.17842323651452283		Q4_low_information	secondary_endpoint_extension	operational endpoint-aligned recovery annotation; not primary model-audit evidence
Jurkat day 7	Jurkat	CCDC6	0.0035566093657379964		Q4_low_information	secondary_endpoint_extension	operational endpoint-aligned recovery annotation; not primary model-audit evidence
Jurkat day 7	Jurkat	CCND1	0.015411973918197985		Q4_low_information	secondary_endpoint_extension	operational endpoint-aligned recovery annotation; not primary model-audit evidence
Jurkat day 7	Jurkat	CHTOP	0.22169531713100177		Q4_low_information	secondary_endpoint_extension	operational endpoint-aligned recovery annotation; not primary model-audit evidence
Jurkat day 7	Jurkat	COG6	0.0948429164196799		Q4_low_information	secondary_endpoint_extension	operational endpoint-aligned recovery annotation; not primary model-audit evidence
Jurkat day 7	Jurkat	COPG1	0.07231772377000593		Q4_low_information	secondary_endpoint_extension	operational endpoint-aligned recovery annotation; not primary model-audit evidence
Jurkat day 7	Jurkat	CS	0.12448132780082988		Q4_low_information	secondary_endpoint_extension	operational endpoint-aligned recovery annotation; not primary model-audit evidence
Jurkat day 7	Jurkat	CSH2	0.026081802015411975		Q4_low_information	secondary_endpoint_extension	operational endpoint-aligned recovery annotation; not primary model-audit evidence
Jurkat day 7	Jurkat	DCAF6	0.15530527563722585		Q4_low_information	secondary_endpoint_extension	operational endpoint-aligned recovery annotation; not primary model-audit evidence
Jurkat day 7	Jurkat	DDN	0.03082394783639597		Q4_low_information	secondary_endpoint_extension	operational endpoint-aligned recovery annotation; not primary model-audit evidence
Jurkat day 7	Jurkat	DHX30	0.23295791345583877		Q4_low_information	secondary_endpoint_extension	operational endpoint-aligned recovery annotation; not primary model-audit evidence
Jurkat day 7	Jurkat	DNAAF3	0.02133965619442798		Q4_low_information	secondary_endpoint_extension	operational endpoint-aligned recovery annotation; not primary model-audit evidence
Jurkat day 7	Jurkat	DNAJC19	0.15945465323058683		Q4_low_information	secondary_endpoint_extension	operational endpoint-aligned recovery annotation; not primary model-audit evidence
Jurkat day 7	Jurkat	DPH1	0.05216360403082395		Q4_low_information	secondary_endpoint_extension	operational endpoint-aligned recovery annotation; not primary model-audit evidence
Jurkat day 7	Jurkat	DPH6	0.1831653823355068		Q4_low_information	secondary_endpoint_extension	operational endpoint-aligned recovery annotation; not primary model-audit evidence
Jurkat day 7	Jurkat	DPY19L4	0.1896858328393598		Q4_low_information	secondary_endpoint_extension	operational endpoint-aligned recovery annotation; not primary model-audit evidence
Jurkat day 7	Jurkat	DSTYK	0.03852993479549496		Q4_low_information	secondary_endpoint_extension	operational endpoint-aligned recovery annotation; not primary model-audit evidence
Jurkat day 7	Jurkat	DYNLL2	0.12863070539419086		Q4_low_information	secondary_endpoint_extension	operational endpoint-aligned recovery annotation; not primary model-audit evidence
Jurkat day 7	Jurkat	EIF4H	0.2074688796680498		Q4_low_information	secondary_endpoint_extension	operational endpoint-aligned recovery annotation; not primary model-audit evidence
Jurkat day 7	Jurkat	ELOVL1	0.13278008298755187		Q4_low_information	secondary_endpoint_extension	operational endpoint-aligned recovery annotation; not primary model-audit evidence
Jurkat day 7	Jurkat	EPS8L1	0.02963841138114997		Q4_low_information	secondary_endpoint_extension	operational endpoint-aligned recovery annotation; not primary model-audit evidence
Jurkat day 7	Jurkat	ERAL1	0.11084765856550088		Q4_low_information	secondary_endpoint_extension	operational endpoint-aligned recovery annotation; not primary model-audit evidence
Jurkat day 7	Jurkat	ESPN	0.013040901007705987		Q4_low_information	secondary_endpoint_extension	operational endpoint-aligned recovery annotation; not primary model-audit evidence
Jurkat day 7	Jurkat	FBXO42	0.005927682276229994		Q4_low_information	secondary_endpoint_extension	operational endpoint-aligned recovery annotation; not primary model-audit evidence
Jurkat day 7	Jurkat	FYN	0.2080616478956728		Q4_low_information	secondary_endpoint_extension	operational endpoint-aligned recovery annotation; not primary model-audit evidence
Jurkat day 7	Jurkat	GAB2	0.0017783046828689982		Q4_low_information	secondary_endpoint_extension	operational endpoint-aligned recovery annotation; not primary model-audit evidence
Jurkat day 7	Jurkat	GJA3	0.2110254890337878		Q4_low_information	secondary_endpoint_extension	operational endpoint-aligned recovery annotation; not primary model-audit evidence
Jurkat day 7	Jurkat	GNPNAT1	0.051570835803200946		Q4_low_information	secondary_endpoint_extension	operational endpoint-aligned recovery annotation; not primary model-audit evidence
Jurkat day 7	Jurkat	GOLT1B	0.06639004149377593		Q4_low_information	secondary_endpoint_extension	operational endpoint-aligned recovery annotation; not primary model-audit evidence
Jurkat day 7	Jurkat	GRB2	0.11973918197984589		Q4_low_information	secondary_endpoint_extension	operational endpoint-aligned recovery annotation; not primary model-audit evidence
Jurkat day 7	Jurkat	GYG1	0.13100177830468288		Q4_low_information	secondary_endpoint_extension	operational endpoint-aligned recovery annotation; not primary model-audit evidence
Jurkat day 7	Jurkat	HHEX	0.03319502074688797		Q4_low_information	secondary_endpoint_extension	operational endpoint-aligned recovery annotation; not primary model-audit evidence
Jurkat day 7	Jurkat	HMX3	0.20569057498518079		Q4_low_information	secondary_endpoint_extension	operational endpoint-aligned recovery annotation; not primary model-audit evidence
Jurkat day 7	Jurkat	HSPA14	0.12922347362181388		Q4_low_information	secondary_endpoint_extension	operational endpoint-aligned recovery annotation; not primary model-audit evidence
Jurkat day 7	Jurkat	HUS1	0.04208654416123296		Q4_low_information	secondary_endpoint_extension	operational endpoint-aligned recovery annotation; not primary model-audit evidence
Jurkat day 7	Jurkat	INO80C	0.12685240071132187		Q4_low_information	secondary_endpoint_extension	operational endpoint-aligned recovery annotation; not primary model-audit evidence
Jurkat day 7	Jurkat	INPPL1	0.16360403082394784		Q4_low_information	secondary_endpoint_extension	operational endpoint-aligned recovery annotation; not primary model-audit evidence
Jurkat day 7	Jurkat	INTS13	0.14878482513337285		Q4_low_information	secondary_endpoint_extension	operational endpoint-aligned recovery annotation; not primary model-audit evidence
Jurkat day 7	Jurkat	IST1	0.2098399525785418		Q4_low_information	secondary_endpoint_extension	operational endpoint-aligned recovery annotation; not primary model-audit evidence
Jurkat day 7	Jurkat	IWS1	0.20628334321280378		Q4_low_information	secondary_endpoint_extension	operational endpoint-aligned recovery annotation; not primary model-audit evidence
Jurkat day 7	Jurkat	JMJD6	0.15767634854771784		Q4_low_information	secondary_endpoint_extension	operational endpoint-aligned recovery annotation; not primary model-audit evidence
Jurkat day 7	Jurkat	KDM6A	0.06816834617664493		Q4_low_information	secondary_endpoint_extension	operational endpoint-aligned recovery annotation; not primary model-audit evidence
Jurkat day 7	Jurkat	KRT10	0.03260225251926497		Q4_low_information	secondary_endpoint_extension	operational endpoint-aligned recovery annotation; not primary model-audit evidence
Jurkat day 7	Jurkat	LAMTOR1	0.026674570243034972		Q4_low_information	secondary_endpoint_extension	operational endpoint-aligned recovery annotation; not primary model-audit evidence
Jurkat day 7	Jurkat	LMO2	0.04445761707172496		Q4_low_information	secondary_endpoint_extension	operational endpoint-aligned recovery annotation; not primary model-audit evidence
Jurkat day 7	Jurkat	LPIN1	0.05097806757557795		Q4_low_information	secondary_endpoint_extension	operational endpoint-aligned recovery annotation; not primary model-audit evidence
Jurkat day 7	Jurkat	LRRC37A3	0.2003556609365738		Q4_low_information	secondary_endpoint_extension	operational endpoint-aligned recovery annotation; not primary model-audit evidence
Jurkat day 7	Jurkat	LST1	0.08891523414344991		Q4_low_information	secondary_endpoint_extension	operational endpoint-aligned recovery annotation; not primary model-audit evidence
Jurkat day 7	Jurkat	LTB4R2	0.1997628927089508		Q4_low_information	secondary_endpoint_extension	operational endpoint-aligned recovery annotation; not primary model-audit evidence
Jurkat day 7	Jurkat	LZTR1	0.09010077059869591		Q4_low_information	secondary_endpoint_extension	operational endpoint-aligned recovery annotation; not primary model-audit evidence
Jurkat day 7	Jurkat	MIER1	0.23117960877296978		Q4_low_information	secondary_endpoint_extension	operational endpoint-aligned recovery annotation; not primary model-audit evidence
Jurkat day 7	Jurkat	MKRN1	0.05512744516893894		Q4_low_information	secondary_endpoint_extension	operational endpoint-aligned recovery annotation; not primary model-audit evidence
Jurkat day 7	Jurkat	MPHOSPH6	0.22880853586247776		Q4_low_information	secondary_endpoint_extension	operational endpoint-aligned recovery annotation; not primary model-audit evidence
Jurkat day 7	Jurkat	MSRB1	0.12033195020746888		Q4_low_information	secondary_endpoint_extension	operational endpoint-aligned recovery annotation; not primary model-audit evidence
Jurkat day 7	Jurkat	MYSM1	0.23888559573206877		Q4_low_information	secondary_endpoint_extension	operational endpoint-aligned recovery annotation; not primary model-audit evidence
Jurkat day 7	Jurkat	NAPG	0.11914641375222289		Q4_low_information	secondary_endpoint_extension	operational endpoint-aligned recovery annotation; not primary model-audit evidence
Jurkat day 7	Jurkat	NEMF	0.24066390041493776		Q4_low_information	secondary_endpoint_extension	operational endpoint-aligned recovery annotation; not primary model-audit evidence
Jurkat day 7	Jurkat	NFATC2IP	0.08654416123295791		Q4_low_information	secondary_endpoint_extension	operational endpoint-aligned recovery annotation; not primary model-audit evidence
Jurkat day 7	Jurkat	NFRKB	0.2163604030823948		Q4_low_information	secondary_endpoint_extension	operational endpoint-aligned recovery annotation; not primary model-audit evidence
Jurkat day 7	Jurkat	NKAPD1	0.18375815056312983		Q4_low_information	secondary_endpoint_extension	operational endpoint-aligned recovery annotation; not primary model-audit evidence
Jurkat day 7	Jurkat	NSUN4	0.24777711914641376		Q4_low_information	secondary_endpoint_extension	operational endpoint-aligned recovery annotation; not primary model-audit evidence
Jurkat day 7	Jurkat	NUDT15	0.2228808535862478		Q4_low_information	secondary_endpoint_extension	operational endpoint-aligned recovery annotation; not primary model-audit evidence
Jurkat day 7	Jurkat	ORC4	0.07646710136336693		Q4_low_information	secondary_endpoint_extension	operational endpoint-aligned recovery annotation; not primary model-audit evidence
Jurkat day 7	Jurkat	ORC5	0.1813870776526378		Q4_low_information	secondary_endpoint_extension	operational endpoint-aligned recovery annotation; not primary model-audit evidence
Jurkat day 7	Jurkat	PARN	0.06579727326615294		Q4_low_information	secondary_endpoint_extension	operational endpoint-aligned recovery annotation; not primary model-audit evidence
Jurkat day 7	Jurkat	PDCD5	0.054534676941315946		Q4_low_information	secondary_endpoint_extension	operational endpoint-aligned recovery annotation; not primary model-audit evidence
Jurkat day 7	Jurkat	PEX19	0.22762299940723177		Q4_low_information	secondary_endpoint_extension	operational endpoint-aligned recovery annotation; not primary model-audit evidence
Jurkat day 7	Jurkat	PHF10	0.1873147599288678		Q4_low_information	secondary_endpoint_extension	operational endpoint-aligned recovery annotation; not primary model-audit evidence
Jurkat day 7	Jurkat	PNISR	0.23058684054534678		Q4_low_information	secondary_endpoint_extension	operational endpoint-aligned recovery annotation; not primary model-audit evidence
Jurkat day 7	Jurkat	POGLUT3	0.004742145820983995		Q4_low_information	secondary_endpoint_extension	operational endpoint-aligned recovery annotation; not primary model-audit evidence
Jurkat day 7	Jurkat	PPME1	0.08832246591582692		Q4_low_information	secondary_endpoint_extension	operational endpoint-aligned recovery annotation; not primary model-audit evidence
Jurkat day 7	Jurkat	PPP2R1A	0.011855364552459988		Q4_low_information	secondary_endpoint_extension	operational endpoint-aligned recovery annotation; not primary model-audit evidence
Jurkat day 7	Jurkat	PRKRIP1	0.04386484884410195		Q4_low_information	secondary_endpoint_extension	operational endpoint-aligned recovery annotation; not primary model-audit evidence
Jurkat day 7	Jurkat	PRODH	0.01956135151155898		Q4_low_information	secondary_endpoint_extension	operational endpoint-aligned recovery annotation; not primary model-audit evidence
Jurkat day 7	Jurkat	PRSS50	0.07528156490812092		Q4_low_information	secondary_endpoint_extension	operational endpoint-aligned recovery annotation; not primary model-audit evidence
Jurkat day 7	Jurkat	PSAT1	0.14285714285714285		Q4_low_information	secondary_endpoint_extension	operational endpoint-aligned recovery annotation; not primary model-audit evidence
Jurkat day 7	Jurkat	PTEN	0.09187907528156491		Q4_low_information	secondary_endpoint_extension	operational endpoint-aligned recovery annotation; not primary model-audit evidence
Jurkat day 7	Jurkat	PTPN1	0.1007705986959099		Q4_low_information	secondary_endpoint_extension	operational endpoint-aligned recovery annotation; not primary model-audit evidence
Jurkat day 7	Jurkat	PTPN11	0.14997036158861884		Q4_low_information	secondary_endpoint_extension	operational endpoint-aligned recovery annotation; not primary model-audit evidence
Jurkat day 7	Jurkat	RAB18	0.2086544161232958		Q4_low_information	secondary_endpoint_extension	operational endpoint-aligned recovery annotation; not primary model-audit evidence
Jurkat day 7	Jurkat	RAB4A	0.10314167160640189		Q4_low_information	secondary_endpoint_extension	operational endpoint-aligned recovery annotation; not primary model-audit evidence
Jurkat day 7	Jurkat	RAD51D	0.13870776526378187		Q4_low_information	secondary_endpoint_extension	operational endpoint-aligned recovery annotation; not primary model-audit evidence
Jurkat day 7	Jurkat	REV3L	0.23532898636633076		Q4_low_information	secondary_endpoint_extension	operational endpoint-aligned recovery annotation; not primary model-audit evidence
Jurkat day 7	Jurkat	RNF123	0.043272080616478956		Q4_low_information	secondary_endpoint_extension	operational endpoint-aligned recovery annotation; not primary model-audit evidence
Jurkat day 7	Jurkat	RNF14	0.04682868998221695		Q4_low_information	secondary_endpoint_extension	operational endpoint-aligned recovery annotation; not primary model-audit evidence
Jurkat day 7	Jurkat	SETD5	0.06283343212803794		Q4_low_information	secondary_endpoint_extension	operational endpoint-aligned recovery annotation; not primary model-audit evidence
Jurkat day 7	Jurkat	SETX	0.13930053349140487		Q4_low_information	secondary_endpoint_extension	operational endpoint-aligned recovery annotation; not primary model-audit evidence
Jurkat day 7	Jurkat	SKA1	0.22406639004149378		Q4_low_information	secondary_endpoint_extension	operational endpoint-aligned recovery annotation; not primary model-audit evidence
Jurkat day 7	Jurkat	SLC1A5	0.0005927682276229994		Q4_low_information	secondary_endpoint_extension	operational endpoint-aligned recovery annotation; not primary model-audit evidence
Jurkat day 7	Jurkat	SLC35G2	0.0983995257854179		Q4_low_information	secondary_endpoint_extension	operational endpoint-aligned recovery annotation; not primary model-audit evidence
Jurkat day 7	Jurkat	SLC9B1	0.17486662714878481		Q4_low_information	secondary_endpoint_extension	operational endpoint-aligned recovery annotation; not primary model-audit evidence
Jurkat day 7	Jurkat	SMAGP	0.17308832246591582		Q4_low_information	secondary_endpoint_extension	operational endpoint-aligned recovery annotation; not primary model-audit evidence
Jurkat day 7	Jurkat	SNX15	0.06164789567279194		Q4_low_information	secondary_endpoint_extension	operational endpoint-aligned recovery annotation; not primary model-audit evidence
Jurkat day 7	Jurkat	SPG7	0.09662122110254891		Q4_low_information	secondary_endpoint_extension	operational endpoint-aligned recovery annotation; not primary model-audit evidence
Jurkat day 7	Jurkat	SPTSSA	0.15826911677534083		Q4_low_information	secondary_endpoint_extension	operational endpoint-aligned recovery annotation; not primary model-audit evidence
Jurkat day 7	Jurkat	SRA1	0.017190278601066984		Q4_low_information	secondary_endpoint_extension	operational endpoint-aligned recovery annotation; not primary model-audit evidence
Jurkat day 7	Jurkat	STAG2	0.24896265560165975		Q4_low_information	secondary_endpoint_extension	operational endpoint-aligned recovery annotation; not primary model-audit evidence
Jurkat day 7	Jurkat	STAT5A	0.12270302311796087		Q4_low_information	secondary_endpoint_extension	operational endpoint-aligned recovery annotation; not primary model-audit evidence
Jurkat day 7	Jurkat	STAT5B	0.09247184350918791		Q4_low_information	secondary_endpoint_extension	operational endpoint-aligned recovery annotation; not primary model-audit evidence
Jurkat day 7	Jurkat	STXBP4	0.05690574985180794		Q4_low_information	secondary_endpoint_extension	operational endpoint-aligned recovery annotation; not primary model-audit evidence
Jurkat day 7	Jurkat	TADA1	0.21221102548903378		Q4_low_information	secondary_endpoint_extension	operational endpoint-aligned recovery annotation; not primary model-audit evidence
Jurkat day 7	Jurkat	TBX1	0.03615886188500297		Q4_low_information	secondary_endpoint_extension	operational endpoint-aligned recovery annotation; not primary model-audit evidence
Jurkat day 7	Jurkat	TEAD3	0.0972139893301719		Q4_low_information	secondary_endpoint_extension	operational endpoint-aligned recovery annotation; not primary model-audit evidence
Jurkat day 7	Jurkat	TM7SF2	0.1819798458802608		Q4_low_information	secondary_endpoint_extension	operational endpoint-aligned recovery annotation; not primary model-audit evidence
Jurkat day 7	Jurkat	TMEM214	0.04149377593360996		Q4_low_information	secondary_endpoint_extension	operational endpoint-aligned recovery annotation; not primary model-audit evidence
Jurkat day 7	Jurkat	TMEM240	0.21161825726141079		Q4_low_information	secondary_endpoint_extension	operational endpoint-aligned recovery annotation; not primary model-audit evidence
Jurkat day 7	Jurkat	TMEM242	0.024896265560165973		Q4_low_information	secondary_endpoint_extension	operational endpoint-aligned recovery annotation; not primary model-audit evidence
Jurkat day 7	Jurkat	TSEN34	0.07705986959098993		Q4_low_information	secondary_endpoint_extension	operational endpoint-aligned recovery annotation; not primary model-audit evidence
Jurkat day 7	Jurkat	TSSK3	0.12625963248369887		Q4_low_information	secondary_endpoint_extension	operational endpoint-aligned recovery annotation; not primary model-audit evidence
Jurkat day 7	Jurkat	TUBB2A	0.05749851807943094		Q4_low_information	secondary_endpoint_extension	operational endpoint-aligned recovery annotation; not primary model-audit evidence
Jurkat day 7	Jurkat	TUBD1	0.08950800237107291		Q4_low_information	secondary_endpoint_extension	operational endpoint-aligned recovery annotation; not primary model-audit evidence
Jurkat day 7	Jurkat	TUBE1	0.19324244220509781		Q4_low_information	secondary_endpoint_extension	operational endpoint-aligned recovery annotation; not primary model-audit evidence
Jurkat day 7	Jurkat	TWF1	0.0023710729104919974		Q4_low_information	secondary_endpoint_extension	operational endpoint-aligned recovery annotation; not primary model-audit evidence
Jurkat day 7	Jurkat	UBE3D	0.24244220509780676		Q4_low_information	secondary_endpoint_extension	operational endpoint-aligned recovery annotation; not primary model-audit evidence
Jurkat day 7	Jurkat	UFL1	0.2009484291641968		Q4_low_information	secondary_endpoint_extension	operational endpoint-aligned recovery annotation; not primary model-audit evidence
Jurkat day 7	Jurkat	UNC45A	0.11262596324836989		Q4_low_information	secondary_endpoint_extension	operational endpoint-aligned recovery annotation; not primary model-audit evidence
Jurkat day 7	Jurkat	USP14	0.1902786010669828		Q4_low_information	secondary_endpoint_extension	operational endpoint-aligned recovery annotation; not primary model-audit evidence
Jurkat day 7	Jurkat	USP7	0.05038529934795495		Q4_low_information	secondary_endpoint_extension	operational endpoint-aligned recovery annotation; not primary model-audit evidence
Jurkat day 7	Jurkat	VPS54	0.021932424422050976		Q4_low_information	secondary_endpoint_extension	operational endpoint-aligned recovery annotation; not primary model-audit evidence
Jurkat day 7	Jurkat	WBP1L	0.24125666864256076		Q4_low_information	secondary_endpoint_extension	operational endpoint-aligned recovery annotation; not primary model-audit evidence
Jurkat day 7	Jurkat	WDR4	0.11736810906935388		Q4_low_information	secondary_endpoint_extension	operational endpoint-aligned recovery annotation; not primary model-audit evidence
Jurkat day 7	Jurkat	WDR54	0.032009484291641965		Q4_low_information	secondary_endpoint_extension	operational endpoint-aligned recovery annotation; not primary model-audit evidence
Jurkat day 7	Jurkat	XRCC1	0.15471250740960285		Q4_low_information	secondary_endpoint_extension	operational endpoint-aligned recovery annotation; not primary model-audit evidence
Jurkat day 7	Jurkat	XRCC2	0.24955542382928275		Q4_low_information	secondary_endpoint_extension	operational endpoint-aligned recovery annotation; not primary model-audit evidence
Jurkat day 7	Jurkat	ZFP69B	0.02845287492590397		Q4_low_information	secondary_endpoint_extension	operational endpoint-aligned recovery annotation; not primary model-audit evidence
Jurkat day 7	Jurkat	ZNF100	0.04267931238885596		Q4_low_information	secondary_endpoint_extension	operational endpoint-aligned recovery annotation; not primary model-audit evidence
Jurkat day 7	Jurkat	ZNF133	0.027267338470657973		Q4_low_information	secondary_endpoint_extension	operational endpoint-aligned recovery annotation; not primary model-audit evidence
Jurkat day 7	Jurkat	ZNF253	0.12566686425607587		Q4_low_information	secondary_endpoint_extension	operational endpoint-aligned recovery annotation; not primary model-audit evidence
Jurkat day 7	Jurkat	ZNF284	0.19205690574985182		Q4_low_information	secondary_endpoint_extension	operational endpoint-aligned recovery annotation; not primary model-audit evidence
Jurkat day 7	Jurkat	ZNF506	0.22050978067575577		Q4_low_information	secondary_endpoint_extension	operational endpoint-aligned recovery annotation; not primary model-audit evidence
Jurkat day 7	Jurkat	ZNF706	0.03141671606401897		Q4_low_information	secondary_endpoint_extension	operational endpoint-aligned recovery annotation; not primary model-audit evidence
Jurkat day 7	Jurkat	ZNF763	0.10669828097213989		Q4_low_information	secondary_endpoint_extension	operational endpoint-aligned recovery annotation; not primary model-audit evidence
Jurkat day 7	Jurkat	AAAS	0.4724362774155305		middle	secondary_endpoint_extension	operational endpoint-aligned recovery annotation; not primary model-audit evidence
Jurkat day 7	Jurkat	AARS2	0.25192649673977474		middle	secondary_endpoint_extension	operational endpoint-aligned recovery annotation; not primary model-audit evidence
Jurkat day 7	Jurkat	AATF	0.8334321280379372		middle	secondary_endpoint_extension	operational endpoint-aligned recovery annotation; not primary model-audit evidence
Jurkat day 7	Jurkat	ABCB10	0.4730290456431535		middle	secondary_endpoint_extension	operational endpoint-aligned recovery annotation; not primary model-audit evidence
Jurkat day 7	Jurkat	ABCB7	0.7059869590989923		middle	secondary_endpoint_extension	operational endpoint-aligned recovery annotation; not primary model-audit evidence
Jurkat day 7	Jurkat	ABCF1	0.31594546532305867		middle	secondary_endpoint_extension	operational endpoint-aligned recovery annotation; not primary model-audit evidence
Jurkat day 7	Jurkat	ABHD17A	0.06401896858328393		middle	secondary_endpoint_extension	operational endpoint-aligned recovery annotation; not primary model-audit evidence
Jurkat day 7	Jurkat	ABT1	0.7225844694724363		middle	secondary_endpoint_extension	operational endpoint-aligned recovery annotation; not primary model-audit evidence
Jurkat day 7	Jurkat	ACIN1	0.05986959098992294		middle	secondary_endpoint_extension	operational endpoint-aligned recovery annotation; not primary model-audit evidence
Jurkat day 7	Jurkat	ACSS2	0.5542382928275045		middle	secondary_endpoint_extension	operational endpoint-aligned recovery annotation; not primary model-audit evidence
Jurkat day 7	Jurkat	ACTB	0.6567871962062833		middle	secondary_endpoint_extension	operational endpoint-aligned recovery annotation; not primary model-audit evidence
Jurkat day 7	Jurkat	ACTR10	0.5263781861292235		middle	secondary_endpoint_extension	operational endpoint-aligned recovery annotation; not primary model-audit evidence
Jurkat day 7	Jurkat	ACTR1A	0.14404267931238884		middle	secondary_endpoint_extension	operational endpoint-aligned recovery annotation; not primary model-audit evidence
Jurkat day 7	Jurkat	ACTR1B	0.13515115589804386		middle	secondary_endpoint_extension	operational endpoint-aligned recovery annotation; not primary model-audit evidence
Jurkat day 7	Jurkat	ACTR2	0.3248369887374037		middle	secondary_endpoint_extension	operational endpoint-aligned recovery annotation; not primary model-audit evidence
Jurkat day 7	Jurkat	ACTR5	0.47658565500889155		middle	secondary_endpoint_extension	operational endpoint-aligned recovery annotation; not primary model-audit evidence
Jurkat day 7	Jurkat	ACTR6	0.7599288678126852		middle	secondary_endpoint_extension	operational endpoint-aligned recovery annotation; not primary model-audit evidence
Jurkat day 7	Jurkat	ACTR8	0.4101956135151156		middle	secondary_endpoint_extension	operational endpoint-aligned recovery annotation; not primary model-audit evidence
Jurkat day 7	Jurkat	ADAT2	0.3094250148192057		middle	secondary_endpoint_extension	operational endpoint-aligned recovery annotation; not primary model-audit evidence
Jurkat day 7	Jurkat	ADNP2	0.6058091286307054		middle	secondary_endpoint_extension	operational endpoint-aligned recovery annotation; not primary model-audit evidence
Jurkat day 7	Jurkat	ADSL	0.5080023710729105		middle	secondary_endpoint_extension	operational endpoint-aligned recovery annotation; not primary model-audit evidence
Jurkat day 7	Jurkat	AFG3L2	0.6870183758150563		middle	secondary_endpoint_extension	operational endpoint-aligned recovery annotation; not primary model-audit evidence
Jurkat day 7	Jurkat	AHCY	0.6526378186129224		middle	secondary_endpoint_extension	operational endpoint-aligned recovery annotation; not primary model-audit evidence
Jurkat day 7	Jurkat	AIFM1	0.22703023117960877		middle	secondary_endpoint_extension	operational endpoint-aligned recovery annotation; not primary model-audit evidence
Jurkat day 7	Jurkat	AKIRIN2	0.6882039122703023		middle	secondary_endpoint_extension	operational endpoint-aligned recovery annotation; not primary model-audit evidence
Jurkat day 7	Jurkat	ALG1	0.2234736218138708		middle	secondary_endpoint_extension	operational endpoint-aligned recovery annotation; not primary model-audit evidence
Jurkat day 7	Jurkat	ALG13	0.3242442205097807		middle	secondary_endpoint_extension	operational endpoint-aligned recovery annotation; not primary model-audit evidence
Jurkat day 7	Jurkat	ALG14	0.17783046828689983		middle	secondary_endpoint_extension	operational endpoint-aligned recovery annotation; not primary model-audit evidence
Jurkat day 7	Jurkat	ALG2	0.7700059276822763		middle	secondary_endpoint_extension	operational endpoint-aligned recovery annotation; not primary model-audit evidence
Jurkat day 7	Jurkat	ALYREF	0.49318316538233553		middle	secondary_endpoint_extension	operational endpoint-aligned recovery annotation; not primary model-audit evidence
Jurkat day 7	Jurkat	ANAPC11	0.45346769413159455		middle	secondary_endpoint_extension	operational endpoint-aligned recovery annotation; not primary model-audit evidence
Jurkat day 7	Jurkat	ANAPC15	0.004149377593360996		middle	secondary_endpoint_extension	operational endpoint-aligned recovery annotation; not primary model-audit evidence
Jurkat day 7	Jurkat	ANKRD11	0.025489033787788974		middle	secondary_endpoint_extension	operational endpoint-aligned recovery annotation; not primary model-audit evidence
Jurkat day 7	Jurkat	ANKRD49	0.36218138707765263		middle	secondary_endpoint_extension	operational endpoint-aligned recovery annotation; not primary model-audit evidence
Jurkat day 7	Jurkat	ANLN	0.4949614700652045		middle	secondary_endpoint_extension	operational endpoint-aligned recovery annotation; not primary model-audit evidence
Jurkat day 7	Jurkat	AP2M1	0.11499703615886188		middle	secondary_endpoint_extension	operational endpoint-aligned recovery annotation; not primary model-audit evidence
Jurkat day 7	Jurkat	AQP7	0.11321873147599289		middle	secondary_endpoint_extension	operational endpoint-aligned recovery annotation; not primary model-audit evidence
Jurkat day 7	Jurkat	ARCN1	0.1055127445168939		middle	secondary_endpoint_extension	operational endpoint-aligned recovery annotation; not primary model-audit evidence
Jurkat day 7	Jurkat	ARF4	0.46413752222880855		middle	secondary_endpoint_extension	operational endpoint-aligned recovery annotation; not primary model-audit evidence
Jurkat day 7	Jurkat	ARFRP1	0.34084173088322467		middle	secondary_endpoint_extension	operational endpoint-aligned recovery annotation; not primary model-audit evidence
Jurkat day 7	Jurkat	ARGLU1	0.7374036751630113		middle	secondary_endpoint_extension	operational endpoint-aligned recovery annotation; not primary model-audit evidence
Jurkat day 7	Jurkat	ARID3A	0.23177237700059278		middle	secondary_endpoint_extension	operational endpoint-aligned recovery annotation; not primary model-audit evidence
Jurkat day 7	Jurkat	ARID5B	0.5257854179016005		middle	secondary_endpoint_extension	operational endpoint-aligned recovery annotation; not primary model-audit evidence
Jurkat day 7	Jurkat	ARMC6	0.3503260225251926		middle	secondary_endpoint_extension	operational endpoint-aligned recovery annotation; not primary model-audit evidence
Jurkat day 7	Jurkat	ARMC7	0.3082394783639597		middle	secondary_endpoint_extension	operational endpoint-aligned recovery annotation; not primary model-audit evidence
Jurkat day 7	Jurkat	ARPC3	0.12981624184943688		middle	secondary_endpoint_extension	operational endpoint-aligned recovery annotation; not primary model-audit evidence
Jurkat day 7	Jurkat	ARPC4	0.5317131001778305		middle	secondary_endpoint_extension	operational endpoint-aligned recovery annotation; not primary model-audit evidence
Jurkat day 7	Jurkat	ASCC3	0.7160640189685833		middle	secondary_endpoint_extension	operational endpoint-aligned recovery annotation; not primary model-audit evidence
Jurkat day 7	Jurkat	ATF4	0.7984588026081803		middle	secondary_endpoint_extension	operational endpoint-aligned recovery annotation; not primary model-audit evidence
Jurkat day 7	Jurkat	ATL2	0.8020154119739182		middle	secondary_endpoint_extension	operational endpoint-aligned recovery annotation; not primary model-audit evidence
Jurkat day 7	Jurkat	ATP11B	0.6443390634262004		middle	secondary_endpoint_extension	operational endpoint-aligned recovery annotation; not primary model-audit evidence
Jurkat day 7	Jurkat	ATP5F1A	0.5305275637225845		middle	secondary_endpoint_extension	operational endpoint-aligned recovery annotation; not primary model-audit evidence
Jurkat day 7	Jurkat	ATP5F1B	0.6899822169531713		middle	secondary_endpoint_extension	operational endpoint-aligned recovery annotation; not primary model-audit evidence
Jurkat day 7	Jurkat	ATP5ME	0.27385892116182575		middle	secondary_endpoint_extension	operational endpoint-aligned recovery annotation; not primary model-audit evidence
Jurkat day 7	Jurkat	ATP5MF	0.14167160640189685		middle	secondary_endpoint_extension	operational endpoint-aligned recovery annotation; not primary model-audit evidence
Jurkat day 7	Jurkat	ATP5PD	0.33313574392412565		middle	secondary_endpoint_extension	operational endpoint-aligned recovery annotation; not primary model-audit evidence
Jurkat day 7	Jurkat	ATP5PO	0.5524599881446355		middle	secondary_endpoint_extension	operational endpoint-aligned recovery annotation; not primary model-audit evidence
Jurkat day 7	Jurkat	ATP6V1D	0.7836395969176052		middle	secondary_endpoint_extension	operational endpoint-aligned recovery annotation; not primary model-audit evidence
Jurkat day 7	Jurkat	ATP6V1G1	0.6603438055720213		middle	secondary_endpoint_extension	operational endpoint-aligned recovery annotation; not primary model-audit evidence
Jurkat day 7	Jurkat	ATR	0.5898043864848844		middle	secondary_endpoint_extension	operational endpoint-aligned recovery annotation; not primary model-audit evidence
Jurkat day 7	Jurkat	ATXN10	0.5785417901600475		middle	secondary_endpoint_extension	operational endpoint-aligned recovery annotation; not primary model-audit evidence
Jurkat day 7	Jurkat	AURKAIP1	0.7391819798458803		middle	secondary_endpoint_extension	operational endpoint-aligned recovery annotation; not primary model-audit evidence
Jurkat day 7	Jurkat	BAG6	0.7131001778304683		middle	secondary_endpoint_extension	operational endpoint-aligned recovery annotation; not primary model-audit evidence
Jurkat day 7	Jurkat	BANP	0.7379964433906343		middle	secondary_endpoint_extension	operational endpoint-aligned recovery annotation; not primary model-audit evidence
Jurkat day 7	Jurkat	BAP1	0.25429756965026673		middle	secondary_endpoint_extension	operational endpoint-aligned recovery annotation; not primary model-audit evidence
Jurkat day 7	Jurkat	BARD1	0.5453467694131594		middle	secondary_endpoint_extension	operational endpoint-aligned recovery annotation; not primary model-audit evidence
Jurkat day 7	Jurkat	BCL2L1	0.24718435091879076		middle	secondary_endpoint_extension	operational endpoint-aligned recovery annotation; not primary model-audit evidence
Jurkat day 7	Jurkat	BCLAF1	0.6307053941908713		middle	secondary_endpoint_extension	operational endpoint-aligned recovery annotation; not primary model-audit evidence
Jurkat day 7	Jurkat	BCR	0.35684647302904565		middle	secondary_endpoint_extension	operational endpoint-aligned recovery annotation; not primary model-audit evidence
Jurkat day 7	Jurkat	BCS1L	0.5376407824540604		middle	secondary_endpoint_extension	operational endpoint-aligned recovery annotation; not primary model-audit evidence
Jurkat day 7	Jurkat	BET1	0.5595732068761115		middle	secondary_endpoint_extension	operational endpoint-aligned recovery annotation; not primary model-audit evidence
Jurkat day 7	Jurkat	BNIP1	0.4759928867812685		middle	secondary_endpoint_extension	operational endpoint-aligned recovery annotation; not primary model-audit evidence
Jurkat day 7	Jurkat	BOD1L1	0.7000592768227623		middle	secondary_endpoint_extension	operational endpoint-aligned recovery annotation; not primary model-audit evidence
Jurkat day 7	Jurkat	BOP1	0.3141671606401897		middle	secondary_endpoint_extension	operational endpoint-aligned recovery annotation; not primary model-audit evidence
Jurkat day 7	Jurkat	BPTF	0.6129223473621814		middle	secondary_endpoint_extension	operational endpoint-aligned recovery annotation; not primary model-audit evidence
Jurkat day 7	Jurkat	BRCA1	0.2548903378778897		middle	secondary_endpoint_extension	operational endpoint-aligned recovery annotation; not primary model-audit evidence
Jurkat day 7	Jurkat	BRD2	0.7919383521043272		middle	secondary_endpoint_extension	operational endpoint-aligned recovery annotation; not primary model-audit evidence
Jurkat day 7	Jurkat	BRD4	0.4718435091879075		middle	secondary_endpoint_extension	operational endpoint-aligned recovery annotation; not primary model-audit evidence
Jurkat day 7	Jurkat	BRD8	0.6716064018968583		middle	secondary_endpoint_extension	operational endpoint-aligned recovery annotation; not primary model-audit evidence
Jurkat day 7	Jurkat	BRF1	0.6775340841730884		middle	secondary_endpoint_extension	operational endpoint-aligned recovery annotation; not primary model-audit evidence
Jurkat day 7	Jurkat	BRF2	0.6218138707765264		middle	secondary_endpoint_extension	operational endpoint-aligned recovery annotation; not primary model-audit evidence
Jurkat day 7	Jurkat	BRIP1	0.3509187907528156		middle	secondary_endpoint_extension	operational endpoint-aligned recovery annotation; not primary model-audit evidence
Jurkat day 7	Jurkat	BRK1	0.44398340248962653		middle	secondary_endpoint_extension	operational endpoint-aligned recovery annotation; not primary model-audit evidence
Jurkat day 7	Jurkat	BTAF1	0.6751630112625964		middle	secondary_endpoint_extension	operational endpoint-aligned recovery annotation; not primary model-audit evidence
Jurkat day 7	Jurkat	BTF3	0.5666864256075874		middle	secondary_endpoint_extension	operational endpoint-aligned recovery annotation; not primary model-audit evidence
Jurkat day 7	Jurkat	BTF3L4	0.022525192649673977		middle	secondary_endpoint_extension	operational endpoint-aligned recovery annotation; not primary model-audit evidence
Jurkat day 7	Jurkat	BYSL	0.8328393598103142		middle	secondary_endpoint_extension	operational endpoint-aligned recovery annotation; not primary model-audit evidence
Jurkat day 7	Jurkat	C17orf58	0.0989922940130409		middle	secondary_endpoint_extension	operational endpoint-aligned recovery annotation; not primary model-audit evidence
Jurkat day 7	Jurkat	C19orf53	0.3147599288678127		middle	secondary_endpoint_extension	operational endpoint-aligned recovery annotation; not primary model-audit evidence
Jurkat day 7	Jurkat	C1D	0.5245998814463545		middle	secondary_endpoint_extension	operational endpoint-aligned recovery annotation; not primary model-audit evidence
Jurkat day 7	Jurkat	C1QTNF4	0.25844694724362777		middle	secondary_endpoint_extension	operational endpoint-aligned recovery annotation; not primary model-audit evidence
Jurkat day 7	Jurkat	C6orf15	0.36040308239478364		middle	secondary_endpoint_extension	operational endpoint-aligned recovery annotation; not primary model-audit evidence
Jurkat day 7	Jurkat	C9orf78	0.24007113218731477		middle	secondary_endpoint_extension	operational endpoint-aligned recovery annotation; not primary model-audit evidence
Jurkat day 7	Jurkat	CA5A	0.12388855957320688		middle	secondary_endpoint_extension	operational endpoint-aligned recovery annotation; not primary model-audit evidence
Jurkat day 7	Jurkat	CACNB3	0.024303497332542976		middle	secondary_endpoint_extension	operational endpoint-aligned recovery annotation; not primary model-audit evidence
Jurkat day 7	Jurkat	CADM4	0.02074688796680498		middle	secondary_endpoint_extension	operational endpoint-aligned recovery annotation; not primary model-audit evidence
Jurkat day 7	Jurkat	CALR	0.5566093657379965		middle	secondary_endpoint_extension	operational endpoint-aligned recovery annotation; not primary model-audit evidence
Jurkat day 7	Jurkat	CAPZB	0.6656787196206283		middle	secondary_endpoint_extension	operational endpoint-aligned recovery annotation; not primary model-audit evidence
Jurkat day 7	Jurkat	CAST	0.5056312981624185		middle	secondary_endpoint_extension	operational endpoint-aligned recovery annotation; not primary model-audit evidence
Jurkat day 7	Jurkat	CBLN1	0.37225844694724364		middle	secondary_endpoint_extension	operational endpoint-aligned recovery annotation; not primary model-audit evidence
Jurkat day 7	Jurkat	CCAR1	0.5732068761114404		middle	secondary_endpoint_extension	operational endpoint-aligned recovery annotation; not primary model-audit evidence
Jurkat day 7	Jurkat	CCDC137	0.2868998221695317		middle	secondary_endpoint_extension	operational endpoint-aligned recovery annotation; not primary model-audit evidence
Jurkat day 7	Jurkat	CCDC144A	0.17368109069353882		middle	secondary_endpoint_extension	operational endpoint-aligned recovery annotation; not primary model-audit evidence
Jurkat day 7	Jurkat	CCDC59	0.5518672199170125		middle	secondary_endpoint_extension	operational endpoint-aligned recovery annotation; not primary model-audit evidence
Jurkat day 7	Jurkat	CCDC78	0.06342620035566093		middle	secondary_endpoint_extension	operational endpoint-aligned recovery annotation; not primary model-audit evidence
Jurkat day 7	Jurkat	CCDC86	0.9276822762299941		middle	secondary_endpoint_extension	operational endpoint-aligned recovery annotation; not primary model-audit evidence
Jurkat day 7	Jurkat	CCNB1	0.2839359810314167		middle	secondary_endpoint_extension	operational endpoint-aligned recovery annotation; not primary model-audit evidence
Jurkat day 7	Jurkat	CCNC	0.8310610551274452		middle	secondary_endpoint_extension	operational endpoint-aligned recovery annotation; not primary model-audit evidence
Jurkat day 7	Jurkat	CCNH	0.7030231179608772		middle	secondary_endpoint_extension	operational endpoint-aligned recovery annotation; not primary model-audit evidence
Jurkat day 7	Jurkat	CCNL1	0.8363959691760522		middle	secondary_endpoint_extension	operational endpoint-aligned recovery annotation; not primary model-audit evidence
Jurkat day 7	Jurkat	CD2BP2	0.2797866034380557		middle	secondary_endpoint_extension	operational endpoint-aligned recovery annotation; not primary model-audit evidence
Jurkat day 7	Jurkat	CDC37	0.8749259039715471		middle	secondary_endpoint_extension	operational endpoint-aligned recovery annotation; not primary model-audit evidence
Jurkat day 7	Jurkat	CDC7	0.6591582691167753		middle	secondary_endpoint_extension	operational endpoint-aligned recovery annotation; not primary model-audit evidence
Jurkat day 7	Jurkat	CDCA5	0.2928275044457617		middle	secondary_endpoint_extension	operational endpoint-aligned recovery annotation; not primary model-audit evidence
Jurkat day 7	Jurkat	CDIPT	0.05394190871369295		middle	secondary_endpoint_extension	operational endpoint-aligned recovery annotation; not primary model-audit evidence
Jurkat day 7	Jurkat	CDK1	0.6650859513930053		middle	secondary_endpoint_extension	operational endpoint-aligned recovery annotation; not primary model-audit evidence
Jurkat day 7	Jurkat	CDK2	0.09306461173681091		middle	secondary_endpoint_extension	operational endpoint-aligned recovery annotation; not primary model-audit evidence
Jurkat day 7	Jurkat	CDK6	0.06046235921754594		middle	secondary_endpoint_extension	operational endpoint-aligned recovery annotation; not primary model-audit evidence
Jurkat day 7	Jurkat	CDT1	0.3995257854179016		middle	secondary_endpoint_extension	operational endpoint-aligned recovery annotation; not primary model-audit evidence
Jurkat day 7	Jurkat	CEBPZ	0.7089508002371073		middle	secondary_endpoint_extension	operational endpoint-aligned recovery annotation; not primary model-audit evidence
Jurkat day 7	Jurkat	CENPE	0.06224066390041494		middle	secondary_endpoint_extension	operational endpoint-aligned recovery annotation; not primary model-audit evidence
Jurkat day 7	Jurkat	CENPP	0.7445168938944873		middle	secondary_endpoint_extension	operational endpoint-aligned recovery annotation; not primary model-audit evidence
Jurkat day 7	Jurkat	CENPT	0.23592175459395376		middle	secondary_endpoint_extension	operational endpoint-aligned recovery annotation; not primary model-audit evidence
Jurkat day 7	Jurkat	CENPW	0.6947243627741553		middle	secondary_endpoint_extension	operational endpoint-aligned recovery annotation; not primary model-audit evidence
Jurkat day 7	Jurkat	CEP152	0.6081802015411973		middle	secondary_endpoint_extension	operational endpoint-aligned recovery annotation; not primary model-audit evidence
Jurkat day 7	Jurkat	CEP68	0.33491404860699464		middle	secondary_endpoint_extension	operational endpoint-aligned recovery annotation; not primary model-audit evidence
Jurkat day 7	Jurkat	CEP97	0.3953764078245406		middle	secondary_endpoint_extension	operational endpoint-aligned recovery annotation; not primary model-audit evidence
Jurkat day 7	Jurkat	CFDP1	0.5139300533491404		middle	secondary_endpoint_extension	operational endpoint-aligned recovery annotation; not primary model-audit evidence
Jurkat day 7	Jurkat	CHCHD1	0.5975103734439834		middle	secondary_endpoint_extension	operational endpoint-aligned recovery annotation; not primary model-audit evidence
Jurkat day 7	Jurkat	CHCHD2	0.16834617664493184		middle	secondary_endpoint_extension	operational endpoint-aligned recovery annotation; not primary model-audit evidence
Jurkat day 7	Jurkat	CHCHD3	0.6200355660936574		middle	secondary_endpoint_extension	operational endpoint-aligned recovery annotation; not primary model-audit evidence
Jurkat day 7	Jurkat	CHCHD4	0.48132780082987553		middle	secondary_endpoint_extension	operational endpoint-aligned recovery annotation; not primary model-audit evidence
Jurkat day 7	Jurkat	CHMP4B	0.5649081209247184		middle	secondary_endpoint_extension	operational endpoint-aligned recovery annotation; not primary model-audit evidence
Jurkat day 7	Jurkat	CHMP5	0.5382335506816834		middle	secondary_endpoint_extension	operational endpoint-aligned recovery annotation; not primary model-audit evidence
Jurkat day 7	Jurkat	CHMP7	0.45524599881446354		middle	secondary_endpoint_extension	operational endpoint-aligned recovery annotation; not primary model-audit evidence
Jurkat day 7	Jurkat	CHTF18	0.3011262596324837		middle	secondary_endpoint_extension	operational endpoint-aligned recovery annotation; not primary model-audit evidence
Jurkat day 7	Jurkat	CIAPIN1	0.5198577356253705		middle	secondary_endpoint_extension	operational endpoint-aligned recovery annotation; not primary model-audit evidence
Jurkat day 7	Jurkat	CINP	0.7077652637818613		middle	secondary_endpoint_extension	operational endpoint-aligned recovery annotation; not primary model-audit evidence
Jurkat day 7	Jurkat	CLASRP	0.16656787196206282		middle	secondary_endpoint_extension	operational endpoint-aligned recovery annotation; not primary model-audit evidence
Jurkat day 7	Jurkat	CLCC1	0.5447540011855364		middle	secondary_endpoint_extension	operational endpoint-aligned recovery annotation; not primary model-audit evidence
Jurkat day 7	Jurkat	CLK2	0.4018968583283936		middle	secondary_endpoint_extension	operational endpoint-aligned recovery annotation; not primary model-audit evidence
Jurkat day 7	Jurkat	CLNS1A	0.6692353289863663		middle	secondary_endpoint_extension	operational endpoint-aligned recovery annotation; not primary model-audit evidence
Jurkat day 7	Jurkat	CLOCK	0.25251926496739774		middle	secondary_endpoint_extension	operational endpoint-aligned recovery annotation; not primary model-audit evidence
Jurkat day 7	Jurkat	CLPB	0.41315945465323056		middle	secondary_endpoint_extension	operational endpoint-aligned recovery annotation; not primary model-audit evidence
Jurkat day 7	Jurkat	CMC4	0.3823355068168346		middle	secondary_endpoint_extension	operational endpoint-aligned recovery annotation; not primary model-audit evidence
Jurkat day 7	Jurkat	CMTR1	0.7480735032602253		middle	secondary_endpoint_extension	operational endpoint-aligned recovery annotation; not primary model-audit evidence
Jurkat day 7	Jurkat	CNIH4	0.4001185536455246		middle	secondary_endpoint_extension	operational endpoint-aligned recovery annotation; not primary model-audit evidence
Jurkat day 7	Jurkat	CNN2	0.04564315352697095		middle	secondary_endpoint_extension	operational endpoint-aligned recovery annotation; not primary model-audit evidence
Jurkat day 7	Jurkat	CNOT10	0.5103734439834025		middle	secondary_endpoint_extension	operational endpoint-aligned recovery annotation; not primary model-audit evidence
Jurkat day 7	Jurkat	CNOT11	0.5186721991701245		middle	secondary_endpoint_extension	operational endpoint-aligned recovery annotation; not primary model-audit evidence
Jurkat day 7	Jurkat	COA5	0.5085951393005335		middle	secondary_endpoint_extension	operational endpoint-aligned recovery annotation; not primary model-audit evidence
Jurkat day 7	Jurkat	COASY	0.4961470065204505		middle	secondary_endpoint_extension	operational endpoint-aligned recovery annotation; not primary model-audit evidence
Jurkat day 7	Jurkat	COG1	0.27919383521043273		middle	secondary_endpoint_extension	operational endpoint-aligned recovery annotation; not primary model-audit evidence
Jurkat day 7	Jurkat	COG2	0.44042679312388855		middle	secondary_endpoint_extension	operational endpoint-aligned recovery annotation; not primary model-audit evidence
Jurkat day 7	Jurkat	COG4	0.7522228808535862		middle	secondary_endpoint_extension	operational endpoint-aligned recovery annotation; not primary model-audit evidence
Jurkat day 7	Jurkat	COMTD1	0.4184943687018376		middle	secondary_endpoint_extension	operational endpoint-aligned recovery annotation; not primary model-audit evidence
Jurkat day 7	Jurkat	COPE	0.6342620035566093		middle	secondary_endpoint_extension	operational endpoint-aligned recovery annotation; not primary model-audit evidence
Jurkat day 7	Jurkat	COPS3	0.7788974510966212		middle	secondary_endpoint_extension	operational endpoint-aligned recovery annotation; not primary model-audit evidence
Jurkat day 7	Jurkat	COPS4	0.7617071724955542		middle	secondary_endpoint_extension	operational endpoint-aligned recovery annotation; not primary model-audit evidence
Jurkat day 7	Jurkat	COPS8	0.34262003556609366		middle	secondary_endpoint_extension	operational endpoint-aligned recovery annotation; not primary model-audit evidence
Jurkat day 7	Jurkat	COPZ1	0.1043272080616479		middle	secondary_endpoint_extension	operational endpoint-aligned recovery annotation; not primary model-audit evidence
Jurkat day 7	Jurkat	COQ2	0.3764078245406046		middle	secondary_endpoint_extension	operational endpoint-aligned recovery annotation; not primary model-audit evidence
Jurkat day 7	Jurkat	COQ4	0.7409602845287493		middle	secondary_endpoint_extension	operational endpoint-aligned recovery annotation; not primary model-audit evidence
Jurkat day 7	Jurkat	COQ5	0.5998814463544754		middle	secondary_endpoint_extension	operational endpoint-aligned recovery annotation; not primary model-audit evidence
Jurkat day 7	Jurkat	COX10	0.3787788974510966		middle	secondary_endpoint_extension	operational endpoint-aligned recovery annotation; not primary model-audit evidence
Jurkat day 7	Jurkat	COX11	0.08239478363959692		middle	secondary_endpoint_extension	operational endpoint-aligned recovery annotation; not primary model-audit evidence
Jurkat day 7	Jurkat	COX15	0.7154712507409603		middle	secondary_endpoint_extension	operational endpoint-aligned recovery annotation; not primary model-audit evidence
Jurkat day 7	Jurkat	COX17	0.5500889152341435		middle	secondary_endpoint_extension	operational endpoint-aligned recovery annotation; not primary model-audit evidence
Jurkat day 7	Jurkat	COX5A	0.23710729104919975		middle	secondary_endpoint_extension	operational endpoint-aligned recovery annotation; not primary model-audit evidence
Jurkat day 7	Jurkat	COX5B	0.7101363366923533		middle	secondary_endpoint_extension	operational endpoint-aligned recovery annotation; not primary model-audit evidence
Jurkat day 7	Jurkat	COX6C	0.4090100770598696		middle	secondary_endpoint_extension	operational endpoint-aligned recovery annotation; not primary model-audit evidence
Jurkat day 7	Jurkat	COX7C	0.5157083580320095		middle	secondary_endpoint_extension	operational endpoint-aligned recovery annotation; not primary model-audit evidence
Jurkat day 7	Jurkat	CPAMD8	0.0906935388263189		middle	secondary_endpoint_extension	operational endpoint-aligned recovery annotation; not primary model-audit evidence
Jurkat day 7	Jurkat	CPEB1	0.41138114997036157		middle	secondary_endpoint_extension	operational endpoint-aligned recovery annotation; not primary model-audit evidence
Jurkat day 7	Jurkat	CPNE7	0.22821576763485477		middle	secondary_endpoint_extension	operational endpoint-aligned recovery annotation; not primary model-audit evidence
Jurkat day 7	Jurkat	CPSF1	0.8423236514522822		middle	secondary_endpoint_extension	operational endpoint-aligned recovery annotation; not primary model-audit evidence
Jurkat day 7	Jurkat	CPSF6	0.9359810314167161		middle	secondary_endpoint_extension	operational endpoint-aligned recovery annotation; not primary model-audit evidence
Jurkat day 7	Jurkat	CRLS1	0.5850622406639004		middle	secondary_endpoint_extension	operational endpoint-aligned recovery annotation; not primary model-audit evidence
Jurkat day 7	Jurkat	CSDE1	0.6052163604030824		middle	secondary_endpoint_extension	operational endpoint-aligned recovery annotation; not primary model-audit evidence
Jurkat day 7	Jurkat	CSNK1A1	0.6099585062240664		middle	secondary_endpoint_extension	operational endpoint-aligned recovery annotation; not primary model-audit evidence
Jurkat day 7	Jurkat	CSNK2B	0.7990515708358032		middle	secondary_endpoint_extension	operational endpoint-aligned recovery annotation; not primary model-audit evidence
Jurkat day 7	Jurkat	CTBP2	0.8601066982809722		middle	secondary_endpoint_extension	operational endpoint-aligned recovery annotation; not primary model-audit evidence
Jurkat day 7	Jurkat	CTNNBL1	0.6804979253112033		middle	secondary_endpoint_extension	operational endpoint-aligned recovery annotation; not primary model-audit evidence
Jurkat day 7	Jurkat	CTU2	0.5020746887966805		middle	secondary_endpoint_extension	operational endpoint-aligned recovery annotation; not primary model-audit evidence
Jurkat day 7	Jurkat	CUL2	0.6941315945465323		middle	secondary_endpoint_extension	operational endpoint-aligned recovery annotation; not primary model-audit evidence
Jurkat day 7	Jurkat	CUL3	0.4896265560165975		middle	secondary_endpoint_extension	operational endpoint-aligned recovery annotation; not primary model-audit evidence
Jurkat day 7	Jurkat	CWC25	0.6158861885002964		middle	secondary_endpoint_extension	operational endpoint-aligned recovery annotation; not primary model-audit evidence
Jurkat day 7	Jurkat	CWF19L2	0.6745702430349734		middle	secondary_endpoint_extension	operational endpoint-aligned recovery annotation; not primary model-audit evidence
Jurkat day 7	Jurkat	CXXC1	0.4872554831061055		middle	secondary_endpoint_extension	operational endpoint-aligned recovery annotation; not primary model-audit evidence
Jurkat day 7	Jurkat	CYC1	0.2809721398933017		middle	secondary_endpoint_extension	operational endpoint-aligned recovery annotation; not primary model-audit evidence
Jurkat day 7	Jurkat	CYCS	0.5743924125666864		middle	secondary_endpoint_extension	operational endpoint-aligned recovery annotation; not primary model-audit evidence
Jurkat day 7	Jurkat	CYFIP1	0.5323058684054535		middle	secondary_endpoint_extension	operational endpoint-aligned recovery annotation; not primary model-audit evidence
Jurkat day 7	Jurkat	CYP2A13	0.17012448132780084		middle	secondary_endpoint_extension	operational endpoint-aligned recovery annotation; not primary model-audit evidence
Jurkat day 7	Jurkat	CYP4F11	0.4060462359217546		middle	secondary_endpoint_extension	operational endpoint-aligned recovery annotation; not primary model-audit evidence
Jurkat day 7	Jurkat	CYREN	0.6265560165975104		middle	secondary_endpoint_extension	operational endpoint-aligned recovery annotation; not primary model-audit evidence
Jurkat day 7	Jurkat	CYS1	0.03023117960877297		middle	secondary_endpoint_extension	operational endpoint-aligned recovery annotation; not primary model-audit evidence
Jurkat day 7	Jurkat	DAD1	0.5127445168938944		middle	secondary_endpoint_extension	operational endpoint-aligned recovery annotation; not primary model-audit evidence
Jurkat day 7	Jurkat	DAP3	0.3639596917605216		middle	secondary_endpoint_extension	operational endpoint-aligned recovery annotation; not primary model-audit evidence
Jurkat day 7	Jurkat	DAXX	0.6514522821576764		middle	secondary_endpoint_extension	operational endpoint-aligned recovery annotation; not primary model-audit evidence
Jurkat day 7	Jurkat	DBF4	0.5299347954949615		middle	secondary_endpoint_extension	operational endpoint-aligned recovery annotation; not primary model-audit evidence
Jurkat day 7	Jurkat	DCLRE1B	0.5583876704208655		middle	secondary_endpoint_extension	operational endpoint-aligned recovery annotation; not primary model-audit evidence
Jurkat day 7	Jurkat	DCTN1	0.46769413159454654		middle	secondary_endpoint_extension	operational endpoint-aligned recovery annotation; not primary model-audit evidence
Jurkat day 7	Jurkat	DCTN2	0.13633669235328985		middle	secondary_endpoint_extension	operational endpoint-aligned recovery annotation; not primary model-audit evidence
Jurkat day 7	Jurkat	DCTN3	0.07824540604623592		middle	secondary_endpoint_extension	operational endpoint-aligned recovery annotation; not primary model-audit evidence
Jurkat day 7	Jurkat	DCTN4	0.04030823947836396		middle	secondary_endpoint_extension	operational endpoint-aligned recovery annotation; not primary model-audit evidence
Jurkat day 7	Jurkat	DCTN5	0.5483106105512745		middle	secondary_endpoint_extension	operational endpoint-aligned recovery annotation; not primary model-audit evidence
Jurkat day 7	Jurkat	DCTN6	0.11203319502074689		middle	secondary_endpoint_extension	operational endpoint-aligned recovery annotation; not primary model-audit evidence
Jurkat day 7	Jurkat	DCUN1D5	0.6123295791345584		middle	secondary_endpoint_extension	operational endpoint-aligned recovery annotation; not primary model-audit evidence
Jurkat day 7	Jurkat	DDB1	0.34914048606994663		middle	secondary_endpoint_extension	operational endpoint-aligned recovery annotation; not primary model-audit evidence
Jurkat day 7	Jurkat	DDOST	0.5921754593953764		middle	secondary_endpoint_extension	operational endpoint-aligned recovery annotation; not primary model-audit evidence
Jurkat day 7	Jurkat	DDX1	0.1825726141078838		middle	secondary_endpoint_extension	operational endpoint-aligned recovery annotation; not primary model-audit evidence
Jurkat day 7	Jurkat	DDX11	0.3106105512744517		middle	secondary_endpoint_extension	operational endpoint-aligned recovery annotation; not primary model-audit evidence
Jurkat day 7	Jurkat	DDX17	0.26200355660936575		middle	secondary_endpoint_extension	operational endpoint-aligned recovery annotation; not primary model-audit evidence
Jurkat day 7	Jurkat	DDX19B	0.01066982809721399		middle	secondary_endpoint_extension	operational endpoint-aligned recovery annotation; not primary model-audit evidence
Jurkat day 7	Jurkat	DDX20	0.8927089508002372		middle	secondary_endpoint_extension	operational endpoint-aligned recovery annotation; not primary model-audit evidence
Jurkat day 7	Jurkat	DDX21	0.6295198577356254		middle	secondary_endpoint_extension	operational endpoint-aligned recovery annotation; not primary model-audit evidence
Jurkat day 7	Jurkat	DDX27	0.7866034380557202		middle	secondary_endpoint_extension	operational endpoint-aligned recovery annotation; not primary model-audit evidence
Jurkat day 7	Jurkat	DDX3X	0.5477178423236515		middle	secondary_endpoint_extension	operational endpoint-aligned recovery annotation; not primary model-audit evidence
Jurkat day 7	Jurkat	DDX42	0.4819205690574985		middle	secondary_endpoint_extension	operational endpoint-aligned recovery annotation; not primary model-audit evidence
Jurkat day 7	Jurkat	DDX46	0.42323651452282157		middle	secondary_endpoint_extension	operational endpoint-aligned recovery annotation; not primary model-audit evidence
Jurkat day 7	Jurkat	DDX5	0.3627741553052756		middle	secondary_endpoint_extension	operational endpoint-aligned recovery annotation; not primary model-audit evidence
Jurkat day 7	Jurkat	DDX51	0.30468286899822167		middle	secondary_endpoint_extension	operational endpoint-aligned recovery annotation; not primary model-audit evidence
Jurkat day 7	Jurkat	DDX52	0.5951393005334914		middle	secondary_endpoint_extension	operational endpoint-aligned recovery annotation; not primary model-audit evidence
Jurkat day 7	Jurkat	DDX55	0.36810906935388266		middle	secondary_endpoint_extension	operational endpoint-aligned recovery annotation; not primary model-audit evidence
Jurkat day 7	Jurkat	DDX6	0.8933017190278602		middle	secondary_endpoint_extension	operational endpoint-aligned recovery annotation; not primary model-audit evidence
Jurkat day 7	Jurkat	DENR	0.7125074096028453		middle	secondary_endpoint_extension	operational endpoint-aligned recovery annotation; not primary model-audit evidence
Jurkat day 7	Jurkat	DEPDC5	0.38470657972732664		middle	secondary_endpoint_extension	operational endpoint-aligned recovery annotation; not primary model-audit evidence
Jurkat day 7	Jurkat	DERL2	0.7830468286899822		middle	secondary_endpoint_extension	operational endpoint-aligned recovery annotation; not primary model-audit evidence
Jurkat day 7	Jurkat	DESI1	0.6271487848251334		middle	secondary_endpoint_extension	operational endpoint-aligned recovery annotation; not primary model-audit evidence
Jurkat day 7	Jurkat	DHFR	0.4754001185536455		middle	secondary_endpoint_extension	operational endpoint-aligned recovery annotation; not primary model-audit evidence
Jurkat day 7	Jurkat	DHODH	0.26496739774748074		middle	secondary_endpoint_extension	operational endpoint-aligned recovery annotation; not primary model-audit evidence
Jurkat day 7	Jurkat	DHPS	0.5560165975103735		middle	secondary_endpoint_extension	operational endpoint-aligned recovery annotation; not primary model-audit evidence
Jurkat day 7	Jurkat	DHX33	0.4161232957913456		middle	secondary_endpoint_extension	operational endpoint-aligned recovery annotation; not primary model-audit evidence
Jurkat day 7	Jurkat	DHX37	0.8559573206876111		middle	secondary_endpoint_extension	operational endpoint-aligned recovery annotation; not primary model-audit evidence
Jurkat day 7	Jurkat	DHX9	0.6721991701244814		middle	secondary_endpoint_extension	operational endpoint-aligned recovery annotation; not primary model-audit evidence
Jurkat day 7	Jurkat	DICER1	0.6846473029045643		middle	secondary_endpoint_extension	operational endpoint-aligned recovery annotation; not primary model-audit evidence
Jurkat day 7	Jurkat	DIMT1	0.6662714878482513		middle	secondary_endpoint_extension	operational endpoint-aligned recovery annotation; not primary model-audit evidence
Jurkat day 7	Jurkat	DIS3	0.975103734439834		middle	secondary_endpoint_extension	operational endpoint-aligned recovery annotation; not primary model-audit evidence
Jurkat day 7	Jurkat	DLD	0.6970954356846473		middle	secondary_endpoint_extension	operational endpoint-aligned recovery annotation; not primary model-audit evidence
Jurkat day 7	Jurkat	DMRTA2	0.16478956727919383		middle	secondary_endpoint_extension	operational endpoint-aligned recovery annotation; not primary model-audit evidence
Jurkat day 7	Jurkat	DNAJA1	0.12329579134558388		middle	secondary_endpoint_extension	operational endpoint-aligned recovery annotation; not primary model-audit evidence
Jurkat day 7	Jurkat	DNAJA3	0.6206283343212804		middle	secondary_endpoint_extension	operational endpoint-aligned recovery annotation; not primary model-audit evidence
Jurkat day 7	Jurkat	DNAJC11	0.6247777119146414		middle	secondary_endpoint_extension	operational endpoint-aligned recovery annotation; not primary model-audit evidence
Jurkat day 7	Jurkat	DNAJC17	0.973325429756965		middle	secondary_endpoint_extension	operational endpoint-aligned recovery annotation; not primary model-audit evidence
Jurkat day 7	Jurkat	DNAJC8	0.27682276229994074		middle	secondary_endpoint_extension	operational endpoint-aligned recovery annotation; not primary model-audit evidence
Jurkat day 7	Jurkat	DNAJC9	0.4736218138707765		middle	secondary_endpoint_extension	operational endpoint-aligned recovery annotation; not primary model-audit evidence
Jurkat day 7	Jurkat	DNLZ	0.2833432128037937		middle	secondary_endpoint_extension	operational endpoint-aligned recovery annotation; not primary model-audit evidence
Jurkat day 7	Jurkat	DNM1	0.014226437462951986		middle	secondary_endpoint_extension	operational endpoint-aligned recovery annotation; not primary model-audit evidence
Jurkat day 7	Jurkat	DNTTIP2	0.949614700652045		middle	secondary_endpoint_extension	operational endpoint-aligned recovery annotation; not primary model-audit evidence
Jurkat day 7	Jurkat	DOHH	0.3052756372258447		middle	secondary_endpoint_extension	operational endpoint-aligned recovery annotation; not primary model-audit evidence
Jurkat day 7	Jurkat	DOLK	0.38589211618257263		middle	secondary_endpoint_extension	operational endpoint-aligned recovery annotation; not primary model-audit evidence
Jurkat day 7	Jurkat	DPAGT1	0.4196799051570836		middle	secondary_endpoint_extension	operational endpoint-aligned recovery annotation; not primary model-audit evidence
Jurkat day 7	Jurkat	DPH3	0.35388263189093067		middle	secondary_endpoint_extension	operational endpoint-aligned recovery annotation; not primary model-audit evidence
Jurkat day 7	Jurkat	DPM2	0.47836395969176054		middle	secondary_endpoint_extension	operational endpoint-aligned recovery annotation; not primary model-audit evidence
Jurkat day 7	Jurkat	DPPA2	0.22940130409010076		middle	secondary_endpoint_extension	operational endpoint-aligned recovery annotation; not primary model-audit evidence
Jurkat day 7	Jurkat	DPY19L2	0.3770005927682276		middle	secondary_endpoint_extension	operational endpoint-aligned recovery annotation; not primary model-audit evidence
Jurkat day 7	Jurkat	DR1	0.7427385892116183		middle	secondary_endpoint_extension	operational endpoint-aligned recovery annotation; not primary model-audit evidence
Jurkat day 7	Jurkat	DRAP1	0.36158861885002963		middle	secondary_endpoint_extension	operational endpoint-aligned recovery annotation; not primary model-audit evidence
Jurkat day 7	Jurkat	DRG1	0.3218731475992887		middle	secondary_endpoint_extension	operational endpoint-aligned recovery annotation; not primary model-audit evidence
Jurkat day 7	Jurkat	DYNLL1	0.5986959098992294		middle	secondary_endpoint_extension	operational endpoint-aligned recovery annotation; not primary model-audit evidence
Jurkat day 7	Jurkat	E4F1	0.18435091879075283		middle	secondary_endpoint_extension	operational endpoint-aligned recovery annotation; not primary model-audit evidence
Jurkat day 7	Jurkat	EARS2	0.14819205690574985		middle	secondary_endpoint_extension	operational endpoint-aligned recovery annotation; not primary model-audit evidence
Jurkat day 7	Jurkat	EDC4	0.3947836395969176		middle	secondary_endpoint_extension	operational endpoint-aligned recovery annotation; not primary model-audit evidence
Jurkat day 7	Jurkat	EEF1B2	0.4149377593360996		middle	secondary_endpoint_extension	operational endpoint-aligned recovery annotation; not primary model-audit evidence
Jurkat day 7	Jurkat	EEF1G	0.9342027267338471		middle	secondary_endpoint_extension	operational endpoint-aligned recovery annotation; not primary model-audit evidence
Jurkat day 7	Jurkat	EEF2	0.4173088322465916		middle	secondary_endpoint_extension	operational endpoint-aligned recovery annotation; not primary model-audit evidence
Jurkat day 7	Jurkat	EEFSEC	0.8547717842323651		middle	secondary_endpoint_extension	operational endpoint-aligned recovery annotation; not primary model-audit evidence
Jurkat day 7	Jurkat	EFR3A	0.4013040901007706		middle	secondary_endpoint_extension	operational endpoint-aligned recovery annotation; not primary model-audit evidence
Jurkat day 7	Jurkat	EGLN2	0.08476585655008892		middle	secondary_endpoint_extension	operational endpoint-aligned recovery annotation; not primary model-audit evidence
Jurkat day 7	Jurkat	EIF1	0.37166567871962064		middle	secondary_endpoint_extension	operational endpoint-aligned recovery annotation; not primary model-audit evidence
Jurkat day 7	Jurkat	EIF1AD	0.6111440426793124		middle	secondary_endpoint_extension	operational endpoint-aligned recovery annotation; not primary model-audit evidence
Jurkat day 7	Jurkat	EIF1AX	0.5062240663900415		middle	secondary_endpoint_extension	operational endpoint-aligned recovery annotation; not primary model-audit evidence
Jurkat day 7	Jurkat	EIF2B1	0.8026081802015412		middle	secondary_endpoint_extension	operational endpoint-aligned recovery annotation; not primary model-audit evidence
Jurkat day 7	Jurkat	EIF2B2	0.9620628334321281		middle	secondary_endpoint_extension	operational endpoint-aligned recovery annotation; not primary model-audit evidence
Jurkat day 7	Jurkat	EIF2B5	0.942501481920569		middle	secondary_endpoint_extension	operational endpoint-aligned recovery annotation; not primary model-audit evidence
Jurkat day 7	Jurkat	EIF3D	0.989922940130409		middle	secondary_endpoint_extension	operational endpoint-aligned recovery annotation; not primary model-audit evidence
Jurkat day 7	Jurkat	EIF3H	0.9004149377593361		middle	secondary_endpoint_extension	operational endpoint-aligned recovery annotation; not primary model-audit evidence
Jurkat day 7	Jurkat	EIF3J	0.5489033787788975		middle	secondary_endpoint_extension	operational endpoint-aligned recovery annotation; not primary model-audit evidence
Jurkat day 7	Jurkat	EIF3L	0.26141078838174275		middle	secondary_endpoint_extension	operational endpoint-aligned recovery annotation; not primary model-audit evidence
Jurkat day 7	Jurkat	EIF3M	0.9383521043272081		middle	secondary_endpoint_extension	operational endpoint-aligned recovery annotation; not primary model-audit evidence
Jurkat day 7	Jurkat	EIF4A1	0.6982809721398933		middle	secondary_endpoint_extension	operational endpoint-aligned recovery annotation; not primary model-audit evidence
Jurkat day 7	Jurkat	EIF4B	0.06520450503852994		middle	secondary_endpoint_extension	operational endpoint-aligned recovery annotation; not primary model-audit evidence
Jurkat day 7	Jurkat	EIF4G1	0.9585062240663901		middle	secondary_endpoint_extension	operational endpoint-aligned recovery annotation; not primary model-audit evidence
Jurkat day 7	Jurkat	EIF4G2	0.4350918790752816		middle	secondary_endpoint_extension	operational endpoint-aligned recovery annotation; not primary model-audit evidence
Jurkat day 7	Jurkat	EIF5	0.5773562537048014		middle	secondary_endpoint_extension	operational endpoint-aligned recovery annotation; not primary model-audit evidence
Jurkat day 7	Jurkat	ELAC2	0.3396561944279787		middle	secondary_endpoint_extension	operational endpoint-aligned recovery annotation; not primary model-audit evidence
Jurkat day 7	Jurkat	ELOB	0.3153526970954357		middle	secondary_endpoint_extension	operational endpoint-aligned recovery annotation; not primary model-audit evidence
Jurkat day 7	Jurkat	ELOF1	0.5014819205690575		middle	secondary_endpoint_extension	operational endpoint-aligned recovery annotation; not primary model-audit evidence
Jurkat day 7	Jurkat	ELP2	0.4143449911084766		middle	secondary_endpoint_extension	operational endpoint-aligned recovery annotation; not primary model-audit evidence
Jurkat day 7	Jurkat	ELP3	0.4588026081802015		middle	secondary_endpoint_extension	operational endpoint-aligned recovery annotation; not primary model-audit evidence
Jurkat day 7	Jurkat	ELP5	0.36751630112625966		middle	secondary_endpoint_extension	operational endpoint-aligned recovery annotation; not primary model-audit evidence
Jurkat day 7	Jurkat	ELP6	0.31831653823355066		middle	secondary_endpoint_extension	operational endpoint-aligned recovery annotation; not primary model-audit evidence
Jurkat day 7	Jurkat	EMC1	0.6188500296384114		middle	secondary_endpoint_extension	operational endpoint-aligned recovery annotation; not primary model-audit evidence
Jurkat day 7	Jurkat	EMC3	0.5192649673977475		middle	secondary_endpoint_extension	operational endpoint-aligned recovery annotation; not primary model-audit evidence
Jurkat day 7	Jurkat	EMC4	0.7682276229994073		middle	secondary_endpoint_extension	operational endpoint-aligned recovery annotation; not primary model-audit evidence
Jurkat day 7	Jurkat	EMC7	0.6561944279786603		middle	secondary_endpoint_extension	operational endpoint-aligned recovery annotation; not primary model-audit evidence
Jurkat day 7	Jurkat	ENO1	0.6953171310017783		middle	secondary_endpoint_extension	operational endpoint-aligned recovery annotation; not primary model-audit evidence
Jurkat day 7	Jurkat	ENY2	0.6550088915234143		middle	secondary_endpoint_extension	operational endpoint-aligned recovery annotation; not primary model-audit evidence
Jurkat day 7	Jurkat	ERCC2	0.9110847658565501		middle	secondary_endpoint_extension	operational endpoint-aligned recovery annotation; not primary model-audit evidence
Jurkat day 7	Jurkat	ERVW-1	0.07883817427385892		middle	secondary_endpoint_extension	operational endpoint-aligned recovery annotation; not primary model-audit evidence
Jurkat day 7	Jurkat	ESF1	0.4593953764078245		middle	secondary_endpoint_extension	operational endpoint-aligned recovery annotation; not primary model-audit evidence
Jurkat day 7	Jurkat	ESYT1	0.3989330171902786		middle	secondary_endpoint_extension	operational endpoint-aligned recovery annotation; not primary model-audit evidence
Jurkat day 7	Jurkat	EWSR1	0.29104919976289273		middle	secondary_endpoint_extension	operational endpoint-aligned recovery annotation; not primary model-audit evidence
Jurkat day 7	Jurkat	EXOC1	0.37403675163011263		middle	secondary_endpoint_extension	operational endpoint-aligned recovery annotation; not primary model-audit evidence
Jurkat day 7	Jurkat	EXOC2	0.4084173088322466		middle	secondary_endpoint_extension	operational endpoint-aligned recovery annotation; not primary model-audit evidence
Jurkat day 7	Jurkat	EXOC3	0.6378186129223473		middle	secondary_endpoint_extension	operational endpoint-aligned recovery annotation; not primary model-audit evidence
Jurkat day 7	Jurkat	EXOC5	0.7053941908713693		middle	secondary_endpoint_extension	operational endpoint-aligned recovery annotation; not primary model-audit evidence
Jurkat day 7	Jurkat	EXOC7	0.8375815056312982		middle	secondary_endpoint_extension	operational endpoint-aligned recovery annotation; not primary model-audit evidence
Jurkat day 7	Jurkat	EXOC8	0.5874333135743924		middle	secondary_endpoint_extension	operational endpoint-aligned recovery annotation; not primary model-audit evidence
Jurkat day 7	Jurkat	EXOSC1	0.4706579727326615		middle	secondary_endpoint_extension	operational endpoint-aligned recovery annotation; not primary model-audit evidence
Jurkat day 7	Jurkat	EXOSC10	0.7877889745109662		middle	secondary_endpoint_extension	operational endpoint-aligned recovery annotation; not primary model-audit evidence
Jurkat day 7	Jurkat	EXOSC2	0.992886781268524		middle	secondary_endpoint_extension	operational endpoint-aligned recovery annotation; not primary model-audit evidence
Jurkat day 7	Jurkat	EXOSC3	0.9845880260818021		middle	secondary_endpoint_extension	operational endpoint-aligned recovery annotation; not primary model-audit evidence
Jurkat day 7	Jurkat	EXOSC5	0.981031416716064		middle	secondary_endpoint_extension	operational endpoint-aligned recovery annotation; not primary model-audit evidence
Jurkat day 7	Jurkat	EXOSC8	0.988737403675163		middle	secondary_endpoint_extension	operational endpoint-aligned recovery annotation; not primary model-audit evidence
Jurkat day 7	Jurkat	EXOSC9	0.995257854179016		middle	secondary_endpoint_extension	operational endpoint-aligned recovery annotation; not primary model-audit evidence
Jurkat day 7	Jurkat	FAF2	0.2981624184943687		middle	secondary_endpoint_extension	operational endpoint-aligned recovery annotation; not primary model-audit evidence
Jurkat day 7	Jurkat	FAM136A	0.06994665085951393		middle	secondary_endpoint_extension	operational endpoint-aligned recovery annotation; not primary model-audit evidence
Jurkat day 7	Jurkat	FAM229A	0.023117960877296978		middle	secondary_endpoint_extension	operational endpoint-aligned recovery annotation; not primary model-audit evidence
Jurkat day 7	Jurkat	FARSA	0.8808535862477771		middle	secondary_endpoint_extension	operational endpoint-aligned recovery annotation; not primary model-audit evidence
Jurkat day 7	Jurkat	FASTKD5	0.45050385299347956		middle	secondary_endpoint_extension	operational endpoint-aligned recovery annotation; not primary model-audit evidence
Jurkat day 7	Jurkat	FBLIM1	0.034973325429756966		middle	secondary_endpoint_extension	operational endpoint-aligned recovery annotation; not primary model-audit evidence
Jurkat day 7	Jurkat	FBRSL1	0.4007113218731476		middle	secondary_endpoint_extension	operational endpoint-aligned recovery annotation; not primary model-audit evidence
Jurkat day 7	Jurkat	FBXL14	0.44220509780675754		middle	secondary_endpoint_extension	operational endpoint-aligned recovery annotation; not primary model-audit evidence
Jurkat day 7	Jurkat	FBXW7	0.36929460580912865		middle	secondary_endpoint_extension	operational endpoint-aligned recovery annotation; not primary model-audit evidence
Jurkat day 7	Jurkat	FDPS	0.4943687018375815		middle	secondary_endpoint_extension	operational endpoint-aligned recovery annotation; not primary model-audit evidence
Jurkat day 7	Jurkat	FDXR	0.2845287492590397		middle	secondary_endpoint_extension	operational endpoint-aligned recovery annotation; not primary model-audit evidence
Jurkat day 7	Jurkat	FEN1	0.34380557202133966		middle	secondary_endpoint_extension	operational endpoint-aligned recovery annotation; not primary model-audit evidence
Jurkat day 7	Jurkat	FKBP9	0.35328986366330767		middle	secondary_endpoint_extension	operational endpoint-aligned recovery annotation; not primary model-audit evidence
Jurkat day 7	Jurkat	FNBP4	0.18020154119739182		middle	secondary_endpoint_extension	operational endpoint-aligned recovery annotation; not primary model-audit evidence
Jurkat day 7	Jurkat	FNTA	0.6621221102548903		middle	secondary_endpoint_extension	operational endpoint-aligned recovery annotation; not primary model-audit evidence
Jurkat day 7	Jurkat	FOXL2	0.25311203319502074		middle	secondary_endpoint_extension	operational endpoint-aligned recovery annotation; not primary model-audit evidence
Jurkat day 7	Jurkat	FTSJ3	0.6354475400118553		middle	secondary_endpoint_extension	operational endpoint-aligned recovery annotation; not primary model-audit evidence
Jurkat day 7	Jurkat	FXN	0.6929460580912863		middle	secondary_endpoint_extension	operational endpoint-aligned recovery annotation; not primary model-audit evidence
Jurkat day 7	Jurkat	GABPA	0.6787196206283344		middle	secondary_endpoint_extension	operational endpoint-aligned recovery annotation; not primary model-audit evidence
Jurkat day 7	Jurkat	GABPB1	0.6686425607587433		middle	secondary_endpoint_extension	operational endpoint-aligned recovery annotation; not primary model-audit evidence
Jurkat day 7	Jurkat	GAK	0.5886188500296384		middle	secondary_endpoint_extension	operational endpoint-aligned recovery annotation; not primary model-audit evidence
Jurkat day 7	Jurkat	GAPDH	0.3912270302311796		middle	secondary_endpoint_extension	operational endpoint-aligned recovery annotation; not primary model-audit evidence
Jurkat day 7	Jurkat	GAR1	0.4985180794309425		middle	secondary_endpoint_extension	operational endpoint-aligned recovery annotation; not primary model-audit evidence
Jurkat day 7	Jurkat	GCLC	0.07172495554238292		middle	secondary_endpoint_extension	operational endpoint-aligned recovery annotation; not primary model-audit evidence
Jurkat day 7	Jurkat	GEMIN4	0.5767634854771784		middle	secondary_endpoint_extension	operational endpoint-aligned recovery annotation; not primary model-audit evidence
Jurkat day 7	Jurkat	GEMIN6	0.6087729697688203		middle	secondary_endpoint_extension	operational endpoint-aligned recovery annotation; not primary model-audit evidence
Jurkat day 7	Jurkat	GEMIN8	0.7243627741553053		middle	secondary_endpoint_extension	operational endpoint-aligned recovery annotation; not primary model-audit evidence
Jurkat day 7	Jurkat	GET1	0.16241849436870184		middle	secondary_endpoint_extension	operational endpoint-aligned recovery annotation; not primary model-audit evidence
Jurkat day 7	Jurkat	GET3	0.05572021339656195		middle	secondary_endpoint_extension	operational endpoint-aligned recovery annotation; not primary model-audit evidence
Jurkat day 7	Jurkat	GFER	0.47895672791938354		middle	secondary_endpoint_extension	operational endpoint-aligned recovery annotation; not primary model-audit evidence
Jurkat day 7	Jurkat	GFM1	0.053349140486069944		middle	secondary_endpoint_extension	operational endpoint-aligned recovery annotation; not primary model-audit evidence
Jurkat day 7	Jurkat	GFOD2	0.2560758743331357		middle	secondary_endpoint_extension	operational endpoint-aligned recovery annotation; not primary model-audit evidence
Jurkat day 7	Jurkat	GGPS1	0.44101956135151155		middle	secondary_endpoint_extension	operational endpoint-aligned recovery annotation; not primary model-audit evidence
Jurkat day 7	Jurkat	GINS1	0.5856550088915234		middle	secondary_endpoint_extension	operational endpoint-aligned recovery annotation; not primary model-audit evidence
Jurkat day 7	Jurkat	GINS2	0.3752222880853586		middle	secondary_endpoint_extension	operational endpoint-aligned recovery annotation; not primary model-audit evidence
Jurkat day 7	Jurkat	GINS3	0.6176644931831654		middle	secondary_endpoint_extension	operational endpoint-aligned recovery annotation; not primary model-audit evidence
Jurkat day 7	Jurkat	GINS4	0.5471250740960285		middle	secondary_endpoint_extension	operational endpoint-aligned recovery annotation; not primary model-audit evidence
Jurkat day 7	Jurkat	GIT2	0.4078245406046236		middle	secondary_endpoint_extension	operational endpoint-aligned recovery annotation; not primary model-audit evidence
Jurkat day 7	Jurkat	GLB1	0.6739774748073504		middle	secondary_endpoint_extension	operational endpoint-aligned recovery annotation; not primary model-audit evidence
Jurkat day 7	Jurkat	GLRX3	0.4997036158861885		middle	secondary_endpoint_extension	operational endpoint-aligned recovery annotation; not primary model-audit evidence
Jurkat day 7	Jurkat	GLRX5	0.0936573799644339		middle	secondary_endpoint_extension	operational endpoint-aligned recovery annotation; not primary model-audit evidence
Jurkat day 7	Jurkat	GMIP	0.3206876111440427		middle	secondary_endpoint_extension	operational endpoint-aligned recovery annotation; not primary model-audit evidence
Jurkat day 7	Jurkat	GMPPB	0.5346769413159455		middle	secondary_endpoint_extension	operational endpoint-aligned recovery annotation; not primary model-audit evidence
Jurkat day 7	Jurkat	GNB1L	0.16419679905157084		middle	secondary_endpoint_extension	operational endpoint-aligned recovery annotation; not primary model-audit evidence
Jurkat day 7	Jurkat	GNL3	0.7474807350326023		middle	secondary_endpoint_extension	operational endpoint-aligned recovery annotation; not primary model-audit evidence
Jurkat day 7	Jurkat	GNL3L	0.8494368701837581		middle	secondary_endpoint_extension	operational endpoint-aligned recovery annotation; not primary model-audit evidence
Jurkat day 7	Jurkat	GON4L	0.33372851215174865		middle	secondary_endpoint_extension	operational endpoint-aligned recovery annotation; not primary model-audit evidence
Jurkat day 7	Jurkat	GPKOW	0.6674570243034973		middle	secondary_endpoint_extension	operational endpoint-aligned recovery annotation; not primary model-audit evidence
Jurkat day 7	Jurkat	GPN3	0.8737403675163011		middle	secondary_endpoint_extension	operational endpoint-aligned recovery annotation; not primary model-audit evidence
Jurkat day 7	Jurkat	GPR61	0.5406046235921754		middle	secondary_endpoint_extension	operational endpoint-aligned recovery annotation; not primary model-audit evidence
Jurkat day 7	Jurkat	GPS1	0.2726733847065797		middle	secondary_endpoint_extension	operational endpoint-aligned recovery annotation; not primary model-audit evidence
Jurkat day 7	Jurkat	GPS2	0.27445168938944875		middle	secondary_endpoint_extension	operational endpoint-aligned recovery annotation; not primary model-audit evidence
Jurkat day 7	Jurkat	GRPEL1	0.8962655601659751		middle	secondary_endpoint_extension	operational endpoint-aligned recovery annotation; not primary model-audit evidence
Jurkat day 7	Jurkat	GRSF1	0.37048014226437465		middle	secondary_endpoint_extension	operational endpoint-aligned recovery annotation; not primary model-audit evidence
Jurkat day 7	Jurkat	GRWD1	0.24659158269116777		middle	secondary_endpoint_extension	operational endpoint-aligned recovery annotation; not primary model-audit evidence
Jurkat day 7	Jurkat	GSDMA	0.2021339656194428		middle	secondary_endpoint_extension	operational endpoint-aligned recovery annotation; not primary model-audit evidence
Jurkat day 7	Jurkat	GSK3B	0.7314759928867812		middle	secondary_endpoint_extension	operational endpoint-aligned recovery annotation; not primary model-audit evidence
Jurkat day 7	Jurkat	GTF2A1	0.974510966212211		middle	secondary_endpoint_extension	operational endpoint-aligned recovery annotation; not primary model-audit evidence
Jurkat day 7	Jurkat	GTF2E1	0.8909306461173682		middle	secondary_endpoint_extension	operational endpoint-aligned recovery annotation; not primary model-audit evidence
Jurkat day 7	Jurkat	GTF2E2	0.8488441019561351		middle	secondary_endpoint_extension	operational endpoint-aligned recovery annotation; not primary model-audit evidence
Jurkat day 7	Jurkat	GTF2F2	0.9093064611736811		middle	secondary_endpoint_extension	operational endpoint-aligned recovery annotation; not primary model-audit evidence
Jurkat day 7	Jurkat	GTF2H3	0.7901600474214582		middle	secondary_endpoint_extension	operational endpoint-aligned recovery annotation; not primary model-audit evidence
Jurkat day 7	Jurkat	GTF3A	0.8109069353882632		middle	secondary_endpoint_extension	operational endpoint-aligned recovery annotation; not primary model-audit evidence
Jurkat day 7	Jurkat	GTF3C1	0.966212211025489		middle	secondary_endpoint_extension	operational endpoint-aligned recovery annotation; not primary model-audit evidence
Jurkat day 7	Jurkat	GTF3C2	0.8251333728512151		middle	secondary_endpoint_extension	operational endpoint-aligned recovery annotation; not primary model-audit evidence
Jurkat day 7	Jurkat	GTF3C4	0.002963841138114997		middle	secondary_endpoint_extension	operational endpoint-aligned recovery annotation; not primary model-audit evidence
Jurkat day 7	Jurkat	GTF3C5	0.5601659751037344		middle	secondary_endpoint_extension	operational endpoint-aligned recovery annotation; not primary model-audit evidence
Jurkat day 7	Jurkat	GTF3C6	0.6152934202726734		middle	secondary_endpoint_extension	operational endpoint-aligned recovery annotation; not primary model-audit evidence
Jurkat day 7	Jurkat	GTPBP4	0.6810906935388263		middle	secondary_endpoint_extension	operational endpoint-aligned recovery annotation; not primary model-audit evidence
Jurkat day 7	Jurkat	GUK1	0.2673384706579727		middle	secondary_endpoint_extension	operational endpoint-aligned recovery annotation; not primary model-audit evidence
Jurkat day 7	Jurkat	HAMP	0.2957913455838767		middle	secondary_endpoint_extension	operational endpoint-aligned recovery annotation; not primary model-audit evidence
Jurkat day 7	Jurkat	HAPLN2	0.3272080616478957		middle	secondary_endpoint_extension	operational endpoint-aligned recovery annotation; not primary model-audit evidence
Jurkat day 7	Jurkat	HAUS4	0.7385892116182573		middle	secondary_endpoint_extension	operational endpoint-aligned recovery annotation; not primary model-audit evidence
Jurkat day 7	Jurkat	HAUS8	0.44872554831061057		middle	secondary_endpoint_extension	operational endpoint-aligned recovery annotation; not primary model-audit evidence
Jurkat day 7	Jurkat	HCRTR1	0.43805572021339656		middle	secondary_endpoint_extension	operational endpoint-aligned recovery annotation; not primary model-audit evidence
Jurkat day 7	Jurkat	HDAC3	0.5708358032009484		middle	secondary_endpoint_extension	operational endpoint-aligned recovery annotation; not primary model-audit evidence
Jurkat day 7	Jurkat	HDAC7	0.5903971547125074		middle	secondary_endpoint_extension	operational endpoint-aligned recovery annotation; not primary model-audit evidence
Jurkat day 7	Jurkat	HECTD1	0.4042679312388856		middle	secondary_endpoint_extension	operational endpoint-aligned recovery annotation; not primary model-audit evidence
Jurkat day 7	Jurkat	HERC1	0.45643153526970953		middle	secondary_endpoint_extension	operational endpoint-aligned recovery annotation; not primary model-audit evidence
Jurkat day 7	Jurkat	HEXIM1	0.6390041493775933		middle	secondary_endpoint_extension	operational endpoint-aligned recovery annotation; not primary model-audit evidence
Jurkat day 7	Jurkat	HINFP	0.6644931831653823		middle	secondary_endpoint_extension	operational endpoint-aligned recovery annotation; not primary model-audit evidence
Jurkat day 7	Jurkat	HIPK1	0.4220509780675756		middle	secondary_endpoint_extension	operational endpoint-aligned recovery annotation; not primary model-audit evidence
Jurkat day 7	Jurkat	HIRA	0.14759928867812686		middle	secondary_endpoint_extension	operational endpoint-aligned recovery annotation; not primary model-audit evidence
Jurkat day 7	Jurkat	HLA-C	0.26318909306461175		middle	secondary_endpoint_extension	operational endpoint-aligned recovery annotation; not primary model-audit evidence
Jurkat day 7	Jurkat	HMGA1	0.6816834617664493		middle	secondary_endpoint_extension	operational endpoint-aligned recovery annotation; not primary model-audit evidence
Jurkat day 7	Jurkat	HMGB1	0.1979845880260818		middle	secondary_endpoint_extension	operational endpoint-aligned recovery annotation; not primary model-audit evidence
Jurkat day 7	Jurkat	HMGN2	0.5737996443390634		middle	secondary_endpoint_extension	operational endpoint-aligned recovery annotation; not primary model-audit evidence
Jurkat day 7	Jurkat	HNRNPA1	0.3260225251926497		middle	secondary_endpoint_extension	operational endpoint-aligned recovery annotation; not primary model-audit evidence
Jurkat day 7	Jurkat	HNRNPDL	0.7202133965619443		middle	secondary_endpoint_extension	operational endpoint-aligned recovery annotation; not primary model-audit evidence
Jurkat day 7	Jurkat	HNRNPH1	0.7172495554238293		middle	secondary_endpoint_extension	operational endpoint-aligned recovery annotation; not primary model-audit evidence
Jurkat day 7	Jurkat	HNRNPL	0.35981031416716064		middle	secondary_endpoint_extension	operational endpoint-aligned recovery annotation; not primary model-audit evidence
Jurkat day 7	Jurkat	HNRNPR	0.4576170717249555		middle	secondary_endpoint_extension	operational endpoint-aligned recovery annotation; not primary model-audit evidence
Jurkat day 7	Jurkat	HOXA3	0.3366923532898637		middle	secondary_endpoint_extension	operational endpoint-aligned recovery annotation; not primary model-audit evidence
Jurkat day 7	Jurkat	HOXC10	0.5216360403082395		middle	secondary_endpoint_extension	operational endpoint-aligned recovery annotation; not primary model-audit evidence
Jurkat day 7	Jurkat	HS6ST1	0.03912270302311796		middle	secondary_endpoint_extension	operational endpoint-aligned recovery annotation; not primary model-audit evidence
Jurkat day 7	Jurkat	HSCB	0.0995850622406639		middle	secondary_endpoint_extension	operational endpoint-aligned recovery annotation; not primary model-audit evidence
Jurkat day 7	Jurkat	HSD17B10	0.005334914048606995		middle	secondary_endpoint_extension	operational endpoint-aligned recovery annotation; not primary model-audit evidence
Jurkat day 7	Jurkat	HSD17B12	0.00948429164196799		middle	secondary_endpoint_extension	operational endpoint-aligned recovery annotation; not primary model-audit evidence
Jurkat day 7	Jurkat	HSP90B1	0.10610551274451689		middle	secondary_endpoint_extension	operational endpoint-aligned recovery annotation; not primary model-audit evidence
Jurkat day 7	Jurkat	HSPA8	0.2697095435684647		middle	secondary_endpoint_extension	operational endpoint-aligned recovery annotation; not primary model-audit evidence
Jurkat day 7	Jurkat	HSPD1	0.6046235921754594		middle	secondary_endpoint_extension	operational endpoint-aligned recovery annotation; not primary model-audit evidence
Jurkat day 7	Jurkat	HTATSF1	0.4333135743924126		middle	secondary_endpoint_extension	operational endpoint-aligned recovery annotation; not primary model-audit evidence
Jurkat day 7	Jurkat	HUWE1	0.8043864848844102		middle	secondary_endpoint_extension	operational endpoint-aligned recovery annotation; not primary model-audit evidence
Jurkat day 7	Jurkat	HYPK	0.35447540011855366		middle	secondary_endpoint_extension	operational endpoint-aligned recovery annotation; not primary model-audit evidence
Jurkat day 7	Jurkat	IARS2	0.7208061647895673		middle	secondary_endpoint_extension	operational endpoint-aligned recovery annotation; not primary model-audit evidence
Jurkat day 7	Jurkat	ICE1	0.97628927089508		middle	secondary_endpoint_extension	operational endpoint-aligned recovery annotation; not primary model-audit evidence
Jurkat day 7	Jurkat	IFITM2	0.5726141078838174		middle	secondary_endpoint_extension	operational endpoint-aligned recovery annotation; not primary model-audit evidence
Jurkat day 7	Jurkat	IFITM3	0.27504445761707175		middle	secondary_endpoint_extension	operational endpoint-aligned recovery annotation; not primary model-audit evidence
Jurkat day 7	Jurkat	IGBP1	0.6449318316538234		middle	secondary_endpoint_extension	operational endpoint-aligned recovery annotation; not primary model-audit evidence
Jurkat day 7	Jurkat	ILF2	0.6461173681090694		middle	secondary_endpoint_extension	operational endpoint-aligned recovery annotation; not primary model-audit evidence
Jurkat day 7	Jurkat	ILF3	0.3657379964433906		middle	secondary_endpoint_extension	operational endpoint-aligned recovery annotation; not primary model-audit evidence
Jurkat day 7	Jurkat	IMPA2	0.7753408417308832		middle	secondary_endpoint_extension	operational endpoint-aligned recovery annotation; not primary model-audit evidence
Jurkat day 7	Jurkat	IMPDH2	0.6253704801422644		middle	secondary_endpoint_extension	operational endpoint-aligned recovery annotation; not primary model-audit evidence
Jurkat day 7	Jurkat	INF2	0.33195020746887965		middle	secondary_endpoint_extension	operational endpoint-aligned recovery annotation; not primary model-audit evidence
Jurkat day 7	Jurkat	ING3	0.2092471843509188		middle	secondary_endpoint_extension	operational endpoint-aligned recovery annotation; not primary model-audit evidence
Jurkat day 7	Jurkat	INO80	0.6822762299940723		middle	secondary_endpoint_extension	operational endpoint-aligned recovery annotation; not primary model-audit evidence
Jurkat day 7	Jurkat	INO80B	0.42857142857142855		middle	secondary_endpoint_extension	operational endpoint-aligned recovery annotation; not primary model-audit evidence
Jurkat day 7	Jurkat	INO80E	0.33432128037937164		middle	secondary_endpoint_extension	operational endpoint-aligned recovery annotation; not primary model-audit evidence
Jurkat day 7	Jurkat	INTS1	0.6532305868405454		middle	secondary_endpoint_extension	operational endpoint-aligned recovery annotation; not primary model-audit evidence
Jurkat day 7	Jurkat	INTS10	0.5755779490219324		middle	secondary_endpoint_extension	operational endpoint-aligned recovery annotation; not primary model-audit evidence
Jurkat day 7	Jurkat	INTS12	0.1938352104327208		middle	secondary_endpoint_extension	operational endpoint-aligned recovery annotation; not primary model-audit evidence
Jurkat day 7	Jurkat	INTS14	0.16775340841730882		middle	secondary_endpoint_extension	operational endpoint-aligned recovery annotation; not primary model-audit evidence
Jurkat day 7	Jurkat	INTS6	0.34736218138707764		middle	secondary_endpoint_extension	operational endpoint-aligned recovery annotation; not primary model-audit evidence
Jurkat day 7	Jurkat	IPO11	0.5251926496739775		middle	secondary_endpoint_extension	operational endpoint-aligned recovery annotation; not primary model-audit evidence
Jurkat day 7	Jurkat	IPO7	0.6976882039122703		middle	secondary_endpoint_extension	operational endpoint-aligned recovery annotation; not primary model-audit evidence
Jurkat day 7	Jurkat	IPO9	0.3005334914048607		middle	secondary_endpoint_extension	operational endpoint-aligned recovery annotation; not primary model-audit evidence
Jurkat day 7	Jurkat	IRF2BP2	0.35803200948429165		middle	secondary_endpoint_extension	operational endpoint-aligned recovery annotation; not primary model-audit evidence
Jurkat day 7	Jurkat	ISCA2	0.4030823947836396		middle	secondary_endpoint_extension	operational endpoint-aligned recovery annotation; not primary model-audit evidence
Jurkat day 7	Jurkat	ISCU	0.5530527563722585		middle	secondary_endpoint_extension	operational endpoint-aligned recovery annotation; not primary model-audit evidence
Jurkat day 7	Jurkat	JAZF1	0.3112033195020747		middle	secondary_endpoint_extension	operational endpoint-aligned recovery annotation; not primary model-audit evidence
Jurkat day 7	Jurkat	KANSL1	0.7729697688203913		middle	secondary_endpoint_extension	operational endpoint-aligned recovery annotation; not primary model-audit evidence
Jurkat day 7	Jurkat	KANSL2	0.951985773562537		middle	secondary_endpoint_extension	operational endpoint-aligned recovery annotation; not primary model-audit evidence
Jurkat day 7	Jurkat	KANSL3	0.7261410788381742		middle	secondary_endpoint_extension	operational endpoint-aligned recovery annotation; not primary model-audit evidence
Jurkat day 7	Jurkat	KAT7	0.7083580320094843		middle	secondary_endpoint_extension	operational endpoint-aligned recovery annotation; not primary model-audit evidence
Jurkat day 7	Jurkat	KAT8	0.6597510373443983		middle	secondary_endpoint_extension	operational endpoint-aligned recovery annotation; not primary model-audit evidence
Jurkat day 7	Jurkat	KATNB1	0.33254297569650265		middle	secondary_endpoint_extension	operational endpoint-aligned recovery annotation; not primary model-audit evidence
Jurkat day 7	Jurkat	KCMF1	0.4339063426200356		middle	secondary_endpoint_extension	operational endpoint-aligned recovery annotation; not primary model-audit evidence
Jurkat day 7	Jurkat	KCNA10	0.3888559573206876		middle	secondary_endpoint_extension	operational endpoint-aligned recovery annotation; not primary model-audit evidence
Jurkat day 7	Jurkat	KDM1A	0.29045643153526973		middle	secondary_endpoint_extension	operational endpoint-aligned recovery annotation; not primary model-audit evidence
Jurkat day 7	Jurkat	KDM2A	0.6004742145820984		middle	secondary_endpoint_extension	operational endpoint-aligned recovery annotation; not primary model-audit evidence
Jurkat day 7	Jurkat	KDM5C	0.2554831061055127		middle	secondary_endpoint_extension	operational endpoint-aligned recovery annotation; not primary model-audit evidence
Jurkat day 7	Jurkat	KDM8	0.43568464730290457		middle	secondary_endpoint_extension	operational endpoint-aligned recovery annotation; not primary model-audit evidence
Jurkat day 7	Jurkat	KEAP1	0.34795494961470064		middle	secondary_endpoint_extension	operational endpoint-aligned recovery annotation; not primary model-audit evidence
Jurkat day 7	Jurkat	KIAA0586	0.6010669828097214		middle	secondary_endpoint_extension	operational endpoint-aligned recovery annotation; not primary model-audit evidence
Jurkat day 7	Jurkat	KIAA1143	0.1037344398340249		middle	secondary_endpoint_extension	operational endpoint-aligned recovery annotation; not primary model-audit evidence
Jurkat day 7	Jurkat	KIF18B	0.6034380557202134		middle	secondary_endpoint_extension	operational endpoint-aligned recovery annotation; not primary model-audit evidence
Jurkat day 7	Jurkat	KIF4A	0.41375222288085356		middle	secondary_endpoint_extension	operational endpoint-aligned recovery annotation; not primary model-audit evidence
Jurkat day 7	Jurkat	KLC2	0.2951985773562537		middle	secondary_endpoint_extension	operational endpoint-aligned recovery annotation; not primary model-audit evidence
Jurkat day 7	Jurkat	KLF7	0.38352104327208064		middle	secondary_endpoint_extension	operational endpoint-aligned recovery annotation; not primary model-audit evidence
Jurkat day 7	Jurkat	KLHL11	0.1956135151155898		middle	secondary_endpoint_extension	operational endpoint-aligned recovery annotation; not primary model-audit evidence
Jurkat day 7	Jurkat	KPNA6	0.3876704208654416		middle	secondary_endpoint_extension	operational endpoint-aligned recovery annotation; not primary model-audit evidence
Jurkat day 7	Jurkat	KPNB1	0.33076467101363366		middle	secondary_endpoint_extension	operational endpoint-aligned recovery annotation; not primary model-audit evidence
Jurkat day 7	Jurkat	KRI1	0.6164789567279194		middle	secondary_endpoint_extension	operational endpoint-aligned recovery annotation; not primary model-audit evidence
Jurkat day 7	Jurkat	KRR1	0.8055720213396562		middle	secondary_endpoint_extension	operational endpoint-aligned recovery annotation; not primary model-audit evidence
Jurkat day 7	Jurkat	KTI12	0.08180201541197392		middle	secondary_endpoint_extension	operational endpoint-aligned recovery annotation; not primary model-audit evidence
Jurkat day 7	Jurkat	LAMTOR2	0.14641375222288086		middle	secondary_endpoint_extension	operational endpoint-aligned recovery annotation; not primary model-audit evidence
Jurkat day 7	Jurkat	LAMTOR3	0.4748073503260225		middle	secondary_endpoint_extension	operational endpoint-aligned recovery annotation; not primary model-audit evidence
Jurkat day 7	Jurkat	LAMTOR4	0.44161232957913454		middle	secondary_endpoint_extension	operational endpoint-aligned recovery annotation; not primary model-audit evidence
Jurkat day 7	Jurkat	LARS2	0.3230586840545347		middle	secondary_endpoint_extension	operational endpoint-aligned recovery annotation; not primary model-audit evidence
Jurkat day 7	Jurkat	LAS1L	0.6680497925311203		middle	secondary_endpoint_extension	operational endpoint-aligned recovery annotation; not primary model-audit evidence
Jurkat day 7	Jurkat	LCN10	0.2685240071132187		middle	secondary_endpoint_extension	operational endpoint-aligned recovery annotation; not primary model-audit evidence
Jurkat day 7	Jurkat	LDB1	0.2975696502667457		middle	secondary_endpoint_extension	operational endpoint-aligned recovery annotation; not primary model-audit evidence
Jurkat day 7	Jurkat	LEO1	0.5109662122110255		middle	secondary_endpoint_extension	operational endpoint-aligned recovery annotation; not primary model-audit evidence
Jurkat day 7	Jurkat	LETM1	0.3645524599881446		middle	secondary_endpoint_extension	operational endpoint-aligned recovery annotation; not primary model-audit evidence
Jurkat day 7	Jurkat	LIN54	0.07943094250148192		middle	secondary_endpoint_extension	operational endpoint-aligned recovery annotation; not primary model-audit evidence
Jurkat day 7	Jurkat	LPA	0.47777119146413755		middle	secondary_endpoint_extension	operational endpoint-aligned recovery annotation; not primary model-audit evidence
Jurkat day 7	Jurkat	LRP5	0.7492590397154713		middle	secondary_endpoint_extension	operational endpoint-aligned recovery annotation; not primary model-audit evidence
Jurkat day 7	Jurkat	LRPPRC	0.7421458209839953		middle	secondary_endpoint_extension	operational endpoint-aligned recovery annotation; not primary model-audit evidence
Jurkat day 7	Jurkat	LRR1	0.4712507409602845		middle	secondary_endpoint_extension	operational endpoint-aligned recovery annotation; not primary model-audit evidence
Jurkat day 7	Jurkat	LRRC37B	0.34854771784232363		middle	secondary_endpoint_extension	operational endpoint-aligned recovery annotation; not primary model-audit evidence
Jurkat day 7	Jurkat	LSG1	0.6413752222880854		middle	secondary_endpoint_extension	operational endpoint-aligned recovery annotation; not primary model-audit evidence
Jurkat day 7	Jurkat	LSM10	0.4179016004742146		middle	secondary_endpoint_extension	operational endpoint-aligned recovery annotation; not primary model-audit evidence
Jurkat day 7	Jurkat	LSM12	0.4155305275637226		middle	secondary_endpoint_extension	operational endpoint-aligned recovery annotation; not primary model-audit evidence
Jurkat day 7	Jurkat	LSM3	0.5311203319502075		middle	secondary_endpoint_extension	operational endpoint-aligned recovery annotation; not primary model-audit evidence
Jurkat day 7	Jurkat	LSM5	0.31950207468879666		middle	secondary_endpoint_extension	operational endpoint-aligned recovery annotation; not primary model-audit evidence
Jurkat day 7	Jurkat	LSM6	0.9270895080023711		middle	secondary_endpoint_extension	operational endpoint-aligned recovery annotation; not primary model-audit evidence
Jurkat day 7	Jurkat	LTBP3	0.0954356846473029		middle	secondary_endpoint_extension	operational endpoint-aligned recovery annotation; not primary model-audit evidence
Jurkat day 7	Jurkat	LTV1	0.8358032009484292		middle	secondary_endpoint_extension	operational endpoint-aligned recovery annotation; not primary model-audit evidence
Jurkat day 7	Jurkat	LURAP1	0.3378778897451097		middle	secondary_endpoint_extension	operational endpoint-aligned recovery annotation; not primary model-audit evidence
Jurkat day 7	Jurkat	MAGOH	0.3117960877296977		middle	secondary_endpoint_extension	operational endpoint-aligned recovery annotation; not primary model-audit evidence
Jurkat day 7	Jurkat	MALSU1	0.6988737403675163		middle	secondary_endpoint_extension	operational endpoint-aligned recovery annotation; not primary model-audit evidence
Jurkat day 7	Jurkat	MANF	0.1114404267931239		middle	secondary_endpoint_extension	operational endpoint-aligned recovery annotation; not primary model-audit evidence
Jurkat day 7	Jurkat	MARS2	0.3900414937759336		middle	secondary_endpoint_extension	operational endpoint-aligned recovery annotation; not primary model-audit evidence
Jurkat day 7	Jurkat	MASTL	0.5168938944872555		middle	secondary_endpoint_extension	operational endpoint-aligned recovery annotation; not primary model-audit evidence
Jurkat day 7	Jurkat	MAU2	0.994665085951393		middle	secondary_endpoint_extension	operational endpoint-aligned recovery annotation; not primary model-audit evidence
Jurkat day 7	Jurkat	MAX	0.9288678126852401		middle	secondary_endpoint_extension	operational endpoint-aligned recovery annotation; not primary model-audit evidence
Jurkat day 7	Jurkat	MBD3	0.15234143449911083		middle	secondary_endpoint_extension	operational endpoint-aligned recovery annotation; not primary model-audit evidence
Jurkat day 7	Jurkat	MBIP	0.6959098992294013		middle	secondary_endpoint_extension	operational endpoint-aligned recovery annotation; not primary model-audit evidence
Jurkat day 7	Jurkat	MBNL1	0.7415530527563723		middle	secondary_endpoint_extension	operational endpoint-aligned recovery annotation; not primary model-audit evidence
Jurkat day 7	Jurkat	MBTPS1	0.15056312981624184		middle	secondary_endpoint_extension	operational endpoint-aligned recovery annotation; not primary model-audit evidence
Jurkat day 7	Jurkat	MBTPS2	0.2815649081209247		middle	secondary_endpoint_extension	operational endpoint-aligned recovery annotation; not primary model-audit evidence
Jurkat day 7	Jurkat	MCM2	0.6478956727919384		middle	secondary_endpoint_extension	operational endpoint-aligned recovery annotation; not primary model-audit evidence
Jurkat day 7	Jurkat	MCM3	0.3959691760521636		middle	secondary_endpoint_extension	operational endpoint-aligned recovery annotation; not primary model-audit evidence
Jurkat day 7	Jurkat	MCM5	0.5411973918197984		middle	secondary_endpoint_extension	operational endpoint-aligned recovery annotation; not primary model-audit evidence
Jurkat day 7	Jurkat	MCM6	0.3058684054534677		middle	secondary_endpoint_extension	operational endpoint-aligned recovery annotation; not primary model-audit evidence
Jurkat day 7	Jurkat	MCMBP	0.5572021339656195		middle	secondary_endpoint_extension	operational endpoint-aligned recovery annotation; not primary model-audit evidence
Jurkat day 7	Jurkat	MED1	0.5417901600474214		middle	secondary_endpoint_extension	operational endpoint-aligned recovery annotation; not primary model-audit evidence
Jurkat day 7	Jurkat	MED11	0.992294013040901		middle	secondary_endpoint_extension	operational endpoint-aligned recovery annotation; not primary model-audit evidence
Jurkat day 7	Jurkat	MED12	0.13396561944279786		middle	secondary_endpoint_extension	operational endpoint-aligned recovery annotation; not primary model-audit evidence
Jurkat day 7	Jurkat	MED14	0.915234143449911		middle	secondary_endpoint_extension	operational endpoint-aligned recovery annotation; not primary model-audit evidence
Jurkat day 7	Jurkat	MED16	0.7338470657972732		middle	secondary_endpoint_extension	operational endpoint-aligned recovery annotation; not primary model-audit evidence
Jurkat day 7	Jurkat	MED18	0.6935388263189093		middle	secondary_endpoint_extension	operational endpoint-aligned recovery annotation; not primary model-audit evidence
Jurkat day 7	Jurkat	MED20	0.8032009484291642		middle	secondary_endpoint_extension	operational endpoint-aligned recovery annotation; not primary model-audit evidence
Jurkat day 7	Jurkat	MED21	0.999407231772377		middle	secondary_endpoint_extension	operational endpoint-aligned recovery annotation; not primary model-audit evidence
Jurkat day 7	Jurkat	MED22	0.949021932424422		middle	secondary_endpoint_extension	operational endpoint-aligned recovery annotation; not primary model-audit evidence
Jurkat day 7	Jurkat	MED26	0.7498518079430943		middle	secondary_endpoint_extension	operational endpoint-aligned recovery annotation; not primary model-audit evidence
Jurkat day 7	Jurkat	MED31	0.9590989922940131		middle	secondary_endpoint_extension	operational endpoint-aligned recovery annotation; not primary model-audit evidence
Jurkat day 7	Jurkat	MED4	0.978660343805572		middle	secondary_endpoint_extension	operational endpoint-aligned recovery annotation; not primary model-audit evidence
Jurkat day 7	Jurkat	MED8	0.8571428571428571		middle	secondary_endpoint_extension	operational endpoint-aligned recovery annotation; not primary model-audit evidence
Jurkat day 7	Jurkat	MED9	0.9869590989922941		middle	secondary_endpoint_extension	operational endpoint-aligned recovery annotation; not primary model-audit evidence
Jurkat day 7	Jurkat	MEIS3	0.9229401304090101		middle	secondary_endpoint_extension	operational endpoint-aligned recovery annotation; not primary model-audit evidence
Jurkat day 7	Jurkat	MEN1	0.42797866034380555		middle	secondary_endpoint_extension	operational endpoint-aligned recovery annotation; not primary model-audit evidence
Jurkat day 7	Jurkat	MEPCE	0.36870183758150565		middle	secondary_endpoint_extension	operational endpoint-aligned recovery annotation; not primary model-audit evidence
Jurkat day 7	Jurkat	METAP1	0.25370480142264373		middle	secondary_endpoint_extension	operational endpoint-aligned recovery annotation; not primary model-audit evidence
Jurkat day 7	Jurkat	METAP2	0.6372258446947243		middle	secondary_endpoint_extension	operational endpoint-aligned recovery annotation; not primary model-audit evidence
Jurkat day 7	Jurkat	METTL1	0.24540604623592174		middle	secondary_endpoint_extension	operational endpoint-aligned recovery annotation; not primary model-audit evidence
Jurkat day 7	Jurkat	METTL14	0.8796680497925311		middle	secondary_endpoint_extension	operational endpoint-aligned recovery annotation; not primary model-audit evidence
Jurkat day 7	Jurkat	METTL16	0.6241849436870184		middle	secondary_endpoint_extension	operational endpoint-aligned recovery annotation; not primary model-audit evidence
Jurkat day 7	Jurkat	METTL17	0.34499110847658565		middle	secondary_endpoint_extension	operational endpoint-aligned recovery annotation; not primary model-audit evidence
Jurkat day 7	Jurkat	METTL23	0.18553645524599882		middle	secondary_endpoint_extension	operational endpoint-aligned recovery annotation; not primary model-audit evidence
Jurkat day 7	Jurkat	METTL3	0.6395969176052163		middle	secondary_endpoint_extension	operational endpoint-aligned recovery annotation; not primary model-audit evidence
Jurkat day 7	Jurkat	MEX3A	0.6147006520450504		middle	secondary_endpoint_extension	operational endpoint-aligned recovery annotation; not primary model-audit evidence
Jurkat day 7	Jurkat	MFN2	0.05868405453467694		middle	secondary_endpoint_extension	operational endpoint-aligned recovery annotation; not primary model-audit evidence
Jurkat day 7	Jurkat	MIOS	0.7344398340248963		middle	secondary_endpoint_extension	operational endpoint-aligned recovery annotation; not primary model-audit evidence
Jurkat day 7	Jurkat	MIPEP	0.18494368701837582		middle	secondary_endpoint_extension	operational endpoint-aligned recovery annotation; not primary model-audit evidence
Jurkat day 7	Jurkat	MIS18A	0.44813278008298757		middle	secondary_endpoint_extension	operational endpoint-aligned recovery annotation; not primary model-audit evidence
Jurkat day 7	Jurkat	MLLT6	0.7368109069353883		middle	secondary_endpoint_extension	operational endpoint-aligned recovery annotation; not primary model-audit evidence
Jurkat day 7	Jurkat	MLST8	0.6911677534084173		middle	secondary_endpoint_extension	operational endpoint-aligned recovery annotation; not primary model-audit evidence
Jurkat day 7	Jurkat	MMGT1	0.6064018968583283		middle	secondary_endpoint_extension	operational endpoint-aligned recovery annotation; not primary model-audit evidence
Jurkat day 7	Jurkat	MMP17	0.7540011855364552		middle	secondary_endpoint_extension	operational endpoint-aligned recovery annotation; not primary model-audit evidence
Jurkat day 7	Jurkat	MMS19	0.2993479549496147		middle	secondary_endpoint_extension	operational endpoint-aligned recovery annotation; not primary model-audit evidence
Jurkat day 7	Jurkat	MOB4	0.2987551867219917		middle	secondary_endpoint_extension	operational endpoint-aligned recovery annotation; not primary model-audit evidence
Jurkat day 7	Jurkat	MOCS3	0.5097806757557795		middle	secondary_endpoint_extension	operational endpoint-aligned recovery annotation; not primary model-audit evidence
Jurkat day 7	Jurkat	MOG	0.47717842323651455		middle	secondary_endpoint_extension	operational endpoint-aligned recovery annotation; not primary model-audit evidence
Jurkat day 7	Jurkat	MOK	0.5696502667457024		middle	secondary_endpoint_extension	operational endpoint-aligned recovery annotation; not primary model-audit evidence
Jurkat day 7	Jurkat	MPG	0.7350326022525193		middle	secondary_endpoint_extension	operational endpoint-aligned recovery annotation; not primary model-audit evidence
Jurkat day 7	Jurkat	MRGBP	0.42382928275044457		middle	secondary_endpoint_extension	operational endpoint-aligned recovery annotation; not primary model-audit evidence
Jurkat day 7	Jurkat	MRPL1	0.2827504445761707		middle	secondary_endpoint_extension	operational endpoint-aligned recovery annotation; not primary model-audit evidence
Jurkat day 7	Jurkat	MRPL10	0.4309425014819206		middle	secondary_endpoint_extension	operational endpoint-aligned recovery annotation; not primary model-audit evidence
Jurkat day 7	Jurkat	MRPL13	0.7302904564315352		middle	secondary_endpoint_extension	operational endpoint-aligned recovery annotation; not primary model-audit evidence
Jurkat day 7	Jurkat	MRPL14	0.5281564908120925		middle	secondary_endpoint_extension	operational endpoint-aligned recovery annotation; not primary model-audit evidence
Jurkat day 7	Jurkat	MRPL15	0.5494961470065205		middle	secondary_endpoint_extension	operational endpoint-aligned recovery annotation; not primary model-audit evidence
Jurkat day 7	Jurkat	MRPL16	0.2732661529342027		middle	secondary_endpoint_extension	operational endpoint-aligned recovery annotation; not primary model-audit evidence
Jurkat day 7	Jurkat	MRPL17	0.5074096028452875		middle	secondary_endpoint_extension	operational endpoint-aligned recovery annotation; not primary model-audit evidence
Jurkat day 7	Jurkat	MRPL18	0.6473029045643154		middle	secondary_endpoint_extension	operational endpoint-aligned recovery annotation; not primary model-audit evidence
Jurkat day 7	Jurkat	MRPL19	0.6781268524007114		middle	secondary_endpoint_extension	operational endpoint-aligned recovery annotation; not primary model-audit evidence
Jurkat day 7	Jurkat	MRPL2	0.6283343212803794		middle	secondary_endpoint_extension	operational endpoint-aligned recovery annotation; not primary model-audit evidence
Jurkat day 7	Jurkat	MRPL20	0.6508595139300534		middle	secondary_endpoint_extension	operational endpoint-aligned recovery annotation; not primary model-audit evidence
Jurkat day 7	Jurkat	MRPL23	0.5145228215767634		middle	secondary_endpoint_extension	operational endpoint-aligned recovery annotation; not primary model-audit evidence
Jurkat day 7	Jurkat	MRPL24	0.4054534676941316		middle	secondary_endpoint_extension	operational endpoint-aligned recovery annotation; not primary model-audit evidence
Jurkat day 7	Jurkat	MRPL27	0.26259632483698875		middle	secondary_endpoint_extension	operational endpoint-aligned recovery annotation; not primary model-audit evidence
Jurkat day 7	Jurkat	MRPL28	0.3965619442797866		middle	secondary_endpoint_extension	operational endpoint-aligned recovery annotation; not primary model-audit evidence
Jurkat day 7	Jurkat	MRPL3	0.30409010077059867		middle	secondary_endpoint_extension	operational endpoint-aligned recovery annotation; not primary model-audit evidence
Jurkat day 7	Jurkat	MRPL33	0.4878482513337285		middle	secondary_endpoint_extension	operational endpoint-aligned recovery annotation; not primary model-audit evidence
Jurkat day 7	Jurkat	MRPL34	0.5133372851215174		middle	secondary_endpoint_extension	operational endpoint-aligned recovery annotation; not primary model-audit evidence
Jurkat day 7	Jurkat	MRPL35	0.0978067575577949		middle	secondary_endpoint_extension	operational endpoint-aligned recovery annotation; not primary model-audit evidence
Jurkat day 7	Jurkat	MRPL36	0.01896858328393598		middle	secondary_endpoint_extension	operational endpoint-aligned recovery annotation; not primary model-audit evidence
Jurkat day 7	Jurkat	MRPL37	0.5340841730883225		middle	secondary_endpoint_extension	operational endpoint-aligned recovery annotation; not primary model-audit evidence
Jurkat day 7	Jurkat	MRPL38	0.4297569650266746		middle	secondary_endpoint_extension	operational endpoint-aligned recovery annotation; not primary model-audit evidence
Jurkat day 7	Jurkat	MRPL39	0.2151748666271488		middle	secondary_endpoint_extension	operational endpoint-aligned recovery annotation; not primary model-audit evidence
Jurkat day 7	Jurkat	MRPL4	0.5091879075281565		middle	secondary_endpoint_extension	operational endpoint-aligned recovery annotation; not primary model-audit evidence
Jurkat day 7	Jurkat	MRPL41	0.37285121517486663		middle	secondary_endpoint_extension	operational endpoint-aligned recovery annotation; not primary model-audit evidence
Jurkat day 7	Jurkat	MRPL42	0.5240071132187315		middle	secondary_endpoint_extension	operational endpoint-aligned recovery annotation; not primary model-audit evidence
Jurkat day 7	Jurkat	MRPL44	0.6235921754593954		middle	secondary_endpoint_extension	operational endpoint-aligned recovery annotation; not primary model-audit evidence
Jurkat day 7	Jurkat	MRPL46	0.46591582691167754		middle	secondary_endpoint_extension	operational endpoint-aligned recovery annotation; not primary model-audit evidence
Jurkat day 7	Jurkat	MRPL49	0.9010077059869591		middle	secondary_endpoint_extension	operational endpoint-aligned recovery annotation; not primary model-audit evidence
Jurkat day 7	Jurkat	MRPL50	0.43687018375815057		middle	secondary_endpoint_extension	operational endpoint-aligned recovery annotation; not primary model-audit evidence
Jurkat day 7	Jurkat	MRPL53	0.48014226437462953		middle	secondary_endpoint_extension	operational endpoint-aligned recovery annotation; not primary model-audit evidence
Jurkat day 7	Jurkat	MRPL54	0.15649081209247184		middle	secondary_endpoint_extension	operational endpoint-aligned recovery annotation; not primary model-audit evidence
Jurkat day 7	Jurkat	MRPL9	0.4700652045050385		middle	secondary_endpoint_extension	operational endpoint-aligned recovery annotation; not primary model-audit evidence
Jurkat day 7	Jurkat	MRPS10	0.3633669235328986		middle	secondary_endpoint_extension	operational endpoint-aligned recovery annotation; not primary model-audit evidence
Jurkat day 7	Jurkat	MRPS11	0.4167160640189686		middle	secondary_endpoint_extension	operational endpoint-aligned recovery annotation; not primary model-audit evidence
Jurkat day 7	Jurkat	MRPS12	0.6069946650859513		middle	secondary_endpoint_extension	operational endpoint-aligned recovery annotation; not primary model-audit evidence
Jurkat day 7	Jurkat	MRPS16	0.16716064018968582		middle	secondary_endpoint_extension	operational endpoint-aligned recovery annotation; not primary model-audit evidence
Jurkat day 7	Jurkat	MRPS17	0.34202726733847066		middle	secondary_endpoint_extension	operational endpoint-aligned recovery annotation; not primary model-audit evidence
Jurkat day 7	Jurkat	MRPS18A	0.6075874333135743		middle	secondary_endpoint_extension	operational endpoint-aligned recovery annotation; not primary model-audit evidence
Jurkat day 7	Jurkat	MRPS18C	0.6301126259632484		middle	secondary_endpoint_extension	operational endpoint-aligned recovery annotation; not primary model-audit evidence
Jurkat day 7	Jurkat	MRPS2	0.4919976289270895		middle	secondary_endpoint_extension	operational endpoint-aligned recovery annotation; not primary model-audit evidence
Jurkat day 7	Jurkat	MRPS22	0.5394190871369294		middle	secondary_endpoint_extension	operational endpoint-aligned recovery annotation; not primary model-audit evidence
Jurkat day 7	Jurkat	MRPS23	0.45168938944872555		middle	secondary_endpoint_extension	operational endpoint-aligned recovery annotation; not primary model-audit evidence
Jurkat day 7	Jurkat	MRPS25	0.3236514522821577		middle	secondary_endpoint_extension	operational endpoint-aligned recovery annotation; not primary model-audit evidence
Jurkat day 7	Jurkat	MRPS26	0.3212803793716657		middle	secondary_endpoint_extension	operational endpoint-aligned recovery annotation; not primary model-audit evidence
Jurkat day 7	Jurkat	MRPS27	0.3918197984588026		middle	secondary_endpoint_extension	operational endpoint-aligned recovery annotation; not primary model-audit evidence
Jurkat day 7	Jurkat	MRPS28	0.6710136336692353		middle	secondary_endpoint_extension	operational endpoint-aligned recovery annotation; not primary model-audit evidence
Jurkat day 7	Jurkat	MRPS30	0.6224066390041494		middle	secondary_endpoint_extension	operational endpoint-aligned recovery annotation; not primary model-audit evidence
Jurkat day 7	Jurkat	MRPS31	0.6093657379964433		middle	secondary_endpoint_extension	operational endpoint-aligned recovery annotation; not primary model-audit evidence
Jurkat day 7	Jurkat	MRPS33	0.5459395376407824		middle	secondary_endpoint_extension	operational endpoint-aligned recovery annotation; not primary model-audit evidence
Jurkat day 7	Jurkat	MRPS34	0.16301126259632484		middle	secondary_endpoint_extension	operational endpoint-aligned recovery annotation; not primary model-audit evidence
Jurkat day 7	Jurkat	MRPS35	0.26556016597510373		middle	secondary_endpoint_extension	operational endpoint-aligned recovery annotation; not primary model-audit evidence
Jurkat day 7	Jurkat	MRPS5	0.1890930646117368		middle	secondary_endpoint_extension	operational endpoint-aligned recovery annotation; not primary model-audit evidence
Jurkat day 7	Jurkat	MRPS6	0.27860106698280973		middle	secondary_endpoint_extension	operational endpoint-aligned recovery annotation; not primary model-audit evidence
Jurkat day 7	Jurkat	MRPS7	0.28986366330764674		middle	secondary_endpoint_extension	operational endpoint-aligned recovery annotation; not primary model-audit evidence
Jurkat day 7	Jurkat	MRPS9	0.24362774155305275		middle	secondary_endpoint_extension	operational endpoint-aligned recovery annotation; not primary model-audit evidence
Jurkat day 7	Jurkat	MRTO4	0.7966804979253111		middle	secondary_endpoint_extension	operational endpoint-aligned recovery annotation; not primary model-audit evidence
Jurkat day 7	Jurkat	MSL1	0.4208654416123296		middle	secondary_endpoint_extension	operational endpoint-aligned recovery annotation; not primary model-audit evidence
Jurkat day 7	Jurkat	MT2A	0.4321280379371666		middle	secondary_endpoint_extension	operational endpoint-aligned recovery annotation; not primary model-audit evidence
Jurkat day 7	Jurkat	MTBP	0.6366330764671013		middle	secondary_endpoint_extension	operational endpoint-aligned recovery annotation; not primary model-audit evidence
Jurkat day 7	Jurkat	MTCP1	0.5512744516893895		middle	secondary_endpoint_extension	operational endpoint-aligned recovery annotation; not primary model-audit evidence
Jurkat day 7	Jurkat	MTG2	0.14582098399525786		middle	secondary_endpoint_extension	operational endpoint-aligned recovery annotation; not primary model-audit evidence
Jurkat day 7	Jurkat	MTOR	0.943687018375815		middle	secondary_endpoint_extension	operational endpoint-aligned recovery annotation; not primary model-audit evidence
Jurkat day 7	Jurkat	MVD	0.5820983995257855		middle	secondary_endpoint_extension	operational endpoint-aligned recovery annotation; not primary model-audit evidence
Jurkat day 7	Jurkat	MYO1H	0.2157676348547718		middle	secondary_endpoint_extension	operational endpoint-aligned recovery annotation; not primary model-audit evidence
Jurkat day 7	Jurkat	MZF1	0.24599881446354474		middle	secondary_endpoint_extension	operational endpoint-aligned recovery annotation; not primary model-audit evidence
Jurkat day 7	Jurkat	NAA15	0.5892116182572614		middle	secondary_endpoint_extension	operational endpoint-aligned recovery annotation; not primary model-audit evidence
Jurkat day 7	Jurkat	NAA20	0.5607587433313574		middle	secondary_endpoint_extension	operational endpoint-aligned recovery annotation; not primary model-audit evidence
Jurkat day 7	Jurkat	NAA25	0.4475400118553646		middle	secondary_endpoint_extension	operational endpoint-aligned recovery annotation; not primary model-audit evidence
Jurkat day 7	Jurkat	NAA30	0.5115589804386484		middle	secondary_endpoint_extension	operational endpoint-aligned recovery annotation; not primary model-audit evidence
Jurkat day 7	Jurkat	NAA35	0.07053941908713693		middle	secondary_endpoint_extension	operational endpoint-aligned recovery annotation; not primary model-audit evidence
Jurkat day 7	Jurkat	NAA50	0.6609365737996443		middle	secondary_endpoint_extension	operational endpoint-aligned recovery annotation; not primary model-audit evidence
Jurkat day 7	Jurkat	NACA	0.9555423829282751		middle	secondary_endpoint_extension	operational endpoint-aligned recovery annotation; not primary model-audit evidence
Jurkat day 7	Jurkat	NAF1	0.25903971547125076		middle	secondary_endpoint_extension	operational endpoint-aligned recovery annotation; not primary model-audit evidence
Jurkat day 7	Jurkat	NAGLU	0.033787788974510964		middle	secondary_endpoint_extension	operational endpoint-aligned recovery annotation; not primary model-audit evidence
Jurkat day 7	Jurkat	NAPA	0.6799051570835803		middle	secondary_endpoint_extension	operational endpoint-aligned recovery annotation; not primary model-audit evidence
Jurkat day 7	Jurkat	NARS2	0.03556609365737996		middle	secondary_endpoint_extension	operational endpoint-aligned recovery annotation; not primary model-audit evidence
Jurkat day 7	Jurkat	NASP	0.24836988737403676		middle	secondary_endpoint_extension	operational endpoint-aligned recovery annotation; not primary model-audit evidence
Jurkat day 7	Jurkat	NBAS	0.41197391819798457		middle	secondary_endpoint_extension	operational endpoint-aligned recovery annotation; not primary model-audit evidence
Jurkat day 7	Jurkat	NBEAL1	0.0877296976882039		middle	secondary_endpoint_extension	operational endpoint-aligned recovery annotation; not primary model-audit evidence
Jurkat day 7	Jurkat	NBPF3	0.3521043272080617		middle	secondary_endpoint_extension	operational endpoint-aligned recovery annotation; not primary model-audit evidence
Jurkat day 7	Jurkat	NCAPD2	0.43924125666864255		middle	secondary_endpoint_extension	operational endpoint-aligned recovery annotation; not primary model-audit evidence
Jurkat day 7	Jurkat	NCAPD3	0.25133372851215174		middle	secondary_endpoint_extension	operational endpoint-aligned recovery annotation; not primary model-audit evidence
Jurkat day 7	Jurkat	NCAPH2	0.38648488441019563		middle	secondary_endpoint_extension	operational endpoint-aligned recovery annotation; not primary model-audit evidence
Jurkat day 7	Jurkat	NCKAP1	0.3924125666864256		middle	secondary_endpoint_extension	operational endpoint-aligned recovery annotation; not primary model-audit evidence
Jurkat day 7	Jurkat	NCL	0.2886781268524007		middle	secondary_endpoint_extension	operational endpoint-aligned recovery annotation; not primary model-audit evidence
Jurkat day 7	Jurkat	NCOA4	0.5328986366330765		middle	secondary_endpoint_extension	operational endpoint-aligned recovery annotation; not primary model-audit evidence
Jurkat day 7	Jurkat	NDC1	0.2039122703023118		middle	secondary_endpoint_extension	operational endpoint-aligned recovery annotation; not primary model-audit evidence
Jurkat day 7	Jurkat	NDOR1	0.44339063426200354		middle	secondary_endpoint_extension	operational endpoint-aligned recovery annotation; not primary model-audit evidence
Jurkat day 7	Jurkat	NDUFA11	0.5826911677534085		middle	secondary_endpoint_extension	operational endpoint-aligned recovery annotation; not primary model-audit evidence
Jurkat day 7	Jurkat	NDUFA3	0.4202726733847066		middle	secondary_endpoint_extension	operational endpoint-aligned recovery annotation; not primary model-audit evidence
Jurkat day 7	Jurkat	NDUFA4	0.33550681683461764		middle	secondary_endpoint_extension	operational endpoint-aligned recovery annotation; not primary model-audit evidence
Jurkat day 7	Jurkat	NDUFA6	0.35743924125666865		middle	secondary_endpoint_extension	operational endpoint-aligned recovery annotation; not primary model-audit evidence
Jurkat day 7	Jurkat	NDUFAB1	0.33135743924125666		middle	secondary_endpoint_extension	operational endpoint-aligned recovery annotation; not primary model-audit evidence
Jurkat day 7	Jurkat	NDUFAF3	0.42738589211618255		middle	secondary_endpoint_extension	operational endpoint-aligned recovery annotation; not primary model-audit evidence
Jurkat day 7	Jurkat	NDUFB3	0.17723770005927683		middle	secondary_endpoint_extension	operational endpoint-aligned recovery annotation; not primary model-audit evidence
Jurkat day 7	Jurkat	NDUFB4	0.3224659158269117		middle	secondary_endpoint_extension	operational endpoint-aligned recovery annotation; not primary model-audit evidence
Jurkat day 7	Jurkat	NDUFB6	0.4825133372851215		middle	secondary_endpoint_extension	operational endpoint-aligned recovery annotation; not primary model-audit evidence
Jurkat day 7	Jurkat	NDUFB7	0.5915826911677534		middle	secondary_endpoint_extension	operational endpoint-aligned recovery annotation; not primary model-audit evidence
Jurkat day 7	Jurkat	NDUFB8	0.5204505038529935		middle	secondary_endpoint_extension	operational endpoint-aligned recovery annotation; not primary model-audit evidence
Jurkat day 7	Jurkat	NDUFS3	0.4991108476585655		middle	secondary_endpoint_extension	operational endpoint-aligned recovery annotation; not primary model-audit evidence
Jurkat day 7	Jurkat	NDUFS5	0.33017190278601066		middle	secondary_endpoint_extension	operational endpoint-aligned recovery annotation; not primary model-audit evidence
Jurkat day 7	Jurkat	NDUFV2	0.7279193835210432		middle	secondary_endpoint_extension	operational endpoint-aligned recovery annotation; not primary model-audit evidence
Jurkat day 7	Jurkat	NELFA	0.7717842323651453		middle	secondary_endpoint_extension	operational endpoint-aligned recovery annotation; not primary model-audit evidence
Jurkat day 7	Jurkat	NELFB	0.6840545346769413		middle	secondary_endpoint_extension	operational endpoint-aligned recovery annotation; not primary model-audit evidence
Jurkat day 7	Jurkat	NELFCD	0.7510373443983402		middle	secondary_endpoint_extension	operational endpoint-aligned recovery annotation; not primary model-audit evidence
Jurkat day 7	Jurkat	NELFE	0.7545939537640782		middle	secondary_endpoint_extension	operational endpoint-aligned recovery annotation; not primary model-audit evidence
Jurkat day 7	Jurkat	NF1	0.5269709543568465		middle	secondary_endpoint_extension	operational endpoint-aligned recovery annotation; not primary model-audit evidence
Jurkat day 7	Jurkat	NFKBIE	0.7024303497332542		middle	secondary_endpoint_extension	operational endpoint-aligned recovery annotation; not primary model-audit evidence
Jurkat day 7	Jurkat	NHLRC2	0.31890930646117366		middle	secondary_endpoint_extension	operational endpoint-aligned recovery annotation; not primary model-audit evidence
Jurkat day 7	Jurkat	NHP2	0.5548310610551275		middle	secondary_endpoint_extension	operational endpoint-aligned recovery annotation; not primary model-audit evidence
Jurkat day 7	Jurkat	NISCH	0.12744516893894486		middle	secondary_endpoint_extension	operational endpoint-aligned recovery annotation; not primary model-audit evidence
Jurkat day 7	Jurkat	NKAP	0.9282750444576171		middle	secondary_endpoint_extension	operational endpoint-aligned recovery annotation; not primary model-audit evidence
Jurkat day 7	Jurkat	NLE1	0.7433313574392413		middle	secondary_endpoint_extension	operational endpoint-aligned recovery annotation; not primary model-audit evidence
Jurkat day 7	Jurkat	NMD3	0.8186129223473622		middle	secondary_endpoint_extension	operational endpoint-aligned recovery annotation; not primary model-audit evidence
Jurkat day 7	Jurkat	NMT1	0.7142857142857143		middle	secondary_endpoint_extension	operational endpoint-aligned recovery annotation; not primary model-audit evidence
Jurkat day 7	Jurkat	NOB1	0.6040308239478364		middle	secondary_endpoint_extension	operational endpoint-aligned recovery annotation; not primary model-audit evidence
Jurkat day 7	Jurkat	NOC3L	0.7255483106105513		middle	secondary_endpoint_extension	operational endpoint-aligned recovery annotation; not primary model-audit evidence
Jurkat day 7	Jurkat	NOC4L	0.6668642560758743		middle	secondary_endpoint_extension	operational endpoint-aligned recovery annotation; not primary model-audit evidence
Jurkat day 7	Jurkat	NOL11	0.8352104327208062		middle	secondary_endpoint_extension	operational endpoint-aligned recovery annotation; not primary model-audit evidence
Jurkat day 7	Jurkat	NOL12	0.6467101363366924		middle	secondary_endpoint_extension	operational endpoint-aligned recovery annotation; not primary model-audit evidence
Jurkat day 7	Jurkat	NOL7	0.3100177830468287		middle	secondary_endpoint_extension	operational endpoint-aligned recovery annotation; not primary model-audit evidence
Jurkat day 7	Jurkat	NOL8	0.7285121517486662		middle	secondary_endpoint_extension	operational endpoint-aligned recovery annotation; not primary model-audit evidence
Jurkat day 7	Jurkat	NOL9	0.8844101956135151		middle	secondary_endpoint_extension	operational endpoint-aligned recovery annotation; not primary model-audit evidence
Jurkat day 7	Jurkat	NOLC1	0.46532305868405455		middle	secondary_endpoint_extension	operational endpoint-aligned recovery annotation; not primary model-audit evidence
Jurkat day 7	Jurkat	NOM1	0.6733847065797274		middle	secondary_endpoint_extension	operational endpoint-aligned recovery annotation; not primary model-audit evidence
Jurkat day 7	Jurkat	NOMO1	0.3266152934202727		middle	secondary_endpoint_extension	operational endpoint-aligned recovery annotation; not primary model-audit evidence
Jurkat day 7	Jurkat	NOP14	0.5577949021932425		middle	secondary_endpoint_extension	operational endpoint-aligned recovery annotation; not primary model-audit evidence
Jurkat day 7	Jurkat	NOP56	0.5388263189093064		middle	secondary_endpoint_extension	operational endpoint-aligned recovery annotation; not primary model-audit evidence
Jurkat day 7	Jurkat	NOP9	0.13692946058091288		middle	secondary_endpoint_extension	operational endpoint-aligned recovery annotation; not primary model-audit evidence
Jurkat day 7	Jurkat	NOS1AP	0.19264967397747482		middle	secondary_endpoint_extension	operational endpoint-aligned recovery annotation; not primary model-audit evidence
Jurkat day 7	Jurkat	NPB	0.14048606994665086		middle	secondary_endpoint_extension	operational endpoint-aligned recovery annotation; not primary model-audit evidence
Jurkat day 7	Jurkat	NPEPPS	0.11855364552459988		middle	secondary_endpoint_extension	operational endpoint-aligned recovery annotation; not primary model-audit evidence
Jurkat day 7	Jurkat	NPLOC4	0.8879668049792531		middle	secondary_endpoint_extension	operational endpoint-aligned recovery annotation; not primary model-audit evidence
Jurkat day 7	Jurkat	NPM3	0.5435684647302904		middle	secondary_endpoint_extension	operational endpoint-aligned recovery annotation; not primary model-audit evidence
Jurkat day 7	Jurkat	NR2C2AP	0.5749851807943094		middle	secondary_endpoint_extension	operational endpoint-aligned recovery annotation; not primary model-audit evidence
Jurkat day 7	Jurkat	NRF1	0.8464730290456431		middle	secondary_endpoint_extension	operational endpoint-aligned recovery annotation; not primary model-audit evidence
Jurkat day 7	Jurkat	NSF	0.6324836988737403		middle	secondary_endpoint_extension	operational endpoint-aligned recovery annotation; not primary model-audit evidence
Jurkat day 7	Jurkat	NSMCE2	0.3805572021339656		middle	secondary_endpoint_extension	operational endpoint-aligned recovery annotation; not primary model-audit evidence
Jurkat day 7	Jurkat	NUB1	0.46235921754593956		middle	secondary_endpoint_extension	operational endpoint-aligned recovery annotation; not primary model-audit evidence
Jurkat day 7	Jurkat	NUBP2	0.3076467101363367		middle	secondary_endpoint_extension	operational endpoint-aligned recovery annotation; not primary model-audit evidence
Jurkat day 7	Jurkat	NUDC	0.13337285121517486		middle	secondary_endpoint_extension	operational endpoint-aligned recovery annotation; not primary model-audit evidence
Jurkat day 7	Jurkat	NUDCD3	0.5334914048606995		middle	secondary_endpoint_extension	operational endpoint-aligned recovery annotation; not primary model-audit evidence
Jurkat day 7	Jurkat	NUFIP1	0.6633076467101363		middle	secondary_endpoint_extension	operational endpoint-aligned recovery annotation; not primary model-audit evidence
Jurkat day 7	Jurkat	NUMA1	0.978067575577949		middle	secondary_endpoint_extension	operational endpoint-aligned recovery annotation; not primary model-audit evidence
Jurkat day 7	Jurkat	NUP35	0.3746295198577356		middle	secondary_endpoint_extension	operational endpoint-aligned recovery annotation; not primary model-audit evidence
Jurkat day 7	Jurkat	NUP43	0.6437462951985774		middle	secondary_endpoint_extension	operational endpoint-aligned recovery annotation; not primary model-audit evidence
Jurkat day 7	Jurkat	NUS1	0.36099585062240663		middle	secondary_endpoint_extension	operational endpoint-aligned recovery annotation; not primary model-audit evidence
Jurkat day 7	Jurkat	NVL	0.6698280972139893		middle	secondary_endpoint_extension	operational endpoint-aligned recovery annotation; not primary model-audit evidence
Jurkat day 7	Jurkat	OIP5	0.16064018968583285		middle	secondary_endpoint_extension	operational endpoint-aligned recovery annotation; not primary model-audit evidence
Jurkat day 7	Jurkat	OLFML3	0.2033195020746888		middle	secondary_endpoint_extension	operational endpoint-aligned recovery annotation; not primary model-audit evidence
Jurkat day 7	Jurkat	OPA1	0.32957913455838767		middle	secondary_endpoint_extension	operational endpoint-aligned recovery annotation; not primary model-audit evidence
Jurkat day 7	Jurkat	OR1D2	0.49259039715471253		middle	secondary_endpoint_extension	operational endpoint-aligned recovery annotation; not primary model-audit evidence
Jurkat day 7	Jurkat	OR1E2	0.07587433313574392		middle	secondary_endpoint_extension	operational endpoint-aligned recovery annotation; not primary model-audit evidence
Jurkat day 7	Jurkat	OR2T29	0.3811499703615886		middle	secondary_endpoint_extension	operational endpoint-aligned recovery annotation; not primary model-audit evidence
Jurkat day 7	Jurkat	OR2T5	0.21873147599288678		middle	secondary_endpoint_extension	operational endpoint-aligned recovery annotation; not primary model-audit evidence
Jurkat day 7	Jurkat	OR4K1	0.3799644339063426		middle	secondary_endpoint_extension	operational endpoint-aligned recovery annotation; not primary model-audit evidence
Jurkat day 7	Jurkat	OR4N2	0.43627741553052757		middle	secondary_endpoint_extension	operational endpoint-aligned recovery annotation; not primary model-audit evidence
Jurkat day 7	Jurkat	OR7A17	0.2821576763485477		middle	secondary_endpoint_extension	operational endpoint-aligned recovery annotation; not primary model-audit evidence
Jurkat day 7	Jurkat	ORC3	0.5210432720806165		middle	secondary_endpoint_extension	operational endpoint-aligned recovery annotation; not primary model-audit evidence
Jurkat day 7	Jurkat	ORC6	0.7397747480735033		middle	secondary_endpoint_extension	operational endpoint-aligned recovery annotation; not primary model-audit evidence
Jurkat day 7	Jurkat	OSGEP	0.3515115589804386		middle	secondary_endpoint_extension	operational endpoint-aligned recovery annotation; not primary model-audit evidence
Jurkat day 7	Jurkat	OSTC	0.34321280379371666		middle	secondary_endpoint_extension	operational endpoint-aligned recovery annotation; not primary model-audit evidence
Jurkat day 7	Jurkat	OTOP1	0.15589804386484885		middle	secondary_endpoint_extension	operational endpoint-aligned recovery annotation; not primary model-audit evidence
Jurkat day 7	Jurkat	OTX1	0.3070539419087137		middle	secondary_endpoint_extension	operational endpoint-aligned recovery annotation; not primary model-audit evidence
Jurkat day 7	Jurkat	OVCA2	0.34024896265560167		middle	secondary_endpoint_extension	operational endpoint-aligned recovery annotation; not primary model-audit evidence
Jurkat day 7	Jurkat	OXA1L	0.7954949614700652		middle	secondary_endpoint_extension	operational endpoint-aligned recovery annotation; not primary model-audit evidence
Jurkat day 7	Jurkat	PABPC1	0.8316538233550682		middle	secondary_endpoint_extension	operational endpoint-aligned recovery annotation; not primary model-audit evidence
Jurkat day 7	Jurkat	PABPC4	0.6520450503852994		middle	secondary_endpoint_extension	operational endpoint-aligned recovery annotation; not primary model-audit evidence
Jurkat day 7	Jurkat	PAF1	0.965619442797866		middle	secondary_endpoint_extension	operational endpoint-aligned recovery annotation; not primary model-audit evidence
Jurkat day 7	Jurkat	PAFAH1B1	0.3906342620035566		middle	secondary_endpoint_extension	operational endpoint-aligned recovery annotation; not primary model-audit evidence
Jurkat day 7	Jurkat	PALB2	0.3017190278601067		middle	secondary_endpoint_extension	operational endpoint-aligned recovery annotation; not primary model-audit evidence
Jurkat day 7	Jurkat	PAM16	0.9561351511558981		middle	secondary_endpoint_extension	operational endpoint-aligned recovery annotation; not primary model-audit evidence
Jurkat day 7	Jurkat	PARS2	0.22228808535862477		middle	secondary_endpoint_extension	operational endpoint-aligned recovery annotation; not primary model-audit evidence
Jurkat day 7	Jurkat	PAXBP1	0.8577356253704801		middle	secondary_endpoint_extension	operational endpoint-aligned recovery annotation; not primary model-audit evidence
Jurkat day 7	Jurkat	PC	0.11381149970361588		middle	secondary_endpoint_extension	operational endpoint-aligned recovery annotation; not primary model-audit evidence
Jurkat day 7	Jurkat	PCBP1	0.6763485477178424		middle	secondary_endpoint_extension	operational endpoint-aligned recovery annotation; not primary model-audit evidence
Jurkat day 7	Jurkat	PCID2	0.4344991108476586		middle	secondary_endpoint_extension	operational endpoint-aligned recovery annotation; not primary model-audit evidence
Jurkat day 7	Jurkat	PDAP1	0.5714285714285714		middle	secondary_endpoint_extension	operational endpoint-aligned recovery annotation; not primary model-audit evidence
Jurkat day 7	Jurkat	PDCD2	0.3793716656787196		middle	secondary_endpoint_extension	operational endpoint-aligned recovery annotation; not primary model-audit evidence
Jurkat day 7	Jurkat	PDCD6	0.11025489033787789		middle	secondary_endpoint_extension	operational endpoint-aligned recovery annotation; not primary model-audit evidence
Jurkat day 7	Jurkat	PDCD6IP	0.08298755186721991		middle	secondary_endpoint_extension	operational endpoint-aligned recovery annotation; not primary model-audit evidence
Jurkat day 7	Jurkat	PDHA1	0.37107291049199764		middle	secondary_endpoint_extension	operational endpoint-aligned recovery annotation; not primary model-audit evidence
Jurkat day 7	Jurkat	PDPK1	0.5631298162418494		middle	secondary_endpoint_extension	operational endpoint-aligned recovery annotation; not primary model-audit evidence
Jurkat day 7	Jurkat	PEF1	0.6022525192649674		middle	secondary_endpoint_extension	operational endpoint-aligned recovery annotation; not primary model-audit evidence
Jurkat day 7	Jurkat	PELP1	0.6384113811499703		middle	secondary_endpoint_extension	operational endpoint-aligned recovery annotation; not primary model-audit evidence
Jurkat day 7	Jurkat	PET117	0.1908713692946058		middle	secondary_endpoint_extension	operational endpoint-aligned recovery annotation; not primary model-audit evidence
Jurkat day 7	Jurkat	PFDN1	0.5791345583876705		middle	secondary_endpoint_extension	operational endpoint-aligned recovery annotation; not primary model-audit evidence
Jurkat day 7	Jurkat	PFDN4	0.21932424422050978		middle	secondary_endpoint_extension	operational endpoint-aligned recovery annotation; not primary model-audit evidence
Jurkat day 7	Jurkat	PFDN5	0.6484884410195614		middle	secondary_endpoint_extension	operational endpoint-aligned recovery annotation; not primary model-audit evidence
Jurkat day 7	Jurkat	PFN1	0.17071724955542383		middle	secondary_endpoint_extension	operational endpoint-aligned recovery annotation; not primary model-audit evidence
Jurkat day 7	Jurkat	PGAM5	0.6793123888559573		middle	secondary_endpoint_extension	operational endpoint-aligned recovery annotation; not primary model-audit evidence
Jurkat day 7	Jurkat	PGK1	0.42442205097806757		middle	secondary_endpoint_extension	operational endpoint-aligned recovery annotation; not primary model-audit evidence
Jurkat day 7	Jurkat	PGS1	0.4214582098399526		middle	secondary_endpoint_extension	operational endpoint-aligned recovery annotation; not primary model-audit evidence
Jurkat day 7	Jurkat	PHAX	0.5032602252519265		middle	secondary_endpoint_extension	operational endpoint-aligned recovery annotation; not primary model-audit evidence
Jurkat day 7	Jurkat	PHF12	0.5969176052163604		middle	secondary_endpoint_extension	operational endpoint-aligned recovery annotation; not primary model-audit evidence
Jurkat day 7	Jurkat	PHF5A	0.5838767042086545		middle	secondary_endpoint_extension	operational endpoint-aligned recovery annotation; not primary model-audit evidence
Jurkat day 7	Jurkat	PI4KA	0.5761707172495554		middle	secondary_endpoint_extension	operational endpoint-aligned recovery annotation; not primary model-audit evidence
Jurkat day 7	Jurkat	PIAS1	0.6455245998814464		middle	secondary_endpoint_extension	operational endpoint-aligned recovery annotation; not primary model-audit evidence
Jurkat day 7	Jurkat	PIGH	0.7136929460580913		middle	secondary_endpoint_extension	operational endpoint-aligned recovery annotation; not primary model-audit evidence
Jurkat day 7	Jurkat	PIK3C3	0.42620035566093656		middle	secondary_endpoint_extension	operational endpoint-aligned recovery annotation; not primary model-audit evidence
Jurkat day 7	Jurkat	PIK3R4	0.45287492590397155		middle	secondary_endpoint_extension	operational endpoint-aligned recovery annotation; not primary model-audit evidence
Jurkat day 7	Jurkat	PITRM1	0.32009484291641965		middle	secondary_endpoint_extension	operational endpoint-aligned recovery annotation; not primary model-audit evidence
Jurkat day 7	Jurkat	PKM	0.08713692946058091		middle	secondary_endpoint_extension	operational endpoint-aligned recovery annotation; not primary model-audit evidence
Jurkat day 7	Jurkat	PKMYT1	0.2803793716656787		middle	secondary_endpoint_extension	operational endpoint-aligned recovery annotation; not primary model-audit evidence
Jurkat day 7	Jurkat	PLEKHN1	0.44457617071724953		middle	secondary_endpoint_extension	operational endpoint-aligned recovery annotation; not primary model-audit evidence
Jurkat day 7	Jurkat	PLK1	0.5655008891523414		middle	secondary_endpoint_extension	operational endpoint-aligned recovery annotation; not primary model-audit evidence
Jurkat day 7	Jurkat	PMF1	0.6757557794902194		middle	secondary_endpoint_extension	operational endpoint-aligned recovery annotation; not primary model-audit evidence
Jurkat day 7	Jurkat	PMPCA	0.7012448132780082		middle	secondary_endpoint_extension	operational endpoint-aligned recovery annotation; not primary model-audit evidence
Jurkat day 7	Jurkat	PMPCB	0.2857142857142857		middle	secondary_endpoint_extension	operational endpoint-aligned recovery annotation; not primary model-audit evidence
Jurkat day 7	Jurkat	PNKP	0.2999407231772377		middle	secondary_endpoint_extension	operational endpoint-aligned recovery annotation; not primary model-audit evidence
Jurkat day 7	Jurkat	PNN	0.7504445761707172		middle	secondary_endpoint_extension	operational endpoint-aligned recovery annotation; not primary model-audit evidence
Jurkat day 7	Jurkat	PNO1	0.7883817427385892		middle	secondary_endpoint_extension	operational endpoint-aligned recovery annotation; not primary model-audit evidence
Jurkat day 7	Jurkat	PNPT1	0.46828689982216953		middle	secondary_endpoint_extension	operational endpoint-aligned recovery annotation; not primary model-audit evidence
Jurkat day 7	Jurkat	POGZ	0.18612922347362182		middle	secondary_endpoint_extension	operational endpoint-aligned recovery annotation; not primary model-audit evidence
Jurkat day 7	Jurkat	POLD2	0.6994665085951393		middle	secondary_endpoint_extension	operational endpoint-aligned recovery annotation; not primary model-audit evidence
Jurkat day 7	Jurkat	POLG	0.3135743924125667		middle	secondary_endpoint_extension	operational endpoint-aligned recovery annotation; not primary model-audit evidence
Jurkat day 7	Jurkat	POLG2	0.2691167753408417		middle	secondary_endpoint_extension	operational endpoint-aligned recovery annotation; not primary model-audit evidence
Jurkat day 7	Jurkat	POLR1E	0.44991108476585656		middle	secondary_endpoint_extension	operational endpoint-aligned recovery annotation; not primary model-audit evidence
Jurkat day 7	Jurkat	POLR2D	0.4096028452874926		middle	secondary_endpoint_extension	operational endpoint-aligned recovery annotation; not primary model-audit evidence
Jurkat day 7	Jurkat	POLR2M	0.7148784825133373		middle	secondary_endpoint_extension	operational endpoint-aligned recovery annotation; not primary model-audit evidence
Jurkat day 7	Jurkat	POLR3C	0.7800829875518672		middle	secondary_endpoint_extension	operational endpoint-aligned recovery annotation; not primary model-audit evidence
Jurkat day 7	Jurkat	POLR3E	0.5589804386484885		middle	secondary_endpoint_extension	operational endpoint-aligned recovery annotation; not primary model-audit evidence
Jurkat day 7	Jurkat	POLRMT	0.32839359810314167		middle	secondary_endpoint_extension	operational endpoint-aligned recovery annotation; not primary model-audit evidence
Jurkat day 7	Jurkat	POP1	0.8132780082987552		middle	secondary_endpoint_extension	operational endpoint-aligned recovery annotation; not primary model-audit evidence
Jurkat day 7	Jurkat	POP4	0.7291049199762892		middle	secondary_endpoint_extension	operational endpoint-aligned recovery annotation; not primary model-audit evidence
Jurkat day 7	Jurkat	POP5	0.38411381149970364		middle	secondary_endpoint_extension	operational endpoint-aligned recovery annotation; not primary model-audit evidence
Jurkat day 7	Jurkat	POP7	0.6887966804979253		middle	secondary_endpoint_extension	operational endpoint-aligned recovery annotation; not primary model-audit evidence
Jurkat day 7	Jurkat	POTEI	0.4973325429756965		middle	secondary_endpoint_extension	operational endpoint-aligned recovery annotation; not primary model-audit evidence
Jurkat day 7	Jurkat	POU3F1	0.5815056312981625		middle	secondary_endpoint_extension	operational endpoint-aligned recovery annotation; not primary model-audit evidence
Jurkat day 7	Jurkat	PPA1	0.22643746295198577		middle	secondary_endpoint_extension	operational endpoint-aligned recovery annotation; not primary model-audit evidence
Jurkat day 7	Jurkat	PPA2	0.23829282750444578		middle	secondary_endpoint_extension	operational endpoint-aligned recovery annotation; not primary model-audit evidence
Jurkat day 7	Jurkat	PPARGC1B	0.16123295791345585		middle	secondary_endpoint_extension	operational endpoint-aligned recovery annotation; not primary model-audit evidence
Jurkat day 7	Jurkat	PPIA	0.13218731475992887		middle	secondary_endpoint_extension	operational endpoint-aligned recovery annotation; not primary model-audit evidence
Jurkat day 7	Jurkat	PPIH	0.7871962062833432		middle	secondary_endpoint_extension	operational endpoint-aligned recovery annotation; not primary model-audit evidence
Jurkat day 7	Jurkat	PPP1CA	0.16004742145820983		middle	secondary_endpoint_extension	operational endpoint-aligned recovery annotation; not primary model-audit evidence
Jurkat day 7	Jurkat	PPP1CB	0.2946058091286307		middle	secondary_endpoint_extension	operational endpoint-aligned recovery annotation; not primary model-audit evidence
Jurkat day 7	Jurkat	PPP1R11	0.43746295198577356		middle	secondary_endpoint_extension	operational endpoint-aligned recovery annotation; not primary model-audit evidence
Jurkat day 7	Jurkat	PPP1R12A	0.15115589804386484		middle	secondary_endpoint_extension	operational endpoint-aligned recovery annotation; not primary model-audit evidence
Jurkat day 7	Jurkat	PPP1R2	0.42560758743331356		middle	secondary_endpoint_extension	operational endpoint-aligned recovery annotation; not primary model-audit evidence
Jurkat day 7	Jurkat	PPP1R37	0.2940130409010077		middle	secondary_endpoint_extension	operational endpoint-aligned recovery annotation; not primary model-audit evidence
Jurkat day 7	Jurkat	PPP1R7	0.32898636633076467		middle	secondary_endpoint_extension	operational endpoint-aligned recovery annotation; not primary model-audit evidence
Jurkat day 7	Jurkat	PPP1R8	0.6704208654416123		middle	secondary_endpoint_extension	operational endpoint-aligned recovery annotation; not primary model-audit evidence
Jurkat day 7	Jurkat	PPP2CA	0.14937759336099585		middle	secondary_endpoint_extension	operational endpoint-aligned recovery annotation; not primary model-audit evidence
Jurkat day 7	Jurkat	PPP2CB	0.7196206283343213		middle	secondary_endpoint_extension	operational endpoint-aligned recovery annotation; not primary model-audit evidence
Jurkat day 7	Jurkat	PPP2R3C	0.5151155898043864		middle	secondary_endpoint_extension	operational endpoint-aligned recovery annotation; not primary model-audit evidence
Jurkat day 7	Jurkat	PPP4R2	0.7676348547717843		middle	secondary_endpoint_extension	operational endpoint-aligned recovery annotation; not primary model-audit evidence
Jurkat day 7	Jurkat	PPP6C	0.03438055720213397		middle	secondary_endpoint_extension	operational endpoint-aligned recovery annotation; not primary model-audit evidence
Jurkat day 7	Jurkat	PPY	0.25074096028452875		middle	secondary_endpoint_extension	operational endpoint-aligned recovery annotation; not primary model-audit evidence
Jurkat day 7	Jurkat	PRDM10	0.46354475400118555		middle	secondary_endpoint_extension	operational endpoint-aligned recovery annotation; not primary model-audit evidence
Jurkat day 7	Jurkat	PRDM4	0.5672791938352104		middle	secondary_endpoint_extension	operational endpoint-aligned recovery annotation; not primary model-audit evidence
Jurkat day 7	Jurkat	PREB	0.7267338470657972		middle	secondary_endpoint_extension	operational endpoint-aligned recovery annotation; not primary model-audit evidence
Jurkat day 7	Jurkat	PRORP	0.4967397747480735		middle	secondary_endpoint_extension	operational endpoint-aligned recovery annotation; not primary model-audit evidence
Jurkat day 7	Jurkat	PRPF18	0.8162418494368702		middle	secondary_endpoint_extension	operational endpoint-aligned recovery annotation; not primary model-audit evidence
Jurkat day 7	Jurkat	PRPF38A	0.7048014226437463		middle	secondary_endpoint_extension	operational endpoint-aligned recovery annotation; not primary model-audit evidence
Jurkat day 7	Jurkat	PRPF39	0.26022525192649676		middle	secondary_endpoint_extension	operational endpoint-aligned recovery annotation; not primary model-audit evidence
Jurkat day 7	Jurkat	PRRC2A	0.5702430349733254		middle	secondary_endpoint_extension	operational endpoint-aligned recovery annotation; not primary model-audit evidence
Jurkat day 7	Jurkat	PRXL2A	0.4902193242442205		middle	secondary_endpoint_extension	operational endpoint-aligned recovery annotation; not primary model-audit evidence
Jurkat day 7	Jurkat	PSMB3	0.6170717249555424		middle	secondary_endpoint_extension	operational endpoint-aligned recovery annotation; not primary model-audit evidence
Jurkat day 7	Jurkat	PSMB4	0.5441612329579134		middle	secondary_endpoint_extension	operational endpoint-aligned recovery annotation; not primary model-audit evidence
Jurkat day 7	Jurkat	PSMB6	0.34143449911084767		middle	secondary_endpoint_extension	operational endpoint-aligned recovery annotation; not primary model-audit evidence
Jurkat day 7	Jurkat	PSMC5	0.45109662122110256		middle	secondary_endpoint_extension	operational endpoint-aligned recovery annotation; not primary model-audit evidence
Jurkat day 7	Jurkat	PSMD14	0.7107291049199763		middle	secondary_endpoint_extension	operational endpoint-aligned recovery annotation; not primary model-audit evidence
Jurkat day 7	Jurkat	PSMD9	0.4327208061647896		middle	secondary_endpoint_extension	operational endpoint-aligned recovery annotation; not primary model-audit evidence
Jurkat day 7	Jurkat	PSME1	0.5720213396561944		middle	secondary_endpoint_extension	operational endpoint-aligned recovery annotation; not primary model-audit evidence
Jurkat day 7	Jurkat	PSME2	0.17131001778304683		middle	secondary_endpoint_extension	operational endpoint-aligned recovery annotation; not primary model-audit evidence
Jurkat day 7	Jurkat	PSMG2	0.21813870776526378		middle	secondary_endpoint_extension	operational endpoint-aligned recovery annotation; not primary model-audit evidence
Jurkat day 7	Jurkat	PTBP1	0.6016597510373444		middle	secondary_endpoint_extension	operational endpoint-aligned recovery annotation; not primary model-audit evidence
Jurkat day 7	Jurkat	PTCD1	0.9531713100177831		middle	secondary_endpoint_extension	operational endpoint-aligned recovery annotation; not primary model-audit evidence
Jurkat day 7	Jurkat	PTK2	0.13040901007705988		middle	secondary_endpoint_extension	operational endpoint-aligned recovery annotation; not primary model-audit evidence
Jurkat day 7	Jurkat	PTMA	0.1754593953764078		middle	secondary_endpoint_extension	operational endpoint-aligned recovery annotation; not primary model-audit evidence
Jurkat day 7	Jurkat	PTPMT1	0.2572614107883817		middle	secondary_endpoint_extension	operational endpoint-aligned recovery annotation; not primary model-audit evidence
Jurkat day 7	Jurkat	PUM1	0.3983402489626556		middle	secondary_endpoint_extension	operational endpoint-aligned recovery annotation; not primary model-audit evidence
Jurkat day 7	Jurkat	PWP1	0.6105512744516894		middle	secondary_endpoint_extension	operational endpoint-aligned recovery annotation; not primary model-audit evidence
Jurkat day 7	Jurkat	PXN	0.5690574985180794		middle	secondary_endpoint_extension	operational endpoint-aligned recovery annotation; not primary model-audit evidence
Jurkat day 7	Jurkat	PYROXD1	0.1879075281564908		middle	secondary_endpoint_extension	operational endpoint-aligned recovery annotation; not primary model-audit evidence
Jurkat day 7	Jurkat	PYURF	0.6407824540604624		middle	secondary_endpoint_extension	operational endpoint-aligned recovery annotation; not primary model-audit evidence
Jurkat day 7	Jurkat	QRSL1	0.23770005927682275		middle	secondary_endpoint_extension	operational endpoint-aligned recovery annotation; not primary model-audit evidence
Jurkat day 7	Jurkat	RAB4B	0.2934202726733847		middle	secondary_endpoint_extension	operational endpoint-aligned recovery annotation; not primary model-audit evidence
Jurkat day 7	Jurkat	RAB6A	0.2050978067575578		middle	secondary_endpoint_extension	operational endpoint-aligned recovery annotation; not primary model-audit evidence
Jurkat day 7	Jurkat	RABGGTA	0.4884410195613515		middle	secondary_endpoint_extension	operational endpoint-aligned recovery annotation; not primary model-audit evidence
Jurkat day 7	Jurkat	RAC1	0.45465323058684054		middle	secondary_endpoint_extension	operational endpoint-aligned recovery annotation; not primary model-audit evidence
Jurkat day 7	Jurkat	RAC3	0.1019561351511559		middle	secondary_endpoint_extension	operational endpoint-aligned recovery annotation; not primary model-audit evidence
Jurkat day 7	Jurkat	RAD51C	0.2863070539419087		middle	secondary_endpoint_extension	operational endpoint-aligned recovery annotation; not primary model-audit evidence
Jurkat day 7	Jurkat	RAD9A	0.1950207468879668		middle	secondary_endpoint_extension	operational endpoint-aligned recovery annotation; not primary model-audit evidence
Jurkat day 7	Jurkat	RAN	0.6348547717842323		middle	secondary_endpoint_extension	operational endpoint-aligned recovery annotation; not primary model-audit evidence
Jurkat day 7	Jurkat	RBBP5	0.8239478363959691		middle	secondary_endpoint_extension	operational endpoint-aligned recovery annotation; not primary model-audit evidence
Jurkat day 7	Jurkat	RBBP8	0.7071724955542383		middle	secondary_endpoint_extension	operational endpoint-aligned recovery annotation; not primary model-audit evidence
Jurkat day 7	Jurkat	RBM10	0.5678719620628334		middle	secondary_endpoint_extension	operational endpoint-aligned recovery annotation; not primary model-audit evidence
Jurkat day 7	Jurkat	RBM15	0.27800829875518673		middle	secondary_endpoint_extension	operational endpoint-aligned recovery annotation; not primary model-audit evidence
Jurkat day 7	Jurkat	RBM19	0.8506224066390041		middle	secondary_endpoint_extension	operational endpoint-aligned recovery annotation; not primary model-audit evidence
Jurkat day 7	Jurkat	RBM28	0.7457024303497333		middle	secondary_endpoint_extension	operational endpoint-aligned recovery annotation; not primary model-audit evidence
Jurkat day 7	Jurkat	RBM33	0.44931831653823356		middle	secondary_endpoint_extension	operational endpoint-aligned recovery annotation; not primary model-audit evidence
Jurkat day 7	Jurkat	RBM48	0.6834617664493183		middle	secondary_endpoint_extension	operational endpoint-aligned recovery annotation; not primary model-audit evidence
Jurkat day 7	Jurkat	RBMX2	0.9300533491404861		middle	secondary_endpoint_extension	operational endpoint-aligned recovery annotation; not primary model-audit evidence
Jurkat day 7	Jurkat	RBMXL1	0.46650859513930054		middle	secondary_endpoint_extension	operational endpoint-aligned recovery annotation; not primary model-audit evidence
Jurkat day 7	Jurkat	RBX1	0.8589211618257261		middle	secondary_endpoint_extension	operational endpoint-aligned recovery annotation; not primary model-audit evidence
Jurkat day 7	Jurkat	RCC1	0.31772377000592766		middle	secondary_endpoint_extension	operational endpoint-aligned recovery annotation; not primary model-audit evidence
Jurkat day 7	Jurkat	RCL1	0.7972732661529343		middle	secondary_endpoint_extension	operational endpoint-aligned recovery annotation; not primary model-audit evidence
Jurkat day 7	Jurkat	REXO2	0.45583876704208653		middle	secondary_endpoint_extension	operational endpoint-aligned recovery annotation; not primary model-audit evidence
Jurkat day 7	Jurkat	RFC5	0.7119146413752223		middle	secondary_endpoint_extension	operational endpoint-aligned recovery annotation; not primary model-audit evidence
Jurkat day 7	Jurkat	RFT1	0.5364552459988144		middle	secondary_endpoint_extension	operational endpoint-aligned recovery annotation; not primary model-audit evidence
Jurkat day 7	Jurkat	RGP1	0.3129816241849437		middle	secondary_endpoint_extension	operational endpoint-aligned recovery annotation; not primary model-audit evidence
Jurkat day 7	Jurkat	RHOQ	0.016004742145820983		middle	secondary_endpoint_extension	operational endpoint-aligned recovery annotation; not primary model-audit evidence
Jurkat day 7	Jurkat	RHPN1	0.08061647895672792		middle	secondary_endpoint_extension	operational endpoint-aligned recovery annotation; not primary model-audit evidence
Jurkat day 7	Jurkat	RINT1	0.4190871369294606		middle	secondary_endpoint_extension	operational endpoint-aligned recovery annotation; not primary model-audit evidence
Jurkat day 7	Jurkat	RIOK1	0.7095435684647303		middle	secondary_endpoint_extension	operational endpoint-aligned recovery annotation; not primary model-audit evidence
Jurkat day 7	Jurkat	RMI1	0.26615293420272673		middle	secondary_endpoint_extension	operational endpoint-aligned recovery annotation; not primary model-audit evidence
Jurkat day 7	Jurkat	RNASEH2C	0.10966212211025489		middle	secondary_endpoint_extension	operational endpoint-aligned recovery annotation; not primary model-audit evidence
Jurkat day 7	Jurkat	RNF103	0.34558387670420865		middle	secondary_endpoint_extension	operational endpoint-aligned recovery annotation; not primary model-audit evidence
Jurkat day 7	Jurkat	RNF113A	0.997628927089508		middle	secondary_endpoint_extension	operational endpoint-aligned recovery annotation; not primary model-audit evidence
Jurkat day 7	Jurkat	RNF20	0.8180201541197392		middle	secondary_endpoint_extension	operational endpoint-aligned recovery annotation; not primary model-audit evidence
Jurkat day 7	Jurkat	RNF31	0.7451096621221103		middle	secondary_endpoint_extension	operational endpoint-aligned recovery annotation; not primary model-audit evidence
Jurkat day 7	Jurkat	RNF4	0.6141078838174274		middle	secondary_endpoint_extension	operational endpoint-aligned recovery annotation; not primary model-audit evidence
Jurkat day 7	Jurkat	RNF40	0.8873740367516301		middle	secondary_endpoint_extension	operational endpoint-aligned recovery annotation; not primary model-audit evidence
Jurkat day 7	Jurkat	RNF8	0.016597510373443983		middle	secondary_endpoint_extension	operational endpoint-aligned recovery annotation; not primary model-audit evidence
Jurkat day 7	Jurkat	RNPS1	0.6615293420272673		middle	secondary_endpoint_extension	operational endpoint-aligned recovery annotation; not primary model-audit evidence
Jurkat day 7	Jurkat	RPA3	0.2851215174866627		middle	secondary_endpoint_extension	operational endpoint-aligned recovery annotation; not primary model-audit evidence
Jurkat day 7	Jurkat	RPAP3	0.9602845287492591		middle	secondary_endpoint_extension	operational endpoint-aligned recovery annotation; not primary model-audit evidence
Jurkat day 7	Jurkat	RPE	0.3775933609958506		middle	secondary_endpoint_extension	operational endpoint-aligned recovery annotation; not primary model-audit evidence
Jurkat day 7	Jurkat	RPF1	0.8642560758743332		middle	secondary_endpoint_extension	operational endpoint-aligned recovery annotation; not primary model-audit evidence
Jurkat day 7	Jurkat	RPL10	0.9353882631890931		middle	secondary_endpoint_extension	operational endpoint-aligned recovery annotation; not primary model-audit evidence
Jurkat day 7	Jurkat	RPL12	0.7468879668049793		middle	secondary_endpoint_extension	operational endpoint-aligned recovery annotation; not primary model-audit evidence
Jurkat day 7	Jurkat	RPL18A	0.6917605216360403		middle	secondary_endpoint_extension	operational endpoint-aligned recovery annotation; not primary model-audit evidence
Jurkat day 7	Jurkat	RPL26L1	0.43864848844101956		middle	secondary_endpoint_extension	operational endpoint-aligned recovery annotation; not primary model-audit evidence
Jurkat day 7	Jurkat	RPL28	0.5068168346176645		middle	secondary_endpoint_extension	operational endpoint-aligned recovery annotation; not primary model-audit evidence
Jurkat day 7	Jurkat	RPL36AL	0.5613515115589804		middle	secondary_endpoint_extension	operational endpoint-aligned recovery annotation; not primary model-audit evidence
Jurkat day 7	Jurkat	RPL39	0.6425607587433314		middle	secondary_endpoint_extension	operational endpoint-aligned recovery annotation; not primary model-audit evidence
Jurkat day 7	Jurkat	RPL41	0.04860699466508595		middle	secondary_endpoint_extension	operational endpoint-aligned recovery annotation; not primary model-audit evidence
Jurkat day 7	Jurkat	RPN1	0.37344398340248963		middle	secondary_endpoint_extension	operational endpoint-aligned recovery annotation; not primary model-audit evidence
Jurkat day 7	Jurkat	RPP14	0.5862477771191464		middle	secondary_endpoint_extension	operational endpoint-aligned recovery annotation; not primary model-audit evidence
Jurkat day 7	Jurkat	RPP30	0.7213989330171903		middle	secondary_endpoint_extension	operational endpoint-aligned recovery annotation; not primary model-audit evidence
Jurkat day 7	Jurkat	RPP40	0.7907528156490812		middle	secondary_endpoint_extension	operational endpoint-aligned recovery annotation; not primary model-audit evidence
Jurkat day 7	Jurkat	RPRD1B	0.5832839359810315		middle	secondary_endpoint_extension	operational endpoint-aligned recovery annotation; not primary model-audit evidence
Jurkat day 7	Jurkat	RPS25	0.6905749851807943		middle	secondary_endpoint_extension	operational endpoint-aligned recovery annotation; not primary model-audit evidence
Jurkat day 7	Jurkat	RPS29	0.6639004149377593		middle	secondary_endpoint_extension	operational endpoint-aligned recovery annotation; not primary model-audit evidence
Jurkat day 7	Jurkat	RPTOR	0.9857735625370481		middle	secondary_endpoint_extension	operational endpoint-aligned recovery annotation; not primary model-audit evidence
Jurkat day 7	Jurkat	RPUSD3	0.5400118553645524		middle	secondary_endpoint_extension	operational endpoint-aligned recovery annotation; not primary model-audit evidence
Jurkat day 7	Jurkat	RPUSD4	0.4854771784232365		middle	secondary_endpoint_extension	operational endpoint-aligned recovery annotation; not primary model-audit evidence
Jurkat day 7	Jurkat	RRP1	0.6182572614107884		middle	secondary_endpoint_extension	operational endpoint-aligned recovery annotation; not primary model-audit evidence
Jurkat day 7	Jurkat	RRP15	0.6893894487255483		middle	secondary_endpoint_extension	operational endpoint-aligned recovery annotation; not primary model-audit evidence
Jurkat day 7	Jurkat	RRP7A	0.7516301126259632		middle	secondary_endpoint_extension	operational endpoint-aligned recovery annotation; not primary model-audit evidence
Jurkat day 7	Jurkat	RRP9	0.6360403082394783		middle	secondary_endpoint_extension	operational endpoint-aligned recovery annotation; not primary model-audit evidence
Jurkat day 7	Jurkat	RRS1	0.890337877889745		middle	secondary_endpoint_extension	operational endpoint-aligned recovery annotation; not primary model-audit evidence
Jurkat day 7	Jurkat	RTCB	0.3088322465915827		middle	secondary_endpoint_extension	operational endpoint-aligned recovery annotation; not primary model-audit evidence
Jurkat day 7	Jurkat	RTEL1	0.15886188500296383		middle	secondary_endpoint_extension	operational endpoint-aligned recovery annotation; not primary model-audit evidence
Jurkat day 7	Jurkat	RTRAF	0.11618257261410789		middle	secondary_endpoint_extension	operational endpoint-aligned recovery annotation; not primary model-audit evidence
Jurkat day 7	Jurkat	RTTN	0.4315352697095436		middle	secondary_endpoint_extension	operational endpoint-aligned recovery annotation; not primary model-audit evidence
Jurkat day 7	Jurkat	S100A1	0.6419679905157084		middle	secondary_endpoint_extension	operational endpoint-aligned recovery annotation; not primary model-audit evidence
Jurkat day 7	Jurkat	SACM1L	0.27741553052756374		middle	secondary_endpoint_extension	operational endpoint-aligned recovery annotation; not primary model-audit evidence
Jurkat day 7	Jurkat	SAMD4B	0.2874925903971547		middle	secondary_endpoint_extension	operational endpoint-aligned recovery annotation; not primary model-audit evidence
Jurkat day 7	Jurkat	SAMM50	0.8049792531120332		middle	secondary_endpoint_extension	operational endpoint-aligned recovery annotation; not primary model-audit evidence
Jurkat day 7	Jurkat	SARNP	0.5044457617071725		middle	secondary_endpoint_extension	operational endpoint-aligned recovery annotation; not primary model-audit evidence
Jurkat day 7	Jurkat	SARS2	0.4469472436277416		middle	secondary_endpoint_extension	operational endpoint-aligned recovery annotation; not primary model-audit evidence
Jurkat day 7	Jurkat	SART1	0.7113218731475993		middle	secondary_endpoint_extension	operational endpoint-aligned recovery annotation; not primary model-audit evidence
Jurkat day 7	Jurkat	SART3	0.6858328393598103		middle	secondary_endpoint_extension	operational endpoint-aligned recovery annotation; not primary model-audit evidence
Jurkat day 7	Jurkat	SASS6	0.31653823355068167		middle	secondary_endpoint_extension	operational endpoint-aligned recovery annotation; not primary model-audit evidence
Jurkat day 7	Jurkat	SBDS	0.4072317723770006		middle	secondary_endpoint_extension	operational endpoint-aligned recovery annotation; not primary model-audit evidence
Jurkat day 7	Jurkat	SBNO1	0.4048606994665086		middle	secondary_endpoint_extension	operational endpoint-aligned recovery annotation; not primary model-audit evidence
Jurkat day 7	Jurkat	SCAF1	0.45228215767634855		middle	secondary_endpoint_extension	operational endpoint-aligned recovery annotation; not primary model-audit evidence
Jurkat day 7	Jurkat	SCD	0.22110254890337877		middle	secondary_endpoint_extension	operational endpoint-aligned recovery annotation; not primary model-audit evidence
Jurkat day 7	Jurkat	SCNM1	0.4848844101956135		middle	secondary_endpoint_extension	operational endpoint-aligned recovery annotation; not primary model-audit evidence
Jurkat day 7	Jurkat	SDAD1	0.7978660343805573		middle	secondary_endpoint_extension	operational endpoint-aligned recovery annotation; not primary model-audit evidence
Jurkat day 7	Jurkat	SDC1	0.7403675163011263		middle	secondary_endpoint_extension	operational endpoint-aligned recovery annotation; not primary model-audit evidence
Jurkat day 7	Jurkat	SDHA	0.6727919383521044		middle	secondary_endpoint_extension	operational endpoint-aligned recovery annotation; not primary model-audit evidence
Jurkat day 7	Jurkat	SDHAF2	0.06461173681090694		middle	secondary_endpoint_extension	operational endpoint-aligned recovery annotation; not primary model-audit evidence
Jurkat day 7	Jurkat	SDHC	0.5423829282750444		middle	secondary_endpoint_extension	operational endpoint-aligned recovery annotation; not primary model-audit evidence
Jurkat day 7	Jurkat	SEC16A	0.056312981624184945		middle	secondary_endpoint_extension	operational endpoint-aligned recovery annotation; not primary model-audit evidence
Jurkat day 7	Jurkat	SEC61A1	0.5643153526970954		middle	secondary_endpoint_extension	operational endpoint-aligned recovery annotation; not primary model-audit evidence
Jurkat day 7	Jurkat	SEC61G	0.948429164196799		middle	secondary_endpoint_extension	operational endpoint-aligned recovery annotation; not primary model-audit evidence
Jurkat day 7	Jurkat	SEC62	0.5927682276229994		middle	secondary_endpoint_extension	operational endpoint-aligned recovery annotation; not primary model-audit evidence
Jurkat day 7	Jurkat	SEC63	0.26437462951985774		middle	secondary_endpoint_extension	operational endpoint-aligned recovery annotation; not primary model-audit evidence
Jurkat day 7	Jurkat	SEM1	0.7231772377000593		middle	secondary_endpoint_extension	operational endpoint-aligned recovery annotation; not primary model-audit evidence
Jurkat day 7	Jurkat	SENP6	0.5909899229401304		middle	secondary_endpoint_extension	operational endpoint-aligned recovery annotation; not primary model-audit evidence
Jurkat day 7	Jurkat	SEPHS2	0.17427385892116182		middle	secondary_endpoint_extension	operational endpoint-aligned recovery annotation; not primary model-audit evidence
Jurkat day 7	Jurkat	SEPSECS	0.1025489033787789		middle	secondary_endpoint_extension	operational endpoint-aligned recovery annotation; not primary model-audit evidence
Jurkat day 7	Jurkat	SERBP1	0.5174866627148785		middle	secondary_endpoint_extension	operational endpoint-aligned recovery annotation; not primary model-audit evidence
Jurkat day 7	Jurkat	SERF2	0.968583283935981		middle	secondary_endpoint_extension	operational endpoint-aligned recovery annotation; not primary model-audit evidence
Jurkat day 7	Jurkat	SET	0.5536455245998815		middle	secondary_endpoint_extension	operational endpoint-aligned recovery annotation; not primary model-audit evidence
Jurkat day 7	Jurkat	SETD1A	0.9045643153526971		middle	secondary_endpoint_extension	operational endpoint-aligned recovery annotation; not primary model-audit evidence
Jurkat day 7	Jurkat	SETD2	0.6923532898636633		middle	secondary_endpoint_extension	operational endpoint-aligned recovery annotation; not primary model-audit evidence
Jurkat day 7	Jurkat	SETDB1	0.3651452282157676		middle	secondary_endpoint_extension	operational endpoint-aligned recovery annotation; not primary model-audit evidence
Jurkat day 7	Jurkat	SF3A1	0.27622999407231774		middle	secondary_endpoint_extension	operational endpoint-aligned recovery annotation; not primary model-audit evidence
Jurkat day 7	Jurkat	SFSWAP	0.7296976882039122		middle	secondary_endpoint_extension	operational endpoint-aligned recovery annotation; not primary model-audit evidence
Jurkat day 7	Jurkat	SGPP1	0.4303497332542976		middle	secondary_endpoint_extension	operational endpoint-aligned recovery annotation; not primary model-audit evidence
Jurkat day 7	Jurkat	SHC1	0.31713100177830467		middle	secondary_endpoint_extension	operational endpoint-aligned recovery annotation; not primary model-audit evidence
Jurkat day 7	Jurkat	SHOC2	0.5121517486662714		middle	secondary_endpoint_extension	operational endpoint-aligned recovery annotation; not primary model-audit evidence
Jurkat day 7	Jurkat	SHQ1	0.007705986959098993		middle	secondary_endpoint_extension	operational endpoint-aligned recovery annotation; not primary model-audit evidence
Jurkat day 7	Jurkat	SIN3A	0.5992886781268524		middle	secondary_endpoint_extension	operational endpoint-aligned recovery annotation; not primary model-audit evidence
Jurkat day 7	Jurkat	SIRT7	0.7219917012448133		middle	secondary_endpoint_extension	operational endpoint-aligned recovery annotation; not primary model-audit evidence
Jurkat day 7	Jurkat	SKA3	0.3360995850622407		middle	secondary_endpoint_extension	operational endpoint-aligned recovery annotation; not primary model-audit evidence
Jurkat day 7	Jurkat	SKP2	0.6312981624184943		middle	secondary_endpoint_extension	operational endpoint-aligned recovery annotation; not primary model-audit evidence
Jurkat day 7	Jurkat	SLBP	0.7688203912270303		middle	secondary_endpoint_extension	operational endpoint-aligned recovery annotation; not primary model-audit evidence
Jurkat day 7	Jurkat	SLC16A5	0.972732661529342		middle	secondary_endpoint_extension	operational endpoint-aligned recovery annotation; not primary model-audit evidence
Jurkat day 7	Jurkat	SLC25A10	0.34973325429756963		middle	secondary_endpoint_extension	operational endpoint-aligned recovery annotation; not primary model-audit evidence
Jurkat day 7	Jurkat	SLC25A26	0.5963248369887374		middle	secondary_endpoint_extension	operational endpoint-aligned recovery annotation; not primary model-audit evidence
Jurkat day 7	Jurkat	SLC25A3	0.5554238292827505		middle	secondary_endpoint_extension	operational endpoint-aligned recovery annotation; not primary model-audit evidence
Jurkat day 7	Jurkat	SLC35B1	0.7462951985773563		middle	secondary_endpoint_extension	operational endpoint-aligned recovery annotation; not primary model-audit evidence
Jurkat day 7	Jurkat	SLC35G6	0.4024896265560166		middle	secondary_endpoint_extension	operational endpoint-aligned recovery annotation; not primary model-audit evidence
Jurkat day 7	Jurkat	SLC39A10	0.13574392412566685		middle	secondary_endpoint_extension	operational endpoint-aligned recovery annotation; not primary model-audit evidence
Jurkat day 7	Jurkat	SLC39A7	0.7818612922347362		middle	secondary_endpoint_extension	operational endpoint-aligned recovery annotation; not primary model-audit evidence
Jurkat day 7	Jurkat	SLC4A5	0.23236514522821577		middle	secondary_endpoint_extension	operational endpoint-aligned recovery annotation; not primary model-audit evidence
Jurkat day 7	Jurkat	SLC7A5	0.02015411973918198		middle	secondary_endpoint_extension	operational endpoint-aligned recovery annotation; not primary model-audit evidence
Jurkat day 7	Jurkat	SLC7A6OS	0.9626556016597511		middle	secondary_endpoint_extension	operational endpoint-aligned recovery annotation; not primary model-audit evidence
Jurkat day 7	Jurkat	SLU7	1.0		middle	secondary_endpoint_extension	operational endpoint-aligned recovery annotation; not primary model-audit evidence
Jurkat day 7	Jurkat	SMARCE1	0.940130409010077		middle	secondary_endpoint_extension	operational endpoint-aligned recovery annotation; not primary model-audit evidence
Jurkat day 7	Jurkat	SMC2	0.3930053349140486		middle	secondary_endpoint_extension	operational endpoint-aligned recovery annotation; not primary model-audit evidence
Jurkat day 7	Jurkat	SMC4	0.2880853586247777		middle	secondary_endpoint_extension	operational endpoint-aligned recovery annotation; not primary model-audit evidence
Jurkat day 7	Jurkat	SMC5	0.4582098399525785		middle	secondary_endpoint_extension	operational endpoint-aligned recovery annotation; not primary model-audit evidence
Jurkat day 7	Jurkat	SMG5	0.8417308832246592		middle	secondary_endpoint_extension	operational endpoint-aligned recovery annotation; not primary model-audit evidence
Jurkat day 7	Jurkat	SMG6	0.4036751630112626		middle	secondary_endpoint_extension	operational endpoint-aligned recovery annotation; not primary model-audit evidence
Jurkat day 7	Jurkat	SMG8	0.3254297569650267		middle	secondary_endpoint_extension	operational endpoint-aligned recovery annotation; not primary model-audit evidence
Jurkat day 7	Jurkat	SMG9	0.45406046235921754		middle	secondary_endpoint_extension	operational endpoint-aligned recovery annotation; not primary model-audit evidence
Jurkat day 7	Jurkat	SMUG1	0.7237700059276823		middle	secondary_endpoint_extension	operational endpoint-aligned recovery annotation; not primary model-audit evidence
Jurkat day 7	Jurkat	SNAPC1	0.6876111440426793		middle	secondary_endpoint_extension	operational endpoint-aligned recovery annotation; not primary model-audit evidence
Jurkat day 7	Jurkat	SNAPC3	0.42916419679905154		middle	secondary_endpoint_extension	operational endpoint-aligned recovery annotation; not primary model-audit evidence
Jurkat day 7	Jurkat	SNAPC4	0.7249555423829283		middle	secondary_endpoint_extension	operational endpoint-aligned recovery annotation; not primary model-audit evidence
Jurkat day 7	Jurkat	SNAPC5	0.5797273266152935		middle	secondary_endpoint_extension	operational endpoint-aligned recovery annotation; not primary model-audit evidence
Jurkat day 7	Jurkat	SNF8	0.4742145820983995		middle	secondary_endpoint_extension	operational endpoint-aligned recovery annotation; not primary model-audit evidence
Jurkat day 7	Jurkat	SNRNP200	0.7178423236514523		middle	secondary_endpoint_extension	operational endpoint-aligned recovery annotation; not primary model-audit evidence
Jurkat day 7	Jurkat	SNRNP27	0.8731475992886781		middle	secondary_endpoint_extension	operational endpoint-aligned recovery annotation; not primary model-audit evidence
Jurkat day 7	Jurkat	SNRNP40	0.15293420272673386		middle	secondary_endpoint_extension	operational endpoint-aligned recovery annotation; not primary model-audit evidence
Jurkat day 7	Jurkat	SNRPA	0.6828689982216953		middle	secondary_endpoint_extension	operational endpoint-aligned recovery annotation; not primary model-audit evidence
Jurkat day 7	Jurkat	SNUPN	0.3935981031416716		middle	secondary_endpoint_extension	operational endpoint-aligned recovery annotation; not primary model-audit evidence
Jurkat day 7	Jurkat	SOD1	0.5957320687611144		middle	secondary_endpoint_extension	operational endpoint-aligned recovery annotation; not primary model-audit evidence
Jurkat day 7	Jurkat	SP1	0.15352697095435686		middle	secondary_endpoint_extension	operational endpoint-aligned recovery annotation; not primary model-audit evidence
Jurkat day 7	Jurkat	SPC25	0.3663307646710136		middle	secondary_endpoint_extension	operational endpoint-aligned recovery annotation; not primary model-audit evidence
Jurkat day 7	Jurkat	SPCS2	0.8037937166567872		middle	secondary_endpoint_extension	operational endpoint-aligned recovery annotation; not primary model-audit evidence
Jurkat day 7	Jurkat	SPCS3	0.5619442797866034		middle	secondary_endpoint_extension	operational endpoint-aligned recovery annotation; not primary model-audit evidence
Jurkat day 7	Jurkat	SPEN	0.6431535269709544		middle	secondary_endpoint_extension	operational endpoint-aligned recovery annotation; not primary model-audit evidence
Jurkat day 7	Jurkat	SPOUT1	0.7190278601066983		middle	secondary_endpoint_extension	operational endpoint-aligned recovery annotation; not primary model-audit evidence
Jurkat day 7	Jurkat	SPRTN	0.46710136336692354		middle	secondary_endpoint_extension	operational endpoint-aligned recovery annotation; not primary model-audit evidence
Jurkat day 7	Jurkat	SPTLC1	0.46887966804979253		middle	secondary_endpoint_extension	operational endpoint-aligned recovery annotation; not primary model-audit evidence
Jurkat day 7	Jurkat	SRCAP	0.2703023117960877		middle	secondary_endpoint_extension	operational endpoint-aligned recovery annotation; not primary model-audit evidence
Jurkat day 7	Jurkat	SRF	0.46117368109069357		middle	secondary_endpoint_extension	operational endpoint-aligned recovery annotation; not primary model-audit evidence
Jurkat day 7	Jurkat	SRFBP1	0.7854179016004742		middle	secondary_endpoint_extension	operational endpoint-aligned recovery annotation; not primary model-audit evidence
Jurkat day 7	Jurkat	SRP19	0.7634854771784232		middle	secondary_endpoint_extension	operational endpoint-aligned recovery annotation; not primary model-audit evidence
Jurkat day 7	Jurkat	SRP68	0.7320687611144042		middle	secondary_endpoint_extension	operational endpoint-aligned recovery annotation; not primary model-audit evidence
Jurkat day 7	Jurkat	SRP72	0.1001778304682869		middle	secondary_endpoint_extension	operational endpoint-aligned recovery annotation; not primary model-audit evidence
Jurkat day 7	Jurkat	SRP9	0.1084765856550089		middle	secondary_endpoint_extension	operational endpoint-aligned recovery annotation; not primary model-audit evidence
Jurkat day 7	Jurkat	SRPRB	0.2104327208061648		middle	secondary_endpoint_extension	operational endpoint-aligned recovery annotation; not primary model-audit evidence
Jurkat day 7	Jurkat	SRRM1	0.7646710136336692		middle	secondary_endpoint_extension	operational endpoint-aligned recovery annotation; not primary model-audit evidence
Jurkat day 7	Jurkat	SRRM2	0.6769413159454654		middle	secondary_endpoint_extension	operational endpoint-aligned recovery annotation; not primary model-audit evidence
Jurkat day 7	Jurkat	SRRT	0.998814463544754		middle	secondary_endpoint_extension	operational endpoint-aligned recovery annotation; not primary model-audit evidence
Jurkat day 7	Jurkat	SRSF10	0.6117368109069354		middle	secondary_endpoint_extension	operational endpoint-aligned recovery annotation; not primary model-audit evidence
Jurkat day 7	Jurkat	SRSF11	0.023710729104919975		middle	secondary_endpoint_extension	operational endpoint-aligned recovery annotation; not primary model-audit evidence
Jurkat day 7	Jurkat	SRSF6	0.06757557794902193		middle	secondary_endpoint_extension	operational endpoint-aligned recovery annotation; not primary model-audit evidence
Jurkat day 7	Jurkat	SSBP3	0.011262596324836989		middle	secondary_endpoint_extension	operational endpoint-aligned recovery annotation; not primary model-audit evidence
Jurkat day 7	Jurkat	STARD7	0.3882631890930646		middle	secondary_endpoint_extension	operational endpoint-aligned recovery annotation; not primary model-audit evidence
Jurkat day 7	Jurkat	STIL	0.22465915826911678		middle	secondary_endpoint_extension	operational endpoint-aligned recovery annotation; not primary model-audit evidence
Jurkat day 7	Jurkat	STRAP	0.5228215767634855		middle	secondary_endpoint_extension	operational endpoint-aligned recovery annotation; not primary model-audit evidence
Jurkat day 7	Jurkat	STRIP1	0.1973918197984588		middle	secondary_endpoint_extension	operational endpoint-aligned recovery annotation; not primary model-audit evidence
Jurkat day 7	Jurkat	STT3B	0.18079430942501482		middle	secondary_endpoint_extension	operational endpoint-aligned recovery annotation; not primary model-audit evidence
Jurkat day 7	Jurkat	STX18	0.5506816834617665		middle	secondary_endpoint_extension	operational endpoint-aligned recovery annotation; not primary model-audit evidence
Jurkat day 7	Jurkat	SUDS3	0.917605216360403		middle	secondary_endpoint_extension	operational endpoint-aligned recovery annotation; not primary model-audit evidence
Jurkat day 7	Jurkat	SUGP1	0.7587433313574392		middle	secondary_endpoint_extension	operational endpoint-aligned recovery annotation; not primary model-audit evidence
Jurkat day 7	Jurkat	SUGT1	0.5234143449911085		middle	secondary_endpoint_extension	operational endpoint-aligned recovery annotation; not primary model-audit evidence
Jurkat day 7	Jurkat	SUPT20H	0.34617664493183165		middle	secondary_endpoint_extension	operational endpoint-aligned recovery annotation; not primary model-audit evidence
Jurkat day 7	Jurkat	SUPT5H	0.99407231772377		middle	secondary_endpoint_extension	operational endpoint-aligned recovery annotation; not primary model-audit evidence
Jurkat day 7	Jurkat	SUPV3L1	0.4866627148784825		middle	secondary_endpoint_extension	operational endpoint-aligned recovery annotation; not primary model-audit evidence
Jurkat day 7	Jurkat	SURF6	0.7362181387077653		middle	secondary_endpoint_extension	operational endpoint-aligned recovery annotation; not primary model-audit evidence
Jurkat day 7	Jurkat	SYF2	0.7326615293420272		middle	secondary_endpoint_extension	operational endpoint-aligned recovery annotation; not primary model-audit evidence
Jurkat day 7	Jurkat	SYMPK	0.9863663307646711		middle	secondary_endpoint_extension	operational endpoint-aligned recovery annotation; not primary model-audit evidence
Jurkat day 7	Jurkat	SYS1	0.1967990515708358		middle	secondary_endpoint_extension	operational endpoint-aligned recovery annotation; not primary model-audit evidence
Jurkat day 7	Jurkat	TACC3	0.10906935388263189		middle	secondary_endpoint_extension	operational endpoint-aligned recovery annotation; not primary model-audit evidence
Jurkat day 7	Jurkat	TADA2A	0.3781861292234736		middle	secondary_endpoint_extension	operational endpoint-aligned recovery annotation; not primary model-audit evidence
Jurkat day 7	Jurkat	TADA2B	0.46295198577356256		middle	secondary_endpoint_extension	operational endpoint-aligned recovery annotation; not primary model-audit evidence
Jurkat day 7	Jurkat	TADA3	0.5275637225844695		middle	secondary_endpoint_extension	operational endpoint-aligned recovery annotation; not primary model-audit evidence
Jurkat day 7	Jurkat	TAF10	0.975696502667457		middle	secondary_endpoint_extension	operational endpoint-aligned recovery annotation; not primary model-audit evidence
Jurkat day 7	Jurkat	TAF11	0.6852400711321873		middle	secondary_endpoint_extension	operational endpoint-aligned recovery annotation; not primary model-audit evidence
Jurkat day 7	Jurkat	TAF12	0.998221695317131		middle	secondary_endpoint_extension	operational endpoint-aligned recovery annotation; not primary model-audit evidence
Jurkat day 7	Jurkat	TAF13	0.4605809128630705		middle	secondary_endpoint_extension	operational endpoint-aligned recovery annotation; not primary model-audit evidence
Jurkat day 7	Jurkat	TAF1C	0.6277415530527564		middle	secondary_endpoint_extension	operational endpoint-aligned recovery annotation; not primary model-audit evidence
Jurkat day 7	Jurkat	TAF1D	0.42501481920569056		middle	secondary_endpoint_extension	operational endpoint-aligned recovery annotation; not primary model-audit evidence
Jurkat day 7	Jurkat	TAF2	0.971547125074096		middle	secondary_endpoint_extension	operational endpoint-aligned recovery annotation; not primary model-audit evidence
Jurkat day 7	Jurkat	TAF5	0.997036158861885		middle	secondary_endpoint_extension	operational endpoint-aligned recovery annotation; not primary model-audit evidence
Jurkat day 7	Jurkat	TAF6L	0.4955542382928275		middle	secondary_endpoint_extension	operational endpoint-aligned recovery annotation; not primary model-audit evidence
Jurkat day 7	Jurkat	TAF7	0.990515708358032		middle	secondary_endpoint_extension	operational endpoint-aligned recovery annotation; not primary model-audit evidence
Jurkat day 7	Jurkat	TAF8	0.98814463544754		middle	secondary_endpoint_extension	operational endpoint-aligned recovery annotation; not primary model-audit evidence
Jurkat day 7	Jurkat	TAMM41	0.23355068168346177		middle	secondary_endpoint_extension	operational endpoint-aligned recovery annotation; not primary model-audit evidence
Jurkat day 7	Jurkat	TARDBP	0.6965026674570243		middle	secondary_endpoint_extension	operational endpoint-aligned recovery annotation; not primary model-audit evidence
Jurkat day 7	Jurkat	TARS2	0.3758150563129816		middle	secondary_endpoint_extension	operational endpoint-aligned recovery annotation; not primary model-audit evidence
Jurkat day 7	Jurkat	TBC1D28	0.07468879668049792		middle	secondary_endpoint_extension	operational endpoint-aligned recovery annotation; not primary model-audit evidence
Jurkat day 7	Jurkat	TBCE	0.1013633669235329		middle	secondary_endpoint_extension	operational endpoint-aligned recovery annotation; not primary model-audit evidence
Jurkat day 7	Jurkat	TBL3	0.8630705394190872		middle	secondary_endpoint_extension	operational endpoint-aligned recovery annotation; not primary model-audit evidence
Jurkat day 7	Jurkat	TBP	0.8144635447540012		middle	secondary_endpoint_extension	operational endpoint-aligned recovery annotation; not primary model-audit evidence
Jurkat day 7	Jurkat	TBPL1	0.46947243627741553		middle	secondary_endpoint_extension	operational endpoint-aligned recovery annotation; not primary model-audit evidence
Jurkat day 7	Jurkat	TCERG1	0.8381742738589212		middle	secondary_endpoint_extension	operational endpoint-aligned recovery annotation; not primary model-audit evidence
Jurkat day 7	Jurkat	TEFM	0.7006520450503853		middle	secondary_endpoint_extension	operational endpoint-aligned recovery annotation; not primary model-audit evidence
Jurkat day 7	Jurkat	TELO2	0.8209839952578541		middle	secondary_endpoint_extension	operational endpoint-aligned recovery annotation; not primary model-audit evidence
Jurkat day 7	Jurkat	TEN1	0.25014819205690575		middle	secondary_endpoint_extension	operational endpoint-aligned recovery annotation; not primary model-audit evidence
Jurkat day 7	Jurkat	TERF2	0.6573799644339063		middle	secondary_endpoint_extension	operational endpoint-aligned recovery annotation; not primary model-audit evidence
Jurkat day 7	Jurkat	TEX10	0.7332542975696502		middle	secondary_endpoint_extension	operational endpoint-aligned recovery annotation; not primary model-audit evidence
Jurkat day 7	Jurkat	TFAM	0.00889152341434499		middle	secondary_endpoint_extension	operational endpoint-aligned recovery annotation; not primary model-audit evidence
Jurkat day 7	Jurkat	TFB1M	0.27563722584469474		middle	secondary_endpoint_extension	operational endpoint-aligned recovery annotation; not primary model-audit evidence
Jurkat day 7	Jurkat	TFB2M	0.5002963841138115		middle	secondary_endpoint_extension	operational endpoint-aligned recovery annotation; not primary model-audit evidence
Jurkat day 7	Jurkat	TFDP1	0.018375815056312982		middle	secondary_endpoint_extension	operational endpoint-aligned recovery annotation; not primary model-audit evidence
Jurkat day 7	Jurkat	TGS1	0.35921754593953764		middle	secondary_endpoint_extension	operational endpoint-aligned recovery annotation; not primary model-audit evidence
Jurkat day 7	Jurkat	THAP11	0.26378186129223474		middle	secondary_endpoint_extension	operational endpoint-aligned recovery annotation; not primary model-audit evidence
Jurkat day 7	Jurkat	THG1L	0.8612922347362182		middle	secondary_endpoint_extension	operational endpoint-aligned recovery annotation; not primary model-audit evidence
Jurkat day 7	Jurkat	THOC6	0.35862477771191464		middle	secondary_endpoint_extension	operational endpoint-aligned recovery annotation; not primary model-audit evidence
Jurkat day 7	Jurkat	THOC7	0.7895672791938352		middle	secondary_endpoint_extension	operational endpoint-aligned recovery annotation; not primary model-audit evidence
Jurkat day 7	Jurkat	THRAP3	0.6538233550681684		middle	secondary_endpoint_extension	operational endpoint-aligned recovery annotation; not primary model-audit evidence
Jurkat day 7	Jurkat	THUMPD1	0.6401896858328393		middle	secondary_endpoint_extension	operational endpoint-aligned recovery annotation; not primary model-audit evidence
Jurkat day 7	Jurkat	TIMELESS	0.4979253112033195		middle	secondary_endpoint_extension	operational endpoint-aligned recovery annotation; not primary model-audit evidence
Jurkat day 7	Jurkat	TIMM10	0.13811499703615887		middle	secondary_endpoint_extension	operational endpoint-aligned recovery annotation; not primary model-audit evidence
Jurkat day 7	Jurkat	TIMM13	0.947836395969176		middle	secondary_endpoint_extension	operational endpoint-aligned recovery annotation; not primary model-audit evidence
Jurkat day 7	Jurkat	TIMM22	0.5180794309425015		middle	secondary_endpoint_extension	operational endpoint-aligned recovery annotation; not primary model-audit evidence
Jurkat day 7	Jurkat	TIMM44	0.8998221695317131		middle	secondary_endpoint_extension	operational endpoint-aligned recovery annotation; not primary model-audit evidence
Jurkat day 7	Jurkat	TIMM8A	0.12092471843509188		middle	secondary_endpoint_extension	operational endpoint-aligned recovery annotation; not primary model-audit evidence
Jurkat day 7	Jurkat	TIMM9	0.2916419679905157		middle	secondary_endpoint_extension	operational endpoint-aligned recovery annotation; not primary model-audit evidence
Jurkat day 7	Jurkat	TINF2	0.3669235328986366		middle	secondary_endpoint_extension	operational endpoint-aligned recovery annotation; not primary model-audit evidence
Jurkat day 7	Jurkat	TIPIN	0.06876111440426794		middle	secondary_endpoint_extension	operational endpoint-aligned recovery annotation; not primary model-audit evidence
Jurkat day 7	Jurkat	TKT	0.05927682276229994		middle	secondary_endpoint_extension	operational endpoint-aligned recovery annotation; not primary model-audit evidence
Jurkat day 7	Jurkat	TLCD1	0.16597510373443983		middle	secondary_endpoint_extension	operational endpoint-aligned recovery annotation; not primary model-audit evidence
Jurkat day 7	Jurkat	TLN1	0.4860699466508595		middle	secondary_endpoint_extension	operational endpoint-aligned recovery annotation; not primary model-audit evidence
Jurkat day 7	Jurkat	TMA16	0.6585655008891523		middle	secondary_endpoint_extension	operational endpoint-aligned recovery annotation; not primary model-audit evidence
Jurkat day 7	Jurkat	TMED10	0.07113218731475993		middle	secondary_endpoint_extension	operational endpoint-aligned recovery annotation; not primary model-audit evidence
Jurkat day 7	Jurkat	TMEM127	0.1991701244813278		middle	secondary_endpoint_extension	operational endpoint-aligned recovery annotation; not primary model-audit evidence
Jurkat day 7	Jurkat	TMEM161B	0.5939537640782454		middle	secondary_endpoint_extension	operational endpoint-aligned recovery annotation; not primary model-audit evidence
Jurkat day 7	Jurkat	TMEM258	0.26081802015411976		middle	secondary_endpoint_extension	operational endpoint-aligned recovery annotation; not primary model-audit evidence
Jurkat day 7	Jurkat	TMX2	0.8073503260225252		middle	secondary_endpoint_extension	operational endpoint-aligned recovery annotation; not primary model-audit evidence
Jurkat day 7	Jurkat	TNNT2	0.027860106698280974		middle	secondary_endpoint_extension	operational endpoint-aligned recovery annotation; not primary model-audit evidence
Jurkat day 7	Jurkat	TNPO3	0.8695909899229401		middle	secondary_endpoint_extension	operational endpoint-aligned recovery annotation; not primary model-audit evidence
Jurkat day 7	Jurkat	TNRC6A	0.5222288085358625		middle	secondary_endpoint_extension	operational endpoint-aligned recovery annotation; not primary model-audit evidence
Jurkat day 7	Jurkat	TOE1	0.21398933017190278		middle	secondary_endpoint_extension	operational endpoint-aligned recovery annotation; not primary model-audit evidence
Jurkat day 7	Jurkat	TOMM20	0.7273266152934202		middle	secondary_endpoint_extension	operational endpoint-aligned recovery annotation; not primary model-audit evidence
Jurkat day 7	Jurkat	TOMM40	0.5660936573799644		middle	secondary_endpoint_extension	operational endpoint-aligned recovery annotation; not primary model-audit evidence
Jurkat day 7	Jurkat	TOP1	0.8435091879075282		middle	secondary_endpoint_extension	operational endpoint-aligned recovery annotation; not primary model-audit evidence
Jurkat day 7	Jurkat	TOP3A	0.5038529934795495		middle	secondary_endpoint_extension	operational endpoint-aligned recovery annotation; not primary model-audit evidence
Jurkat day 7	Jurkat	TOPBP1	0.5880260818020154		middle	secondary_endpoint_extension	operational endpoint-aligned recovery annotation; not primary model-audit evidence
Jurkat day 7	Jurkat	TOR2A	0.35269709543568467		middle	secondary_endpoint_extension	operational endpoint-aligned recovery annotation; not primary model-audit evidence
Jurkat day 7	Jurkat	TOX4	0.2708950800237107		middle	secondary_endpoint_extension	operational endpoint-aligned recovery annotation; not primary model-audit evidence
Jurkat day 7	Jurkat	TP53I13	0.2969768820391227		middle	secondary_endpoint_extension	operational endpoint-aligned recovery annotation; not primary model-audit evidence
Jurkat day 7	Jurkat	TP53RK	0.3384706579727327		middle	secondary_endpoint_extension	operational endpoint-aligned recovery annotation; not primary model-audit evidence
Jurkat day 7	Jurkat	TPI1	0.4890337877889745		middle	secondary_endpoint_extension	operational endpoint-aligned recovery annotation; not primary model-audit evidence
Jurkat day 7	Jurkat	TPT1	0.2720806164789567		middle	secondary_endpoint_extension	operational endpoint-aligned recovery annotation; not primary model-audit evidence
Jurkat day 7	Jurkat	TRA2B	0.4226437462951986		middle	secondary_endpoint_extension	operational endpoint-aligned recovery annotation; not primary model-audit evidence
Jurkat day 7	Jurkat	TRAPPC1	0.2015411973918198		middle	secondary_endpoint_extension	operational endpoint-aligned recovery annotation; not primary model-audit evidence
Jurkat day 7	Jurkat	TRAPPC11	0.013633669235328987		middle	secondary_endpoint_extension	operational endpoint-aligned recovery annotation; not primary model-audit evidence
Jurkat day 7	Jurkat	TRAPPC4	0.4107883817427386		middle	secondary_endpoint_extension	operational endpoint-aligned recovery annotation; not primary model-audit evidence
Jurkat day 7	Jurkat	TRAPPC5	0.04979253112033195		middle	secondary_endpoint_extension	operational endpoint-aligned recovery annotation; not primary model-audit evidence
Jurkat day 7	Jurkat	TRAPPC8	0.4457617071724956		middle	secondary_endpoint_extension	operational endpoint-aligned recovery annotation; not primary model-audit evidence
Jurkat day 7	Jurkat	TREML2	0.36988737403675165		middle	secondary_endpoint_extension	operational endpoint-aligned recovery annotation; not primary model-audit evidence
Jurkat day 7	Jurkat	TREX2	0.3278008298755187		middle	secondary_endpoint_extension	operational endpoint-aligned recovery annotation; not primary model-audit evidence
Jurkat day 7	Jurkat	TRIAP1	0.6289270895080024		middle	secondary_endpoint_extension	operational endpoint-aligned recovery annotation; not primary model-audit evidence
Jurkat day 7	Jurkat	TRMT10C	0.5163011262596325		middle	secondary_endpoint_extension	operational endpoint-aligned recovery annotation; not primary model-audit evidence
Jurkat day 7	Jurkat	TRMT112	0.5945465323058684		middle	secondary_endpoint_extension	operational endpoint-aligned recovery annotation; not primary model-audit evidence
Jurkat day 7	Jurkat	TRMT5	0.5684647302904564		middle	secondary_endpoint_extension	operational endpoint-aligned recovery annotation; not primary model-audit evidence
Jurkat day 7	Jurkat	TRMT6	0.1944279786603438		middle	secondary_endpoint_extension	operational endpoint-aligned recovery annotation; not primary model-audit evidence
Jurkat day 7	Jurkat	TRNP1	0.3390634262003557		middle	secondary_endpoint_extension	operational endpoint-aligned recovery annotation; not primary model-audit evidence
Jurkat day 7	Jurkat	TSEN54	0.6490812092471844		middle	secondary_endpoint_extension	operational endpoint-aligned recovery annotation; not primary model-audit evidence
Jurkat day 7	Jurkat	TSFM	0.28927089508002374		middle	secondary_endpoint_extension	operational endpoint-aligned recovery annotation; not primary model-audit evidence
Jurkat day 7	Jurkat	TSPYL5	0.3971547125074096		middle	secondary_endpoint_extension	operational endpoint-aligned recovery annotation; not primary model-audit evidence
Jurkat day 7	Jurkat	TSR1	0.25785417901600477		middle	secondary_endpoint_extension	operational endpoint-aligned recovery annotation; not primary model-audit evidence
Jurkat day 7	Jurkat	TSR2	0.7036158861885004		middle	secondary_endpoint_extension	operational endpoint-aligned recovery annotation; not primary model-audit evidence
Jurkat day 7	Jurkat	TTC1	0.47954949614700654		middle	secondary_endpoint_extension	operational endpoint-aligned recovery annotation; not primary model-audit evidence
Jurkat day 7	Jurkat	TTC4	0.3034973325429757		middle	secondary_endpoint_extension	operational endpoint-aligned recovery annotation; not primary model-audit evidence
Jurkat day 7	Jurkat	TTI1	0.8535862477771191		middle	secondary_endpoint_extension	operational endpoint-aligned recovery annotation; not primary model-audit evidence
Jurkat day 7	Jurkat	TUBA1C	0.6194427978660344		middle	secondary_endpoint_extension	operational endpoint-aligned recovery annotation; not primary model-audit evidence
Jurkat day 7	Jurkat	TUBA3D	0.3870776526378186		middle	secondary_endpoint_extension	operational endpoint-aligned recovery annotation; not primary model-audit evidence
Jurkat day 7	Jurkat	TUBB	0.3817427385892116		middle	secondary_endpoint_extension	operational endpoint-aligned recovery annotation; not primary model-audit evidence
Jurkat day 7	Jurkat	TUBGCP2	0.5465323058684054		middle	secondary_endpoint_extension	operational endpoint-aligned recovery annotation; not primary model-audit evidence
Jurkat day 7	Jurkat	TUBGCP5	0.21280379371665678		middle	secondary_endpoint_extension	operational endpoint-aligned recovery annotation; not primary model-audit evidence
Jurkat day 7	Jurkat	TUFM	0.4599881446354475		middle	secondary_endpoint_extension	operational endpoint-aligned recovery annotation; not primary model-audit evidence
Jurkat day 7	Jurkat	TULP1	0.2679312388855957		middle	secondary_endpoint_extension	operational endpoint-aligned recovery annotation; not primary model-audit evidence
Jurkat day 7	Jurkat	TUT1	0.2714878482513337		middle	secondary_endpoint_extension	operational endpoint-aligned recovery annotation; not primary model-audit evidence
Jurkat day 7	Jurkat	TWNK	0.2963841138114997		middle	secondary_endpoint_extension	operational endpoint-aligned recovery annotation; not primary model-audit evidence
Jurkat day 7	Jurkat	TXNL4B	0.5352697095435685		middle	secondary_endpoint_extension	operational endpoint-aligned recovery annotation; not primary model-audit evidence
Jurkat day 7	Jurkat	U2AF2	0.5868405453467694		middle	secondary_endpoint_extension	operational endpoint-aligned recovery annotation; not primary model-audit evidence
Jurkat day 7	Jurkat	UBA2	0.5981031416716064		middle	secondary_endpoint_extension	operational endpoint-aligned recovery annotation; not primary model-audit evidence
Jurkat day 7	Jurkat	UBA5	0.3941908713692946		middle	secondary_endpoint_extension	operational endpoint-aligned recovery annotation; not primary model-audit evidence
Jurkat day 7	Jurkat	UBA52	0.0912863070539419		middle	secondary_endpoint_extension	operational endpoint-aligned recovery annotation; not primary model-audit evidence
Jurkat day 7	Jurkat	UBE2D3	0.3123888559573207		middle	secondary_endpoint_extension	operational endpoint-aligned recovery annotation; not primary model-audit evidence
Jurkat day 7	Jurkat	UBE2H	0.2922347362181387		middle	secondary_endpoint_extension	operational endpoint-aligned recovery annotation; not primary model-audit evidence
Jurkat day 7	Jurkat	UBE2I	0.5287492590397155		middle	secondary_endpoint_extension	operational endpoint-aligned recovery annotation; not primary model-audit evidence
Jurkat day 7	Jurkat	UBE2L3	0.23947836395969177		middle	secondary_endpoint_extension	operational endpoint-aligned recovery annotation; not primary model-audit evidence
Jurkat day 7	Jurkat	UBE2N	0.5358624777711914		middle	secondary_endpoint_extension	operational endpoint-aligned recovery annotation; not primary model-audit evidence
Jurkat day 7	Jurkat	UBE2Z	0.2566686425607587		middle	secondary_endpoint_extension	operational endpoint-aligned recovery annotation; not primary model-audit evidence
Jurkat day 7	Jurkat	UBE3C	0.5008891523414345		middle	secondary_endpoint_extension	operational endpoint-aligned recovery annotation; not primary model-audit evidence
Jurkat day 7	Jurkat	UBQLN4	0.7184350918790753		middle	secondary_endpoint_extension	operational endpoint-aligned recovery annotation; not primary model-audit evidence
Jurkat day 7	Jurkat	UBR5	0.4831061055127445		middle	secondary_endpoint_extension	operational endpoint-aligned recovery annotation; not primary model-audit evidence
Jurkat day 7	Jurkat	UCHL5	0.3064611736810907		middle	secondary_endpoint_extension	operational endpoint-aligned recovery annotation; not primary model-audit evidence
Jurkat day 7	Jurkat	UFM1	0.6318909306461173		middle	secondary_endpoint_extension	operational endpoint-aligned recovery annotation; not primary model-audit evidence
Jurkat day 7	Jurkat	UMPS	0.8245406046235921		middle	secondary_endpoint_extension	operational endpoint-aligned recovery annotation; not primary model-audit evidence
Jurkat day 7	Jurkat	UNCX	0.43983402489626555		middle	secondary_endpoint_extension	operational endpoint-aligned recovery annotation; not primary model-audit evidence
Jurkat day 7	Jurkat	UPF2	0.946058091286307		middle	secondary_endpoint_extension	operational endpoint-aligned recovery annotation; not primary model-audit evidence
Jurkat day 7	Jurkat	UPF3A	0.5933609958506224		middle	secondary_endpoint_extension	operational endpoint-aligned recovery annotation; not primary model-audit evidence
Jurkat day 7	Jurkat	UQCRB	0.4463544754001186		middle	secondary_endpoint_extension	operational endpoint-aligned recovery annotation; not primary model-audit evidence
Jurkat day 7	Jurkat	UQCRC1	0.1885002963841138		middle	secondary_endpoint_extension	operational endpoint-aligned recovery annotation; not primary model-audit evidence
Jurkat day 7	Jurkat	UQCRC2	0.5637225844694724		middle	secondary_endpoint_extension	operational endpoint-aligned recovery annotation; not primary model-audit evidence
Jurkat day 7	Jurkat	UQCRQ	0.4842916419679905		middle	secondary_endpoint_extension	operational endpoint-aligned recovery annotation; not primary model-audit evidence
Jurkat day 7	Jurkat	URB1	0.6579727326615293		middle	secondary_endpoint_extension	operational endpoint-aligned recovery annotation; not primary model-audit evidence
Jurkat day 7	Jurkat	URB2	0.4066390041493776		middle	secondary_endpoint_extension	operational endpoint-aligned recovery annotation; not primary model-audit evidence
Jurkat day 7	Jurkat	URM1	0.5026674570243035		middle	secondary_endpoint_extension	operational endpoint-aligned recovery annotation; not primary model-audit evidence
Jurkat day 7	Jurkat	UROD	0.11558980438648489		middle	secondary_endpoint_extension	operational endpoint-aligned recovery annotation; not primary model-audit evidence
Jurkat day 7	Jurkat	USF2	0.49377593360995853		middle	secondary_endpoint_extension	operational endpoint-aligned recovery annotation; not primary model-audit evidence
Jurkat day 7	Jurkat	USP10	0.6556016597510373		middle	secondary_endpoint_extension	operational endpoint-aligned recovery annotation; not primary model-audit evidence
Jurkat day 7	Jurkat	USP19	0.4451689389448725		middle	secondary_endpoint_extension	operational endpoint-aligned recovery annotation; not primary model-audit evidence
Jurkat day 7	Jurkat	USP39	0.3023117960877297		middle	secondary_endpoint_extension	operational endpoint-aligned recovery annotation; not primary model-audit evidence
Jurkat day 7	Jurkat	USP9X	0.23414344991108477		middle	secondary_endpoint_extension	operational endpoint-aligned recovery annotation; not primary model-audit evidence
Jurkat day 7	Jurkat	UTP18	0.7747480735032602		middle	secondary_endpoint_extension	operational endpoint-aligned recovery annotation; not primary model-audit evidence
Jurkat day 7	Jurkat	UTP23	0.6544161232957914		middle	secondary_endpoint_extension	operational endpoint-aligned recovery annotation; not primary model-audit evidence
Jurkat day 7	Jurkat	UTP3	0.918197984588026		middle	secondary_endpoint_extension	operational endpoint-aligned recovery annotation; not primary model-audit evidence
Jurkat day 7	Jurkat	UTP6	0.8915234143449912		middle	secondary_endpoint_extension	operational endpoint-aligned recovery annotation; not primary model-audit evidence
Jurkat day 7	Jurkat	UXS1	0.08120924718435092		middle	secondary_endpoint_extension	operational endpoint-aligned recovery annotation; not primary model-audit evidence
Jurkat day 7	Jurkat	UXT	0.915826911677534		middle	secondary_endpoint_extension	operational endpoint-aligned recovery annotation; not primary model-audit evidence
Jurkat day 7	Jurkat	VARS2	0.48073503260225253		middle	secondary_endpoint_extension	operational endpoint-aligned recovery annotation; not primary model-audit evidence
Jurkat day 7	Jurkat	VBP1	0.42679312388855956		middle	secondary_endpoint_extension	operational endpoint-aligned recovery annotation; not primary model-audit evidence
Jurkat day 7	Jurkat	VEZT	0.34439834024896265		middle	secondary_endpoint_extension	operational endpoint-aligned recovery annotation; not primary model-audit evidence
Jurkat day 7	Jurkat	VHL	0.4914048606994665		middle	secondary_endpoint_extension	operational endpoint-aligned recovery annotation; not primary model-audit evidence
Jurkat day 7	Jurkat	VPS13D	0.6864256075874333		middle	secondary_endpoint_extension	operational endpoint-aligned recovery annotation; not primary model-audit evidence
Jurkat day 7	Jurkat	VPS18	0.44279786603438054		middle	secondary_endpoint_extension	operational endpoint-aligned recovery annotation; not primary model-audit evidence
Jurkat day 7	Jurkat	VPS28	0.7065797273266153		middle	secondary_endpoint_extension	operational endpoint-aligned recovery annotation; not primary model-audit evidence
Jurkat day 7	Jurkat	VPS29	0.6212211025489034		middle	secondary_endpoint_extension	operational endpoint-aligned recovery annotation; not primary model-audit evidence
Jurkat day 7	Jurkat	VPS33A	0.41256668642560756		middle	secondary_endpoint_extension	operational endpoint-aligned recovery annotation; not primary model-audit evidence
Jurkat day 7	Jurkat	VPS35	0.6229994072317724		middle	secondary_endpoint_extension	operational endpoint-aligned recovery annotation; not primary model-audit evidence
Jurkat day 7	Jurkat	VPS37A	0.5779490219324244		middle	secondary_endpoint_extension	operational endpoint-aligned recovery annotation; not primary model-audit evidence
Jurkat day 7	Jurkat	VPS37C	0.3372851215174867		middle	secondary_endpoint_extension	operational endpoint-aligned recovery annotation; not primary model-audit evidence
Jurkat day 7	Jurkat	VPS41	0.05275637225844695		middle	secondary_endpoint_extension	operational endpoint-aligned recovery annotation; not primary model-audit evidence
Jurkat day 7	Jurkat	VPS51	0.5293420272673385		middle	secondary_endpoint_extension	operational endpoint-aligned recovery annotation; not primary model-audit evidence
Jurkat day 7	Jurkat	VPS72	0.8340248962655602		middle	secondary_endpoint_extension	operational endpoint-aligned recovery annotation; not primary model-audit evidence
Jurkat day 7	Jurkat	WAC	0.7439241256668643		middle	secondary_endpoint_extension	operational endpoint-aligned recovery annotation; not primary model-audit evidence
Jurkat day 7	Jurkat	WBP1	0.46473029045643155		middle	secondary_endpoint_extension	operational endpoint-aligned recovery annotation; not primary model-audit evidence
Jurkat day 7	Jurkat	WBP11	0.14344991108476585		middle	secondary_endpoint_extension	operational endpoint-aligned recovery annotation; not primary model-audit evidence
Jurkat day 7	Jurkat	WDFY3	0.7042086544161233		middle	secondary_endpoint_extension	operational endpoint-aligned recovery annotation; not primary model-audit evidence
Jurkat day 7	Jurkat	WDHD1	0.6502667457024304		middle	secondary_endpoint_extension	operational endpoint-aligned recovery annotation; not primary model-audit evidence
Jurkat day 7	Jurkat	WDR12	0.8772969768820391		middle	secondary_endpoint_extension	operational endpoint-aligned recovery annotation; not primary model-audit evidence
Jurkat day 7	Jurkat	WDR24	0.5625370480142264		middle	secondary_endpoint_extension	operational endpoint-aligned recovery annotation; not primary model-audit evidence
Jurkat day 7	Jurkat	WDR25	0.8826318909306461		middle	secondary_endpoint_extension	operational endpoint-aligned recovery annotation; not primary model-audit evidence
Jurkat day 7	Jurkat	WDR26	0.7664493183165383		middle	secondary_endpoint_extension	operational endpoint-aligned recovery annotation; not primary model-audit evidence
Jurkat day 7	Jurkat	WDR3	0.7771191464137522		middle	secondary_endpoint_extension	operational endpoint-aligned recovery annotation; not primary model-audit evidence
Jurkat day 7	Jurkat	WDR44	0.26674570243034973		middle	secondary_endpoint_extension	operational endpoint-aligned recovery annotation; not primary model-audit evidence
Jurkat day 7	Jurkat	WDR46	0.8269116775340841		middle	secondary_endpoint_extension	operational endpoint-aligned recovery annotation; not primary model-audit evidence
Jurkat day 7	Jurkat	WDR5	0.46176644931831656		middle	secondary_endpoint_extension	operational endpoint-aligned recovery annotation; not primary model-audit evidence
Jurkat day 7	Jurkat	WDR74	0.38292827504445764		middle	secondary_endpoint_extension	operational endpoint-aligned recovery annotation; not primary model-audit evidence
Jurkat day 7	Jurkat	WDR77	0.5050385299347955		middle	secondary_endpoint_extension	operational endpoint-aligned recovery annotation; not primary model-audit evidence
Jurkat day 7	Jurkat	WDR83OS	0.1985773562537048		middle	secondary_endpoint_extension	operational endpoint-aligned recovery annotation; not primary model-audit evidence
Jurkat day 7	Jurkat	WDTC1	0.9389448725548311		middle	secondary_endpoint_extension	operational endpoint-aligned recovery annotation; not primary model-audit evidence
Jurkat day 7	Jurkat	WNK1	0.5429756965026674		middle	secondary_endpoint_extension	operational endpoint-aligned recovery annotation; not primary model-audit evidence
Jurkat day 7	Jurkat	WTAP	0.7842323651452282		middle	secondary_endpoint_extension	operational endpoint-aligned recovery annotation; not primary model-audit evidence
Jurkat day 7	Jurkat	XPO5	0.4908120924718435		middle	secondary_endpoint_extension	operational endpoint-aligned recovery annotation; not primary model-audit evidence
Jurkat day 7	Jurkat	XRCC3	0.6627148784825133		middle	secondary_endpoint_extension	operational endpoint-aligned recovery annotation; not primary model-audit evidence
Jurkat day 7	Jurkat	XRCC5	0.970954356846473		middle	secondary_endpoint_extension	operational endpoint-aligned recovery annotation; not primary model-audit evidence
Jurkat day 7	Jurkat	YBX1	0.6330764671013633		middle	secondary_endpoint_extension	operational endpoint-aligned recovery annotation; not primary model-audit evidence
Jurkat day 7	Jurkat	YBX3	0.7018375815056312		middle	secondary_endpoint_extension	operational endpoint-aligned recovery annotation; not primary model-audit evidence
Jurkat day 7	Jurkat	YEATS2	0.5370480142264374		middle	secondary_endpoint_extension	operational endpoint-aligned recovery annotation; not primary model-audit evidence
Jurkat day 7	Jurkat	YJEFN3	0.07350326022525193		middle	secondary_endpoint_extension	operational endpoint-aligned recovery annotation; not primary model-audit evidence
Jurkat day 7	Jurkat	YKT6	0.7166567871962063		middle	secondary_endpoint_extension	operational endpoint-aligned recovery annotation; not primary model-audit evidence
Jurkat day 7	Jurkat	YPEL1	0.35625370480142265		middle	secondary_endpoint_extension	operational endpoint-aligned recovery annotation; not primary model-audit evidence
Jurkat day 7	Jurkat	YPEL5	0.5809128630705395		middle	secondary_endpoint_extension	operational endpoint-aligned recovery annotation; not primary model-audit evidence
Jurkat day 7	Jurkat	YY1	0.8541790160047421		middle	secondary_endpoint_extension	operational endpoint-aligned recovery annotation; not primary model-audit evidence
Jurkat day 7	Jurkat	ZBTB17	0.0942501481920569		middle	secondary_endpoint_extension	operational endpoint-aligned recovery annotation; not primary model-audit evidence
Jurkat day 7	Jurkat	ZC3H13	0.920569057498518		middle	secondary_endpoint_extension	operational endpoint-aligned recovery annotation; not primary model-audit evidence
Jurkat day 7	Jurkat	ZC3H18	0.9146413752222881		middle	secondary_endpoint_extension	operational endpoint-aligned recovery annotation; not primary model-audit evidence
Jurkat day 7	Jurkat	ZC3H3	0.7889745109662122		middle	secondary_endpoint_extension	operational endpoint-aligned recovery annotation; not primary model-audit evidence
Jurkat day 7	Jurkat	ZC3H4	0.6259632483698874		middle	secondary_endpoint_extension	operational endpoint-aligned recovery annotation; not primary model-audit evidence
Jurkat day 7	Jurkat	ZCCHC9	0.8624777711914642		middle	secondary_endpoint_extension	operational endpoint-aligned recovery annotation; not primary model-audit evidence
Jurkat day 7	Jurkat	ZCRB1	0.3894487255483106		middle	secondary_endpoint_extension	operational endpoint-aligned recovery annotation; not primary model-audit evidence
Jurkat day 7	Jurkat	ZDHHC7	0.45702430349733253		middle	secondary_endpoint_extension	operational endpoint-aligned recovery annotation; not primary model-audit evidence
Jurkat day 7	Jurkat	ZFC3H1	0.8227622999407231		middle	secondary_endpoint_extension	operational endpoint-aligned recovery annotation; not primary model-audit evidence
Jurkat day 7	Jurkat	ZFR	0.6336692353289863		middle	secondary_endpoint_extension	operational endpoint-aligned recovery annotation; not primary model-audit evidence
Jurkat day 7	Jurkat	ZMAT2	0.7486662714878483		middle	secondary_endpoint_extension	operational endpoint-aligned recovery annotation; not primary model-audit evidence
Jurkat day 7	Jurkat	ZMYM4	0.6028452874925904		middle	secondary_endpoint_extension	operational endpoint-aligned recovery annotation; not primary model-audit evidence
Jurkat day 7	Jurkat	ZNF131	0.5803200948429165		middle	secondary_endpoint_extension	operational endpoint-aligned recovery annotation; not primary model-audit evidence
Jurkat day 7	Jurkat	ZNF207	0.38529934795494963		middle	secondary_endpoint_extension	operational endpoint-aligned recovery annotation; not primary model-audit evidence
Jurkat day 7	Jurkat	ZNF236	0.3977474807350326		middle	secondary_endpoint_extension	operational endpoint-aligned recovery annotation; not primary model-audit evidence
Jurkat day 7	Jurkat	ZNF24	0.6496739774748074		middle	secondary_endpoint_extension	operational endpoint-aligned recovery annotation; not primary model-audit evidence
Jurkat day 7	Jurkat	ZNF292	0.16538233550681683		middle	secondary_endpoint_extension	operational endpoint-aligned recovery annotation; not primary model-audit evidence
Jurkat day 7	Jurkat	ZNF317	0.5844694724362774		middle	secondary_endpoint_extension	operational endpoint-aligned recovery annotation; not primary model-audit evidence
Jurkat day 7	Jurkat	ZNF407	0.35506816834617666		middle	secondary_endpoint_extension	operational endpoint-aligned recovery annotation; not primary model-audit evidence
Jurkat day 7	Jurkat	ZNF468	0.4836988737403675		middle	secondary_endpoint_extension	operational endpoint-aligned recovery annotation; not primary model-audit evidence
Jurkat day 7	Jurkat	ZNF492	0.25963248369887376		middle	secondary_endpoint_extension	operational endpoint-aligned recovery annotation; not primary model-audit evidence
Jurkat day 7	Jurkat	ZNF574	0.03793716656787196		middle	secondary_endpoint_extension	operational endpoint-aligned recovery annotation; not primary model-audit evidence
Jurkat day 7	Jurkat	ZNF658	0.34676941315945464		middle	secondary_endpoint_extension	operational endpoint-aligned recovery annotation; not primary model-audit evidence
Jurkat day 7	Jurkat	ZNF674	0.06698280972139893		middle	secondary_endpoint_extension	operational endpoint-aligned recovery annotation; not primary model-audit evidence
Jurkat day 7	Jurkat	ZNF687	0.3029045643153527		middle	secondary_endpoint_extension	operational endpoint-aligned recovery annotation; not primary model-audit evidence
Jurkat day 7	Jurkat	ZNF787	0.7308832246591582		middle	secondary_endpoint_extension	operational endpoint-aligned recovery annotation; not primary model-audit evidence
Jurkat day 7	Jurkat	ZNHIT1	0.8405453467694132		middle	secondary_endpoint_extension	operational endpoint-aligned recovery annotation; not primary model-audit evidence
Jurkat day 7	Jurkat	ZNHIT3	0.014819205690574985		middle	secondary_endpoint_extension	operational endpoint-aligned recovery annotation; not primary model-audit evidence
Jurkat day 7	Jurkat	ZNHIT6	0.7356253704801423		middle	secondary_endpoint_extension	operational endpoint-aligned recovery annotation; not primary model-audit evidence
Jurkat day 7	Jurkat	ZRANB2	0.6135151155898044		middle	secondary_endpoint_extension	operational endpoint-aligned recovery annotation; not primary model-audit evidence
Jurkat day 7	Jurkat	ZW10	0.35566093657379966		middle	secondary_endpoint_extension	operational endpoint-aligned recovery annotation; not primary model-audit evidence
