model_id	cell_line	total_shift_depmap_spearman	total_shift_depmap_pvalue	total_shift_depmap_qvalue	total_shift_depmap_status	panel	axis_aligned_depmap_spearman	axis_aligned_depmap_pvalue	axis_aligned_depmap_qvalue	axis_aligned_endpoint_permutation_qvalue	anchor_vs_low_information_axis_auc	metric_family	metric	pvalue_column	qvalue_column	source_table	correction_scope	object_role	n_targets	predicted_shift_mean_abs_n_unique	dependency_strength_n_unique	axis_aligned_depmap_status	axis_aligned_magnitude_n_unique	axis_aligned_endpoint_permutation_pvalue	axis_aligned_endpoint_permutation_zscore	predicted_vs_observed_shift_spearman	predicted_vs_observed_shift_pvalue	predicted_vs_observed_shift_status	observed_shift_mean_abs_n_unique	q1_anchor_count	low_information_count	mean_top_axis_share	mean_axis_entropy	mean_stress_axis_share	mean_target_axis_cosine_proxy	target_identity_preservation_spearman	target_identity_preservation_pvalue	target_identity_label_permutation_pvalue	target_identity_label_permutation_zscore	target_identity_preservation_status	target_identity_n_pairs	predicted_target_similarity_mean	observed_target_similarity_mean	target_identity_label_permutation_qvalue	endpoint_recovery_score	common_response_score	common_response_quadrant	target_gene	predicted_shift_mean_abs	predicted_shift_l2	predicted_topk_abs_shift	expected_axis	predicted_shift_axis_aligned_magnitude	axis_total_magnitude	top_axis	top_axis_magnitude	axis_entropy	stress_axis_magnitude	top_axis_share	common_axis_dominance_score	stress_axis_share	observed_shift_mean_abs	observed_shift_l2	depmap_gene_effect	dependency_strength	endpoint_category	depmap_gene_dependency	residual	quadrant	dataset_id	context	evidence_layer	claim_role	source_path	source_sha256	n_targets_total	n_targets_matched_depmap	dependency_strength_variable	shift_metric	spearman_rho	spearman_permutation_pvalue	spearman_bootstrap_ci_low	spearman_bootstrap_ci_high	pearson_r	pearson_permutation_pvalue	pearson_bootstrap_ci_low	pearson_bootstrap_ci_high	n_permutations	n_bootstrap	status	supported_claim
cellot_hcc_formal_v1	HCC1143	0.0448658649398704	0.7645943068716943	0.9293728162671568	estimated	a																																																																																					
cellot_hcc_formal_v1	HCC38	0.2172756706753006	0.1423632651594372	0.3986171424464242	estimated	a																																																																																					
cpa_v0.8.8	HCC1143	-0.1604995374653099	0.2811651385375679	0.4920389924407438	estimated	a																																																																																					
cpa_v0.8.8	HCC38	-0.1557585568917668	0.2958056476814158	0.5927871878731339	estimated	a																																																																																					
gears_hcc_formal_v1	HCC1143	0.0158418131359852	0.9158298597897396	0.971078286353992	estimated	a																																																																																					
gears_hcc_formal_v1	HCC38	0.2273358001850139	0.1243501393594644	0.3986171424464242	estimated	a																																																																																					
gears_hcc_formal_v1_e20_lr1e-03_wd1e-06	HCC1143	-0.2291859389454209	0.121233360062147	0.3459829576556604	estimated	a																																																																																					
gears_hcc_formal_v1_e20_lr1e-03_wd1e-06	HCC38	0.1195652173913043	0.4234194199093813	0.5927871878731339	estimated	a																																																																																					
gears_hcc_formal_v1_e30_lr1e-03_wd1e-05	HCC1143	0.0568917668825161	0.7040674447966342	0.9293728162671568	estimated	a																																																																																					
gears_hcc_formal_v1_e30_lr1e-03_wd1e-05	HCC38	0.1274283071230342	0.3933445199855087	0.5927871878731339	estimated	a																																																																																					
gears_hcc_formal_v1_e30_lr2e-03_wd1e-06	HCC1143	0.4927150786308972	0.0004342321778229	0.0030396252447603	estimated	a																																																																																					
gears_hcc_formal_v1_e30_lr2e-03_wd1e-06	HCC38	0.1376040703052728	0.356340108919035	0.5927871878731339	estimated	a																																																																																					
gears_hcc_formal_v1_e30_lr5e-04_wd1e-06	HCC1143	0.2277983348751156	0.1235653420198787	0.3459829576556604	estimated	a																																																																																					
gears_hcc_formal_v1_e30_lr5e-04_wd1e-06	HCC38	0.2511563367252544	0.0885883622041651	0.3986171424464242	estimated	a																																																																																					
gears_hcc_formal_v1_e40_lr1e-03_wd1e-06	HCC1143	-0.1666281221091582	0.2629558640250296	0.4920389924407438	estimated	a																																																																																					
gears_hcc_formal_v1_e40_lr1e-03_wd1e-06	HCC38	0.0779370952821461	0.6025651179900802	0.766901059260102	estimated	a																																																																																					
geneformer_hcc_formal_v1	HCC1143	0.145814061054579	0.3280879043060074	0.5103589622537893	estimated	a																																																																																					
geneformer_hcc_formal_v1	HCC38	-0.1236123959296947	0.4077804191672295	0.5927871878731339	estimated	a																																																																																					
lm_g_geneformer_ridge_hcc_formal_v1	HCC1143	-0.0054347826086956	0.971078286353992	0.971078286353992	estimated	a																																																																																					
lm_g_geneformer_ridge_hcc_formal_v1	HCC38	-0.0138760407030527	0.926243491979	0.926243491979	estimated	a																																																																																					
lm_g_scgpt_ridge_hcc_formal_v1	HCC1143	0.0386216466234967	0.7966052710861344	0.9293728162671568	estimated	a																																																																																					
lm_g_scgpt_ridge_hcc_formal_v1	HCC38	0.029486586493987	0.8440238618371709	0.908948774286184	estimated	a																																																																																					
lm_train_lowrank_hcc_formal_v1	HCC1143	0.1957678075855689	0.1872429963522215	0.4369003248218503	estimated	a																																																																																					
lm_train_lowrank_hcc_formal_v1	HCC38	0.0509944495837187	0.7335492754755175	0.8558074880547704	estimated	a																																																																																					
null_model	HCC1143				non_estimable_constant_score	a																																																																																					
null_model	HCC38				non_estimable_constant_score	a																																																																																					
scgen_hcc_formal_v1	HCC1143	0.5201202590194265	0.0001788037437314	0.0025032524122402	estimated	a																																																																																					
scgen_hcc_formal_v1	HCC38	0.4868177613320999	0.0005205873441632	0.0055512477149475	estimated	a																																																																																					
scgpt_hcc_formal_v1	HCC1143	0.2606382978723404	0.0768179229531643	0.3459829576556604	estimated	a																																																																																					
scgpt_hcc_formal_v1	HCC38	0.4727104532839963	0.0007930353878496	0.0055512477149475	estimated	a																																																																																					
shared_mean_baseline	HCC1143				non_estimable_constant_score	a																																																																																					
shared_mean_baseline	HCC38				non_estimable_constant_score	a																																																																																					
cellot_hcc_formal_v1	HCC1143					b	0.1771507863089731	0.2335629139358729	0.4688820004203888	0.2584915084915085																																																																																	
cellot_hcc_formal_v1	HCC38					b	0.0841813135985198	0.5737224569861368	0.6619874503686194	0.3469607315761162																																																																																	
cpa_v0.8.8	HCC1143					b	-0.1862858464384829	0.2099400159080872	0.4688820004203888	0.8871128871128872																																																																																	
cpa_v0.8.8	HCC38					b	0.198427382053654	0.181203725525325	0.4025520832136204	0.2247752247752247																																																																																	
gears_hcc_formal_v1	HCC1143					b	0.0860314523589269	0.5652996105866848	0.706624513233356	0.3608891108891108																																																																																	
gears_hcc_formal_v1	HCC38					b	0.2046716003700277	0.1675763276334002	0.4025520832136204	0.2247752247752247																																																																																	
gears_hcc_formal_v1_e20_lr1e-03_wd1e-06	HCC1143					b	0.075277520814061	0.615038450353651	0.7096597504080588	0.3608891108891108																																																																																	
gears_hcc_formal_v1_e20_lr1e-03_wd1e-06	HCC38					b	0.0884597594819611	0.554332594653234	0.6619874503686194	0.3321678321678321																																																																																	
gears_hcc_formal_v1_e30_lr1e-03_wd1e-05	HCC1143					b	0.094472710453284	0.5276174525574285	0.706624513233356	0.3608891108891108																																																																																	
gears_hcc_formal_v1_e30_lr1e-03_wd1e-05	HCC38					b	0.1705596669750231	0.2516981255277919	0.4025520832136204	0.2337662337662337																																																																																	
gears_hcc_formal_v1_e30_lr2e-03_wd1e-06	HCC1143					b	0.1957678075855689	0.1872429963522215	0.4688820004203888	0.2584915084915085																																																																																	
gears_hcc_formal_v1_e30_lr2e-03_wd1e-06	HCC38					b	0.2208603145235892	0.1357353681064436	0.4025520832136204	0.2247752247752247																																																																																	
gears_hcc_formal_v1_e30_lr5e-04_wd1e-06	HCC1143					b	0.1267345050878816	0.3959467360277486	0.593920104041623	0.3479853479853479																																																																																	
gears_hcc_formal_v1_e30_lr5e-04_wd1e-06	HCC38					b	0.291049953746531	0.047165747902719	0.2358287395135951	0.1348651348651348																																																																																	
gears_hcc_formal_v1_e40_lr1e-03_wd1e-06	HCC1143					b	-0.0124884366327474	0.9336017522402232	0.9336017522402232	0.6074694536232998																																																																																	
gears_hcc_formal_v1_e40_lr1e-03_wd1e-06	HCC38					b	0.1720629047178538	0.2474808444709792	0.4025520832136204	0.2247752247752247																																																																																	
geneformer_hcc_formal_v1	HCC1143					b	0.2015494912118409	0.1742939499144057	0.4688820004203888	0.2584915084915085																																																																																	
geneformer_hcc_formal_v1	HCC38					b	0.0679925994449583	0.6497510601791079	0.6961618501919012	0.3626373626373626																																																																																	
lm_g_geneformer_ridge_hcc_formal_v1	HCC1143					b	0.1711378353376503	0.2500704002242074	0.4688820004203888	0.2584915084915085																																																																																	
lm_g_geneformer_ridge_hcc_formal_v1	HCC38					b	0.1761100832562442	0.2363651902647547	0.4025520832136204	0.2247752247752247																																																																																	
lm_g_scgpt_ridge_hcc_formal_v1	HCC1143					b	-0.0350370027752081	0.8151361740758842	0.8733601865098759	0.6550592264877979																																																																																	
lm_g_scgpt_ridge_hcc_formal_v1	HCC38					b	0.0555041628122109	0.7109676514438327	0.7109676514438327	0.3626373626373626																																																																																	
lm_train_lowrank_hcc_formal_v1	HCC1143					b	0.1596901017576318	0.2836304780628932	0.4727174634381554	0.2584915084915085																																																																																	
lm_train_lowrank_hcc_formal_v1	HCC38					b	0.1647779833487511	0.268368055475747	0.4025520832136204	0.2247752247752247																																																																																	
null_model	HCC1143					b																																																																																					
null_model	HCC38					b																																																																																					
scgen_hcc_formal_v1	HCC1143					b	0.3497918593894542	0.0159454883321251	0.2391823249818778	0.1048951048951049																																																																																	
scgen_hcc_formal_v1	HCC38					b	0.4205596669750231	0.0032461547025935	0.0243461602694518	0.0224775224775224																																																																																	
scgpt_hcc_formal_v1	HCC1143					b	0.1838575393154486	0.2160496632832835	0.4688820004203888	0.2584915084915085																																																																																	
scgpt_hcc_formal_v1	HCC38					b	0.1107770582793709	0.4585205880332863	0.6252553473181177	0.3010625737898464																																																																																	
shared_mean_baseline	HCC1143					b	0.230621014478879	0.1188567450568381	0.4688820004203888	0.2584915084915085																																																																																	
shared_mean_baseline	HCC38					b	0.4501127051622612	0.001500827893862	0.0225124184079307	0.0224775224775224																																																																																	
cellot_hcc_formal_v1	HCC1143					c					0.5384615384615384																																																																																
cellot_hcc_formal_v1	HCC38					c					0.6115702479338843																																																																																
cpa_v0.8.8	HCC1143					c					0.3286713286713286																																																																																
cpa_v0.8.8	HCC38					c					0.7603305785123967																																																																																
gears_hcc_formal_v1	HCC1143					c					0.5594405594405595																																																																																
gears_hcc_formal_v1	HCC38					c					0.7520661157024794																																																																																
gears_hcc_formal_v1_e20_lr1e-03_wd1e-06	HCC1143					c					0.4895104895104895																																																																																
gears_hcc_formal_v1_e20_lr1e-03_wd1e-06	HCC38					c					0.628099173553719																																																																																
gears_hcc_formal_v1_e30_lr1e-03_wd1e-05	HCC1143					c					0.5944055944055944																																																																																
gears_hcc_formal_v1_e30_lr1e-03_wd1e-05	HCC38					c					0.6694214876033058																																																																																
gears_hcc_formal_v1_e30_lr2e-03_wd1e-06	HCC1143					c					0.5944055944055944																																																																																
gears_hcc_formal_v1_e30_lr2e-03_wd1e-06	HCC38					c					0.6859504132231405																																																																																
gears_hcc_formal_v1_e30_lr5e-04_wd1e-06	HCC1143					c					0.4615384615384615																																																																																
gears_hcc_formal_v1_e30_lr5e-04_wd1e-06	HCC38					c					0.71900826446281																																																																																
gears_hcc_formal_v1_e40_lr1e-03_wd1e-06	HCC1143					c					0.4685314685314685																																																																																
gears_hcc_formal_v1_e40_lr1e-03_wd1e-06	HCC38					c					0.6694214876033058																																																																																
geneformer_hcc_formal_v1	HCC1143					c					0.5944055944055944																																																																																
geneformer_hcc_formal_v1	HCC38					c					0.628099173553719																																																																																
lm_g_geneformer_ridge_hcc_formal_v1	HCC1143					c					0.5594405594405595																																																																																
lm_g_geneformer_ridge_hcc_formal_v1	HCC38					c					0.6776859504132231																																																																																
lm_g_scgpt_ridge_hcc_formal_v1	HCC1143					c					0.4405594405594406																																																																																
lm_g_scgpt_ridge_hcc_formal_v1	HCC38					c					0.5454545454545454																																																																																
lm_train_lowrank_hcc_formal_v1	HCC1143					c					0.6013986013986014																																																																																
lm_train_lowrank_hcc_formal_v1	HCC38					c					0.7024793388429752																																																																																
null_model	HCC1143					c					0.5																																																																																
null_model	HCC38					c					0.5																																																																																
scgen_hcc_formal_v1	HCC1143					c					0.6573426573426573																																																																																
scgen_hcc_formal_v1	HCC38					c					0.8347107438016529																																																																																
scgpt_hcc_formal_v1	HCC1143					c					0.6503496503496503																																																																																
scgpt_hcc_formal_v1	HCC38					c					0.6446280991735537																																																																																
shared_mean_baseline	HCC1143					c					0.5454545454545454																																																																																
shared_mean_baseline	HCC38					c					0.8925619834710743																																																																																
						d						total_endpoint_alignment	total_shift_vs_DepMap	total_shift_depmap_pvalue	total_shift_depmap_qvalue	reports/model_endpoint_recovery/model_summary.tsv	model x cell_line within cell_line																																																																										
						d						axis_aligned_endpoint_alignment	axis_aligned_shift_vs_DepMap	axis_aligned_depmap_pvalue	axis_aligned_depmap_qvalue	reports/model_endpoint_recovery/model_summary.tsv	model x cell_line within cell_line																																																																										
						d						axis_aligned_endpoint_alignment	axis_endpoint_permutation	axis_aligned_endpoint_permutation_pvalue	axis_aligned_endpoint_permutation_qvalue	reports/model_endpoint_recovery/model_summary.tsv	model x cell_line within cell_line																																																																										
						d						target_identity	target_label_permutation	target_identity_label_permutation_pvalue	target_identity_label_permutation_qvalue	reports/model_endpoint_recovery/target_identity_summary.tsv	model x cell_line within cell_line																																																																										
						d						residual_endpoint_recovery	residual_total_shift	residual_total_shift_pvalue	residual_total_shift_qvalue	reports/model_endpoint_recovery/residual_endpoint_recovery.tsv	model x cell_line within cell_line																																																																										
						d						residual_endpoint_recovery	residual_axis_aligned	residual_axis_aligned_pvalue	residual_axis_aligned_qvalue	reports/model_endpoint_recovery/residual_endpoint_recovery.tsv	model x cell_line within cell_line																																																																										
gears_hcc_formal_v1	HCC1143	0.0158418131359852	0.9158298597897396	0.971078286353992	estimated	e	0.0860314523589269	0.5652996105866848	0.706624513233356	0.3608891108891108	0.5594405594405595							entrant	47.0	47.0	47.0	estimated	47.0	0.2577422577422577	0.6308542779548804	-0.0558510638297872	0.7092404276698757	estimated	47.0	13.0	11.0	0.1240927683255225	0.908853018283206	0.1000376672244845	0.8951722923241306	0.0034259390670155	0.9104190654212224	0.4325674325674326	0.1415934247752366	estimated	1081.0	0.4724202434574844	0.0605282495699902	0.6055944055944056	0.6308542779548804	0.1065350359555124	low_recovery/low_common																																												
gears_hcc_formal_v1	HCC38	0.2273358001850139	0.1243501393594644	0.3986171424464242	estimated	e	0.2046716003700277	0.1675763276334002	0.4025520832136204	0.2247752247752247	0.7520661157024794							entrant	47.0	47.0	47.0	estimated	47.0	0.0879120879120879	1.3672536929012795	0.049491211840888	0.7411273599620365	estimated	47.0	11.0	11.0	0.1475447730062259	0.8962223704017135	0.0835094002854025	0.9296548583009722	0.0957375941622403	0.0016253773209933	0.0359640359640359	1.9311724207648389	estimated	1081.0	0.5460301042813953	0.0573125562535606	0.2237762237762237	1.3672536929012795	0.3218258701853763	high_recovery/low_common																																												
gears_hcc_formal_v1_e20_lr1e-03_wd1e-06	HCC1143	-0.2291859389454209	0.121233360062147	0.3459829576556604	estimated	e	0.075277520814061	0.615038450353651	0.7096597504080588	0.3608891108891108	0.4895104895104895							entrant	47.0	47.0	47.0	estimated	47.0	0.2887112887112887	0.5493274545802985	-0.2615633672525439	0.0757389469610815	estimated	47.0	13.0	11.0	0.1113892663851426	0.9181308997044744	0.0830625690272641	0.9305959190636376	0.0632262787341007	0.0376666428831592	0.0839160839160839	1.461342756209563	estimated	1081.0	0.5608439204019287	0.0605282495699902	0.3916083916083916	0.5493274545802985	0.1449922281442987	low_recovery/low_common																																												
gears_hcc_formal_v1_e20_lr1e-03_wd1e-06	HCC38	0.1195652173913043	0.4234194199093813	0.5927871878731339	estimated	e	0.0884597594819611	0.554332594653234	0.6619874503686194	0.3321678321678321	0.628099173553719							entrant	47.0	47.0	47.0	estimated	47.0	0.2657342657342657	0.5801109996819873	0.1958834412580943	0.1869774704203973	estimated	47.0	11.0	11.0	0.1503240631485726	0.9019313059334272	0.083009868139477	0.9336356310905876	0.052526813047639	0.0843114613501531	0.1488511488511488	1.0489699766820388	estimated	1081.0	0.6182453610071568	0.0573125562535606	0.3473193473193474	0.5801109996819873	0.339077516584952	low_recovery/low_common																																												
gears_hcc_formal_v1_e30_lr1e-03_wd1e-05	HCC1143	0.0568917668825161	0.7040674447966342	0.9293728162671568	estimated	e	0.094472710453284	0.5276174525574285	0.706624513233356	0.3608891108891108	0.5944055944055944							entrant	47.0	47.0	47.0	estimated	47.0	0.2757242757242757	0.6187361160599738	-0.0095975948196114	0.948948377427092	estimated	47.0	13.0	11.0	0.1223953683524476	0.9134563582713088	0.1091571012565679	0.9109621949734708	0.0374886408737792	0.2181061678699387	0.1468531468531468	1.0401000191971943	estimated	1081.0	0.3929365713742335	0.0605282495699902	0.513986013986014	0.6187361160599738	0.1656279901845046	low_recovery/low_common																																												
gears_hcc_formal_v1_e30_lr1e-03_wd1e-05	HCC38	0.1274283071230342	0.3933445199855087	0.5927871878731339	estimated	e	0.1705596669750231	0.2516981255277919	0.4025520832136204	0.2337662337662337	0.6694214876033058							entrant	47.0	47.0	47.0	estimated	47.0	0.1558441558441558	1.0958920807196828	-0.0283302497687326	0.8500690614294806	estimated	47.0	11.0	11.0	0.1635213057673427	0.8764927971374852	0.0984713473943082	0.9672754806151588	-0.0415299439201624	0.1724247678912987	0.7652347652347652	-0.7703723837694278	estimated	1081.0	0.8195872415007046	0.0573125562535606	0.8423883808499194	1.0958920807196828	0.5188067113229822	low_recovery/high_common																																												
gears_hcc_formal_v1_e30_lr2e-03_wd1e-06	HCC1143	0.4927150786308972	0.0004342321778229	0.0030396252447603	estimated	e	0.1957678075855689	0.1872429963522215	0.4688820004203888	0.2584915084915085	0.5944055944055944							entrant	47.0	47.0	47.0	estimated	47.0	0.0789210789210789	1.4176800562405845	0.3058510638297872	0.0365514684698264	estimated	47.0	13.0	11.0	0.1424783040589142	0.889068886367344	0.1167486285801652	0.932085031380762	0.1080833470602305	0.0003709293591934	0.0149850149850149	2.52446058145892	estimated	1081.0	0.4643565027679994	0.0605282495699902	0.1048951048951049	1.4176800562405845	0.2987954814104352	high_recovery/low_common																																												
gears_hcc_formal_v1_e30_lr2e-03_wd1e-06	HCC38	0.1376040703052728	0.356340108919035	0.5927871878731339	estimated	e	0.2208603145235892	0.1357353681064436	0.4025520832136204	0.2247752247752247	0.6859504132231405							entrant	47.0	47.0	47.0	estimated	47.0	0.0809190809190809	1.4573236370680276	0.1830481036077706	0.2181134239942068	estimated	47.0	11.0	11.0	0.1426414537599799	0.9116326374574236	0.120397980235844	0.9270389877073802	-0.0400209256811533	0.1885653611006789	0.7822177822177823	-0.8255730486520597	estimated	1081.0	0.7119459604433226	0.0573125562535606	0.8423883808499194	1.4573236370680276	0.4010322335752296	high_recovery/high_common																																												
gears_hcc_formal_v1_e30_lr5e-04_wd1e-06	HCC1143	0.2277983348751156	0.1235653420198787	0.3459829576556604	estimated	e	0.1267345050878816	0.3959467360277486	0.593920104041623	0.3479853479853479	0.4615384615384615							entrant	47.0	47.0	47.0	estimated	47.0	0.2087912087912088	0.8627817884676641	0.1466234967622571	0.3253807089026174	estimated	47.0	13.0	11.0	0.1499963305647873	0.8891507671125951	0.1395152442519359	0.906949264095796	-0.008688679480084	0.7753789315845937	0.5654345654345654	-0.2002880481436093	estimated	1081.0	0.3295028559342168	0.0605282495699902	0.719643992371265	0.8627817884676641	0.287131891462135	low_recovery/low_common																																												
gears_hcc_formal_v1_e30_lr5e-04_wd1e-06	HCC38	0.2511563367252544	0.0885883622041651	0.3986171424464242	estimated	e	0.291049953746531	0.047165747902719	0.2358287395135951	0.1348651348651348	0.71900826446281							entrant	47.0	47.0	47.0	estimated	47.0	0.0269730269730269	1.9491623961271196	0.1244218316373728	0.4046930421610909	estimated	47.0	11.0	11.0	0.1260066823169737	0.9042236911183378	0.1046763184106925	0.9212922727194258	0.0154454572899703	0.6119673549033471	0.3256743256743257	0.4063443272753669	estimated	1081.0	0.4443415055183273	0.0573125562535606	0.56993006993007	1.9491623961271196	0.3113900489545178	high_recovery/low_common																																												
gears_hcc_formal_v1_e40_lr1e-03_wd1e-06	HCC1143	-0.1666281221091582	0.2629558640250296	0.4920389924407438	estimated	e	-0.0124884366327474	0.9336017522402232	0.9336017522402232	0.6074694536232998	0.4685314685314685							entrant	47.0	47.0	47.0	estimated	47.0	0.5264735264735265	-0.067834692573133	-0.0919287696577243	0.5388421748914506	estimated	47.0	13.0	11.0	0.1299242228586277	0.9021968214426612	0.0907985362917787	0.9396809649994838	0.023098824730606	0.4480447421916254	0.2827172827172827	0.5309533960653462	estimated	1081.0	0.6022141880314819	0.0605282495699902	0.5694305694305695	-0.067834692573133	0.2382628746451952	low_recovery/low_common																																												
gears_hcc_formal_v1_e40_lr1e-03_wd1e-06	HCC38	0.0779370952821461	0.6025651179900802	0.766901059260102	estimated	e	0.1720629047178538	0.2474808444709792	0.4025520832136204	0.2247752247752247	0.6694214876033058							entrant	47.0	47.0	47.0	estimated	47.0	0.1268731268731268	1.1272633904034095	0.1378353376503237	0.3555245628031305	estimated	47.0	11.0	11.0	0.1578913846471374	0.8989417603418828	0.0839248186645132	0.9327295093160508	-0.0499240508349278	0.1008897971718665	0.8691308691308691	-1.0440748296342015	estimated	1081.0	0.4662983517585243	0.0573125562535606	0.8691308691308691	1.1272633904034095	0.3513107291948283	high_recovery/low_common																																												
null_model	HCC38					f																																										ARID1A	0.0	0.0	0.0	chromatin remodeling	0.0	0.0	ER stress / UPR	0.0		0.0				0.0085365617536346	4.5521106820450274	-0.1959555409927433	0.1959555409927433	shift_excess	0.0939245801107399	0.0024842926660479	middle																						
null_model	HCC38					f																																										BMPR1A	0.0	0.0	0.0	TGF-beta / BMP signaling	0.0	0.0	ER stress / UPR	0.0		0.0				0.0056197913890013	2.4112086854129164	-0.3519701364399601	0.3519701364399601	dependency_excess	0.2329854350238944	-0.0008580873192481	middle																						
null_model	HCC38					f																																										CDKN2A	0.0	0.0	0.0	cell cycle / replication	0.0	0.0	ER stress / UPR	0.0		0.0				0.0040551040534158	1.6153802596872924	0.2816188048418129	-0.2816188048418129	low_information	0.0034117871973033	-0.0006943366956666	low_shift_high_depmap																						
null_model	HCC38					f																																										COMMD6	0.0	0.0	0.0	NF-κB / copper signaling	0.0	0.0	ER stress / UPR	0.0		0.0				0.0042202270388882	1.715292039582324	0.1473822164133259	-0.1473822164133259	low_information	0.0087958879569685	-0.0008954126758508	low_shift_high_depmap																						
null_model	HCC38					f																																										ENY2	0.0	0.0	0.0	transcription / chromatin	0.0	0.0	ER stress / UPR	0.0		0.0				0.0103397858020701	4.544919712264169	-0.5509808712071267	0.5509808712071267	Q1_anchor	0.4895161201697765	0.0033190035078499	high_shift_low_depmap																						
null_model	HCC38					f																																										ERC1	0.0	0.0	0.0	synaptic / signaling	0.0	0.0	ER stress / UPR	0.0		0.0				0.00417172244801	1.7068626495623005	0.2188525570329813	-0.2188525570329813	low_information	0.0054295617631019	-0.000748945350976	low_shift_high_depmap																						
null_model	HCC38					f																																										ETV3	0.0	0.0	0.0	transcription regulation	0.0	0.0	ER stress / UPR	0.0		0.0				0.0051298888376656	2.131250251028423	-0.1735948251121793	0.1735948251121793	middle	0.0807914252803547	-0.0008613799584009	middle																						
null_model	HCC38					f																																										GON4L	0.0	0.0	0.0	transcription regulation	0.0	0.0	ER stress / UPR	0.0		0.0				0.0060144581054616	2.438389539750892	-0.4178073081616394	0.4178073081616394	dependency_excess	0.3129469325001975	-0.0006430251686404	middle																						
null_model	HCC38					f																																										HDGF	0.0	0.0	0.0	growth factor / proliferation	0.0	0.0	ER stress / UPR	0.0		0.0				0.0053940020400889	2.310398267970584	-0.0275129839181656	0.0275129839181656	middle	0.0286996254177853	-0.0001987538037882	middle																						
null_model	HCC38					f																																										HLX	0.0	0.0	0.0	transcription regulation	0.0	0.0	ER stress / UPR	0.0		0.0				0.0052991294769277	2.2837459862813443	0.1969791502719058	-0.1969791502719058	middle	0.006315463793662	0.000318790771335	middle																						
null_model	HCC38					f																																										KLF3	0.0	0.0	0.0	transcription regulation	0.0	0.0	ER stress / UPR	0.0		0.0				0.0054676604656395	2.319837106922052	-0.2832468490799181	0.2832468490799181	dependency_excess	0.1616884807733207	-0.0008227403199183	middle																						
null_model	HCC38					f																																										LAMTOR5	0.0	0.0	0.0	mTOR / lysosome / signaling	0.0	0.0	ER stress / UPR	0.0		0.0				0.0106435490794122	5.5264970297394775	-0.1880265849724247	0.1880265849724247	shift_excess	0.0890975409858624	0.004612910275546	middle																						
null_model	HCC38					f																																										MAML3	0.0	0.0	0.0	transcription regulation	0.0	0.0	ER stress / UPR	0.0		0.0				0.0039010408237359	1.5384476186420233	0.1348356419568611	-0.1348356419568611	low_information	0.009549016733777	-0.0012488260912194	low_shift_high_depmap																						
null_model	HCC38					f																																										MIER1	0.0	0.0	0.0	transcription regulation	0.0	0.0	ER stress / UPR	0.0		0.0				0.0049938655360828	2.045207713573186	0.1844901338995709	-0.1844901338995709	middle	0.0068709338808792	-2.054335060692764e-05	middle																						
null_model	HCC38					f																																										MTDH	0.0	0.0	0.0	signaling / oncogene	0.0	0.0	ER stress / UPR	0.0		0.0				0.0056310162158605	2.564566136296016	-0.0521834016027112	0.0521834016027112	middle	0.0342163047187118	-2.904081276937972e-05	middle																						
null_model	HCC38					f																																										MYBL1	0.0	0.0	0.0	transcription regulation	0.0	0.0	ER stress / UPR	0.0		0.0				0.0071407239504648	3.414490893578291	0.0709136850199211	-0.0709136850199211	shift_excess	0.0145675964421822	0.0018164771977387	middle																						
null_model	HCC38					f																																										NCOA1	0.0	0.0	0.0	nuclear receptor / co-activator	0.0	0.0	ER stress / UPR	0.0		0.0				0.0043489041564256	1.803675839063153	-0.0933676037953646	0.0933676037953646	middle	0.0459486880054965	-0.0014235038520742	middle																						
null_model	HCC38					f																																										NPM1	0.0	0.0	0.0	ribosome biogenesis / nucleolar	0.0	0.0	ER stress / UPR	0.0		0.0				0.0113723052385142	5.049583398617561	-0.9484209992220038	0.9484209992220038	Q1_anchor	0.8555302996262993	0.0032673016787406	high_shift_low_depmap																						
null_model	HCC38					f																																										PA2G4	0.0	0.0	0.0	growth / proliferation	0.0	0.0	ER stress / UPR	0.0		0.0				0.0071702138866234	3.347055500027386	-0.4663635980262615	0.4663635980262615	Q1_anchor	0.3764696904296344	0.0003802684922252	middle																						
null_model	HCC38					f																																										PARK7	0.0	0.0	0.0	oxidative stress / mitochondrial	0.0	0.0	ER stress / UPR	0.0		0.0				0.0050560733285705	2.227876740019074	0.0134496621963463	-0.0134496621963463	middle	0.0215311147572859	-0.0004249359429801	middle																						
null_model	HCC38					f																																										PCBD1	0.0	0.0	0.0	metabolism / transcription	0.0	0.0	ER stress / UPR	0.0		0.0				0.0041690086810655	1.7392892243046572	0.016465541489049	-0.016465541489049	low_information	0.0210892465180688	-0.0013037732368964	middle																						
null_model	HCC38					f																																										PEX14	0.0	0.0	0.0	peroxisome / metabolism	0.0	0.0	ER stress / UPR	0.0		0.0				0.004391741095693	1.8521323648982424	0.232031509113923	-0.232031509113923	low_information	0.0049454685061893	-0.0004929743696039	low_shift_high_depmap																						
null_model	HCC38					f																																										PFDN5	0.0	0.0	0.0	proteostasis / chaperone	0.0	0.0	ER stress / UPR	0.0		0.0				0.0091179791241103	3.763957430728924	-0.8870801927678431	0.8870801927678431	Q1_anchor	0.8201974002162512	0.0011803139937399	high_shift_low_depmap																						
null_model	HCC38					f																																										PMF1	0.0	0.0	0.0	transcription regulation	0.0	0.0	ER stress / UPR	0.0		0.0				0.0092008578860405	3.907662671107953	-1.5920218294593655	1.5920218294593655	Q1_anchor	0.9978434877605236	-0.0006598961817566	high_shift_low_depmap																						
null_model	HCC38					f																																										PRDX2	0.0	0.0	0.0	oxidative stress / antioxidant	0.0	0.0	ER stress / UPR	0.0		0.0				0.0048643958897732	2.130357874677587	-0.278397829186231	0.278397829186231	middle	0.1572365253337959	-0.0014127767134366	middle																						
null_model	HCC38					f																																										PRPF6	0.0	0.0	0.0	RNA processing / spliceosome	0.0	0.0	ER stress / UPR	0.0		0.0				0.0144798741040019	5.908263551904799	-1.5741714599009082	1.5741714599009082	Q1_anchor	0.9972796156547944	0.0046678160507967	high_shift_low_depmap																						
null_model	HCC38					f																																										RORC	0.0	0.0	0.0	nuclear receptor / metabolism	0.0	0.0	ER stress / UPR	0.0		0.0				0.0047603589109585	1.944086166826961	-0.377798049598536	0.377798049598536	dependency_excess	0.263229534078098	-0.001787978643083	middle																						
null_model	HCC38					f																																										RPS3	0.0	0.0	0.0	ribosomal / translation	0.0	0.0	ER stress / UPR	0.0		0.0				0.0096911866022176	4.1654645837132325	-1.977444057423196	1.977444057423196	Q1_anchor	1.0	-0.0012210037608086	high_shift_low_depmap																						
null_model	HCC38					f																																										RUVBL2	0.0	0.0	0.0	chromatin remodeling	0.0	0.0	ER stress / UPR	0.0		0.0				0.0082501146934477	3.3300033506603586	-1.3247838305863433	1.3247838305863433	Q1_anchor	0.978029448287533	-0.000881611022861	high_shift_low_depmap																						
null_model	HCC38					f																																										SMAD1	0.0	0.0	0.0	TGF-beta / BMP signaling	0.0	0.0	ER stress / UPR	0.0		0.0				0.0045644798021591	1.9253649364438048	0.092940314960579	-0.092940314960579	low_information	0.0125810954880103	-0.0006996780493545	middle																						
null_model	HCC38					f																																										STAT3	0.0	0.0	0.0	JAK-STAT signaling	0.0	0.0	ER stress / UPR	0.0		0.0				0.0049421595924907	2.1690524844948564	0.0005423560077098	-0.0005423560077098	middle	0.0235621693286022	-0.0005740609596133	middle																						
null_model	HCC38					f																																										TAB3	0.0	0.0	0.0	NF-κB / MAPK signaling	0.0	0.0	ER stress / UPR	0.0		0.0				0.005355838101385	2.217455001567444	-0.0196506729762948	0.0196506729762948	middle	0.0271522701939877	-0.0002154692673164	middle																						
null_model	HCC38					f																																										TADA3	0.0	0.0	0.0	transcription / chromatin	0.0	0.0	ER stress / UPR	0.0		0.0				0.0091400872937874	4.428444823703298	-0.0575575471120086	0.0575575471120086	shift_excess	0.035551946395066	0.003465369534057	middle																						
null_model	HCC38					f																																										THAP8	0.0	0.0	0.0	transcription regulation	0.0	0.0	ER stress / UPR	0.0		0.0				0.0050563694115236	2.120590397995916	-0.0175508210223816	0.0175508210223816	middle	0.0267473201978675	-0.0005092095367631	middle																						
null_model	HCC38					f																																										THRA	0.0	0.0	0.0	nuclear receptor / metabolism	0.0	0.0	ER stress / UPR	0.0		0.0				0.0058419151883759	2.5748785168349526	-0.1244560670130739	0.1244560670130739	middle	0.0573416619307745	-1.5302507314757935e-05	middle																						
null_model	HCC38					f																																										TMF1	0.0	0.0	0.0	transcription regulation	0.0	0.0	ER stress / UPR	0.0		0.0				0.00630257681098	2.6709537577516334	-0.1739325679207107	0.1739325679207107	middle	0.0809743969956026	0.0003103866486258	middle																						
null_model	HCC38					f																																										TMSB4X	0.0	0.0	0.0	cytoskeleton / cell motility	0.0	0.0	ER stress / UPR	0.0		0.0				0.0045126915949235	1.993718373946049	-0.3380993515689319	0.3380993515689319	dependency_excess	0.2174493812731642	-0.0019273474517844	middle																						
null_model	HCC38					f																																										UBP1	0.0	0.0	0.0	transcription regulation	0.0	0.0	ER stress / UPR	0.0		0.0				0.004398069047543	1.8193468573847944	0.0228586479772922	-0.0228586479772922	low_information	0.0201784564207119	-0.0010572724019838	middle																						
null_model	HCC38					f																																										VEZF1	0.0	0.0	0.0	transcription regulation	0.0	0.0	ER stress / UPR	0.0		0.0				0.0073740581188237	3.330757494619107	-0.151644262020672	0.151644262020672	shift_excess	0.0694464693745538	0.0014426707127253	middle																						
null_model	HCC38					f																																										XBP1	0.0	0.0	0.0	ER stress / UPR	0.0	0.0	ER stress / UPR	0.0		0.0				0.0040282961697656	1.6387798034173342	0.1080243659617565	-0.1080243659617565	low_information	0.0113924113087519	-0.0011947122161723	low_shift_high_depmap																						
null_model	HCC38					f																																										YBX1	0.0	0.0	0.0	RNA processing / transcription	0.0	0.0	ER stress / UPR	0.0		0.0				0.0076494599161971	3.716232319681118	-2.475443696624305	2.475443696624305	Q1_anchor	1.0	-0.0046212792218524	middle																						
null_model	HCC38					f																																										ZBTB17	0.0	0.0	0.0	transcription regulation	0.0	0.0	ER stress / UPR	0.0		0.0				0.0079465191255336	3.493035111075968	-0.3779576510823618	0.3779576510823618	Q1_anchor	0.2634223656448051	0.0013977461767984	high_shift_low_depmap																						
null_model	HCC38					f																																										ZBTB20	0.0	0.0	0.0	transcription regulation	0.0	0.0	ER stress / UPR	0.0		0.0				0.0048062658192207	2.1590019433283736	0.3536029010287363	-0.3536029010287363	low_information	0.0018330352467763	0.0002531985170202	middle																						
null_model	HCC38					f																																										ZBTB5	0.0	0.0	0.0	transcription regulation	0.0	0.0	ER stress / UPR	0.0		0.0				0.0046384099549855	1.897499312170974	0.0729011804312269	-0.0729011804312269	low_information	0.0143722132742512	-0.0006804148872734	middle																						
null_model	HCC38					f																																										ZNF131	0.0	0.0	0.0	transcription regulation	0.0	0.0	ER stress / UPR	0.0		0.0				0.0098454685363047	4.415636227925105	-0.6933601874242165	0.6933601874242165	Q1_anchor	0.6622862073859538	0.0024362738208512	high_shift_low_depmap																						
null_model	HCC38					f																																										ZNF24	0.0	0.0	0.0	transcription regulation	0.0	0.0	ER stress / UPR	0.0		0.0				0.0039710221358838	1.6212123105803893	-0.0751354213507236	0.0751354213507236	middle	0.0403071652767106	-0.0017516482680549	middle																						
null_model	HCC38					f																																										ZNF566	0.0	0.0	0.0	transcription regulation	0.0	0.0	ER stress / UPR	0.0		0.0				0.0045411647163488	1.9239272325468384	-0.1834100057572494	0.1834100057572494	middle	0.0863639716532793	-0.0014768800060284	middle																						
shared_mean_baseline	HCC38					f												baseline																														ARID1A	0.0198754027226199	0.2390592344265882	0.0545976882721122	chromatin remodeling	0.0401545703562317	0.6533574556390201	ribosomal / translation	0.188118980522984	0.8240235951561674	0.0315133409138557	0.2879265842906669	0.2879265842906669	0.0482329246293422	0.0085365617536346	4.5521106820450274	-0.1959555409927433	0.1959555409927433	shift_excess	0.0939245801107399	0.0024842926660479	middle																						
shared_mean_baseline	HCC38					f												baseline																														BMPR1A	0.0198754027226199	0.2390592344265882	0.0545976882721122	TGF-beta / BMP signaling	0.0189854892191608	0.6533574556390201	ribosomal / translation	0.188118980522984	0.8240235951561674	0.0315133409138557	0.2879265842906669	0.2879265842906669	0.0482329246293422	0.0056197913890013	2.4112086854129164	-0.3519701364399601	0.3519701364399601	dependency_excess	0.2329854350238944	-0.0008580873192481	middle																						
shared_mean_baseline	HCC38					f												baseline																														CDKN2A	0.0198754027226199	0.2390592344265882	0.0545976882721122	cell cycle / replication	0.0	0.6533574556390201	ribosomal / translation	0.188118980522984	0.8240235951561674	0.0315133409138557	0.2879265842906669	0.2879265842906669	0.0482329246293422	0.0040551040534158	1.6153802596872924	0.2816188048418129	-0.2816188048418129	low_information	0.0034117871973033	-0.0006943366956666	low_shift_high_depmap																						
shared_mean_baseline	HCC38					f												baseline																														COMMD6	0.0198754027226199	0.2390592344265882	0.0545976882721122	NF-κB / copper signaling	0.0048315480476265	0.6533574556390201	ribosomal / translation	0.188118980522984	0.8240235951561674	0.0315133409138557	0.2879265842906669	0.2879265842906669	0.0482329246293422	0.0042202270388882	1.715292039582324	0.1473822164133259	-0.1473822164133259	low_information	0.0087958879569685	-0.0008954126758508	low_shift_high_depmap																						
shared_mean_baseline	HCC38					f												baseline																														ENY2	0.0198754027226199	0.2390592344265882	0.0545976882721122	transcription / chromatin	0.0204510903976564	0.6533574556390201	ribosomal / translation	0.188118980522984	0.8240235951561674	0.0315133409138557	0.2879265842906669	0.2879265842906669	0.0482329246293422	0.0103397858020701	4.544919712264169	-0.5509808712071267	0.5509808712071267	Q1_anchor	0.4895161201697765	0.0033190035078499	high_shift_low_depmap																						
shared_mean_baseline	HCC38					f												baseline																														ERC1	0.0198754027226199	0.2390592344265882	0.0545976882721122	synaptic / signaling	0.0059125577883128	0.6533574556390201	ribosomal / translation	0.188118980522984	0.8240235951561674	0.0315133409138557	0.2879265842906669	0.2879265842906669	0.0482329246293422	0.00417172244801	1.7068626495623005	0.2188525570329813	-0.2188525570329813	low_information	0.0054295617631019	-0.000748945350976	low_shift_high_depmap																						
shared_mean_baseline	HCC38					f												baseline																														ETV3	0.0198754027226199	0.2390592344265882	0.0545976882721122	transcription regulation	0.0117881710146868	0.6533574556390201	ribosomal / translation	0.188118980522984	0.8240235951561674	0.0315133409138557	0.2879265842906669	0.2879265842906669	0.0482329246293422	0.0051298888376656	2.131250251028423	-0.1735948251121793	0.1735948251121793	middle	0.0807914252803547	-0.0008613799584009	middle																						
shared_mean_baseline	HCC38					f												baseline																														GON4L	0.0198754027226199	0.2390592344265882	0.0545976882721122	transcription regulation	0.0117881710146868	0.6533574556390201	ribosomal / translation	0.188118980522984	0.8240235951561674	0.0315133409138557	0.2879265842906669	0.2879265842906669	0.0482329246293422	0.0060144581054616	2.438389539750892	-0.4178073081616394	0.4178073081616394	dependency_excess	0.3129469325001975	-0.0006430251686404	middle																						
shared_mean_baseline	HCC38					f												baseline																														HDGF	0.0198754027226199	0.2390592344265882	0.0545976882721122	growth factor / proliferation	0.0329777206172285	0.6533574556390201	ribosomal / translation	0.188118980522984	0.8240235951561674	0.0315133409138557	0.2879265842906669	0.2879265842906669	0.0482329246293422	0.0053940020400889	2.310398267970584	-0.0275129839181656	0.0275129839181656	middle	0.0286996254177853	-0.0001987538037882	middle																						
shared_mean_baseline	HCC38					f												baseline																														HLX	0.0198754027226199	0.2390592344265882	0.0545976882721122	transcription regulation	0.0117881710146868	0.6533574556390201	ribosomal / translation	0.188118980522984	0.8240235951561674	0.0315133409138557	0.2879265842906669	0.2879265842906669	0.0482329246293422	0.0052991294769277	2.2837459862813443	0.1969791502719058	-0.1969791502719058	middle	0.006315463793662	0.000318790771335	middle																						
shared_mean_baseline	HCC38					f												baseline																														KLF3	0.0198754027226199	0.2390592344265882	0.0545976882721122	transcription regulation	0.0117881710146868	0.6533574556390201	ribosomal / translation	0.188118980522984	0.8240235951561674	0.0315133409138557	0.2879265842906669	0.2879265842906669	0.0482329246293422	0.0054676604656395	2.319837106922052	-0.2832468490799181	0.2832468490799181	dependency_excess	0.1616884807733207	-0.0008227403199183	middle																						
shared_mean_baseline	HCC38					f												baseline																														LAMTOR5	0.0198754027226199	0.2390592344265882	0.0545976882721122	mTOR / lysosome / signaling	0.030208152067647	0.6533574556390201	ribosomal / translation	0.188118980522984	0.8240235951561674	0.0315133409138557	0.2879265842906669	0.2879265842906669	0.0482329246293422	0.0106435490794122	5.5264970297394775	-0.1880265849724247	0.1880265849724247	shift_excess	0.0890975409858624	0.004612910275546	middle																						
shared_mean_baseline	HCC38					f												baseline																														MAML3	0.0198754027226199	0.2390592344265882	0.0545976882721122	transcription regulation	0.0117881710146868	0.6533574556390201	ribosomal / translation	0.188118980522984	0.8240235951561674	0.0315133409138557	0.2879265842906669	0.2879265842906669	0.0482329246293422	0.0039010408237359	1.5384476186420233	0.1348356419568611	-0.1348356419568611	low_information	0.009549016733777	-0.0012488260912194	low_shift_high_depmap																						
shared_mean_baseline	HCC38					f												baseline																														MIER1	0.0198754027226199	0.2390592344265882	0.0545976882721122	transcription regulation	0.0117881710146868	0.6533574556390201	ribosomal / translation	0.188118980522984	0.8240235951561674	0.0315133409138557	0.2879265842906669	0.2879265842906669	0.0482329246293422	0.0049938655360828	2.045207713573186	0.1844901338995709	-0.1844901338995709	middle	0.0068709338808792	-2.054335060692764e-05	middle																						
shared_mean_baseline	HCC38					f												baseline																														MTDH	0.0198754027226199	0.2390592344265882	0.0545976882721122	signaling / oncogene	0.0505176075808181	0.6533574556390201	ribosomal / translation	0.188118980522984	0.8240235951561674	0.0315133409138557	0.2879265842906669	0.2879265842906669	0.0482329246293422	0.0056310162158605	2.564566136296016	-0.0521834016027112	0.0521834016027112	middle	0.0342163047187118	-2.904081276937972e-05	middle																						
shared_mean_baseline	HCC38					f												baseline																														MYBL1	0.0198754027226199	0.2390592344265882	0.0545976882721122	transcription regulation	0.0117881710146868	0.6533574556390201	ribosomal / translation	0.188118980522984	0.8240235951561674	0.0315133409138557	0.2879265842906669	0.2879265842906669	0.0482329246293422	0.0071407239504648	3.414490893578291	0.0709136850199211	-0.0709136850199211	shift_excess	0.0145675964421822	0.0018164771977387	middle																						
shared_mean_baseline	HCC38					f												baseline																														NCOA1	0.0198754027226199	0.2390592344265882	0.0545976882721122	nuclear receptor / co-activator	0.0156656607566335	0.6533574556390201	ribosomal / translation	0.188118980522984	0.8240235951561674	0.0315133409138557	0.2879265842906669	0.2879265842906669	0.0482329246293422	0.0043489041564256	1.803675839063153	-0.0933676037953646	0.0933676037953646	middle	0.0459486880054965	-0.0014235038520742	middle																						
shared_mean_baseline	HCC38					f												baseline																														NPM1	0.0198754027226199	0.2390592344265882	0.0545976882721122	ribosome biogenesis / nucleolar	0.0341503910112806	0.6533574556390201	ribosomal / translation	0.188118980522984	0.8240235951561674	0.0315133409138557	0.2879265842906669	0.2879265842906669	0.0482329246293422	0.0113723052385142	5.049583398617561	-0.9484209992220038	0.9484209992220038	Q1_anchor	0.8555302996262993	0.0032673016787406	high_shift_low_depmap																						
shared_mean_baseline	HCC38					f												baseline																														PA2G4	0.0198754027226199	0.2390592344265882	0.0545976882721122	growth / proliferation	0.0195204062241308	0.6533574556390201	ribosomal / translation	0.188118980522984	0.8240235951561674	0.0315133409138557	0.2879265842906669	0.2879265842906669	0.0482329246293422	0.0071702138866234	3.347055500027386	-0.4663635980262615	0.4663635980262615	Q1_anchor	0.3764696904296344	0.0003802684922252	middle																						
shared_mean_baseline	HCC38					f												baseline																														PARK7	0.0198754027226199	0.2390592344265882	0.0545976882721122	oxidative stress / mitochondrial	0.0032747243787792	0.6533574556390201	ribosomal / translation	0.188118980522984	0.8240235951561674	0.0315133409138557	0.2879265842906669	0.2879265842906669	0.0482329246293422	0.0050560733285705	2.227876740019074	0.0134496621963463	-0.0134496621963463	middle	0.0215311147572859	-0.0004249359429801	middle																						
shared_mean_baseline	HCC38					f												baseline																														PCBD1	0.0198754027226199	0.2390592344265882	0.0545976882721122	metabolism / transcription	0.0038045401418678	0.6533574556390201	ribosomal / translation	0.188118980522984	0.8240235951561674	0.0315133409138557	0.2879265842906669	0.2879265842906669	0.0482329246293422	0.0041690086810655	1.7392892243046572	0.016465541489049	-0.016465541489049	low_information	0.0210892465180688	-0.0013037732368964	middle																						
shared_mean_baseline	HCC38					f												baseline																														PEX14	0.0198754027226199	0.2390592344265882	0.0545976882721122	peroxisome / metabolism	0.0204485817940917	0.6533574556390201	ribosomal / translation	0.188118980522984	0.8240235951561674	0.0315133409138557	0.2879265842906669	0.2879265842906669	0.0482329246293422	0.004391741095693	1.8521323648982424	0.232031509113923	-0.232031509113923	low_information	0.0049454685061893	-0.0004929743696039	low_shift_high_depmap																						
shared_mean_baseline	HCC38					f												baseline																														PFDN5	0.0198754027226199	0.2390592344265882	0.0545976882721122	proteostasis / chaperone	0.0486800185231999	0.6533574556390201	ribosomal / translation	0.188118980522984	0.8240235951561674	0.0315133409138557	0.2879265842906669	0.2879265842906669	0.0482329246293422	0.0091179791241103	3.763957430728924	-0.8870801927678431	0.8870801927678431	Q1_anchor	0.8201974002162512	0.0011803139937399	high_shift_low_depmap																						
shared_mean_baseline	HCC38					f												baseline																														PMF1	0.0198754027226199	0.2390592344265882	0.0545976882721122	transcription regulation	0.0117881710146868	0.6533574556390201	ribosomal / translation	0.188118980522984	0.8240235951561674	0.0315133409138557	0.2879265842906669	0.2879265842906669	0.0482329246293422	0.0092008578860405	3.907662671107953	-1.5920218294593655	1.5920218294593655	Q1_anchor	0.9978434877605236	-0.0006598961817566	high_shift_low_depmap																						
shared_mean_baseline	HCC38					f												baseline																														PRDX2	0.0198754027226199	0.2390592344265882	0.0545976882721122	oxidative stress / antioxidant	0.0223096184746569	0.6533574556390201	ribosomal / translation	0.188118980522984	0.8240235951561674	0.0315133409138557	0.2879265842906669	0.2879265842906669	0.0482329246293422	0.0048643958897732	2.130357874677587	-0.278397829186231	0.278397829186231	middle	0.1572365253337959	-0.0014127767134366	middle																						
shared_mean_baseline	HCC38					f												baseline																														PRPF6	0.0198754027226199	0.2390592344265882	0.0545976882721122	RNA processing / spliceosome	0.0234591048545911	0.6533574556390201	ribosomal / translation	0.188118980522984	0.8240235951561674	0.0315133409138557	0.2879265842906669	0.2879265842906669	0.0482329246293422	0.0144798741040019	5.908263551904799	-1.5741714599009082	1.5741714599009082	Q1_anchor	0.9972796156547944	0.0046678160507967	high_shift_low_depmap																						
shared_mean_baseline	HCC38					f												baseline																														RORC	0.0198754027226199	0.2390592344265882	0.0545976882721122	nuclear receptor / metabolism	0.0007964151013904	0.6533574556390201	ribosomal / translation	0.188118980522984	0.8240235951561674	0.0315133409138557	0.2879265842906669	0.2879265842906669	0.0482329246293422	0.0047603589109585	1.944086166826961	-0.377798049598536	0.377798049598536	dependency_excess	0.263229534078098	-0.001787978643083	middle																						
shared_mean_baseline	HCC38					f												baseline																														RPS3	0.0198754027226199	0.2390592344265882	0.0545976882721122	ribosomal / translation	0.188118980522984	0.6533574556390201	ribosomal / translation	0.188118980522984	0.8240235951561674	0.0315133409138557	0.2879265842906669	0.2879265842906669	0.0482329246293422	0.0096911866022176	4.1654645837132325	-1.977444057423196	1.977444057423196	Q1_anchor	1.0	-0.0012210037608086	high_shift_low_depmap																						
shared_mean_baseline	HCC38					f												baseline																														RUVBL2	0.0198754027226199	0.2390592344265882	0.0545976882721122	chromatin remodeling	0.0401545703562317	0.6533574556390201	ribosomal / translation	0.188118980522984	0.8240235951561674	0.0315133409138557	0.2879265842906669	0.2879265842906669	0.0482329246293422	0.0082501146934477	3.3300033506603586	-1.3247838305863433	1.3247838305863433	Q1_anchor	0.978029448287533	-0.000881611022861	high_shift_low_depmap																						
shared_mean_baseline	HCC38					f												baseline																														SMAD1	0.0198754027226199	0.2390592344265882	0.0545976882721122	TGF-beta / BMP signaling	0.0189854892191608	0.6533574556390201	ribosomal / translation	0.188118980522984	0.8240235951561674	0.0315133409138557	0.2879265842906669	0.2879265842906669	0.0482329246293422	0.0045644798021591	1.9253649364438048	0.092940314960579	-0.092940314960579	low_information	0.0125810954880103	-0.0006996780493545	middle																						
shared_mean_baseline	HCC38					f												baseline																														STAT3	0.0198754027226199	0.2390592344265882	0.0545976882721122	JAK-STAT signaling	0.0183937325762052	0.6533574556390201	ribosomal / translation	0.188118980522984	0.8240235951561674	0.0315133409138557	0.2879265842906669	0.2879265842906669	0.0482329246293422	0.0049421595924907	2.1690524844948564	0.0005423560077098	-0.0005423560077098	middle	0.0235621693286022	-0.0005740609596133	middle																						
shared_mean_baseline	HCC38					f												baseline																														TAB3	0.0198754027226199	0.2390592344265882	0.0545976882721122	NF-κB / MAPK signaling	0.0055086523145001	0.6533574556390201	ribosomal / translation	0.188118980522984	0.8240235951561674	0.0315133409138557	0.2879265842906669	0.2879265842906669	0.0482329246293422	0.005355838101385	2.217455001567444	-0.0196506729762948	0.0196506729762948	middle	0.0271522701939877	-0.0002154692673164	middle																						
shared_mean_baseline	HCC38					f												baseline																														TADA3	0.0198754027226199	0.2390592344265882	0.0545976882721122	transcription / chromatin	0.0204510903976564	0.6533574556390201	ribosomal / translation	0.188118980522984	0.8240235951561674	0.0315133409138557	0.2879265842906669	0.2879265842906669	0.0482329246293422	0.0091400872937874	4.428444823703298	-0.0575575471120086	0.0575575471120086	shift_excess	0.035551946395066	0.003465369534057	middle																						
shared_mean_baseline	HCC38					f												baseline																														THAP8	0.0198754027226199	0.2390592344265882	0.0545976882721122	transcription regulation	0.0117881710146868	0.6533574556390201	ribosomal / translation	0.188118980522984	0.8240235951561674	0.0315133409138557	0.2879265842906669	0.2879265842906669	0.0482329246293422	0.0050563694115236	2.120590397995916	-0.0175508210223816	0.0175508210223816	middle	0.0267473201978675	-0.0005092095367631	middle																						
shared_mean_baseline	HCC38					f												baseline																														THRA	0.0198754027226199	0.2390592344265882	0.0545976882721122	nuclear receptor / metabolism	0.0007964151013904	0.6533574556390201	ribosomal / translation	0.188118980522984	0.8240235951561674	0.0315133409138557	0.2879265842906669	0.2879265842906669	0.0482329246293422	0.0058419151883759	2.5748785168349526	-0.1244560670130739	0.1244560670130739	middle	0.0573416619307745	-1.5302507314757935e-05	middle																						
shared_mean_baseline	HCC38					f												baseline																														TMF1	0.0198754027226199	0.2390592344265882	0.0545976882721122	transcription regulation	0.0117881710146868	0.6533574556390201	ribosomal / translation	0.188118980522984	0.8240235951561674	0.0315133409138557	0.2879265842906669	0.2879265842906669	0.0482329246293422	0.00630257681098	2.6709537577516334	-0.1739325679207107	0.1739325679207107	middle	0.0809743969956026	0.0003103866486258	middle																						
shared_mean_baseline	HCC38					f												baseline																														TMSB4X	0.0198754027226199	0.2390592344265882	0.0545976882721122	cytoskeleton / cell motility	0.0002983151194605	0.6533574556390201	ribosomal / translation	0.188118980522984	0.8240235951561674	0.0315133409138557	0.2879265842906669	0.2879265842906669	0.0482329246293422	0.0045126915949235	1.993718373946049	-0.3380993515689319	0.3380993515689319	dependency_excess	0.2174493812731642	-0.0019273474517844	middle																						
shared_mean_baseline	HCC38					f												baseline																														UBP1	0.0198754027226199	0.2390592344265882	0.0545976882721122	transcription regulation	0.0117881710146868	0.6533574556390201	ribosomal / translation	0.188118980522984	0.8240235951561674	0.0315133409138557	0.2879265842906669	0.2879265842906669	0.0482329246293422	0.004398069047543	1.8193468573847944	0.0228586479772922	-0.0228586479772922	low_information	0.0201784564207119	-0.0010572724019838	middle																						
shared_mean_baseline	HCC38					f												baseline																														VEZF1	0.0198754027226199	0.2390592344265882	0.0545976882721122	transcription regulation	0.0117881710146868	0.6533574556390201	ribosomal / translation	0.188118980522984	0.8240235951561674	0.0315133409138557	0.2879265842906669	0.2879265842906669	0.0482329246293422	0.0073740581188237	3.330757494619107	-0.151644262020672	0.151644262020672	shift_excess	0.0694464693745538	0.0014426707127253	middle																						
shared_mean_baseline	HCC38					f												baseline																														XBP1	0.0198754027226199	0.2390592344265882	0.0545976882721122	ER stress / UPR	0.0059289980604196	0.6533574556390201	ribosomal / translation	0.188118980522984	0.8240235951561674	0.0315133409138557	0.2879265842906669	0.2879265842906669	0.0482329246293422	0.0040282961697656	1.6387798034173342	0.1080243659617565	-0.1080243659617565	low_information	0.0113924113087519	-0.0011947122161723	low_shift_high_depmap																						
shared_mean_baseline	HCC38					f												baseline																														YBX1	0.0198754027226199	0.2390592344265882	0.0545976882721122	RNA processing / transcription	0.0271724086954601	0.6533574556390201	ribosomal / translation	0.188118980522984	0.8240235951561674	0.0315133409138557	0.2879265842906669	0.2879265842906669	0.0482329246293422	0.0076494599161971	3.716232319681118	-2.475443696624305	2.475443696624305	Q1_anchor	1.0	-0.0046212792218524	middle																						
shared_mean_baseline	HCC38					f												baseline																														ZBTB17	0.0198754027226199	0.2390592344265882	0.0545976882721122	transcription regulation	0.0117881710146868	0.6533574556390201	ribosomal / translation	0.188118980522984	0.8240235951561674	0.0315133409138557	0.2879265842906669	0.2879265842906669	0.0482329246293422	0.0079465191255336	3.493035111075968	-0.3779576510823618	0.3779576510823618	Q1_anchor	0.2634223656448051	0.0013977461767984	high_shift_low_depmap																						
shared_mean_baseline	HCC38					f												baseline																														ZBTB20	0.0198754027226199	0.2390592344265882	0.0545976882721122	transcription regulation	0.0117881710146868	0.6533574556390201	ribosomal / translation	0.188118980522984	0.8240235951561674	0.0315133409138557	0.2879265842906669	0.2879265842906669	0.0482329246293422	0.0048062658192207	2.1590019433283736	0.3536029010287363	-0.3536029010287363	low_information	0.0018330352467763	0.0002531985170202	middle																						
shared_mean_baseline	HCC38					f												baseline																														ZBTB5	0.0198754027226199	0.2390592344265882	0.0545976882721122	transcription regulation	0.0117881710146868	0.6533574556390201	ribosomal / translation	0.188118980522984	0.8240235951561674	0.0315133409138557	0.2879265842906669	0.2879265842906669	0.0482329246293422	0.0046384099549855	1.897499312170974	0.0729011804312269	-0.0729011804312269	low_information	0.0143722132742512	-0.0006804148872734	middle																						
shared_mean_baseline	HCC38					f												baseline																														ZNF131	0.0198754027226199	0.2390592344265882	0.0545976882721122	transcription regulation	0.0117881710146868	0.6533574556390201	ribosomal / translation	0.188118980522984	0.8240235951561674	0.0315133409138557	0.2879265842906669	0.2879265842906669	0.0482329246293422	0.0098454685363047	4.415636227925105	-0.6933601874242165	0.6933601874242165	Q1_anchor	0.6622862073859538	0.0024362738208512	high_shift_low_depmap																						
shared_mean_baseline	HCC38					f												baseline																														ZNF24	0.0198754027226199	0.2390592344265882	0.0545976882721122	transcription regulation	0.0117881710146868	0.6533574556390201	ribosomal / translation	0.188118980522984	0.8240235951561674	0.0315133409138557	0.2879265842906669	0.2879265842906669	0.0482329246293422	0.0039710221358838	1.6212123105803893	-0.0751354213507236	0.0751354213507236	middle	0.0403071652767106	-0.0017516482680549	middle																						
shared_mean_baseline	HCC38					f												baseline																														ZNF566	0.0198754027226199	0.2390592344265882	0.0545976882721122	transcription regulation	0.0117881710146868	0.6533574556390201	ribosomal / translation	0.188118980522984	0.8240235951561674	0.0315133409138557	0.2879265842906669	0.2879265842906669	0.0482329246293422	0.0045411647163488	1.9239272325468384	-0.1834100057572494	0.1834100057572494	middle	0.0863639716532793	-0.0014768800060284	middle																						
null_model	HCC1143					f																																										ARID1A	0.0	0.0	0.0	chromatin remodeling	0.0	0.0	ER stress / UPR	0.0		0.0				0.0073327186787757	3.4463519189121863	-0.330631842036614	0.330631842036614	Q1_anchor	0.2654515287532237	0.0005303062767008	middle																						
null_model	HCC1143					f																																										BMPR1A	0.0	0.0	0.0	TGF-beta / BMP signaling	0.0	0.0	ER stress / UPR	0.0		0.0				0.0070281282052424	3.162989495400181	-0.3585628390298763	0.3585628390298763	dependency_excess	0.307130270365165	0.0001129969346457	middle																						
null_model	HCC1143					f																																										CDKN2A	0.0	0.0	0.0	cell cycle / replication	0.0	0.0	ER stress / UPR	0.0		0.0				0.0050523230156554	2.084157760547977	0.5380502468314596	-0.5380502468314596	middle	6.198489826465077e-05	0.0017555807543913	middle																						
null_model	HCC1143					f																																										COMMD6	0.0	0.0	0.0	NF-κB / copper signaling	0.0	0.0	ER stress / UPR	0.0		0.0				0.0045342930040741	1.9629627640817848	-0.2218216265227303	0.2218216265227303	middle	0.1351756293730245	-0.0018290028000756	middle																						
null_model	HCC1143					f																																										ENY2	0.0	0.0	0.0	transcription / chromatin	0.0	0.0	ER stress / UPR	0.0		0.0				0.0105137437444661	4.81257682403588	-0.2358088308059663	0.2358088308059663	Q1_anchor	0.148881151602389	0.0040940009097656	middle																						
null_model	HCC1143					f																																										ERC1	0.0	0.0	0.0	synaptic / signaling	0.0	0.0	ER stress / UPR	0.0		0.0				0.0048784834929897	2.171773525634778	-0.0379118967638982	0.0379118967638982	middle	0.0303840215886299	-0.0007426226695384	middle																						
null_model	HCC1143					f																																										ETV3	0.0	0.0	0.0	transcription regulation	0.0	0.0	ER stress / UPR	0.0		0.0				0.0053871026377591	2.391418251940516	-0.2314760637952857	0.2314760637952857	middle	0.1444988533493548	-0.0010151547990828	middle																						
null_model	HCC1143					f																																										GON4L	0.0	0.0	0.0	transcription regulation	0.0	0.0	ER stress / UPR	0.0		0.0				0.0076879048971422	3.3323369388260327	-0.2362581803183601	0.2362581803183601	Q1_anchor	0.1493363288328347	0.0012663486589094	middle																						
null_model	HCC1143					f																																										HDGF	0.0	0.0	0.0	growth factor / proliferation	0.0	0.0	ER stress / UPR	0.0		0.0				0.0039901671750222	1.703063739115492	0.0093193516536966	-0.0093193516536966	low_information	0.0196252078195258	-0.0014403316532318	middle																						
null_model	HCC1143					f																																										HLX	0.0	0.0	0.0	transcription regulation	0.0	0.0	ER stress / UPR	0.0		0.0				0.0050212083343797	2.1525423051369463	-0.0105503675972533	0.0105503675972533	middle	0.0236239287972883	-0.0004894771149374	middle																						
null_model	HCC1143					f																																										KLF3	0.0	0.0	0.0	transcription regulation	0.0	0.0	ER stress / UPR	0.0		0.0				0.0053919861225157	2.4761644999238697	-0.0596711039921486	0.0596711039921486	middle	0.0369385703770605	-0.0003169319150876	middle																						
null_model	HCC1143					f																																										LAMTOR5	0.0	0.0	0.0	mTOR / lysosome / signaling	0.0	0.0	ER stress / UPR	0.0		0.0				0.0093777769035242	4.656042860446887	-0.2080048465520216	0.2080048465520216	shift_excess	0.1226400958971878	0.0030702403622925	middle																						
null_model	HCC1143					f																																										MAML3	0.0	0.0	0.0	transcription regulation	0.0	0.0	ER stress / UPR	0.0		0.0				0.0042930848646172	1.7996119267653603	0.1521238451421929	-0.1521238451421929	low_information	0.0050198572939971	-0.0005611094038771	low_shift_high_depmap																						
null_model	HCC1143					f																																										MIER1	0.0	0.0	0.0	transcription regulation	0.0	0.0	ER stress / UPR	0.0		0.0				0.0057833931966825	2.6261656244995977	0.0742152031018489	-0.0742152031018489	middle	0.0105919574277721	0.0006147893143467	middle																						
null_model	HCC1143					f																																										MTDH	0.0	0.0	0.0	signaling / oncogene	0.0	0.0	ER stress / UPR	0.0		0.0				0.0047338690320834	2.296174525630673	0.0581370024256225	-0.0581370024256225	low_information	0.0123435627679496	-0.0004996203460521	middle																						
null_model	HCC1143					f																																										MYBL1	0.0	0.0	0.0	transcription regulation	0.0	0.0	ER stress / UPR	0.0		0.0				0.0084130142568229	4.1759196436307295	0.0019970126997557	-0.0019970126997557	shift_excess	0.0210310036855235	0.0029529652566927	middle																						
null_model	HCC1143					f																																										NCOA1	0.0	0.0	0.0	nuclear receptor / co-activator	0.0	0.0	ER stress / UPR	0.0		0.0				0.0039071575713196	1.6312942916912654	-0.0161660097106361	0.0161660097106361	middle	0.0248991192692647	-0.0016261904712875	middle																						
null_model	HCC1143					f																																										NPM1	0.0	0.0	0.0	ribosome biogenesis / nucleolar	0.0	0.0	ER stress / UPR	0.0		0.0				0.0074812035133293	3.688200648316474	-0.2486990570176843	0.2486990570176843	Q1_anchor	0.1622748801750765	0.0010094406338762	middle																						
null_model	HCC1143					f																																										PA2G4	0.0	0.0	0.0	growth / proliferation	0.0	0.0	ER stress / UPR	0.0		0.0				0.0059315461556859	2.723108581584277	-0.1608978437052549	0.1608978437052549	middle	0.0861889371200693	-0.0001858844590862	middle																						
null_model	HCC1143					f																																										PARK7	0.0	0.0	0.0	oxidative stress / mitochondrial	0.0	0.0	ER stress / UPR	0.0		0.0				0.0061480042391653	2.928387425848147	-0.2182235899354996	0.2182235899354996	middle	0.1318604273725387	-0.0002007712593501	middle																						
null_model	HCC1143					f																																										PCBD1	0.0	0.0	0.0	metabolism / transcription	0.0	0.0	ER stress / UPR	0.0		0.0				0.004675198066501	1.9660380677668263	0.0683543828600407	-0.0683543828600407	low_information	0.0111916491629234	-0.0005170578546941	middle																						
null_model	HCC1143					f																																										PEX14	0.0	0.0	0.0	peroxisome / metabolism	0.0	0.0	ER stress / UPR	0.0		0.0				0.0044493142820248	1.9268910846893088	-0.0066559675281558	0.0066559675281558	middle	0.0227993432195642	-0.0010456548514921	middle																						
null_model	HCC1143					f																																										PFDN5	0.0	0.0	0.0	proteostasis / chaperone	0.0	0.0	ER stress / UPR	0.0		0.0				0.0102329499993855	4.766008110486418	-1.230578156287104	1.230578156287104	Q1_anchor	0.9694975960688984	-0.0002013030526004	high_shift_low_depmap																						
null_model	HCC1143					f																																										PMF1	0.0	0.0	0.0	transcription regulation	0.0	0.0	ER stress / UPR	0.0		0.0				0.0127756932567781	5.460196344335996	-1.119192133800067	1.119192133800067	Q1_anchor	0.9510487581740272	0.0027909517788656	high_shift_low_depmap																						
null_model	HCC1143					f																																										PRDX2	0.0	0.0	0.0	oxidative stress / antioxidant	0.0	0.0	ER stress / UPR	0.0		0.0				0.0055213995831513	2.4223981708602773	-0.252200600989717	0.252200600989717	dependency_excess	0.1660158727868937	-0.0009644941944828	middle																						
null_model	HCC1143					f																																										PRPF6	0.0	0.0	0.0	RNA processing / spliceosome	0.0	0.0	ER stress / UPR	0.0		0.0				0.0154111896961658	6.723676671381678	-1.862027728723321	1.862027728723321	Q1_anchor	1.0	0.0024286466081761	high_shift_low_depmap																						
null_model	HCC1143					f																																										RORC	0.0	0.0	0.0	nuclear receptor / metabolism	0.0	0.0	ER stress / UPR	0.0		0.0				0.0045634026869297	1.921562432852684	-0.0824404967576715	0.0824404967576715	middle	0.0451125018855452	-0.0012374039499269	middle																						
null_model	HCC1143					f																																										RPS3	0.0	0.0	0.0	ribosomal / translation	0.0	0.0	ER stress / UPR	0.0		0.0				0.007860948328555	3.49877472663025	-1.8308395717061807	1.8308395717061807	Q1_anchor	1.0	-0.004995731233292	high_shift_low_depmap																						
null_model	HCC1143					f																																										RUVBL2	0.0	0.0	0.0	chromatin remodeling	0.0	0.0	ER stress / UPR	0.0		0.0				0.0119327730703482	5.345672749772987	-3.079405316707214	3.079405316707214	Q1_anchor	1.0	-0.0059626424193833	high_shift_low_depmap																						
null_model	HCC1143					f																																										SMAD1	0.0	0.0	0.0	TGF-beta / BMP signaling	0.0	0.0	ER stress / UPR	0.0		0.0				0.0045476060135123	1.9146500705205347	-0.0350665523770763	0.0350665523770763	middle	0.0296077539081418	-0.0010620174224982	middle																						
null_model	HCC1143					f																																										STAT3	0.0	0.0	0.0	JAK-STAT signaling	0.0	0.0	ER stress / UPR	0.0		0.0				0.0045791788860737	2.0256258230145	0.1832408329754175	-0.1832408329754175	low_information	0.0037329167002494	-0.000149439068005	low_shift_high_depmap																						
null_model	HCC1143					f																																										TAB3	0.0	0.0	0.0	NF-κB / MAPK signaling	0.0	0.0	ER stress / UPR	0.0		0.0				0.0060275444241772	2.656227587222326	0.0976441247104035	-0.0976441247104035	middle	0.0084525379475361	0.000953490748375	middle																						
null_model	HCC1143					f																																										TADA3	0.0	0.0	0.0	transcription / chromatin	0.0	0.0	ER stress / UPR	0.0		0.0				0.0103750807743799	5.1135832829938925	-0.3196085427253	0.3196085427253	Q1_anchor	0.2498577956515995	0.0036171542109612	high_shift_low_depmap																						
null_model	HCC1143					f																																										THAP8	0.0	0.0	0.0	transcription regulation	0.0	0.0	ER stress / UPR	0.0		0.0				0.0050716034302432	2.4487280363408086	0.0324986749282021	-0.0324986749282021	middle	0.0157775614105068	-0.0002653524753134	middle																						
null_model	HCC1143					f																																										THRA	0.0	0.0	0.0	nuclear receptor / metabolism	0.0	0.0	ER stress / UPR	0.0		0.0				0.0053431820384494	2.3724404917219064	-0.0854627248517602	0.0854627248517602	middle	0.0463338341696651	-0.000469821160215	middle																						
null_model	HCC1143					f																																										TMF1	0.0	0.0	0.0	transcription regulation	0.0	0.0	ER stress / UPR	0.0		0.0				0.0058951763799742	2.502337580432542	-0.2262288778701592	0.2262288778701592	middle	0.1394316818255967	-0.0004859054124556	middle																						
null_model	HCC1143					f																																										TMSB4X	0.0	0.0	0.0	cytoskeleton / cell motility	0.0	0.0	ER stress / UPR	0.0		0.0				0.0039703565382887	1.8624986123191989	0.091112482425534	-0.091112482425534	low_information	0.0090048231316929	-0.0011300563587083	low_shift_high_depmap																						
null_model	HCC1143					f																																										UBP1	0.0	0.0	0.0	transcription regulation	0.0	0.0	ER stress / UPR	0.0		0.0				0.0046551429363536	1.9683247358074805	0.0714133084074786	-0.0714133084074786	low_information	0.0108785135935251	-0.0005247683260854	middle																						
null_model	HCC1143					f																																										VEZF1	0.0	0.0	0.0	transcription regulation	0.0	0.0	ER stress / UPR	0.0		0.0				0.0060274132373266	2.8398473940734115	-0.0273314385525012	0.0273314385525012	middle	0.0275909199432945	0.0004490057753968	middle																						
null_model	HCC1143					f																																										XBP1	0.0	0.0	0.0	ER stress / UPR	0.0	0.0	ER stress / UPR	0.0		0.0				0.0045885756847594	2.055446583049452	0.097035867478511	-0.097035867478511	low_information	0.0085039693399301	-0.0004879326856233	middle																						
null_model	HCC1143					f																																										YBX1	0.0	0.0	0.0	RNA processing / transcription	0.0	0.0	ER stress / UPR	0.0		0.0				0.0077493948528648	3.8245990837962864	-1.377081609330736	1.377081609330736	Q1_anchor	0.9913468022551738	-0.0032760903511849	middle																						
null_model	HCC1143					f																																										ZBTB17	0.0	0.0	0.0	transcription regulation	0.0	0.0	ER stress / UPR	0.0		0.0				0.010587215682323	4.928221899857864	-0.636991913780868	0.636991913780868	Q1_anchor	0.7578619386258375	0.0025484506840411	high_shift_low_depmap																						
null_model	HCC1143					f																																										ZBTB20	0.0	0.0	0.0	transcription regulation	0.0	0.0	ER stress / UPR	0.0		0.0				0.0043814448697306	1.889601177535932	0.1050163545153338	-0.1050163545153338	low_information	0.0078803596044426	-0.0006628572937179	low_shift_high_depmap																						
null_model	HCC1143					f																																										ZBTB5	0.0	0.0	0.0	transcription regulation	0.0	0.0	ER stress / UPR	0.0		0.0				0.0053368219337521	2.288843476575004	-0.1471075087045335	0.1471075087045335	middle	0.0773557703888747	-0.0007249561399313	middle																						
null_model	HCC1143					f																																										ZNF131	0.0	0.0	0.0	transcription regulation	0.0	0.0	ER stress / UPR	0.0		0.0				0.0105522037854389	4.608186179220708	-1.08124407956173	1.08124407956173	Q1_anchor	0.9463812533969612	0.0007206062048738	high_shift_low_depmap																						
null_model	HCC1143					f																																										ZNF24	0.0	0.0	0.0	transcription regulation	0.0	0.0	ER stress / UPR	0.0		0.0				0.0043616307953344	1.8788468529612183	0.0882223029314296	-0.0882223029314296	low_information	0.0092505619875028	-0.0007504457656013	low_shift_high_depmap																						
null_model	HCC1143					f																																										ZNF566	0.0	0.0	0.0	transcription regulation	0.0	0.0	ER stress / UPR	0.0		0.0				0.0044548810181222	2.020865157655443	0.1001260553605671	-0.1001260553605671	low_information	0.0082561267211935	-0.0006091565306257	low_shift_high_depmap																						
shared_mean_baseline	HCC1143					f												baseline																														ARID1A	0.027590860836732	0.312571273566283	0.0768253909001521	chromatin remodeling	0.0493588875831131	0.9560052115640716	ribosomal / translation	0.2202206645521839	0.8672007922132425	0.1482717765531062	0.2303550879099205	0.2303550879099205	0.1550951550886697	0.0073327186787757	3.4463519189121863	-0.330631842036614	0.330631842036614	Q1_anchor	0.2654515287532237	0.0005303062767008	middle																						
shared_mean_baseline	HCC1143					f												baseline																														BMPR1A	0.027590860836732	0.312571273566283	0.0768253909001521	TGF-beta / BMP signaling	0.0079705197488006	0.9560052115640716	ribosomal / translation	0.2202206645521839	0.8672007922132425	0.1482717765531062	0.2303550879099205	0.2303550879099205	0.1550951550886697	0.0070281282052424	3.162989495400181	-0.3585628390298763	0.3585628390298763	dependency_excess	0.307130270365165	0.0001129969346457	middle																						
shared_mean_baseline	HCC1143					f												baseline																														CDKN2A	0.027590860836732	0.312571273566283	0.0768253909001521	cell cycle / replication	0.0099949668475238	0.9560052115640716	ribosomal / translation	0.2202206645521839	0.8672007922132425	0.1482717765531062	0.2303550879099205	0.2303550879099205	0.1550951550886697	0.0050523230156554	2.084157760547977	0.5380502468314596	-0.5380502468314596	middle	6.198489826465077e-05	0.0017555807543913	middle																						
shared_mean_baseline	HCC1143					f												baseline																														COMMD6	0.027590860836732	0.312571273566283	0.0768253909001521	NF-κB / copper signaling	0.0488540611423575	0.9560052115640716	ribosomal / translation	0.2202206645521839	0.8672007922132425	0.1482717765531062	0.2303550879099205	0.2303550879099205	0.1550951550886697	0.0045342930040741	1.9629627640817848	-0.2218216265227303	0.2218216265227303	middle	0.1351756293730245	-0.0018290028000756	middle																						
shared_mean_baseline	HCC1143					f												baseline																														ENY2	0.027590860836732	0.312571273566283	0.0768253909001521	transcription / chromatin	0.0674993391814572	0.9560052115640716	ribosomal / translation	0.2202206645521839	0.8672007922132425	0.1482717765531062	0.2303550879099205	0.2303550879099205	0.1550951550886697	0.0105137437444661	4.81257682403588	-0.2358088308059663	0.2358088308059663	Q1_anchor	0.148881151602389	0.0040940009097656	middle																						
shared_mean_baseline	HCC1143					f												baseline																														ERC1	0.027590860836732	0.312571273566283	0.0768253909001521	synaptic / signaling	0.0083235269973861	0.9560052115640716	ribosomal / translation	0.2202206645521839	0.8672007922132425	0.1482717765531062	0.2303550879099205	0.2303550879099205	0.1550951550886697	0.0048784834929897	2.171773525634778	-0.0379118967638982	0.0379118967638982	middle	0.0303840215886299	-0.0007426226695384	middle																						
shared_mean_baseline	HCC1143					f												baseline																														ETV3	0.027590860836732	0.312571273566283	0.0768253909001521	transcription regulation	0.0124982267931994	0.9560052115640716	ribosomal / translation	0.2202206645521839	0.8672007922132425	0.1482717765531062	0.2303550879099205	0.2303550879099205	0.1550951550886697	0.0053871026377591	2.391418251940516	-0.2314760637952857	0.2314760637952857	middle	0.1444988533493548	-0.0010151547990828	middle																						
shared_mean_baseline	HCC1143					f												baseline																														GON4L	0.027590860836732	0.312571273566283	0.0768253909001521	transcription regulation	0.0124982267931994	0.9560052115640716	ribosomal / translation	0.2202206645521839	0.8672007922132425	0.1482717765531062	0.2303550879099205	0.2303550879099205	0.1550951550886697	0.0076879048971422	3.3323369388260327	-0.2362581803183601	0.2362581803183601	Q1_anchor	0.1493363288328347	0.0012663486589094	middle																						
shared_mean_baseline	HCC1143					f												baseline																														HDGF	0.027590860836732	0.312571273566283	0.0768253909001521	growth factor / proliferation	0.0383186405460401	0.9560052115640716	ribosomal / translation	0.2202206645521839	0.8672007922132425	0.1482717765531062	0.2303550879099205	0.2303550879099205	0.1550951550886697	0.0039901671750222	1.703063739115492	0.0093193516536966	-0.0093193516536966	low_information	0.0196252078195258	-0.0014403316532318	middle																						
shared_mean_baseline	HCC1143					f												baseline																														HLX	0.027590860836732	0.312571273566283	0.0768253909001521	transcription regulation	0.0124982267931994	0.9560052115640716	ribosomal / translation	0.2202206645521839	0.8672007922132425	0.1482717765531062	0.2303550879099205	0.2303550879099205	0.1550951550886697	0.0050212083343797	2.1525423051369463	-0.0105503675972533	0.0105503675972533	middle	0.0236239287972883	-0.0004894771149374	middle																						
shared_mean_baseline	HCC1143					f												baseline																														KLF3	0.027590860836732	0.312571273566283	0.0768253909001521	transcription regulation	0.0124982267931994	0.9560052115640716	ribosomal / translation	0.2202206645521839	0.8672007922132425	0.1482717765531062	0.2303550879099205	0.2303550879099205	0.1550951550886697	0.0053919861225157	2.4761644999238697	-0.0596711039921486	0.0596711039921486	middle	0.0369385703770605	-0.0003169319150876	middle																						
shared_mean_baseline	HCC1143					f												baseline																														LAMTOR5	0.027590860836732	0.312571273566283	0.0768253909001521	mTOR / lysosome / signaling	0.0456035252662751	0.9560052115640716	ribosomal / translation	0.2202206645521839	0.8672007922132425	0.1482717765531062	0.2303550879099205	0.2303550879099205	0.1550951550886697	0.0093777769035242	4.656042860446887	-0.2080048465520216	0.2080048465520216	shift_excess	0.1226400958971878	0.0030702403622925	middle																						
shared_mean_baseline	HCC1143					f												baseline																														MAML3	0.027590860836732	0.312571273566283	0.0768253909001521	transcription regulation	0.0124982267931994	0.9560052115640716	ribosomal / translation	0.2202206645521839	0.8672007922132425	0.1482717765531062	0.2303550879099205	0.2303550879099205	0.1550951550886697	0.0042930848646172	1.7996119267653603	0.1521238451421929	-0.1521238451421929	low_information	0.0050198572939971	-0.0005611094038771	low_shift_high_depmap																						
shared_mean_baseline	HCC1143					f												baseline																														MIER1	0.027590860836732	0.312571273566283	0.0768253909001521	transcription regulation	0.0124982267931994	0.9560052115640716	ribosomal / translation	0.2202206645521839	0.8672007922132425	0.1482717765531062	0.2303550879099205	0.2303550879099205	0.1550951550886697	0.0057833931966825	2.6261656244995977	0.0742152031018489	-0.0742152031018489	middle	0.0105919574277721	0.0006147893143467	middle																						
shared_mean_baseline	HCC1143					f												baseline																														MTDH	0.027590860836732	0.312571273566283	0.0768253909001521	signaling / oncogene	0.0153170910017954	0.9560052115640716	ribosomal / translation	0.2202206645521839	0.8672007922132425	0.1482717765531062	0.2303550879099205	0.2303550879099205	0.1550951550886697	0.0047338690320834	2.296174525630673	0.0581370024256225	-0.0581370024256225	low_information	0.0123435627679496	-0.0004996203460521	middle																						
shared_mean_baseline	HCC1143					f												baseline																														MYBL1	0.027590860836732	0.312571273566283	0.0768253909001521	transcription regulation	0.0124982267931994	0.9560052115640716	ribosomal / translation	0.2202206645521839	0.8672007922132425	0.1482717765531062	0.2303550879099205	0.2303550879099205	0.1550951550886697	0.0084130142568229	4.1759196436307295	0.0019970126997557	-0.0019970126997557	shift_excess	0.0210310036855235	0.0029529652566927	middle																						
shared_mean_baseline	HCC1143					f												baseline																														NCOA1	0.027590860836732	0.312571273566283	0.0768253909001521	nuclear receptor / co-activator	0.02399174637728	0.9560052115640716	ribosomal / translation	0.2202206645521839	0.8672007922132425	0.1482717765531062	0.2303550879099205	0.2303550879099205	0.1550951550886697	0.0039071575713196	1.6312942916912654	-0.0161660097106361	0.0161660097106361	middle	0.0248991192692647	-0.0016261904712875	middle																						
shared_mean_baseline	HCC1143					f												baseline																														NPM1	0.027590860836732	0.312571273566283	0.0768253909001521	ribosome biogenesis / nucleolar	0.0112393689483235	0.9560052115640716	ribosomal / translation	0.2202206645521839	0.8672007922132425	0.1482717765531062	0.2303550879099205	0.2303550879099205	0.1550951550886697	0.0074812035133293	3.688200648316474	-0.2486990570176843	0.2486990570176843	Q1_anchor	0.1622748801750765	0.0010094406338762	middle																						
shared_mean_baseline	HCC1143					f												baseline																														PA2G4	0.027590860836732	0.312571273566283	0.0768253909001521	growth / proliferation	0.0535638109910706	0.9560052115640716	ribosomal / translation	0.2202206645521839	0.8672007922132425	0.1482717765531062	0.2303550879099205	0.2303550879099205	0.1550951550886697	0.0059315461556859	2.723108581584277	-0.1608978437052549	0.1608978437052549	middle	0.0861889371200693	-0.0001858844590862	middle																						
shared_mean_baseline	HCC1143					f												baseline																														PARK7	0.027590860836732	0.312571273566283	0.0768253909001521	oxidative stress / mitochondrial	0.0764578922761815	0.9560052115640716	ribosomal / translation	0.2202206645521839	0.8672007922132425	0.1482717765531062	0.2303550879099205	0.2303550879099205	0.1550951550886697	0.0061480042391653	2.928387425848147	-0.2182235899354996	0.2182235899354996	middle	0.1318604273725387	-0.0002007712593501	middle																						
shared_mean_baseline	HCC1143					f												baseline																														PCBD1	0.027590860836732	0.312571273566283	0.0768253909001521	metabolism / transcription	0.0364260703089419	0.9560052115640716	ribosomal / translation	0.2202206645521839	0.8672007922132425	0.1482717765531062	0.2303550879099205	0.2303550879099205	0.1550951550886697	0.004675198066501	1.9660380677668263	0.0683543828600407	-0.0683543828600407	low_information	0.0111916491629234	-0.0005170578546941	middle																						
shared_mean_baseline	HCC1143					f												baseline																														PEX14	0.027590860836732	0.312571273566283	0.0768253909001521	peroxisome / metabolism	0.0095065022727147	0.9560052115640716	ribosomal / translation	0.2202206645521839	0.8672007922132425	0.1482717765531062	0.2303550879099205	0.2303550879099205	0.1550951550886697	0.0044493142820248	1.9268910846893088	-0.0066559675281558	0.0066559675281558	middle	0.0227993432195642	-0.0010456548514921	middle																						
shared_mean_baseline	HCC1143					f												baseline																														PFDN5	0.027590860836732	0.312571273566283	0.0768253909001521	proteostasis / chaperone	0.0122313904792008	0.9560052115640716	ribosomal / translation	0.2202206645521839	0.8672007922132425	0.1482717765531062	0.2303550879099205	0.2303550879099205	0.1550951550886697	0.0102329499993855	4.766008110486418	-1.230578156287104	1.230578156287104	Q1_anchor	0.9694975960688984	-0.0002013030526004	high_shift_low_depmap																						
shared_mean_baseline	HCC1143					f												baseline																														PMF1	0.027590860836732	0.312571273566283	0.0768253909001521	transcription regulation	0.0124982267931994	0.9560052115640716	ribosomal / translation	0.2202206645521839	0.8672007922132425	0.1482717765531062	0.2303550879099205	0.2303550879099205	0.1550951550886697	0.0127756932567781	5.460196344335996	-1.119192133800067	1.119192133800067	Q1_anchor	0.9510487581740272	0.0027909517788656	high_shift_low_depmap																						
shared_mean_baseline	HCC1143					f												baseline																														PRDX2	0.027590860836732	0.312571273566283	0.0768253909001521	oxidative stress / antioxidant	0.042416757671218	0.9560052115640716	ribosomal / translation	0.2202206645521839	0.8672007922132425	0.1482717765531062	0.2303550879099205	0.2303550879099205	0.1550951550886697	0.0055213995831513	2.4223981708602773	-0.252200600989717	0.252200600989717	dependency_excess	0.1660158727868937	-0.0009644941944828	middle																						
shared_mean_baseline	HCC1143					f												baseline																														PRPF6	0.027590860836732	0.312571273566283	0.0768253909001521	RNA processing / spliceosome	0.0330318121448223	0.9560052115640716	ribosomal / translation	0.2202206645521839	0.8672007922132425	0.1482717765531062	0.2303550879099205	0.2303550879099205	0.1550951550886697	0.0154111896961658	6.723676671381678	-1.862027728723321	1.862027728723321	Q1_anchor	1.0	0.0024286466081761	high_shift_low_depmap																						
shared_mean_baseline	HCC1143					f												baseline																														RORC	0.027590860836732	0.312571273566283	0.0768253909001521	nuclear receptor / metabolism	0.0034666457645724	0.9560052115640716	ribosomal / translation	0.2202206645521839	0.8672007922132425	0.1482717765531062	0.2303550879099205	0.2303550879099205	0.1550951550886697	0.0045634026869297	1.921562432852684	-0.0824404967576715	0.0824404967576715	middle	0.0451125018855452	-0.0012374039499269	middle																						
shared_mean_baseline	HCC1143					f												baseline																														RPS3	0.027590860836732	0.312571273566283	0.0768253909001521	ribosomal / translation	0.2202206645521839	0.9560052115640716	ribosomal / translation	0.2202206645521839	0.8672007922132425	0.1482717765531062	0.2303550879099205	0.2303550879099205	0.1550951550886697	0.007860948328555	3.49877472663025	-1.8308395717061807	1.8308395717061807	Q1_anchor	1.0	-0.004995731233292	high_shift_low_depmap																						
shared_mean_baseline	HCC1143					f												baseline																														RUVBL2	0.027590860836732	0.312571273566283	0.0768253909001521	chromatin remodeling	0.0493588875831131	0.9560052115640716	ribosomal / translation	0.2202206645521839	0.8672007922132425	0.1482717765531062	0.2303550879099205	0.2303550879099205	0.1550951550886697	0.0119327730703482	5.345672749772987	-3.079405316707214	3.079405316707214	Q1_anchor	1.0	-0.0059626424193833	high_shift_low_depmap																						
shared_mean_baseline	HCC1143					f												baseline																														SMAD1	0.027590860836732	0.312571273566283	0.0768253909001521	TGF-beta / BMP signaling	0.0079705197488006	0.9560052115640716	ribosomal / translation	0.2202206645521839	0.8672007922132425	0.1482717765531062	0.2303550879099205	0.2303550879099205	0.1550951550886697	0.0045476060135123	1.9146500705205347	-0.0350665523770763	0.0350665523770763	middle	0.0296077539081418	-0.0010620174224982	middle																						
shared_mean_baseline	HCC1143					f												baseline																														STAT3	0.027590860836732	0.312571273566283	0.0768253909001521	JAK-STAT signaling	0.0334603687361547	0.9560052115640716	ribosomal / translation	0.2202206645521839	0.8672007922132425	0.1482717765531062	0.2303550879099205	0.2303550879099205	0.1550951550886697	0.0045791788860737	2.0256258230145	0.1832408329754175	-0.1832408329754175	low_information	0.0037329167002494	-0.000149439068005	low_shift_high_depmap																						
shared_mean_baseline	HCC1143					f												baseline																														TAB3	0.027590860836732	0.312571273566283	0.0768253909001521	NF-κB / MAPK signaling	0.0019764184815684	0.9560052115640716	ribosomal / translation	0.2202206645521839	0.8672007922132425	0.1482717765531062	0.2303550879099205	0.2303550879099205	0.1550951550886697	0.0060275444241772	2.656227587222326	0.0976441247104035	-0.0976441247104035	middle	0.0084525379475361	0.000953490748375	middle																						
shared_mean_baseline	HCC1143					f												baseline																														TADA3	0.027590860836732	0.312571273566283	0.0768253909001521	transcription / chromatin	0.0674993391814572	0.9560052115640716	ribosomal / translation	0.2202206645521839	0.8672007922132425	0.1482717765531062	0.2303550879099205	0.2303550879099205	0.1550951550886697	0.0103750807743799	5.1135832829938925	-0.3196085427253	0.3196085427253	Q1_anchor	0.2498577956515995	0.0036171542109612	high_shift_low_depmap																						
shared_mean_baseline	HCC1143					f												baseline																														THAP8	0.027590860836732	0.312571273566283	0.0768253909001521	transcription regulation	0.0124982267931994	0.9560052115640716	ribosomal / translation	0.2202206645521839	0.8672007922132425	0.1482717765531062	0.2303550879099205	0.2303550879099205	0.1550951550886697	0.0050716034302432	2.4487280363408086	0.0324986749282021	-0.0324986749282021	middle	0.0157775614105068	-0.0002653524753134	middle																						
shared_mean_baseline	HCC1143					f												baseline																														THRA	0.027590860836732	0.312571273566283	0.0768253909001521	nuclear receptor / metabolism	0.0034666457645724	0.9560052115640716	ribosomal / translation	0.2202206645521839	0.8672007922132425	0.1482717765531062	0.2303550879099205	0.2303550879099205	0.1550951550886697	0.0053431820384494	2.3724404917219064	-0.0854627248517602	0.0854627248517602	middle	0.0463338341696651	-0.000469821160215	middle																						
shared_mean_baseline	HCC1143					f												baseline																														TMF1	0.027590860836732	0.312571273566283	0.0768253909001521	transcription regulation	0.0124982267931994	0.9560052115640716	ribosomal / translation	0.2202206645521839	0.8672007922132425	0.1482717765531062	0.2303550879099205	0.2303550879099205	0.1550951550886697	0.0058951763799742	2.502337580432542	-0.2262288778701592	0.2262288778701592	middle	0.1394316818255967	-0.0004859054124556	middle																						
shared_mean_baseline	HCC1143					f												baseline																														TMSB4X	0.027590860836732	0.312571273566283	0.0768253909001521	cytoskeleton / cell motility	0.0467257663744749	0.9560052115640716	ribosomal / translation	0.2202206645521839	0.8672007922132425	0.1482717765531062	0.2303550879099205	0.2303550879099205	0.1550951550886697	0.0039703565382887	1.8624986123191989	0.091112482425534	-0.091112482425534	low_information	0.0090048231316929	-0.0011300563587083	low_shift_high_depmap																						
shared_mean_baseline	HCC1143					f												baseline																														UBP1	0.027590860836732	0.312571273566283	0.0768253909001521	transcription regulation	0.0124982267931994	0.9560052115640716	ribosomal / translation	0.2202206645521839	0.8672007922132425	0.1482717765531062	0.2303550879099205	0.2303550879099205	0.1550951550886697	0.0046551429363536	1.9683247358074805	0.0714133084074786	-0.0714133084074786	low_information	0.0108785135935251	-0.0005247683260854	middle																						
shared_mean_baseline	HCC1143					f												baseline																														VEZF1	0.027590860836732	0.312571273566283	0.0768253909001521	transcription regulation	0.0124982267931994	0.9560052115640716	ribosomal / translation	0.2202206645521839	0.8672007922132425	0.1482717765531062	0.2303550879099205	0.2303550879099205	0.1550951550886697	0.0060274132373266	2.8398473940734115	-0.0273314385525012	0.0273314385525012	middle	0.0275909199432945	0.0004490057753968	middle																						
shared_mean_baseline	HCC1143					f												baseline																														XBP1	0.027590860836732	0.312571273566283	0.0768253909001521	ER stress / UPR	0.0293971266057067	0.9560052115640716	ribosomal / translation	0.2202206645521839	0.8672007922132425	0.1482717765531062	0.2303550879099205	0.2303550879099205	0.1550951550886697	0.0045885756847594	2.055446583049452	0.097035867478511	-0.097035867478511	low_information	0.0085039693399301	-0.0004879326856233	middle																						
shared_mean_baseline	HCC1143					f												baseline																														YBX1	0.027590860836732	0.312571273566283	0.0768253909001521	RNA processing / transcription	0.0181540844717086	0.9560052115640716	ribosomal / translation	0.2202206645521839	0.8672007922132425	0.1482717765531062	0.2303550879099205	0.2303550879099205	0.1550951550886697	0.0077493948528648	3.8245990837962864	-1.377081609330736	1.377081609330736	Q1_anchor	0.9913468022551738	-0.0032760903511849	middle																						
shared_mean_baseline	HCC1143					f												baseline																														ZBTB17	0.027590860836732	0.312571273566283	0.0768253909001521	transcription regulation	0.0124982267931994	0.9560052115640716	ribosomal / translation	0.2202206645521839	0.8672007922132425	0.1482717765531062	0.2303550879099205	0.2303550879099205	0.1550951550886697	0.010587215682323	4.928221899857864	-0.636991913780868	0.636991913780868	Q1_anchor	0.7578619386258375	0.0025484506840411	high_shift_low_depmap																						
shared_mean_baseline	HCC1143					f												baseline																														ZBTB20	0.027590860836732	0.312571273566283	0.0768253909001521	transcription regulation	0.0124982267931994	0.9560052115640716	ribosomal / translation	0.2202206645521839	0.8672007922132425	0.1482717765531062	0.2303550879099205	0.2303550879099205	0.1550951550886697	0.0043814448697306	1.889601177535932	0.1050163545153338	-0.1050163545153338	low_information	0.0078803596044426	-0.0006628572937179	low_shift_high_depmap																						
shared_mean_baseline	HCC1143					f												baseline																														ZBTB5	0.027590860836732	0.312571273566283	0.0768253909001521	transcription regulation	0.0124982267931994	0.9560052115640716	ribosomal / translation	0.2202206645521839	0.8672007922132425	0.1482717765531062	0.2303550879099205	0.2303550879099205	0.1550951550886697	0.0053368219337521	2.288843476575004	-0.1471075087045335	0.1471075087045335	middle	0.0773557703888747	-0.0007249561399313	middle																						
shared_mean_baseline	HCC1143					f												baseline																														ZNF131	0.027590860836732	0.312571273566283	0.0768253909001521	transcription regulation	0.0124982267931994	0.9560052115640716	ribosomal / translation	0.2202206645521839	0.8672007922132425	0.1482717765531062	0.2303550879099205	0.2303550879099205	0.1550951550886697	0.0105522037854389	4.608186179220708	-1.08124407956173	1.08124407956173	Q1_anchor	0.9463812533969612	0.0007206062048738	high_shift_low_depmap																						
shared_mean_baseline	HCC1143					f												baseline																														ZNF24	0.027590860836732	0.312571273566283	0.0768253909001521	transcription regulation	0.0124982267931994	0.9560052115640716	ribosomal / translation	0.2202206645521839	0.8672007922132425	0.1482717765531062	0.2303550879099205	0.2303550879099205	0.1550951550886697	0.0043616307953344	1.8788468529612183	0.0882223029314296	-0.0882223029314296	low_information	0.0092505619875028	-0.0007504457656013	low_shift_high_depmap																						
shared_mean_baseline	HCC1143					f												baseline																														ZNF566	0.027590860836732	0.312571273566283	0.0768253909001521	transcription regulation	0.0124982267931994	0.9560052115640716	ribosomal / translation	0.2202206645521839	0.8672007922132425	0.1482717765531062	0.2303550879099205	0.2303550879099205	0.1550951550886697	0.0044548810181222	2.020865157655443	0.1001260553605671	-0.1001260553605671	low_information	0.0082561267211935	-0.0006091565306257	low_shift_high_depmap																						
	HCC38					g																																																																gse241115_hcc38_hcc1143	HCC38 day 14	primary_model_audit	primary endpoint-recovery context	data/processed/truth_driven_bridge/HCC38/target_level_bridge_table.tsv.gz	5c35dcffdc5d2a58d8144cb5e1089972ee2297898c9a3ff2049ae2b1a8798d0d	48.0	47.0	depmap_gene_dependency	real_shift_mean_abs	0.7257957275155708	0.0009990009990009	0.5562942073993075	0.8355070632318312	0.7367887203519039	0.0009990009990009	0.5452341809275911	0.8611994454275559	1000.0	1000.0	estimated	bridge-form detectability or boundary evidence; not model generalization
	HCC1143					g																																																																gse241115_hcc38_hcc1143	HCC1143 day 14	primary_model_audit	primary endpoint-recovery context	data/processed/truth_driven_bridge/HCC1143/target_level_bridge_table.tsv.gz	e58e1ee2129ab6dcfdc54a3fb8d6eb352411d119682c5f80e643f8444540554c	49.0	48.0	depmap_gene_dependency	real_shift_mean_abs	0.7792497165337711	0.0009990009990009	0.6146649965329112	0.8802489330734145	0.7610164660837119	0.0009990009990009	0.6569918060321749	0.892196242887423	1000.0	1000.0	estimated	bridge-form detectability or boundary evidence; not model generalization
