model_id	object_role	cell_line	target_gene	predicted_shift_mean_abs	predicted_shift_l2	predicted_topk_abs_shift	expected_axis	predicted_shift_axis_aligned_magnitude	axis_total_magnitude	top_axis	top_axis_magnitude	axis_entropy	stress_axis_magnitude	top_axis_share	common_axis_dominance_score	stress_axis_share	observed_shift_mean_abs	observed_shift_l2	depmap_gene_effect	dependency_strength	endpoint_category	depmap_gene_dependency	residual	quadrant
cellot_hcc_formal_v1	entrant	HCC38	ARID1A	4.454858226344941	38.02051144604784	9.56398344039917	chromatin remodeling	4.371618032455444	132.9938250001934	JAK-STAT signaling	10.18336582183838	0.9288068888199942	14.621291279792786	0.0765702153601761	0.0765702153601761	0.109939625240281	0.0085365617536346	4.5521106820450274	-0.1959555409927433	0.1959555409927433	shift_excess	0.0939245801107399	0.0024842926660479	middle
cellot_hcc_formal_v1	entrant	HCC38	BMPR1A	0.8173562193170507	7.279796440711649	1.9235845923423769	TGF-beta / BMP signaling	1.1161639988422394	23.103259967433083	growth factor / proliferation	2.660298585891724	0.9219271579354998	1.2049467265605924	0.1151481907593017	0.1151481907593017	0.0521548356491298	0.0056197913890013	2.4112086854129164	-0.3519701364399601	0.3519701364399601	dependency_excess	0.2329854350238944	-0.0008580873192481	middle
cellot_hcc_formal_v1	entrant	HCC38	CDKN2A	0.5807392264300204	5.327596972598208	1.3325968503952026	cell cycle / replication	1.566022515296936	16.44218041996161	signaling / oncogene	2.868919134140014	0.8726610583516613	1.0440855920314789	0.1744853213419922	0.1744853213419922	0.0635004339670125	0.0040551040534158	1.6153802596872924	0.2816188048418129	-0.2816188048418129	low_information	0.0034117871973033	-0.0006943366956666	low_shift_high_depmap
cellot_hcc_formal_v1	entrant	HCC38	COMMD6	1.024846433325017	8.457194355615318	2.074072229862213	NF-κB / copper signaling	0.7936638593673706	27.46417233016756	proteostasis / chaperone	3.018684148788452	0.92110885722541	0.6722786724567413	0.1099135307082467	0.1099135307082467	0.0244783882206524	0.0042202270388882	1.715292039582324	0.1473822164133259	-0.1473822164133259	low_information	0.0087958879569685	-0.0008954126758508	low_shift_high_depmap
cellot_hcc_formal_v1	entrant	HCC38	ENY2	0.9321232098848262	7.56330895518758	1.8213379621505736	transcription / chromatin	1.1612138152122498	22.72786337716712	cytoskeleton / cell motility	1.9284820556640625	0.9573577969460484	2.806601285934448	0.0848510052907769	0.0848510052907769	0.1234872473210138	0.0103397858020701	4.544919712264169	-0.5509808712071267	0.5509808712071267	Q1_anchor	0.4895161201697765	0.0033190035078499	high_shift_low_depmap
cellot_hcc_formal_v1	entrant	HCC38	ERC1	0.679724947886264	5.893562841571536	1.450738686323166	synaptic / signaling	0.5101139545440674	17.787313089602524	cytoskeleton / cell motility	3.0255026817321777	0.9055444163303076	1.91477644443512	0.1700932943886122	0.1700932943886122	0.1076484365451683	0.00417172244801	1.7068626495623005	0.2188525570329813	-0.2188525570329813	low_information	0.0054295617631019	-0.000748945350976	low_shift_high_depmap
cellot_hcc_formal_v1	entrant	HCC38	ETV3	16.723345939149247	114.96505973747914	18.300832557678223	transcription regulation	17.142950269911026	425.4329054090712	NF-κB / copper signaling	18.722307205200195	0.9991353758727568	50.5147762298584	0.0440076612954936	0.0440076612954936	0.1187373510313838	0.0051298888376656	2.131250251028423	-0.1735948251121793	0.1735948251121793	middle	0.0807914252803547	-0.0008613799584009	middle
cellot_hcc_formal_v1	entrant	HCC38	GON4L	1.036589930349208	8.571115411844161	2.102706694602966	transcription regulation	0.924351069662306	28.062784362170436	JAK-STAT signaling	3.28181791305542	0.9433095425963252	2.0104721784591675	0.1169455557474695	0.1169455557474695	0.0716419351876341	0.0060144581054616	2.438389539750892	-0.4178073081616394	0.4178073081616394	dependency_excess	0.3129469325001975	-0.0006430251686404	middle
cellot_hcc_formal_v1	entrant	HCC38	HDGF	0.6665059606287074	5.7094195310731966	1.3747315168380738	growth factor / proliferation	0.5131579041481018	17.292428957505358	cytoskeleton / cell motility	2.221137523651123	0.9028220627208404	1.569258689880371	0.1284456642331378	0.1284456642331378	0.0907483092014828	0.0053940020400889	2.310398267970584	-0.0275129839181656	0.0275129839181656	middle	0.0286996254177853	-0.0001987538037882	middle
cellot_hcc_formal_v1	entrant	HCC38	HLX	0.809666912606422	7.03306429869312	1.7961364269256592	transcription regulation	0.8100267284446292	21.507774942451054	RNA processing / transcription	2.64746618270874	0.9085531406166631	1.9160986840724945	0.123093448289869	0.123093448289869	0.0890886523222161	0.0052991294769277	2.2837459862813443	0.1969791502719058	-0.1969791502719058	middle	0.006315463793662	0.000318790771335	middle
cellot_hcc_formal_v1	entrant	HCC38	KLF3	0.517123837737327	4.373726702462264	1.133125615119934	transcription regulation	0.5078248406449953	12.731723556915918	nuclear receptor / metabolism	1.2012255489826202	0.9182459881042044	0.5500976890325546	0.0943490128113966	0.0943490128113966	0.0432068514976308	0.0054676604656395	2.319837106922052	-0.2832468490799181	0.2832468490799181	dependency_excess	0.1616884807733207	-0.0008227403199183	middle
cellot_hcc_formal_v1	entrant	HCC38	LAMTOR5	0.8755091235358664	8.328532945760664	2.170165538787842	mTOR / lysosome / signaling	1.3003036975860596	23.9719361787041	cytoskeleton / cell motility	4.05302619934082	0.8508910822037828	1.1017574071884155	0.1690737940033979	0.1690737940033979	0.0459603012028365	0.0106435490794122	5.5264970297394775	-0.1880265849724247	0.1880265849724247	shift_excess	0.0890975409858624	0.004612910275546	middle
cellot_hcc_formal_v1	entrant	HCC38	MAML3	1.4651890219526087	13.066471836029317	3.3292379140853883	transcription regulation	1.6605195187860065	31.686341025763088	NF-κB / MAPK signaling	4.850144386291504	0.875020966029686	3.2601163387298584	0.1530673542378407	0.1530673542378407	0.102887118966471	0.0039010408237359	1.5384476186420233	0.1348356419568611	-0.1348356419568611	low_information	0.009549016733777	-0.0012488260912194	low_shift_high_depmap
cellot_hcc_formal_v1	entrant	HCC38	MIER1	3.911349268352732	34.274006322186246	8.699719762802124	transcription regulation	3.4749649034606085	110.2192671166526	growth factor / proliferation	9.46364402770996	0.925378647061328	4.265284314751625	0.0858619756352937	0.0858619756352937	0.0386981734349347	0.0049938655360828	2.045207713573186	0.1844901338995709	-0.1844901338995709	middle	0.0068709338808792	-2.054335060692764e-05	middle
cellot_hcc_formal_v1	entrant	HCC38	MTDH	2.140405144463194	16.539136608426727	3.782649493217469	signaling / oncogene	3.157111644744873	57.90992727213436	proteostasis / chaperone	4.802190780639648	0.9514099432069716	8.084528684616089	0.0829251737456491	0.0829251737456491	0.139605229456164	0.0056310162158605	2.564566136296016	-0.0521834016027112	0.0521834016027112	middle	0.0342163047187118	-2.904081276937972e-05	middle
cellot_hcc_formal_v1	entrant	HCC38	MYBL1	1.7060021154106932	16.366030598647296	4.150866532325745	transcription regulation	1.8341436083945963	42.27647511619661	ribosomal / translation	9.327762603759766	0.8326949166207778	2.074522912502289	0.220637188368294	0.220637188368294	0.0490703850498528	0.0071407239504648	3.414490893578291	0.0709136850199211	-0.0709136850199211	shift_excess	0.0145675964421822	0.0018164771977387	middle
cellot_hcc_formal_v1	entrant	HCC38	NCOA1	7.027925374025994	68.98606673376982	18.092508125305176	nuclear receptor / co-activator	7.562775611877441	234.2452503889799	growth / proliferation	32.998497009277344	0.8779633577809896	19.593992710113525	0.1408715735088807	0.1408715735088807	0.0836473425931855	0.0043489041564256	1.803675839063153	-0.0933676037953646	0.0933676037953646	middle	0.0459486880054965	-0.0014235038520742	middle
cellot_hcc_formal_v1	entrant	HCC38	NPM1	0.9631166030117806	8.44002961132025	2.182207226753235	ribosome biogenesis / nucleolar	3.161098957061768	25.507846905953357	ribosome biogenesis / nucleolar	3.161098957061768	0.9065921551289012	1.6382557451725006	0.1239265300876488	0.1239265300876488	0.0642255597351159	0.0113723052385142	5.049583398617561	-0.9484209992220038	0.9484209992220038	Q1_anchor	0.8555302996262993	0.0032673016787406	high_shift_low_depmap
cellot_hcc_formal_v1	entrant	HCC38	PA2G4	7.048836854544092	64.35419240706291	16.02026824951172	growth / proliferation	15.30356788635254	233.60257577564985	RNA processing / transcription	31.96986198425293	0.9139989805863448	15.936162143945694	0.1368557768599116	0.1368557768599116	0.0682191199777294	0.0071702138866234	3.347055500027386	-0.4663635980262615	0.4663635980262615	Q1_anchor	0.3764696904296344	0.0003802684922252	middle
cellot_hcc_formal_v1	entrant	HCC38	PARK7	0.5697460269674341	4.932750148964638	1.2669890582561494	oxidative stress / mitochondrial	1.3081636428833008	13.742227812608084	nuclear receptor / metabolism	1.3393378853797913	0.9201186898449912	1.4186918437480929	0.0974614817657868	0.0974614817657868	0.103235942752054	0.0050560733285705	2.227876740019074	0.0134496621963463	-0.0134496621963463	middle	0.0215311147572859	-0.0004249359429801	middle
cellot_hcc_formal_v1	entrant	HCC38	PCBD1	0.570312113203901	4.628147560610767	1.0809012234210968	metabolism / transcription	0.0700548291206359	14.72379066546758	cytoskeleton / cell motility	1.534628987312317	0.9297841724344664	1.0918825268745422	0.104227846088002	0.104227846088002	0.0741577051509831	0.0041690086810655	1.7392892243046572	0.016465541489049	-0.016465541489049	low_information	0.0210892465180688	-0.0013037732368964	middle
cellot_hcc_formal_v1	entrant	HCC38	PEX14	0.507068745316343	4.337861004104958	1.095754426717758	peroxisome / metabolism	0.6049447059631348	13.890561040076944	nuclear receptor / metabolism	1.4048652052879331	0.9375404156395464	2.600163459777832	0.1011381182685585	0.1011381182685585	0.1871892324777854	0.004391741095693	1.8521323648982424	0.232031509113923	-0.232031509113923	low_information	0.0049454685061893	-0.0004929743696039	low_shift_high_depmap
cellot_hcc_formal_v1	entrant	HCC38	PFDN5	0.7988774603668679	7.217676182338528	1.8404466032981872	proteostasis / chaperone	1.7181814908981323	18.63977952549855	ribosomal / translation	2.592099666595459	0.8662987834027585	1.7212443351745603	0.1390627857507413	0.1390627857507413	0.0923425265207649	0.0091179791241103	3.763957430728924	-0.8870801927678431	0.8870801927678431	Q1_anchor	0.8201974002162512	0.0011803139937399	high_shift_low_depmap
cellot_hcc_formal_v1	entrant	HCC38	PMF1	0.7903404736772497	6.438044536673774	1.553207421302795	transcription regulation	0.8678877850373586	20.65636928876241	ribosomal / translation	2.362467765808105	0.935932811285598	2.73724627494812	0.1143699424028668	0.1143699424028668	0.1325134265699467	0.0092008578860405	3.907662671107953	-1.5920218294593655	1.5920218294593655	Q1_anchor	0.9978434877605236	-0.0006598961817566	high_shift_low_depmap
cellot_hcc_formal_v1	entrant	HCC38	PRDX2	1.77244119726597	16.192459827745736	4.193310642242432	oxidative stress / antioxidant	5.591651439666748	47.604912758701374	nuclear receptor / co-activator	6.217123031616211	0.9014677259659352	10.06116509437561	0.1305983494419875	0.1305983494419875	0.2113472016086532	0.0048643958897732	2.130357874677587	-0.278397829186231	0.278397829186231	middle	0.1572365253337959	-0.0014127767134366	middle
cellot_hcc_formal_v1	entrant	HCC38	PRPF6	0.9277019608528057	7.850445110761161	1.9902899622917176	RNA processing / spliceosome	0.3830439150333404	25.9043174220456	oxidative stress / antioxidant	2.397550106048584	0.934005806311076	4.5709110498428345	0.0925540737857147	0.0925540737857147	0.1764536380315046	0.0144798741040019	5.908263551904799	-1.5741714599009082	1.5741714599009082	Q1_anchor	0.9972796156547944	0.0046678160507967	high_shift_low_depmap
cellot_hcc_formal_v1	entrant	HCC38	RORC	0.6347096822363265	5.704977865205703	1.482344740629196	nuclear receptor / metabolism	0.554807648062706	15.90676535665989	cytoskeleton / cell motility	2.3685860633850098	0.885092551866307	1.366535246372223	0.1489043190288416	0.1489043190288416	0.085909059179029	0.0047603589109585	1.944086166826961	-0.377798049598536	0.377798049598536	dependency_excess	0.263229534078098	-0.001787978643083	middle
cellot_hcc_formal_v1	entrant	HCC38	RPS3	0.7552541889091755	6.724145347421547	1.709520947933197	ribosomal / translation	1.1233890056610107	21.50358402356505	cytoskeleton / cell motility	3.3154916763305664	0.9131060411192556	0.6585556417703629	0.1541832130261276	0.1541832130261276	0.0306253897512467	0.0096911866022176	4.1654645837132325	-1.977444057423196	1.977444057423196	Q1_anchor	1.0	-0.0012210037608086	high_shift_low_depmap
cellot_hcc_formal_v1	entrant	HCC38	RUVBL2	1.1710408227716356	10.454796869568453	2.588280713558197	chromatin remodeling	0.963441789150238	34.90058927051723	ribosomal / translation	5.071727275848389	0.9164682870022828	3.495990812778473	0.1453192447994797	0.1453192447994797	0.1001699652026151	0.0082501146934477	3.3300033506603586	-1.3247838305863433	1.3247838305863433	Q1_anchor	0.978029448287533	-0.000881611022861	high_shift_low_depmap
cellot_hcc_formal_v1	entrant	HCC38	SMAD1	5.144170280466688	46.79780030164117	12.56747360229492	TGF-beta / BMP signaling	5.14799702167511	157.0488587717215	RNA processing / transcription	20.20487403869629	0.9095399027343046	19.555111289024357	0.1286534279632372	0.1286534279632372	0.1245160992697737	0.0045644798021591	1.9253649364438048	0.092940314960579	-0.092940314960579	low_information	0.0125810954880103	-0.0006996780493545	middle
cellot_hcc_formal_v1	entrant	HCC38	STAT3	0.5314275685777056	4.810437823861674	1.2449610114097596	JAK-STAT signaling	1.2669451236724854	14.77385184996658	cell cycle / replication	1.6830873489379885	0.8900484261109196	0.7868508100509641	0.1139233942529209	0.1139233942529209	0.0532596927356317	0.0049421595924907	2.1690524844948564	0.0005423560077098	-0.0005423560077098	middle	0.0235621693286022	-0.0005740609596133	middle
cellot_hcc_formal_v1	entrant	HCC38	TAB3	0.6188414176093772	5.064160682792949	1.2259832441806793	NF-κB / MAPK signaling	1.016643762588501	15.904362480673525	signaling / oncogene	1.475743055343628	0.9374884646495808	1.4109397530555725	0.0927885702515208	0.0927885702515208	0.0887140087991644	0.005355838101385	2.217455001567444	-0.0196506729762948	0.0196506729762948	middle	0.0271522701939877	-0.0002154692673164	middle
cellot_hcc_formal_v1	entrant	HCC38	TADA3	0.7483835454950941	6.384694663504884	1.5870562314987182	transcription / chromatin	0.8822765350341797	21.535588458180428	cytoskeleton / cell motility	2.22006893157959	0.9191821924263136	3.609747529029846	0.1030883802358455	0.1030883802358455	0.1676177800313908	0.0091400872937874	4.428444823703298	-0.0575575471120086	0.0575575471120086	shift_excess	0.035551946395066	0.003465369534057	middle
cellot_hcc_formal_v1	entrant	HCC38	THAP8	0.6448459396971032	5.275679003019576	1.2792363047599793	transcription regulation	0.6278199661109183	16.999300110671253	cell cycle / replication	1.476305365562439	0.9471190894944648	0.906951904296875	0.086845067499908	0.086845067499908	0.0533523085298987	0.0050563694115236	2.120590397995916	-0.0175508210223816	0.0175508210223816	middle	0.0267473201978675	-0.0005092095367631	middle
cellot_hcc_formal_v1	entrant	HCC38	THRA	0.5598362186487685	5.052249325784124	1.3048092424869535	nuclear receptor / metabolism	1.2547538578510284	16.833452008664608	cytoskeleton / cell motility	2.097342014312744	0.8987014088242065	0.7191248536109924	0.1245936967196739	0.1245936967196739	0.0427199871565761	0.0058419151883759	2.5748785168349526	-0.1244560670130739	0.1244560670130739	middle	0.0573416619307745	-1.5302507314757935e-05	middle
cellot_hcc_formal_v1	entrant	HCC38	TMF1	0.5627251800070417	4.928763041677351	1.284883689880371	transcription regulation	0.6788855575852923	13.802632921271854	cytoskeleton / cell motility	1.5497593879699707	0.9055606504084732	1.35455784201622	0.112279982870628	0.112279982870628	0.0981376415458133	0.00630257681098	2.6709537577516334	-0.1739325679207107	0.1739325679207107	middle	0.0809743969956026	0.0003103866486258	middle
cellot_hcc_formal_v1	entrant	HCC38	TMSB4X	0.7650971292181218	6.2342280366282665	1.50505028963089	cytoskeleton / cell motility	1.6697397232055664	19.02435082362758	cytoskeleton / cell motility	1.6697397232055664	0.9323810714139572	2.762700706720352	0.0877685519303927	0.0877685519303927	0.1452191842093857	0.0045126915949235	1.993718373946049	-0.3380993515689319	0.3380993515689319	dependency_excess	0.2174493812731642	-0.0019273474517844	middle
cellot_hcc_formal_v1	entrant	HCC38	UBP1	0.758636493315088	6.397175281406219	1.5643388509750369	transcription regulation	0.7762311788068877	18.694991582797638	RNA processing / transcription	1.7737399339675903	0.9353657066085752	1.82461553812027	0.0948778139916207	0.0948778139916207	0.0975991633930023	0.004398069047543	1.8193468573847944	0.0228586479772922	-0.0228586479772922	low_information	0.0201784564207119	-0.0010572724019838	middle
cellot_hcc_formal_v1	entrant	HCC38	VEZF1	0.6136795390159526	4.967462688533521	1.2022010803222656	transcription regulation	0.7192009223832024	14.349612979425324	cytoskeleton / cell motility	1.6628732681274414	0.9363065329931516	0.9883311092853544	0.1158827956204597	0.1158827956204597	0.0688751056005787	0.0073740581188237	3.330757494619107	-0.151644262020672	0.151644262020672	shift_excess	0.0694464693745538	0.0014426707127253	middle
cellot_hcc_formal_v1	entrant	HCC38	XBP1	1.573668653660632	14.18766260129906	3.810572981834412	ER stress / UPR	2.05210280418396	31.077402755618092	nuclear receptor / metabolism	2.825399070978165	0.9287559296348044	4.417293667793274	0.0909149034491756	0.0909149034491756	0.1421384438889355	0.0040282961697656	1.6387798034173342	0.1080243659617565	-0.1080243659617565	low_information	0.0113924113087519	-0.0011947122161723	low_shift_high_depmap
cellot_hcc_formal_v1	entrant	HCC38	YBX1	2.2124924647047166	19.428983056571656	5.063698863983154	RNA processing / transcription	1.7292307615280151	65.72235666712125	NF-κB / copper signaling	7.080102443695068	0.9078464442827032	7.872864127159119	0.1077274583982928	0.1077274583982928	0.1197897416709291	0.0076494599161971	3.716232319681118	-2.475443696624305	2.475443696624305	Q1_anchor	1.0	-0.0046212792218524	middle
cellot_hcc_formal_v1	entrant	HCC38	ZBTB17	0.5535202850686743	4.595046657418794	1.1321438372135162	transcription regulation	0.5394058931205008	14.964530806574556	cytoskeleton / cell motility	1.288942575454712	0.942231365600654	2.1590633392333984	0.0861331766505117	0.0861331766505117	0.1442787192689549	0.0079465191255336	3.493035111075968	-0.3779576510823618	0.3779576510823618	Q1_anchor	0.2634223656448051	0.0013977461767984	high_shift_low_depmap
cellot_hcc_formal_v1	entrant	HCC38	ZBTB20	0.4728595365948499	3.932850453503296	0.972030633687973	transcription regulation	0.3951773416871826	13.08029655336092	cell cycle / replication	1.3525830507278442	0.930835385034646	0.4123569130897521	0.1034061456642055	0.1034061456642055	0.0315250431370226	0.0048062658192207	2.1590019433283736	0.3536029010287363	-0.3536029010287363	low_information	0.0018330352467763	0.0002531985170202	middle
cellot_hcc_formal_v1	entrant	HCC38	ZBTB5	0.4927406990306174	4.446727284251211	1.1512462854385377	transcription regulation	0.5689555729428927	12.25124565946559	ribosomal / translation	1.3835495710372925	0.9233842891853544	1.9199972748756409	0.1129313385344069	0.1129313385344069	0.1567185352611232	0.0046384099549855	1.897499312170974	0.0729011804312269	-0.0729011804312269	low_information	0.0143722132742512	-0.0006804148872734	middle
cellot_hcc_formal_v1	entrant	HCC38	ZNF131	0.6555998040006515	5.677423313009304	1.4445148825645446	transcription regulation	0.5234232346216837	18.487765530745182	mTOR / lysosome / signaling	2.332416534423828	0.926469463078566	1.503204584121704	0.1261600018966605	0.1261600018966605	0.0813080727155411	0.0098454685363047	4.415636227925105	-0.6933601874242165	0.6933601874242165	Q1_anchor	0.6622862073859538	0.0024362738208512	high_shift_low_depmap
cellot_hcc_formal_v1	entrant	HCC38	ZNF24	0.7193596218811705	5.916966048571244	1.4872201800346374	transcription regulation	0.6646323208179739	19.896486223157908	NF-κB / MAPK signaling	2.031639337539673	0.9435286653051722	1.1091678738594055	0.1021104588394612	0.1021104588394612	0.0557469224173072	0.0039710221358838	1.6212123105803893	-0.0751354213507236	0.0751354213507236	middle	0.0403071652767106	-0.0017516482680549	middle
cellot_hcc_formal_v1	entrant	HCC38	ZNF566	0.8165230215229886	6.876665145252517	1.7661295890808106	transcription regulation	0.7325087653266059	21.97015074806081	synaptic / signaling	2.27408766746521	0.9271603984478016	1.7558255195617676	0.1035080593457435	0.1035080593457435	0.0799186832942757	0.0045411647163488	1.9239272325468384	-0.1834100057572494	0.1834100057572494	middle	0.0863639716532793	-0.0014768800060284	middle
cpa_v0.8.8	candidate	HCC38	ARID1A	0.024947493663402	0.2413190292777434	0.0679155619072464	chromatin remodeling	0.0339649505686662	0.875499382358495	RNA processing / transcription	0.0819553674876236	0.8862538463394715	0.1505148864461692	0.09360985186174	0.09360985186174	0.1719188950661499	0.0085365617536346	4.5521106820450274	-0.1959555409927433	0.1959555409927433	shift_excess	0.0939245801107399	0.0024842926660479	middle
cpa_v0.8.8	candidate	HCC38	BMPR1A	0.0223364961708554	0.2104267407842363	0.058424833887441	TGF-beta / BMP signaling	0.0028003489407891	0.7622877750631479	signaling / oncogene	0.0703502799704143	0.8928097055491756	0.1354200101568016	0.0922883486680427	0.0922883486680427	0.1776494581007591	0.0056197913890013	2.4112086854129164	-0.3519701364399601	0.3519701364399601	dependency_excess	0.2329854350238944	-0.0008580873192481	middle
cpa_v0.8.8	candidate	HCC38	CDKN2A	0.0225284138509602	0.2139530168635276	0.0595631689953354	cell cycle / replication	0.0023442385718226	0.7783352127061076	signaling / oncogene	0.0729654933645793	0.8913518853676079	0.1364820755197319	0.0937455895267717	0.0937455895267717	0.1753512796179585	0.0040551040534158	1.6153802596872924	0.2816188048418129	-0.2816188048418129	low_information	0.0034117871973033	-0.0006943366956666	low_shift_high_depmap
cpa_v0.8.8	candidate	HCC38	COMMD6	0.0223821068171169	0.2117713356253731	0.0588288755344895	NF-κB / copper signaling	0.0260349255149614	0.7709092270772134	signaling / oncogene	0.0721663142874309	0.893048382862644	0.1356386399938377	0.0936119477529652	0.0936119477529652	0.1759463179706529	0.0042202270388882	1.715292039582324	0.1473822164133259	-0.1473822164133259	low_information	0.0087958879569685	-0.0008954126758508	low_shift_high_depmap
cpa_v0.8.8	candidate	HCC38	ENY2	0.0217241867421811	0.2058570925468935	0.0570931942390946	transcription / chromatin	0.0254761087010606	0.7534651684995197	signaling / oncogene	0.0710858012869426	0.8928385475633385	0.1327646530343803	0.0943451724895334	0.0943451724895334	0.1762054287111547	0.0103397858020701	4.544919712264169	-0.5509808712071267	0.5509808712071267	Q1_anchor	0.4895161201697765	0.0033190035078499	high_shift_low_depmap
cpa_v0.8.8	candidate	HCC38	ERC1	0.023102873796296	0.218398366761124	0.0609842871364186	synaptic / signaling	0.0235092202456139	0.7845546477214318	signaling / oncogene	0.0713559295370647	0.890632034871679	0.140363112754992	0.0909508722487368	0.0909508722487368	0.1789080125427159	0.00417172244801	1.7068626495623005	0.2188525570329813	-0.2188525570329813	low_information	0.0054295617631019	-0.000748945350976	low_shift_high_depmap
cpa_v0.8.8	candidate	HCC38	ETV3	0.0197818743826375	0.183023863431781	0.0495442018455671	transcription regulation	0.0124089578253897	0.6630005063946126	signaling / oncogene	0.0627189780905315	0.8929422440706934	0.1212200082017692	0.0945986880637488	0.0945986880637488	0.1828354684990542	0.0051298888376656	2.131250251028423	-0.1735948251121793	0.1735948251121793	middle	0.0807914252803547	-0.0008613799584009	middle
cpa_v0.8.8	candidate	HCC38	GON4L	0.0234855510691916	0.2272600665666575	0.0640470774101761	transcription regulation	0.0122201356917162	0.8347761260856537	RNA processing / transcription	0.0794255079447769	0.8880679540216334	0.140579209394625	0.0951458785928759	0.0951458785928759	0.1684034856792258	0.0060144581054616	2.438389539750892	-0.4178073081616394	0.4178073081616394	dependency_excess	0.3129469325001975	-0.0006430251686404	middle
cpa_v0.8.8	candidate	HCC38	HDGF	0.0237636854717027	0.2266359611113762	0.0634764884646962	growth factor / proliferation	0.0130251232273017	0.8193381639192663	RNA processing / transcription	0.0750440897166275	0.8890560537764293	0.1440663791372093	0.0915911073367528	0.0915911073367528	0.1758326237948863	0.0053940020400889	2.310398267970584	-0.0275129839181656	0.0275129839181656	middle	0.0286996254177853	-0.0001987538037882	middle
cpa_v0.8.8	candidate	HCC38	HLX	0.0226825231288416	0.2148765677437767	0.0597415064509938	transcription regulation	0.0131999028726954	0.779752945432528	signaling / oncogene	0.0720943118765422	0.8914034452492771	0.137585029668978	0.0924578897698829	0.0924578897698829	0.176446950889887	0.0052991294769277	2.2837459862813443	0.1969791502719058	-0.1969791502719058	middle	0.006315463793662	0.000318790771335	middle
cpa_v0.8.8	candidate	HCC38	KLF3	0.0218305398271123	0.2042093577697269	0.0565207337077687	transcription regulation	0.0134137195311857	0.7365838046727691	signaling / oncogene	0.0675104762747356	0.8946084593544444	0.1336372054292472	0.0916534898628777	0.0916534898628777	0.181428378660343	0.0054676604656395	2.319837106922052	-0.2832468490799181	0.2832468490799181	dependency_excess	0.1616884807733207	-0.0008227403199183	middle
cpa_v0.8.8	candidate	HCC38	LAMTOR5	0.023177366836856	0.2223196686707828	0.062432202808812	mTOR / lysosome / signaling	0.018553760606633	0.813386660614605	signaling / oncogene	0.0765627528860637	0.8901321833204215	0.1398228860570701	0.0941283605858644	0.0941283605858644	0.1719021135057934	0.0106435490794122	5.5264970297394775	-0.1880265849724247	0.1880265849724247	shift_excess	0.0890975409858624	0.004612910275546	middle
cpa_v0.8.8	candidate	HCC38	MAML3	0.0209714693123277	0.1950554529044744	0.0535072718795369	transcription regulation	0.0130442815609646	0.7046638232033685	signaling / oncogene	0.0655988361074992	0.8945609058964045	0.1276870227529319	0.0930923852586755	0.0930923852586755	0.1812027502312701	0.0039010408237359	1.5384476186420233	0.1348356419568611	-0.1348356419568611	low_information	0.009549016733777	-0.0012488260912194	low_shift_high_depmap
cpa_v0.8.8	candidate	HCC38	MIER1	0.0223275340431668	0.2106558101886904	0.0584740852054188	transcription regulation	0.0132472214065862	0.763008153085316	signaling / oncogene	0.0708287860586711	0.892203580235773	0.1351379609777244	0.0928283476031891	0.0928283476031891	0.1771120799054081	0.0049938655360828	2.045207713573186	0.1844901338995709	-0.1844901338995709	middle	0.0068709338808792	-2.054335060692764e-05	middle
cpa_v0.8.8	candidate	HCC38	MTDH	0.0214646780191624	0.2007378311378798	0.0551467091965225	signaling / oncogene	0.0683396960928508	0.7302443680882544	signaling / oncogene	0.0683396960928508	0.8945719082318334	0.1307042396737846	0.0935846944931063	0.0935846944931063	0.1789869876243786	0.0056310162158605	2.564566136296016	-0.0521834016027112	0.0521834016027112	middle	0.0342163047187118	-2.904081276937972e-05	middle
cpa_v0.8.8	candidate	HCC38	MYBL1	0.0230558661197565	0.218920387386319	0.0609860153126267	transcription regulation	0.0132474629295739	0.7962078555676314	signaling / oncogene	0.0735655929281779	0.8918064091109476	0.1404192901326927	0.0923949599514207	0.0923949599514207	0.1763600913389446	0.0071407239504648	3.414490893578291	0.0709136850199211	-0.0709136850199211	shift_excess	0.0145675964421822	0.0018164771977387	middle
cpa_v0.8.8	candidate	HCC38	NCOA1	0.0244214229203118	0.2331157161708379	0.0654318069156239	nuclear receptor / co-activator	0.0008482422788405	0.8387544890732667	RNA processing / transcription	0.0758098901927017	0.8882326790797024	0.1472950435354026	0.090383886083833	0.090383886083833	0.175611630643131	0.0043489041564256	1.803675839063153	-0.0933676037953646	0.0933676037953646	middle	0.0459486880054965	-0.0014235038520742	middle
cpa_v0.8.8	candidate	HCC38	NPM1	0.0249290671369607	0.2388719442296255	0.0672142540153096	ribosome biogenesis / nucleolar	0.0684536864550215	0.8600237560131441	signaling / oncogene	0.0781372691824504	0.8884460924403259	0.1497537947370323	0.0908547800408157	0.0908547800408157	0.1741275094902652	0.0113723052385142	5.049583398617561	-0.9484209992220038	0.9484209992220038	Q1_anchor	0.8555302996262993	0.0032673016787406	high_shift_low_depmap
cpa_v0.8.8	candidate	HCC38	PA2G4	0.0212730507903317	0.1978995965228812	0.0543069933589528	growth / proliferation	0.0536521103279687	0.7189157986430125	signaling / oncogene	0.0669342185690471	0.8961208654173134	0.1296187794877799	0.0931043923299343	0.0931043923299343	0.1802975810692176	0.0071702138866234	3.347055500027386	-0.4663635980262615	0.4663635980262615	Q1_anchor	0.3764696904296344	0.0003802684922252	middle
cpa_v0.8.8	candidate	HCC38	PARK7	0.0229588036357229	0.2207136886192303	0.0619781286644486	oxidative stress / mitochondrial	0.0705865917585468	0.8075137809093602	RNA processing / transcription	0.0767285169779801	0.8891697551290203	0.1376283920480522	0.0950182136725571	0.0950182136725571	0.1704347285479953	0.0050560733285705	2.227876740019074	0.0134496621963463	-0.0134496621963463	middle	0.0215311147572859	-0.0004249359429801	middle
cpa_v0.8.8	candidate	HCC38	PCBD1	0.0222700703709282	0.2095831115132521	0.0581875537570546	metabolism / transcription	0.0069897446047779	0.7581123383672137	signaling / oncogene	0.0704225207998821	0.8933758769273716	0.135149226255587	0.0928919333400571	0.0928919333400571	0.1782707118929959	0.0041690086810655	1.7392892243046572	0.016465541489049	-0.016465541489049	low_information	0.0210892465180688	-0.0013037732368964	middle
cpa_v0.8.8	candidate	HCC38	PEX14	0.0238025461767894	0.2289111387541549	0.0644760937618759	peroxisome / metabolism	0.0222544628148979	0.8359575977427735	RNA processing / transcription	0.0783061327158951	0.8887015918019544	0.14296950466173	0.0936723739664964	0.0936723739664964	0.1710248283498731	0.004391741095693	1.8521323648982424	0.232031509113923	-0.232031509113923	low_information	0.0049454685061893	-0.0004929743696039	low_shift_high_depmap
cpa_v0.8.8	candidate	HCC38	PFDN5	0.0192422728140832	0.1772440499706488	0.0476990625805067	proteostasis / chaperone	0.0345579120416936	0.6524477209813843	signaling / oncogene	0.0612369682028361	0.8994723096155645	0.1169153309537681	0.0938572796464459	0.0938572796464459	0.1791949411332282	0.0091179791241103	3.763957430728924	-0.8870801927678431	0.8870801927678431	Q1_anchor	0.8201974002162512	0.0011803139937399	high_shift_low_depmap
cpa_v0.8.8	candidate	HCC38	PMF1	0.0190484205030708	0.175524459320249	0.0473424360698866	transcription regulation	0.0119724209611157	0.6383309754619754	signaling / oncogene	0.0613294746115276	0.8962762469599834	0.1158409274293693	0.0960778608105959	0.0960778608105959	0.1814747080784109	0.0092008578860405	3.907662671107953	-1.5920218294593655	1.5920218294593655	Q1_anchor	0.9978434877605236	-0.0006598961817566	high_shift_low_depmap
cpa_v0.8.8	candidate	HCC38	PRDX2	0.0206769252296203	0.1930031183969197	0.0527518675274061	oxidative stress / antioxidant	0.0532983164622298	0.7047695318903128	signaling / oncogene	0.0663925315573283	0.8945290446777876	0.1263314343168053	0.0942045995933623	0.0942045995933623	0.1792521222901942	0.0048643958897732	2.130357874677587	-0.278397829186231	0.278397829186231	middle	0.1572365253337959	-0.0014127767134366	middle
cpa_v0.8.8	candidate	HCC38	PRPF6	0.0223910174910648	0.2121605659355825	0.0589963709052632	RNA processing / spliceosome	0.0070173401196135	0.7683204653331759	signaling / oncogene	0.0724562312796184	0.8934344175683053	0.1359898007585319	0.0943047003807172	0.0943047003807172	0.1769961974129649	0.0144798741040019	5.908263551904799	-1.5741714599009082	1.5741714599009082	Q1_anchor	0.9972796156547944	0.0046678160507967	high_shift_low_depmap
cpa_v0.8.8	candidate	HCC38	RORC	0.0241425324750029	0.2305954108926504	0.0647569690879414	nuclear receptor / metabolism	0.0020017448765489	0.8310383478743911	RNA processing / transcription	0.0760919393717789	0.8884833995236059	0.1465932882501397	0.0915624887424328	0.0915624887424328	0.1763977422041862	0.0047603589109585	1.944086166826961	-0.377798049598536	0.377798049598536	dependency_excess	0.263229534078098	-0.001787978643083	middle
cpa_v0.8.8	candidate	HCC38	RPS3	0.0210666674760904	0.1972330596190454	0.0541719124263929	ribosomal / translation	0.0515447774929369	0.7162939579638743	signaling / oncogene	0.0671385432913371	0.8949952680086677	0.1282060898019584	0.0937304336367488	0.0937304336367488	0.1789853011833228	0.0096911866022176	4.1654645837132325	-1.977444057423196	1.977444057423196	Q1_anchor	1.0	-0.0012210037608086	high_shift_low_depmap
cpa_v0.8.8	candidate	HCC38	RUVBL2	0.0235388120803263	0.2253392276174415	0.0630032633479665	chromatin remodeling	0.0315087027621172	0.8172304717676772	RNA processing / transcription	0.0764588655650162	0.8893302143885448	0.1427664316369803	0.0935585103668919	0.0935585103668919	0.1746954336249543	0.0082501146934477	3.3300033506603586	-1.3247838305863433	1.3247838305863433	Q1_anchor	0.978029448287533	-0.000881611022861	high_shift_low_depmap
cpa_v0.8.8	candidate	HCC38	SMAD1	0.023530716213909	0.2242728407103607	0.0626735658573654	TGF-beta / BMP signaling	0.0033160483273857	0.8166658807311813	signaling / oncogene	0.0752061511709758	0.8914069920143965	0.1421765244676384	0.0920892533230871	0.0920892533230871	0.1740938709724768	0.0045644798021591	1.9253649364438048	0.092940314960579	-0.092940314960579	low_information	0.0125810954880103	-0.0006996780493545	middle
cpa_v0.8.8	candidate	HCC38	STAT3	0.0239607171703878	0.2303186381083486	0.064784166328862	JAK-STAT signaling	0.0393110391585127	0.8399054596687311	RNA processing / transcription	0.0789720358073258	0.8891150926636964	0.1435597992612632	0.0940249106589607	0.0940249106589607	0.1709237600597154	0.0049421595924907	2.1690524844948564	0.0005423560077098	-0.0005423560077098	middle	0.0235621693286022	-0.0005740609596133	middle
cpa_v0.8.8	candidate	HCC38	TAB3	0.0224799996091801	0.2127820077093073	0.0591765315460709	NF-κB / MAPK signaling	0.0029294481344122	0.7762008289530105	signaling / oncogene	0.0725606586172649	0.892495052837002	0.1353271461202416	0.0934818102618356	0.0934818102618356	0.1743455315588615	0.005355838101385	2.217455001567444	-0.0196506729762948	0.0196506729762948	middle	0.0271522701939877	-0.0002154692673164	middle
cpa_v0.8.8	candidate	HCC38	TADA3	0.0213809418478329	0.2028869737843724	0.0562089593338516	transcription / chromatin	0.0250405179570421	0.7442129070773591	signaling / oncogene	0.0711301471426555	0.8912789867960176	0.1287130571080956	0.0955776854529368	0.0955776854529368	0.1729519279819695	0.0091400872937874	4.428444823703298	-0.0575575471120086	0.0575575471120086	shift_excess	0.035551946395066	0.003465369534057	middle
cpa_v0.8.8	candidate	HCC38	THAP8	0.0238828022029194	0.2310585494225314	0.0652735562252549	transcription regulation	0.0125814167249076	0.8465910361827533	RNA processing / transcription	0.0800201238810562	0.8876980940941989	0.1429852998925957	0.094520400596094	0.094520400596094	0.1688953624377018	0.0050563694115236	2.120590397995916	-0.0175508210223816	0.0175508210223816	middle	0.0267473201978675	-0.0005092095367631	middle
cpa_v0.8.8	candidate	HCC38	THRA	0.0209005423857357	0.1958180020721209	0.0538502023166822	nuclear receptor / metabolism	0.0015697824488657	0.7156894702910627	signaling / oncogene	0.0680662299826213	0.8950457880978445	0.1274346566869529	0.0951058144741734	0.0951058144741734	0.178058588224201	0.0058419151883759	2.5748785168349526	-0.1244560670130739	0.1244560670130739	middle	0.0573416619307745	-1.5302507314757935e-05	middle
cpa_v0.8.8	candidate	HCC38	TMF1	0.0235358652147004	0.2261631376480196	0.0635855646061448	transcription regulation	0.0128682100611798	0.8253047594485348	RNA processing / transcription	0.0780791582285904	0.8891674441611556	0.1417104757501396	0.0946064557785448	0.0946064557785448	0.1717068442024131	0.00630257681098	2.6709537577516334	-0.1739325679207107	0.1739325679207107	middle	0.0809743969956026	0.0003103866486258	middle
cpa_v0.8.8	candidate	HCC38	TMSB4X	0.0224135455079451	0.2114509696049821	0.0586372648414204	cytoskeleton / cell motility	0.0521335773042563	0.7701464803819915	signaling / oncogene	0.0713463927939006	0.8937616188229308	0.1362546539975914	0.0926400296713852	0.0926400296713852	0.1769204397714176	0.0045126915949235	1.993718373946049	-0.3380993515689319	0.3380993515689319	dependency_excess	0.2174493812731642	-0.0019273474517844	middle
cpa_v0.8.8	candidate	HCC38	UBP1	0.0215157427486661	0.2027652237066342	0.056027630083516	transcription regulation	0.0125349911224053	0.7396967766969834	signaling / oncogene	0.070434203310258	0.893631128736422	0.1304524696542534	0.0952203734410909	0.0952203734410909	0.1763593863917744	0.004398069047543	1.8193468573847944	0.0228586479772922	-0.0228586479772922	low_information	0.0201784564207119	-0.0010572724019838	middle
cpa_v0.8.8	candidate	HCC38	VEZF1	0.0263714675829681	0.2581882732470574	0.073136696331456	transcription regulation	0.0138328787440597	0.9348281385630944	RNA processing / transcription	0.0884312929331803	0.8816323615836631	0.157108203239611	0.0945963105786548	0.0945963105786548	0.1680610550310337	0.0073740581188237	3.330757494619107	-0.151644262020672	0.151644262020672	shift_excess	0.0694464693745538	0.0014426707127253	middle
cpa_v0.8.8	candidate	HCC38	XBP1	0.021966867278784	0.2081281309025667	0.0578328998016861	ER stress / UPR	0.0097212431885427	0.7602973411344794	signaling / oncogene	0.0720091964438029	0.8922597347159745	0.1329632557107719	0.0947118877679543	0.0947118877679543	0.1748832312268387	0.0040282961697656	1.6387798034173342	0.1080243659617565	-0.1080243659617565	low_information	0.0113924113087519	-0.0011947122161723	low_shift_high_depmap
cpa_v0.8.8	candidate	HCC38	YBX1	0.024049801287495	0.229606667306827	0.0645268057521413	RNA processing / transcription	0.0760461630045914	0.8247495715104135	RNA processing / transcription	0.0760461630045914	0.8888582672726966	0.1453904665185723	0.0922051561243293	0.0922051561243293	0.1762843795751357	0.0076494599161971	3.716232319681118	-2.475443696624305	2.475443696624305	Q1_anchor	1.0	-0.0046212792218524	middle
cpa_v0.8.8	candidate	HCC38	ZBTB17	0.0222267657157928	0.2118245154235583	0.0591301650929001	transcription regulation	0.0122505370614799	0.7780086632488166	signaling / oncogene	0.0735486652090617	0.8909735293892309	0.1338039494230065	0.0945345067263601	0.0945345067263601	0.1719825957519118	0.0079465191255336	3.493035111075968	-0.3779576510823618	0.3779576510823618	Q1_anchor	0.2634223656448051	0.0013977461767984	high_shift_low_depmap
cpa_v0.8.8	candidate	HCC38	ZBTB20	0.025583347557655	0.2498537643217751	0.0708856255936173	transcription regulation	0.0133089662306381	0.9094871385949512	RNA processing / transcription	0.0861388982951187	0.8839076822184376	0.1528169966413292	0.0947115078814561	0.0947115078814561	0.1680254619954419	0.0048062658192207	2.1590019433283736	0.3536029010287363	-0.3536029010287363	low_information	0.0018330352467763	0.0002531985170202	middle
cpa_v0.8.8	candidate	HCC38	ZBTB5	0.0223991609657495	0.2122834171274999	0.0590409190582779	transcription regulation	0.0129052789762158	0.7729294197266875	signaling / oncogene	0.0728508140280315	0.8923896653252763	0.1348023570253165	0.0942528672977566	0.0942528672977566	0.1744044845297562	0.0046384099549855	1.897499312170974	0.0729011804312269	-0.0729011804312269	low_information	0.0143722132742512	-0.0006804148872734	middle
cpa_v0.8.8	candidate	HCC38	ZNF131	0.0221876369112509	0.2094815527358744	0.0581034452843216	transcription regulation	0.0128999795438057	0.7633190431837807	signaling / oncogene	0.0721110011770793	0.8939342352603751	0.1338967240525993	0.0944703290465628	0.0944703290465628	0.1754138394007833	0.0098454685363047	4.415636227925105	-0.6933601874242165	0.6933601874242165	Q1_anchor	0.6622862073859538	0.0024362738208512	high_shift_low_depmap
cpa_v0.8.8	candidate	HCC38	ZNF24	0.0254732795518551	0.2464610457849801	0.0695503805812428	transcription regulation	0.0142495788514156	0.8859944242950969	RNA processing / transcription	0.0825318636118912	0.8838734415360865	0.1528976715280326	0.0931516738127941	0.0931516738127941	0.1725718213742474	0.0039710221358838	1.6212123105803893	-0.0751354213507236	0.0751354213507236	middle	0.0403071652767106	-0.0017516482680549	middle
cpa_v0.8.8	candidate	HCC38	ZNF566	0.02318577692492	0.2202227909287371	0.0614584659274648	transcription regulation	0.0133630663450763	0.7993875065283286	signaling / oncogene	0.0739675666525432	0.891918385010108	0.1403184986783774	0.0925303010723522	0.0925303010723522	0.1755325139965829	0.0045411647163488	1.9239272325468384	-0.1834100057572494	0.1834100057572494	middle	0.0863639716532793	-0.0014768800060284	middle
gears_hcc_formal_v1	entrant	HCC38	ARID1A	0.0526702672618413	0.5123247887337236	0.1345774110295652	chromatin remodeling	0.0371808969009429	1.7344675662263185	RNA processing / transcription	0.2599734605967545	0.8848275654463909	0.1587497309253503	0.1498866082358512	0.1498866082358512	0.0915264914816148	0.0085365617536346	4.5521106820450274	-0.1959555409927433	0.1959555409927433	shift_excess	0.0939245801107399	0.0024842926660479	middle
gears_hcc_formal_v1	entrant	HCC38	BMPR1A	0.0507131881000478	0.4479024721384078	0.1177315515297083	TGF-beta / BMP signaling	0.021807329602271	1.477767613818456	RNA processing / transcription	0.1557525934397721	0.9050248268499098	0.1435437060071738	0.1053972167094104	0.1053972167094104	0.0971355067365877	0.0056197913890013	2.4112086854129164	-0.3519701364399601	0.3519701364399601	dependency_excess	0.2329854350238944	-0.0008580873192481	middle
gears_hcc_formal_v1	entrant	HCC38	CDKN2A	0.0671604068232896	0.6479225036401576	0.1694728265583312	cell cycle / replication	0.0356661081314086	2.19566740175402	ribosomal / translation	0.3032251516384447	0.897286263109184	0.2756199230045714	0.1381015865136094	0.1381015865136094	0.1255289953225115	0.0040551040534158	1.6153802596872924	0.2816188048418129	-0.2816188048418129	low_information	0.0034117871973033	-0.0006943366956666	low_shift_high_depmap
gears_hcc_formal_v1	entrant	HCC38	COMMD6	0.0418889262525123	0.3900187928391482	0.0933647354126391	NF-κB / copper signaling	0.0458999019210588	1.3115536008002957	RNA processing / transcription	0.2366110624491715	0.8943659004657646	0.1466431756109632	0.1804051792506185	0.1804051792506185	0.11180875529714	0.0042202270388882	1.715292039582324	0.1473822164133259	-0.1473822164133259	low_information	0.0087958879569685	-0.0008954126758508	low_shift_high_depmap
gears_hcc_formal_v1	entrant	HCC38	ENY2	0.0440764704134654	0.5105590662366097	0.1189473348264246	transcription / chromatin	0.1000936733792527	1.4700065634836397	RNA processing / transcription	0.390575820368483	0.8345981605170677	0.1404823080108453	0.2656966506618117	0.2656966506618117	0.0955657692288997	0.0103397858020701	4.544919712264169	-0.5509808712071267	0.5509808712071267	Q1_anchor	0.4895161201697765	0.0033190035078499	high_shift_low_depmap
gears_hcc_formal_v1	entrant	HCC38	ERC1	0.0617042868632284	0.5775412768228151	0.154413459800143	synaptic / signaling	0.0456579486162804	1.9653122005920136	RNA processing / transcription	0.2109700979411148	0.9086739307663412	0.1459435384183486	0.1073468621817765	0.1073468621817765	0.0742597223862884	0.00417172244801	1.7068626495623005	0.2188525570329813	-0.2188525570329813	low_information	0.0054295617631019	-0.000748945350976	low_shift_high_depmap
gears_hcc_formal_v1	entrant	HCC38	ETV3	0.0611115081723131	0.5336868426169439	0.1360504700347651	transcription regulation	0.0538704149098592	1.8197287856615625	synaptic / signaling	0.1764096776278161	0.9079228155920888	0.1218698478414329	0.0969428406132963	0.0969428406132963	0.0669714348652934	0.0051298888376656	2.131250251028423	-0.1735948251121793	0.1735948251121793	middle	0.0807914252803547	-0.0008613799584009	middle
gears_hcc_formal_v1	entrant	HCC38	GON4L	0.0504252517739292	0.4940230760994223	0.127832280145051	transcription regulation	0.0361535955983935	1.620069513289958	RNA processing / transcription	0.2758409322917008	0.8753016060833915	0.1442353442714501	0.1702648744568599	0.1702648744568599	0.0890303428885246	0.0060144581054616	2.438389539750892	-0.4178073081616394	0.4178073081616394	dependency_excess	0.3129469325001975	-0.0006430251686404	middle
gears_hcc_formal_v1	entrant	HCC38	HDGF	0.0339090261911221	0.2863287175330372	0.0712185851341294	growth factor / proliferation	0.0395941320545112	1.0215728130785515	peroxisome / metabolism	0.1030095261568122	0.9384225405365584	0.0602641861348708	0.1008342477775898	0.1008342477775898	0.0589915719793503	0.0053940020400889	2.310398267970584	-0.0275129839181656	0.0275129839181656	middle	0.0286996254177853	-0.0001987538037882	middle
gears_hcc_formal_v1	entrant	HCC38	HLX	0.062192441602118	0.5887843613653524	0.1540781317642986	transcription regulation	0.0468531600970041	1.992562697262124	ribosomal / translation	0.3072851816219653	0.9020276608386112	0.2299579371303953	0.1542160665981501	0.1542160665981501	0.1154081311701601	0.0052991294769277	2.2837459862813443	0.1969791502719058	-0.1969791502719058	middle	0.006315463793662	0.000318790771335	middle
gears_hcc_formal_v1	entrant	HCC38	KLF3	0.0527512544458902	0.4585795697869402	0.1196576651719697	transcription regulation	0.0417352959048372	1.6042379928527857	proteostasis / chaperone	0.1696082088251409	0.9229196328221612	0.0853041846842208	0.1057250916514761	0.1057250916514761	0.0531742703166666	0.0054676604656395	2.319837106922052	-0.2832468490799181	0.2832468490799181	dependency_excess	0.1616884807733207	-0.0008227403199183	middle
gears_hcc_formal_v1	entrant	HCC38	LAMTOR5	0.0495498513036843	0.5101837056282476	0.132747122912806	mTOR / lysosome / signaling	0.218550589639531	1.6307584538195845	ribosomal / translation	0.279293902774397	0.8462083799562974	0.026843590593185	0.1712662608740313	0.1712662608740313	0.0164608011261947	0.0106435490794122	5.5264970297394775	-0.1880265849724247	0.1880265849724247	shift_excess	0.0890975409858624	0.004612910275546	middle
gears_hcc_formal_v1	entrant	HCC38	MAML3	0.0598921242387939	0.5252283659723873	0.1366858366623418	transcription regulation	0.0547325632268932	1.7725545285344777	ribosomal / translation	0.2011054674190844	0.9113284534451924	0.2342394571064373	0.1134551655149111	0.1134551655149111	0.1321479555836869	0.0039010408237359	1.5384476186420233	0.1348356419568611	-0.1348356419568611	low_information	0.009549016733777	-0.0012488260912194	low_shift_high_depmap
gears_hcc_formal_v1	entrant	HCC38	MIER1	0.0455760975370403	0.3899268474594081	0.0971603027190946	transcription regulation	0.0376158216242377	1.3835385920372585	RNA processing / transcription	0.1811448873698258	0.9221912781768904	0.1155632153556634	0.1309286841815451	0.1309286841815451	0.0835272799911542	0.0049938655360828	2.045207713573186	0.1844901338995709	-0.1844901338995709	middle	0.0068709338808792	-2.054335060692764e-05	middle
gears_hcc_formal_v1	entrant	HCC38	MTDH	0.0478705282606573	0.401990731884116	0.0994370512262005	signaling / oncogene	0.0874656345083781	1.4628387604823965	cytoskeleton / cell motility	0.134416563076603	0.9550592701499082	0.1767697911022563	0.0918874770807117	0.0918874770807117	0.1208402428740427	0.0056310162158605	2.564566136296016	-0.0521834016027112	0.0521834016027112	middle	0.0342163047187118	-2.904081276937972e-05	middle
gears_hcc_formal_v1	entrant	HCC38	MYBL1	0.0547706221150517	0.5163371034363116	0.1335365985438569	transcription regulation	0.0390565632882148	1.797746860750786	RNA processing / transcription	0.2639531435191178	0.8948797764968542	0.2088108376071741	0.1468244218815568	0.1468244218815568	0.1161514127300265	0.0071407239504648	3.414490893578291	0.0709136850199211	-0.0709136850199211	shift_excess	0.0145675964421822	0.0018164771977387	middle
gears_hcc_formal_v1	entrant	HCC38	NCOA1	0.0412390652448531	0.4070136935471629	0.1007003898803229	nuclear receptor / co-activator	0.0134540710489488	1.3148369808302731	RNA processing / transcription	0.2614678682505631	0.8786629976565424	0.1071014857961448	0.1988595332065085	0.1988595332065085	0.0814560948297286	0.0043489041564256	1.803675839063153	-0.0933676037953646	0.0933676037953646	middle	0.0459486880054965	-0.0014235038520742	middle
gears_hcc_formal_v1	entrant	HCC38	NPM1	0.0522495790737073	0.5160272197752427	0.13579332539771	ribosome biogenesis / nucleolar	0.150617497185002	1.7039169903785365	RNA processing / transcription	0.2841731847941422	0.873184886093829	0.1889736369655421	0.1667764253768085	0.1667764253768085	0.1109054244030751	0.0113723052385142	5.049583398617561	-0.9484209992220038	0.9484209992220038	Q1_anchor	0.8555302996262993	0.0032673016787406	high_shift_low_depmap
gears_hcc_formal_v1	entrant	HCC38	PA2G4	0.0542398392610455	0.5080914266297247	0.129339097631767	growth / proliferation	0.2670180227654077	1.685303082163916	growth / proliferation	0.2670180227654077	0.8888552255773016	0.0865258291766931	0.1584391707291952	0.1584391707291952	0.0513414056453244	0.0071702138866234	3.347055500027386	-0.4663635980262615	0.4663635980262615	Q1_anchor	0.3764696904296344	0.0003802684922252	middle
gears_hcc_formal_v1	entrant	HCC38	PARK7	0.0496422143743944	0.4721546405891648	0.1229993169953325	oxidative stress / mitochondrial	0.1067155895612812	1.6442726474800058	RNA processing / transcription	0.2461790384470963	0.9006470572487022	0.171525569300442	0.1497191106501635	0.1497191106501635	0.1043169875527153	0.0050560733285705	2.227876740019074	0.0134496621963463	-0.0134496621963463	middle	0.0215311147572859	-0.0004249359429801	middle
gears_hcc_formal_v1	entrant	HCC38	PCBD1	0.0465216823405279	0.3838826135903351	0.0951110899941324	metabolism / transcription	0.1139049801241871	1.3633420607374025	peroxisome / metabolism	0.1368233007425361	0.9366113833603232	0.048219533705864	0.1003587468492913	0.1003587468492913	0.0353686247160768	0.0041690086810655	1.7392892243046572	0.016465541489049	-0.016465541489049	low_information	0.0210892465180688	-0.0013037732368964	middle
gears_hcc_formal_v1	entrant	HCC38	PEX14	0.0497292173136348	0.4603069336817346	0.1203245476613578	peroxisome / metabolism	0.0888730627531104	1.5607000874422847	ribosomal / translation	0.1935876527828539	0.8928720481648336	0.1915578997804436	0.1240389837487036	0.1240389837487036	0.1227384436777815	0.004391741095693	1.8521323648982424	0.232031509113923	-0.232031509113923	low_information	0.0049454685061893	-0.0004929743696039	low_shift_high_depmap
gears_hcc_formal_v1	entrant	HCC38	PFDN5	0.0577448682175986	0.5455530977529213	0.137804605840466	proteostasis / chaperone	0.285474154641181	1.796577062851988	proteostasis / chaperone	0.285474154641181	0.8845428546921872	0.1571052983806422	0.1588989198092082	0.1588989198092082	0.0874470133394914	0.0091179791241103	3.763957430728924	-0.8870801927678431	0.8870801927678431	Q1_anchor	0.8201974002162512	0.0011803139937399	high_shift_low_depmap
gears_hcc_formal_v1	entrant	HCC38	PMF1	0.0618696318202221	0.6113548001782824	0.1592776656043018	transcription regulation	0.0358565215865678	2.138828615969904	ribosomal / translation	0.2632151762050951	0.8843850029392983	0.1695756156534591	0.1230651087421204	0.1230651087421204	0.0792843402165539	0.0092008578860405	3.907662671107953	-1.5920218294593655	1.5920218294593655	Q1_anchor	0.9978434877605236	-0.0006598961817566	high_shift_low_depmap
gears_hcc_formal_v1	entrant	HCC38	PRDX2	0.0541686289725502	0.436466716851362	0.1007452684113688	oxidative stress / antioxidant	0.0590108256175032	1.5430797381730534	metabolism / transcription	0.11764725774641	0.9509708260615096	0.1136754437877841	0.0762418524694645	0.0762418524694645	0.0736678999637254	0.0048643958897732	2.130357874677587	-0.278397829186231	0.278397829186231	middle	0.1572365253337959	-0.0014127767134366	middle
gears_hcc_formal_v1	entrant	HCC38	PRPF6	0.0436090511133121	0.4615440793155652	0.1222978376126999	RNA processing / spliceosome	0.0199127454121245	1.4174125044836237	RNA processing / transcription	0.2851032556712174	0.8429724790693163	0.1271201510519423	0.2011434601919807	0.2011434601919807	0.0896846547140159	0.0144798741040019	5.908263551904799	-1.5741714599009082	1.5741714599009082	Q1_anchor	0.9972796156547944	0.0046678160507967	high_shift_low_depmap
gears_hcc_formal_v1	entrant	HCC38	RORC	0.0571609246769829	0.4956238121060951	0.1299367785656272	nuclear receptor / metabolism	0.0219529748346125	1.8170090573296045	signaling / oncogene	0.1784066055581501	0.9263091052915096	0.1410743017436601	0.0981869654630935	0.0981869654630935	0.0776409458029846	0.0047603589109585	1.944086166826961	-0.377798049598536	0.377798049598536	dependency_excess	0.263229534078098	-0.001787978643083	middle
gears_hcc_formal_v1	entrant	HCC38	RPS3	0.0555671821970955	0.5417755765354686	0.1312425163099944	ribosomal / translation	0.3541921297115649	1.6478465359692571	ribosomal / translation	0.3541921297115649	0.8817817285278869	0.154341474838427	0.2149424245402988	0.2149424245402988	0.0936625295313946	0.0096911866022176	4.1654645837132325	-1.977444057423196	1.977444057423196	Q1_anchor	1.0	-0.0012210037608086	high_shift_low_depmap
gears_hcc_formal_v1	entrant	HCC38	RUVBL2	0.0604066279455557	0.5210402034138946	0.1310749367214397	chromatin remodeling	0.0516467429470919	1.7950847526035127	cytoskeleton / cell motility	0.1974429912992592	0.9209043244493612	0.0773537735699077	0.1099909021080461	0.1099909021080461	0.0430919896443425	0.0082501146934477	3.3300033506603586	-1.3247838305863433	1.3247838305863433	Q1_anchor	0.978029448287533	-0.000881611022861	high_shift_low_depmap
gears_hcc_formal_v1	entrant	HCC38	SMAD1	0.0473609166300031	0.504282828479833	0.1356046716438791	TGF-beta / BMP signaling	0.0191531496715841	1.5989603605935785	RNA processing / transcription	0.2965273203074479	0.8423642400617218	0.1442622259662439	0.1854500759464535	0.1854500759464535	0.0902225155304599	0.0045644798021591	1.9253649364438048	0.092940314960579	-0.092940314960579	low_information	0.0125810954880103	-0.0006996780493545	middle
gears_hcc_formal_v1	entrant	HCC38	STAT3	0.0506931176468132	0.4607649543629383	0.1128489546086701	JAK-STAT signaling	0.0792893293412431	1.4800214903532145	ribosomal / translation	0.2415054956478441	0.9084344420243856	0.075141296453646	0.1631770195378769	0.1631770195378769	0.0507704090402857	0.0049421595924907	2.1690524844948564	0.0005423560077098	-0.0005423560077098	middle	0.0235621693286022	-0.0005740609596133	middle
gears_hcc_formal_v1	entrant	HCC38	TAB3	0.0455801034241448	0.3914745662804281	0.1006044068504793	NF-κB / MAPK signaling	0.0328261042170625	1.31568405800789	cytoskeleton / cell motility	0.1213249988981362	0.9343062706179746	0.0652072887330612	0.0922143870024825	0.0922143870024825	0.0495615101028078	0.005355838101385	2.217455001567444	-0.0196506729762948	0.0196506729762948	middle	0.0271522701939877	-0.0002154692673164	middle
gears_hcc_formal_v1	entrant	HCC38	TADA3	0.0530223448094208	0.5286463914795838	0.1359561821286984	transcription / chromatin	0.0610354649136766	1.7751502781624742	RNA processing / transcription	0.305952960413649	0.8763039979948454	0.1903001506418623	0.1723532729467572	0.1723532729467572	0.1072022763271903	0.0091400872937874	4.428444823703298	-0.0575575471120086	0.0575575471120086	shift_excess	0.035551946395066	0.003465369534057	middle
gears_hcc_formal_v1	entrant	HCC38	THAP8	0.048872287604724	0.4241452034124158	0.1089427730150023	transcription regulation	0.0408282800553187	1.4731147163869975	JAK-STAT signaling	0.1419268968613847	0.9206629765634542	0.0981735725492872	0.0963447688646262	0.0963447688646262	0.0666435352638866	0.0050563694115236	2.120590397995916	-0.0175508210223816	0.0175508210223816	middle	0.0267473201978675	-0.0005092095367631	middle
gears_hcc_formal_v1	entrant	HCC38	THRA	0.0553908801871737	0.5432540289920992	0.1436731793361886	nuclear receptor / metabolism	0.0221248709213519	1.827733285341997	RNA processing / transcription	0.2889468015849137	0.8784346115264299	0.1985488549278071	0.1580902442945045	0.1580902442945045	0.1086311971884101	0.0058419151883759	2.5748785168349526	-0.1244560670130739	0.1244560670130739	middle	0.0573416619307745	-1.5302507314757935e-05	middle
gears_hcc_formal_v1	entrant	HCC38	TMF1	0.0386319922939765	0.3206674654251041	0.0810029886400855	transcription regulation	0.0297131737670737	1.1682555693632617	mTOR / lysosome / signaling	0.1151750355547531	0.9273473502536936	0.0544045880840112	0.0985871915145479	0.0985871915145479	0.0465690808678648	0.00630257681098	2.6709537577516334	-0.1739325679207107	0.1739325679207107	middle	0.0809743969956026	0.0003103866486258	middle
gears_hcc_formal_v1	entrant	HCC38	TMSB4X	0.0522346964771459	0.4485314342144177	0.1124939502488795	cytoskeleton / cell motility	0.1274023227266196	1.5980507769313514	ribosomal / translation	0.1484752813381518	0.9120175684954764	0.0459185696317466	0.0929102400758883	0.0929102400758883	0.0287341117657859	0.0045126915949235	1.993718373946049	-0.3380993515689319	0.3380993515689319	dependency_excess	0.2174493812731642	-0.0019273474517844	middle
gears_hcc_formal_v1	entrant	HCC38	UBP1	0.0462481374288789	0.4689555464124428	0.1249426654945445	transcription regulation	0.031370984823972	1.543636758939546	RNA processing / transcription	0.2657975496470475	0.8800863788238446	0.181850834617082	0.1721891812356465	0.1721891812356465	0.1178067531522186	0.004398069047543	1.8193468573847944	0.0228586479772922	-0.0228586479772922	low_information	0.0201784564207119	-0.0010572724019838	middle
gears_hcc_formal_v1	entrant	HCC38	VEZF1	0.0473718046825977	0.4574509919643469	0.120020415216554	transcription regulation	0.0327341029713598	1.563911653587599	RNA processing / transcription	0.2336394132792496	0.8835905961106308	0.1440265790031243	0.1493942530214433	0.1493942530214433	0.0920938076474644	0.0073740581188237	3.330757494619107	-0.151644262020672	0.151644262020672	shift_excess	0.0694464693745538	0.0014426707127253	middle
gears_hcc_formal_v1	entrant	HCC38	XBP1	0.0500498357105965	0.4701945139766644	0.1189519446608187	ER stress / UPR	0.0079532800175374	1.6144468660985751	RNA processing / transcription	0.2568494619547867	0.9069305002532442	0.1811754122779657	0.1590944040019611	0.1590944040019611	0.1122213533826535	0.0040282961697656	1.6387798034173342	0.1080243659617565	-0.1080243659617565	low_information	0.0113924113087519	-0.0011947122161723	low_shift_high_depmap
gears_hcc_formal_v1	entrant	HCC38	YBX1	0.0639763006521808	0.8640858676981368	0.18117948196395	RNA processing / transcription	0.7430006803690934	2.2449877562460663	RNA processing / transcription	0.7430006803690934	0.7849766365760981	0.0622096673057366	0.3309597917859002	0.3309597917859002	0.0277104706396082	0.0076494599161971	3.716232319681118	-2.475443696624305	2.475443696624305	Q1_anchor	1.0	-0.0046212792218524	middle
gears_hcc_formal_v1	entrant	HCC38	ZBTB17	0.0688326873394736	0.5924916127277587	0.1563578352139079	transcription regulation	0.0601610138238773	2.034220184168754	ribosomal / translation	0.212813965420183	0.925645054234285	0.2283481199831404	0.1046169766067607	0.1046169766067607	0.1122533940820425	0.0079465191255336	3.493035111075968	-0.3779576510823618	0.3779576510823618	Q1_anchor	0.2634223656448051	0.0013977461767984	high_shift_low_depmap
gears_hcc_formal_v1	entrant	HCC38	ZBTB20	0.0490995086653362	0.4558437394174344	0.1183186261164773	transcription regulation	0.0382122578412566	1.5436357229507	cytoskeleton / cell motility	0.2220451660581703	0.8984191243610958	0.1275942936942866	0.1438455736394368	0.1438455736394368	0.0826582928842737	0.0048062658192207	2.1590019433283736	0.3536029010287363	-0.3536029010287363	low_information	0.0018330352467763	0.0002531985170202	middle
gears_hcc_formal_v1	entrant	HCC38	ZBTB5	0.04855811030447	0.5447594852289876	0.1257104236760254	transcription regulation	0.0333033950218897	1.6186698101138173	RNA processing / transcription	0.4258982481181168	0.8532971789091353	0.1618545964763452	0.2631161991513078	0.2631161991513078	0.0999923489429659	0.0046384099549855	1.897499312170974	0.0729011804312269	-0.0729011804312269	low_information	0.0143722132742512	-0.0006804148872734	middle
gears_hcc_formal_v1	entrant	HCC38	ZNF131	0.0513948055269574	0.472877773297687	0.1218155166281368	transcription regulation	0.0294597794237668	1.7471737541703267	RNA processing / transcription	0.2594303430735611	0.9181879096526832	0.1461694553897669	0.1484857144026615	0.1484857144026615	0.0836605146115978	0.0098454685363047	4.415636227925105	-0.6933601874242165	0.6933601874242165	Q1_anchor	0.6622862073859538	0.0024362738208512	high_shift_low_depmap
gears_hcc_formal_v1	entrant	HCC38	ZNF24	0.0633415571699547	0.6303511827233194	0.164534105033586	transcription regulation	0.0377438478547381	2.1606608222341794	RNA processing / transcription	0.3498229326426529	0.8859498367767475	0.1775052864791489	0.1619055286432818	0.1619055286432818	0.0821532397183949	0.0039710221358838	1.6212123105803893	-0.0751354213507236	0.0751354213507236	middle	0.0403071652767106	-0.0017516482680549	middle
gears_hcc_formal_v1	entrant	HCC38	ZNF566	0.0534339402818656	0.4597386988058612	0.1158075551644721	transcription regulation	0.0421497149035028	1.6123523051968078	RNA processing / transcription	0.21287673131819	0.921758755259574	0.1079017833278467	0.1320286705529941	0.1320286705529941	0.0669219642506579	0.0045411647163488	1.9239272325468384	-0.1834100057572494	0.1834100057572494	middle	0.0863639716532793	-0.0014768800060284	middle
geneformer_hcc_formal_v1	entrant	HCC38	ARID1A	0.0159541894006211	0.1586702166684288	0.0421980430388644	chromatin remodeling	0.0058472724065706	0.489952662230913	ribosomal / translation	0.0818054979205442	0.8818799192702355	0.030166184248407	0.166966125968287	0.166966125968287	0.0615695894192116	0.0085365617536346	4.5521106820450274	-0.1959555409927433	0.1959555409927433	shift_excess	0.0939245801107399	0.0024842926660479	middle
geneformer_hcc_formal_v1	entrant	HCC38	BMPR1A	0.010703517993487	0.1053790806533262	0.0292847515736767	TGF-beta / BMP signaling	0.0080775454505397	0.3120672234574163	cytoskeleton / cell motility	0.0359994520437814	0.8804481494820585	0.045791267129602	0.1153580041022596	0.1153580041022596	0.1467352662746093	0.0056197913890013	2.4112086854129164	-0.3519701364399601	0.3519701364399601	dependency_excess	0.2329854350238944	-0.0008580873192481	middle
geneformer_hcc_formal_v1	entrant	HCC38	CDKN2A	0.0124993311331091	0.1083706865412195	0.0271330502906952	cell cycle / replication	0.0	0.3432786891802349	mTOR / lysosome / signaling	0.0300880755151615	0.9162032461966608	0.0538985927181597	0.0876491214383659	0.0876491214383659	0.1570111819258923	0.0040551040534158	1.6153802596872924	0.2816188048418129	-0.2816188048418129	low_information	0.0034117871973033	-0.0006943366956666	low_shift_high_depmap
geneformer_hcc_formal_v1	entrant	HCC38	COMMD6	0.0180123216968173	0.1974688348415889	0.0474877759993357	NF-κB / copper signaling	0.0107439639737991	0.5737270092059411	growth factor / proliferation	0.140590147590995	0.8396292644278398	0.0913781321714613	0.2450471135838224	0.2450471135838224	0.1592711005499495	0.0042202270388882	1.715292039582324	0.1473822164133259	-0.1473822164133259	low_information	0.0087958879569685	-0.0008954126758508	low_shift_high_depmap
geneformer_hcc_formal_v1	entrant	HCC38	ENY2	0.0104958854823833	0.0938776454293859	0.0243646257797922	transcription / chromatin	0.0066986535148864	0.2979452831940919	mTOR / lysosome / signaling	0.03137573394087	0.8979645013915286	0.0421897251761867	0.1053070335751237	0.1053070335751237	0.1416022590587642	0.0103397858020701	4.544919712264169	-0.5509808712071267	0.5509808712071267	Q1_anchor	0.4895161201697765	0.0033190035078499	high_shift_low_depmap
geneformer_hcc_formal_v1	entrant	HCC38	ERC1	0.0133268800715613	0.1172355408351345	0.0292037253685244	synaptic / signaling	0.0286315030735691	0.3819307701877316	oxidative stress / antioxidant	0.0398117950205177	0.914050944465142	0.0605837502886675	0.1042382497774371	0.1042382497774371	0.1586249525244813	0.00417172244801	1.7068626495623005	0.2188525570329813	-0.2188525570329813	low_information	0.0054295617631019	-0.000748945350976	low_shift_high_depmap
geneformer_hcc_formal_v1	entrant	HCC38	ETV3	0.013971990407223	0.1257469192895489	0.0322632682636751	transcription regulation	0.0120254308617443	0.4065194998878974	cytoskeleton / cell motility	0.041133622737275	0.9088500984589905	0.0580770186632694	0.1011848699720876	0.1011848699720876	0.1428640414033886	0.0051298888376656	2.131250251028423	-0.1735948251121793	0.1735948251121793	middle	0.0807914252803547	-0.0008613799584009	middle
geneformer_hcc_formal_v1	entrant	HCC38	GON4L	0.0091682332949371	0.0853101591206492	0.0229948057506012	transcription regulation	0.0083278623172569	0.2608990036993369	cytoskeleton / cell motility	0.037307875520126	0.9115316091855736	0.0436707605336698	0.1429973859276214	0.1429973859276214	0.167385692986381	0.0060144581054616	2.438389539750892	-0.4178073081616394	0.4178073081616394	dependency_excess	0.3129469325001975	-0.0006430251686404	middle
geneformer_hcc_formal_v1	entrant	HCC38	HDGF	0.0195652254045657	0.1886881908585348	0.050802334333252	growth factor / proliferation	0.0129620412529232	0.6476489254101676	ribosomal / translation	0.0833243762591633	0.9197874917524728	0.0520364924532138	0.1286567042574686	0.1286567042574686	0.0803467595043999	0.0053940020400889	2.310398267970584	-0.0275129839181656	0.0275129839181656	middle	0.0286996254177853	-0.0001987538037882	middle
geneformer_hcc_formal_v1	entrant	HCC38	HLX	0.011602703403211	0.1050621265319578	0.0271215222418371	transcription regulation	0.0101324676739309	0.3376660890145422	cytoskeleton / cell motility	0.0482329158169673	0.9075147914999964	0.0621930495805524	0.1428420483612438	0.1428420483612438	0.1841850621187901	0.0052991294769277	2.2837459862813443	0.1969791502719058	-0.1969791502719058	middle	0.006315463793662	0.000318790771335	middle
geneformer_hcc_formal_v1	entrant	HCC38	KLF3	0.0107291646431931	0.1086564418721239	0.0271637676972995	transcription regulation	0.0084830703870372	0.3255220246163078	oxidative stress / antioxidant	0.0648763570639733	0.8693122175375626	0.0774043351230165	0.1992994395400524	0.1992994395400524	0.2377852472939516	0.0054676604656395	2.319837106922052	-0.2832468490799181	0.2832468490799181	dependency_excess	0.1616884807733207	-0.0008227403199183	middle
geneformer_hcc_formal_v1	entrant	HCC38	LAMTOR5	0.011082584292408	0.1207770978229385	0.0304163019932755	mTOR / lysosome / signaling	0.0258587294883416	0.3556607091310818	oxidative stress / antioxidant	0.0790763431639763	0.8515038433080762	0.091496219407311	0.2223364603786808	0.2223364603786808	0.2572570347476571	0.0106435490794122	5.5264970297394775	-0.1880265849724247	0.1880265849724247	shift_excess	0.0890975409858624	0.004612910275546	middle
geneformer_hcc_formal_v1	entrant	HCC38	MAML3	0.0115944412757848	0.1046920028214861	0.0266661825793959	transcription regulation	0.0096240504794887	0.3417848570847159	oxidative stress / antioxidant	0.0443501394982509	0.8993552152099752	0.0729953395095283	0.1297603992070899	0.1297603992070899	0.2135710169612208	0.0039010408237359	1.5384476186420233	0.1348356419568611	-0.1348356419568611	low_information	0.009549016733777	-0.0012488260912194	low_shift_high_depmap
geneformer_hcc_formal_v1	entrant	HCC38	MIER1	0.0173711052122083	0.173497121533804	0.044313279656181	transcription regulation	0.0110952125012817	0.5444480470342731	oxidative stress / mitochondrial	0.0555990204118526	0.9019519865384228	0.0677206544909045	0.1021199740080115	0.1021199740080115	0.1243840525460484	0.0049938655360828	2.045207713573186	0.1844901338995709	-0.1844901338995709	middle	0.0068709338808792	-2.054335060692764e-05	middle
geneformer_hcc_formal_v1	entrant	HCC38	MTDH	0.0138519904577944	0.1606664459457584	0.0369200603231201	signaling / oncogene	0.0226498872333895	0.4377670355537282	growth factor / proliferation	0.1234235241724982	0.8255187714259969	0.0631693717255817	0.2819388262443761	0.2819388262443761	0.1442990599913016	0.0056310162158605	2.564566136296016	-0.0521834016027112	0.0521834016027112	middle	0.0342163047187118	-2.904081276937972e-05	middle
geneformer_hcc_formal_v1	entrant	HCC38	MYBL1	0.0069863941468929	0.0620675804763304	0.0157864202595296	transcription regulation	0.0070589495323103	0.1746730927483136	ribosomal / translation	0.015898941748593	0.9160674932087092	0.0222719538764184	0.0910211269431278	0.0910211269431278	0.1275064952820755	0.0071407239504648	3.414490893578291	0.0709136850199211	-0.0709136850199211	shift_excess	0.0145675964421822	0.0018164771977387	middle
geneformer_hcc_formal_v1	entrant	HCC38	NCOA1	0.0091729637332371	0.086830430053081	0.0235475404888761	nuclear receptor / co-activator	0.0063567589039092	0.2387326129160706	cytoskeleton / cell motility	0.0244276451018723	0.9047634484774204	0.0325582843005182	0.1023221955454412	0.1023221955454412	0.1363797090930532	0.0043489041564256	1.803675839063153	-0.0933676037953646	0.0933676037953646	middle	0.0459486880054965	-0.0014235038520742	middle
geneformer_hcc_formal_v1	entrant	HCC38	NPM1	0.0150130457825385	0.1466173223335157	0.0379572411427225	ribosome biogenesis / nucleolar	0.0259392217915298	0.4230639096970277	ribosomal / translation	0.0789750041030787	0.8797467520712837	0.0254256397016427	0.1866739334008323	0.1866739334008323	0.06009881514084	0.0113723052385142	5.049583398617561	-0.9484209992220038	0.9484209992220038	Q1_anchor	0.8555302996262993	0.0032673016787406	high_shift_low_depmap
geneformer_hcc_formal_v1	entrant	HCC38	PA2G4	0.0112078223213231	0.107994034508629	0.0279876842824376	growth / proliferation	0.0149300257307592	0.3502569107050666	oxidative stress / antioxidant	0.0585320345449616	0.8922224989411108	0.0687722606969464	0.167111719300946	0.167111719300946	0.196348047947171	0.0071702138866234	3.347055500027386	-0.4663635980262615	0.4663635980262615	Q1_anchor	0.3764696904296344	0.0003802684922252	middle
geneformer_hcc_formal_v1	entrant	HCC38	PARK7	0.0172802379865124	0.1952970564220467	0.0485473641080444	oxidative stress / mitochondrial	0.0194806734885676	0.5709276504390163	growth factor / proliferation	0.1374818281214653	0.8474300769053363	0.0453634944916232	0.2408042910791731	0.2408042910791731	0.0794557672180368	0.0050560733285705	2.227876740019074	0.0134496621963463	-0.0134496621963463	middle	0.0215311147572859	-0.0004249359429801	middle
geneformer_hcc_formal_v1	entrant	HCC38	PCBD1	0.0139646984961772	0.12570927111847	0.0322686691332123	metabolism / transcription	0.0204980333434479	0.4063144383023281	cytoskeleton / cell motility	0.0410485880439127	0.908848466813952	0.0579934385066482	0.1010266536808851	0.1010266536808851	0.1427304398754758	0.0041690086810655	1.7392892243046572	0.016465541489049	-0.016465541489049	low_information	0.0210892465180688	-0.0013037732368964	middle
geneformer_hcc_formal_v1	entrant	HCC38	PEX14	0.0140039668560649	0.1260263204337259	0.0322998645815399	peroxisome / metabolism	0.0140305653700874	0.4074350270064694	cytoskeleton / cell motility	0.0412095935149926	0.9087576699887352	0.0583551094320553	0.1011439635363953	0.1011439635363953	0.1432255588352464	0.004391741095693	1.8521323648982424	0.232031509113923	-0.232031509113923	low_information	0.0049454685061893	-0.0004929743696039	low_shift_high_depmap
geneformer_hcc_formal_v1	entrant	HCC38	PFDN5	0.0155239019142345	0.1412352181130318	0.0378675508315841	proteostasis / chaperone	0.0291231384261601	0.4172580014199797	mTOR / lysosome / signaling	0.0551994691332548	0.9184431621066708	0.0423088379503505	0.1322909781128325	0.1322909781128325	0.10139730767623	0.0091179791241103	3.763957430728924	-0.8870801927678431	0.8870801927678431	Q1_anchor	0.8201974002162512	0.0011803139937399	high_shift_low_depmap
geneformer_hcc_formal_v1	entrant	HCC38	PMF1	0.013957014303814	0.1257636237025207	0.0323352522047763	transcription regulation	0.0120128391035193	0.4060535311257431	mTOR / lysosome / signaling	0.0406529817015012	0.90867551909322	0.0577155570653365	0.1001172963298579	0.1001172963298579	0.1421378036174832	0.0092008578860405	3.907662671107953	-1.5920218294593655	1.5920218294593655	Q1_anchor	0.9978434877605236	-0.0006598961817566	high_shift_low_depmap
geneformer_hcc_formal_v1	entrant	HCC38	PRDX2	0.0157552754754763	0.1497768700575197	0.0402663749051527	oxidative stress / antioxidant	0.0208114552041264	0.4599426006432087	ribosomal / translation	0.0560741591837292	0.897681883506863	0.0510153928068733	0.1219155588225836	0.1219155588225836	0.1109168681820962	0.0048643958897732	2.130357874677587	-0.278397829186231	0.278397829186231	middle	0.1572365253337959	-0.0014127767134366	middle
geneformer_hcc_formal_v1	entrant	HCC38	PRPF6	0.0128333945890347	0.1140500687786138	0.0269973795149984	RNA processing / spliceosome	0.0062155166398285	0.355026476484987	oxidative stress / antioxidant	0.0582913880930929	0.9120775028948652	0.0781185534840658	0.1641888477451564	0.1641888477451564	0.220035852698916	0.0144798741040019	5.908263551904799	-1.5741714599009082	1.5741714599009082	Q1_anchor	0.9972796156547944	0.0046678160507967	high_shift_low_depmap
geneformer_hcc_formal_v1	entrant	HCC38	RORC	0.0118014192793443	0.1064872304665411	0.0279819730275036	nuclear receptor / metabolism	0.0027630335899124	0.3715994192288967	oxidative stress / antioxidant	0.0391434781653017	0.9146313309491942	0.0696563698935371	0.105337834613757	0.105337834613757	0.1874501581247907	0.0047603589109585	1.944086166826961	-0.377798049598536	0.377798049598536	dependency_excess	0.263229534078098	-0.001787978643083	middle
geneformer_hcc_formal_v1	entrant	HCC38	RPS3	0.0170082927274936	0.2398126932634652	0.0549526366265969	ribosomal / translation	0.0602479136493311	0.6061009868477502	growth / proliferation	0.1978913102143233	0.7728656362678904	0.026194467018907	0.3264989077868515	0.3264989077868515	0.0432179910399765	0.0096911866022176	4.1654645837132325	-1.977444057423196	1.977444057423196	Q1_anchor	1.0	-0.0012210037608086	high_shift_low_depmap
geneformer_hcc_formal_v1	entrant	HCC38	RUVBL2	0.0133553213553942	0.1237125272942335	0.0325270788781337	chromatin remodeling	0.0097982617583087	0.4022584934313317	oxidative stress / mitochondrial	0.0551567322586134	0.8917705869527253	0.0861646753634304	0.1371176324659234	0.1371176324659234	0.2142022524581928	0.0082501146934477	3.3300033506603586	-1.3247838305863433	1.3247838305863433	Q1_anchor	0.978029448287533	-0.000881611022861	high_shift_low_depmap
geneformer_hcc_formal_v1	entrant	HCC38	SMAD1	0.0139482518521141	0.1255906999540779	0.0322589085220095	TGF-beta / BMP signaling	0.0096687389516192	0.4058781568416961	cytoskeleton / cell motility	0.0410460867592776	0.9089143764264872	0.0578850304512004	0.1011290853360377	0.1011290853360377	0.1426167668189574	0.0045644798021591	1.9253649364438048	0.092940314960579	-0.092940314960579	low_information	0.0125810954880103	-0.0006996780493545	middle
geneformer_hcc_formal_v1	entrant	HCC38	STAT3	0.0185499421574523	0.1749898612632503	0.0461686262820775	JAK-STAT signaling	0.0319428586823315	0.5806483192314564	oxidative stress / antioxidant	0.0637707590683933	0.9083233598675348	0.1183254851183996	0.1098268210830266	0.1098268210830266	0.203781671623565	0.0049421595924907	2.1690524844948564	0.0005423560077098	-0.0005423560077098	middle	0.0235621693286022	-0.0005740609596133	middle
geneformer_hcc_formal_v1	entrant	HCC38	TAB3	0.0107107472063061	0.1054553516181076	0.0293082036469503	NF-κB / MAPK signaling	0.0019304166365002	0.3123831227228248	cytoskeleton / cell motility	0.035944280373797	0.8805552685495375	0.045816983985257	0.115064732244482	0.115064732244482	0.1466692041039299	0.005355838101385	2.217455001567444	-0.0196506729762948	0.0196506729762948	middle	0.0271522701939877	-0.0002154692673164	middle
geneformer_hcc_formal_v1	entrant	HCC38	TADA3	0.013983754517898	0.125873935154417	0.0322902497029702	transcription / chromatin	0.018882018199272	0.4068578311187438	cytoskeleton / cell motility	0.0410895787697163	0.908794012362064	0.058156301864928	0.1009924736036949	0.1009924736036949	0.1429401068796307	0.0091400872937874	4.428444823703298	-0.0575575471120086	0.0575575471120086	shift_excess	0.035551946395066	0.003465369534057	middle
geneformer_hcc_formal_v1	entrant	HCC38	THAP8	0.012965838405812	0.1163661344825856	0.0299798943714796	transcription regulation	0.0129767011318181	0.3506885615505605	synaptic / signaling	0.0365129146570463	0.9025482525412352	0.0537732437415293	0.1041177804477151	0.1041177804477151	0.1533361781284575	0.0050563694115236	2.120590397995916	-0.0175508210223816	0.0175508210223816	middle	0.0267473201978675	-0.0005092095367631	middle
geneformer_hcc_formal_v1	entrant	HCC38	THRA	0.011838679233218	0.1068242496136719	0.0280978716164571	nuclear receptor / metabolism	0.0027868826783573	0.3726224506300314	oxidative stress / antioxidant	0.0391462801190155	0.9146274965194778	0.0700030809847508	0.1050561501402473	0.1050561501402473	0.1878659776575172	0.0058419151883759	2.5748785168349526	-0.1244560670130739	0.1244560670130739	middle	0.0573416619307745	-1.5302507314757935e-05	middle
geneformer_hcc_formal_v1	entrant	HCC38	TMF1	0.0164609161533175	0.1424549774027755	0.0356977141761679	transcription regulation	0.0109952323138633	0.51885164947071	proteostasis / chaperone	0.0482112704965033	0.947420534063612	0.0573569301291616	0.0929191813222228	0.0929191813222228	0.1105459145936464	0.00630257681098	2.6709537577516334	-0.1739325679207107	0.1739325679207107	middle	0.0809743969956026	0.0003103866486258	middle
geneformer_hcc_formal_v1	entrant	HCC38	TMSB4X	0.0136339832232597	0.1491429607349099	0.0392478545894004	cytoskeleton / cell motility	0.0041960177390527	0.4055161468624709	ribosomal / translation	0.0819323090060901	0.8347404761739371	0.0295801917123969	0.2020445046147005	0.2020445046147005	0.0729445471931577	0.0045126915949235	1.993718373946049	-0.3380993515689319	0.3380993515689319	dependency_excess	0.2174493812731642	-0.0019273474517844	middle
geneformer_hcc_formal_v1	entrant	HCC38	UBP1	0.0120030649429686	0.1311460700460037	0.0347329188690477	transcription regulation	0.0095340331589222	0.3470426251811414	ribosomal / translation	0.0756381997259079	0.8336616451670292	0.0165403348323263	0.217950747941778	0.217950747941778	0.0476608163728964	0.004398069047543	1.8193468573847944	0.0228586479772922	-0.0228586479772922	low_information	0.0201784564207119	-0.0010572724019838	middle
geneformer_hcc_formal_v1	entrant	HCC38	VEZF1	0.0085137053214798	0.0798906919229366	0.0214674757367053	transcription regulation	0.007069881520034	0.2475656402228762	oxidative stress / antioxidant	0.0314038948653142	0.9171516073673066	0.0422124945662467	0.1268507812192442	0.1268507812192442	0.1705103120459042	0.0073740581188237	3.330757494619107	-0.151644262020672	0.151644262020672	shift_excess	0.0694464693745538	0.0014426707127253	middle
geneformer_hcc_formal_v1	entrant	HCC38	XBP1	0.0138256050764657	0.1545256664410599	0.0383462771154077	ER stress / UPR	0.0046994142457944	0.4164958048873006	chromatin remodeling	0.0550992361313329	0.8681041084342139	0.0373001344759382	0.1322924156372767	0.1322924156372767	0.0895570472457249	0.0040282961697656	1.6387798034173342	0.1080243659617565	-0.1080243659617565	low_information	0.0113924113087519	-0.0011947122161723	low_shift_high_depmap
geneformer_hcc_formal_v1	entrant	HCC38	YBX1	0.0132177475621601	0.1413013924149066	0.0344604748502632	RNA processing / transcription	0.0160292123829595	0.4058516664162062	chromatin remodeling	0.0505591193233265	0.9184295456827626	0.0438527490550524	0.1245753646148084	0.1245753646148084	0.1080511740712697	0.0076494599161971	3.716232319681118	-2.475443696624305	2.475443696624305	Q1_anchor	1.0	-0.0046212792218524	middle
geneformer_hcc_formal_v1	entrant	HCC38	ZBTB17	0.0103413400974384	0.1000530874244675	0.0265847647056403	transcription regulation	0.0073415070679796	0.3173270393007195	oxidative stress / antioxidant	0.0435807171771827	0.8943898478547193	0.055508707737392	0.1373369167443774	0.1373369167443774	0.1749258678356384	0.0079465191255336	3.493035111075968	-0.3779576510823618	0.3779576510823618	Q1_anchor	0.2634223656448051	0.0013977461767984	high_shift_low_depmap
geneformer_hcc_formal_v1	entrant	HCC38	ZBTB20	0.0137952201959486	0.1442935261884425	0.0375154326844537	transcription regulation	0.0096658292270853	0.4167845614369182	ribosomal / translation	0.0770576017831027	0.8431147327468942	0.026798640738231	0.1848859312769089	0.1848859312769089	0.0642985446625931	0.0048062658192207	2.1590019433283736	0.3536029010287363	-0.3536029010287363	low_information	0.0018330352467763	0.0002531985170202	middle
geneformer_hcc_formal_v1	entrant	HCC38	ZBTB5	0.013664765753149	0.1186051447610375	0.0302385724329802	transcription regulation	0.0129875958478351	0.3832474618282203	mTOR / lysosome / signaling	0.0326794093541548	0.9421191316602108	0.0566472974547371	0.0852697345946218	0.0852697345946218	0.1478086695852081	0.0046384099549855	1.897499312170974	0.0729011804312269	-0.0729011804312269	low_information	0.0143722132742512	-0.0006804148872734	middle
geneformer_hcc_formal_v1	entrant	HCC38	ZNF131	0.0133449527547913	0.1197317318298396	0.0304874553566039	transcription regulation	0.0129873758052108	0.3516811412960275	oxidative stress / antioxidant	0.0418396564003702	0.920790650591542	0.0619699065626076	0.1189704294241688	0.1189704294241688	0.1762104909414077	0.0098454685363047	4.415636227925105	-0.6933601874242165	0.6933601874242165	Q1_anchor	0.6622862073859538	0.0024362738208512	high_shift_low_depmap
geneformer_hcc_formal_v1	entrant	HCC38	ZNF24	0.0119342986039896	0.1058687729954002	0.0265610535126148	transcription regulation	0.0099895867319243	0.3504085835504535	oxidative stress / antioxidant	0.0424951539861847	0.9136298258902412	0.0645465892765721	0.1212731536299995	0.1212731536299995	0.1842037903939598	0.0039710221358838	1.6212123105803893	-0.0751354213507236	0.0751354213507236	middle	0.0403071652767106	-0.0017516482680549	middle
geneformer_hcc_formal_v1	entrant	HCC38	ZNF566	0.0125017123815394	0.108341877985103	0.0271092079802475	transcription regulation	0.0123469082945133	0.3432330396268491	mTOR / lysosome / signaling	0.030007880563255	0.9164251298382002	0.0538942610398351	0.0874271328770636	0.0874271328770636	0.1570194439860074	0.0045411647163488	1.9239272325468384	-0.1834100057572494	0.1834100057572494	middle	0.0863639716532793	-0.0014768800060284	middle
scgen_hcc_formal_v1	entrant	HCC38	ARID1A	0.0637870671259849	0.676047853265447	0.1839074677606926	chromatin remodeling	0.0750311772878385	2.33132142025795	RNA processing / transcription	0.3411593150505134	0.858589042504665	0.2614183664752391	0.1463373141455396	0.1463373141455396	0.1121331293933353	0.0085365617536346	4.5521106820450274	-0.1959555409927433	0.1959555409927433	shift_excess	0.0939245801107399	0.0024842926660479	middle
scgen_hcc_formal_v1	entrant	HCC38	BMPR1A	0.0516803134445067	0.4810656982991201	0.1277857044129766	TGF-beta / BMP signaling	0.027997964149383	1.696390923188618	signaling / oncogene	0.1718549419942512	0.8997562739982018	0.1912210127662792	0.1013062140601556	0.1013062140601556	0.1127222564990214	0.0056197913890013	2.4112086854129164	-0.3519701364399601	0.3519701364399601	dependency_excess	0.2329854350238944	-0.0008580873192481	middle
scgen_hcc_formal_v1	entrant	HCC38	CDKN2A	0.0543493072794949	0.5283491537634396	0.14542225014728	cell cycle / replication	0.0008134714007435	1.9218046450779285	signaling / oncogene	0.1925937406049118	0.8918833226713064	0.2252572328987664	0.1002150458415101	0.1002150458415101	0.1172113062978013	0.0040551040534158	1.6153802596872924	0.2816188048418129	-0.2816188048418129	low_information	0.0034117871973033	-0.0006943366956666	low_shift_high_depmap
scgen_hcc_formal_v1	entrant	HCC38	COMMD6	0.0596541830581702	0.5814004208627781	0.1616857993775642	NF-κB / copper signaling	0.1712849799194185	2.1638569013679274	growth / proliferation	0.1963860061996452	0.8932500480363084	0.2448632063537312	0.0907573906922845	0.0907573906922845	0.1131605358001889	0.0042202270388882	1.715292039582324	0.1473822164133259	-0.1473822164133259	low_information	0.0087958879569685	-0.0008954126758508	low_shift_high_depmap
scgen_hcc_formal_v1	entrant	HCC38	ENY2	0.07564386043599	0.7978131139913293	0.2139936644975918	transcription / chromatin	0.2430773035108363	2.588985954659984	signaling / oncogene	0.3023037738500014	0.8840976173139141	0.27271760031113	0.1167653201462436	0.1167653201462436	0.1053376129060331	0.0103397858020701	4.544919712264169	-0.5509808712071267	0.5509808712071267	Q1_anchor	0.4895161201697765	0.0033190035078499	high_shift_low_depmap
scgen_hcc_formal_v1	entrant	HCC38	ERC1	0.0577051418511767	0.5594609091570378	0.1563874762917151	synaptic / signaling	0.2016679426190328	2.052600026099757	synaptic / signaling	0.2016679426190328	0.890654905870075	0.2377547847273433	0.0982499951547948	0.0982499951547948	0.1158310346410316	0.00417172244801	1.7068626495623005	0.2188525570329813	-0.2188525570329813	low_information	0.0054295617631019	-0.000748945350976	low_shift_high_depmap
scgen_hcc_formal_v1	entrant	HCC38	ETV3	0.0481495837607232	0.4577535111284025	0.1276352316685835	transcription regulation	0.0304859276223878	1.6361991701655914	ribosomal / translation	0.1637145095586989	0.8911242861132179	0.148274658468142	0.1000578123640841	0.1000578123640841	0.0906213993820421	0.0051298888376656	2.131250251028423	-0.1735948251121793	0.1735948251121793	middle	0.0807914252803547	-0.0008613799584009	middle
scgen_hcc_formal_v1	entrant	HCC38	GON4L	0.0561051011417333	0.5364717002976072	0.1450785072649956	transcription regulation	0.0409614923485196	1.7742869180423992	ribosomal / translation	0.2111234500148353	0.889114164561159	0.1695079939607646	0.1189905915824321	0.1189905915824321	0.0955358416032203	0.0060144581054616	2.438389539750892	-0.4178073081616394	0.4178073081616394	dependency_excess	0.3129469325001975	-0.0006430251686404	middle
scgen_hcc_formal_v1	entrant	HCC38	HDGF	0.0753509971743164	0.8335008165817122	0.2204100433019413	growth factor / proliferation	0.5439144502178112	2.79953534658128	growth factor / proliferation	0.5439144502178112	0.8589155196959521	0.2221251770861314	0.1942874023298278	0.1942874023298278	0.0793435872697178	0.0053940020400889	2.310398267970584	-0.0275129839181656	0.0275129839181656	middle	0.0286996254177853	-0.0001987538037882	middle
scgen_hcc_formal_v1	entrant	HCC38	HLX	0.056565300443181	0.5576610383850147	0.1543104794871789	transcription regulation	0.0291189774354078	2.001536827397707	ribosomal / translation	0.2494641390053877	0.8793965503627339	0.210850741268763	0.1246362972645014	0.1246362972645014	0.1053444225370063	0.0052991294769277	2.2837459862813443	0.1969791502719058	-0.1969791502719058	middle	0.006315463793662	0.000318790771335	middle
scgen_hcc_formal_v1	entrant	HCC38	KLF3	0.0492308800362967	0.4643266334511078	0.126104830355343	transcription regulation	0.0330835223358264	1.6225663865908782	oxidative stress / mitochondrial	0.1746908654729493	0.8912993109281377	0.2129330328556714	0.1076633085195279	0.1076633085195279	0.131232247022606	0.0054676604656395	2.319837106922052	-0.2832468490799181	0.2832468490799181	dependency_excess	0.1616884807733207	-0.0008227403199183	middle
scgen_hcc_formal_v1	entrant	HCC38	LAMTOR5	0.0879801434745653	0.9562675117638229	0.2344176993863591	mTOR / lysosome / signaling	0.6576661041375427	3.194847850733316	mTOR / lysosome / signaling	0.6576661041375427	0.8699317595106234	0.3765292220538819	0.205852089008429	0.205852089008429	0.1178551341552796	0.0106435490794122	5.5264970297394775	-0.1880265849724247	0.1880265849724247	shift_excess	0.0890975409858624	0.004612910275546	middle
scgen_hcc_formal_v1	entrant	HCC38	MAML3	0.0572457761695294	0.560842459426773	0.1571675762481275	transcription regulation	0.0308630616910724	2.005562097115204	ribosomal / translation	0.1922272305746104	0.8841649987987243	0.2158215519256957	0.0958470599594545	0.0958470599594545	0.1076115031472388	0.0039010408237359	1.5384476186420233	0.1348356419568611	-0.1348356419568611	low_information	0.009549016733777	-0.0012488260912194	low_shift_high_depmap
scgen_hcc_formal_v1	entrant	HCC38	MIER1	0.0574946460136311	0.5397466145672367	0.1438736220050334	transcription regulation	0.0381046850729013	1.8937989397833657	cytoskeleton / cell motility	0.1850696250677832	0.9066831804481136	0.1919710791417717	0.0977240092282201	0.0977240092282201	0.1013682472352273	0.0049938655360828	2.045207713573186	0.1844901338995709	-0.1844901338995709	middle	0.0068709338808792	-2.054335060692764e-05	middle
scgen_hcc_formal_v1	entrant	HCC38	MTDH	0.0993861680770025	1.2738734112450785	0.2979225379109134	signaling / oncogene	1.0188311443959384	3.7193154851968457	signaling / oncogene	1.0188311443959384	0.8237740991138869	0.339778640558266	0.2739297455273591	0.2739297455273591	0.0913551544392	0.0056310162158605	2.564566136296016	-0.0521834016027112	0.0521834016027112	middle	0.0342163047187118	-2.904081276937972e-05	middle
scgen_hcc_formal_v1	entrant	HCC38	MYBL1	0.0501985472601237	0.4756745855862496	0.1281638268380709	transcription regulation	0.0301117409964662	1.68217389464921	ribosomal / translation	0.2051308428918394	0.9017207411586554	0.2065323195677961	0.1219438986327962	0.1219438986327962	0.1227770328767734	0.0071407239504648	3.414490893578291	0.0709136850199211	-0.0709136850199211	shift_excess	0.0145675964421822	0.0018164771977387	middle
scgen_hcc_formal_v1	entrant	HCC38	NCOA1	0.0585446928293803	0.5604469434907042	0.157018284065672	nuclear receptor / co-activator	0.0730511916930173	2.0377851944196603	ribosome biogenesis / nucleolar	0.200113310191365	0.8943003267958124	0.2195096834389778	0.098201376052472	0.098201376052472	0.1077197361331756	0.0043489041564256	1.803675839063153	-0.0933676037953646	0.0933676037953646	middle	0.0459486880054965	-0.0014235038520742	middle
scgen_hcc_formal_v1	entrant	HCC38	NPM1	0.0959200968071338	1.4034420351103718	0.2973345069688713	ribosome biogenesis / nucleolar	1.2065534701488856	3.634346221892481	ribosome biogenesis / nucleolar	1.2065534701488856	0.7761735139966931	0.3026124174228728	0.3319863866796399	0.3319863866796399	0.0832646090787949	0.0113723052385142	5.049583398617561	-0.9484209992220038	0.9484209992220038	Q1_anchor	0.8555302996262993	0.0032673016787406	high_shift_low_depmap
scgen_hcc_formal_v1	entrant	HCC38	PA2G4	0.076475123548514	1.0758453338926288	0.2261181160387271	growth / proliferation	0.9294723585368372	2.758038951580701	growth / proliferation	0.9294723585368372	0.7794948954388939	0.2385108639427486	0.3370047975588355	0.3370047975588355	0.086478424753955	0.0071702138866234	3.347055500027386	-0.4663635980262615	0.4663635980262615	Q1_anchor	0.3764696904296344	0.0003802684922252	middle
scgen_hcc_formal_v1	entrant	HCC38	PARK7	0.0782691817708954	1.0585413374127737	0.2372696215755729	oxidative stress / mitochondrial	0.8836772356722455	2.973957558245285	oxidative stress / mitochondrial	0.8836772356722455	0.8104010045025545	0.9781793083164372	0.2971384824313494	0.2971384824313494	0.3289150195181632	0.0050560733285705	2.227876740019074	0.0134496621963463	-0.0134496621963463	middle	0.0215311147572859	-0.0004249359429801	middle
scgen_hcc_formal_v1	entrant	HCC38	PCBD1	0.0650970558009002	0.6438197429672193	0.172600658936865	metabolism / transcription	0.3035608654531898	2.328951675820302	metabolism / transcription	0.3035608654531898	0.887293875310693	0.204977501556953	0.1303422774310118	0.1303422774310118	0.0880127757415816	0.0041690086810655	1.7392892243046572	0.016465541489049	-0.016465541489049	low_information	0.0210892465180688	-0.0013037732368964	middle
scgen_hcc_formal_v1	entrant	HCC38	PEX14	0.062842596395822	0.6231929819192437	0.1735412750851464	peroxisome / metabolism	0.0003079542170649	2.2302049232417502	oxidative stress / mitochondrial	0.2395289797401936	0.8752521631404482	0.3470609265475554	0.1074022289359949	0.1074022289359949	0.1556184021166446	0.004391741095693	1.8521323648982424	0.232031509113923	-0.232031509113923	low_information	0.0049454685061893	-0.0004929743696039	low_shift_high_depmap
scgen_hcc_formal_v1	entrant	HCC38	PFDN5	0.0831114559331697	1.065955663315854	0.253066307864599	proteostasis / chaperone	0.8345455819908931	3.0886562134574005	proteostasis / chaperone	0.8345455819908931	0.8096319799438143	0.3156998847991429	0.2701969802772948	0.2701969802772948	0.1022126980088058	0.0091179791241103	3.763957430728924	-0.8870801927678431	0.8870801927678431	Q1_anchor	0.8201974002162512	0.0011803139937399	high_shift_low_depmap
scgen_hcc_formal_v1	entrant	HCC38	PMF1	0.0806230415558978	0.7909546056038451	0.2177808257911196	transcription regulation	0.0357314895751776	3.002575837429849	ribosomal / translation	0.297791537759033	0.8935929269805162	0.3282044793712863	0.0991786898591501	0.0991786898591501	0.1093076402200796	0.0092008578860405	3.907662671107953	-1.5920218294593655	1.5920218294593655	Q1_anchor	0.9978434877605236	-0.0006598961817566	high_shift_low_depmap
scgen_hcc_formal_v1	entrant	HCC38	PRDX2	0.0707062589258629	0.9387939062183572	0.2153084104868162	oxidative stress / antioxidant	0.7760340963375804	2.6830701645695183	oxidative stress / antioxidant	0.7760340963375804	0.8147417969883483	0.9145616775134344	0.2892336199721002	0.2892336199721002	0.3408638691564631	0.0048643958897732	2.130357874677587	-0.278397829186231	0.278397829186231	middle	0.1572365253337959	-0.0014127767134366	middle
scgen_hcc_formal_v1	entrant	HCC38	PRPF6	0.0604036721902796	0.5395695525645162	0.1406793017759747	RNA processing / spliceosome	0.1282388113992972	2.012954507882331	ribosomal / translation	0.1942407845997436	0.9226332706204696	0.2502421518521444	0.0964953673017125	0.0964953673017125	0.1243158505928701	0.0144798741040019	5.908263551904799	-1.5741714599009082	1.5741714599009082	Q1_anchor	0.9972796156547944	0.0046678160507967	high_shift_low_depmap
scgen_hcc_formal_v1	entrant	HCC38	RORC	0.0591031867764967	0.5559443145908974	0.1522877223905808	nuclear receptor / metabolism	0.0093770531561852	2.062221109416273	ribosomal / translation	0.1953701197790782	0.9055995427600784	0.2281893085759397	0.0947377169630366	0.0947377169630366	0.1106522028767954	0.0047603589109585	1.944086166826961	-0.377798049598536	0.377798049598536	dependency_excess	0.263229534078098	-0.001787978643083	middle
scgen_hcc_formal_v1	entrant	HCC38	RPS3	0.0792221265286448	1.098421748379198	0.2448912668480949	ribosomal / translation	0.9275554610492872	2.982252534395955	ribosomal / translation	0.9275554610492872	0.7900190654726248	0.279592453065587	0.3110251229066892	0.3110251229066892	0.0937521051087705	0.0096911866022176	4.1654645837132325	-1.977444057423196	1.977444057423196	Q1_anchor	1.0	-0.0012210037608086	high_shift_low_depmap
scgen_hcc_formal_v1	entrant	HCC38	RUVBL2	0.0773631937531367	0.8035011152831127	0.2200596062911886	chromatin remodeling	0.2049997651903574	2.7136667970478827	ribosome biogenesis / nucleolar	0.2776104030037958	0.8887182304923361	0.2581939694283875	0.1023008437534777	0.1023008437534777	0.0951457893464551	0.0082501146934477	3.3300033506603586	-1.3247838305863433	1.3247838305863433	Q1_anchor	0.978029448287533	-0.000881611022861	high_shift_low_depmap
scgen_hcc_formal_v1	entrant	HCC38	SMAD1	0.0565105576077768	0.5556293205194943	0.1548573239630454	TGF-beta / BMP signaling	0.0364288506562389	2.057595759801609	ribosomal / translation	0.2184757645464956	0.8936679409029816	0.225173384999964	0.1061801199316044	0.1061801199316044	0.1094351910122885	0.0045644798021591	1.9253649364438048	0.092940314960579	-0.092940314960579	low_information	0.0125810954880103	-0.0006996780493545	middle
scgen_hcc_formal_v1	entrant	HCC38	STAT3	0.0648472333064542	0.6917718937751578	0.188959787465972	JAK-STAT signaling	0.4162116448034585	2.365902875491353	JAK-STAT signaling	0.4162116448034585	0.8651278557629931	0.2395977926301949	0.1759208499702335	0.1759208499702335	0.1012711870433121	0.0049421595924907	2.1690524844948564	0.0005423560077098	-0.0005423560077098	middle	0.0235621693286022	-0.0005740609596133	middle
scgen_hcc_formal_v1	entrant	HCC38	TAB3	0.0556977422744702	0.5343637827553311	0.1494844077924406	NF-κB / MAPK signaling	0.011659031960865	1.9866016575090788	ribosomal / translation	0.1848696948719479	0.9041123179473192	0.2551551712673882	0.0930582606599395	0.0930582606599395	0.1284380138831239	0.005355838101385	2.217455001567444	-0.0196506729762948	0.0196506729762948	middle	0.0271522701939877	-0.0002154692673164	middle
scgen_hcc_formal_v1	entrant	HCC38	TADA3	0.0685821695761618	0.7292243194903124	0.1929974985054627	transcription / chromatin	0.1331224132760941	2.525100331725835	ribosomal / translation	0.4289555400773754	0.8911976651617018	0.3271099237330523	0.1698766321036425	0.1698766321036425	0.1295433371985983	0.0091400872937874	4.428444823703298	-0.0575575471120086	0.0575575471120086	shift_excess	0.035551946395066	0.003465369534057	middle
scgen_hcc_formal_v1	entrant	HCC38	THAP8	0.0578330169097889	0.5633671240854456	0.1569280527704196	transcription regulation	0.0287791930716027	2.0299031988253997	RNA processing / transcription	0.202700905305853	0.885904450049021	0.2186887095657519	0.0998574244442521	0.0998574244442521	0.10773356566574	0.0050563694115236	2.120590397995916	-0.0175508210223816	0.0175508210223816	middle	0.0267473201978675	-0.0005092095367631	middle
scgen_hcc_formal_v1	entrant	HCC38	THRA	0.0550061833224176	0.545215719798199	0.1508973486012805	nuclear receptor / metabolism	0.0112809953830421	1.923941393542206	ribosomal / translation	0.2015719847718418	0.8683876110870967	0.2262323510116474	0.104770335233925	0.104770335233925	0.1175879638387147	0.0058419151883759	2.5748785168349526	-0.1244560670130739	0.1244560670130739	middle	0.0573416619307745	-1.5302507314757935e-05	middle
scgen_hcc_formal_v1	entrant	HCC38	TMF1	0.0545612874234044	0.5155249606501482	0.1352997400829955	transcription regulation	0.0417357442788377	1.6996884130764367	RNA processing / transcription	0.2106546022426156	0.8826271346688449	0.1113828857399746	0.1239371879115953	0.1239371879115953	0.0655313555608533	0.00630257681098	2.6709537577516334	-0.1739325679207107	0.1739325679207107	middle	0.0809743969956026	0.0003103866486258	middle
scgen_hcc_formal_v1	entrant	HCC38	TMSB4X	0.096036409266597	1.2149873377853992	0.2923712234577072	cytoskeleton / cell motility	0.949339423683952	3.719717281689684	cytoskeleton / cell motility	0.949339423683952	0.8367673343853307	0.3043111967961022	0.2552181662722265	0.2552181662722265	0.0818103027060886	0.0045126915949235	1.993718373946049	-0.3380993515689319	0.3380993515689319	dependency_excess	0.2174493812731642	-0.0019273474517844	middle
scgen_hcc_formal_v1	entrant	HCC38	UBP1	0.0550737566334978	0.5276757930260819	0.1463218720171441	transcription regulation	0.0301150184460391	1.9194112875046756	cytoskeleton / cell motility	0.1962170738026989	0.8954634423070965	0.1966015779624081	0.1022277377860949	0.1022277377860949	0.1024280617928424	0.004398069047543	1.8193468573847944	0.0228586479772922	-0.0228586479772922	low_information	0.0201784564207119	-0.0010572724019838	middle
scgen_hcc_formal_v1	entrant	HCC38	VEZF1	0.0615587833711081	0.6067045166200075	0.1702869552186056	transcription regulation	0.0369031925243074	2.101506376377769	ribosome biogenesis / nucleolar	0.2659938178402687	0.8810036752541897	0.1925165558630365	0.1265729292236291	0.1265729292236291	0.0916088373687758	0.0073740581188237	3.330757494619107	-0.151644262020672	0.151644262020672	shift_excess	0.0694464693745538	0.0014426707127253	middle
scgen_hcc_formal_v1	entrant	HCC38	XBP1	0.056011067009566	0.5269444462091585	0.1431375430712827	ER stress / UPR	0.1009492305695348	1.946678151565413	signaling / oncogene	0.194805552634349	0.9013011482750994	0.2665371381508354	0.1000707551362288	0.1000707551362288	0.1369189549574492	0.0040282961697656	1.6387798034173342	0.1080243659617565	-0.1080243659617565	low_information	0.0113924113087519	-0.0011947122161723	low_shift_high_depmap
scgen_hcc_formal_v1	entrant	HCC38	YBX1	0.1295410060510524	1.9691586822174525	0.4271265692694162	RNA processing / transcription	1.711751026852396	5.210553252584058	RNA processing / transcription	1.711751026852396	0.7807216271674189	0.4607203344181721	0.3285161755142779	0.3285161755142779	0.0884206171752852	0.0076494599161971	3.716232319681118	-2.475443696624305	2.475443696624305	Q1_anchor	1.0	-0.0046212792218524	middle
scgen_hcc_formal_v1	entrant	HCC38	ZBTB17	0.0633402873385962	0.6461319490644173	0.1848911784500182	transcription regulation	0.0328382495746323	2.314987080435453	ribosomal / translation	0.2313111690567888	0.8650948665130652	0.3194234553210282	0.0999189891864445	0.0999189891864445	0.137980664350379	0.0079465191255336	3.493035111075968	-0.3779576510823618	0.3779576510823618	Q1_anchor	0.2634223656448051	0.0013977461767984	high_shift_low_depmap
scgen_hcc_formal_v1	entrant	HCC38	ZBTB20	0.0546612836250305	0.5371843192751599	0.1430886338047918	transcription regulation	0.0275855759303993	1.9252479560412952	signaling / oncogene	0.1958428075415308	0.8887146277049348	0.1355865100355969	0.1017234205739523	0.1017234205739523	0.0704254792792459	0.0048062658192207	2.1590019433283736	0.3536029010287363	-0.3536029010287363	low_information	0.0018330352467763	0.0002531985170202	middle
scgen_hcc_formal_v1	entrant	HCC38	ZBTB5	0.0565614181101471	0.5555775173744247	0.1524545139321635	transcription regulation	0.0333140584736932	1.931531660436568	ribosome biogenesis / nucleolar	0.1877775204358593	0.8848824721590279	0.1893952375061588	0.0972169000809531	0.0972169000809531	0.0980544307844021	0.0046384099549855	1.897499312170974	0.0729011804312269	-0.0729011804312269	low_information	0.0143722132742512	-0.0006804148872734	middle
scgen_hcc_formal_v1	entrant	HCC38	ZNF131	0.0743887955835687	0.7822415527448311	0.220620871072962	transcription regulation	0.0487351229016313	2.4986342051057107	ribosome biogenesis / nucleolar	0.3458044017327046	0.8408126456251989	0.2291290005604013	0.1383973696614285	0.1383973696614285	0.0917016985088089	0.0098454685363047	4.415636227925105	-0.6933601874242165	0.6933601874242165	Q1_anchor	0.6622862073859538	0.0024362738208512	high_shift_low_depmap
scgen_hcc_formal_v1	entrant	HCC38	ZNF24	0.056235979819762	0.5394424631085066	0.1429042115915231	transcription regulation	0.0310817952722442	1.9312223075874773	RNA processing / transcription	0.2164884579821877	0.8899186305507943	0.1900828916535676	0.1120991908241933	0.1120991908241933	0.0984262096117888	0.0039710221358838	1.6212123105803893	-0.0751354213507236	0.0751354213507236	middle	0.0403071652767106	-0.0017516482680549	middle
scgen_hcc_formal_v1	entrant	HCC38	ZNF566	0.0571579449094269	0.5533069518873257	0.1541057949048843	transcription regulation	0.0327236714015123	1.9440856623437208	RNA processing / transcription	0.2077938463616049	0.881557405743006	0.2061945166654393	0.1068851287710727	0.1068851287710727	0.1060624645607738	0.0045411647163488	1.9239272325468384	-0.1834100057572494	0.1834100057572494	middle	0.0863639716532793	-0.0014768800060284	middle
scgpt_hcc_formal_v1	entrant	HCC38	ARID1A	0.0207341046259865	0.3283584566583625	0.0656182349598162	chromatin remodeling	0.0223910921606525	0.7322647632263858	signaling / oncogene	0.2958768319001551	0.7370148121533467	0.1090640334815293	0.4040571754354405	0.4040571754354405	0.1489407096430383	0.0085365617536346	4.5521106820450274	-0.1959555409927433	0.1959555409927433	shift_excess	0.0939245801107399	0.0024842926660479	middle
scgpt_hcc_formal_v1	entrant	HCC38	BMPR1A	0.0148197689468225	0.1471696298027819	0.0403581704939383	TGF-beta / BMP signaling	0.0078611084348816	0.490056411572063	ribosome biogenesis / nucleolar	0.0587853885236851	0.8756534233111927	0.1157597863261968	0.1199563706045721	0.1199563706045721	0.2362172672220499	0.0056197913890013	2.4112086854129164	-0.3519701364399601	0.3519701364399601	dependency_excess	0.2329854350238944	-0.0008580873192481	middle
scgpt_hcc_formal_v1	entrant	HCC38	CDKN2A	0.0190351911771868	0.2042027375991157	0.049871773180478	cell cycle / replication	0.0	0.6350134820074809	mTOR / lysosome / signaling	0.138541388620788	0.8618156411154863	0.0582717404815339	0.2181707830561554	0.2181707830561554	0.0917645721431272	0.0040551040534158	1.6153802596872924	0.2816188048418129	-0.2816188048418129	low_information	0.0034117871973033	-0.0006943366956666	low_shift_high_depmap
scgpt_hcc_formal_v1	entrant	HCC38	COMMD6	0.0297744883887502	0.4439045436124265	0.1085189874234873	NF-κB / copper signaling	0.0076997581585232	1.2100355178265811	oxidative stress / mitochondrial	0.2372530917273398	0.7403454722283654	0.3149946957364518	0.1960711799216312	0.1960711799216312	0.2603185535431497	0.0042202270388882	1.715292039582324	0.1473822164133259	-0.1473822164133259	low_information	0.0087958879569685	-0.0008954126758508	low_shift_high_depmap
scgpt_hcc_formal_v1	entrant	HCC38	ENY2	0.0325553931547693	0.4513585039963241	0.110237246214921	transcription / chromatin	0.0258109487507944	1.2969962767743972	ribosome biogenesis / nucleolar	0.244639950671848	0.7817701837048977	0.0394767112376188	0.1886203954881524	0.1886203954881524	0.0304370274183026	0.0103397858020701	4.544919712264169	-0.5509808712071267	0.5509808712071267	Q1_anchor	0.4895161201697765	0.0033190035078499	high_shift_low_depmap
scgpt_hcc_formal_v1	entrant	HCC38	ERC1	0.0092262318417872	0.0866143979207941	0.0215275898059953	synaptic / signaling	0.0096675349746571	0.2619256626872231	oxidative stress / antioxidant	0.0497367743825649	0.8982355396060796	0.0723813448872797	0.1898888939414758	0.1898888939414758	0.2763430820206171	0.00417172244801	1.7068626495623005	0.2188525570329813	-0.2188525570329813	low_information	0.0054295617631019	-0.000748945350976	low_shift_high_depmap
scgpt_hcc_formal_v1	entrant	HCC38	ETV3	0.0100978835738991	0.0922146327576617	0.0241008608792869	transcription regulation	0.0098465208198783	0.2762819265825065	synaptic / signaling	0.0366843243339823	0.9012396788665068	0.0504749370046015	0.1327785888413051	0.1327785888413051	0.1826935899461671	0.0051298888376656	2.131250251028423	-0.1735948251121793	0.1735948251121793	middle	0.0807914252803547	-0.0008613799584009	middle
scgpt_hcc_formal_v1	entrant	HCC38	GON4L	0.0179076978379034	0.1705362205111015	0.046628994840612	transcription regulation	0.0115221494616573	0.6135305646179279	ribosome biogenesis / nucleolar	0.0662947318237517	0.8891715362497823	0.0947409807507562	0.1080544892902545	0.1080544892902545	0.1544193333053513	0.0060144581054616	2.438389539750892	-0.4178073081616394	0.4178073081616394	dependency_excess	0.3129469325001975	-0.0006430251686404	middle
scgpt_hcc_formal_v1	entrant	HCC38	HDGF	0.0264602031058969	0.4408392369254408	0.0939551271445055	growth factor / proliferation	0.0112936963159414	1.049587333032392	RNA processing / transcription	0.3449744740550482	0.7157347185047546	0.0966357799738711	0.3286762932421954	0.3286762932421954	0.0920702612660901	0.0053940020400889	2.310398267970584	-0.0275129839181656	0.0275129839181656	middle	0.0286996254177853	-0.0001987538037882	middle
scgpt_hcc_formal_v1	entrant	HCC38	HLX	0.0112007041147329	0.1127913353102421	0.0288419889603413	transcription regulation	0.0109830902943365	0.3083391262152291	oxidative stress / antioxidant	0.063655109564204	0.8771909661923512	0.0731099410788328	0.2064451253577562	0.2064451253577562	0.237108867681619	0.0052991294769277	2.2837459862813443	0.1969791502719058	-0.1969791502719058	middle	0.006315463793662	0.000318790771335	middle
scgpt_hcc_formal_v1	entrant	HCC38	KLF3	0.0249501964045225	0.5279159366827977	0.0893774051376483	transcription regulation	0.0060634786943	1.0203047432341636	RNA processing / transcription	0.4989890298954891	0.6427119739027973	0.0622855426668014	0.4890588162060218	0.4890588162060218	0.0610460189270203	0.0054676604656395	2.319837106922052	-0.2832468490799181	0.2832468490799181	dependency_excess	0.1616884807733207	-0.0008227403199183	middle
scgpt_hcc_formal_v1	entrant	HCC38	LAMTOR5	0.0233990489577366	0.3201662811166446	0.0741434354846038	mTOR / lysosome / signaling	0.010555315324179	0.8023060177904431	oxidative stress / mitochondrial	0.2593260852174794	0.7851741192438237	0.3316062672011247	0.3232259006752379	0.3232259006752379	0.413316440171259	0.0106435490794122	5.5264970297394775	-0.1880265849724247	0.1880265849724247	shift_excess	0.0890975409858624	0.004612910275546	middle
scgpt_hcc_formal_v1	entrant	HCC38	MAML3	0.0119836155835247	0.1168613528238499	0.0307932135944514	transcription regulation	0.0083338994587789	0.3890230604556094	synaptic / signaling	0.0513378704182583	0.878552039595148	0.057900085086774	0.131966136809816	0.131966136809816	0.1488345832737102	0.0039010408237359	1.5384476186420233	0.1348356419568611	-0.1348356419568611	low_information	0.009549016733777	-0.0012488260912194	low_shift_high_depmap
scgpt_hcc_formal_v1	entrant	HCC38	MIER1	0.0164102021338509	0.1670585142832431	0.0465166720993599	transcription regulation	0.0139684251799946	0.4962106010369498	oxidative stress / antioxidant	0.069098332013237	0.8445342171775505	0.0731869765279728	0.1392520269999061	0.1392520269999061	0.1474917633259574	0.0049938655360828	2.045207713573186	0.1844901338995709	-0.1844901338995709	middle	0.0068709338808792	-2.054335060692764e-05	middle
scgpt_hcc_formal_v1	entrant	HCC38	MTDH	0.0247915619615108	0.333863889757301	0.0796459193272299	signaling / oncogene	0.0189377911337117	0.8984506804546379	oxidative stress / mitochondrial	0.2129909836880327	0.780563195318443	0.2780882536422169	0.2370647474831385	0.2370647474831385	0.3095197763125934	0.0056310162158605	2.564566136296016	-0.0521834016027112	0.0521834016027112	middle	0.0342163047187118	-2.904081276937972e-05	middle
scgpt_hcc_formal_v1	entrant	HCC38	MYBL1	0.0076849592365779	0.0733301106091098	0.0194209867342018	transcription regulation	0.0051536820667569	0.2361886799306357	oxidative stress / antioxidant	0.0338390710568779	0.8947751035510073	0.0378492720786238	0.1432713501206569	0.1432713501206569	0.1602501529274795	0.0071407239504648	3.414490893578291	0.0709136850199211	-0.0709136850199211	shift_excess	0.0145675964421822	0.0018164771977387	middle
scgpt_hcc_formal_v1	entrant	HCC38	NCOA1	0.0133932393794194	0.1845420436192927	0.040436716601383	nuclear receptor / co-activator	0.0049504724530135	0.4585874123928613	signaling / oncogene	0.1498750448632534	0.7701751401862192	0.0590419818891991	0.3268189244035745	0.3268189244035745	0.1287474978458832	0.0043489041564256	1.803675839063153	-0.0933676037953646	0.0933676037953646	middle	0.0459486880054965	-0.0014235038520742	middle
scgpt_hcc_formal_v1	entrant	HCC38	NPM1	0.0308848173698405	0.5132130320682565	0.1214859697318251	ribosome biogenesis / nucleolar	0.0026282236732901	1.3180256593938973	RNA processing / transcription	0.342989977399777	0.6990363788051032	0.2848729253236072	0.2602301214359538	0.2602301214359538	0.216136099698247	0.0113723052385142	5.049583398617561	-0.9484209992220038	0.9484209992220038	Q1_anchor	0.8555302996262993	0.0032673016787406	high_shift_low_depmap
scgpt_hcc_formal_v1	entrant	HCC38	PA2G4	0.032358934289146	0.5256010313233319	0.1211041429832236	growth / proliferation	0.0134536092061633	1.3627013172723628	RNA processing / transcription	0.375517754992313	0.7238094620627158	0.3784767604947522	0.2755686445977496	0.2755686445977496	0.2777400709146788	0.0071702138866234	3.347055500027386	-0.4663635980262615	0.4663635980262615	Q1_anchor	0.3764696904296344	0.0003802684922252	middle
scgpt_hcc_formal_v1	entrant	HCC38	PARK7	0.0258098877908295	0.3578314969977141	0.0809285891446203	oxidative stress / mitochondrial	0.0310621089886037	0.9782441117603003	ribosome biogenesis / nucleolar	0.260767658853852	0.7845815224093466	0.054367496152629	0.2665670620645126	0.2665670620645126	0.0555766147723572	0.0050560733285705	2.227876740019074	0.0134496621963463	-0.0134496621963463	middle	0.0215311147572859	-0.0004249359429801	middle
scgpt_hcc_formal_v1	entrant	HCC38	PCBD1	0.0256394985776733	0.3221825995647708	0.0739173252598763	metabolism / transcription	0.0066087042369971	0.946716361331039	oxidative stress / antioxidant	0.2220546737680347	0.8245175315297258	0.2595066255470248	0.2345524835504439	0.2345524835504439	0.2741123277748898	0.0041690086810655	1.7392892243046572	0.016465541489049	-0.016465541489049	low_information	0.0210892465180688	-0.0013037732368964	middle
scgpt_hcc_formal_v1	entrant	HCC38	PEX14	0.011955964538846	0.1132644942254208	0.0301448153804501	peroxisome / metabolism	0.0113099124831744	0.3537527865455817	oxidative stress / antioxidant	0.0435049125335787	0.8730948932797574	0.0549278439509677	0.1229811161585663	0.1229811161585663	0.1552718340040274	0.004391741095693	1.8521323648982424	0.232031509113923	-0.232031509113923	low_information	0.0049454685061893	-0.0004929743696039	low_shift_high_depmap
scgpt_hcc_formal_v1	entrant	HCC38	PFDN5	0.0308688996208065	0.5004509419688299	0.1125041001047388	proteostasis / chaperone	0.0340993543210538	1.2681472876690003	RNA processing / transcription	0.3436564019395864	0.7195946272738046	0.0568274315965346	0.2709909213867942	0.2709909213867942	0.0448113812560289	0.0091179791241103	3.763957430728924	-0.8870801927678431	0.8870801927678431	Q1_anchor	0.8201974002162512	0.0011803139937399	high_shift_low_depmap
scgpt_hcc_formal_v1	entrant	HCC38	PMF1	0.0197701992645887	0.2273383768344516	0.0584790114550725	transcription regulation	0.0093226976295756	0.6912534503112269	mTOR / lysosome / signaling	0.1610967801576833	0.8452936155665184	0.0598584435697374	0.2330502366174835	0.2330502366174835	0.0865940611837626	0.0092008578860405	3.907662671107953	-1.5920218294593655	1.5920218294593655	Q1_anchor	0.9978434877605236	-0.0006598961817566	high_shift_low_depmap
scgpt_hcc_formal_v1	entrant	HCC38	PRDX2	0.0277067720303717	0.4783873647633394	0.1012712731385978	oxidative stress / antioxidant	0.0123096667906495	1.1343091181725236	RNA processing / transcription	0.3449359188231063	0.6842153230524759	0.1971887770825323	0.3040934021396476	0.3040934021396476	0.1738404231469298	0.0048643958897732	2.130357874677587	-0.278397829186231	0.278397829186231	middle	0.1572365253337959	-0.0014127767134366	middle
scgpt_hcc_formal_v1	entrant	HCC38	PRPF6	0.0165208729442373	0.1721688107438312	0.0449844312749093	RNA processing / spliceosome	0.0230090612402532	0.5103986356618887	oxidative stress / antioxidant	0.0731749960027353	0.9045724729038684	0.091343996682955	0.1433683221112874	0.1433683221112874	0.1789659891321994	0.0144798741040019	5.908263551904799	-1.5741714599009082	1.5741714599009082	Q1_anchor	0.9972796156547944	0.0046678160507967	high_shift_low_depmap
scgpt_hcc_formal_v1	entrant	HCC38	RORC	0.0135665244431287	0.1562479106470274	0.0395573409470405	nuclear receptor / metabolism	0.0011945781048292	0.4442625309355213	ribosomal / translation	0.103047182153693	0.8352868742903429	0.0137567035348252	0.2319510986818938	0.2319510986818938	0.0309652572001886	0.0047603589109585	1.944086166826961	-0.377798049598536	0.377798049598536	dependency_excess	0.263229534078098	-0.001787978643083	middle
scgpt_hcc_formal_v1	entrant	HCC38	RPS3	0.0337363263312334	0.5360410389490031	0.1245198284654242	ribosomal / translation	0.0039390934004194	1.3714447859416297	ribosome biogenesis / nucleolar	0.3077557678999712	0.7090577045153563	0.0882322043326263	0.2244025942966906	0.2244025942966906	0.0643352216852436	0.0096911866022176	4.1654645837132325	-1.977444057423196	1.977444057423196	Q1_anchor	1.0	-0.0012210037608086	high_shift_low_depmap
scgpt_hcc_formal_v1	entrant	HCC38	RUVBL2	0.0215365059836669	0.3241956067916121	0.0699818428833956	chromatin remodeling	0.0071809656143526	0.791989612570841	growth / proliferation	0.2530291119301773	0.7272685266886585	0.2060483191823144	0.3194853921238072	0.3194853921238072	0.2601654313539169	0.0082501146934477	3.3300033506603586	-1.3247838305863433	1.3247838305863433	Q1_anchor	0.978029448287533	-0.000881611022861	high_shift_low_depmap
scgpt_hcc_formal_v1	entrant	HCC38	SMAD1	0.009774265587803	0.0928547668141237	0.02460703275714	TGF-beta / BMP signaling	0.0061568830051136	0.3076797428586582	JAK-STAT signaling	0.0414572726849084	0.8962415711729236	0.045565955759293	0.1347416384963407	0.1347416384963407	0.1480954037985694	0.0045644798021591	1.9253649364438048	0.092940314960579	-0.092940314960579	low_information	0.0125810954880103	-0.0006996780493545	middle
scgpt_hcc_formal_v1	entrant	HCC38	STAT3	0.0202948376286359	0.3175530320600728	0.0687715430935673	JAK-STAT signaling	0.0137272745338948	0.778752729297193	ribosome biogenesis / nucleolar	0.2312604785954461	0.7330081214520032	0.2738764962427999	0.2969626556611282	0.2969626556611282	0.3516860820378342	0.0049421595924907	2.1690524844948564	0.0005423560077098	-0.0005423560077098	middle	0.0235621693286022	-0.0005740609596133	middle
scgpt_hcc_formal_v1	entrant	HCC38	TAB3	0.0107518554765752	0.10203158119586	0.0270545085017798	NF-κB / MAPK signaling	0.0033400587477009	0.3206508361755417	oxidative stress / antioxidant	0.0404385886597634	0.8884258081669503	0.0487437741877094	0.1261140907726344	0.1261140907726344	0.1520151164085048	0.005355838101385	2.217455001567444	-0.0196506729762948	0.0196506729762948	middle	0.0271522701939877	-0.0002154692673164	middle
scgpt_hcc_formal_v1	entrant	HCC38	TADA3	0.0169060852829883	0.2242568333778344	0.049661899956682	transcription / chromatin	0.004393036455194	0.612549331048971	oxidative stress / mitochondrial	0.185837928161001	0.8214189456317577	0.2534521726928881	0.3033844275737915	0.3033844275737915	0.4137661406941044	0.0091400872937874	4.428444823703298	-0.0575575471120086	0.0575575471120086	shift_excess	0.035551946395066	0.003465369534057	middle
scgpt_hcc_formal_v1	entrant	HCC38	THAP8	0.0119724546997522	0.1088283884218384	0.0288951997886788	transcription regulation	0.0094913198947824	0.3674890071828619	oxidative stress / antioxidant	0.0410197147629431	0.9013643123966334	0.0837115362552552	0.111621610337127	0.111621610337127	0.227793307062381	0.0050563694115236	2.120590397995916	-0.0175508210223816	0.0175508210223816	middle	0.0267473201978675	-0.0005092095367631	middle
scgpt_hcc_formal_v1	entrant	HCC38	THRA	0.0199441458698595	0.2423721203218767	0.058105349883942	nuclear receptor / metabolism	0.0060865646160925	0.6596225141346732	growth / proliferation	0.1860165456978945	0.8036556584185444	0.0434767492266692	0.2820045430710026	0.2820045430710026	0.0659115604683449	0.0058419151883759	2.5748785168349526	-0.1244560670130739	0.1244560670130739	middle	0.0573416619307745	-1.5302507314757935e-05	middle
scgpt_hcc_formal_v1	entrant	HCC38	TMF1	0.0188555820573475	0.199781818675959	0.0517234385642991	transcription regulation	0.0133898460666239	0.6021594094572497	growth factor / proliferation	0.1277999511459021	0.8691591863167467	0.0863598948029187	0.2122360775879817	0.2122360775879817	0.1434169979686248	0.00630257681098	2.6709537577516334	-0.1739325679207107	0.1739325679207107	middle	0.0809743969956026	0.0003103866486258	middle
scgpt_hcc_formal_v1	entrant	HCC38	TMSB4X	0.0322362271359018	0.4936280615019425	0.1219531406271268	cytoskeleton / cell motility	0.0646624657157578	1.3708527975581977	ribosomal / translation	0.2705460921932383	0.7467176444088484	0.1224474073538695	0.1973560492236239	0.1973560492236239	0.0893220684029505	0.0045126915949235	1.993718373946049	-0.3380993515689319	0.3380993515689319	dependency_excess	0.2174493812731642	-0.0019273474517844	middle
scgpt_hcc_formal_v1	entrant	HCC38	UBP1	0.0161853202472346	0.1569229877831424	0.043149482197519	transcription regulation	0.0107964410729912	0.5358807040598536	proteostasis / chaperone	0.0579916161140361	0.8921586219944377	0.0619052395679426	0.1082173992731764	0.1082173992731764	0.1155205610109601	0.004398069047543	1.8193468573847944	0.0228586479772922	-0.0228586479772922	low_information	0.0201784564207119	-0.0010572724019838	middle
scgpt_hcc_formal_v1	entrant	HCC38	VEZF1	0.0169466083778767	0.1795348610947748	0.0440087445175043	transcription regulation	0.0087785375799979	0.579433885862532	growth factor / proliferation	0.1218826792673279	0.8607835783032726	0.0579632425762878	0.2103478623551609	0.2103478623551609	0.1000342644614321	0.0073740581188237	3.330757494619107	-0.151644262020672	0.151644262020672	shift_excess	0.0694464693745538	0.0014426707127253	middle
scgpt_hcc_formal_v1	entrant	HCC38	XBP1	0.0296436933858847	0.4470739823629586	0.1031639152613323	ER stress / UPR	0.0199354593873758	1.1909636488451911	ribosome biogenesis / nucleolar	0.3191595862084597	0.7571335221332061	0.2605247167892882	0.2679843222065848	0.2679843222065848	0.218751191139968	0.0040282961697656	1.6387798034173342	0.1080243659617565	-0.1080243659617565	low_information	0.0113924113087519	-0.0011947122161723	low_shift_high_depmap
scgpt_hcc_formal_v1	entrant	HCC38	YBX1	0.0273861261818227	0.4038893787341124	0.0965938296875981	RNA processing / transcription	0.0151363596010704	1.0679264212808115	ribosome biogenesis / nucleolar	0.2649109929248679	0.7375480646574107	0.1433128201484373	0.2480610907698569	0.2480610907698569	0.1341972792250573	0.0076494599161971	3.716232319681118	-2.475443696624305	2.475443696624305	Q1_anchor	1.0	-0.0046212792218524	middle
scgpt_hcc_formal_v1	entrant	HCC38	ZBTB17	0.0136996388654289	0.1374872554891614	0.0352458891070178	transcription regulation	0.0099501102455954	0.4025657502374616	chromatin remodeling	0.0443338250399203	0.905857629395024	0.0371725837054	0.110128159223106	0.110128159223106	0.0923391612015505	0.0079465191255336	3.493035111075968	-0.3779576510823618	0.3779576510823618	Q1_anchor	0.2634223656448051	0.0013977461767984	high_shift_low_depmap
scgpt_hcc_formal_v1	entrant	HCC38	ZBTB20	0.0096809220081101	0.0874192406722777	0.0212400948143398	transcription regulation	0.0084450364037281	0.2828149023689262	synaptic / signaling	0.0476144454517011	0.9223166228068528	0.0569937188595187	0.1683590399687957	0.1683590399687957	0.2015230399180718	0.0048062658192207	2.1590019433283736	0.3536029010287363	-0.3536029010287363	low_information	0.0018330352467763	0.0002531985170202	middle
scgpt_hcc_formal_v1	entrant	HCC38	ZBTB5	0.014167212761535	0.1289351319977029	0.0332663631694731	transcription regulation	0.0133807318972995	0.4066050532392648	oxidative stress / antioxidant	0.0645339123251085	0.906091912006863	0.0923295795276376	0.1587139948482977	0.1587139948482977	0.227074353336447	0.0046384099549855	1.897499312170974	0.0729011804312269	-0.0729011804312269	low_information	0.0143722132742512	-0.0006804148872734	middle
scgpt_hcc_formal_v1	entrant	HCC38	ZNF131	0.0192959392979564	0.2654703729560441	0.0581957140270671	transcription regulation	0.0104650552888946	0.6986934917040067	signaling / oncogene	0.2257643130576583	0.7970854471139545	0.0605107973391629	0.3231235380582315	0.3231235380582315	0.0866056404670185	0.0098454685363047	4.415636227925105	-0.6933601874242165	0.6933601874242165	Q1_anchor	0.6622862073859538	0.0024362738208512	high_shift_low_depmap
scgpt_hcc_formal_v1	entrant	HCC38	ZNF24	0.0148028026659601	0.1498885097136918	0.0394914442703359	transcription regulation	0.0131964002065736	0.4325062070506456	oxidative stress / antioxidant	0.0880492847399007	0.8528359680031451	0.1094313171140771	0.2035792395682088	0.2035792395682088	0.2530167552052332	0.0039710221358838	1.6212123105803893	-0.0751354213507236	0.0751354213507236	middle	0.0403071652767106	-0.0017516482680549	middle
scgpt_hcc_formal_v1	entrant	HCC38	ZNF566	0.008712489316448	0.0795200049498178	0.0203013332727473	transcription regulation	0.0088928903651128	0.2273250878867658	oxidative stress / antioxidant	0.0218078300824055	0.9266132948362976	0.0327930783076844	0.0959323508246846	0.0959323508246846	0.1442563098183828	0.0045411647163488	1.9239272325468384	-0.1834100057572494	0.1834100057572494	middle	0.0863639716532793	-0.0014768800060284	middle
cellot_hcc_formal_v1	entrant	HCC1143	ARID1A	1.7004498809258988	13.923394858695358	3.232064890861511	chromatin remodeling	1.9248894453048704	43.04616356930799	oxidative stress / antioxidant	4.040927886962891	0.9244586902627944	5.799492686986923	0.0938742863915538	0.0938742863915538	0.1347272835975091	0.0073327186787757	3.4463519189121863	-0.330631842036614	0.330631842036614	Q1_anchor	0.2654515287532237	0.0005303062767008	middle
cellot_hcc_formal_v1	entrant	HCC1143	BMPR1A	1.999393968823108	17.80705723506441	4.629032897949219	TGF-beta / BMP signaling	1.935180127620697	68.78531855593125	oxidative stress / mitochondrial	7.664407253265381	0.9386606196161172	12.756026029586792	0.1114250455499924	0.1114250455499924	0.1854469281728267	0.0070281282052424	3.162989495400181	-0.3585628390298763	0.3585628390298763	dependency_excess	0.307130270365165	0.0001129969346457	middle
cellot_hcc_formal_v1	entrant	HCC1143	CDKN2A	0.5982843872873073	5.028757103523279	1.269957047700882	cell cycle / replication	0.4556406736373901	16.093042041071588	oxidative stress / mitochondrial	1.65369975566864	0.9339952483701234	2.7631906270980835	0.1027586798970746	0.1027586798970746	0.1717009512586901	0.0050523230156554	2.084157760547977	0.5380502468314596	-0.5380502468314596	middle	6.198489826465077e-05	0.0017555807543913	middle
cellot_hcc_formal_v1	entrant	HCC1143	COMMD6	0.4227790810326312	3.611283879886702	0.910757291316986	NF-κB / copper signaling	0.7122299671173096	11.969167334338028	nuclear receptor / co-activator	1.1412345170974731	0.9428941448860912	1.359625279903412	0.0953478621544053	0.0953478621544053	0.1135939737430872	0.0045342930040741	1.9629627640817848	-0.2218216265227303	0.2218216265227303	middle	0.1351756293730245	-0.0018290028000756	middle
cellot_hcc_formal_v1	entrant	HCC1143	ENY2	0.8089407959834058	7.071577798339438	1.769058120250702	transcription / chromatin	1.1192921698093414	21.2014310422043	cytoskeleton / cell motility	3.074852466583252	0.9085569086947972	1.50455641746521	0.1450304208457601	0.1450304208457601	0.0709648520644756	0.0105137437444661	4.81257682403588	-0.2358088308059663	0.2358088308059663	Q1_anchor	0.148881151602389	0.0040940009097656	middle
cellot_hcc_formal_v1	entrant	HCC1143	ERC1	0.523512897497796	4.512022549493726	1.1358581006526949	synaptic / signaling	0.4018853008747101	15.442133945309454	growth / proliferation	1.5952537059783936	0.9201119062720854	1.5870023369789124	0.103305262836614	0.103305262836614	0.1027709215966854	0.0048784834929897	2.171773525634778	-0.0379118967638982	0.0379118967638982	middle	0.0303840215886299	-0.0007426226695384	middle
cellot_hcc_formal_v1	entrant	HCC1143	ETV3	0.6385124406598984	5.322878686502937	1.275168740749359	transcription regulation	0.6997253580225838	15.386286402328148	cytoskeleton / cell motility	1.3039098978042605	0.944495260502474	1.7371752858161926	0.0847449386881919	0.0847449386881919	0.1129041303659429	0.0053871026377591	2.391418251940516	-0.2314760637952857	0.2314760637952857	middle	0.1444988533493548	-0.0010151547990828	middle
cellot_hcc_formal_v1	entrant	HCC1143	GON4L	0.944277639084674	7.868973208392401	1.9642308712005616	transcription regulation	0.7224865406751633	29.26013433933258	growth / proliferation	2.70233154296875	0.9431007312623906	7.0670130252838135	0.0923554045114609	0.0923554045114609	0.2415236014752012	0.0076879048971422	3.3323369388260327	-0.2362581803183601	0.2362581803183601	Q1_anchor	0.1493363288328347	0.0012663486589094	middle
cellot_hcc_formal_v1	entrant	HCC1143	HDGF	0.5137918746851861	4.25102619572358	1.0400782585144044	growth factor / proliferation	1.3480558395385742	13.098611916104952	growth factor / proliferation	1.3480558395385742	0.935136976197252	0.9773536920547484	0.1029159309530438	0.1029159309530438	0.0746150583217964	0.0039901671750222	1.703063739115492	0.0093193516536966	-0.0093193516536966	low_information	0.0196252078195258	-0.0014403316532318	middle
cellot_hcc_formal_v1	entrant	HCC1143	HLX	9.103039876577702	85.55652746611179	22.637320709228515	transcription regulation	4.706499293446541	320.056450471282	cytoskeleton / cell motility	37.69614028930664	0.9043498784398428	12.291447043418884	0.1177796611622706	0.1177796611622706	0.0384039972489845	0.0050212083343797	2.1525423051369463	-0.0105503675972533	0.0105503675972533	middle	0.0236239287972883	-0.0004894771149374	middle
cellot_hcc_formal_v1	entrant	HCC1143	KLF3	0.5160272533589221	4.33697310482573	1.0921854674816132	transcription regulation	0.5786236673593521	12.11941483616829	cytoskeleton / cell motility	1.577782392501831	0.9120046086480846	0.8008873462677002	0.1301863508948644	0.1301863508948644	0.0660830045917391	0.0053919861225157	2.4761644999238697	-0.0596711039921486	0.0596711039921486	middle	0.0369385703770605	-0.0003169319150876	middle
cellot_hcc_formal_v1	entrant	HCC1143	LAMTOR5	0.8139806795627513	6.771169000647449	1.6444390296936036	mTOR / lysosome / signaling	0.7556284666061401	21.173460612694424	ribosomal / translation	2.885947704315185	0.9403386648289797	2.5919847190380096	0.136300237221729	0.136300237221729	0.1224166784282773	0.0093777769035242	4.656042860446887	-0.2080048465520216	0.2080048465520216	shift_excess	0.1226400958971878	0.0030702403622925	middle
cellot_hcc_formal_v1	entrant	HCC1143	MAML3	0.7654055479834688	6.466015278102621	1.5649703860282898	transcription regulation	0.7067397338234715	20.628135221906835	ribosome biogenesis / nucleolar	3.140096664428711	0.9131476501654664	1.332647979259491	0.1522239713211675	0.1522239713211675	0.0646034149438886	0.0042930848646172	1.7996119267653603	0.1521238451421929	-0.1521238451421929	low_information	0.0050198572939971	-0.0005611094038771	low_shift_high_depmap
cellot_hcc_formal_v1	entrant	HCC1143	MIER1	0.7376850185559151	6.906941178520714	1.7292946577072144	transcription regulation	0.5896927213503255	20.92031213103069	cytoskeleton / cell motility	3.967303991317749	0.8825945421807314	1.7109249830245972	0.189638852731701	0.189638852731701	0.0817829567890058	0.0057833931966825	2.6261656244995977	0.0742152031018489	-0.0742152031018489	middle	0.0105919574277721	0.0006147893143467	middle
cellot_hcc_formal_v1	entrant	HCC1143	MTDH	2.7757171218065504	24.624887321586773	6.437559509277344	signaling / oncogene	0.3406633138656616	86.26606255852514	RNA processing / transcription	10.718433380126951	0.9132499532092194	15.88057827949524	0.1242485522375069	0.1242485522375069	0.1840883634711094	0.0047338690320834	2.296174525630673	0.0581370024256225	-0.0581370024256225	low_information	0.0123435627679496	-0.0004996203460521	middle
cellot_hcc_formal_v1	entrant	HCC1143	MYBL1	1.7967365428488304	16.310707704854586	4.176847910881042	transcription regulation	0.9274929447306528	61.503252474798096	ribosome biogenesis / nucleolar	6.67642068862915	0.911976734055724	6.238831400871277	0.1085539450351006	0.1085539450351006	0.1014390483402115	0.0084130142568229	4.1759196436307295	0.0019970126997557	-0.0019970126997557	shift_excess	0.0210310036855235	0.0029529652566927	middle
cellot_hcc_formal_v1	entrant	HCC1143	NCOA1	3.7697847244587352	33.780049804172	8.694692659378052	nuclear receptor / co-activator	2.442986249923706	124.49260172413456	RNA processing / transcription	13.978870391845703	0.91847851420572	16.9032244682312	0.1122867559858837	0.1122867559858837	0.1357769396263994	0.0039071575713196	1.6312942916912654	-0.0161660097106361	0.0161660097106361	middle	0.0248991192692647	-0.0016261904712875	middle
cellot_hcc_formal_v1	entrant	HCC1143	NPM1	0.6645858693630138	5.513181204571527	1.3357972979545594	ribosome biogenesis / nucleolar	1.2666618824005127	17.448031370838482	cytoskeleton / cell motility	2.146946430206299	0.9139463792568852	1.8685486316680908	0.1230480611007249	0.1230480611007249	0.1070922324676159	0.0074812035133293	3.688200648316474	-0.2486990570176843	0.2486990570176843	Q1_anchor	0.1622748801750765	0.0010094406338762	middle
cellot_hcc_formal_v1	entrant	HCC1143	PA2G4	5.331098737551811	44.07513638191693	10.804551124572754	growth / proliferation	6.333540916442871	152.6036897889442	synaptic / signaling	12.9354887008667	0.9327804662944325	19.2213671207428	0.0847652420380981	0.0847652420380981	0.1259561098904395	0.0059315461556859	2.723108581584277	-0.1608978437052549	0.1608978437052549	middle	0.0861889371200693	-0.0001858844590862	middle
cellot_hcc_formal_v1	entrant	HCC1143	PARK7	0.5706548684454978	4.761397201469849	1.194386613368988	oxidative stress / mitochondrial	1.67035174369812	14.412584900028175	oxidative stress / mitochondrial	1.67035174369812	0.9179882084594778	1.9579058587551117	0.1158953619551517	0.1158953619551517	0.1358469609952677	0.0061480042391653	2.928387425848147	-0.2182235899354996	0.2182235899354996	middle	0.1318604273725387	-0.0002007712593501	middle
cellot_hcc_formal_v1	entrant	HCC1143	PCBD1	0.7210063284381907	5.751562838445703	1.3399809360504151	metabolism / transcription	0.1041253805160522	19.188954018884235	ribosomal / translation	2.007397174835205	0.9389136381613922	1.8712928891181944	0.1046121207471592	0.1046121207471592	0.0975192752703778	0.004675198066501	1.9660380677668263	0.0683543828600407	-0.0683543828600407	low_information	0.0111916491629234	-0.0005170578546941	middle
cellot_hcc_formal_v1	entrant	HCC1143	PEX14	2.014563060504325	17.30454429325256	4.335609126091003	peroxisome / metabolism	0.28254434466362	60.32415400362677	ribosome biogenesis / nucleolar	7.567084312438965	0.9312091076453092	6.56408452987671	0.1254403718945486	0.1254403718945486	0.108813536439849	0.0044493142820248	1.9268910846893088	-0.0066559675281558	0.0066559675281558	middle	0.0227993432195642	-0.0010456548514921	middle
cellot_hcc_formal_v1	entrant	HCC1143	PFDN5	0.6390309329838195	5.289974331662882	1.2941171050071716	proteostasis / chaperone	1.2808339595794678	16.86190933589306	RNA processing / transcription	1.6166694164276123	0.931341438685296	1.709244668483734	0.0958770080080013	0.0958770080080013	0.1013672078550057	0.0102329499993855	4.766008110486418	-1.230578156287104	1.230578156287104	Q1_anchor	0.9694975960688984	-0.0002013030526004	high_shift_low_depmap
cellot_hcc_formal_v1	entrant	HCC1143	PMF1	0.8228237330616313	7.114153436821954	1.8076134324073792	transcription regulation	0.779147055827909	22.67806776625932	cytoskeleton / cell motility	2.793336868286133	0.9148797719536722	3.2184741497039795	0.123173495073601	0.123173495073601	0.1419201222465902	0.0127756932567781	5.460196344335996	-1.119192133800067	1.119192133800067	Q1_anchor	0.9510487581740272	0.0027909517788656	high_shift_low_depmap
cellot_hcc_formal_v1	entrant	HCC1143	PRDX2	0.4768552299034088	4.05818888464783	1.0233806252479554	oxidative stress / antioxidant	0.5421068072319031	13.180998514302903	cytoskeleton / cell motility	1.485367774963379	0.9112665326232156	1.3884016871452332	0.1126900798411883	0.1126900798411883	0.1053335743599892	0.0055213995831513	2.4223981708602773	-0.252200600989717	0.252200600989717	dependency_excess	0.1660158727868937	-0.0009644941944828	middle
cellot_hcc_formal_v1	entrant	HCC1143	PRPF6	0.8126082635940389	6.562938191552162	1.5365206241607663	RNA processing / spliceosome	1.0136041641235352	20.70204913781749	ER stress / UPR	2.7386324405670166	0.9384756985047988	4.121697008609772	0.1322879886109543	0.1322879886109543	0.1990960885645111	0.0154111896961658	6.723676671381678	-1.862027728723321	1.862027728723321	Q1_anchor	1.0	0.0024286466081761	high_shift_low_depmap
cellot_hcc_formal_v1	entrant	HCC1143	RORC	0.504635381413267	4.5708373123434685	1.1834723472595214	nuclear receptor / metabolism	1.266007959842682	11.74937204726868	cytoskeleton / cell motility	2.1755285263061523	0.8667808092566736	0.7193430960178373	0.1851612594744488	0.1851612594744488	0.0612239610018187	0.0045634026869297	1.921562432852684	-0.0824404967576715	0.0824404967576715	middle	0.0451125018855452	-0.0012374039499269	middle
cellot_hcc_formal_v1	entrant	HCC1143	RPS3	0.8069392182725541	6.785864624487574	1.6363129615783691	ribosomal / translation	1.4728507995605469	21.691212330427437	oxidative stress / antioxidant	2.5313453674316406	0.927693354193212	4.45988404750824	0.1166991189275661	0.1166991189275661	0.2056078738048274	0.007860948328555	3.49877472663025	-1.8308395717061807	1.8308395717061807	Q1_anchor	1.0	-0.004995731233292	high_shift_low_depmap
cellot_hcc_formal_v1	entrant	HCC1143	RUVBL2	1.0240334589826934	8.458663202954579	2.03500212430954	chromatin remodeling	1.2183136343955994	30.121539046470488	ribosome biogenesis / nucleolar	3.172847032546997	0.9389193988858108	4.482871770858765	0.1053348246134447	0.1053348246134447	0.148826119539999	0.0119327730703482	5.345672749772987	-3.079405316707214	3.079405316707214	Q1_anchor	1.0	-0.0059626424193833	high_shift_low_depmap
cellot_hcc_formal_v1	entrant	HCC1143	SMAD1	0.5059626142078257	4.479997973975177	1.140562433004379	TGF-beta / BMP signaling	1.1970898509025574	13.844281614240671	ribosomal / translation	1.946017384529113	0.9166005905582868	0.9685109257698056	0.1405647066964729	0.1405647066964729	0.069957470727377	0.0045476060135123	1.9146500705205347	-0.0350665523770763	0.0350665523770763	middle	0.0296077539081418	-0.0010620174224982	middle
cellot_hcc_formal_v1	entrant	HCC1143	STAT3	1.6162209586894258	13.795368741044268	3.520363688468933	JAK-STAT signaling	1.7532495260238647	41.83996885683801	ribosome biogenesis / nucleolar	5.012640953063965	0.93457683602004	5.265214443206787	0.1198050832737351	0.1198050832737351	0.1258417390611006	0.0045791788860737	2.0256258230145	0.1832408329754175	-0.1832408329754175	low_information	0.0037329167002494	-0.000149439068005	low_shift_high_depmap
cellot_hcc_formal_v1	entrant	HCC1143	TAB3	0.481454397056331	4.405836836934584	1.1424308836460113	NF-κB / MAPK signaling	0.5699142217636108	12.58189089741144	oxidative stress / mitochondrial	1.6874197721481323	0.8824538865241727	3.177235960960388	0.1341149582289969	0.1341149582289969	0.2525245201112071	0.0060275444241772	2.656227587222326	0.0976441247104035	-0.0976441247104035	middle	0.0084525379475361	0.000953490748375	middle
cellot_hcc_formal_v1	entrant	HCC1143	TADA3	0.5630521874161477	4.926132206254987	1.2204925656318664	transcription / chromatin	0.4725615233182907	13.74339766883188	ribosomal / translation	2.105560779571533	0.8960886144063457	2.529350757598877	0.1532052575577183	0.1532052575577183	0.1840411533266693	0.0103750807743799	5.1135832829938925	-0.3196085427253	0.3196085427253	Q1_anchor	0.2498577956515995	0.0036171542109612	high_shift_low_depmap
cellot_hcc_formal_v1	entrant	HCC1143	THAP8	0.4278191551566124	4.0281313482942	1.117641669511795	transcription regulation	0.4099241383373737	11.733382362872362	nuclear receptor / co-activator	1.4595880508422852	0.8636951878439668	0.5128147602081299	0.1243961890699839	0.1243961890699839	0.0437056207961667	0.0050716034302432	2.4487280363408086	0.0324986749282021	-0.0324986749282021	middle	0.0157775614105068	-0.0002653524753134	middle
cellot_hcc_formal_v1	entrant	HCC1143	THRA	0.6194754965761875	5.665213943074012	1.4532917082309722	nuclear receptor / metabolism	0.3394864499568939	17.543958995905186	cytoskeleton / cell motility	3.0162100791931152	0.9074484477864294	2.3927495479583736	0.1719230009541807	0.1719230009541807	0.1363859519118147	0.0053431820384494	2.3724404917219064	-0.0854627248517602	0.0854627248517602	middle	0.0463338341696651	-0.000469821160215	middle
cellot_hcc_formal_v1	entrant	HCC1143	TMF1	0.5773609857609932	4.866960072475314	1.1790949285030363	transcription regulation	0.6502799176507525	13.905702480011517	oxidative stress / antioxidant	1.8305110931396484	0.8799015574317757	2.607740879058838	0.1316374412418848	0.1316374412418848	0.1875303231035817	0.0058951763799742	2.502337580432542	-0.2262288778701592	0.2262288778701592	middle	0.1394316818255967	-0.0004859054124556	middle
cellot_hcc_formal_v1	entrant	HCC1143	TMSB4X	2.6966564471417285	23.38077149077693	6.017730093002319	cytoskeleton / cell motility	2.558929204940796	81.4277295652363	RNA processing / transcription	8.827674865722656	0.9258020989889056	10.082021474838257	0.108411163038143	0.108411163038143	0.1238155789025283	0.0039703565382887	1.8624986123191989	0.091112482425534	-0.091112482425534	low_information	0.0090048231316929	-0.0011300563587083	low_shift_high_depmap
cellot_hcc_formal_v1	entrant	HCC1143	UBP1	0.5673704962939659	4.873709845383364	1.2173525154590608	transcription regulation	0.6097985893074009	14.549774961132142	metabolism / transcription	1.4749970436096191	0.9183813191874044	2.336622953414917	0.1013759351983027	0.1013759351983027	0.1605951267051831	0.0046551429363536	1.9683247358074805	0.0714133084074786	-0.0714133084074786	low_information	0.0108785135935251	-0.0005247683260854	middle
cellot_hcc_formal_v1	entrant	HCC1143	VEZF1	0.3737028444066961	3.164555384280184	0.7816972732543945	transcription regulation	0.2914565453926722	10.219371164838472	NF-κB / MAPK signaling	0.9543129205703736	0.938833760420943	1.0871405601501465	0.0933827439259524	0.0933827439259524	0.1063803772868768	0.0060274132373266	2.8398473940734115	-0.0273314385525012	0.0273314385525012	middle	0.0275909199432945	0.0004490057753968	middle
cellot_hcc_formal_v1	entrant	HCC1143	XBP1	9.13866981309145	83.28508596767712	21.53754014968872	ER stress / UPR	12.819948196411133	278.11193789417547	NF-κB / copper signaling	38.216896057128906	0.918252773422379	39.16625022888184	0.1374155181776873	0.1374155181776873	0.1408290867534964	0.0045885756847594	2.055446583049452	0.097035867478511	-0.097035867478511	low_information	0.0085039693399301	-0.0004879326856233	middle
cellot_hcc_formal_v1	entrant	HCC1143	YBX1	1.7717810926285196	14.35009072255004	3.4354947090148924	RNA processing / transcription	1.1956937313079834	38.014032612244286	TGF-beta / BMP signaling	3.3586541414260864	0.944612336097452	2.288063645362854	0.0883530083662912	0.0883530083662912	0.0601899742840192	0.0077493948528648	3.8245990837962864	-1.377081609330736	1.377081609330736	Q1_anchor	0.9913468022551738	-0.0032760903511849	middle
cellot_hcc_formal_v1	entrant	HCC1143	ZBTB17	0.7476941622952198	6.027265658424738	1.442588746547699	transcription regulation	0.6665046107437875	20.372956116166375	signaling / oncogene	2.1608667373657227	0.948921728484573	2.310887515544892	0.1060654489728679	0.1060654489728679	0.1134291706303314	0.010587215682323	4.928221899857864	-0.636991913780868	0.636991913780868	Q1_anchor	0.7578619386258375	0.0025484506840411	high_shift_low_depmap
cellot_hcc_formal_v1	entrant	HCC1143	ZBTB20	0.5890636353733691	5.338065309052635	1.313655972480774	transcription regulation	0.5785672023064561	16.06938338569469	cytoskeleton / cell motility	1.932464838027954	0.8952035543206001	1.940036714076996	0.1202575600846188	0.1202575600846188	0.1207287590016713	0.0043814448697306	1.889601177535932	0.1050163545153338	-0.1050163545153338	low_information	0.0078803596044426	-0.0006628572937179	low_shift_high_depmap
cellot_hcc_formal_v1	entrant	HCC1143	ZBTB5	0.4428579956293106	3.922336610925522	0.99964280128479	transcription regulation	0.3656525512536366	11.84830552836259	ribosomal / translation	1.3350536823272705	0.9146488153447976	2.2455239295959477	0.1126788703356278	0.1126788703356278	0.1895227907670501	0.0053368219337521	2.288843476575004	-0.1471075087045335	0.1471075087045335	middle	0.0773557703888747	-0.0007249561399313	middle
cellot_hcc_formal_v1	entrant	HCC1143	ZNF131	1.2183499139674163	10.668041383296323	2.674124705791473	transcription regulation	0.9255735062890582	36.7572982394033	metabolism / transcription	4.385721206665039	0.9322646348846044	2.0720277428627014	0.1193156574811477	0.1193156574811477	0.0563705125814039	0.0105522037854389	4.608186179220708	-1.08124407956173	1.08124407956173	Q1_anchor	0.9463812533969612	0.0007206062048738	high_shift_low_depmap
cellot_hcc_formal_v1	entrant	HCC1143	ZNF24	0.3784146733740542	3.2823269701933326	0.8341761529445648	transcription regulation	0.3730425933996836	10.150124775866669	ribosome biogenesis / nucleolar	1.0619888305664062	0.9144470627969292	1.0202070474624634	0.1046281552214444	0.1046281552214444	0.1005117739919954	0.0043616307953344	1.8788468529612183	0.0882223029314296	-0.0882223029314296	low_information	0.0092505619875028	-0.0007504457656013	low_shift_high_depmap
cellot_hcc_formal_v1	entrant	HCC1143	ZNF566	3.914580820881306	35.503601100786234	8.84122166633606	transcription regulation	4.001752820693785	107.11946129509144	cytoskeleton / cell motility	15.662430763244627	0.92367095688197	10.484134316444395	0.1462146147290448	0.1462146147290448	0.0978732920207918	0.0044548810181222	2.020865157655443	0.1001260553605671	-0.1001260553605671	low_information	0.0082561267211935	-0.0006091565306257	low_shift_high_depmap
cpa_v0.8.8	candidate	HCC1143	ARID1A	0.014353679525319	0.1324281892567264	0.0338190058433548	chromatin remodeling	0.0059637495222018	0.4400239201788347	ER stress / UPR	0.0718033561470872	0.9041201847869448	0.0973462335584593	0.16318057463309	0.16318057463309	0.221229412980312	0.0073327186787757	3.4463519189121863	-0.330631842036614	0.330631842036614	Q1_anchor	0.2654515287532237	0.0005303062767008	middle
cpa_v0.8.8	candidate	HCC1143	BMPR1A	0.0134224453696757	0.1244650784466995	0.0309236254258771	TGF-beta / BMP signaling	0.0044496059066533	0.403415349206376	ER stress / UPR	0.0719508478405839	0.9064898908822951	0.0964442066667509	0.1783542643633419	0.1783542643633419	0.239069254197893	0.0070281282052424	3.162989495400181	-0.3585628390298763	0.3585628390298763	dependency_excess	0.307130270365165	0.0001129969346457	middle
cpa_v0.8.8	candidate	HCC1143	CDKN2A	0.0122055806433086	0.1141198898566322	0.0277372762321962	cell cycle / replication	0.0068911812797096	0.3521863100049673	ER stress / UPR	0.0695880303147202	0.9005635433452129	0.093037473392291	0.1975886862659105	0.1975886862659105	0.2641711808473724	0.0050523230156554	2.084157760547977	0.5380502468314596	-0.5380502468314596	middle	6.198489826465077e-05	0.0017555807543913	middle
cpa_v0.8.8	candidate	HCC1143	COMMD6	0.0127555351541376	0.1191291176689642	0.029387189686075	NF-κB / copper signaling	0.0196551913432794	0.3762445057931738	ER stress / UPR	0.0706200549366837	0.9021386102623103	0.0948119334695768	0.187697239027603	0.187697239027603	0.2519955295285988	0.0045342930040741	1.9629627640817848	-0.2218216265227303	0.2218216265227303	middle	0.1351756293730245	-0.0018290028000756	middle
cpa_v0.8.8	candidate	HCC1143	ENY2	0.0108560513446714	0.1070447352028162	0.0269018750313173	transcription / chromatin	0.0010450041206049	0.302880272862104	ER stress / UPR	0.0665985593560105	0.8588693041720106	0.0891213680449594	0.2198841104000577	0.2198841104000577	0.2942461957089386	0.0105137437444661	4.81257682403588	-0.2358088308059663	0.2358088308059663	Q1_anchor	0.148881151602389	0.0040940009097656	middle
cpa_v0.8.8	candidate	HCC1143	ERC1	0.0108204043220256	0.1071157214256126	0.0271438847902666	synaptic / signaling	0.0125113442907834	0.2968942290231614	ER stress / UPR	0.0680616149666673	0.8693223315578427	0.0886073581693601	0.2292453281783313	0.2292453281783313	0.2984475597956056	0.0048784834929897	2.171773525634778	-0.0379118967638982	0.0379118967638982	middle	0.0303840215886299	-0.0007426226695384	middle
cpa_v0.8.8	candidate	HCC1143	ETV3	0.0132013143392456	0.1225675754300281	0.030379350976588	transcription regulation	0.0118739324659515	0.3917306706653978	ER stress / UPR	0.0711710700753098	0.9042165977759088	0.0958077184675168	0.1816836806635995	0.1816836806635995	0.2445754842345553	0.0053871026377591	2.391418251940516	-0.2314760637952857	0.2314760637952857	middle	0.1444988533493548	-0.0010151547990828	middle
cpa_v0.8.8	candidate	HCC1143	GON4L	0.0108151181661739	0.1072412654866441	0.0272602881911646	transcription regulation	0.0115277907675891	0.2962904401285245	ER stress / UPR	0.0676533231499558	0.8657885098672734	0.0881489984510374	0.2283344785630248	0.2283344785630248	0.2975087499036425	0.0076879048971422	3.3323369388260327	-0.2362581803183601	0.2362581803183601	Q1_anchor	0.1493363288328347	0.0012663486589094	middle
cpa_v0.8.8	candidate	HCC1143	HDGF	0.0135791247359356	0.1259578877921975	0.0315949823423047	growth factor / proliferation	0.0109730699395486	0.4106870520143946	ER stress / UPR	0.0713857958081132	0.9051272403834674	0.0969069771287871	0.17382041985003	0.17382041985003	0.2359630688463743	0.0039901671750222	1.703063739115492	0.0093193516536966	-0.0093193516536966	low_information	0.0196252078195258	-0.0014403316532318	middle
cpa_v0.8.8	candidate	HCC1143	HLX	0.0118536311842057	0.1123056428155254	0.0272932493579685	transcription regulation	0.011586201333166	0.338604471053587	ER stress / UPR	0.069316352343834	0.8951048663108157	0.0916184060094785	0.2047118637510965	0.2047118637510965	0.2705764803530285	0.0050212083343797	2.1525423051369463	-0.0105503675972533	0.0105503675972533	middle	0.0236239287972883	-0.0004894771149374	middle
cpa_v0.8.8	candidate	HCC1143	KLF3	0.0111463908972285	0.1085544879572788	0.0273207056942831	transcription regulation	0.0115515368544945	0.3092369449213862	ER stress / UPR	0.0685441741707688	0.8822289862170266	0.0896131269453	0.2216558380118326	0.2216558380118326	0.2897879067072058	0.0053919861225157	2.4761644999238697	-0.0596711039921486	0.0596711039921486	middle	0.0369385703770605	-0.0003169319150876	middle
cpa_v0.8.8	candidate	HCC1143	LAMTOR5	0.0141868897332768	0.1315542722101748	0.0335576932851118	mTOR / lysosome / signaling	0.0139095633212411	0.4357766206151773	ER stress / UPR	0.0720785507920152	0.9040187086321372	0.0981944672582579	0.1654025190480923	0.1654025190480923	0.2253321142369654	0.0093777769035242	4.656042860446887	-0.2080048465520216	0.2080048465520216	shift_excess	0.1226400958971878	0.0030702403622925	middle
cpa_v0.8.8	candidate	HCC1143	MAML3	0.0122124698695106	0.1153615507345904	0.0281961152849348	transcription regulation	0.0116307497515389	0.3532479829380718	ER stress / UPR	0.0702700266602402	0.8943199531788825	0.0937867037771176	0.1989254859313925	0.1989254859313925	0.2654982004343376	0.0042930848646172	1.7996119267653603	0.1521238451421929	-0.1521238451421929	low_information	0.0050198572939971	-0.0005611094038771	low_shift_high_depmap
cpa_v0.8.8	candidate	HCC1143	MIER1	0.0145829949959456	0.1365182612977346	0.0352579930984512	transcription regulation	0.0119771506881955	0.4503002709795065	ER stress / UPR	0.0728371391060715	0.897515645943536	0.0997440092084835	0.161752376803225	0.161752376803225	0.2215055500444569	0.0057833931966825	2.6261656244995977	0.0742152031018489	-0.0742152031018489	middle	0.0105919574277721	0.0006147893143467	middle
cpa_v0.8.8	candidate	HCC1143	MTDH	0.0106285782061612	0.1066971282747198	0.02724021111163	signaling / oncogene	0.0221504839846096	0.2895136364784237	ER stress / UPR	0.0671173283818131	0.8489223352368199	0.0871409348962736	0.231827865513392	0.231827865513392	0.3009907787288902	0.0047338690320834	2.296174525630673	0.0581370024256225	-0.0581370024256225	low_information	0.0123435627679496	-0.0004996203460521	middle
cpa_v0.8.8	candidate	HCC1143	MYBL1	0.0105500409055091	0.1063608828586698	0.0272602978769194	transcription regulation	0.0114540410920702	0.2858555631564224	ER stress / UPR	0.0669041821720963	0.8472809529729787	0.0866035394189786	0.2340489071940356	0.2340489071940356	0.3029625817412846	0.0084130142568229	4.1759196436307295	0.0019970126997557	-0.0019970126997557	shift_excess	0.0210310036855235	0.0029529652566927	middle
cpa_v0.8.8	candidate	HCC1143	NCOA1	0.0110303434230493	0.1079251690022498	0.0271503332677732	nuclear receptor / co-activator	0.0196639035678421	0.3049324623068682	ER stress / UPR	0.0684153685334092	0.877744946907989	0.0889906756399105	0.2243623654098182	0.2243623654098182	0.2918373300326253	0.0039071575713196	1.6312942916912654	-0.0161660097106361	0.0161660097106361	middle	0.0248991192692647	-0.0016261904712875	middle
cpa_v0.8.8	candidate	HCC1143	NPM1	0.012140470759653	0.1144452035969923	0.0278215482592119	ribosome biogenesis / nucleolar	0.0117171466552381	0.3505298279042361	ER stress / UPR	0.0698644170525437	0.8946936082370587	0.093216346931262	0.1993109044963514	0.1993109044963514	0.2659298567787745	0.0074812035133293	3.688200648316474	-0.2486990570176843	0.2486990570176843	Q1_anchor	0.1622748801750765	0.0010094406338762	middle
cpa_v0.8.8	candidate	HCC1143	PA2G4	0.0110447903366113	0.1084860958341822	0.0274218033674608	growth / proliferation	0.0212417505884967	0.3054072147512281	ER stress / UPR	0.0685895333054429	0.8756022977670647	0.0896093718526792	0.2245838670226342	0.2245838670226342	0.2934094792936415	0.0059315461556859	2.723108581584277	-0.1608978437052549	0.1608978437052549	middle	0.0861889371200693	-0.0001858844590862	middle
cpa_v0.8.8	candidate	HCC1143	PARK7	0.0115561725476903	0.1104731084668297	0.0271378114747707	oxidative stress / mitochondrial	0.0077828867820184	0.3260423532239778	ER stress / UPR	0.0696095773938065	0.8932072333239772	0.0918119720933866	0.2134985737450727	0.2134985737450727	0.2815952319860589	0.0061480042391653	2.928387425848147	-0.2182235899354996	0.2182235899354996	middle	0.1318604273725387	-0.0002007712593501	middle
cpa_v0.8.8	candidate	HCC1143	PCBD1	0.0119684760891128	0.1131603521624662	0.027420838898374	metabolism / transcription	0.0084134250491381	0.3439951994392401	ER stress / UPR	0.069879199004448	0.8944523254530264	0.0925188533781004	0.2031400412516244	0.2031400412516244	0.2689539084525568	0.004675198066501	1.9660380677668263	0.0683543828600407	-0.0683543828600407	low_information	0.0111916491629234	-0.0005170578546941	middle
cpa_v0.8.8	candidate	HCC1143	PEX14	0.0130712836560236	0.121483088974044	0.0300438834612324	peroxisome / metabolism	0.0027782319933448	0.3890787979829094	ER stress / UPR	0.0708564469578629	0.9051039224305264	0.0954204968927335	0.1821133593637125	0.1821133593637125	0.2452472285496392	0.0044493142820248	1.9268910846893088	-0.0066559675281558	0.0066559675281558	middle	0.0227993432195642	-0.0010456548514921	middle
cpa_v0.8.8	candidate	HCC1143	PFDN5	0.0111168141342065	0.108625647226374	0.0273071560684095	proteostasis / chaperone	0.0153388914602752	0.3131886401757139	ER stress / UPR	0.0670893738034135	0.8678946364042498	0.0909665192309489	0.2142139439213795	0.2142139439213795	0.290452805631495	0.0102329499993855	4.766008110486418	-1.230578156287104	1.230578156287104	Q1_anchor	0.9694975960688984	-0.0002013030526004	high_shift_low_depmap
cpa_v0.8.8	candidate	HCC1143	PMF1	0.0107565653731652	0.1067681288985834	0.0269436362806212	transcription regulation	0.0113940501869495	0.2971664422772509	ER stress / UPR	0.0680343458416825	0.8650223533484804	0.0910647682664823	0.2289435688643729	0.2289435688643729	0.306443646761166	0.0127756932567781	5.460196344335996	-1.119192133800067	1.119192133800067	Q1_anchor	0.9510487581740272	0.0027909517788656	high_shift_low_depmap
cpa_v0.8.8	candidate	HCC1143	PRDX2	0.0108466156379501	0.1071157893198144	0.0271510090354334	oxidative stress / antioxidant	0.0167601823178913	0.2982388683525046	ER stress / UPR	0.0678733238938218	0.8694079850325921	0.0875246397970151	0.2275804098532141	0.2275804098532141	0.2934716064358355	0.0055213995831513	2.4223981708602773	-0.252200600989717	0.252200600989717	dependency_excess	0.1660158727868937	-0.0009644941944828	middle
cpa_v0.8.8	candidate	HCC1143	PRPF6	0.0137457049754446	0.1274653766803178	0.0321777578158994	RNA processing / spliceosome	0.0012914285116936	0.4140997196762999	ER stress / UPR	0.0706295022728806	0.9015655992078804	0.0979198686597776	0.1705615795347348	0.1705615795347348	0.2364644649755406	0.0154111896961658	6.723676671381678	-1.862027728723321	1.862027728723321	Q1_anchor	1.0	0.0024286466081761	high_shift_low_depmap
cpa_v0.8.8	candidate	HCC1143	RORC	0.011671139848386	0.1106893788974744	0.0272679053175155	nuclear receptor / metabolism	0.0057397374808108	0.3305664630242215	ER stress / UPR	0.0689162859681016	0.8981486755221403	0.0911859147069883	0.2084793639911739	0.2084793639911739	0.275847446449239	0.0045634026869297	1.921562432852684	-0.0824404967576715	0.0824404967576715	middle	0.0451125018855452	-0.0012374039499269	middle
cpa_v0.8.8	candidate	HCC1143	RPS3	0.0113677726764565	0.1095011291568013	0.0274314816716562	ribosomal / translation	0.0089863279438913	0.3261239080206902	ER stress / UPR	0.0665306994679337	0.8799568311151751	0.0928038324061502	0.2040043610164049	0.2040043610164049	0.2845661729291631	0.007860948328555	3.49877472663025	-1.8308395717061807	1.8308395717061807	Q1_anchor	1.0	-0.004995731233292	high_shift_low_depmap
cpa_v0.8.8	candidate	HCC1143	RUVBL2	0.011889912995188	0.1129712236702565	0.0276512803101274	chromatin remodeling	0.0037129738273547	0.3381787703548971	ER stress / UPR	0.0690090009930497	0.8905537348440618	0.0921499304292631	0.2040607129792007	0.2040607129792007	0.2724888091956737	0.0119327730703482	5.345672749772987	-3.079405316707214	3.079405316707214	Q1_anchor	1.0	-0.0059626424193833	high_shift_low_depmap
cpa_v0.8.8	candidate	HCC1143	SMAD1	0.0121136590361272	0.1142960321726967	0.0278475194930567	TGF-beta / BMP signaling	0.0037763379163026	0.34936005224714	ER stress / UPR	0.0698806891205674	0.8957384381868082	0.0932097308156919	0.2000248416242314	0.2000248416242314	0.2668013421000825	0.0045476060135123	1.9146500705205347	-0.0350665523770763	0.0350665523770763	middle	0.0296077539081418	-0.0010620174224982	middle
cpa_v0.8.8	candidate	HCC1143	STAT3	0.0167228266900722	0.1597266804551752	0.0424132193881392	JAK-STAT signaling	0.0249869606707778	0.5403641294574001	ER stress / UPR	0.0746857771637803	0.8797412062958194	0.1048737637517881	0.1382137952768536	0.1382137952768536	0.1940798029230692	0.0045791788860737	2.0256258230145	0.1832408329754175	-0.1832408329754175	low_information	0.0037329167002494	-0.000149439068005	low_shift_high_depmap
cpa_v0.8.8	candidate	HCC1143	TAB3	0.0116118952142779	0.1108085800049467	0.0272815719175044	NF-κB / MAPK signaling	0.0076080708118021	0.3283292251507342	ER stress / UPR	0.0690425286057359	0.8930922116570637	0.0911939017293883	0.2102844441399903	0.2102844441399903	0.2777513993386414	0.0060275444241772	2.656227587222326	0.0976441247104035	-0.0976441247104035	middle	0.0084525379475361	0.000953490748375	middle
cpa_v0.8.8	candidate	HCC1143	TADA3	0.0129687312490582	0.1200117473917412	0.0293485565369084	transcription / chromatin	0.0119194449881792	0.3851855581453554	ER stress / UPR	0.0704595098259812	0.907837305268737	0.0959204904554319	0.1829235503149167	0.1829235503149167	0.2490241091002558	0.0103750807743799	5.1135832829938925	-0.3196085427253	0.3196085427253	Q1_anchor	0.2498577956515995	0.0036171542109612	high_shift_low_depmap
cpa_v0.8.8	candidate	HCC1143	THAP8	0.0172726310208723	0.1654373144307916	0.0441156578735109	transcription regulation	0.0122667194692204	0.5635123419682304	ER stress / UPR	0.075278962588585	0.8782829846959769	0.1063637369455953	0.1335888444353345	0.1335888444353345	0.1887513884329296	0.0050716034302432	2.4487280363408086	0.0324986749282021	-0.0324986749282021	middle	0.0157775614105068	-0.0002653524753134	middle
cpa_v0.8.8	candidate	HCC1143	THRA	0.0118212849839285	0.1120347371303039	0.0273014359104339	nuclear receptor / metabolism	0.0051307182916691	0.3367809868285954	ER stress / UPR	0.0695974180462724	0.8970945351879361	0.0921313337800932	0.2066548313836196	0.2066548313836196	0.2735645341730158	0.0053431820384494	2.3724404917219064	-0.0854627248517602	0.0854627248517602	middle	0.0463338341696651	-0.000469821160215	middle
cpa_v0.8.8	candidate	HCC1143	TMF1	0.0126956917068781	0.118068395773522	0.0289113918838652	transcription regulation	0.0117273996143647	0.3725417242484807	ER stress / UPR	0.071051860785759	0.9030213555755766	0.0950755350110958	0.1907218874049347	0.1907218874049347	0.2552077494215968	0.0058951763799742	2.502337580432542	-0.2262288778701592	0.2262288778701592	middle	0.1394316818255967	-0.0004859054124556	middle
cpa_v0.8.8	candidate	HCC1143	TMSB4X	0.0113761491445657	0.1090519106455661	0.0271003496370243	cytoskeleton / cell motility	0.0103762484088583	0.3178848855013962	ER stress / UPR	0.0685262629750138	0.8905466811382995	0.0901134185312222	0.2155694281183834	0.2155694281183834	0.2834781477234672	0.0039703565382887	1.8624986123191989	0.091112482425534	-0.091112482425534	low_information	0.0090048231316929	-0.0011300563587083	low_shift_high_depmap
cpa_v0.8.8	candidate	HCC1143	UBP1	0.0108408947760203	0.106316576866366	0.0267744246545683	transcription regulation	0.011392711617709	0.2981781793248765	ER stress / UPR	0.06749098989991	0.8744352910869662	0.0876719526765775	0.2263444966117926	0.2263444966117926	0.2940253806468365	0.0046551429363536	1.9683247358074805	0.0714133084074786	-0.0714133084074786	low_information	0.0108785135935251	-0.0005247683260854	middle
cpa_v0.8.8	candidate	HCC1143	VEZF1	0.0151492752645539	0.1420129127888679	0.0369722644054428	transcription regulation	0.0119880224822702	0.4750293216754029	ER stress / UPR	0.0725236484768754	0.8926497858072897	0.1003149322984646	0.1526719407995455	0.1526719407995455	0.2111762952751196	0.0060274132373266	2.8398473940734115	-0.0273314385525012	0.0273314385525012	middle	0.0275909199432945	0.0004490057753968	middle
cpa_v0.8.8	candidate	HCC1143	XBP1	0.0122848909544812	0.1155233998557992	0.028148300438896	ER stress / UPR	0.069978440737999	0.355341096832232	ER stress / UPR	0.069978440737999	0.8975531468484798	0.0937726370809506	0.1969331477890892	0.1969331477890892	0.2638947138873264	0.0045885756847594	2.055446583049452	0.097035867478511	-0.097035867478511	low_information	0.0085039693399301	-0.0004879326856233	middle
cpa_v0.8.8	candidate	HCC1143	YBX1	0.0114601267884417	0.1099066996787806	0.0272061251032058	RNA processing / transcription	0.0099022084878424	0.3221942429816458	ER stress / UPR	0.0691525885823136	0.8924300059336115	0.0910781793115568	0.2146301185966658	0.2146301185966658	0.2826809643422002	0.0077493948528648	3.8245990837962864	-1.377081609330736	1.377081609330736	Q1_anchor	0.9913468022551738	-0.0032760903511849	middle
cpa_v0.8.8	candidate	HCC1143	ZBTB17	0.0129034053708147	0.1202120645562536	0.0297281573114546	transcription regulation	0.011783259262268	0.3805897875930151	ER stress / UPR	0.0713011572125321	0.901795916041341	0.0945294670579862	0.1873438529800443	0.1873438529800443	0.2483762574288293	0.010587215682323	4.928221899857864	-0.636991913780868	0.636991913780868	Q1_anchor	0.7578619386258375	0.0025484506840411	high_shift_low_depmap
cpa_v0.8.8	candidate	HCC1143	ZBTB20	0.0142866372443397	0.1332703039014827	0.0341494303170484	transcription regulation	0.011812434442382	0.4401448563085941	ER stress / UPR	0.0722190985443955	0.9003847308270515	0.0984476677892637	0.1640802965416487	0.1640802965416487	0.2236710627835671	0.0043814448697306	1.889601177535932	0.1050163545153338	-0.1050163545153338	low_information	0.0078803596044426	-0.0006628572937179	low_shift_high_depmap
cpa_v0.8.8	candidate	HCC1143	ZBTB5	0.0125578227626812	0.1177011181912001	0.0289415794012697	transcription regulation	0.0116284955951481	0.3688441549927689	ER stress / UPR	0.0707899281742936	0.8991478285456395	0.0942696504114102	0.1919236816310167	0.1919236816310167	0.2555812506050378	0.0053368219337521	2.288843476575004	-0.1471075087045335	0.1471075087045335	middle	0.0773557703888747	-0.0007249561399313	middle
cpa_v0.8.8	candidate	HCC1143	ZNF131	0.0116999869607658	0.1112864923186457	0.0275347304138503	transcription regulation	0.0117654439604473	0.3288335218505835	ER stress / UPR	0.0693144151928788	0.8963236405310289	0.0915851168153715	0.210788774826838	0.210788774826838	0.2785151474215765	0.0105522037854389	4.608186179220708	-1.08124407956173	1.08124407956173	Q1_anchor	0.9463812533969612	0.0007206062048738	high_shift_low_depmap
cpa_v0.8.8	candidate	HCC1143	ZNF24	0.0127993574480405	0.1189538763875303	0.0292399505672606	transcription regulation	0.0116416965235017	0.3780986267538397	ER stress / UPR	0.0707196542981034	0.9050896979489942	0.0947689585206937	0.1870402304955878	0.1870402304955878	0.2506461325562888	0.0043616307953344	1.8788468529612183	0.0882223029314296	-0.0882223029314296	low_information	0.0092505619875028	-0.0007504457656013	low_shift_high_depmap
cpa_v0.8.8	candidate	HCC1143	ZNF566	0.0127406149082796	0.1189108922217318	0.0293417515752466	transcription regulation	0.0116316182615798	0.375957930638664	ER stress / UPR	0.0704623708489304	0.9016240329976112	0.0948780052183103	0.1874208923568427	0.1874208923568427	0.2523633563391917	0.0044548810181222	2.020865157655443	0.1001260553605671	-0.1001260553605671	low_information	0.0082561267211935	-0.0006091565306257	low_shift_high_depmap
gears_hcc_formal_v1	entrant	HCC1143	ARID1A	0.0276071960103401	0.2577008391031661	0.0689105107284627	chromatin remodeling	0.0058727593821061	0.7645668627073609	cell cycle / replication	0.0891047618880775	0.8857009675686488	0.0355720248229799	0.1165427985886729	0.1165427985886729	0.0465257213698982	0.0073327186787757	3.4463519189121863	-0.330631842036614	0.330631842036614	Q1_anchor	0.2654515287532237	0.0005303062767008	middle
gears_hcc_formal_v1	entrant	HCC1143	BMPR1A	0.0429366752949164	0.385620606907387	0.1020983806731753	TGF-beta / BMP signaling	0.017781347994386	1.3036533166648416	ribosome biogenesis / nucleolar	0.1598305046356554	0.9040286522207006	0.1407049332913287	0.1226020005414879	0.1226020005414879	0.107931250964249	0.0070281282052424	3.162989495400181	-0.3585628390298763	0.3585628390298763	dependency_excess	0.307130270365165	0.0001129969346457	middle
gears_hcc_formal_v1	entrant	HCC1143	CDKN2A	0.0563167644817913	0.5105595141708902	0.130821353052362	cell cycle / replication	0.0722419224277046	1.72871290400278	ribosome biogenesis / nucleolar	0.2315980732239122	0.909196724726298	0.22439740376492	0.1339713914830242	0.1339713914830242	0.1298060558496063	0.0050523230156554	2.084157760547977	0.5380502468314596	-0.5380502468314596	middle	6.198489826465077e-05	0.0017555807543913	middle
gears_hcc_formal_v1	entrant	HCC1143	COMMD6	0.0621833058165616	0.5810595759568262	0.1527836457747345	NF-κB / copper signaling	0.0172365540675836	2.0618122921798725	growth / proliferation	0.2553105689381756	0.9213711821962796	0.3658757840451128	0.1238282310695925	0.1238282310695925	0.177453488580324	0.0045342930040741	1.9629627640817848	-0.2218216265227303	0.2218216265227303	middle	0.1351756293730245	-0.0018290028000756	middle
gears_hcc_formal_v1	entrant	HCC1143	ENY2	0.0735395829188994	0.6475304480291953	0.1683638232135106	transcription / chromatin	0.1117778034905672	2.2796040556096364	growth factor / proliferation	0.1875782349442788	0.9496331738199624	0.2428854738530047	0.0822854453529714	0.0822854453529714	0.1065472195732033	0.0105137437444661	4.81257682403588	-0.2358088308059663	0.2358088308059663	Q1_anchor	0.148881151602389	0.0040940009097656	middle
gears_hcc_formal_v1	entrant	HCC1143	ERC1	0.0498044315271878	0.4357966492064153	0.1112322848812428	synaptic / signaling	0.0183483675489927	1.4272751282702445	cytoskeleton / cell motility	0.127631220866744	0.9303803363698526	0.092629439276252	0.0894229979481418	0.0894229979481418	0.0648994979605034	0.0048784834929897	2.171773525634778	-0.0379118967638982	0.0379118967638982	middle	0.0303840215886299	-0.0007426226695384	middle
gears_hcc_formal_v1	entrant	HCC1143	ETV3	0.0638535937125921	0.5932739725668259	0.1528504840273499	transcription regulation	0.0533009859015091	1.870006268197672	cytoskeleton / cell motility	0.2330184317126913	0.9189721404021128	0.0428272551713325	0.1246083693277009	0.1246083693277009	0.0229021987250394	0.0053871026377591	2.391418251940516	-0.2314760637952857	0.2314760637952857	middle	0.1444988533493548	-0.0010151547990828	middle
gears_hcc_formal_v1	entrant	HCC1143	GON4L	0.0338380789898969	0.3081678968881419	0.0777359555177236	transcription regulation	0.0279266095432221	0.972622006544442	ribosome biogenesis / nucleolar	0.1417452633179063	0.8887921244205205	0.0478219714172182	0.1457352006886033	0.1457352006886033	0.04916809520599	0.0076879048971422	3.3323369388260327	-0.2362581803183601	0.2362581803183601	Q1_anchor	0.1493363288328347	0.0012663486589094	middle
gears_hcc_formal_v1	entrant	HCC1143	HDGF	0.0497235393348173	0.4389693934622798	0.1091270470374724	growth factor / proliferation	0.1106874683236428	1.3890162970127289	ribosome biogenesis / nucleolar	0.1378578483856554	0.9429604499693268	0.1337818179123103	0.0992485463864878	0.0992485463864878	0.09631407363616	0.0039901671750222	1.703063739115492	0.0093193516536966	-0.0093193516536966	low_information	0.0196252078195258	-0.0014403316532318	middle
gears_hcc_formal_v1	entrant	HCC1143	HLX	0.0715940618143532	0.6891820671569513	0.1879791149133488	transcription regulation	0.061382049421407	2.0707615015050065	ribosome biogenesis / nucleolar	0.2107140362060899	0.913917301594187	0.12922197926606	0.1017567865990097	0.1017567865990097	0.0624031203845266	0.0050212083343797	2.1525423051369463	-0.0105503675972533	0.0105503675972533	middle	0.0236239287972883	-0.0004894771149374	middle
gears_hcc_formal_v1	entrant	HCC1143	KLF3	0.0428726932378907	0.372230078641278	0.0947789813290042	transcription regulation	0.0390148032214064	1.2590634229590172	growth / proliferation	0.1379272080754436	0.9268902053924444	0.1887003814038165	0.1095474664423899	0.1095474664423899	0.1498736107831152	0.0053919861225157	2.4761644999238697	-0.0596711039921486	0.0596711039921486	middle	0.0369385703770605	-0.0003169319150876	middle
gears_hcc_formal_v1	entrant	HCC1143	LAMTOR5	0.0354458609276465	0.3086624827034143	0.079146588337598	mTOR / lysosome / signaling	0.0675511806193673	1.0193772678360442	synaptic / signaling	0.087138088084271	0.9321161706207002	0.1093953217211831	0.0854816865489355	0.0854816865489355	0.1073158340615245	0.0093777769035242	4.656042860446887	-0.2080048465520216	0.2080048465520216	shift_excess	0.1226400958971878	0.0030702403622925	middle
gears_hcc_formal_v1	entrant	HCC1143	MAML3	0.0344386504165367	0.3166657249801181	0.0817910735482314	transcription regulation	0.0316277190812478	0.9311107867698084	cytoskeleton / cell motility	0.1298238896831827	0.9085273170377988	0.049070569515973	0.1394290470348488	0.1394290470348488	0.0527011073367624	0.0042930848646172	1.7996119267653603	0.1521238451421929	-0.1521238451421929	low_information	0.0050198572939971	-0.0005611094038771	low_shift_high_depmap
gears_hcc_formal_v1	entrant	HCC1143	MIER1	0.0432073583798818	0.4014105604028829	0.1014850003422606	transcription regulation	0.0332319328855181	1.30722076289582	RNA processing / transcription	0.2189032727883795	0.8760566104695433	0.0544173055472035	0.1674570042044422	0.1674570042044422	0.041628244510633	0.0057833931966825	2.6261656244995977	0.0742152031018489	-0.0742152031018489	middle	0.0105919574277721	0.0006147893143467	middle
gears_hcc_formal_v1	entrant	HCC1143	MTDH	0.03679006619071	0.3146515889044556	0.0757553778796515	signaling / oncogene	0.043405738730093	0.9705020449271958	ribosome biogenesis / nucleolar	0.1150323688782091	0.9130422189073792	0.1592963372525103	0.118528723849148	0.118528723849148	0.1641380748089616	0.0047338690320834	2.296174525630673	0.0581370024256225	-0.0581370024256225	low_information	0.0123435627679496	-0.0004996203460521	middle
gears_hcc_formal_v1	entrant	HCC1143	MYBL1	0.0350870379789935	0.3149691150501685	0.0807976448239604	transcription regulation	0.0276828351332466	1.0512116692114202	ribosome biogenesis / nucleolar	0.1330944835937852	0.8977014295230282	0.059176010656552	0.1266105461839362	0.1266105461839362	0.0562931447488055	0.0084130142568229	4.1759196436307295	0.0019970126997557	-0.0019970126997557	shift_excess	0.0210310036855235	0.0029529652566927	middle
gears_hcc_formal_v1	entrant	HCC1143	NCOA1	0.0686286554620823	0.6415500136497514	0.1705440589343203	nuclear receptor / co-activator	0.0743454213404144	2.2422445513923317	RNA processing / transcription	0.274974554221485	0.8975585916811968	0.2496864523895082	0.12263361462992	0.12263361462992	0.1113555844006686	0.0039071575713196	1.6312942916912654	-0.0161660097106361	0.0161660097106361	middle	0.0248991192692647	-0.0016261904712875	middle
gears_hcc_formal_v1	entrant	HCC1143	NPM1	0.0323187736957216	0.2893770028484493	0.0763521521189969	ribosome biogenesis / nucleolar	0.0900348961151475	0.9406327880396528	cytoskeleton / cell motility	0.1086482667431192	0.9079122397601316	0.0494741832074053	0.1155055066383026	0.1155055066383026	0.0525967028116392	0.0074812035133293	3.688200648316474	-0.2486990570176843	0.2486990570176843	Q1_anchor	0.1622748801750765	0.0010094406338762	middle
gears_hcc_formal_v1	entrant	HCC1143	PA2G4	0.0606304150832112	0.6098713750802477	0.1647894689845893	growth / proliferation	0.3027463294362225	2.0265769971596894	growth / proliferation	0.3027463294362225	0.8692219695329617	0.1626633133895692	0.1493880221972966	0.1493880221972966	0.0802650546303184	0.0059315461556859	2.723108581584277	-0.1608978437052549	0.1608978437052549	middle	0.0861889371200693	-0.0001858844590862	middle
gears_hcc_formal_v1	entrant	HCC1143	PARK7	0.0329816681536752	0.293673005031161	0.0762186341155478	oxidative stress / mitochondrial	0.026923705777796	0.8852684306604367	ribosome biogenesis / nucleolar	0.1149803936279649	0.9034414990539492	0.0868250556470916	0.1298819540443638	0.1298819540443638	0.0980776594307305	0.0061480042391653	2.928387425848147	-0.2182235899354996	0.2182235899354996	middle	0.1318604273725387	-0.0002007712593501	middle
gears_hcc_formal_v1	entrant	HCC1143	PCBD1	0.0733314942972742	0.6779636493913851	0.1684536382901314	metabolism / transcription	0.0779777855068921	2.18783296351093	cytoskeleton / cell motility	0.3492706156268759	0.9212232337058728	0.0995269246580169	0.1596422676923118	0.1596422676923118	0.0454910984147075	0.004675198066501	1.9660380677668263	0.0683543828600407	-0.0683543828600407	low_information	0.0111916491629234	-0.0005170578546941	middle
gears_hcc_formal_v1	entrant	HCC1143	PEX14	0.0386301051266726	0.3441118043357783	0.0892271766031422	peroxisome / metabolism	0.0026373864263023	1.1252941542200725	oxidative stress / mitochondrial	0.1188121540931146	0.9271500775052716	0.2369498882286251	0.1055831967557512	0.1055831967557512	0.2105670658112075	0.0044493142820248	1.9268910846893088	-0.0066559675281558	0.0066559675281558	middle	0.0227993432195642	-0.0010456548514921	middle
gears_hcc_formal_v1	entrant	HCC1143	PFDN5	0.0541270142659729	0.494250738592618	0.1291155719768114	proteostasis / chaperone	0.1343147817117218	1.6492281935324258	ribosome biogenesis / nucleolar	0.2018491565979356	0.904498073298801	0.1451935496337709	0.1223900715434665	0.1223900715434665	0.0880372711327386	0.0102329499993855	4.766008110486418	-1.230578156287104	1.230578156287104	Q1_anchor	0.9694975960688984	-0.0002013030526004	high_shift_low_depmap
gears_hcc_formal_v1	entrant	HCC1143	PMF1	0.0485624257140544	0.4516832016775787	0.1255987634738315	transcription regulation	0.0322149416853059	1.5703288463627354	oxidative stress / mitochondrial	0.1551621659186761	0.9215407167771392	0.333579126482857	0.0988087089389394	0.0988087089389394	0.212426287178961	0.0127756932567781	5.460196344335996	-1.119192133800067	1.119192133800067	Q1_anchor	0.9510487581740272	0.0027909517788656	high_shift_low_depmap
gears_hcc_formal_v1	entrant	HCC1143	PRDX2	0.0501237937774956	0.4627894952900389	0.1233313742432084	oxidative stress / antioxidant	0.1160803914697978	1.524182166910535	ribosome biogenesis / nucleolar	0.1923610508240099	0.9008137247679492	0.1690350003721282	0.1262060762814979	0.1262060762814979	0.1109020982149111	0.0055213995831513	2.4223981708602773	-0.252200600989717	0.252200600989717	dependency_excess	0.1660158727868937	-0.0009644941944828	middle
gears_hcc_formal_v1	entrant	HCC1143	PRPF6	0.0514616947937988	0.4838657324540409	0.1256002544994059	RNA processing / spliceosome	0.0009452447348381	1.6013778277302035	growth / proliferation	0.2397647239064373	0.8876140676428551	0.1814253364857562	0.1497240187509529	0.1497240187509529	0.1132932736697802	0.0154111896961658	6.723676671381678	-1.862027728723321	1.862027728723321	Q1_anchor	1.0	0.0024286466081761	high_shift_low_depmap
gears_hcc_formal_v1	entrant	HCC1143	RORC	0.0373806914972796	0.3442044342749645	0.0856792491832505	nuclear receptor / metabolism	0.0246762291386428	1.014933348513556	ribosome biogenesis / nucleolar	0.1698858082092638	0.8910750835518453	0.0964178867818878	0.1673861721639888	0.1673861721639888	0.0949992301692508	0.0045634026869297	1.921562432852684	-0.0824404967576715	0.0824404967576715	middle	0.0451125018855452	-0.0012374039499269	middle
gears_hcc_formal_v1	entrant	HCC1143	RPS3	0.057972365413751	0.5420531753954368	0.1444189179911504	ribosomal / translation	0.1854616662882864	1.8514256740748227	ribosomal / translation	0.1854616662882864	0.8780904821128601	0.1472584434034392	0.100172353060278	0.100172353060278	0.0795378639636861	0.007860948328555	3.49877472663025	-1.8308395717061807	1.8308395717061807	Q1_anchor	1.0	-0.004995731233292	high_shift_low_depmap
gears_hcc_formal_v1	entrant	HCC1143	RUVBL2	0.0603807115146895	0.5539401546518661	0.1462982091968904	chromatin remodeling	0.0812434323968813	1.806977571551848	growth / proliferation	0.2420400716160931	0.8970040105281972	0.1779388223942645	0.1339474686496672	0.1339474686496672	0.0984731770862264	0.0119327730703482	5.345672749772987	-3.079405316707214	3.079405316707214	Q1_anchor	1.0	-0.0059626424193833	high_shift_low_depmap
gears_hcc_formal_v1	entrant	HCC1143	SMAD1	0.0308308335081824	0.2698400329840151	0.0682762358803434	TGF-beta / BMP signaling	0.0184841053827394	0.8115138786959366	ribosome biogenesis / nucleolar	0.0752953827179307	0.925119504620556	0.0332300934784113	0.092783850892269	0.092783850892269	0.0409482750089382	0.0045476060135123	1.9146500705205347	-0.0350665523770763	0.0350665523770763	middle	0.0296077539081418	-0.0010620174224982	middle
gears_hcc_formal_v1	entrant	HCC1143	STAT3	0.0629445403226056	0.6038209697721333	0.1577384978962063	JAK-STAT signaling	0.0670554123137679	1.7477083956243429	RNA processing / transcription	0.3203077012704352	0.8862188767999749	0.1016133392993082	0.1832729659435034	0.1832729659435034	0.0581409001374101	0.0045791788860737	2.0256258230145	0.1832408329754175	-0.1832408329754175	low_information	0.0037329167002494	-0.000149439068005	low_shift_high_depmap
gears_hcc_formal_v1	entrant	HCC1143	TAB3	0.0504151349118591	0.4336026963890105	0.1079783875139649	NF-κB / MAPK signaling	0.0259087829204142	1.4779750461290442	ribosome biogenesis / nucleolar	0.1700341045654649	0.91359605907173	0.1886449881078766	0.1150453148791653	0.1150453148791653	0.127637464923346	0.0060275444241772	2.656227587222326	0.0976441247104035	-0.0976441247104035	middle	0.0084525379475361	0.000953490748375	middle
gears_hcc_formal_v1	entrant	HCC1143	TADA3	0.0373737738122302	0.3162389244846327	0.0791193987667181	transcription / chromatin	0.0793890500156711	1.0920481843033618	ribosome biogenesis / nucleolar	0.1235350906647081	0.9362271077982524	0.0630895920278594	0.1131223808988918	0.1131223808988918	0.0577718025034816	0.0103750807743799	5.1135832829938925	-0.3196085427253	0.3196085427253	Q1_anchor	0.2498577956515995	0.0036171542109612	high_shift_low_depmap
gears_hcc_formal_v1	entrant	HCC1143	THAP8	0.0492285820052431	0.4158240882084678	0.1045857489436037	transcription regulation	0.0424261675999653	1.3934729820710312	ribosome biogenesis / nucleolar	0.1604725658691759	0.9359106257206644	0.1621405311109588	0.1151601559082083	0.1151601559082083	0.1163571401793377	0.0050716034302432	2.4487280363408086	0.0324986749282021	-0.0324986749282021	middle	0.0157775614105068	-0.0002653524753134	middle
gears_hcc_formal_v1	entrant	HCC1143	THRA	0.0480561929926098	0.40734624805413	0.1008289789738141	nuclear receptor / metabolism	0.0378792311854365	1.4315868112947554	ER stress / UPR	0.1550055792567366	0.9476400087799682	0.3120561276730426	0.108275361321991	0.108275361321991	0.2179791859012817	0.0053431820384494	2.3724404917219064	-0.0854627248517602	0.0854627248517602	middle	0.0463338341696651	-0.000469821160215	middle
gears_hcc_formal_v1	entrant	HCC1143	TMF1	0.0421203965905027	0.3643551373290812	0.0939621713803117	transcription regulation	0.031814610579669	1.287115058737595	ribosome biogenesis / nucleolar	0.1457812130249376	0.9345317982533662	0.1801693864347503	0.1132619900880657	0.1132619900880657	0.1399792390056105	0.0058951763799742	2.502337580432542	-0.2262288778701592	0.2262288778701592	middle	0.1394316818255967	-0.0004859054124556	middle
gears_hcc_formal_v1	entrant	HCC1143	TMSB4X	0.0754521028961027	0.6587089836320386	0.1590842030182976	cytoskeleton / cell motility	0.2847781515613241	2.221161626841682	cytoskeleton / cell motility	0.2847781515613241	0.93879493869563	0.1252473031338579	0.1282113593715628	0.1282113593715628	0.0563881986886068	0.0039703565382887	1.8624986123191989	0.091112482425534	-0.091112482425534	low_information	0.0090048231316929	-0.0011300563587083	low_shift_high_depmap
gears_hcc_formal_v1	entrant	HCC1143	UBP1	0.0402851157847699	0.3518946078357531	0.0881189553094113	transcription regulation	0.0362651289916484	1.1358066566371274	signaling / oncogene	0.0992725762316188	0.8912134843744411	0.2276101743039019	0.0874027068352838	0.0874027068352838	0.2003951755114777	0.0046551429363536	1.9683247358074805	0.0714133084074786	-0.0714133084074786	low_information	0.0108785135935251	-0.0005247683260854	middle
gears_hcc_formal_v1	entrant	HCC1143	VEZF1	0.0325799032886125	0.2988425192352456	0.0762571633628591	transcription regulation	0.0271108081226824	0.8991180035728824	ribosome biogenesis / nucleolar	0.1229728996551866	0.8962978364271758	0.0552018709661528	0.1367705898074795	0.1367705898074795	0.0613955796088986	0.0060274132373266	2.8398473940734115	-0.0273314385525012	0.0273314385525012	middle	0.0275909199432945	0.0004490057753968	middle
gears_hcc_formal_v1	entrant	HCC1143	XBP1	0.0407567197911203	0.3655905068004648	0.0955426924925468	ER stress / UPR	0.0369416525599592	1.173982556020509	growth / proliferation	0.1228971816395916	0.941980619820195	0.0987329754821955	0.1046839929684991	0.1046839929684991	0.0841008880207506	0.0045885756847594	2.055446583049452	0.097035867478511	-0.097035867478511	low_information	0.0085039693399301	-0.0004879326856233	middle
gears_hcc_formal_v1	entrant	HCC1143	YBX1	0.0643392059171838	0.6536630650506798	0.1673227798454774	RNA processing / transcription	0.4064893418954352	2.094407986162434	RNA processing / transcription	0.4064893418954352	0.8504348135976312	0.1983116799177785	0.1940831703188079	0.1940831703188079	0.0946862699283072	0.0077493948528648	3.8245990837962864	-1.377081609330736	1.377081609330736	Q1_anchor	0.9913468022551738	-0.0032760903511849	middle
gears_hcc_formal_v1	entrant	HCC1143	ZBTB17	0.0743264632325383	0.6590587019241316	0.1686782730992204	transcription regulation	0.0492918753549663	2.368766553119666	oxidative stress / mitochondrial	0.2230721218970697	0.9226675616538288	0.4484490190800556	0.0941722693624172	0.0941722693624172	0.1893175241306274	0.010587215682323	4.928221899857864	-0.636991913780868	0.636991913780868	Q1_anchor	0.7578619386258375	0.0025484506840411	high_shift_low_depmap
gears_hcc_formal_v1	entrant	HCC1143	ZBTB20	0.0644760148173022	0.698650046383243	0.1752143426651007	transcription regulation	0.0539118731738001	1.967486571970796	RNA processing / transcription	0.4723958665536383	0.8227627923553672	0.0914601617636342	0.2401011896515501	0.2401011896515501	0.046485787027263	0.0043814448697306	1.889601177535932	0.1050163545153338	-0.1050163545153338	low_information	0.0078803596044426	-0.0006628572937179	low_shift_high_depmap
gears_hcc_formal_v1	entrant	HCC1143	ZBTB5	0.035891151234575	0.3105135366234788	0.0809194526869488	transcription regulation	0.0340118518261269	0.954945313816704	ribosome biogenesis / nucleolar	0.1006891071594591	0.9081271568104788	0.0655133790192939	0.1054396578554086	0.1054396578554086	0.0686043253696397	0.0053368219337521	2.288843476575004	-0.1471075087045335	0.1471075087045335	middle	0.0773557703888747	-0.0007249561399313	middle
gears_hcc_formal_v1	entrant	HCC1143	ZNF131	0.0702370179522152	0.6061542426958642	0.1546373169606424	transcription regulation	0.0580769417721677	2.1481660553075685	signaling / oncogene	0.2447298439928493	0.9231286347900076	0.3306141530331499	0.1139250121694198	0.1139250121694198	0.153905305512247	0.0105522037854389	4.608186179220708	-1.08124407956173	1.08124407956173	Q1_anchor	0.9463812533969612	0.0007206062048738	high_shift_low_depmap
gears_hcc_formal_v1	entrant	HCC1143	ZNF24	0.0725881970907066	0.6856847175354764	0.185328626830342	transcription regulation	0.0647223952492237	2.094465234307054	mTOR / lysosome / signaling	0.2240942566577279	0.8922067522562889	0.0639295253746211	0.1069935432620674	0.1069935432620674	0.0305230778374662	0.0043616307953344	1.8788468529612183	0.0882223029314296	-0.0882223029314296	low_information	0.0092505619875028	-0.0007504457656013	low_shift_high_depmap
gears_hcc_formal_v1	entrant	HCC1143	ZNF566	0.0415287717879571	0.3670101940463003	0.0928244291474248	transcription regulation	0.0370752156474086	1.191789310592588	RNA processing / transcription	0.132680624167774	0.9228025123272924	0.1492491040222346	0.1113289261688391	0.1113289261688391	0.1252311148419548	0.0044548810181222	2.020865157655443	0.1001260553605671	-0.1001260553605671	low_information	0.0082561267211935	-0.0006091565306257	low_shift_high_depmap
geneformer_hcc_formal_v1	entrant	HCC1143	ARID1A	0.0207918237014275	0.204413270276342	0.0541022413360335	chromatin remodeling	0.0229808247974473	0.6801636640328153	ribosomal / translation	0.0928759733504186	0.9003616780149999	0.1600560441931883	0.1365494487014197	0.1365494487014197	0.2353198982200646	0.0073327186787757	3.4463519189121863	-0.330631842036614	0.330631842036614	Q1_anchor	0.2654515287532237	0.0005303062767008	middle
geneformer_hcc_formal_v1	entrant	HCC1143	BMPR1A	0.0121727990542543	0.1154096903982064	0.0307336843881978	TGF-beta / BMP signaling	0.0090263583024619	0.4066180877143578	ribosome biogenesis / nucleolar	0.0428862178608857	0.907106420327374	0.0533419364646303	0.1054705119045577	0.1054705119045577	0.131184367041985	0.0070281282052424	3.162989495400181	-0.3585628390298763	0.3585628390298763	dependency_excess	0.307130270365165	0.0001129969346457	middle
geneformer_hcc_formal_v1	entrant	HCC1143	CDKN2A	0.0163446653211644	0.1685956309084811	0.0444659185331714	cell cycle / replication	0.0041112402336456	0.5304430561376303	oxidative stress / mitochondrial	0.1006498035744561	0.8796502364250954	0.1710044970720147	0.1897466700899581	0.1897466700899581	0.3223804988930713	0.0050523230156554	2.084157760547977	0.5380502468314596	-0.5380502468314596	middle	6.198489826465077e-05	0.0017555807543913	middle
geneformer_hcc_formal_v1	entrant	HCC1143	COMMD6	0.0178369061870954	0.1810976293845148	0.0494052900069143	NF-κB / copper signaling	0.0186788905152597	0.61418987375838	oxidative stress / mitochondrial	0.0761339359096783	0.8803527474626203	0.1582995576455536	0.1239583053426066	0.1239583053426066	0.257737166321026	0.0045342930040741	1.9629627640817848	-0.2218216265227303	0.2218216265227303	middle	0.1351756293730245	-0.0018290028000756	middle
geneformer_hcc_formal_v1	entrant	HCC1143	ENY2	0.0113985634372903	0.1101636392504612	0.0307234948975857	transcription / chromatin	0.0122273195523097	0.3600356474492971	ribosome biogenesis / nucleolar	0.038442740811053	0.8759396076486775	0.041757511008589	0.1067748182253725	0.1067748182253725	0.115981601556467	0.0105137437444661	4.81257682403588	-0.2358088308059663	0.2358088308059663	Q1_anchor	0.148881151602389	0.0040940009097656	middle
geneformer_hcc_formal_v1	entrant	HCC1143	ERC1	0.0153711799012299	0.1548047511239263	0.0400245357649192	synaptic / signaling	0.0149220818614609	0.4717706231223927	oxidative stress / mitochondrial	0.0677775574393831	0.9016827563387996	0.1371153292376835	0.1436663372356684	0.1436663372356684	0.2906398205343771	0.0048784834929897	2.171773525634778	-0.0379118967638982	0.0379118967638982	middle	0.0303840215886299	-0.0007426226695384	middle
geneformer_hcc_formal_v1	entrant	HCC1143	ETV3	0.0167761434517476	0.1679008865592386	0.0440776803688163	transcription regulation	0.0111525115196529	0.5323596661859064	oxidative stress / mitochondrial	0.0916890359766102	0.8941936007274843	0.1521875107250984	0.1722313725108379	0.1722313725108379	0.2858734806403472	0.0053871026377591	2.391418251940516	-0.2314760637952857	0.2314760637952857	middle	0.1444988533493548	-0.0010151547990828	middle
geneformer_hcc_formal_v1	entrant	HCC1143	GON4L	0.0109142612287916	0.1027130809042524	0.0277964288362818	transcription regulation	0.007452985770031	0.3372538986490034	ribosome biogenesis / nucleolar	0.0389850797194759	0.9229741225665136	0.0347182790659491	0.1155956384066877	0.1155956384066877	0.1029440406916751	0.0076879048971422	3.3323369388260327	-0.2362581803183601	0.2362581803183601	Q1_anchor	0.1493363288328347	0.0012663486589094	middle
geneformer_hcc_formal_v1	entrant	HCC1143	HDGF	0.0225744834992011	0.2288791087067841	0.0620821028935727	growth factor / proliferation	0.0058969623023112	0.7117897205413016	ribosomal / translation	0.1003536015642141	0.8873662075283821	0.0860135911001426	0.1409877084033993	0.1409877084033993	0.1208412943006974	0.0039901671750222	1.703063739115492	0.0093193516536966	-0.0093193516536966	low_information	0.0196252078195258	-0.0014403316532318	middle
geneformer_hcc_formal_v1	entrant	HCC1143	HLX	0.0145509698670828	0.1470752933415291	0.03734470131736	transcription regulation	0.0100542859471154	0.4608661416287187	oxidative stress / mitochondrial	0.0885787364852963	0.8919898421124374	0.1512230036758229	0.1922005729738696	0.1922005729738696	0.3281278228454686	0.0050212083343797	2.1525423051369463	-0.0105503675972533	0.0105503675972533	middle	0.0236239287972883	-0.0004894771149374	middle
geneformer_hcc_formal_v1	entrant	HCC1143	KLF3	0.0086845351467379	0.0885163780899641	0.0232535812480308	transcription regulation	0.006675379130485	0.2666213507327726	oxidative stress / antioxidant	0.0293556750334703	0.92047131211093	0.0607870847277774	0.1101024916151321	0.1101024916151321	0.2279903112061819	0.0053919861225157	2.4761644999238697	-0.0596711039921486	0.0596711039921486	middle	0.0369385703770605	-0.0003169319150876	middle
geneformer_hcc_formal_v1	entrant	HCC1143	LAMTOR5	0.0098755133536964	0.1000210758248314	0.0266178722112707	mTOR / lysosome / signaling	0.0243898476429177	0.3237544050231846	cytoskeleton / cell motility	0.0295241643183397	0.907412801787204	0.0578188925649632	0.0911930891449196	0.0911930891449196	0.1785887440228737	0.0093777769035242	4.656042860446887	-0.2080048465520216	0.2080048465520216	shift_excess	0.1226400958971878	0.0030702403622925	middle
geneformer_hcc_formal_v1	entrant	HCC1143	MAML3	0.0144011602689921	0.1412798323724731	0.0377654137408842	transcription regulation	0.010415214243226	0.4427700300077413	oxidative stress / mitochondrial	0.0607835957269633	0.9061566690257192	0.1307442308175297	0.1372802845890463	0.1372802845890463	0.2952869931491158	0.0042930848646172	1.7996119267653603	0.1521238451421929	-0.1521238451421929	low_information	0.0050198572939971	-0.0005611094038771	low_shift_high_depmap
geneformer_hcc_formal_v1	entrant	HCC1143	MIER1	0.0289186736968467	0.2924682427242761	0.074958022217734	transcription regulation	0.0166192190172005	0.974684584529677	oxidative stress / mitochondrial	0.1551481905770035	0.9099899581930884	0.296784430596908	0.1591778438271582	0.1591778438271582	0.3044927921375898	0.0057833931966825	2.6261656244995977	0.0742152031018489	-0.0742152031018489	middle	0.0105919574277721	0.0006147893143467	middle
geneformer_hcc_formal_v1	entrant	HCC1143	MTDH	0.0157624171853581	0.1775827139319183	0.0406981532386387	signaling / oncogene	0.044565143296371	0.5165972674914422	growth factor / proliferation	0.1332019606580418	0.8548992279633381	0.0520247219193058	0.2578448804130548	0.2578448804130548	0.1007065371675966	0.0047338690320834	2.296174525630673	0.0581370024256225	-0.0581370024256225	low_information	0.0123435627679496	-0.0004996203460521	middle
geneformer_hcc_formal_v1	entrant	HCC1143	MYBL1	0.0090464112463749	0.0850696592985624	0.0224306212676845	transcription regulation	0.0049692407741484	0.3103789604402503	ribosome biogenesis / nucleolar	0.0356785872682677	0.9045348314779826	0.0194718386249466	0.1149516939474898	0.1149516939474898	0.0627356912250984	0.0084130142568229	4.1759196436307295	0.0019970126997557	-0.0019970126997557	shift_excess	0.0210310036855235	0.0029529652566927	middle
geneformer_hcc_formal_v1	entrant	HCC1143	NCOA1	0.011077768779079	0.110009219384165	0.0306590478427642	nuclear receptor / co-activator	0.0006304238758806	0.3671537457956819	ribosomal / translation	0.0424201857330032	0.8869075858844677	0.0571001309161025	0.1155379353166389	0.1155379353166389	0.1555210359963977	0.0039071575713196	1.6312942916912654	-0.0161660097106361	0.0161660097106361	middle	0.0248991192692647	-0.0016261904712875	middle
geneformer_hcc_formal_v1	entrant	HCC1143	NPM1	0.0144648913909892	0.1512078012993907	0.0381987897463773	ribosome biogenesis / nucleolar	0.0243941210951863	0.4409865668590627	ribosomal / translation	0.0648799149339748	0.8901947296467171	0.0552989338086684	0.1471244700174963	0.1471244700174963	0.125398227439299	0.0074812035133293	3.688200648316474	-0.2486990570176843	0.2486990570176843	Q1_anchor	0.1622748801750765	0.0010094406338762	middle
geneformer_hcc_formal_v1	entrant	HCC1143	PA2G4	0.0104144161343817	0.1069470133215303	0.0292301626901902	growth / proliferation	0.007619064466688	0.3424607538221052	oxidative stress / mitochondrial	0.0387829089787611	0.8995667465747033	0.0762358615341736	0.1132477475036665	0.1132477475036665	0.2226119655561323	0.0059315461556859	2.723108581584277	-0.1608978437052549	0.1608978437052549	middle	0.0861889371200693	-0.0001858844590862	middle
geneformer_hcc_formal_v1	entrant	HCC1143	PARK7	0.0166542419237103	0.1848258458959679	0.0476961083842506	oxidative stress / mitochondrial	0.0032082141733244	0.518334725650843	growth factor / proliferation	0.1081837845946172	0.8483567469328591	0.0298726738445138	0.2087141363310687	0.2087141363310687	0.0576320133809372	0.0061480042391653	2.928387425848147	-0.2182235899354996	0.2182235899354996	middle	0.1318604273725387	-0.0002007712593501	middle
geneformer_hcc_formal_v1	entrant	HCC1143	PCBD1	0.016753294072139	0.1675886571100438	0.0439963012132068	metabolism / transcription	0.0310607343665893	0.531701163611097	oxidative stress / mitochondrial	0.0913944575137377	0.8946076142130208	0.1515410305575955	0.1718906479215202	0.1718906479215202	0.285011658670052	0.004675198066501	1.9660380677668263	0.0683543828600407	-0.0683543828600407	low_information	0.0111916491629234	-0.0005170578546941	middle
geneformer_hcc_formal_v1	entrant	HCC1143	PEX14	0.0168413105087619	0.1687277271556059	0.0442863132573231	peroxisome / metabolism	0.025375175692688	0.5336967854595804	oxidative stress / mitochondrial	0.0922771902127606	0.893220569666765	0.1535793870104355	0.1729019037154182	0.1729019037154182	0.2877652464745205	0.0044493142820248	1.9268910846893088	-0.0066559675281558	0.0066559675281558	middle	0.0227993432195642	-0.0010456548514921	middle
geneformer_hcc_formal_v1	entrant	HCC1143	PFDN5	0.0202291961930299	0.1925807202215728	0.0517013254896073	proteostasis / chaperone	0.0166424438040607	0.6171249859052707	oxidative stress / mitochondrial	0.0754539359302945	0.900046257532819	0.1737579912817751	0.1222668627160021	0.1222668627160021	0.281560454122412	0.0102329499993855	4.766008110486418	-1.230578156287104	1.230578156287104	Q1_anchor	0.9694975960688984	-0.0002013030526004	high_shift_low_depmap
geneformer_hcc_formal_v1	entrant	HCC1143	PMF1	0.0166736112014823	0.1663841442106161	0.0436514560551628	transcription regulation	0.0110484456939612	0.5291372417634738	oxidative stress / mitochondrial	0.0902212669897017	0.896495937240763	0.1491174486047884	0.1705063636969082	0.1705063636969082	0.2818124237632936	0.0127756932567781	5.460196344335996	-1.119192133800067	1.119192133800067	Q1_anchor	0.9510487581740272	0.0027909517788656	high_shift_low_depmap
geneformer_hcc_formal_v1	entrant	HCC1143	PRDX2	0.0149881261673833	0.167715254753715	0.043900688809337	oxidative stress / antioxidant	0.0044546154115853	0.4542671545969979	ribosomal / translation	0.0769739324687903	0.8682339544761739	0.0223294864975137	0.169446396662945	0.169446396662945	0.0491549659083832	0.0055213995831513	2.4223981708602773	-0.252200600989717	0.252200600989717	dependency_excess	0.1660158727868937	-0.0009644941944828	middle
geneformer_hcc_formal_v1	entrant	HCC1143	PRPF6	0.0169440200536375	0.1617022543969171	0.041857538238099	RNA processing / spliceosome	0.0075306144438018	0.5286985759100629	oxidative stress / mitochondrial	0.0806912237112455	0.915475099549622	0.135537175092972	0.152622358727465	0.152622358727465	0.2563600154580866	0.0154111896961658	6.723676671381678	-1.862027728723321	1.862027728723321	Q1_anchor	1.0	0.0024286466081761	high_shift_low_depmap
geneformer_hcc_formal_v1	entrant	HCC1143	RORC	0.0147510998832279	0.147749107253534	0.0388801521842006	nuclear receptor / metabolism	0.0073873822047295	0.4634378659413974	oxidative stress / mitochondrial	0.0841291983950921	0.8888993462053009	0.1443475448918575	0.1815328538685494	0.1815328538685494	0.3114711927965562	0.0045634026869297	1.921562432852684	-0.0824404967576715	0.0824404967576715	middle	0.0451125018855452	-0.0012374039499269	middle
geneformer_hcc_formal_v1	entrant	HCC1143	RPS3	0.0177374503557241	0.2849264364880771	0.0569310654131765	ribosomal / translation	0.086762651383663	0.6363075392887518	growth / proliferation	0.2468708907183585	0.7202736261980672	0.0195527995001653	0.3879741720399925	0.3879741720399925	0.0307285365847164	0.007860948328555	3.49877472663025	-1.8308395717061807	1.8308395717061807	Q1_anchor	1.0	-0.004995731233292	high_shift_low_depmap
geneformer_hcc_formal_v1	entrant	HCC1143	RUVBL2	0.0171926758564037	0.1901276487291124	0.0476001696386033	chromatin remodeling	0.0248343771405702	0.5778189379795491	oxidative stress / mitochondrial	0.1342449310377114	0.8582400802196581	0.2048084027430021	0.2323304450821976	0.2323304450821976	0.3544508310149069	0.0119327730703482	5.345672749772987	-3.079405316707214	3.079405316707214	Q1_anchor	1.0	-0.0059626424193833	high_shift_low_depmap
geneformer_hcc_formal_v1	entrant	HCC1143	SMAD1	0.016722953095183	0.1672437198445662	0.0439226722564988	TGF-beta / BMP signaling	0.0079596539716572	0.5308475959794505	oxidative stress / mitochondrial	0.0910273920133059	0.8948405302597462	0.1506630085350468	0.1714755660621464	0.1714755660621464	0.2838159382770927	0.0045476060135123	1.9146500705205347	-0.0350665523770763	0.0350665523770763	middle	0.0296077539081418	-0.0010620174224982	middle
geneformer_hcc_formal_v1	entrant	HCC1143	STAT3	0.0228608313558076	0.2520916638726642	0.0684475531095928	JAK-STAT signaling	0.0455623644828794	0.7388688739885864	oxidative stress / mitochondrial	0.1124401249145565	0.882352344323643	0.1563340986725769	0.1521787273397761	0.1521787273397761	0.2115857145648172	0.0045791788860737	2.0256258230145	0.1832408329754175	-0.1832408329754175	low_information	0.0037329167002494	-0.000149439068005	low_shift_high_depmap
geneformer_hcc_formal_v1	entrant	HCC1143	TAB3	0.0121752483842245	0.1154734321462673	0.0307409139020136	NF-κB / MAPK signaling	0.0001484441164118	0.4068843718293646	ribosome biogenesis / nucleolar	0.0429100395237617	0.9072756105664568	0.0533310627002664	0.1054600335983337	0.1054600335983337	0.1310717894140006	0.0060275444241772	2.656227587222326	0.0976441247104035	-0.0976441247104035	middle	0.0084525379475361	0.000953490748375	middle
geneformer_hcc_formal_v1	entrant	HCC1143	TADA3	0.016791699459157	0.1680711375757358	0.0441174642536602	transcription / chromatin	0.0112599410612151	0.5324994234672021	oxidative stress / mitochondrial	0.0917448832183123	0.8940639709303606	0.1523723185689386	0.1722910470417872	0.1722910470417872	0.2861455089975765	0.0103750807743799	5.1135832829938925	-0.3196085427253	0.3196085427253	Q1_anchor	0.2498577956515995	0.0036171542109612	high_shift_low_depmap
geneformer_hcc_formal_v1	entrant	HCC1143	THAP8	0.0161905182422525	0.1645862439173926	0.0436104562102543	transcription regulation	0.0109583985197268	0.5225749943858681	oxidative stress / mitochondrial	0.1006523089645757	0.8826014940335237	0.1790676586518003	0.1926083529558521	0.1926083529558521	0.3426640397561334	0.0050716034302432	2.4487280363408086	0.0324986749282021	-0.0324986749282021	middle	0.0157775614105068	-0.0002653524753134	middle
geneformer_hcc_formal_v1	entrant	HCC1143	THRA	0.014828247090471	0.1486998408241816	0.0391253085242264	nuclear receptor / metabolism	0.0074472938482087	0.465654832680906	oxidative stress / mitochondrial	0.0849563020633896	0.8880064810373389	0.1462713242186938	0.1824447983805348	0.1824447983805348	0.314119631007733	0.0053431820384494	2.3724404917219064	-0.0854627248517602	0.0854627248517602	middle	0.0463338341696651	-0.000469821160215	middle
geneformer_hcc_formal_v1	entrant	HCC1143	TMF1	0.0171940723719697	0.1569518283365272	0.0420090995743497	transcription regulation	0.0110684972264815	0.5748377080848259	ribosome biogenesis / nucleolar	0.0656913967862393	0.9161444179759496	0.0733542455784106	0.1142781621009204	0.1142781621009204	0.1276086181311997	0.0058951763799742	2.502337580432542	-0.2262288778701592	0.2262288778701592	middle	0.1394316818255967	-0.0004859054124556	middle
geneformer_hcc_formal_v1	entrant	HCC1143	TMSB4X	0.0142695873888301	0.1625092258881056	0.0416859553691373	cytoskeleton / cell motility	0.0108289454154904	0.493859315527187	ribosomal / translation	0.0938793374118014	0.8641700451040839	0.0454669133441835	0.1900932805359491	0.1900932805359491	0.0920645048390924	0.0039703565382887	1.8624986123191989	0.091112482425534	-0.091112482425534	low_information	0.0090048231316929	-0.0011300563587083	low_shift_high_depmap
geneformer_hcc_formal_v1	entrant	HCC1143	UBP1	0.0126405437453123	0.1609826722436079	0.0369689704349927	transcription regulation	0.0067986537461424	0.4008551938570405	ribosomal / translation	0.1101424763859231	0.8196967482228077	0.0303290190234239	0.2747687396192348	0.2747687396192348	0.0756607859601298	0.0046551429363536	1.9683247358074805	0.0714133084074786	-0.0714133084074786	low_information	0.0108785135935251	-0.0005247683260854	middle
geneformer_hcc_formal_v1	entrant	HCC1143	VEZF1	0.010515241924163	0.0969742995168428	0.0259219218717636	transcription regulation	0.0069811007424567	0.3344331984680484	ribosome biogenesis / nucleolar	0.0363871192079638	0.9255768720141498	0.0461501154159885	0.1088023538770784	0.1088023538770784	0.137995018519065	0.0060274132373266	2.8398473940734115	-0.0273314385525012	0.0273314385525012	middle	0.0275909199432945	0.0004490057753968	middle
geneformer_hcc_formal_v1	entrant	HCC1143	XBP1	0.0236728690983886	0.2622412278139175	0.0684560424434656	ER stress / UPR	0.0192420009938924	0.780114531063387	oxidative stress / mitochondrial	0.1098258955711156	0.8906125513890967	0.1734361756096318	0.1407817585725651	0.1407817585725651	0.2223214267951375	0.0045885756847594	2.055446583049452	0.097035867478511	-0.097035867478511	low_information	0.0085039693399301	-0.0004879326856233	middle
geneformer_hcc_formal_v1	entrant	HCC1143	YBX1	0.0216369143285795	0.2396992350487366	0.059898935302072	RNA processing / transcription	0.0735061884343805	0.7098016783953773	chromatin remodeling	0.0807923488774213	0.9216961723686804	0.1424152115278124	0.1138238346520476	0.1138238346520476	0.2006408492154671	0.0077493948528648	3.8245990837962864	-1.377081609330736	1.377081609330736	Q1_anchor	0.9913468022551738	-0.0032760903511849	middle
geneformer_hcc_formal_v1	entrant	HCC1143	ZBTB17	0.010971193175959	0.1081651829092281	0.0283065303865884	transcription regulation	0.0058855105646082	0.3691725319675352	ribosome biogenesis / nucleolar	0.0470689705860132	0.9125123887245388	0.0366407766046308	0.1274985718334873	0.1274985718334873	0.0992510911073226	0.010587215682323	4.928221899857864	-0.636991913780868	0.636991913780868	Q1_anchor	0.7578619386258375	0.0025484506840411	high_shift_low_depmap
geneformer_hcc_formal_v1	entrant	HCC1143	ZBTB20	0.0142457918292142	0.1617753255694121	0.0419770938545203	transcription regulation	0.0083949955740755	0.4382403466627036	ribosomal / translation	0.0913318561371367	0.8386121343076585	0.0523470072698448	0.2084058595532082	0.2084058595532082	0.1194481696367729	0.0043814448697306	1.889601177535932	0.1050163545153338	-0.1050163545153338	low_information	0.0078803596044426	-0.0006628572937179	low_shift_high_depmap
geneformer_hcc_formal_v1	entrant	HCC1143	ZBTB5	0.0159644525964749	0.1650205071497546	0.0439022447614179	transcription regulation	0.0117130440085854	0.4747733773039889	oxidative stress / mitochondrial	0.0808754438316805	0.8687815619697078	0.1311566118949422	0.1703453641207379	0.1703453641207379	0.2762509823944171	0.0053368219337521	2.288843476575004	-0.1471075087045335	0.1471075087045335	middle	0.0773557703888747	-0.0007249561399313	middle
geneformer_hcc_formal_v1	entrant	HCC1143	ZNF131	0.0187761028838245	0.187349740551047	0.0473900128745916	transcription regulation	0.012455075340135	0.6000178794204741	oxidative stress / mitochondrial	0.1068724088631761	0.8946232993801171	0.1793472291940018	0.1781153737725258	0.1781153737725258	0.2989031416317526	0.0105522037854389	4.608186179220708	-1.08124407956173	1.08124407956173	Q1_anchor	0.9463812533969612	0.0007206062048738	high_shift_low_depmap
geneformer_hcc_formal_v1	entrant	HCC1143	ZNF24	0.014786463531477	0.1551194974866408	0.0417241468772276	transcription regulation	0.0092628372555175	0.4869174494085529	oxidative stress / mitochondrial	0.0867685360754874	0.8782540615703186	0.1748888503760084	0.1781996849381411	0.1781996849381411	0.3591755657728876	0.0043616307953344	1.8788468529612183	0.0882223029314296	-0.0882223029314296	low_information	0.0092505619875028	-0.0007504457656013	low_shift_high_depmap
geneformer_hcc_formal_v1	entrant	HCC1143	ZNF566	0.0163442335687374	0.1686163707605013	0.044470841573504	transcription regulation	0.0109802495617894	0.5301486889694521	oxidative stress / mitochondrial	0.1005879452330596	0.8794940706477793	0.170911510257828	0.189735346565868	0.189735346565868	0.3223841043350692	0.0044548810181222	2.020865157655443	0.1001260553605671	-0.1001260553605671	low_information	0.0082561267211935	-0.0006091565306257	low_shift_high_depmap
scgen_hcc_formal_v1	entrant	HCC1143	ARID1A	0.0563282652129776	0.6223255158312025	0.1815364176766127	chromatin remodeling	0.072754760093835	2.104017229222984	oxidative stress / mitochondrial	0.2683816501669274	0.8549625803156047	0.3882552234455458	0.1275567739842325	0.1275567739842325	0.184530439225029	0.0073327186787757	3.4463519189121863	-0.330631842036614	0.330631842036614	Q1_anchor	0.2654515287532237	0.0005303062767008	middle
scgen_hcc_formal_v1	entrant	HCC1143	BMPR1A	0.0492652438642813	0.5218275580708269	0.1462722329410141	TGF-beta / BMP signaling	0.0206013718639349	1.830000883056241	ribosomal / translation	0.2186228392000924	0.8792789516035026	0.3391606250327509	0.1194659747021408	0.1194659747021408	0.1853335854496019	0.0070281282052424	3.162989495400181	-0.3585628390298763	0.3585628390298763	dependency_excess	0.307130270365165	0.0001129969346457	middle
scgen_hcc_formal_v1	entrant	HCC1143	CDKN2A	0.0507873879900455	0.5008740288940876	0.1399477977605082	cell cycle / replication	0.0166282264443689	1.9198307781389603	ribosomal / translation	0.2037811336394082	0.907086817397596	0.2838457192318416	0.1061453623724841	0.1061453623724841	0.1478493430066763	0.0050523230156554	2.084157760547977	0.5380502468314596	-0.5380502468314596	middle	6.198489826465077e-05	0.0017555807543913	middle
scgen_hcc_formal_v1	entrant	HCC1143	COMMD6	0.0608734920267457	0.6978584272241855	0.1973126000097059	NF-κB / copper signaling	0.4041430743518742	2.428969992981944	NF-κB / copper signaling	0.4041430743518742	0.8588888480847015	0.2733705406881524	0.1663845479851831	0.1663845479851831	0.1125458698452453	0.0045342930040741	1.9629627640817848	-0.2218216265227303	0.2218216265227303	middle	0.1351756293730245	-0.0018290028000756	middle
scgen_hcc_formal_v1	entrant	HCC1143	ENY2	0.0811919464622708	1.0729057537933542	0.2890368502184765	transcription / chromatin	0.3840642753337772	2.972754032505108	transcription / chromatin	0.3840642753337772	0.8180072882510688	0.4023409347495739	0.1291947706181834	0.1291947706181834	0.1353428270049391	0.0105137437444661	4.81257682403588	-0.2358088308059663	0.2358088308059663	Q1_anchor	0.148881151602389	0.0040940009097656	middle
scgen_hcc_formal_v1	entrant	HCC1143	ERC1	0.0554724991438572	0.5883089527917809	0.1696265767315088	synaptic / signaling	0.0808383677897671	2.2028427882787587	ribosomal / translation	0.2307207568603195	0.8862429902526711	0.3195321908866817	0.1047377316656348	0.1047377316656348	0.1450544689738642	0.0048784834929897	2.171773525634778	-0.0379118967638982	0.0379118967638982	middle	0.0303840215886299	-0.0007426226695384	middle
scgen_hcc_formal_v1	entrant	HCC1143	ETV3	0.0469839676037438	0.4828624236768481	0.1418344593391296	transcription regulation	0.0183217755094097	1.7602119754493382	RNA processing / transcription	0.1819618615911942	0.8832322474765979	0.2766608027698654	0.1033749708155143	0.1033749708155143	0.1571747077219155	0.0053871026377591	2.391418251940516	-0.2314760637952857	0.2314760637952857	middle	0.1444988533493548	-0.0010151547990828	middle
scgen_hcc_formal_v1	entrant	HCC1143	GON4L	0.0542543402801099	0.5228663444842635	0.143174639106605	transcription regulation	0.0279275568683273	1.903926187397296	RNA processing / transcription	0.2355750000205927	0.893452338246346	0.2669975101595857	0.1237311622582534	0.1237311622582534	0.1402352212637909	0.0076879048971422	3.3323369388260327	-0.2362581803183601	0.2362581803183601	Q1_anchor	0.1493363288328347	0.0012663486589094	middle
scgen_hcc_formal_v1	entrant	HCC1143	HDGF	0.0589057240881338	0.6605389915486876	0.1936274745817382	growth factor / proliferation	0.3290310292835757	2.304232796856013	growth factor / proliferation	0.3290310292835757	0.8495124320528868	0.2368692129280565	0.1427941784929537	0.1427941784929537	0.1027974314276101	0.0039901671750222	1.703063739115492	0.0093193516536966	-0.0093193516536966	low_information	0.0196252078195258	-0.0014403316532318	middle
scgen_hcc_formal_v1	entrant	HCC1143	HLX	0.0445318251185352	0.4648217099412716	0.1319846014989155	transcription regulation	0.0193675780226543	1.6298824372625245	RNA processing / transcription	0.1979743652590162	0.8766421334598189	0.2193833507660222	0.1214654264215061	0.1214654264215061	0.1346007207332624	0.0050212083343797	2.1525423051369463	-0.0105503675972533	0.0105503675972533	middle	0.0236239287972883	-0.0004894771149374	middle
scgen_hcc_formal_v1	entrant	HCC1143	KLF3	0.0561630943366452	0.5589834314285058	0.1579917953747034	transcription regulation	0.0208144311234814	2.09414173405888	RNA processing / transcription	0.2525785397087752	0.9036756511127714	0.4121729290527068	0.120611960308544	0.120611960308544	0.1968218876254523	0.0053919861225157	2.4761644999238697	-0.0596711039921486	0.0596711039921486	middle	0.0369385703770605	-0.0003169319150876	middle
scgen_hcc_formal_v1	entrant	HCC1143	LAMTOR5	0.0740759475709618	0.8568940562710466	0.2397811733653215	mTOR / lysosome / signaling	0.508775058318675	2.924927887027885	mTOR / lysosome / signaling	0.508775058318675	0.8514006174170693	0.4687712733236202	0.1739444793066874	0.1739444793066874	0.1602676344270333	0.0093777769035242	4.656042860446887	-0.2080048465520216	0.2080048465520216	shift_excess	0.1226400958971878	0.0030702403622925	middle
scgen_hcc_formal_v1	entrant	HCC1143	MAML3	0.0505688893104202	0.5517309132318129	0.1615695765523855	transcription regulation	0.0153838676687227	1.959809702588172	RNA processing / transcription	0.2452390496204044	0.8627988210503643	0.3303271672923407	0.1251341134277148	0.1251341134277148	0.1685506336947422	0.0042930848646172	1.7996119267653603	0.1521238451421929	-0.1521238451421929	low_information	0.0050198572939971	-0.0005611094038771	low_shift_high_depmap
scgen_hcc_formal_v1	entrant	HCC1143	MIER1	0.0625794592821701	0.6882915432060988	0.1944867756630297	transcription regulation	0.0251926032980655	2.352501351767296	RNA processing / transcription	0.3475168768481387	0.86125458443852	0.4254109049995631	0.1477222857224161	0.1477222857224161	0.1808334370052441	0.0057833931966825	2.6261656244995977	0.0742152031018489	-0.0742152031018489	middle	0.0105919574277721	0.0006147893143467	middle
scgen_hcc_formal_v1	entrant	HCC1143	MTDH	0.0687270176834007	0.9011916751842676	0.2356069449416108	signaling / oncogene	0.6619971325809774	2.7052889726227964	signaling / oncogene	0.6619971325809774	0.8245589961405553	0.3336074129864088	0.244704776192233	0.244704776192233	0.1233167385674788	0.0047338690320834	2.296174525630673	0.0581370024256225	-0.0581370024256225	low_information	0.0123435627679496	-0.0004996203460521	middle
scgen_hcc_formal_v1	entrant	HCC1143	MYBL1	0.0642502383613814	0.7032408566125962	0.199745967210453	transcription regulation	0.0271149462423576	2.3196668239439933	ribosomal / translation	0.2915712274549595	0.8510182102659936	0.528122698773183	0.1256953043623817	0.1256953043623817	0.2276717903285985	0.0084130142568229	4.1759196436307295	0.0019970126997557	-0.0019970126997557	shift_excess	0.0210310036855235	0.0029529652566927	middle
scgen_hcc_formal_v1	entrant	HCC1143	NCOA1	0.0530248988284037	0.5547697077343722	0.1568498486045696	nuclear receptor / co-activator	0.0393571460037304	2.022908644305337	ribosomal / translation	0.241356041653022	0.8782529964215237	0.3244058466526496	0.1193113897320376	0.1193113897320376	0.1603660390526681	0.0039071575713196	1.6312942916912654	-0.0161660097106361	0.0161660097106361	middle	0.0248991192692647	-0.0016261904712875	middle
scgen_hcc_formal_v1	entrant	HCC1143	NPM1	0.1240610978632533	2.1177004093572496	0.4477622158651804	ribosome biogenesis / nucleolar	1.8887299139887053	5.077051423325909	ribosome biogenesis / nucleolar	1.8887299139887053	0.7245454525475276	0.6046757614492604	0.3720131541924433	0.3720131541924433	0.119099790612943	0.0074812035133293	3.688200648316474	-0.2486990570176843	0.2486990570176843	Q1_anchor	0.1622748801750765	0.0010094406338762	middle
scgen_hcc_formal_v1	entrant	HCC1143	PA2G4	0.080398736201554	1.2344756317100116	0.2782876684383841	growth / proliferation	1.0638704745689755	3.2620408622889165	growth / proliferation	1.0638704745689755	0.7730467649930589	0.4344685700500147	0.3261364647107689	0.3261364647107689	0.1331891868899385	0.0059315461556859	2.723108581584277	-0.1608978437052549	0.1608978437052549	middle	0.0861889371200693	-0.0001858844590862	middle
scgen_hcc_formal_v1	entrant	HCC1143	PARK7	0.0954541728886605	1.415800189731487	0.3207565722502771	oxidative stress / mitochondrial	1.2056759118642555	3.827873204006131	oxidative stress / mitochondrial	1.2056759118642555	0.7875704520802124	1.417226781556861	0.3149727923595884	0.3149727923595884	0.3702386954911768	0.0061480042391653	2.928387425848147	-0.2182235899354996	0.2182235899354996	middle	0.1318604273725387	-0.0002007712593501	middle
scgen_hcc_formal_v1	entrant	HCC1143	PCBD1	0.0526653575466607	0.5808888747804909	0.1659158271319805	metabolism / transcription	0.2523372157601167	2.0847945314389262	metabolism / transcription	0.2523372157601167	0.860055965548392	0.2825171126881656	0.1210369712481706	0.1210369712481706	0.1355131685294532	0.004675198066501	1.9660380677668263	0.0683543828600407	-0.0683543828600407	low_information	0.0111916491629234	-0.0005170578546941	middle
scgen_hcc_formal_v1	entrant	HCC1143	PEX14	0.0532733410859464	0.6036498511097663	0.1720404562300671	peroxisome / metabolism	0.0287417123012393	2.133280133594255	oxidative stress / mitochondrial	0.2937583320660522	0.8625534770120835	0.4218351634387497	0.1377026520990066	0.1377026520990066	0.1977401639830683	0.0044493142820248	1.9268910846893088	-0.0066559675281558	0.0066559675281558	middle	0.0227993432195642	-0.0010456548514921	middle
scgen_hcc_formal_v1	entrant	HCC1143	PFDN5	0.0871755725603938	1.2534665171036312	0.2983160063052309	proteostasis / chaperone	1.0268854342236065	3.530039199636834	proteostasis / chaperone	1.0268854342236065	0.7915793589396773	0.436831567438136	0.2908991589468046	0.2908991589468046	0.1237469452132646	0.0102329499993855	4.766008110486418	-1.230578156287104	1.230578156287104	Q1_anchor	0.9694975960688984	-0.0002013030526004	high_shift_low_depmap
scgen_hcc_formal_v1	entrant	HCC1143	PMF1	0.0773034417209165	0.7716656537615588	0.2036215595562888	transcription regulation	0.0356676413015891	2.725990128158262	ribosome biogenesis / nucleolar	0.4236934933465002	0.8992063829638871	0.4219194705983864	0.1554273762659429	0.1554273762659429	0.1547765952048565	0.0127756932567781	5.460196344335996	-1.119192133800067	1.119192133800067	Q1_anchor	0.9510487581740272	0.0027909517788656	high_shift_low_depmap
scgen_hcc_formal_v1	entrant	HCC1143	PRDX2	0.0737998690855082	0.935111598615389	0.2543218591422704	oxidative stress / antioxidant	0.6408898005482193	2.9473652173704963	oxidative stress / antioxidant	0.6408898005482193	0.8203337611864275	0.9044422330945808	0.2174449901122168	0.2174449901122168	0.3068646626363741	0.0055213995831513	2.4223981708602773	-0.252200600989717	0.252200600989717	dependency_excess	0.1660158727868937	-0.0009644941944828	middle
scgen_hcc_formal_v1	entrant	HCC1143	PRPF6	0.056289302052635	0.5479526432119741	0.1503875346229379	RNA processing / spliceosome	0.1944511314141074	1.8602356094666788	oxidative stress / antioxidant	0.2248180235917589	0.8893530616875028	0.4418552985822052	0.1208545962928928	0.1208545962928928	0.2375265242389823	0.0154111896961658	6.723676671381678	-1.862027728723321	1.862027728723321	Q1_anchor	1.0	0.0024286466081761	high_shift_low_depmap
scgen_hcc_formal_v1	entrant	HCC1143	RORC	0.0502648113121414	0.5261134418949373	0.1523360747081369	nuclear receptor / metabolism	0.0174539028984464	1.9120784393792936	ribosomal / translation	0.2124983828214435	0.8767196107433828	0.2927131618509673	0.1111347622801633	0.1111347622801633	0.1530863775368907	0.0045634026869297	1.921562432852684	-0.0824404967576715	0.0824404967576715	middle	0.0451125018855452	-0.0012374039499269	middle
scgen_hcc_formal_v1	entrant	HCC1143	RPS3	0.0888408953328761	1.4493950285252348	0.3160140565779086	ribosomal / translation	1.2455113544352103	3.517983415808774	ribosomal / translation	1.2455113544352103	0.71857674402182	0.3771222980801151	0.3540412808196456	0.3540412808196456	0.1071984297553647	0.007860948328555	3.49877472663025	-1.8308395717061807	1.8308395717061807	Q1_anchor	1.0	-0.004995731233292	high_shift_low_depmap
scgen_hcc_formal_v1	entrant	HCC1143	RUVBL2	0.0901626978787602	1.0491140869936864	0.3110015377631634	chromatin remodeling	0.2149091951108933	3.4476991065474434	ribosome biogenesis / nucleolar	0.3799489969350493	0.8341415405160476	0.6130909596305769	0.110203641673224	0.110203641673224	0.1778261213300982	0.0119327730703482	5.345672749772987	-3.079405316707214	3.079405316707214	Q1_anchor	1.0	-0.0059626424193833	high_shift_low_depmap
scgen_hcc_formal_v1	entrant	HCC1143	SMAD1	0.0548640733319311	0.608639313534825	0.1769289253697083	TGF-beta / BMP signaling	0.0017046770179578	2.1344032436579337	RNA processing / transcription	0.2575445079434155	0.8492240284877339	0.3372665225678818	0.1206634728974814	0.1206634728974814	0.1580144349808405	0.0045476060135123	1.9146500705205347	-0.0350665523770763	0.0350665523770763	middle	0.0296077539081418	-0.0010620174224982	middle
scgen_hcc_formal_v1	entrant	HCC1143	STAT3	0.0579439342498303	0.6036465409163032	0.1747989544767079	JAK-STAT signaling	0.1472498441720107	2.271119412759697	ribosomal / translation	0.2345020557541222	0.8908666923806542	0.334203314552703	0.1032539524063037	0.1032539524063037	0.1471535634256253	0.0045791788860737	2.0256258230145	0.1832408329754175	-0.1832408329754175	low_information	0.0037329167002494	-0.000149439068005	low_shift_high_depmap
scgen_hcc_formal_v1	entrant	HCC1143	TAB3	0.0515670593612453	0.5736394216240788	0.1663523619790687	NF-κB / MAPK signaling	0.0291391297503785	2.0420467053094247	ribosomal / translation	0.2684128320858621	0.8705932954119034	0.2850644285983431	0.1314430426042534	0.1314430426042534	0.1395974087454323	0.0060275444241772	2.656227587222326	0.0976441247104035	-0.0976441247104035	middle	0.0084525379475361	0.000953490748375	middle
scgen_hcc_formal_v1	entrant	HCC1143	TADA3	0.0677491811708703	0.7872259988527557	0.2095390484575471	transcription / chromatin	0.1951834483791176	2.448356723154416	ribosomal / translation	0.500679549959516	0.838957283696279	0.3100277576925415	0.2044961607205873	0.2044961607205873	0.1266268737560055	0.0103750807743799	5.1135832829938925	-0.3196085427253	0.3196085427253	Q1_anchor	0.2498577956515995	0.0036171542109612	high_shift_low_depmap
scgen_hcc_formal_v1	entrant	HCC1143	THAP8	0.0537986939274675	0.5950469284021201	0.1695968629883099	transcription regulation	0.0161748717096789	2.08059882618158	RNA processing / transcription	0.2792259836952202	0.8650368646758013	0.225172434634006	0.1342046242560224	0.1342046242560224	0.108224820566324	0.0050716034302432	2.4487280363408086	0.0324986749282021	-0.0324986749282021	middle	0.0157775614105068	-0.0002653524753134	middle
scgen_hcc_formal_v1	entrant	HCC1143	THRA	0.0478853905104222	0.5012593789683647	0.1387258105294199	nuclear receptor / metabolism	0.0158130467034161	1.8953029801454315	ribosomal / translation	0.2386090208866016	0.8962329105178005	0.3018653090754569	0.1258949220183743	0.1258949220183743	0.1592702128565713	0.0053431820384494	2.3724404917219064	-0.0854627248517602	0.0854627248517602	middle	0.0463338341696651	-0.000469821160215	middle
scgen_hcc_formal_v1	entrant	HCC1143	TMF1	0.0552741922486603	0.5946894000131379	0.1738668048090126	transcription regulation	0.0161703360008715	2.1492599103331687	RNA processing / transcription	0.2637626176239309	0.8726910337474174	0.3607871339771905	0.1227225317681767	0.1227225317681767	0.1678657533426299	0.0058951763799742	2.502337580432542	-0.2262288778701592	0.2262288778701592	middle	0.1394316818255967	-0.0004859054124556	middle
scgen_hcc_formal_v1	entrant	HCC1143	TMSB4X	0.0881604213645264	1.4345144118370214	0.3146210017469953	cytoskeleton / cell motility	1.2525566423515428	3.5105883303277947	cytoskeleton / cell motility	1.2525566423515428	0.727928975574678	0.3933225094153993	0.3567939400728845	0.3567939400728845	0.11203891553376	0.0039703565382887	1.8624986123191989	0.091112482425534	-0.091112482425534	low_information	0.0090048231316929	-0.0011300563587083	low_shift_high_depmap
scgen_hcc_formal_v1	entrant	HCC1143	UBP1	0.053746986365084	0.5878470062933688	0.1668197645430454	transcription regulation	0.0205680669389126	2.0339323299256926	RNA processing / transcription	0.2677754920899993	0.8525170918571844	0.3620679777403281	0.1316540811855732	0.1316540811855732	0.1780137777511781	0.0046551429363536	1.9683247358074805	0.0714133084074786	-0.0714133084074786	low_information	0.0108785135935251	-0.0005247683260854	middle
scgen_hcc_formal_v1	entrant	HCC1143	VEZF1	0.0547531925457779	0.556671073436923	0.1595558892228906	transcription regulation	0.0291646111412404	1.9292935713159087	cytoskeleton / cell motility	0.2384393325279106	0.8746968391396016	0.201373596114287	0.1235889322770504	0.1235889322770504	0.1043768553983915	0.0060274132373266	2.8398473940734115	-0.0273314385525012	0.0273314385525012	middle	0.0275909199432945	0.0004490057753968	middle
scgen_hcc_formal_v1	entrant	HCC1143	XBP1	0.0533280597077448	0.5822136725335061	0.1681211056812594	ER stress / UPR	0.2826953866875895	2.069457158805009	ER stress / UPR	0.2826953866875895	0.8578049691878352	0.4824105827010823	0.1366036428851852	0.1366036428851852	0.2331097218652481	0.0045885756847594	2.055446583049452	0.097035867478511	-0.097035867478511	low_information	0.0085039693399301	-0.0004879326856233	middle
scgen_hcc_formal_v1	entrant	HCC1143	YBX1	0.1033857737166518	1.8392824660815184	0.3710240682545949	RNA processing / transcription	1.6682088048780424	4.214767065419442	RNA processing / transcription	1.6682088048780424	0.708273277222992	0.4671989141411173	0.3958009491354955	0.3958009491354955	0.1108480983384126	0.0077493948528648	3.8245990837962864	-1.377081609330736	1.377081609330736	Q1_anchor	0.9913468022551738	-0.0032760903511849	middle
scgen_hcc_formal_v1	entrant	HCC1143	ZBTB17	0.0737193183462072	0.8367994643468272	0.2352742499440202	transcription regulation	0.0262936580213869	2.867509464968127	oxidative stress / mitochondrial	0.4550124111155404	0.852877605220531	0.8113164251279362	0.1586786082746541	0.1586786082746541	0.2829341751229247	0.010587215682323	4.928221899857864	-0.636991913780868	0.636991913780868	Q1_anchor	0.7578619386258375	0.0025484506840411	high_shift_low_depmap
scgen_hcc_formal_v1	entrant	HCC1143	ZBTB20	0.0516063086586813	0.5406360507250515	0.1584202816084311	transcription regulation	0.0197520426740017	1.9499776114163792	RNA processing / transcription	0.2105772099358978	0.8824256338114255	0.2155946396136139	0.1079895526507833	0.1079895526507833	0.1105626230534079	0.0043814448697306	1.889601177535932	0.1050163545153338	-0.1050163545153338	low_information	0.0078803596044426	-0.0006628572937179	low_shift_high_depmap
scgen_hcc_formal_v1	entrant	HCC1143	ZBTB5	0.0541519732015902	0.5775920179497712	0.1647144945269678	transcription regulation	0.0147177353234878	2.151640134985291	ribosomal / translation	0.2443519308623734	0.888960631940119	0.3648095388927908	0.113565427084787	0.113565427084787	0.1695495138620309	0.0053368219337521	2.288843476575004	-0.1471075087045335	0.1471075087045335	middle	0.0773557703888747	-0.0007249561399313	middle
scgen_hcc_formal_v1	entrant	HCC1143	ZNF131	0.0682830492793468	0.7330233214502034	0.2001927978462631	transcription regulation	0.0267469470053043	2.610920812412047	cytoskeleton / cell motility	0.3818059709260248	0.8762914991999744	0.4762958448906912	0.1462342209349892	0.1462342209349892	0.1824244697987124	0.0105522037854389	4.608186179220708	-1.08124407956173	1.08124407956173	Q1_anchor	0.9463812533969612	0.0007206062048738	high_shift_low_depmap
scgen_hcc_formal_v1	entrant	HCC1143	ZNF24	0.0495686815940593	0.5380941009086243	0.154415516243088	transcription regulation	0.018530827125701	1.8592417492073732	ribosomal / translation	0.2391208225342915	0.8576574202382596	0.2568480594518972	0.1286120122013357	0.1286120122013357	0.138146671653321	0.0043616307953344	1.8788468529612183	0.0882223029314296	-0.0882223029314296	low_information	0.0092505619875028	-0.0007504457656013	low_shift_high_depmap
scgen_hcc_formal_v1	entrant	HCC1143	ZNF566	0.0501611543628483	0.5213842492779789	0.1487493668685688	transcription regulation	0.0156705421230514	1.9227468906478025	RNA processing / transcription	0.2126734657286597	0.8902645684277872	0.2601854274765861	0.1106091845801954	0.1106091845801954	0.1353196454208935	0.0044548810181222	2.020865157655443	0.1001260553605671	-0.1001260553605671	low_information	0.0082561267211935	-0.0006091565306257	low_shift_high_depmap
scgpt_hcc_formal_v1	entrant	HCC1143	ARID1A	0.0200081258804389	0.2973267994562162	0.0634737441491588	chromatin remodeling	0.0292218252088579	0.7501361437230594	signaling / oncogene	0.2564893254802436	0.7587656909274613	0.0890276914998152	0.3419236996197002	0.3419236996197002	0.1186820449124808	0.0073327186787757	3.4463519189121863	-0.330631842036614	0.330631842036614	Q1_anchor	0.2654515287532237	0.0005303062767008	middle
scgpt_hcc_formal_v1	entrant	HCC1143	BMPR1A	0.0104771014748324	0.1039651357166718	0.0278048192082633	TGF-beta / BMP signaling	0.0035999120252638	0.3644290755819016	oxidative stress / mitochondrial	0.0511160289069848	0.8937835028783141	0.1034937284617463	0.1402633113874499	0.1402633113874499	0.2839886699393917	0.0070281282052424	3.162989495400181	-0.3585628390298763	0.3585628390298763	dependency_excess	0.307130270365165	0.0001129969346457	middle
scgpt_hcc_formal_v1	entrant	HCC1143	CDKN2A	0.0248892481859011	0.2744076214549802	0.0762863905656607	cell cycle / replication	0.0033829922024742	0.8797025518643852	oxidative stress / antioxidant	0.1240955299155299	0.8595241421486183	0.2924518562723216	0.1410653290166429	0.1410653290166429	0.3324440240084764	0.0050523230156554	2.084157760547977	0.5380502468314596	-0.5380502468314596	middle	6.198489826465077e-05	0.0017555807543913	middle
scgpt_hcc_formal_v1	entrant	HCC1143	COMMD6	0.0441710673938027	0.6516767571288044	0.157282284203209	NF-κB / copper signaling	0.0082269888423806	1.7898302790389191	proteostasis / chaperone	0.3697962951001555	0.7469137976260198	0.3617818571010522	0.2066096989367752	0.2066096989367752	0.2021319347079754	0.0045342930040741	1.9629627640817848	-0.2218216265227303	0.2218216265227303	middle	0.1351756293730245	-0.0018290028000756	middle
scgpt_hcc_formal_v1	entrant	HCC1143	ENY2	0.0349521947118668	0.5153069253621845	0.12077465085974	transcription / chromatin	0.0241652170902622	1.428924560576673	ribosome biogenesis / nucleolar	0.3649978833598968	0.7677415758020889	0.1085618831417691	0.2554353766671868	0.2554353766671868	0.0759745378706043	0.0105137437444661	4.81257682403588	-0.2358088308059663	0.2358088308059663	Q1_anchor	0.148881151602389	0.0040940009097656	middle
scgpt_hcc_formal_v1	entrant	HCC1143	ERC1	0.0081671166333965	0.0803388332797672	0.0212640073803961	synaptic / signaling	0.0036138244193398	0.2713414665864633	cytoskeleton / cell motility	0.035648731497841	0.8996698674362336	0.0178119254465579	0.1313795931978626	0.1313795931978626	0.0656439491930073	0.0048784834929897	2.171773525634778	-0.0379118967638982	0.0379118967638982	middle	0.0303840215886299	-0.0007426226695384	middle
scgpt_hcc_formal_v1	entrant	HCC1143	ETV3	0.0109746471698369	0.1068757988582692	0.0293067366503837	transcription regulation	0.0062954515153283	0.3645825715490504	oxidative stress / mitochondrial	0.0445691379883909	0.892704211741642	0.0479866084279522	0.1222470339133987	0.1222470339133987	0.1316206867049763	0.0053871026377591	2.391418251940516	-0.2314760637952857	0.2314760637952857	middle	0.1444988533493548	-0.0010151547990828	middle
scgpt_hcc_formal_v1	entrant	HCC1143	GON4L	0.0111793687169005	0.1220073709028859	0.03166097009794	transcription regulation	0.006850919746086	0.3683397003155531	oxidative stress / mitochondrial	0.0767702478753695	0.8491904555350721	0.1049507595353118	0.2084224095572678	0.2084224095572678	0.2849292635178925	0.0076879048971422	3.3323369388260327	-0.2362581803183601	0.2362581803183601	Q1_anchor	0.1493363288328347	0.0012663486589094	middle
scgpt_hcc_formal_v1	entrant	HCC1143	HDGF	0.026796137168062	0.467254992015338	0.0926058122891304	growth factor / proliferation	0.001210639162455	1.025710362046269	RNA processing / transcription	0.3421437184549002	0.670464904915087	0.0622567818776335	0.3335675753263633	0.3335675753263633	0.0606962590817866	0.0039901671750222	1.703063739115492	0.0093193516536966	-0.0093193516536966	low_information	0.0196252078195258	-0.0014403316532318	middle
scgpt_hcc_formal_v1	entrant	HCC1143	HLX	0.0111490834609483	0.1195169654248249	0.0312702308796216	transcription regulation	0.0114308147180098	0.2804445759866603	mTOR / lysosome / signaling	0.0387410916546917	0.8958291376256199	0.0415915565938699	0.1381417041794899	0.1381417041794899	0.1483057978480862	0.0050212083343797	2.1525423051369463	-0.0105503675972533	0.0105503675972533	middle	0.0236239287972883	-0.0004894771149374	middle
scgpt_hcc_formal_v1	entrant	HCC1143	KLF3	0.0261031504593478	0.5070680913751853	0.0873571379797856	transcription regulation	0.0103769094343641	1.010462146142311	RNA processing / transcription	0.4777810063904307	0.66707353431883	0.0539928802609891	0.4728341464492043	0.4728341464492043	0.0534338475390891	0.0053919861225157	2.4761644999238697	-0.0596711039921486	0.0596711039921486	middle	0.0369385703770605	-0.0003169319150876	middle
scgpt_hcc_formal_v1	entrant	HCC1143	LAMTOR5	0.0323176360097471	0.4613718316982059	0.1092852679727189	mTOR / lysosome / signaling	0.0015431443083647	1.1760029785627095	oxidative stress / mitochondrial	0.3598539754432184	0.788356790040792	0.3807635557291595	0.3059975034102598	0.3059975034102598	0.3237777137218836	0.0093777769035242	4.656042860446887	-0.2080048465520216	0.2080048465520216	shift_excess	0.1226400958971878	0.0030702403622925	middle
scgpt_hcc_formal_v1	entrant	HCC1143	MAML3	0.0096131619353231	0.0915394473437069	0.0239122109264897	transcription regulation	0.0061818399913676	0.2993830201893326	proteostasis / chaperone	0.0376713395037904	0.882319744165292	0.0511723728603953	0.1258299133997869	0.1258299133997869	0.170926102716291	0.0042930848646172	1.7996119267653603	0.1521238451421929	-0.1521238451421929	low_information	0.0050198572939971	-0.0005611094038771	low_shift_high_depmap
scgpt_hcc_formal_v1	entrant	HCC1143	MIER1	0.0165233353616851	0.1608137562021562	0.0430432960360952	transcription regulation	0.0099181836621098	0.5500733051333171	RNA processing / transcription	0.0679304585467032	0.9045397311613168	0.1038583901743456	0.1234934651668642	0.1234934651668642	0.1888082719250923	0.0057833931966825	2.6261656244995977	0.0742152031018489	-0.0742152031018489	middle	0.0105919574277721	0.0006147893143467	middle
scgpt_hcc_formal_v1	entrant	HCC1143	MTDH	0.030220193456417	0.4903152033811053	0.1061717903395114	signaling / oncogene	0.0020545947523146	1.1418183476511663	oxidative stress / mitochondrial	0.3452069105643	0.7184278035259173	0.3616878781762258	0.3023308491008441	0.3023308491008441	0.3167648154544491	0.0047338690320834	2.296174525630673	0.0581370024256225	-0.0581370024256225	low_information	0.0123435627679496	-0.0004996203460521	middle
scgpt_hcc_formal_v1	entrant	HCC1143	MYBL1	0.0098852224587575	0.0901606527813569	0.0230897704425449	transcription regulation	0.0068924156538399	0.3137128629953553	ribosome biogenesis / nucleolar	0.0443483100101016	0.9272905566121644	0.0220590495335531	0.1413659280230348	0.1413659280230348	0.0703160505531445	0.0084130142568229	4.1759196436307295	0.0019970126997557	-0.0019970126997557	shift_excess	0.0210310036855235	0.0029529652566927	middle
scgpt_hcc_formal_v1	entrant	HCC1143	NCOA1	0.0125598559818165	0.165537119364117	0.0379622698425268	nuclear receptor / co-activator	0.0011689050462887	0.4224259119124531	signaling / oncogene	0.132072732969567	0.776712173984072	0.0246114000856369	0.3126530102560063	0.3126530102560063	0.0582620511469418	0.0039071575713196	1.6312942916912654	-0.0161660097106361	0.0161660097106361	middle	0.0248991192692647	-0.0016261904712875	middle
scgpt_hcc_formal_v1	entrant	HCC1143	NPM1	0.0426616686364051	0.6599594324236014	0.152341973901808	ribosome biogenesis / nucleolar	0.0423050271681837	1.7281813114297797	RNA processing / transcription	0.4050116684245769	0.7243815008846916	0.3385998384853127	0.234357162495582	0.234357162495582	0.1959284226984136	0.0074812035133293	3.688200648316474	-0.2486990570176843	0.2486990570176843	Q1_anchor	0.1622748801750765	0.0010094406338762	middle
scgpt_hcc_formal_v1	entrant	HCC1143	PA2G4	0.0431466554280296	0.6974412615399204	0.1594770473843891	growth / proliferation	0.040493532526628	1.7674099283128222	RNA processing / transcription	0.4119461451067441	0.7000574057162384	0.5182727573869573	0.2330790036355571	0.2330790036355571	0.2932385685315816	0.0059315461556859	2.723108581584277	-0.1608978437052549	0.1608978437052549	middle	0.0861889371200693	-0.0001858844590862	middle
scgpt_hcc_formal_v1	entrant	HCC1143	PARK7	0.0335682759369206	0.5632993344095147	0.118560020900041	oxidative stress / mitochondrial	0.0542090198412852	1.3429952722460474	ribosome biogenesis / nucleolar	0.4536881288763816	0.7085850945746608	0.0914829109061726	0.3378181131774396	0.3378181131774396	0.0681185651183828	0.0061480042391653	2.928387425848147	-0.2182235899354996	0.2182235899354996	middle	0.1318604273725387	-0.0002007712593501	middle
scgpt_hcc_formal_v1	entrant	HCC1143	PCBD1	0.0290074582863204	0.3075966037435527	0.0809966003586087	metabolism / transcription	0.0071056209150493	1.03017299023055	oxidative stress / antioxidant	0.1807464688462932	0.8685047710161681	0.2466200888353059	0.1754525410395807	0.1754525410395807	0.2393967723616137	0.004675198066501	1.9660380677668263	0.0683543828600407	-0.0683543828600407	low_information	0.0111916491629234	-0.0005170578546941	middle
scgpt_hcc_formal_v1	entrant	HCC1143	PEX14	0.0151648157063988	0.1374910557836317	0.0344605367002145	peroxisome / metabolism	0.0064320983352265	0.5007780840773052	cytoskeleton / cell motility	0.0603707889809651	0.92018590150082	0.0671825758282892	0.1205539757040279	0.1205539757040279	0.134156381767534	0.0044493142820248	1.9268910846893088	-0.0066559675281558	0.0066559675281558	middle	0.0227993432195642	-0.0010456548514921	middle
scgpt_hcc_formal_v1	entrant	HCC1143	PFDN5	0.038487631611154	0.6395386101764811	0.1425116594277815	proteostasis / chaperone	0.0359231221902992	1.5358975323442894	ribosome biogenesis / nucleolar	0.4138287947553574	0.6796226131842042	0.0925172816813363	0.2694377626375356	0.2694377626375356	0.0602366236894229	0.0102329499993855	4.766008110486418	-1.230578156287104	1.230578156287104	Q1_anchor	0.9694975960688984	-0.0002013030526004	high_shift_low_depmap
scgpt_hcc_formal_v1	entrant	HCC1143	PMF1	0.020821321640819	0.2054337797657408	0.056339258909866	transcription regulation	0.0098213277603573	0.737121991167949	mTOR / lysosome / signaling	0.0857232022607942	0.9008451342395724	0.1224553457383333	0.1162944577531437	0.1162944577531437	0.1661262955190175	0.0127756932567781	5.460196344335996	-1.119192133800067	1.119192133800067	Q1_anchor	0.9510487581740272	0.0027909517788656	high_shift_low_depmap
scgpt_hcc_formal_v1	entrant	HCC1143	PRDX2	0.0348619386196209	0.5950096456230423	0.1302240878522056	oxidative stress / antioxidant	0.0179234300503112	1.4520563826591948	RNA processing / transcription	0.356148954671407	0.6889631656177125	0.3379885539173015	0.245272125052872	0.245272125052872	0.2327654476462772	0.0055213995831513	2.4223981708602773	-0.252200600989717	0.252200600989717	dependency_excess	0.1660158727868937	-0.0009644941944828	middle
scgpt_hcc_formal_v1	entrant	HCC1143	PRPF6	0.0195235967794508	0.2118699445580729	0.0525888328213162	RNA processing / spliceosome	0.0033915576913049	0.5994898605480165	chromatin remodeling	0.0731316763932633	0.8960194775043988	0.0598302637395868	0.1219898470449706	0.1219898470449706	0.0998019610955449	0.0154111896961658	6.723676671381678	-1.862027728723321	1.862027728723321	Q1_anchor	1.0	0.0024286466081761	high_shift_low_depmap
scgpt_hcc_formal_v1	entrant	HCC1143	RORC	0.0190178441944069	0.1990075779483682	0.0547558886010424	nuclear receptor / metabolism	0.0033523022718661	0.6024885695672044	ribosomal / translation	0.0894610579095027	0.8797823389076467	0.0481328258988229	0.1484859006931314	0.1484859006931314	0.079890023363263	0.0045634026869297	1.921562432852684	-0.0824404967576715	0.0824404967576715	middle	0.0451125018855452	-0.0012374039499269	middle
scgpt_hcc_formal_v1	entrant	HCC1143	RPS3	0.044416845926449	0.7401856793635471	0.1649908035352796	ribosomal / translation	0.0012776204252652	1.816085519042788	ribosome biogenesis / nucleolar	0.5187650108119863	0.6797691997882874	0.1251181639888766	0.2856501003793115	0.2856501003793115	0.0688944230196952	0.007860948328555	3.49877472663025	-1.8308395717061807	1.8308395717061807	Q1_anchor	1.0	-0.004995731233292	high_shift_low_depmap
scgpt_hcc_formal_v1	entrant	HCC1143	RUVBL2	0.0247884679020209	0.4121971159184303	0.0800465967192332	chromatin remodeling	0.0305846211789197	0.9224729196599416	growth / proliferation	0.3584743398763095	0.6998213243677353	0.1971587444269624	0.3886014778715203	0.3886014778715203	0.2137284902625028	0.0119327730703482	5.345672749772987	-3.079405316707214	3.079405316707214	Q1_anchor	1.0	-0.0059626424193833	high_shift_low_depmap
scgpt_hcc_formal_v1	entrant	HCC1143	SMAD1	0.0128759280316743	0.123746469726128	0.0329448135761802	TGF-beta / BMP signaling	0.0129237084586423	0.4576769741038443	cytoskeleton / cell motility	0.0537087073313763	0.9087099958698028	0.046119091679178	0.1173506869917167	0.1173506869917167	0.1007677779059818	0.0045476060135123	1.9146500705205347	-0.0350665523770763	0.0350665523770763	middle	0.0296077539081418	-0.0010620174224982	middle
scgpt_hcc_formal_v1	entrant	HCC1143	STAT3	0.0280738603904854	0.4758653305561378	0.0958662064424568	JAK-STAT signaling	0.0280084912129266	1.0846791119473969	ribosome biogenesis / nucleolar	0.3594650405525014	0.6902834219621873	0.3719082454535118	0.3314021968277141	0.3314021968277141	0.3428739812144074	0.0045791788860737	2.0256258230145	0.1832408329754175	-0.1832408329754175	low_information	0.0037329167002494	-0.000149439068005	low_shift_high_depmap
scgpt_hcc_formal_v1	entrant	HCC1143	TAB3	0.013912971080871	0.1441522744453938	0.0396540119512994	NF-κB / MAPK signaling	0.004043135479386	0.4526320187589028	oxidative stress / antioxidant	0.0581193168144269	0.8693399581495832	0.1143427257966765	0.1284030170331023	0.1284030170331023	0.2526174045534811	0.0060275444241772	2.656227587222326	0.0976441247104035	-0.0976441247104035	middle	0.0084525379475361	0.000953490748375	middle
scgpt_hcc_formal_v1	entrant	HCC1143	TADA3	0.0210637606534325	0.2720601749976523	0.0612841088619534	transcription / chromatin	0.0211203770590855	0.6505600150462815	oxidative stress / mitochondrial	0.2198448287421274	0.792721265652319	0.2668459167501219	0.3379316645006032	0.3379316645006032	0.4101787853210411	0.0103750807743799	5.1135832829938925	-0.3196085427253	0.3196085427253	Q1_anchor	0.2498577956515995	0.0036171542109612	high_shift_low_depmap
scgpt_hcc_formal_v1	entrant	HCC1143	THAP8	0.0141831195944059	0.1538267703487784	0.0395205874138086	transcription regulation	0.0108331896467216	0.4437301934147054	oxidative stress / mitochondrial	0.1007389854706775	0.8323225989333699	0.1933853891815234	0.2270275653217222	0.2270275653217222	0.4358175126496013	0.0050716034302432	2.4487280363408086	0.0324986749282021	-0.0324986749282021	middle	0.0157775614105068	-0.0002653524753134	middle
scgpt_hcc_formal_v1	entrant	HCC1143	THRA	0.0222965441363481	0.3402630538486119	0.0697404207905584	nuclear receptor / metabolism	0.0027201182521323	0.8217844288415093	growth / proliferation	0.3023780907517679	0.746910502537213	0.1010496227553471	0.3679530545231164	0.3679530545231164	0.1229636620126757	0.0053431820384494	2.3724404917219064	-0.0854627248517602	0.0854627248517602	middle	0.0463338341696651	-0.000469821160215	middle
scgpt_hcc_formal_v1	entrant	HCC1143	TMF1	0.0184613846960162	0.1980942562612859	0.0524948069297014	transcription regulation	0.0123782596625487	0.6070576357096299	growth factor / proliferation	0.1175894567740836	0.8678109624129728	0.0812509422106692	0.1937039415320515	0.1937039415320515	0.1338438682443876	0.0058951763799742	2.502337580432542	-0.2262288778701592	0.2262288778701592	middle	0.1394316818255967	-0.0004859054124556	middle
scgpt_hcc_formal_v1	entrant	HCC1143	TMSB4X	0.0461234358980192	0.6866256013411168	0.1697660752255297	cytoskeleton / cell motility	0.0812135348856561	1.8581877566860128	ribosome biogenesis / nucleolar	0.3760397829150445	0.734610591062141	0.139305212246088	0.2023690994421861	0.2023690994421861	0.0749683188605935	0.0039703565382887	1.8624986123191989	0.091112482425534	-0.091112482425534	low_information	0.0090048231316929	-0.0011300563587083	low_shift_high_depmap
scgpt_hcc_formal_v1	entrant	HCC1143	UBP1	0.0146343057957391	0.1623202790478982	0.0440259360123598	transcription regulation	0.0077454562574518	0.4874146681613929	RNA processing / transcription	0.0835324957366444	0.8474695062737055	0.1105087633568288	0.1713787072755576	0.1713787072755576	0.2267243285346454	0.0046551429363536	1.9683247358074805	0.0714133084074786	-0.0714133084074786	low_information	0.0108785135935251	-0.0005247683260854	middle
scgpt_hcc_formal_v1	entrant	HCC1143	VEZF1	0.0159480576220599	0.1780292233072461	0.0450736223198786	transcription regulation	0.0086329451337077	0.5651145610713952	growth factor / proliferation	0.1120786885892294	0.8480008364295005	0.0129667446173242	0.1983291465304671	0.1983291465304671	0.0229453380085281	0.0060274132373266	2.8398473940734115	-0.0273314385525012	0.0273314385525012	middle	0.0275909199432945	0.0004490057753968	middle
scgpt_hcc_formal_v1	entrant	HCC1143	XBP1	0.0356426760947145	0.617494642581474	0.134828736495974	ER stress / UPR	0.0108310735327876	1.4293592481190678	ribosome biogenesis / nucleolar	0.4638544978151566	0.6627203062872109	0.2918368021385066	0.3245191846805169	0.3245191846805169	0.2041731653694076	0.0045885756847594	2.055446583049452	0.097035867478511	-0.097035867478511	low_information	0.0085039693399301	-0.0004879326856233	middle
scgpt_hcc_formal_v1	entrant	HCC1143	YBX1	0.0401605584389384	0.6351193151175568	0.1461521571947153	RNA processing / transcription	0.0569195055275222	1.648826300736277	ribosome biogenesis / nucleolar	0.4454928201711738	0.7200053779765472	0.2498008328181499	0.2701878420863621	0.2701878420863621	0.151502212638531	0.0077493948528648	3.8245990837962864	-1.377081609330736	1.377081609330736	Q1_anchor	0.9913468022551738	-0.0032760903511849	middle
scgpt_hcc_formal_v1	entrant	HCC1143	ZBTB17	0.0152023424068084	0.1683715211478293	0.0424177753861531	transcription regulation	0.008765227879999	0.4897314037126133	chromatin remodeling	0.0615455075245983	0.9030932823497202	0.0608901105984808	0.1256719643829799	0.1256719643829799	0.1243336860509207	0.010587215682323	4.928221899857864	-0.636991913780868	0.636991913780868	Q1_anchor	0.7578619386258375	0.0025484506840411	high_shift_low_depmap
scgpt_hcc_formal_v1	entrant	HCC1143	ZBTB20	0.0112550852764788	0.1004119302710858	0.0265780042050449	transcription regulation	0.0078276747200723	0.3442516044638413	cytoskeleton / cell motility	0.0371378885330511	0.9165491423508998	0.0487852556413699	0.1078800739095811	0.1078800739095811	0.1417139528437378	0.0043814448697306	1.889601177535932	0.1050163545153338	-0.1050163545153338	low_information	0.0078803596044426	-0.0006628572937179	low_shift_high_depmap
scgpt_hcc_formal_v1	entrant	HCC1143	ZBTB5	0.0164397978214212	0.1649749268097411	0.0442047900501738	transcription regulation	0.0103310872019628	0.5343878585852867	oxidative stress / mitochondrial	0.0758849136415402	0.8948860668125813	0.141641395916685	0.142003438929983	0.142003438929983	0.2650535442396834	0.0053368219337521	2.288843476575004	-0.1471075087045335	0.1471075087045335	middle	0.0773557703888747	-0.0007249561399313	middle
scgpt_hcc_formal_v1	entrant	HCC1143	ZNF131	0.0183347927560193	0.2435103015139751	0.0546430895177451	transcription regulation	0.0081929927740827	0.649776733872688	signaling / oncogene	0.1934367508472804	0.7923730814920759	0.0569927592148727	0.2976972562473756	0.2976972562473756	0.0877112956556542	0.0105522037854389	4.608186179220708	-1.08124407956173	1.08124407956173	Q1_anchor	0.9463812533969612	0.0007206062048738	high_shift_low_depmap
scgpt_hcc_formal_v1	entrant	HCC1143	ZNF24	0.0148279004426802	0.1528210053380904	0.0415377029271408	transcription regulation	0.0111037917876965	0.4713018213839817	oxidative stress / mitochondrial	0.073268067873712	0.8755156183207364	0.1295363717773139	0.1554589109343132	0.1554589109343132	0.2748480186156065	0.0043616307953344	1.8788468529612183	0.0882223029314296	-0.0882223029314296	low_information	0.0092505619875028	-0.0007504457656013	low_shift_high_depmap
scgpt_hcc_formal_v1	entrant	HCC1143	ZNF566	0.0139052169043949	0.1417427058976902	0.0385453855806582	transcription regulation	0.0097036046973699	0.4509748117298701	oxidative stress / mitochondrial	0.0751789691226412	0.8881918879877027	0.0975871464461081	0.1667032551868389	0.1667032551868389	0.2163915675728735	0.0044548810181222	2.020865157655443	0.1001260553605671	-0.1001260553605671	low_information	0.0082561267211935	-0.0006091565306257	low_shift_high_depmap
