cell_line	depmap_model_id	target_gene	n_cells_target	n_cells_control	n_sgrnas_observed	truth_source_cell_count	gene_universe_size	source_kind	dataset_role	control_target_prefix	single_perturbation_filter_status	single_perturbation_evidence_source	real_shift_L2	real_shift_mean_abs	real_shift_top20_mean	real_shift_top50_mean	real_shift_top100_mean	real_shift_top50_concentration	real_Edistance	real_DEG_burden	depmap_gene_effect	depmap_gene_dependency	depmap_effect_found	depmap_dependency_found	depmap_join_status	quadrant	shift_quantile	depmap_quantile	bridge_truth_metric	bridge_depmap_endpoint	bridge_n_targets	bridge_spearman_rho_aligned	bridge_ci_lo_fisher95	bridge_ci_hi_fisher95	bridge_ci_method	bridge_empirical_p_two_sided_shuffle	bridge_perm_iterations	bridge_perm_seed	bridge_null_type	record_type
K562_essential_day7	ACH-000551	AAAS	212.0	10691.0	1.0	310385.0	8563.0	h5ad_obs	supplementary	ctrl	verified_via_num_features_eq_1	num_features	2.2845046274351173	0.0188181311476713	0.1044162967157104	0.0914394440754484	0.0833009529486069	0.0283727313834087	0.0619158336178085	0.0	-0.1428666889740776	0.0728277707907095	1.0	1.0	both	Q4_low_info	0.039319872476089264	0.0563230605738576												joint_grid_target
K562_essential_day7	ACH-000551	AAMP	99.0	10691.0	1.0	310385.0	8563.0	h5ad_obs	supplementary	ctrl	verified_via_num_features_eq_1	num_features	4.641214122223659	0.0355997462996858	0.2859470318593785	0.2391352923281678	0.206136186798928	0.0392230022354545	1.0653404011252547	18.0	-0.4179579143996411	0.3869225947450684	1.0	1.0	both	middle	0.5626992561105207	0.19819341126461212												joint_grid_target
K562_essential_day7	ACH-000551	AARS2	181.0	10691.0	1.0	310385.0	8563.0	h5ad_obs	supplementary	ctrl	verified_via_num_features_eq_1	num_features	2.6437656343556264	0.0213194620336328	0.1437416431760218	0.1190766070797491	0.1040963609619068	0.0326132643105354	0.1468144086578817	0.0	-1.1426911042074577	0.9728191479871524	1.0	1.0	both	middle	0.10361317747077577	0.6509032943676939												joint_grid_target
K562_essential_day7	ACH-000551	AASDHPPT	49.0	10691.0	1.0	310385.0	8563.0	h5ad_obs	supplementary	ctrl	verified_via_num_features_eq_1	num_features	4.545699356316503	0.0371853029833754	0.2380938015731735	0.1951607468970828	0.17061156560123	0.0306453938632879	0.2547375987806806	3.0	-0.1492539348523318	0.0764874542634314	1.0	1.0	both	middle	0.5982996811902231	0.05844845908607864												joint_grid_target
K562_essential_day7	ACH-000551	AATF	298.0	10691.0	1.0	310385.0	8563.0	h5ad_obs	supplementary	ctrl	verified_via_num_features_eq_1	num_features	6.289347498051812	0.0451498241723166	0.4350247736782501	0.368328367223886	0.3157131207076118	0.0476346704247478	2.838993663553449	84.0	-0.675353669691895	0.7870986544118178	1.0	1.0	both	middle	0.7497343251859724	0.38150903294367694												joint_grid_target
K562_essential_day7	ACH-000551	ABCB10	51.0	10691.0	1.0	310385.0	8563.0	h5ad_obs	supplementary	ctrl	verified_via_num_features_eq_1	num_features	5.6942357270660064	0.0434876292049681	0.3925200108526896	0.2997739821309559	0.2505231971769154	0.0402505913484606	1.0138254227563903	28.0	0.2410819482820091	0.0027785972487876	1.0	1.0	both	middle	0.7167906482465463	0.001594048884165781												joint_grid_target
K562_essential_day7	ACH-000551	ABCB7	199.0	10691.0	1.0	310385.0	8563.0	h5ad_obs	supplementary	ctrl	verified_via_num_features_eq_1	num_features	3.131896071527785	0.0238384980491964	0.2157583635515824	0.1739736141070213	0.1462851437139336	0.0426136325552522	0.3658701461012228	3.0	-1.0788304414312984	0.9640166763808132	1.0	1.0	both	middle	0.19075451647183847	0.6200850159404888												joint_grid_target
K562_essential_day7	ACH-000551	ABCE1	249.0	10691.0	1.0	310385.0	8563.0	h5ad_obs	supplementary	ctrl	verified_via_num_features_eq_1	num_features	7.040232182633785	0.0492673571811268	0.5303847681668106	0.4260323011006408	0.3574471391475893	0.0504925520555527	2.631243154724732	113.0	-2.0349161874344097	0.999995451750728	1.0	1.0	both	Q1_anchor	0.8087141339001063	0.9091392136025505												joint_grid_target
K562_essential_day7	ACH-000551	ABCF1	329.0	10691.0	1.0	310385.0	8563.0	h5ad_obs	supplementary	ctrl	verified_via_num_features_eq_1	num_features	2.7988481285924784	0.0209711753491647	0.1906572920245923	0.1567219188867838	0.1334912172120242	0.0436366125155936	0.3765070913419137	2.0	-1.0699312295530827	0.9626641092360269	1.0	1.0	both	middle	0.09192348565356004	0.6168969181721573												joint_grid_target
K562_essential_day7	ACH-000551	ABCG1	144.0	10691.0	1.0	310385.0	8563.0	h5ad_obs	supplementary	ctrl	verified_via_num_features_eq_1	num_features	3.1182756601004447	0.0250475603129295	0.1744705884651599	0.1412169146487994	0.1223153825401784	0.0329204185310703	0.1936551748809218	1.0	0.2165248193218489	0.0034408658118736	1.0	1.0	both	Q4_low_info	0.23910733262486716	0.002656748140276302												joint_grid_target
K562_essential_day7	ACH-000551	ABHD11	49.0	10691.0	1.0	310385.0	8563.0	h5ad_obs	supplementary	ctrl	verified_via_num_features_eq_1	num_features	4.755414607347445	0.0392299798241804	0.2353257510170917	0.1968965420560216	0.1739400972152002	0.0293065074027229	0.2270675998062472	4.0	-0.5350822553059569	0.5889416753850295	1.0	1.0	both	middle	0.6354941551540914	0.28533475026567484												joint_grid_target
K562_essential_day7	ACH-000551	ABHD17A	95.0	10691.0	1.0	310385.0	8563.0	h5ad_obs	supplementary	ctrl	verified_via_num_features_eq_1	num_features	3.3698117741011075	0.0275306837588398	0.1589836279626673	0.1361159175191583	0.12175747080683	0.0288692816484167	0.1633483865611236	1.0	-0.3657564721188157	0.3030564899445587	1.0	1.0	both	middle	0.32784272051009566	0.1663124335812965												joint_grid_target
K562_essential_day7	ACH-000551	ABT1	107.0	10691.0	1.0	310385.0	8563.0	h5ad_obs	supplementary	ctrl	verified_via_num_features_eq_1	num_features	4.917490809645618	0.0368140643099399	0.3482804118874515	0.2805004338621966	0.2361612114078939	0.0444901460064694	1.177159575314521	26.0	-0.5139178013730151	0.5529593672433197	1.0	1.0	both	middle	0.59192348565356	0.26567481402763016												joint_grid_target
K562_essential_day7	ACH-000551	ACD	77.0	10691.0	1.0	310385.0	8563.0	h5ad_obs	supplementary	ctrl	verified_via_num_features_eq_1	num_features	3.622167375424282	0.0298204545609862	0.166255380421922	0.1446924432743945	0.1310979523555597	0.0283318968052638	0.1664555923000872	1.0	-0.3464950102421709	0.2744812688245184	1.0	1.0	both	middle	0.3995749202975558	0.15621679064824653												joint_grid_target
K562_essential_day7	ACH-000551	ACIN1	191.0	10691.0	1.0	310385.0	8563.0	h5ad_obs	supplementary	ctrl	verified_via_num_features_eq_1	num_features	2.447750171753308	0.0197923412520315	0.1291211685539363	0.1097556562059435	0.0954337934431223	0.0323797730664353	0.0932892979818706	0.0	-0.932901529571468	0.93564352088327	1.0	1.0	both	middle	0.06110520722635494	0.5313496280552603												joint_grid_target
K562_essential_day7	ACH-000551	ACOT12	180.0	10691.0	1.0	310385.0	8563.0	h5ad_obs	supplementary	ctrl	verified_via_num_features_eq_1	num_features	2.586829973549733	0.020975205616531	0.1377891202029041	0.1129059467740841	0.0988110577970415	0.0314307432037247	0.1417860032071924	1.0	-0.1393882717344906	0.070911645651601	1.0	1.0	both	Q4_low_info	0.0924548352816153	0.05526036131774708												joint_grid_target
K562_essential_day7	ACH-000551	ACTB	168.0	10691.0	1.0	310385.0	8563.0	h5ad_obs	supplementary	ctrl	verified_via_num_features_eq_1	num_features	3.5491622311984563	0.0242510299250438	0.3830031323216207	0.2512509453505593	0.1824323461954186	0.0604952919936573	0.2838704968066512	14.0	-0.3753884308382251	0.3178726180696602	1.0	1.0	both	Q4_low_info	0.20935175345377258	0.1716259298618491												joint_grid_target
K562_essential_day7	ACH-000551	ACTL6A	55.0	10691.0	1.0	310385.0	8563.0	h5ad_obs	supplementary	ctrl	verified_via_num_features_eq_1	num_features	7.932885769949203	0.057537570237245	0.5929785999840228	0.4621283723146637	0.3897578879782124	0.0468980920861297	1.1288735738319495	154.0	-1.318707437487129	0.987065050169683	1.0	1.0	both	middle	0.8947927736450585	0.7290116896918172												joint_grid_target
K562_essential_day7	ACH-000551	ACTR10	116.0	10691.0	1.0	310385.0	8563.0	h5ad_obs	supplementary	ctrl	verified_via_num_features_eq_1	num_features	3.492388312087382	0.0276638081308772	0.2120292030792791	0.170895027543568	0.1471621528644078	0.0360712774503069	0.3674659092234602	4.0	-0.927652954371358	0.9342582521539302	1.0	1.0	both	middle	0.33475026567481403	0.5281615302869288												joint_grid_target
K562_essential_day7	ACH-000551	ACTR1A	143.0	10691.0	1.0	310385.0	8563.0	h5ad_obs	supplementary	ctrl	verified_via_num_features_eq_1	num_features	2.686183395229212	0.0222746499271169	0.1145112894913669	0.103309826490382	0.0945447189054624	0.0270816303034275	0.0782139359911635	0.0	-0.664554535750982	0.7751256352041794	1.0	1.0	both	middle	0.140807651434644	0.3740701381509033												joint_grid_target
K562_essential_day7	ACH-000551	ACTR1B	206.0	10691.0	1.0	310385.0	8563.0	h5ad_obs	supplementary	ctrl	verified_via_num_features_eq_1	num_features	2.2959658422162192	0.018757352332876	0.1196725569906494	0.0978734016465004	0.0849897581585052	0.0304675271560306	0.0593849466355429	1.0	-0.3140122245850869	0.229765584435569	1.0	1.0	both	Q4_low_info	0.03772582359192349	0.14240170031880978												joint_grid_target
K562_essential_day7	ACH-000551	ACTR2	236.0	10691.0	1.0	310385.0	8563.0	h5ad_obs	supplementary	ctrl	verified_via_num_features_eq_1	num_features	2.4167742629800726	0.0181460759248337	0.1669635341121575	0.11660660344779	0.0949422346647196	0.0375218706457992	0.1004028964994923	2.0	-1.0240959290305307	0.9550959701350764	1.0	1.0	both	middle	0.028692879914984058	0.5908607863974495												joint_grid_target
K562_essential_day7	ACH-000551	ACTR3	118.0	10691.0	1.0	310385.0	8563.0	h5ad_obs	supplementary	ctrl	verified_via_num_features_eq_1	num_features	3.153555487115365	0.0254673839671229	0.1626495050338481	0.1329487760238379	0.1158601730314836	0.0304820427334102	0.1095616445087284	1.0	-0.3105403494584876	0.2252419196425454	1.0	1.0	both	middle	0.2534537725823592	0.13974495217853347												joint_grid_target
K562_essential_day7	ACH-000551	ACTR6	108.0	10691.0	1.0	310385.0	8563.0	h5ad_obs	supplementary	ctrl	verified_via_num_features_eq_1	num_features	4.584023704581179	0.0362538109443825	0.2435988023826501	0.2157481705251926	0.1912135310282993	0.0347486163666614	0.3565584518968219	7.0	-0.4087332123465966	0.3715251474486026	1.0	1.0	both	middle	0.5797024442082891	0.19128586609989373												joint_grid_target
K562_essential_day7	ACH-000551	ACTR8	252.0	10691.0	1.0	310385.0	8563.0	h5ad_obs	supplementary	ctrl	verified_via_num_features_eq_1	num_features	4.540418727125064	0.0319497128688651	0.355298549620526	0.2807867147453413	0.233046349419901	0.0513161016045361	0.5397143834205771	27.0	-0.8484159337163043	0.9081986806015684	1.0	1.0	both	middle	0.46439957492029754	0.48405951115834217												joint_grid_target
K562_essential_day7	ACH-000551	ADAT2	85.0	10691.0	1.0	310385.0	8563.0	h5ad_obs	supplementary	ctrl	verified_via_num_features_eq_1	num_features	3.544882592608463	0.0293941171644626	0.1539144150554256	0.1369675904490657	0.1244735515714038	0.0272083029785508	0.158508083275457	0.0	-0.0781936398150496	0.0434372327319659	1.0	1.0	both	middle	0.39107332624867164	0.03772582359192349												joint_grid_target
K562_essential_day7	ACH-000551	ADAT3	125.0	10691.0	1.0	310385.0	8563.0	h5ad_obs	supplementary	ctrl	verified_via_num_features_eq_1	num_features	3.5842711463185046	0.0279322257582162	0.2235209563578372	0.1770338839470301	0.1495276821059759	0.0370079402507517	0.3769046321207945	3.0	-0.3737292032066097	0.3152843912288637	1.0	1.0	both	middle	0.34484590860786396	0.17056323060573858												joint_grid_target
K562_essential_day7	ACH-000551	ADRM1	105.0	10691.0	1.0	310385.0	8563.0	h5ad_obs	supplementary	ctrl	verified_via_num_features_eq_1	num_features	3.277515464665292	0.0264673535453528	0.1730346139860603	0.142928283443972	0.1249056130790852	0.0315320146442433	0.1024460440408496	1.0	-0.1669207141890697	0.0873759716190889	1.0	1.0	both	middle	0.28905419766206164	0.06535600425079703												joint_grid_target
K562_essential_day7	ACH-000551	ADSL	133.0	10691.0	1.0	310385.0	8563.0	h5ad_obs	supplementary	ctrl	verified_via_num_features_eq_1	num_features	3.197504958927072	0.0255296319219157	0.1899884088579206	0.1491754032860878	0.1267870391108294	0.0341190340741335	0.1982654846543035	1.0	-1.657838645651981	0.9965181757880386	1.0	1.0	both	middle	0.255047821466525	0.834750265674814												joint_grid_target
K562_essential_day7	ACH-000551	AHCTF1	290.0	10691.0	1.0	310385.0	8563.0	h5ad_obs	supplementary	ctrl	verified_via_num_features_eq_1	num_features	2.449065053864037	0.0188905149291295	0.1728973905311492	0.1262877632490729	0.1033382467071962	0.0390356607741935	0.1426515294892834	2.0	-0.8219775458282654	0.8966390272125959	1.0	1.0	both	middle	0.04091392136025505	0.46599362380446335												joint_grid_target
K562_essential_day7	ACH-000551	AHCY	147.0	10691.0	1.0	310385.0	8563.0	h5ad_obs	supplementary	ctrl	verified_via_num_features_eq_1	num_features	3.7061199760443135	0.0284556379761407	0.2435368744750654	0.1885437941973056	0.1590812031350704	0.0386890419779028	0.2652788845684508	7.0	-1.2859586470312088	0.9856882225325264	1.0	1.0	both	middle	0.36397449521785336	0.7146652497343252												joint_grid_target
K562_essential_day7	ACH-000551	AIFM1	50.0	10691.0	1.0	310385.0	8563.0	h5ad_obs	supplementary	ctrl	verified_via_num_features_eq_1	num_features	4.493563242002355	0.0367901024305852	0.2181632369411072	0.1839863563536364	0.1642935179869243	0.0292010644005245	0.288089621037507	4.0	0.0299400142419671	0.0171839040296953	1.0	1.0	both	middle	0.5908607863974495	0.012221041445270989												joint_grid_target
K562_essential_day7	ACH-000551	AKIRIN2	169.0	10691.0	1.0	310385.0	8563.0	h5ad_obs	supplementary	ctrl	verified_via_num_features_eq_1	num_features	3.533623350636377	0.0269696419740336	0.2438821402776087	0.1855802925840027	0.1533298274632902	0.0401791490135207	0.3258224454049419	6.0	-0.4804899211790195	0.4948737928144421	1.0	1.0	both	middle	0.30765143464399575	0.23645058448459086												joint_grid_target
K562_essential_day7	ACH-000551	ALDOA	78.0	10691.0	1.0	310385.0	8563.0	h5ad_obs	supplementary	ctrl	verified_via_num_features_eq_1	num_features	7.616218348266302	0.0557848366534843	0.4658027904480948	0.3898515711913689	0.343100859368773	0.0408062967447236	3.163007527935376	146.0	-0.9517176706175704	0.9403122830718808	1.0	1.0	both	middle	0.8788522848034006	0.5462274176408076												joint_grid_target
K562_essential_day7	ACH-000551	ALG1	69.0	10691.0	1.0	310385.0	8563.0	h5ad_obs	supplementary	ctrl	verified_via_num_features_eq_1	num_features	3.811901338934312	0.031571229043547	0.1665901756996063	0.1498830849739187	0.1362872225627283	0.0277207639510072	0.1801473719710511	0.0	-0.5435174592037577	0.6030173966293053	1.0	1.0	both	middle	0.4537725823591923	0.2917109458023379												joint_grid_target
K562_essential_day7	ACH-000551	ALG11	97.0	10691.0	1.0	310385.0	8563.0	h5ad_obs	supplementary	ctrl	verified_via_num_features_eq_1	num_features	3.317277198137736	0.0272556991902189	0.161059180919355	0.1369527343551284	0.123047202850353	0.0293398196894044	0.1574660823805729	0.0	-1.254998830974289	0.9838629332382398	1.0	1.0	both	middle	0.3177470775770457	0.7029755579171094												joint_grid_target
K562_essential_day7	ACH-000551	ALG13	170.0	10691.0	1.0	310385.0	8563.0	h5ad_obs	supplementary	ctrl	verified_via_num_features_eq_1	num_features	3.221198281777503	0.024808205064186	0.2290420839918903	0.1776584077540925	0.1475637564465697	0.0418152293022355	0.1821347045882788	4.0	-0.5926279217257419	0.6804771840233945	1.0	1.0	both	middle	0.22582359192348567	0.3241232731137088												joint_grid_target
K562_essential_day7	ACH-000551	ALG14	183.0	10691.0	1.0	310385.0	8563.0	h5ad_obs	supplementary	ctrl	verified_via_num_features_eq_1	num_features	2.4067992058262204	0.0193669516676142	0.1392675327289156	0.1117446947931299	0.0955875619642402	0.0336906744572414	0.0760503294398606	2.0	-0.5561422556327947	0.6236940986961947	1.0	1.0	both	middle	0.048352816153028694	0.3007438894792774												joint_grid_target
K562_essential_day7	ACH-000551	ALG2	247.0	10691.0	1.0	310385.0	8563.0	h5ad_obs	supplementary	ctrl	verified_via_num_features_eq_1	num_features	2.822139930100493	0.020196794535706	0.2823307793422722	0.1887949562072157	0.1408832704287736	0.0545823211724881	0.2383333318324929	9.0	-1.117725639404624	0.9695627568263976	1.0	1.0	both	middle	0.07013815090329437	0.638682252922423												joint_grid_target
K562_essential_day7	ACH-000551	ALYREF	319.0	10691.0	1.0	310385.0	8563.0	h5ad_obs	supplementary	ctrl	verified_via_num_features_eq_1	num_features	2.6051213112251355	0.019687016725978	0.1865014317560211	0.1466356496899435	0.1210508849395052	0.0434914330293041	0.1586283072549559	2.0	-1.2105779339910698	0.980287775796484	1.0	1.0	both	middle	0.05579171094580234	0.6806588735387885												joint_grid_target
K562_essential_day7	ACH-000551	ANAPC1	124.0	10691.0	1.0	310385.0	8563.0	h5ad_obs	supplementary	ctrl	verified_via_num_features_eq_1	num_features	3.379332843307494	0.0268624009296784	0.1878014501956305	0.1570443431461833	0.1367313592339763	0.0341366996408938	0.2941650663583637	1.0	-1.5024327420215495	0.9909655193558876	1.0	1.0	both	middle	0.30340063761955366	0.7890541976620616												joint_grid_target
K562_essential_day7	ACH-000551	ANAPC10	29.0	10691.0	1.0	310385.0	8563.0	h5ad_obs	supplementary	ctrl	verified_via_num_features_eq_1	num_features	5.798735570125353	0.0476633490728805	0.2831146333381592	0.2403351990725479	0.2134797759725823	0.0294426493641988	0.5434198217096142	10.0	-1.2861392657663815	0.985697253557718	1.0	1.0	both	middle	0.78586609989373	0.7151965993623804												joint_grid_target
K562_essential_day7	ACH-000551	ANAPC11	77.0	10691.0	1.0	310385.0	8563.0	h5ad_obs	supplementary	ctrl	verified_via_num_features_eq_1	num_features	3.939552775817306	0.0315158003597508	0.2114045666529792	0.171275783201274	0.1502269951592074	0.0317330401856028	0.2708654175181042	2.0	-2.137598390492478	1.0	1.0	1.0	both	middle	0.45164718384697133	0.9609458023379384												joint_grid_target
K562_essential_day7	ACH-000551	ANAPC13	112.0	10691.0	1.0	310385.0	8563.0	h5ad_obs	supplementary	ctrl	verified_via_num_features_eq_1	num_features	3.13062125504144	0.0256329351560104	0.155886844141569	0.1304086124884193	0.1152238142354142	0.0297065348206908	0.1263032973589393	2.0	-0.9605698169553476	0.9423657563726124	1.0	1.0	both	middle	0.2592986184909671	0.5515409139213603												joint_grid_target
K562_essential_day7	ACH-000551	ANAPC15	424.0	10691.0	1.0	310385.0	8563.0	h5ad_obs	supplementary	ctrl	verified_via_num_features_eq_1	num_features	1.6065777157102257	0.0132207083131801	0.071186019949912	0.0642407352663669	0.0584118233090137	0.0283726460189471	0.0318247550124457	0.0	-1.3473283418464992	0.987889086744036	1.0	1.0	both	middle	0.003188097768331562	0.7412327311370882												joint_grid_target
K562_essential_day7	ACH-000551	ANAPC2	237.0	10691.0	1.0	310385.0	8563.0	h5ad_obs	supplementary	ctrl	verified_via_num_features_eq_1	num_features	2.897449578981887	0.0221952622699242	0.1870969683691373	0.1512196141670598	0.1290030470155228	0.0397824847276188	0.2930724631938322	1.0	-1.578248654136062	0.9936053817413212	1.0	1.0	both	Q3_dep_excess	0.13868225292242295	0.8129649309245484												joint_grid_target
K562_essential_day7	ACH-000551	ANAPC4	63.0	10691.0	1.0	310385.0	8563.0	h5ad_obs	supplementary	ctrl	verified_via_num_features_eq_1	num_features	5.520814795866878	0.0431127709621715	0.3179845144632958	0.2658091209776526	0.2305469930537848	0.0360004560711641	0.9855778794868008	22.0	-1.2434293239864875	0.9830426074463712	1.0	1.0	both	middle	0.7109458023379384	0.6950053134962806												joint_grid_target
K562_essential_day7	ACH-000551	ANAPC5	40.0	10691.0	1.0	310385.0	8563.0	h5ad_obs	supplementary	ctrl	verified_via_num_features_eq_1	num_features	5.295465382678591	0.0431947020998292	0.2653980723759465	0.2210088816826498	0.1966800806248623	0.0298760587081065	0.4008243758128369	7.0	-1.2733832894022126	0.9850143484423488	1.0	1.0	both	middle	0.7125398512221042	0.7114771519659936												joint_grid_target
K562_essential_day7	ACH-000551	ANKLE2	126.0	10691.0	1.0	310385.0	8563.0	h5ad_obs	supplementary	ctrl	verified_via_num_features_eq_1	num_features	3.0428274944193943	0.0248169691732812	0.1536301209183124	0.127928162432514	0.1134267730570797	0.0300996524361274	0.1253400874167916	1.0	-2.52250300158539	1.0	1.0	1.0	both	Q3_dep_excess	0.22688629117959616	0.9609458023379384												joint_grid_target
K562_essential_day7	ACH-000551	ANKRD11	260.0	10691.0	1.0	310385.0	8563.0	h5ad_obs	supplementary	ctrl	verified_via_num_features_eq_1	num_features	3.261104596712401	0.0227465035535173	0.3303095034592678	0.2217610076932621	0.16709376018628	0.056926515014521	0.4208551481641667	10.0	-0.0967938012871545	0.0506000142857949	1.0	1.0	both	Q4_low_info	0.15568544102019127	0.04303931987247609												joint_grid_target
K562_essential_day7	ACH-000551	ANKRD49	144.0	10691.0	1.0	310385.0	8563.0	h5ad_obs	supplementary	ctrl	verified_via_num_features_eq_1	num_features	2.819106082169268	0.0229802361038848	0.1369432947801931	0.117400735145695	0.1044427891261358	0.0298304902133009	0.139692370226502	1.0	-0.5745803163816168	0.6529991700483915	1.0	1.0	both	middle	0.15993623804463336	0.31243358129649307												joint_grid_target
K562_essential_day7	ACH-000551	ANKS6	95.0	10691.0	1.0	310385.0	8563.0	h5ad_obs	supplementary	ctrl	verified_via_num_features_eq_1	num_features	3.3776518490803173	0.027776491751957	0.1537401137097544	0.1367125145622607	0.1233018985610791	0.0287392175178006	0.156760854739673	0.0	-0.2962934557868899	0.2073774431120377	1.0	1.0	both	middle	0.3379383634431456	0.1339001062699256												joint_grid_target
K562_essential_day7	ACH-000551	ANLN	96.0	10691.0	1.0	310385.0	8563.0	h5ad_obs	supplementary	ctrl	verified_via_num_features_eq_1	num_features	3.202792111986079	0.0263559844228732	0.1496170372721989	0.1288360930211368	0.11575852612715	0.0285431805334091	0.112271628701249	0.0	0.1699566398476729	0.0051276800321084	1.0	1.0	both	middle	0.2842720510095643	0.005313496280552604												joint_grid_target
K562_essential_day7	ACH-000551	AP2M1	215.0	10691.0	1.0	310385.0	8563.0	h5ad_obs	supplementary	ctrl	verified_via_num_features_eq_1	num_features	2.3109248945871763	0.0186887165138633	0.1286120300802834	0.101711371598477	0.0878937183882941	0.0317785512922342	0.067611114437982	2.0	-1.0611516507684442	0.961296929840996	1.0	1.0	both	middle	0.036663124335812966	0.6105207226354942												joint_grid_target
K562_essential_day7	ACH-000551	AP2S1	123.0	10691.0	1.0	310385.0	8563.0	h5ad_obs	supplementary	ctrl	verified_via_num_features_eq_1	num_features	4.261664350495332	0.0318734903310532	0.3041810460050947	0.2316765086490106	0.1924338365285748	0.0424420581698828	0.6744097957676463	8.0	-1.5062376323265538	0.9910792979795596	1.0	1.0	both	middle	0.4622741764080765	0.7901168969181721												joint_grid_target
K562_essential_day7	ACH-000551	AQP7	108.0	10691.0	1.0	310385.0	8563.0	h5ad_obs	supplementary	ctrl	verified_via_num_features_eq_1	num_features	3.1269739615897696	0.025621336346959	0.1662075534665862	0.137402874440376	0.1189125558059332	0.0313139678057386	0.0961104088502331	3.0	-0.5115040183853931	0.5488172395659165	1.0	1.0	both	middle	0.25823591923485656	0.2640807651434644												joint_grid_target
K562_essential_day7	ACH-000551	AQR	90.0	10691.0	1.0	310385.0	8563.0	h5ad_obs	supplementary	ctrl	verified_via_num_features_eq_1	num_features	15.488198426955206	0.1113893838070112	1.006265287405964	0.8565910948130105	0.7371492479791145	0.044902840410154	11.054662426241226	908.0	-1.364935886175327	0.9882694353038765	1.0	1.0	both	middle	0.9994686503719448	0.7492029755579172												joint_grid_target
K562_essential_day7	ACH-000551	ARCN1	333.0	10691.0	1.0	310385.0	8563.0	h5ad_obs	supplementary	ctrl	verified_via_num_features_eq_1	num_features	3.8295782606503175	0.027534397887063	0.2591130614540627	0.2152496102340517	0.1838955927661382	0.0456468538921359	0.662659308477977	8.0	-1.0379154619554631	0.9574909968119228	1.0	1.0	both	middle	0.3289054197662062	0.5982996811902231												joint_grid_target
K562_essential_day7	ACH-000551	ARF4	89.0	10691.0	1.0	310385.0	8563.0	h5ad_obs	supplementary	ctrl	verified_via_num_features_eq_1	num_features	3.491803582709633	0.0283636000120474	0.1740972086831061	0.1464203798134012	0.1302186243386875	0.030142844778084	0.1333706030528336	2.0	-0.3018356509485668	0.214178526880743	1.0	1.0	both	middle	0.36238044633368754	0.13549415515409138												joint_grid_target
K562_essential_day7	ACH-000551	ARFRP1	138.0	10691.0	1.0	310385.0	8563.0	h5ad_obs	supplementary	ctrl	verified_via_num_features_eq_1	num_features	2.7063520443744524	0.0223649229201201	0.1262242248843307	0.1091078614056162	0.0973505529428441	0.0284860805461902	0.0887825443972261	1.0	-0.7434986189093183	0.8493201724908613	1.0	1.0	both	middle	0.14187035069075452	0.4208289054197662												joint_grid_target
K562_essential_day7	ACH-000551	ARGFX	84.0	10691.0	1.0	310385.0	8563.0	h5ad_obs	supplementary	ctrl	verified_via_num_features_eq_1	num_features	3.646703157657127	0.0299732643236642	0.1730713353304499	0.1494056630727634	0.1324238910696921	0.0291056348153541	0.1746314016120234	2.0	-0.2743047734869296	0.1815876039097718	1.0	1.0	both	middle	0.4032943676939426	0.11955366631243358												joint_grid_target
K562_essential_day7	ACH-000551	ARGLU1	498.0	10691.0	1.0	310385.0	8563.0	h5ad_obs	supplementary	ctrl	verified_via_num_features_eq_1	num_features	3.020527321472722	0.0213592209174929	0.2348697839097507	0.1805850382078589	0.1486986859499215	0.0493674185210538	0.1965437867976049	4.0	-0.6706869241956387	0.7820351420642598	1.0	1.0	both	middle	0.10520722635494155	0.37778958554729014												joint_grid_target
K562_essential_day7	ACH-000551	ARID3A	31.0	10691.0	1.0	310385.0	8563.0	h5ad_obs	supplementary	ctrl	verified_via_num_features_eq_1	num_features	6.381139840510532	0.0513294864870648	0.3911972346117714	0.3071943758531052	0.2581748553829245	0.0349454309939244	0.5410339853691166	35.0	-0.4632752863915323	0.464792732692444	1.0	1.0	both	Q2_shift_excess	0.8310308182784272	0.22794899043570668												joint_grid_target
K562_essential_day7	ACH-000551	ARIH1	59.0	10691.0	1.0	310385.0	8563.0	h5ad_obs	supplementary	ctrl	verified_via_num_features_eq_1	num_features	5.518562940434669	0.0435510038795992	0.3197541190199444	0.2632495914531492	0.226358596003711	0.0352950332968081	0.8019269275795775	19.0	-1.308582397752969	0.986694874057886	1.0	1.0	both	middle	0.7189160467587673	0.7242295430393199												joint_grid_target
K562_essential_day7	ACH-000551	ARL2	74.0	10691.0	1.0	310385.0	8563.0	h5ad_obs	supplementary	ctrl	verified_via_num_features_eq_1	num_features	5.593613689946173	0.0432309510245913	0.3321614591380456	0.2744450029126696	0.2394482528142233	0.037068464658794	1.1174826715325104	22.0	-1.9975618225686584	0.9999882417922702	1.0	1.0	both	middle	0.7130712008501594	0.9017003188097769												joint_grid_target
K562_essential_day7	ACH-000551	ARL4D	120.0	10691.0	1.0	310385.0	8563.0	h5ad_obs	supplementary	ctrl	verified_via_num_features_eq_1	num_features	3.0608839671120145	0.0250902456494512	0.1543315086242784	0.1284886070370317	0.1129759052716341	0.0299022430966159	0.1232057345937356	1.0	-0.2656189909159999	0.1720383317117796	1.0	1.0	both	Q4_low_info	0.24070138150903295	0.11370882040382571												joint_grid_target
K562_essential_day7	ACH-000551	ARMC6	86.0	10691.0	1.0	310385.0	8563.0	h5ad_obs	supplementary	ctrl	verified_via_num_features_eq_1	num_features	3.563165768698944	0.0294495661151221	0.1512756715539141	0.1398718965306864	0.1274342846369316	0.0277329215548182	0.1316202789519351	0.0	-0.47128679071664	0.4787831154700369	1.0	1.0	both	middle	0.3931987247608927	0.23432518597236981												joint_grid_target
K562_essential_day7	ACH-000551	ARMC7	110.0	10691.0	1.0	310385.0	8563.0	h5ad_obs	supplementary	ctrl	verified_via_num_features_eq_1	num_features	4.319895001083582	0.0330032161837108	0.2911443516206128	0.2394889014094656	0.2010839395780518	0.0423714364954156	0.3920376785228683	14.0	-1.2615614789899954	0.9843015646557312	1.0	1.0	both	middle	0.4920297555791711	0.7056323060573858												joint_grid_target
K562_essential_day7	ACH-000551	ARPC2	227.0	10691.0	1.0	310385.0	8563.0	h5ad_obs	supplementary	ctrl	verified_via_num_features_eq_1	num_features	2.5361461716189035	0.0199998669578578	0.1516768704677412	0.115386182538132	0.0969861094495866	0.0336876533062253	0.1101462203018872	2.0	-0.1667308615121644	0.0872530238902052	1.0	1.0	both	Q4_low_info	0.06535600425079703	0.06482465462274177												joint_grid_target
K562_essential_day7	ACH-000551	ARPC3	141.0	10691.0	1.0	310385.0	8563.0	h5ad_obs	supplementary	ctrl	verified_via_num_features_eq_1	num_features	2.7273070287728327	0.0222495986505283	0.1368123281463146	0.1142027159302179	0.1014011743298247	0.0299707983200135	0.0759818729041885	1.0	-0.2629314359002901	0.1691233087911342	1.0	1.0	both	Q4_low_info	0.14027630180658873	0.11158342189160468												joint_grid_target
K562_essential_day7	ACH-000551	ARPC4	220.0	10691.0	1.0	310385.0	8563.0	h5ad_obs	supplementary	ctrl	verified_via_num_features_eq_1	num_features	2.7771766756893794	0.0214567325675251	0.192636162815558	0.1444031185332448	0.1184246204714914	0.0392967871396674	0.128152539024219	3.0	-0.4382447120073929	0.4214121042833791	1.0	1.0	both	Q4_low_info	0.10892667375132838	0.21413390010626993												joint_grid_target
K562_essential_day7	ACH-000551	ASF1B	284.0	10691.0	1.0	310385.0	8563.0	h5ad_obs	supplementary	ctrl	verified_via_num_features_eq_1	num_features	1.953748641958763	0.0159551724745225	0.0984395854998098	0.0830283697886881	0.0729958300241316	0.030385687563865	0.0476498948163808	0.0	-0.3346324604756519	0.2576213505191337	1.0	1.0	both	Q4_low_info	0.010626992561105207	0.14984059511158343												joint_grid_target
K562_essential_day7	ACH-000551	ATF4	72.0	10691.0	1.0	310385.0	8563.0	h5ad_obs	supplementary	ctrl	verified_via_num_features_eq_1	num_features	4.532585541515505	0.0352431343746087	0.3087956894482121	0.2331174618128155	0.1947098334979835	0.0386228520416107	0.4461276212650329	10.0	-1.0239216757668	0.9550653178147234	1.0	1.0	both	middle	0.553134962805526	0.5903294367693943												joint_grid_target
K562_essential_day7	ACH-000551	ATF5	141.0	10691.0	1.0	310385.0	8563.0	h5ad_obs	supplementary	ctrl	verified_via_num_features_eq_1	num_features	8.716515400820557	0.0593439448665199	0.6732706627197963	0.5535735888725656	0.4664267686387431	0.0544681982436125	3.614417783212408	228.0	-0.2344128181896147	0.140585620647804	1.0	1.0	both	Q2_shift_excess	0.9070138150903294	0.09670563230605739												joint_grid_target
K562_essential_day7	ACH-000551	ATL2	120.0	10691.0	1.0	310385.0	8563.0	h5ad_obs	supplementary	ctrl	verified_via_num_features_eq_1	num_features	3.224022606073962	0.0261067225259048	0.169089016101328	0.1453646783654732	0.126778301602362	0.0325125174805443	0.1661708281568454	0.0	-1.6406901581552653	0.9959398486587352	1.0	1.0	both	middle	0.2778958554729012	0.8304994686503719												joint_grid_target
K562_essential_day7	ACH-000551	ATP1A1	84.0	10691.0	1.0	310385.0	8563.0	h5ad_obs	supplementary	ctrl	verified_via_num_features_eq_1	num_features	6.783145490306942	0.050390583450806	0.4822449241235302	0.3866463567969475	0.3209943436504954	0.0448031547999809	1.648559646869277	79.0	-0.5912137048045828	0.6783867023279748	1.0	1.0	both	middle	0.8188097768331563	0.32199787460148777												joint_grid_target
K562_essential_day7	ACH-000551	ATP2A2	158.0	10691.0	1.0	310385.0	8563.0	h5ad_obs	supplementary	ctrl	verified_via_num_features_eq_1	num_features	2.649227048445008	0.0214665435791299	0.1453394019737919	0.1172928377980089	0.1013955318958197	0.031904609373021	0.0789249712559154	1.0	-0.8532164135664158	0.9101277246894024	1.0	1.0	both	middle	0.11052072263549416	0.4867162592986185												joint_grid_target
K562_essential_day7	ACH-000551	ATP6AP1	119.0	10691.0	1.0	310385.0	8563.0	h5ad_obs	supplementary	ctrl	verified_via_num_features_eq_1	num_features	4.402197864564372	0.0334840854382323	0.2657453937490096	0.2233331954965012	0.1949985830693057	0.0389456448231872	0.6886643237757397	8.0	-1.0909212857547312	0.9658066243015042	1.0	1.0	both	middle	0.5079702444208289	0.6259298618490967												joint_grid_target
K562_essential_day7	ACH-000551	ATP6AP2	175.0	10691.0	1.0	310385.0	8563.0	h5ad_obs	supplementary	ctrl	verified_via_num_features_eq_1	num_features	2.926687542190096	0.0231340342477815	0.1725418585779161	0.1403054699886604	0.1207758590526735	0.0354133726136001	0.2139319077504335	3.0	-1.4953058992557358	0.9907642410256052	1.0	1.0	both	Q3_dep_excess	0.1636556854410202	0.7885228480340064												joint_grid_target
K562_essential_day7	ACH-000551	ATP6V0B	147.0	10691.0	1.0	310385.0	8563.0	h5ad_obs	supplementary	ctrl	verified_via_num_features_eq_1	num_features	3.715568804204502	0.0272264570910241	0.2585675917614393	0.1916196468909954	0.1588584488747274	0.0410953765769828	0.3937030162955501	4.0	-1.9613183060510613	0.9999726354498928	1.0	1.0	both	middle	0.3161530286928799	0.8969181721572795												joint_grid_target
K562_essential_day7	ACH-000551	ATP6V0C	53.0	10691.0	1.0	310385.0	8563.0	h5ad_obs	supplementary	ctrl	verified_via_num_features_eq_1	num_features	6.495581224346602	0.0489927055749076	0.4373531384923056	0.3509426356763516	0.2957328616592216	0.0418262347042884	1.6100654786809248	63.0	-2.733775543957251	1.0	1.0	1.0	both	Q1_anchor	0.8065887353878852	0.9609458023379384												joint_grid_target
K562_essential_day7	ACH-000551	ATP6V0D1	101.0	10691.0	1.0	310385.0	8563.0	h5ad_obs	supplementary	ctrl	verified_via_num_features_eq_1	num_features	3.342527859293176	0.0275724122245501	0.1537906213649707	0.1347743032456646	0.1204665662765466	0.028541473648117	0.1495683568765056	1.0	-0.8176443899975193	0.8945349174594953	1.0	1.0	both	middle	0.33049946865037194	0.4638682252922423												joint_grid_target
K562_essential_day7	ACH-000551	ATP6V1A	96.0	10691.0	1.0	310385.0	8563.0	h5ad_obs	supplementary	ctrl	verified_via_num_features_eq_1	num_features	4.317805857355805	0.0327613564810279	0.3166190763884218	0.2452701187102878	0.2009465772553415	0.0437146319455962	0.541187711646792	17.0	-1.6491060812744855	0.9962285327639294	1.0	1.0	both	middle	0.485653560042508	0.832624867162593												joint_grid_target
K562_essential_day7	ACH-000551	ATP6V1B2	442.0	10691.0	1.0	310385.0	8563.0	h5ad_obs	supplementary	ctrl	verified_via_num_features_eq_1	num_features	5.1311290063529285	0.0345760609246853	0.4135609959220237	0.3319069829653615	0.2715526887421899	0.0560512026173081	1.4253994813882311	45.0	-2.536641946818019	1.0	1.0	1.0	both	middle	0.5345377258235919	0.9609458023379384												joint_grid_target
K562_essential_day7	ACH-000551	ATP6V1C1	59.0	10691.0	1.0	310385.0	8563.0	h5ad_obs	supplementary	ctrl	verified_via_num_features_eq_1	num_features	4.358336631122296	0.0352822254057837	0.2505957021951975	0.1961082860607932	0.1681069547071976	0.0324551809022688	0.2282216516512161	6.0	-0.8875993622907745	0.9224597206475448	1.0	1.0	both	middle	0.5547290116896918	0.51009564293305												joint_grid_target
K562_essential_day7	ACH-000551	ATP6V1D	139.0	10691.0	1.0	310385.0	8563.0	h5ad_obs	supplementary	ctrl	verified_via_num_features_eq_1	num_features	2.9809239666181764	0.024149972767444	0.1493257811305966	0.1277464491402623	0.1125349797276237	0.0308870372757112	0.1505178818972652	0.0	-0.6123952841516811	0.708972129143813	1.0	1.0	both	middle	0.206163655685441	0.3363443145589798												joint_grid_target
K562_essential_day7	ACH-000551	ATP6V1E1	188.0	10691.0	1.0	310385.0	8563.0	h5ad_obs	supplementary	ctrl	verified_via_num_features_eq_1	num_features	2.474176713150319	0.0197451027947286	0.1392283972614255	0.108331930780393	0.0931387882901042	0.032036210958347	0.0701053346905613	1.0	-1.3078503685096317	0.9866657580840884	1.0	1.0	both	middle	0.0589798087141339	0.7236981934112646												joint_grid_target
K562_essential_day7	ACH-000551	ATP6V1F	72.0	10691.0	1.0	310385.0	8563.0	h5ad_obs	supplementary	ctrl	verified_via_num_features_eq_1	num_features	3.893440927595967	0.0302538139303481	0.2433054258806847	0.1821818812703594	0.1533478552875985	0.0351616390355374	0.1702393492210987	2.0	-2.279566419314538	1.0	1.0	1.0	both	middle	0.41445270988310307	0.9609458023379384												joint_grid_target
K562_essential_day7	ACH-000551	ATP6V1G1	67.0	10691.0	1.0	310385.0	8563.0	h5ad_obs	supplementary	ctrl	verified_via_num_features_eq_1	num_features	4.185225797452093	0.032954815463736	0.2546082742581722	0.1924490832963513	0.1622586520843252	0.0340989513263376	0.2646385598894181	5.0	-1.2630214004348683	0.984390873779848	1.0	1.0	both	middle	0.48990435706695007	0.7066950053134963												joint_grid_target
K562_essential_day7	ACH-000551	ATP6V1H	84.0	10691.0	1.0	310385.0	8563.0	h5ad_obs	supplementary	ctrl	verified_via_num_features_eq_1	num_features	4.2641549420133416	0.034527425182532	0.2149511337655372	0.1864154376008834	0.1667344666621492	0.0315254824947594	0.4765099631103542	4.0	-0.868041297266957	0.9157281810714452	1.0	1.0	both	middle	0.5313496280552603	0.49681190223166843												joint_grid_target
K562_essential_day7	ACH-000551	ATR	141.0	10691.0	1.0	310385.0	8563.0	h5ad_obs	supplementary	ctrl	verified_via_num_features_eq_1	num_features	4.187553273080239	0.0324586959976751	0.2146557191419948	0.190484280603237	0.1716082794816377	0.0342666882884918	0.6406118196377726	2.0	-1.302057369373632	0.9864353454160294	1.0	1.0	both	middle	0.47874601487778956	0.7215727948990436												joint_grid_target
K562_essential_day7	ACH-000551	ATRIP	184.0	10691.0	1.0	310385.0	8563.0	h5ad_obs	supplementary	ctrl	verified_via_num_features_eq_1	num_features	3.560310251805801	0.0276503568066511	0.1947618227770616	0.1633700832584181	0.1422739489809404	0.0344997422766928	0.479393652815391	1.0	-0.5731842391241972	0.6508364610135331	1.0	1.0	both	middle	0.33421891604675874	0.31190223166843783												joint_grid_target
K562_essential_day7	ACH-000551	AURKA	58.0	10691.0	1.0	310385.0	8563.0	h5ad_obs	supplementary	ctrl	verified_via_num_features_eq_1	num_features	5.098989441814324	0.0398267830392001	0.3130421554691597	0.2628420000364446	0.2249472597134933	0.0385357304314758	0.9376476675753906	21.0	-2.0891354708202208	0.9999999995264084	1.0	1.0	both	middle	0.6455897980871413	0.9187035069075452												joint_grid_target
K562_essential_day7	ACH-000551	AURKAIP1	76.0	10691.0	1.0	310385.0	8563.0	h5ad_obs	supplementary	ctrl	verified_via_num_features_eq_1	num_features	4.141376204193786	0.0322467127984547	0.2428241479333757	0.1861557562336121	0.1587207227113442	0.0337081626264248	0.2334123651142672	2.0	-0.1303477622435889	0.0660925048275981	1.0	1.0	both	middle	0.47502656748140276	0.052603613177470775												joint_grid_target
K562_essential_day7	ACH-000551	AURKB	33.0	10691.0	1.0	310385.0	8563.0	h5ad_obs	supplementary	ctrl	verified_via_num_features_eq_1	num_features	5.737758302959643	0.0465314234577259	0.2813909962027896	0.2457847920063376	0.2204275096615233	0.0308427241202532	0.7641466466568527	17.0	-2.2603089381259323	1.0	1.0	1.0	both	Q1_anchor	0.769394261424017	0.9609458023379384												joint_grid_target
K562_essential_day7	ACH-000551	BANF1	162.0	10691.0	1.0	310385.0	8563.0	h5ad_obs	supplementary	ctrl	verified_via_num_features_eq_1	num_features	2.840581885962344	0.0223868748324856	0.1623137652715817	0.1250140934356073	0.1069474013662688	0.032606904018722	0.1093874578730798	1.0	-2.097138450330223	0.999999999993398	1.0	1.0	both	Q3_dep_excess	0.14240170031880978	0.9202975557917109												joint_grid_target
K562_essential_day7	ACH-000551	BANP	110.0	10691.0	1.0	310385.0	8563.0	h5ad_obs	supplementary	ctrl	verified_via_num_features_eq_1	num_features	4.281699130684372	0.0324914455905021	0.3395857927932398	0.2616845673749478	0.2064686245335547	0.047027634848462	0.3281684301580831	22.0	-0.7667247886249958	0.865661106777089	1.0	1.0	both	middle	0.47927736450584485	0.43358129649309246												joint_grid_target
K562_essential_day7	ACH-000551	BAP1	200.0	10691.0	1.0	310385.0	8563.0	h5ad_obs	supplementary	ctrl	verified_via_num_features_eq_1	num_features	4.483920322880261	0.0321451708179171	0.3914223184344879	0.2908558370088279	0.2329353740689357	0.0528331015077327	0.635084452027245	23.0	-0.1898201048575288	0.1032577222072168	1.0	1.0	both	middle	0.4707757704569607	0.07492029755579172												joint_grid_target
K562_essential_day7	ACH-000551	BARD1	140.0	10691.0	1.0	310385.0	8563.0	h5ad_obs	supplementary	ctrl	verified_via_num_features_eq_1	num_features	2.6820848181296424	0.0221197501546265	0.1165139478564923	0.1045216121570715	0.094928972115154	0.0275911589280857	0.0738732810858504	0.0	-0.075721405295089	0.0425593624202919	1.0	1.0	both	Q4_low_info	0.13443145589798086	0.036663124335812966												joint_grid_target
K562_essential_day7	ACH-000551	BCAR1	246.0	10691.0	1.0	310385.0	8563.0	h5ad_obs	supplementary	ctrl	verified_via_num_features_eq_1	num_features	2.047031263283577	0.016759174727506	0.094851923255168	0.0829179717168637	0.075101184895101	0.0288895050668906	0.0477356945483329	0.0	-0.2843454772012208	0.1930786901741116	1.0	1.0	both	Q4_low_info	0.015409139213602551	0.12646121147715197												joint_grid_target
K562_essential_day7	ACH-000551	BCAS2	227.0	10691.0	1.0	310385.0	8563.0	h5ad_obs	supplementary	ctrl	verified_via_num_features_eq_1	num_features	6.525703581635264	0.0461358991120406	0.4716745002192916	0.3904703494969872	0.3283211962773495	0.0494189066477705	1.992320251890444	85.0	-1.0354931251629882	0.9570785931065056	1.0	1.0	both	middle	0.7640807651434643	0.5967056323060573												joint_grid_target
K562_essential_day7	ACH-000551	BCL2L1	173.0	10691.0	1.0	310385.0	8563.0	h5ad_obs	supplementary	ctrl	verified_via_num_features_eq_1	num_features	2.680192467709519	0.0213969789374813	0.1736289499802116	0.1320434966012471	0.1092850091517453	0.0360336799938153	0.0898652284027221	3.0	-1.3517935621334227	0.9879959796704304	1.0	1.0	both	middle	0.1073326248671626	0.7438894792773645												joint_grid_target
K562_essential_day7	ACH-000551	BCLAF1	51.0	10691.0	1.0	310385.0	8563.0	h5ad_obs	supplementary	ctrl	verified_via_num_features_eq_1	num_features	4.971620542426955	0.0396703699467153	0.2756189095185742	0.2195711414335318	0.1902257998518839	0.0323186394344322	0.3978859074163079	4.0	-0.7517181530317306	0.8553945021842022	1.0	1.0	both	middle	0.6434643995749203	0.4250797024442083												joint_grid_target
K562_essential_day7	ACH-000551	BCR	561.0	10691.0	1.0	310385.0	8563.0	h5ad_obs	supplementary	ctrl	verified_via_num_features_eq_1	num_features	8.602048241247623	0.0556102838732182	0.7752639862460743	0.5564388150550714	0.4483824144361352	0.0584260283904665	4.017886533200235	195.0	-1.5605635254677963	0.9929341403938682	1.0	1.0	both	Q1_anchor	0.8783209351753454	0.8065887353878852												joint_grid_target
K562_essential_day7	ACH-000551	BCS1L	70.0	10691.0	1.0	310385.0	8563.0	h5ad_obs	supplementary	ctrl	verified_via_num_features_eq_1	num_features	3.808618121540536	0.0313119780105323	0.1757048042476516	0.1548605161946029	0.1384496759478689	0.028878475269451	0.1728091125609445	1.0	-0.4959382691830833	0.5218294490482236	1.0	1.0	both	middle	0.44739638682252925	0.2502656748140276												joint_grid_target
K562_essential_day7	ACH-000551	BDP1	331.0	10691.0	1.0	310385.0	8563.0	h5ad_obs	supplementary	ctrl	verified_via_num_features_eq_1	num_features	4.610822323316478	0.0322039485325721	0.3372059898241545	0.2753531155047581	0.232470483795488	0.0499257883302965	1.1761574084666666	24.0	-1.3020030993474188	0.986433186862016	1.0	1.0	both	middle	0.47449521785334753	0.7210414452709883												joint_grid_target
K562_essential_day7	ACH-000551	BET1	131.0	10691.0	1.0	310385.0	8563.0	h5ad_obs	supplementary	ctrl	verified_via_num_features_eq_1	num_features	3.359232517083443	0.0269655423095376	0.1616704392923851	0.1461282092551889	0.1315350902242843	0.031642367021129	0.2961933135709937	0.0	-0.2571563607631401	0.1630655096464583	1.0	1.0	both	middle	0.3065887353878852	0.10945802337938364												joint_grid_target
K562_essential_day7	ACH-000551	BGLAP	236.0	10691.0	1.0	310385.0	8563.0	h5ad_obs	supplementary	ctrl	verified_via_num_features_eq_1	num_features	3.964745906393572	0.0292075624966997	0.2426129742849206	0.2061604793725086	0.1814926574386582	0.0412148915160839	0.8485208707313134	6.0	-0.0639920413998507	0.0385874384691822	1.0	1.0	both	middle	0.38629117959617426	0.0334750265674814												joint_grid_target
K562_essential_day7	ACH-000551	BIRC5	46.0	10691.0	1.0	310385.0	8563.0	h5ad_obs	supplementary	ctrl	verified_via_num_features_eq_1	num_features	4.667562044208016	0.038145170655565	0.2195605209777364	0.1919816964432484	0.1726878264235102	0.0293876137468858	0.4060779172931354	3.0	-1.7574420079246214	0.9988900666445996	1.0	1.0	both	middle	0.6179596174282678	0.859192348565356												joint_grid_target
K562_essential_day7	ACH-000551	BMS1	28.0	10691.0	1.0	310385.0	8563.0	h5ad_obs	supplementary	ctrl	verified_via_num_features_eq_1	num_features	8.700935242225889	0.0674518814640859	0.5110901190651066	0.4260452818627771	0.3681973950782011	0.0368812602221772	3.2045304545020343	174.0	-1.219024459357016	0.9810522361713496	1.0	1.0	both	middle	0.9537725823591924	0.6865037194473964												joint_grid_target
K562_essential_day7	ACH-000551	BNIP1	111.0	10691.0	1.0	310385.0	8563.0	h5ad_obs	supplementary	ctrl	verified_via_num_features_eq_1	num_features	4.810814963841051	0.0363879849198163	0.2991837208155581	0.2479892707962624	0.2153165310519957	0.0397941237199574	1.005218755342577	17.0	-0.2534693005831511	0.1592387331093922	1.0	1.0	both	middle	0.5834218916046758	0.10520722635494155												joint_grid_target
K562_essential_day7	ACH-000551	BOP1	253.0	10691.0	1.0	310385.0	8563.0	h5ad_obs	supplementary	ctrl	verified_via_num_features_eq_1	num_features	2.299093018148404	0.0186098005458247	0.1095699480250622	0.0980204798851441	0.0887383406579803	0.0307552432411838	0.1325865689183682	0.0	-1.0324128485704962	0.9565541749147828	1.0	1.0	both	middle	0.03506907545164718	0.5956429330499469												joint_grid_target
K562_essential_day7	ACH-000551	BORA	55.0	10691.0	1.0	310385.0	8563.0	h5ad_obs	supplementary	ctrl	verified_via_num_features_eq_1	num_features	5.362470933341437	0.0419594624577924	0.3471481739591235	0.2686079619103821	0.2258055706374859	0.0373794602607243	0.8939218186312274	16.0	-0.8425362351707791	0.9057901280086224	1.0	1.0	both	middle	0.6870350690754516	0.4771519659936238												joint_grid_target
K562_essential_day7	ACH-000551	BPTF	56.0	10691.0	1.0	310385.0	8563.0	h5ad_obs	supplementary	ctrl	verified_via_num_features_eq_1	num_features	4.911194229658758	0.0400107742343994	0.2441833736344546	0.209178538697349	0.1853372202330738	0.0305270072411134	0.3752407753065974	5.0	-0.6791438789773989	0.7911744875298239	1.0	1.0	both	middle	0.6482465462274176	0.3873538788522848												joint_grid_target
K562_essential_day7	ACH-000551	BRCA1	104.0	10691.0	1.0	310385.0	8563.0	h5ad_obs	supplementary	ctrl	verified_via_num_features_eq_1	num_features	3.454110079687339	0.0272869056753345	0.2249587231694267	0.1724779488008386	0.1440149750001119	0.0369082411354119	0.2793953970182237	4.0	-0.1964003063582457	0.108245817509162	1.0	1.0	both	middle	0.31827842720510097	0.08023379383634431												joint_grid_target
K562_essential_day7	ACH-000551	BRCA2	147.0	10691.0	1.0	310385.0	8563.0	h5ad_obs	supplementary	ctrl	verified_via_num_features_eq_1	num_features	3.036650111098931	0.0242267708286556	0.1850928159119939	0.1453916492840513	0.1226296142902825	0.0350419279443503	0.2008595148385392	3.0	-0.3761838846092852	0.3191134452844685	1.0	1.0	both	Q4_low_info	0.20828905419766205	0.17268862911795962												joint_grid_target
K562_essential_day7	ACH-000551	BRD4	116.0	10691.0	1.0	310385.0	8563.0	h5ad_obs	supplementary	ctrl	verified_via_num_features_eq_1	num_features	3.341353113413293	0.0269580219678528	0.1978325229079674	0.1578500464100721	0.1345019771568805	0.0341901299408143	0.2214524430789399	4.0	-1.2066479176270526	0.9799131702854772	1.0	1.0	both	middle	0.3055260361317747	0.6785334750265675												joint_grid_target
K562_essential_day7	ACH-000551	BRD8	77.0	10691.0	1.0	310385.0	8563.0	h5ad_obs	supplementary	ctrl	verified_via_num_features_eq_1	num_features	5.912633227449604	0.0429122633724749	0.5030735402568369	0.3604979550346515	0.2892023538949951	0.0490529854170136	1.1293551298771582	41.0	-0.565625779624239	0.6389110446967862	1.0	1.0	both	middle	0.7098831030818279	0.30765143464399575												joint_grid_target
K562_essential_day7	ACH-000551	BRF1	166.0	10691.0	1.0	310385.0	8563.0	h5ad_obs	supplementary	ctrl	verified_via_num_features_eq_1	num_features	2.941463499898764	0.0234891778277285	0.1576290564612838	0.1362423918103534	0.1200883954659974	0.0338679183292502	0.2507395353379351	0.0	-1.0990956632509732	0.9669797012987796	1.0	1.0	both	middle	0.17800212539851223	0.630712008501594												joint_grid_target
K562_essential_day7	ACH-000551	BRF2	174.0	10691.0	1.0	310385.0	8563.0	h5ad_obs	supplementary	ctrl	verified_via_num_features_eq_1	num_features	2.488573863467638	0.0204455537950996	0.1200562634803142	0.1035920336494542	0.0924167322451761	0.0295849977613387	0.0621905419710593	0.0	-1.577195264492799	0.9935650748345304	1.0	1.0	both	Q3_dep_excess	0.077577045696068	0.8124335812964931												joint_grid_target
K562_essential_day7	ACH-000551	BRIP1	132.0	10691.0	1.0	310385.0	8563.0	h5ad_obs	supplementary	ctrl	verified_via_num_features_eq_1	num_features	2.939784544280808	0.0242254079533262	0.1324719586212415	0.1183077837385331	0.1069203640657235	0.0285158472613357	0.1509357157520927	0.0	-0.4452256723470894	0.4334408712578242	1.0	1.0	both	Q4_low_info	0.2077577045696068	0.22051009564293306												joint_grid_target
K562_essential_day7	ACH-000551	BRIX1	132.0	10691.0	1.0	310385.0	8563.0	h5ad_obs	supplementary	ctrl	verified_via_num_features_eq_1	num_features	5.440608462997044	0.0400139151170643	0.3647591442936321	0.3053112948222655	0.2602166157551887	0.0445528904440159	1.464925931936893	44.0	-0.7416783107527047	0.847973519971581	1.0	1.0	both	middle	0.6487778958554729	0.42029755579171096												joint_grid_target
K562_essential_day7	ACH-000551	BRK1	180.0	10691.0	1.0	310385.0	8563.0	h5ad_obs	supplementary	ctrl	verified_via_num_features_eq_1	num_features	2.671640925854989	0.0201395007133466	0.1556071504694255	0.1139759260220014	0.0954725662307713	0.0330452080230242	0.0643152995571121	1.0	0.0348639347900825	0.0164668390783679	1.0	1.0	both	Q4_low_info	0.06801275239107332	0.010626992561105207												joint_grid_target
K562_essential_day7	ACH-000551	BTF3	79.0	10691.0	1.0	310385.0	8563.0	h5ad_obs	supplementary	ctrl	verified_via_num_features_eq_1	num_features	5.410207445455005	0.0398966689738518	0.3673643198311127	0.2762636618820522	0.230785620622085	0.0404325550978856	0.5653473840066177	12.0	-0.3942313915255545	0.347771978609304	1.0	1.0	both	middle	0.6471838469713072	0.1806588735387885												joint_grid_target
K562_essential_day7	ACH-000551	BTF3L4	141.0	10691.0	1.0	310385.0	8563.0	h5ad_obs	supplementary	ctrl	verified_via_num_features_eq_1	num_features	2.7668292843251847	0.0221784288817941	0.162701234208146	0.1229941918251953	0.1038030229653593	0.0323815688474176	0.0765232893393328	2.0	-0.5567645779602187	0.6247015133138503	1.0	1.0	both	middle	0.1365568544102019	0.3018065887353879												joint_grid_target
K562_essential_day7	ACH-000551	BUB1	648.0	10691.0	1.0	310385.0	8563.0	h5ad_obs	supplementary	ctrl	verified_via_num_features_eq_1	num_features	1.584834851777346	0.012269263386998	0.1011388293140886	0.0771376333633506	0.0647326331375215	0.0367106336628008	0.0600767584924817	1.0	-0.5281557320670711	0.5772650549871889	1.0	1.0	both	middle	0.0021253985122210413	0.2789585547290117												joint_grid_target
K562_essential_day7	ACH-000551	BUB1B	141.0	10691.0	1.0	310385.0	8563.0	h5ad_obs	supplementary	ctrl	verified_via_num_features_eq_1	num_features	3.012958788213975	0.024157591249886	0.1581539667065225	0.1327944482863736	0.1171370108843394	0.032097436666003	0.2530501607844932	0.0	-0.5224611458185255	0.5676003418196635	1.0	1.0	both	middle	0.20669500531349627	0.27417640807651433												joint_grid_target
K562_essential_day7	ACH-000551	BUB3	409.0	10691.0	1.0	310385.0	8563.0	h5ad_obs	supplementary	ctrl	verified_via_num_features_eq_1	num_features	3.709805631821184	0.0264921404904408	0.2717443441316148	0.2214989295249759	0.1850014295333493	0.048820097508906	0.4275032756898227	10.0	-1.4290318029258802	0.9893270356628664	1.0	1.0	both	middle	0.29011689691817216	0.7699256110520722												joint_grid_target
K562_essential_day7	ACH-000551	BUD13	174.0	10691.0	1.0	310385.0	8563.0	h5ad_obs	supplementary	ctrl	verified_via_num_features_eq_1	num_features	7.189888515251015	0.0534640490830538	0.4389458621920143	0.3692334648362014	0.3210246816790609	0.0403258257480077	2.6002200642508395	101.0	-0.1915449010951567	0.1045124033944331	1.0	1.0	both	Q2_shift_excess	0.8581296493092455	0.07598299681190224												joint_grid_target
K562_essential_day7	ACH-000551	BUD31	37.0	10691.0	1.0	310385.0	8563.0	h5ad_obs	supplementary	ctrl	verified_via_num_features_eq_1	num_features	6.710970656567699	0.0533078418275003	0.3516817901558712	0.3080815957635598	0.2733533733256892	0.0337457212671892	1.2509280191527683	57.0	-2.5434526128678963	1.0	1.0	1.0	both	Q1_anchor	0.8575982996811902	0.9609458023379384												joint_grid_target
K562_essential_day7	ACH-000551	BYSL	98.0	10691.0	1.0	310385.0	8563.0	h5ad_obs	supplementary	ctrl	verified_via_num_features_eq_1	num_features	6.633273713898734	0.0496205223502084	0.4159881553204605	0.35240385529357	0.3065603281279367	0.0414689825052638	2.6809454583771206	87.0	-1.4437559430781093	0.9895846137488822	1.0	1.0	both	Q1_anchor	0.8113708820403825	0.7725823591923485												joint_grid_target
K562_essential_day7	ACH-000551	C12orf60	110.0	10691.0	1.0	310385.0	8563.0	h5ad_obs	supplementary	ctrl	verified_via_num_features_eq_1	num_features	6.1725593570012105	0.0459161603053221	0.3798269965088321	0.3268389758777867	0.284694781826004	0.0415635216438853	1.7148239771240394	65.0	0.0706878879212487	0.0120432874202353	1.0	1.0	both	Q2_shift_excess	0.759298618490967	0.009032943676939426												joint_grid_target
K562_essential_day7	ACH-000551	C16orf86	184.0	10691.0	1.0	310385.0	8563.0	h5ad_obs	supplementary	ctrl	verified_via_num_features_eq_1	num_features	2.369405743491872	0.0195851236169058	0.1012445412578505	0.0914550322974483	0.0832988466603761	0.0272662461281817	0.0590649829214893	0.0	-0.0295629758713927	0.0288060780424077	1.0	1.0	both	Q4_low_info	0.052072263549415514	0.022848034006376194												joint_grid_target
K562_essential_day7	ACH-000551	C17orf58	58.0	10691.0	1.0	310385.0	8563.0	h5ad_obs	supplementary	ctrl	verified_via_num_features_eq_1	num_features	4.334391759996516	0.0349945047450332	0.2413656932928193	0.1933542260009077	0.1670432165809694	0.0322624895797715	0.2301997080494278	5.0	-0.1914314860264792	0.1044299010385535	1.0	1.0	both	middle	0.5472901168969182	0.07545164718384698												joint_grid_target
K562_essential_day7	ACH-000551	C19orf25	189.0	10691.0	1.0	310385.0	8563.0	h5ad_obs	supplementary	ctrl	verified_via_num_features_eq_1	num_features	2.478895940190157	0.0196026610907116	0.1681481369653578	0.1216673263317976	0.1001684975812619	0.0362412353723262	0.0544041946029718	3.0	0.1852173300680973	0.0045034020173015	1.0	1.0	both	Q4_low_info	0.0536663124335813	0.004250797024442083												joint_grid_target
K562_essential_day7	ACH-000551	C19orf53	169.0	10691.0	1.0	310385.0	8563.0	h5ad_obs	supplementary	ctrl	verified_via_num_features_eq_1	num_features	2.763728956029535	0.0215146776818443	0.163206283168954	0.1236183948376255	0.103630378000278	0.0335499839086037	0.101315927310658	1.0	-0.5780885044097053	0.6584338191009467	1.0	1.0	both	middle	0.11317747077577045	0.3145589798087141												joint_grid_target
K562_essential_day7	ACH-000551	C1D	160.0	10691.0	1.0	310385.0	8563.0	h5ad_obs	supplementary	ctrl	verified_via_num_features_eq_1	num_features	2.9486046906957823	0.0234004063285816	0.1813993297393906	0.139087172654771	0.1175530794649948	0.034706253979247	0.1961936741783017	3.0	-0.5504026731417175	0.6143682564485771	1.0	1.0	both	middle	0.17215727948990436	0.2964930924548353												joint_grid_target
K562_essential_day7	ACH-000551	C1QBP	210.0	10691.0	1.0	310385.0	8563.0	h5ad_obs	supplementary	ctrl	verified_via_num_features_eq_1	num_features	4.1263803113999815	0.0284980261859103	0.3195143523250408	0.2432152722660779	0.1989131581605764	0.0498333543753125	0.7627390839589623	11.0	-0.7622061313573727	0.8626882534896959	1.0	1.0	both	middle	0.3655685441020191	0.43251859723698194												joint_grid_target
K562_essential_day7	ACH-000551	C1QTNF4	199.0	10691.0	1.0	310385.0	8563.0	h5ad_obs	supplementary	ctrl	verified_via_num_features_eq_1	num_features	2.313534457428689	0.0189102292119331	0.1202190004647763	0.1011166334118656	0.0884491224723158	0.0312226577887503	0.0630674173252927	1.0	-0.0833401403606769	0.0453125049196856	1.0	1.0	both	Q4_low_info	0.04144527098831031	0.039319872476089264												joint_grid_target
K562_essential_day7	ACH-000551	C6orf15	164.0	10691.0	1.0	310385.0	8563.0	h5ad_obs	supplementary	ctrl	verified_via_num_features_eq_1	num_features	2.5543965207498696	0.021071297828331	0.1191054627915937	0.1033090941127041	0.0921984776507545	0.0286280210630943	0.092613049656542	0.0	0.0069900998749145	0.0209938351943278	1.0	1.0	both	Q4_low_info	0.09564293304994687	0.01487778958554729												joint_grid_target
K562_essential_day7	ACH-000551	C9orf78	201.0	10691.0	1.0	310385.0	8563.0	h5ad_obs	supplementary	ctrl	verified_via_num_features_eq_1	num_features	2.446438146663358	0.0186164000571061	0.1510326840469867	0.1103721960810007	0.0916524712879218	0.0346184836404488	0.0546645295057519	1.0	-0.6310948494373918	0.7342641269049854	1.0	1.0	both	middle	0.035600425079702444	0.35069075451647186												joint_grid_target
K562_essential_day7	ACH-000551	CA5A	190.0	10691.0	1.0	310385.0	8563.0	h5ad_obs	supplementary	ctrl	verified_via_num_features_eq_1	num_features	2.370710307616349	0.0195250392516112	0.1149473411255375	0.0978155659996734	0.0868027422991478	0.0292523066167599	0.0743999662268208	0.0	-0.5583837472663925	0.6273226225937483	1.0	1.0	both	middle	0.04994686503719448	0.30340063761955366												joint_grid_target
K562_essential_day7	ACH-000551	CACNB3	316.0	10691.0	1.0	310385.0	8563.0	h5ad_obs	supplementary	ctrl	verified_via_num_features_eq_1	num_features	1.8161185857844395	0.0149376537092049	0.0915399901728877	0.0775381756792804	0.0681853705126445	0.0303093938971915	0.0370567057751944	0.0	-0.246954456358045	0.1526911904945976	1.0	1.0	both	Q4_low_info	0.006376195536663124	0.10255047821466524												joint_grid_target
K562_essential_day7	ACH-000551	CACTIN	60.0	10691.0	1.0	310385.0	8563.0	h5ad_obs	supplementary	ctrl	verified_via_num_features_eq_1	num_features	7.395295521388908	0.0570659597370328	0.4006352508595453	0.3438767458244346	0.3077476318432131	0.0351859874082616	2.11113570732393	110.0	-0.9485042738042924	0.9395336459683112	1.0	1.0	both	middle	0.8900106269925611	0.5435706695005313												joint_grid_target
K562_essential_day7	ACH-000551	CADM4	381.0	10691.0	1.0	310385.0	8563.0	h5ad_obs	supplementary	ctrl	verified_via_num_features_eq_1	num_features	1.7264880942771723	0.0141461991600125	0.0807373497402791	0.070199268375296	0.0629498629900815	0.0289758962605719	0.0445987764252695	0.0	0.208390548948891	0.0036889339385897	1.0	1.0	both	Q4_low_info	0.005313496280552604	0.003188097768331562												joint_grid_target
K562_essential_day7	ACH-000551	CAMLG	99.0	10691.0	1.0	310385.0	8563.0	h5ad_obs	supplementary	ctrl	verified_via_num_features_eq_1	num_features	3.7108838300573046	0.0301032520729449	0.1937434828541942	0.1607925609947405	0.1400477670595218	0.0311886514908073	0.3529360567027311	2.0	-0.6885963860890054	0.800980437748879	1.0	1.0	both	middle	0.4070138150903294	0.39213602550478216												joint_grid_target
K562_essential_day7	ACH-000551	CAP1	26.0	10691.0	1.0	310385.0	8563.0	h5ad_obs	supplementary	ctrl	verified_via_num_features_eq_1	num_features	6.41489480895085	0.052278834135956	0.318228690367237	0.2650582873567716	0.2352468816266627	0.0296046242961747	0.5936613180697581	20.0	-0.6490465214367706	0.7568806419263631	1.0	1.0	both	middle	0.8437832093517534	0.36397449521785336												joint_grid_target
K562_essential_day7	ACH-000551	CAPZB	83.0	10691.0	1.0	310385.0	8563.0	h5ad_obs	supplementary	ctrl	verified_via_num_features_eq_1	num_features	4.833876950773931	0.0341372639602974	0.4847024440841236	0.3333324609666798	0.2495847982209478	0.0570155028226969	0.5817518174889411	27.0	-1.290287011599817	0.9859046428801704	1.0	1.0	both	middle	0.5249734325185972	0.7167906482465463												joint_grid_target
K562_essential_day7	ACH-000551	CBLL1	102.0	10691.0	1.0	310385.0	8563.0	h5ad_obs	supplementary	ctrl	verified_via_num_features_eq_1	num_features	4.772219848429955	0.0369776694064562	0.2661274758602502	0.2290844731252019	0.2000835992651511	0.0361743036302182	0.4310830128855958	10.0	-0.5360937534374216	0.5906356751495082	1.0	1.0	both	middle	0.5951115834218916	0.2858660998937301												joint_grid_target
K562_essential_day7	ACH-000551	CBLN1	214.0	10691.0	1.0	310385.0	8563.0	h5ad_obs	supplementary	ctrl	verified_via_num_features_eq_1	num_features	2.6391872287526272	0.0207320299607731	0.1777883948360376	0.1317307159135848	0.1077265150128807	0.0371013134459509	0.123955933261719	5.0	-0.1218763155512741	0.0618259493313869	1.0	1.0	both	Q4_low_info	0.08607863974495218	0.04994686503719448												joint_grid_target
K562_essential_day7	ACH-000551	CBX1	151.0	10691.0	1.0	310385.0	8563.0	h5ad_obs	supplementary	ctrl	verified_via_num_features_eq_1	num_features	2.7187461489991955	0.0219805638816443	0.159624408928234	0.1216587180296133	0.1035875203788175	0.0323182969197069	0.105223853069063	3.0	-0.6164711445549855	0.7145847473187112	1.0	1.0	both	middle	0.13177470775770456	0.33953241232731135												joint_grid_target
K562_essential_day7	ACH-000551	CCAR1	48.0	10691.0	1.0	310385.0	8563.0	h5ad_obs	supplementary	ctrl	verified_via_num_features_eq_1	num_features	5.031975565232759	0.0403603062521363	0.3040186110955539	0.2332772378555245	0.1957414907800077	0.0337490825821486	0.332148926753435	11.0	-0.2253620877963774	0.1323094925289827	1.0	1.0	both	middle	0.6578108395324124	0.09086078639744952												joint_grid_target
K562_essential_day7	ACH-000551	CCDC137	198.0	10691.0	1.0	310385.0	8563.0	h5ad_obs	supplementary	ctrl	verified_via_num_features_eq_1	num_features	2.541802245775055	0.0201691942521533	0.1495433461028304	0.1200778631920624	0.1018370375544144	0.0347630971827772	0.1246811177080555	2.0	-0.5798018582324356	0.6610880316616305	1.0	1.0	both	middle	0.06907545164718384	0.3150903294367694												joint_grid_target
K562_essential_day7	ACH-000551	CCDC144A	117.0	10691.0	1.0	310385.0	8563.0	h5ad_obs	supplementary	ctrl	verified_via_num_features_eq_1	num_features	3.0033607603763275	0.0247291799929764	0.1318563135020117	0.1187336364304818	0.1082390872019312	0.0280354875933326	0.1014819002496381	0.0	0.1064743234060163	0.0088314746349891	1.0	1.0	both	Q4_low_info	0.22369819341126462	0.007438894792773645												joint_grid_target
K562_essential_day7	ACH-000551	CCDC174	104.0	10691.0	1.0	310385.0	8563.0	h5ad_obs	supplementary	ctrl	verified_via_num_features_eq_1	num_features	6.299802626566637	0.046148896808503	0.4108273811222608	0.3471064603138696	0.2995344589637822	0.0439182911475116	1.849801164613801	74.0	-0.3618729005365919	0.2971380889605267	1.0	1.0	both	Q2_shift_excess	0.7646121147715197	0.1620616365568544												joint_grid_target
K562_essential_day7	ACH-000551	CCDC59	125.0	10691.0	1.0	310385.0	8563.0	h5ad_obs	supplementary	ctrl	verified_via_num_features_eq_1	num_features	4.259262830442446	0.0322498759844229	0.303626901769453	0.2395748761590754	0.1986088832116276	0.0433767773980624	0.8077538477356594	18.0	-0.3352446470416466	0.2584808083724713	1.0	1.0	both	middle	0.47555791710945805	0.15090329436769395												joint_grid_target
K562_essential_day7	ACH-000551	CCDC78	142.0	10691.0	1.0	310385.0	8563.0	h5ad_obs	supplementary	ctrl	verified_via_num_features_eq_1	num_features	3.817114165324292	0.0292788285158755	0.2678360373811935	0.2103207118777713	0.1709965880318239	0.0419442474987353	0.5092983761468144	9.0	-0.3434179500772705	0.2700328281476262	1.0	1.0	both	middle	0.38788522848034007	0.15462274176408078												joint_grid_target
K562_essential_day7	ACH-000551	CCDC86	253.0	10691.0	1.0	310385.0	8563.0	h5ad_obs	supplementary	ctrl	verified_via_num_features_eq_1	num_features	5.23736966836765	0.0365475513027665	0.3848427645193787	0.3229928098792194	0.2720813648476705	0.0516034372577901	1.9301514907923327	54.0	-0.7376113604844843	0.844791861639611	1.0	1.0	both	middle	0.5866099893730075	0.4165781083953241												joint_grid_target
K562_essential_day7	ACH-000551	CCNA2	24.0	10691.0	1.0	310385.0	8563.0	h5ad_obs	supplementary	ctrl	verified_via_num_features_eq_1	num_features	6.534986441723095	0.0531880732786992	0.385581960078636	0.298549054510453	0.2509171068576707	0.0327752114341795	0.7919727109525336	27.0	-1.237415419255938	0.9825816772306344	1.0	1.0	both	middle	0.8544102019128587	0.69394261424017												joint_grid_target
K562_essential_day7	ACH-000551	CCNB1	158.0	10691.0	1.0	310385.0	8563.0	h5ad_obs	supplementary	ctrl	verified_via_num_features_eq_1	num_features	2.9423994609712247	0.0230674369365347	0.1657970875833486	0.1344430326163487	0.115885158166929	0.0340316509806438	0.1291862942973161	1.0	-0.6596566035211098	0.7695089833495016	1.0	1.0	both	middle	0.16153028692879914	0.3703506907545165												joint_grid_target
K562_essential_day7	ACH-000551	CCND1	146.0	10691.0	1.0	310385.0	8563.0	h5ad_obs	supplementary	ctrl	verified_via_num_features_eq_1	num_features	2.631250222371912	0.0217075329821113	0.1108439558738854	0.1004965685150944	0.0926210631776049	0.0270324136041325	0.0870898675649947	0.0	-0.0896842634135659	0.0477360270631939	1.0	1.0	both	Q4_low_info	0.12008501594048884	0.04144527098831031												joint_grid_target
K562_essential_day7	ACH-000551	CCNH	79.0	10691.0	1.0	310385.0	8563.0	h5ad_obs	supplementary	ctrl	verified_via_num_features_eq_1	num_features	5.962172374233186	0.0448095933800086	0.4040145068294496	0.3312625354003763	0.2798520055513122	0.0431663550809421	1.543348810302259	55.0	-1.129880336391733	0.9711793721760772	1.0	1.0	both	middle	0.7422954303931987	0.6439957492029755												joint_grid_target
K562_essential_day7	ACH-000551	CCNK	327.0	10691.0	1.0	310385.0	8563.0	h5ad_obs	supplementary	ctrl	verified_via_num_features_eq_1	num_features	2.8078136078584945	0.0203662055539091	0.2173391751182331	0.1670448408197662	0.1358665851428211	0.0478924444932238	0.254425032967438	2.0	-1.371457185084491	0.9883946736602346	1.0	1.0	both	Q3_dep_excess	0.07385759829968119	0.7513283740701382												joint_grid_target
K562_essential_day7	ACH-000551	CCNL1	177.0	10691.0	1.0	310385.0	8563.0	h5ad_obs	supplementary	ctrl	verified_via_num_features_eq_1	num_features	2.918734308620793	0.0229442291001327	0.1990397505667659	0.1480178268561363	0.1223379498053073	0.0376690453174321	0.1251111413169745	4.0	-0.590851009965956	0.6778391159563512	1.0	1.0	both	middle	0.15834218916046758	0.32146652497343253												joint_grid_target
K562_essential_day7	ACH-000551	CCP110	47.0	10691.0	1.0	310385.0	8563.0	h5ad_obs	supplementary	ctrl	verified_via_num_features_eq_1	num_features	4.536318254560228	0.0375148162773416	0.1943821748833286	0.1747260824592582	0.1602477351458378	0.0271956207437353	0.1754949342760348	2.0	-0.286244866769663	0.195316772401729	1.0	1.0	both	middle	0.6062699256110521	0.12911795961742828												joint_grid_target
K562_essential_day7	ACH-000551	CCT2	199.0	10691.0	1.0	310385.0	8563.0	h5ad_obs	supplementary	ctrl	verified_via_num_features_eq_1	num_features	6.675363433584365	0.0461902229880281	0.5328505414729199	0.4091550092887713	0.3394686254832815	0.0517227817564963	1.639036073453342	97.0	-1.2903567694747855	0.9859081308080732	1.0	1.0	both	middle	0.7656748140276302	0.7173219978746015												joint_grid_target
K562_essential_day7	ACH-000551	CCT3	234.0	10691.0	1.0	310385.0	8563.0	h5ad_obs	supplementary	ctrl	verified_via_num_features_eq_1	num_features	6.18799362167696	0.0423271719371137	0.5251815697344355	0.388920459872763	0.3132005985911315	0.0536519607973107	1.2687460118080462	62.0	-2.360515224818312	1.0	1.0	1.0	both	middle	0.69394261424017	0.9609458023379384												joint_grid_target
K562_essential_day7	ACH-000551	CCT4	251.0	10691.0	1.0	310385.0	8563.0	h5ad_obs	supplementary	ctrl	verified_via_num_features_eq_1	num_features	5.624908621415115	0.039334084950742	0.4619055445552756	0.3440317752856708	0.2821840364784633	0.0510709063634923	1.0917783798822285	44.0	-1.629053401164942	0.995525508418324	1.0	1.0	both	middle	0.6370882040382572	0.8257173219978746												joint_grid_target
K562_essential_day7	ACH-000551	CCT5	66.0	10691.0	1.0	310385.0	8563.0	h5ad_obs	supplementary	ctrl	verified_via_num_features_eq_1	num_features	6.993392179253958	0.0510272149559764	0.5360323365016304	0.3980124668261756	0.3270679853360474	0.0455448074671619	1.3403356272149285	83.0	-1.1943516298425552	0.9787034295511136	1.0	1.0	both	middle	0.8273113708820404	0.6695005313496281												joint_grid_target
K562_essential_day7	ACH-000551	CCT6A	131.0	10691.0	1.0	310385.0	8563.0	h5ad_obs	supplementary	ctrl	verified_via_num_features_eq_1	num_features	5.934146375340272	0.0424555609149814	0.4612597939051351	0.348698256471309	0.2880111676103819	0.047957800099301	1.1907532381123165	50.0	-1.165903898642795	0.9756115332873228	1.0	1.0	both	middle	0.696068012752391	0.6583421891604676												joint_grid_target
K562_essential_day7	ACH-000551	CCT7	152.0	10691.0	1.0	310385.0	8563.0	h5ad_obs	supplementary	ctrl	verified_via_num_features_eq_1	num_features	7.250956952018736	0.0506045434258148	0.6071731135100186	0.4513838297677409	0.3697894290246858	0.0520835462238225	1.878805072156716	123.0	-0.7610566978723113	0.8619117239557652	1.0	1.0	both	middle	0.8209351753453773	0.43092454835281613												joint_grid_target
K562_essential_day7	ACH-000551	CCT8	111.0	10691.0	1.0	310385.0	8563.0	h5ad_obs	supplementary	ctrl	verified_via_num_features_eq_1	num_features	5.625309845662072	0.0407510756195752	0.4451978667222972	0.3272678620579964	0.2661088052081136	0.0468930351459961	0.9410219680487248	32.0	-1.285144712640163	0.9856475254144632	1.0	1.0	both	middle	0.667375132837407	0.71413390010627												joint_grid_target
K562_essential_day7	ACH-000551	CD2BP2	132.0	10691.0	1.0	310385.0	8563.0	h5ad_obs	supplementary	ctrl	verified_via_num_features_eq_1	num_features	3.1667483172827	0.0254942347763205	0.1644671939073498	0.1358323936661302	0.1204786742585149	0.0311103884191236	0.2035328667639522	2.0	-0.4910744087984385	0.5133615818757366	1.0	1.0	both	middle	0.2545164718384697	0.24229543039319873												joint_grid_target
K562_essential_day7	ACH-000551	CDAN1	137.0	10691.0	1.0	310385.0	8563.0	h5ad_obs	supplementary	ctrl	verified_via_num_features_eq_1	num_features	3.547812255972591	0.0280746801556024	0.2032325127138339	0.171079146691165	0.1478594982841908	0.0355816692625794	0.3398075779994993	3.0	-0.3772534117740335	0.3207817991992761	1.0	1.0	both	middle	0.3485653560042508	0.17375132837407015												joint_grid_target
K562_essential_day7	ACH-000551	CDC123	112.0	10691.0	1.0	310385.0	8563.0	h5ad_obs	supplementary	ctrl	verified_via_num_features_eq_1	num_features	3.98430597460868	0.0304781095171321	0.3044848711734474	0.2247802804049973	0.1814761391801995	0.043063987791366	0.5170471414667119	10.0	-2.5907474398371075	1.0	1.0	1.0	both	middle	0.42454835281615305	0.9609458023379384												joint_grid_target
K562_essential_day7	ACH-000551	CDC16	165.0	10691.0	1.0	310385.0	8563.0	h5ad_obs	supplementary	ctrl	verified_via_num_features_eq_1	num_features	3.4561178392718634	0.0264863654651798	0.2322867396048443	0.1833508660894247	0.1544571028551462	0.0404207771131474	0.464632521755723	5.0	-2.963844325209915	1.0	1.0	1.0	both	middle	0.2895855472901169	0.9609458023379384												joint_grid_target
K562_essential_day7	ACH-000551	CDC20	115.0	10691.0	1.0	310385.0	8563.0	h5ad_obs	supplementary	ctrl	verified_via_num_features_eq_1	num_features	3.760762990867561	0.0297961541587752	0.1873939677552331	0.1642888976953306	0.1479379171625294	0.0321952693984473	0.4159575779822901	0.0	-2.25987436438599	1.0	1.0	1.0	both	middle	0.3985122210414453	0.9609458023379384												joint_grid_target
K562_essential_day7	ACH-000551	CDC23	177.0	10691.0	1.0	310385.0	8563.0	h5ad_obs	supplementary	ctrl	verified_via_num_features_eq_1	num_features	3.8931873367704095	0.0284901234553496	0.3092630036263558	0.2331049498582788	0.1898407254205928	0.0477750581995273	0.662507631735302	14.0	-1.4223465647517577	0.989217212508022	1.0	1.0	both	middle	0.3650371944739639	0.7688629117959618												joint_grid_target
K562_essential_day7	ACH-000551	CDC26	45.0	10691.0	1.0	310385.0	8563.0	h5ad_obs	supplementary	ctrl	verified_via_num_features_eq_1	num_features	5.877480675441895	0.0459283729809961	0.3623041802360999	0.297706381111516	0.2543276739797581	0.037848715323578	1.0091161262861164	36.0	-0.5475777965827253	0.6097112075730023	1.0	1.0	both	middle	0.7598299681190224	0.29436769394261425												joint_grid_target
K562_essential_day7	ACH-000551	CDC27	366.0	10691.0	1.0	310385.0	8563.0	h5ad_obs	supplementary	ctrl	verified_via_num_features_eq_1	num_features	2.477737074033087	0.0186034076392911	0.1751942620866563	0.1378810207473815	0.1155981889116544	0.0432768904122238	0.234048653315428	2.0	-1.871437817382258	0.9998245191401384	1.0	1.0	both	Q3_dep_excess	0.03453772582359192	0.8825717321997875												joint_grid_target
K562_essential_day7	ACH-000551	CDC37	174.0	10691.0	1.0	310385.0	8563.0	h5ad_obs	supplementary	ctrl	verified_via_num_features_eq_1	num_features	2.46289547644403	0.0204242783808591	0.1106009853018285	0.0975101133726365	0.0880685074363595	0.0278770619675912	0.066584549027306	0.0	-1.2124695579948888	0.9804631524394858	1.0	1.0	both	middle	0.07704569606801276	0.6822529224229543												joint_grid_target
K562_essential_day7	ACH-000551	CDC40	107.0	10691.0	1.0	310385.0	8563.0	h5ad_obs	supplementary	ctrl	verified_via_num_features_eq_1	num_features	4.7681272213908485	0.0374676527749116	0.2456666933428559	0.2187129468378515	0.1964952816983546	0.0340849032503877	0.7856104004393316	7.0	-1.7325285356641411	0.998461711595652	1.0	1.0	both	middle	0.6052072263549415	0.8549415515409139												joint_grid_target
K562_essential_day7	ACH-000551	CDC42	70.0	10691.0	1.0	310385.0	8563.0	h5ad_obs	supplementary	ctrl	verified_via_num_features_eq_1	num_features	4.050380286854548	0.0320624888591987	0.278355188489196	0.1988324911683517	0.1627261870348458	0.0362104717279681	0.1572677157346742	7.0	-1.181926048787691	0.9774052232722564	1.0	1.0	both	middle	0.4681190223166844	0.6663124335812965												joint_grid_target
K562_essential_day7	ACH-000551	CDC45	92.0	10691.0	1.0	310385.0	8563.0	h5ad_obs	supplementary	ctrl	verified_via_num_features_eq_1	num_features	3.43057453290354	0.0277312977225082	0.1787162162152138	0.1454813888033045	0.1261120854703918	0.0306324198021235	0.1314631579177518	1.0	-2.223499647116738	1.0	1.0	1.0	both	middle	0.3368756641870351	0.9609458023379384												joint_grid_target
K562_essential_day7	ACH-000551	CDC5L	99.0	10691.0	1.0	310385.0	8563.0	h5ad_obs	supplementary	ctrl	verified_via_num_features_eq_1	num_features	8.625952502423175	0.062943722074198	0.5429337743597198	0.4700722348755086	0.4080173005168286	0.0436070030012581	3.609061876655705	213.0	-2.61091723542598	1.0	1.0	1.0	both	Q1_anchor	0.924548352816153	0.9609458023379384												joint_grid_target
K562_essential_day7	ACH-000551	CDC6	192.0	10691.0	1.0	310385.0	8563.0	h5ad_obs	supplementary	ctrl	verified_via_num_features_eq_1	num_features	4.898168870524553	0.0342913080346795	0.3915132489684528	0.3040181931572401	0.2477810440426451	0.0517677849130075	1.2048668754673475	33.0	-0.9126028044738924	0.9301159692591172	1.0	1.0	both	middle	0.5270988310308182	0.5212539851222104												joint_grid_target
K562_essential_day7	ACH-000551	CDC7	95.0	10691.0	1.0	310385.0	8563.0	h5ad_obs	supplementary	ctrl	verified_via_num_features_eq_1	num_features	3.9645746580143	0.0308901097252267	0.265392695556467	0.2039350554673914	0.170592348631912	0.0385492998585259	0.4141089605792079	6.0	-2.217052505523104	1.0	1.0	1.0	both	middle	0.4351753453772582	0.9609458023379384												joint_grid_target
K562_essential_day7	ACH-000551	CDC73	171.0	10691.0	1.0	310385.0	8563.0	h5ad_obs	supplementary	ctrl	verified_via_num_features_eq_1	num_features	10.437814975113112	0.0737954145871404	0.647894822136604	0.5608937286585441	0.4930438215586919	0.0443808144144726	4.762615978964114	426.0	-1.0115860733587598	0.9528341092904864	1.0	1.0	both	middle	0.9729011689691818	0.5839532412327312												joint_grid_target
K562_essential_day7	ACH-000551	CDCA5	61.0	10691.0	1.0	310385.0	8563.0	h5ad_obs	supplementary	ctrl	verified_via_num_features_eq_1	num_features	4.224203665045551	0.0347147166789488	0.18971455739419	0.1708000819231334	0.1554303646331528	0.0287288677317211	0.2502049657180656	0.0	-1.116031436475445	0.969332969866618	1.0	1.0	both	middle	0.5371944739638682	0.6376195536663124												joint_grid_target
K562_essential_day7	ACH-000551	CDCA8	82.0	10691.0	1.0	310385.0	8563.0	h5ad_obs	supplementary	ctrl	verified_via_num_features_eq_1	num_features	3.674151847006738	0.030214284536896	0.16778686151628	0.1478730065988918	0.1324991996746968	0.0285772641194062	0.2094499235530502	0.0	-1.0314937173211034	0.9563972908204444	1.0	1.0	both	middle	0.4128586609989373	0.594048884165781												joint_grid_target
K562_essential_day7	ACH-000551	CDIPT	247.0	10691.0	1.0	310385.0	8563.0	h5ad_obs	supplementary	ctrl	verified_via_num_features_eq_1	num_features	2.360678351017384	0.018573337475158	0.1397166986997016	0.1110676661583371	0.094557366953992	0.0349173886326656	0.0996039942964888	1.0	-1.1438184853701738	0.9729586929034884	1.0	1.0	both	middle	0.0334750265674814	0.6524973432518597												joint_grid_target
K562_essential_day7	ACH-000551	CDK1	347.0	10691.0	1.0	310385.0	8563.0	h5ad_obs	supplementary	ctrl	verified_via_num_features_eq_1	num_features	4.316443198980991	0.0304290525303592	0.318766873261892	0.253633318156014	0.2115460718832793	0.0486700658421582	1.037621570408577	16.0	-2.01925173253644	0.9999931348440204	1.0	1.0	both	middle	0.422422954303932	0.9075451647183846												joint_grid_target
K562_essential_day7	ACH-000551	CDK2	105.0	10691.0	1.0	310385.0	8563.0	h5ad_obs	supplementary	ctrl	verified_via_num_features_eq_1	num_features	3.2869552585448467	0.0265594615447285	0.158313227178399	0.1392801773124608	0.1253080314453804	0.030620628832282	0.1487300711563541	1.0	-0.4640071147610355	0.4660707147793741	1.0	1.0	both	middle	0.29277364505844844	0.2290116896918172												joint_grid_target
K562_essential_day7	ACH-000551	CDK9	140.0	10691.0	1.0	310385.0	8563.0	h5ad_obs	supplementary	ctrl	verified_via_num_features_eq_1	num_features	4.140327417398054	0.0311372778760529	0.2929995081793666	0.2260144005977882	0.1892625376007128	0.0423837646270639	0.42713351756883	12.0	-1.448213944041049	0.989668575621898	1.0	1.0	both	middle	0.4442082890541977	0.7747077577045696												joint_grid_target
K562_essential_day7	ACH-000551	CDT1	28.0	10691.0	1.0	310385.0	8563.0	h5ad_obs	supplementary	ctrl	verified_via_num_features_eq_1	num_features	6.693634952339607	0.0545493506381286	0.3381063440316872	0.2867863482910533	0.2533671524261342	0.0306982026919471	1.030754384349489	34.0	-2.6375081436004275	1.0	1.0	1.0	both	Q1_anchor	0.8708820403825718	0.9609458023379384												joint_grid_target
K562_essential_day7	ACH-000551	CEBPZ	113.0	10691.0	1.0	310385.0	8563.0	h5ad_obs	supplementary	ctrl	verified_via_num_features_eq_1	num_features	5.706843567152244	0.041681191646226	0.3927125465132702	0.3243681117184171	0.276566815016361	0.0454403937719678	2.041293749532251	54.0	-1.2465992422409786	0.9832728091158616	1.0	1.0	both	middle	0.6801275239107333	0.6976620616365569												joint_grid_target
K562_essential_day7	ACH-000551	CENPA	76.0	10691.0	1.0	310385.0	8563.0	h5ad_obs	supplementary	ctrl	verified_via_num_features_eq_1	num_features	3.835500953765749	0.0314690387659957	0.1884770990119152	0.163899325053035	0.145441838352433	0.030411493448665	0.2869900662592179	0.0	-0.7991720620066978	0.8850687683085294	1.0	1.0	both	middle	0.4500531349628055	0.45483528161530284												joint_grid_target
K562_essential_day7	ACH-000551	CENPC	124.0	10691.0	1.0	310385.0	8563.0	h5ad_obs	supplementary	ctrl	verified_via_num_features_eq_1	num_features	4.840319307839803	0.0361498346111067	0.284628178154851	0.245943626449325	0.2166343788393511	0.0397258609428784	1.1365899317993495	17.0	-0.8509573785667298	0.9092397549928704	1.0	1.0	both	middle	0.5786397449521785	0.485653560042508												joint_grid_target
K562_essential_day7	ACH-000551	CENPE	177.0	10691.0	1.0	310385.0	8563.0	h5ad_obs	supplementary	ctrl	verified_via_num_features_eq_1	num_features	3.733952412268787	0.0279439852757809	0.2735103405089746	0.2085299961953138	0.1740138885901915	0.0435736812194289	0.568634282530093	7.0	-0.7353848818445105	0.8430473215646841	1.0	1.0	both	middle	0.34537725823591925	0.41498405951115835												joint_grid_target
K562_essential_day7	ACH-000551	CENPH	63.0	10691.0	1.0	310385.0	8563.0	h5ad_obs	supplementary	ctrl	verified_via_num_features_eq_1	num_features	4.12503780764438	0.0338340515738706	0.1996592688651634	0.1676609797603831	0.1486169318042467	0.0289349044831709	0.2324528921952229	1.0	-0.63935872220146	0.7448615511498536	1.0	1.0	both	middle	0.5159404888416578	0.357066950053135												joint_grid_target
K562_essential_day7	ACH-000551	CENPI	42.0	10691.0	1.0	310385.0	8563.0	h5ad_obs	supplementary	ctrl	verified_via_num_features_eq_1	num_features	5.794996459335587	0.0469171799892747	0.2733711329245831	0.2412444434933462	0.2175390193188801	0.0300240641284688	0.6936158076466157	15.0	-0.5521849284063147	0.6172879822528001	1.0	1.0	both	middle	0.777364505844846	0.29861849096705634												joint_grid_target
K562_essential_day7	ACH-000551	CENPK	97.0	10691.0	1.0	310385.0	8563.0	h5ad_obs	supplementary	ctrl	verified_via_num_features_eq_1	num_features	6.316304815991875	0.0465765005879778	0.414334264408534	0.3429912710016116	0.2931543216012983	0.0429991897519955	2.001706084053394	69.0	-1.5862470430082007	0.9939122354709964	1.0	1.0	both	Q1_anchor	0.7709883103081828	0.8161530286928799												joint_grid_target
K562_essential_day7	ACH-000551	CENPN	147.0	10691.0	1.0	310385.0	8563.0	h5ad_obs	supplementary	ctrl	verified_via_num_features_eq_1	num_features	2.831249611345377	0.0226850508701764	0.1786238647697023	0.1349567714641964	0.1129625822097205	0.0347375338526417	0.1159837641632481	3.0	-1.0833201499659733	0.9646883468807852	1.0	1.0	both	middle	0.153028692879915	0.6222104144527099												joint_grid_target
K562_essential_day7	ACH-000551	CENPT	65.0	10691.0	1.0	310385.0	8563.0	h5ad_obs	supplementary	ctrl	verified_via_num_features_eq_1	num_features	4.337357460138325	0.0351915467763019	0.2254406440945436	0.1910972269383531	0.1681468732722102	0.0317073604287222	0.3269607309081497	5.0	-0.4692333923004302	0.4751972932983324	1.0	1.0	both	middle	0.5520722635494155	0.23219978746014877												joint_grid_target
K562_essential_day7	ACH-000551	CENPW	72.0	10691.0	1.0	310385.0	8563.0	h5ad_obs	supplementary	ctrl	verified_via_num_features_eq_1	num_features	4.069638383571772	0.0322965858454709	0.2842507984982222	0.2043079263680353	0.1640618866874025	0.0369379391789721	0.329055160530034	6.0	-1.3180507446553578	0.9870419223964774	1.0	1.0	both	middle	0.4766206163655685	0.7279489904357067												joint_grid_target
K562_essential_day7	ACH-000551	CEP152	153.0	10691.0	1.0	310385.0	8563.0	h5ad_obs	supplementary	ctrl	verified_via_num_features_eq_1	num_features	3.067676773852318	0.0243557941645871	0.1783500948079279	0.1453007376754143	0.123822370026879	0.0348345002531758	0.212016487634802	2.0	-0.0877597728740378	0.0470008513109842	1.0	1.0	both	Q4_low_info	0.21413390010626993	0.04091392136025505												joint_grid_target
K562_essential_day7	ACH-000551	CEP192	202.0	10691.0	1.0	310385.0	8563.0	h5ad_obs	supplementary	ctrl	verified_via_num_features_eq_1	num_features	3.1310434782278085	0.0240880866387312	0.1912515381784094	0.1562543552535471	0.1346597678569042	0.0378768528703724	0.3537877242571809	4.0	-0.7533082430487704	0.8565042006923428	1.0	1.0	both	middle	0.2013815090329437	0.4256110520722636												joint_grid_target
K562_essential_day7	ACH-000551	CEP68	68.0	10691.0	1.0	310385.0	8563.0	h5ad_obs	supplementary	ctrl	verified_via_num_features_eq_1	num_features	3.8772438078455096	0.0317329375670435	0.193423972319111	0.1663311382767301	0.1463845516478033	0.0306060541743155	0.2207601155561853	3.0	-0.2675738611466665	0.1741586572478043	1.0	1.0	both	middle	0.45589798087141337	0.11636556854410202												joint_grid_target
K562_essential_day7	ACH-000551	CEP85	129.0	10691.0	1.0	310385.0	8563.0	h5ad_obs	supplementary	ctrl	verified_via_num_features_eq_1	num_features	3.1639427863670297	0.025182146609098	0.2005559764178738	0.1534709446873111	0.1278856078783412	0.0355858610526987	0.1487419359410395	3.0	-0.1550113911349706	0.0799125477959276	1.0	1.0	both	Q4_low_info	0.24442082890541977	0.06004250797024442												joint_grid_target
K562_essential_day7	ACH-000551	CEP97	135.0	10691.0	1.0	310385.0	8563.0	h5ad_obs	supplementary	ctrl	verified_via_num_features_eq_1	num_features	2.7226428469348867	0.0225234946519855	0.1181845570275426	0.1049587188549416	0.0958745450600481	0.0272098912831562	0.0768767972568547	0.0	-0.2645915247770946	0.1709239034200466	1.0	1.0	both	Q4_low_info	0.14665249734325186	0.1126461211477152												joint_grid_target
K562_essential_day7	ACH-000551	CFDP1	157.0	10691.0	1.0	310385.0	8563.0	h5ad_obs	supplementary	ctrl	verified_via_num_features_eq_1	num_features	2.733267694246809	0.0221364031632867	0.1471483306345603	0.1192530808346165	0.1037170503897578	0.0314562256854052	0.0963003711838457	2.0	-0.2038781677456419	0.1140957761702341	1.0	1.0	both	Q4_low_info	0.13602550478214664	0.08129649309245483												joint_grid_target
K562_essential_day7	ACH-000551	CFL1	23.0	10691.0	1.0	310385.0	8563.0	h5ad_obs	supplementary	ctrl	verified_via_num_features_eq_1	num_features	6.5954651763649	0.0526033587843566	0.4303698516315402	0.3211212349000731	0.267058897319192	0.0356450813611362	0.5212319815745854	32.0	-1.4210643391871995	0.9891964716823056	1.0	1.0	both	Q1_anchor	0.8480340063761955	0.7683315621679064												joint_grid_target
K562_essential_day7	ACH-000551	CHAF1A	38.0	10691.0	1.0	310385.0	8563.0	h5ad_obs	supplementary	ctrl	verified_via_num_features_eq_1	num_features	9.57263022899776	0.07016078967892	0.7698624210731826	0.5689202305073855	0.4540438783389474	0.0473479269780583	4.524715642747058	258.0	-0.8128638945398704	0.8922008367585926	1.0	1.0	both	middle	0.9628055260361318	0.4628055260361318												joint_grid_target
K562_essential_day7	ACH-000551	CHAF1B	84.0	10691.0	1.0	310385.0	8563.0	h5ad_obs	supplementary	ctrl	verified_via_num_features_eq_1	num_features	8.438863693670006	0.0592460799301271	0.6701361999107287	0.5132700510924431	0.4209473634073256	0.050586002881052	4.161220758851339	180.0	-2.354730303187233	1.0	1.0	1.0	both	Q1_anchor	0.9064824654622742	0.9609458023379384												joint_grid_target
K562_essential_day7	ACH-000551	CHCHD1	84.0	10691.0	1.0	310385.0	8563.0	h5ad_obs	supplementary	ctrl	verified_via_num_features_eq_1	num_features	3.9433181555069816	0.0316942931183094	0.2115130926502082	0.1746867325490732	0.1526046492736339	0.0321827322307393	0.3177277162014409	3.0	-0.7897685042900536	0.8798353443388061	1.0	1.0	both	middle	0.45536663124335813	0.44739638682252925												joint_grid_target
K562_essential_day7	ACH-000551	CHCHD2	90.0	10691.0	1.0	310385.0	8563.0	h5ad_obs	supplementary	ctrl	verified_via_num_features_eq_1	num_features	3.989782169927203	0.0286095063393521	0.2459235768330122	0.1731492336228468	0.1423133007204783	0.0353390011346209	0.1400487240607297	1.0	-0.9583319757410388	0.9418466340027924	1.0	1.0	both	middle	0.3703506907545165	0.5504782146652497												joint_grid_target
K562_essential_day7	ACH-000551	CHCHD4	140.0	10691.0	1.0	310385.0	8563.0	h5ad_obs	supplementary	ctrl	verified_via_num_features_eq_1	num_features	4.348611914588973	0.0323819902044469	0.3126927818221198	0.2476075759525534	0.2047689625253554	0.0446482510752689	1.0118577290627986	16.0	-1.0644370172393116	0.9618097212256984	1.0	1.0	both	middle	0.47768331562167904	0.6131774707757705												joint_grid_target
K562_essential_day7	ACH-000551	CHD4	44.0	10691.0	1.0	310385.0	8563.0	h5ad_obs	supplementary	ctrl	verified_via_num_features_eq_1	num_features	6.408834840890834	0.0486192577432671	0.5217672726365513	0.3727315550730985	0.2951886711123413	0.0447643102690962	0.920355419537458	47.0	-1.5352965577516295	0.9920197750431738	1.0	1.0	both	Q1_anchor	0.8007438894792773	0.7970244420828906												joint_grid_target
K562_essential_day7	ACH-000551	CHEK1	295.0	10691.0	1.0	310385.0	8563.0	h5ad_obs	supplementary	ctrl	verified_via_num_features_eq_1	num_features	5.126717195692923	0.0388535155520479	0.2922988770232529	0.2463709944406478	0.2155321267444651	0.0370257032400166	1.1346307278037724	17.0	-1.56322563508657	0.9930341632071124	1.0	1.0	both	middle	0.6296493092454836	0.808182784272051												joint_grid_target
K562_essential_day7	ACH-000551	CHERP	67.0	10691.0	1.0	310385.0	8563.0	h5ad_obs	supplementary	ctrl	verified_via_num_features_eq_1	num_features	6.280925437427769	0.0461795136909024	0.4458728119821199	0.3683278166839108	0.3094787380326249	0.0465724648798771	1.0197716491047777	77.0	-0.938982280020742	0.937191238884186	1.0	1.0	both	middle	0.7651434643995749	0.5361317747077577												joint_grid_target
K562_essential_day7	ACH-000551	CHMP1A	78.0	10691.0	1.0	310385.0	8563.0	h5ad_obs	supplementary	ctrl	verified_via_num_features_eq_1	num_features	5.347352211888896	0.0401317064424923	0.3923301422281541	0.3011994286105854	0.2457798219279525	0.043823854921166	0.8750591671574899	28.0	-0.4821953612372607	0.4978544394912864	1.0	1.0	both	middle	0.6535600425079703	0.23804463336875664												joint_grid_target
K562_essential_day7	ACH-000551	CHMP2A	93.0	10691.0	1.0	310385.0	8563.0	h5ad_obs	supplementary	ctrl	verified_via_num_features_eq_1	num_features	5.379576660397167	0.039551642689923	0.3945889780918459	0.3140087001771812	0.2611642331861524	0.0463576290315189	0.8721482255161526	38.0	-1.385666192309036	0.988638885497674	1.0	1.0	both	middle	0.6418703506907545	0.7566418703506907												joint_grid_target
K562_essential_day7	ACH-000551	CHMP3	130.0	10691.0	1.0	310385.0	8563.0	h5ad_obs	supplementary	ctrl	verified_via_num_features_eq_1	num_features	12.316881424032012	0.0804876320697412	0.9944769863472944	0.79344271199604	0.6584702968849924	0.0575612855816771	6.567861699991408	543.0	-0.7737958144362769	0.8702284369207975	1.0	1.0	both	middle	0.9840595111583422	0.43889479277364507												joint_grid_target
K562_essential_day7	ACH-000551	CHMP4B	71.0	10691.0	1.0	310385.0	8563.0	h5ad_obs	supplementary	ctrl	verified_via_num_features_eq_1	num_features	3.9923194969537135	0.0329008956364549	0.1854850044368276	0.1615370814129758	0.1448536954481752	0.02866873773571	0.2143395390187716	1.0	-0.50223404556412	0.5327794769293719	1.0	1.0	both	middle	0.48831030818278426	0.2534537725823592												joint_grid_target
K562_essential_day7	ACH-000551	CHMP5	110.0	10691.0	1.0	310385.0	8563.0	h5ad_obs	supplementary	ctrl	verified_via_num_features_eq_1	num_features	3.190237300401132	0.0259779664387673	0.1656261250526789	0.1400074693631127	0.1205247170508457	0.0314695197089367	0.1752195392510671	2.0	-0.3915345532469693	0.3433927758374236	1.0	1.0	both	middle	0.2747077577045696	0.17906482465462273												joint_grid_target
K562_essential_day7	ACH-000551	CHMP6	624.0	10691.0	1.0	310385.0	8563.0	h5ad_obs	supplementary	ctrl	verified_via_num_features_eq_1	num_features	5.166928331939117	0.0340089155729802	0.4541644709924105	0.3427733622682995	0.2775054737233619	0.0588516089851408	1.3325620623181234	42.0	-1.699204067568674	0.9977175572956068	1.0	1.0	both	middle	0.5217853347502657	0.8464399574920297												joint_grid_target
K562_essential_day7	ACH-000551	CHMP7	240.0	10691.0	1.0	310385.0	8563.0	h5ad_obs	supplementary	ctrl	verified_via_num_features_eq_1	num_features	2.089135630465759	0.0172545389984564	0.1012256289541855	0.0873867057820826	0.0777209978852427	0.0295723656841339	0.059056759689092	0.0	0.0955179103770754	0.009710438094079	1.0	1.0	both	Q4_low_info	0.019659936238044632	0.007970244420828906												joint_grid_target
K562_essential_day7	ACH-000551	CHORDC1	259.0	10691.0	1.0	310385.0	8563.0	h5ad_obs	supplementary	ctrl	verified_via_num_features_eq_1	num_features	2.19962593621013	0.0175787243233582	0.1209299376010294	0.0964706031829827	0.0835723938059726	0.032044367136659	0.0775620418408387	1.0	-1.1620757779390114	0.9751712505440178	1.0	1.0	both	middle	0.022848034006376194	0.6556854410201913												joint_grid_target
K562_essential_day7	ACH-000551	CHTF18	97.0	10691.0	1.0	310385.0	8563.0	h5ad_obs	supplementary	ctrl	verified_via_num_features_eq_1	num_features	3.325239524598352	0.0269932096513483	0.1679584241939908	0.1422528062586972	0.1249766573194368	0.0307716210227781	0.2138570401662232	1.0	-0.5342617298739073	0.587567505878035	1.0	1.0	both	middle	0.30871413390010627	0.2842720510095643												joint_grid_target
K562_essential_day7	ACH-000551	CHTF8	45.0	10691.0	1.0	310385.0	8563.0	h5ad_obs	supplementary	ctrl	verified_via_num_features_eq_1	num_features	5.262685102889702	0.0428043980106197	0.2565152695631335	0.2203266543720533	0.197168894953634	0.030055413441374	0.5511661760675732	7.0	-0.7826796048684243	0.8756956269451281	1.0	1.0	both	middle	0.7045696068012752	0.44208289054197664												joint_grid_target
K562_essential_day7	ACH-000551	CHTOP	149.0	10691.0	1.0	310385.0	8563.0	h5ad_obs	supplementary	ctrl	verified_via_num_features_eq_1	num_features	2.7963937082178454	0.0227131473293477	0.1473347566290988	0.1216680943721548	0.1062428275083907	0.0312783221477981	0.1131524459036033	1.0	-0.5846947577547961	0.6685445811240591	1.0	1.0	both	middle	0.15462274176408078	0.3188097768331562												joint_grid_target
K562_essential_day7	ACH-000551	CIAO1	255.0	10691.0	1.0	310385.0	8563.0	h5ad_obs	supplementary	ctrl	verified_via_num_features_eq_1	num_features	2.606594818974348	0.0196228477946526	0.2136890915776917	0.1549516230547649	0.1233131352029234	0.0461081985591846	0.1059745437732075	7.0	-1.4156761412633527	0.9891114361885198	1.0	1.0	both	Q3_dep_excess	0.05472901168969182	0.7656748140276302												joint_grid_target
K562_essential_day7	ACH-000551	CIAPIN1	151.0	10691.0	1.0	310385.0	8563.0	h5ad_obs	supplementary	ctrl	verified_via_num_features_eq_1	num_features	4.411776432016121	0.0321548949177156	0.3420191728185176	0.2666632840381255	0.2206224293537558	0.048423947376099	0.889506363659434	18.0	-1.6968176956189214	0.9976559978401236	1.0	1.0	both	middle	0.47130712008501596	0.8459086078639745												joint_grid_target
K562_essential_day7	ACH-000551	CINP	78.0	10691.0	1.0	310385.0	8563.0	h5ad_obs	supplementary	ctrl	verified_via_num_features_eq_1	num_features	4.534630513182256	0.0358393938090095	0.2499568207494094	0.2162107138942545	0.189778770280778	0.0352257797809911	0.6602916181948899	4.0	-0.7886543687504517	0.8791847205962641	1.0	1.0	both	middle	0.5701381509032943	0.44580233793836344												joint_grid_target
K562_essential_day7	ACH-000551	CKAP5	315.0	10691.0	1.0	310385.0	8563.0	h5ad_obs	supplementary	ctrl	verified_via_num_features_eq_1	num_features	2.375999360435184	0.0184524755850931	0.1498142688774582	0.1191792852196125	0.1004347574402834	0.0377129232563401	0.1638306412022032	2.0	-1.3631310345856629	0.988234774011746	1.0	1.0	both	middle	0.031880977683315624	0.7476089266737513												joint_grid_target
K562_essential_day7	ACH-000551	CLASRP	127.0	10691.0	1.0	310385.0	8563.0	h5ad_obs	supplementary	ctrl	verified_via_num_features_eq_1	num_features	3.3457265098124096	0.0269969335667722	0.1697905549339578	0.1451683924428098	0.1293475100499445	0.0313979786683938	0.194316581891865	2.0	-0.5192716274427696	0.5621447614250329	1.0	1.0	both	middle	0.30924548352816156	0.27045696068012753												joint_grid_target
K562_essential_day7	ACH-000551	CLCC1	47.0	10691.0	1.0	310385.0	8563.0	h5ad_obs	supplementary	ctrl	verified_via_num_features_eq_1	num_features	4.895200769258115	0.0400455671447988	0.2386372711367743	0.2069311304058979	0.183362642362383	0.0301727880300526	0.2420210823830952	1.0	-0.2652234030178447	0.1716092622477085	1.0	1.0	both	middle	0.6514346439957492	0.11317747077577045												joint_grid_target
K562_essential_day7	ACH-000551	CLK2	88.0	10691.0	1.0	310385.0	8563.0	h5ad_obs	supplementary	ctrl	verified_via_num_features_eq_1	num_features	3.5682576900796663	0.0294427390575617	0.1558673507530019	0.1382157345517669	0.1262705139385081	0.0274109026052007	0.1128609986401585	0.0	-0.4695892460841461	0.4758187159981165	1.0	1.0	both	middle	0.3926673751328374	0.2332624867162593												joint_grid_target
K562_essential_day7	ACH-000551	CLNS1A	53.0	10691.0	1.0	310385.0	8563.0	h5ad_obs	supplementary	ctrl	verified_via_num_features_eq_1	num_features	6.317309942487832	0.0485191335361902	0.40108513453277	0.3233582091578507	0.2743007634850763	0.0389148100304757	1.5804429206756971	47.0	-1.807641673426313	0.9994704614312988	1.0	1.0	both	Q1_anchor	0.7986184909670563	0.8719447396386822												joint_grid_target
K562_essential_day7	ACH-000551	CLP1	55.0	10691.0	1.0	310385.0	8563.0	h5ad_obs	supplementary	ctrl	verified_via_num_features_eq_1	num_features	5.9189370447367695	0.046041443205258	0.3317879087263923	0.2868270226119283	0.2520285558139402	0.0363760213933943	0.8220702861664826	39.0	-1.6404407956389984	0.9959310273766198	1.0	1.0	both	Q1_anchor	0.7619553666312433	0.8299681190223167												joint_grid_target
K562_essential_day7	ACH-000551	CLSPN	134.0	10691.0	1.0	310385.0	8563.0	h5ad_obs	supplementary	ctrl	verified_via_num_features_eq_1	num_features	3.948655873595527	0.0299111595436077	0.2495573919305522	0.2032367658166402	0.1750347423448919	0.0396746483540618	0.5687397264271716	5.0	-0.9310108805854114	0.9351553098412207	1.0	1.0	both	middle	0.4022316684378321	0.5302869287991498												joint_grid_target
K562_essential_day7	ACH-000551	CLTC	157.0	10691.0	1.0	310385.0	8563.0	h5ad_obs	supplementary	ctrl	verified_via_num_features_eq_1	num_features	3.8479551752581633	0.0286720489812378	0.266881336942408	0.2080463438252712	0.1759266759715253	0.0423687272819549	0.6161689927518967	7.0	-1.763541805781493	0.9989802779848664	1.0	1.0	both	middle	0.37300743889479276	0.8607863974495218												joint_grid_target
K562_essential_day7	ACH-000551	CMPK1	173.0	10691.0	1.0	310385.0	8563.0	h5ad_obs	supplementary	ctrl	verified_via_num_features_eq_1	num_features	2.5386593184125115	0.0204839571553826	0.1425694043311366	0.1117944757424651	0.0958590050496413	0.0318676871667072	0.0766945129907217	1.0	-0.9084770962634846	0.9289126742264954	1.0	1.0	both	middle	0.07917109458023379	0.5185972369819342												joint_grid_target
K562_essential_day7	ACH-000551	CMTR1	145.0	10691.0	1.0	310385.0	8563.0	h5ad_obs	supplementary	ctrl	verified_via_num_features_eq_1	num_features	6.7699400767300215	0.0451368262124693	0.6473932874585382	0.5158060892314135	0.4040563838607738	0.0667266784107707	2.3278751365482826	97.0	-0.6752191655106003	0.7869540142203835	1.0	1.0	both	middle	0.7492029755579172	0.38097768331562165												joint_grid_target
K562_essential_day7	ACH-000551	CNIH4	67.0	10691.0	1.0	310385.0	8563.0	h5ad_obs	supplementary	ctrl	verified_via_num_features_eq_1	num_features	5.464421020951569	0.0421804693040599	0.3457265952699508	0.2815940831221324	0.2413285584898581	0.0389812873948741	0.9891587672124142	28.0	-0.7019677315489484	0.8141325596330119	1.0	1.0	both	middle	0.6902231668437833	0.40116896918172157												joint_grid_target
K562_essential_day7	ACH-000551	CNN2	197.0	10691.0	1.0	310385.0	8563.0	h5ad_obs	supplementary	ctrl	verified_via_num_features_eq_1	num_features	2.29643142042813	0.0188084524170019	0.1137807241809092	0.0959291001265004	0.0848679829727901	0.0297811434234182	0.0784938957441827	0.0	-0.3619981788788913	0.2973290079248472	1.0	1.0	both	Q4_low_info	0.038788522848034	0.16259298618490967												joint_grid_target
K562_essential_day7	ACH-000551	CNOT1	269.0	10691.0	1.0	310385.0	8563.0	h5ad_obs	supplementary	ctrl	verified_via_num_features_eq_1	num_features	10.159699410558863	0.0734943710254942	0.6443870810185486	0.5418044371312773	0.4697711028990241	0.043045974115232	4.167696781565272	367.0	-0.9861244870487252	0.9478720151215416	1.0	1.0	both	middle	0.9718384697130712	0.5664187035069076												joint_grid_target
K562_essential_day7	ACH-000551	CNOT2	84.0	10691.0	1.0	310385.0	8563.0	h5ad_obs	supplementary	ctrl	verified_via_num_features_eq_1	num_features	5.732932814201969	0.0441428489135069	0.3247794836120391	0.2775356206294307	0.2435571683937885	0.0367115256271889	1.1458725220738373	34.0	-0.3623784884835082	0.297908583887475	1.0	1.0	both	middle	0.730605738575983	0.1636556854410202												joint_grid_target
K562_essential_day7	ACH-000551	CNOT3	332.0	10691.0	1.0	310385.0	8563.0	h5ad_obs	supplementary	ctrl	verified_via_num_features_eq_1	num_features	7.347709802995678	0.0519731795521411	0.518377218653759	0.4334437484940556	0.3629141607281804	0.0486964741579443	2.519099834625594	135.0	-1.1842128964001564	0.9776467529144014	1.0	1.0	both	middle	0.8411264612114772	0.6689691817215728												joint_grid_target
K562_essential_day7	ACH-000551	COA5	175.0	10691.0	1.0	310385.0	8563.0	h5ad_obs	supplementary	ctrl	verified_via_num_features_eq_1	num_features	2.582076946602924	0.0210496855279487	0.1261133358854227	0.1069042353497592	0.0951281053071692	0.0296546880413734	0.1231781682106234	1.0	-0.592378012235648	0.680110376034285	1.0	1.0	both	middle	0.09458023379383634	0.3230605738575983												joint_grid_target
K562_essential_day7	ACH-000551	COASY	247.0	10691.0	1.0	310385.0	8563.0	h5ad_obs	supplementary	ctrl	verified_via_num_features_eq_1	num_features	2.2996704694846293	0.018168305209391	0.1496557897647488	0.1094888908851367	0.0905798502420099	0.0351884145541565	0.0856970388367948	4.0	-0.6365670846462423	0.7412894537044615	1.0	1.0	both	middle	0.02922422954303932	0.35441020191285866												joint_grid_target
K562_essential_day7	ACH-000551	COG1	40.0	10691.0	1.0	310385.0	8563.0	h5ad_obs	supplementary	ctrl	verified_via_num_features_eq_1	num_features	5.043562156610743	0.0418245610506249	0.2285428647606771	0.2005736715024422	0.1805016389429214	0.0280018414936521	0.3936696740664605	3.0	-0.0032854349107206	0.0229571874079508	1.0	1.0	both	middle	0.6838469713071201	0.015940488841657812												joint_grid_target
K562_essential_day7	ACH-000551	COG2	343.0	10691.0	1.0	310385.0	8563.0	h5ad_obs	supplementary	ctrl	verified_via_num_features_eq_1	num_features	2.177247656081154	0.0170284713134139	0.1410059525222691	0.1092491976163314	0.0920880915798959	0.0374616286287979	0.1544665485679033	2.0	-0.2783595320685461	0.1861754766203247	1.0	1.0	both	Q4_low_info	0.018065887353878853	0.12327311370882041												joint_grid_target
K562_essential_day7	ACH-000551	COG3	56.0	10691.0	1.0	310385.0	8563.0	h5ad_obs	supplementary	ctrl	verified_via_num_features_eq_1	num_features	5.550176434572983	0.0436390340860259	0.2990640673302874	0.2552642870898146	0.2263646008135677	0.0341553696468985	1.147185080131676	22.0	-0.6122432958490502	0.7087628353443919	1.0	1.0	both	middle	0.7210414452709883	0.33581296493092455												joint_grid_target
K562_essential_day7	ACH-000551	COG4	129.0	10691.0	1.0	310385.0	8563.0	h5ad_obs	supplementary	ctrl	verified_via_num_features_eq_1	num_features	2.915990676851324	0.0238111603150882	0.149017991796906	0.1250805910338016	0.1094428358480155	0.0306728002225241	0.1410817898720733	1.0	-0.309395394194452	0.223786718205496	1.0	1.0	both	Q4_low_info	0.18862911795961743	0.1381509032943677												joint_grid_target
K562_essential_day7	ACH-000551	COG6	183.0	10691.0	1.0	310385.0	8563.0	h5ad_obs	supplementary	ctrl	verified_via_num_features_eq_1	num_features	2.682081992683424	0.021309519278847	0.1787494798285796	0.1337149670031399	0.1110891710293575	0.03663957515132	0.0909518071861885	3.0	-0.0709032937302127	0.0408653546402784	1.0	1.0	both	Q4_low_info	0.1030818278427205	0.03506907545164718												joint_grid_target
K562_essential_day7	ACH-000551	COG8	47.0	10691.0	1.0	310385.0	8563.0	h5ad_obs	supplementary	ctrl	verified_via_num_features_eq_1	num_features	5.131784905929634	0.0418343706617463	0.2563491800495572	0.2216244656782544	0.1945018671273098	0.0309334615656556	0.4516402564636337	8.0	-0.4007608863265389	0.3583770076397417	1.0	1.0	both	middle	0.6843783209351754	0.18703506907545164												joint_grid_target
K562_essential_day7	ACH-000551	COPA	243.0	10691.0	1.0	310385.0	8563.0	h5ad_obs	supplementary	ctrl	verified_via_num_features_eq_1	num_features	3.879747140318877	0.0287378579604658	0.2473355731703576	0.204046907872815	0.1770146795615806	0.0414590822563709	0.7202658697584159	7.0	-2.075454355401637	0.9999999588148738	1.0	1.0	both	middle	0.3740701381509033	0.9171094580233794												joint_grid_target
K562_essential_day7	ACH-000551	COPB1	91.0	10691.0	1.0	310385.0	8563.0	h5ad_obs	supplementary	ctrl	verified_via_num_features_eq_1	num_features	6.638097784520822	0.0486798167098894	0.4193377404644557	0.3516326114471144	0.3087040227983609	0.0421778338802411	1.9740153131330656	103.0	-1.849250260830384	0.9997366341486408	1.0	1.0	both	Q1_anchor	0.8012752391073327	0.8777895855472901												joint_grid_target
K562_essential_day7	ACH-000551	COPB2	129.0	10691.0	1.0	310385.0	8563.0	h5ad_obs	supplementary	ctrl	verified_via_num_features_eq_1	num_features	4.9987966834972575	0.0373011893119488	0.3159181315126256	0.2648579378633663	0.2294985397400978	0.0414604846662429	1.0273332373890494	23.0	-1.7276885685544447	0.998364733551896	1.0	1.0	both	middle	0.6004250797024442	0.8528161530286928												joint_grid_target
K562_essential_day7	ACH-000551	COPE	143.0	10691.0	1.0	310385.0	8563.0	h5ad_obs	supplementary	ctrl	verified_via_num_features_eq_1	num_features	3.1651287287634	0.0242079240267561	0.2229557039194148	0.1658483233353533	0.1363384501814579	0.0400034638459395	0.210959475814338	2.0	-1.1720349264754533	0.9763145325024588	1.0	1.0	both	middle	0.20722635494155153	0.6615302869287991												joint_grid_target
K562_essential_day7	ACH-000551	COPG1	261.0	10691.0	1.0	310385.0	8563.0	h5ad_obs	supplementary	ctrl	verified_via_num_features_eq_1	num_features	2.065176059388044	0.0168896200636037	0.1085853227352129	0.08928045403559	0.0777909360725	0.0308660155329164	0.0438418652730963	1.0	-0.0864166758249735	0.0464877740247853	1.0	1.0	both	Q4_low_info	0.01753453772582359	0.039851222104144525												joint_grid_target
K562_essential_day7	ACH-000551	COPS2	47.0	10691.0	1.0	310385.0	8563.0	h5ad_obs	supplementary	ctrl	verified_via_num_features_eq_1	num_features	6.581723766423989	0.0521964139359139	0.3717858251403911	0.3108400974575705	0.2695259411082059	0.0347728614541088	1.196227746445949	46.0	-0.5999196104002296	0.6911796573824398	1.0	1.0	both	middle	0.8432518597236982	0.32784272051009566												joint_grid_target
K562_essential_day7	ACH-000551	COPS3	73.0	10691.0	1.0	310385.0	8563.0	h5ad_obs	supplementary	ctrl	verified_via_num_features_eq_1	num_features	5.541117422832934	0.0428614507721362	0.3281261035635366	0.2719162304024579	0.2364617098947582	0.0370435265032924	1.0375835547280463	23.0	-1.001082828686772	0.9508481370914303	1.0	1.0	both	middle	0.7072263549415515	0.5743889479277364												joint_grid_target
K562_essential_day7	ACH-000551	COPS4	262.0	10691.0	1.0	310385.0	8563.0	h5ad_obs	supplementary	ctrl	verified_via_num_features_eq_1	num_features	4.701475851957073	0.0341438592915451	0.3263997971726134	0.2693010366901444	0.2257364240095253	0.0460542249122423	0.8978666203583039	26.0	-0.8652314871535207	0.9147000645667946	1.0	1.0	both	middle	0.5255047821466525	0.49415515409139216												joint_grid_target
K562_essential_day7	ACH-000551	COPS5	98.0	10691.0	1.0	310385.0	8563.0	h5ad_obs	supplementary	ctrl	verified_via_num_features_eq_1	num_features	4.45561950326812	0.0349210614996566	0.2666041762301449	0.2197267925498878	0.1878553359342841	0.0367400412816021	0.581464188013701	8.0	-1.882209090113103	0.9998567790409844	1.0	1.0	both	middle	0.5441020191285866	0.8862911795961743												joint_grid_target
K562_essential_day7	ACH-000551	COPS6	235.0	10691.0	1.0	310385.0	8563.0	h5ad_obs	supplementary	ctrl	verified_via_num_features_eq_1	num_features	4.427632965209692	0.0325818346867864	0.3157097190647439	0.2515434363124803	0.2112537361088153	0.0450797515631636	0.7122118987185537	15.0	-1.2076756298407056	0.9800111308595064	1.0	1.0	both	middle	0.4808714133900106	0.679596174282678												joint_grid_target
K562_essential_day7	ACH-000551	COPS8	224.0	10691.0	1.0	310385.0	8563.0	h5ad_obs	supplementary	ctrl	verified_via_num_features_eq_1	num_features	3.3079162260802075	0.0256631233159458	0.2011468152182873	0.1639136942384096	0.141680726568685	0.0372949292740825	0.3167036869691753	2.0	-0.6475209489911109	0.7550054633372483	1.0	1.0	both	middle	0.2603613177470776	0.36291179596174283												joint_grid_target
K562_essential_day7	ACH-000551	COPZ1	207.0	10691.0	1.0	310385.0	8563.0	h5ad_obs	supplementary	ctrl	verified_via_num_features_eq_1	num_features	4.256508951310678	0.0308198874295485	0.3083033065395732	0.239407459406506	0.1997012351591615	0.0453576651081964	0.8102273081128413	11.0	-1.3207311756694513	0.9871363233059866	1.0	1.0	both	middle	0.43304994686503717	0.7300743889479278												joint_grid_target
K562_essential_day7	ACH-000551	COQ2	67.0	10691.0	1.0	310385.0	8563.0	h5ad_obs	supplementary	ctrl	verified_via_num_features_eq_1	num_features	4.030420906160415	0.0330051143960775	0.1777369764265036	0.1612430946838076	0.1451116879623366	0.0285262013149137	0.2686823181248634	0.0	-0.6637749258704575	0.7742472303434494	1.0	1.0	both	middle	0.49256110520722635	0.37247608926673753												joint_grid_target
K562_essential_day7	ACH-000551	COQ4	162.0	10691.0	1.0	310385.0	8563.0	h5ad_obs	supplementary	ctrl	verified_via_num_features_eq_1	num_features	2.730249164608935	0.0216920664729028	0.1747406323006473	0.1273324960319994	0.1055656339165915	0.0342753885030328	0.0962459185986759	3.0	-0.9357623356116148	0.9363716745942964	1.0	1.0	both	middle	0.11955366631243358	0.5340063761955367												joint_grid_target
K562_essential_day7	ACH-000551	COQ5	113.0	10691.0	1.0	310385.0	8563.0	h5ad_obs	supplementary	ctrl	verified_via_num_features_eq_1	num_features	2.955204305703549	0.0243039315174885	0.1300791769468262	0.1181859350780769	0.1067391392350407	0.0283944410008702	0.0986831013934299	0.0	-0.4233550114469896	0.3960102885809622	1.0	1.0	both	Q4_low_info	0.21200850159404888	0.20297555791710944												joint_grid_target
K562_essential_day7	ACH-000551	COX10	94.0	10691.0	1.0	310385.0	8563.0	h5ad_obs	supplementary	ctrl	verified_via_num_features_eq_1	num_features	4.29323916546435	0.0337031201251115	0.2444858181676175	0.2017192331501941	0.1756791635452052	0.0349479141750323	0.5740606313120757	6.0	-1.0253621155751351	0.955318700859086	1.0	1.0	both	middle	0.512221041445271	0.59192348565356												joint_grid_target
K562_essential_day7	ACH-000551	COX11	109.0	10691.0	1.0	310385.0	8563.0	h5ad_obs	supplementary	ctrl	verified_via_num_features_eq_1	num_features	3.925380214250054	0.0303704042471022	0.2683655673111916	0.2043033993407437	0.1720049762055513	0.0392797830509612	0.4358216670716643	8.0	-0.796508155715751	0.8836034635948306	1.0	1.0	both	middle	0.41923485653560044	0.45217853347502657												joint_grid_target
K562_essential_day7	ACH-000551	COX15	103.0	10691.0	1.0	310385.0	8563.0	h5ad_obs	supplementary	ctrl	verified_via_num_features_eq_1	num_features	5.205989614641619	0.0391717533404162	0.3413302852659114	0.2779574155245432	0.2347251982542227	0.0414332799225536	1.127724570449164	26.0	-0.9201141844124864	0.9322246009907764	1.0	1.0	both	middle	0.6349628055260361	0.5249734325185972												joint_grid_target
K562_essential_day7	ACH-000551	COX17	143.0	10691.0	1.0	310385.0	8563.0	h5ad_obs	supplementary	ctrl	verified_via_num_features_eq_1	num_features	3.467947667802503	0.0271568426552603	0.2129783444136046	0.1706278598352567	0.1453857679583963	0.0366872135600546	0.4287951058032444	3.0	-0.6534700123173637	0.7622205494123961	1.0	1.0	both	middle	0.3145589798087141	0.3660998937300744												joint_grid_target
K562_essential_day7	ACH-000551	COX5A	85.0	10691.0	1.0	310385.0	8563.0	h5ad_obs	supplementary	ctrl	verified_via_num_features_eq_1	num_features	4.482754656413038	0.033430029930881	0.3143753531151901	0.2279630415429895	0.1877483547424513	0.0398172936183936	0.5006499610992456	7.0	-0.7390232725734536	0.8458981544093944	1.0	1.0	both	middle	0.5053134962805526	0.41870350690754515												joint_grid_target
K562_essential_day7	ACH-000551	COX5B	118.0	10691.0	1.0	310385.0	8563.0	h5ad_obs	supplementary	ctrl	verified_via_num_features_eq_1	num_features	3.7375837241346734	0.0282258423116668	0.2265129525888208	0.1713134022478783	0.1451162245121386	0.0354395737314062	0.3402956531620678	1.0	-0.7503935671253843	0.854421011792019	1.0	1.0	both	middle	0.35600425079702447	0.42454835281615305												joint_grid_target
K562_essential_day7	ACH-000551	COX6C	117.0	10691.0	1.0	310385.0	8563.0	h5ad_obs	supplementary	ctrl	verified_via_num_features_eq_1	num_features	3.603010484012881	0.0273866010559857	0.2299670505388771	0.1715766971765054	0.1435110906350546	0.0365817290194759	0.3453628582791808	2.0	-0.6147116223125727	0.7121618168108613	1.0	1.0	both	middle	0.32146652497343253	0.3379383634431456												joint_grid_target
K562_essential_day7	ACH-000551	COX7B	120.0	10691.0	1.0	310385.0	8563.0	h5ad_obs	supplementary	ctrl	verified_via_num_features_eq_1	num_features	3.556533023726477	0.0267016006490977	0.2269956284390058	0.1701980504865562	0.1423342394797073	0.0372187124700427	0.2849994157318622	3.0	-0.8865128967639926	0.9221033272370096	1.0	1.0	both	middle	0.29914984059511157	0.5090329436769394												joint_grid_target
K562_essential_day7	ACH-000551	COX7C	165.0	10691.0	1.0	310385.0	8563.0	h5ad_obs	supplementary	ctrl	verified_via_num_features_eq_1	num_features	3.745764500675241	0.02699070547237	0.2453972080476231	0.1810979731982688	0.152817062673424	0.039178103933799	0.4572085659408174	3.0	-0.8558563676079995	0.9111493444890242	1.0	1.0	both	middle	0.30818278427205104	0.48884165781083955												joint_grid_target
K562_essential_day7	ACH-000551	CPAMD8	233.0	10691.0	1.0	310385.0	8563.0	h5ad_obs	supplementary	ctrl	verified_via_num_features_eq_1	num_features	2.1108255739190285	0.0174641310811521	0.0885453489754981	0.080467834768469	0.0741181409274941	0.026904157292462	0.0566708988482584	0.0	-0.3640549263268244	0.300463405183152	1.0	1.0	both	Q4_low_info	0.022316684378320937	0.16524973432518597												joint_grid_target
K562_essential_day7	ACH-000551	CPNE7	101.0	10691.0	1.0	310385.0	8563.0	h5ad_obs	supplementary	ctrl	verified_via_num_features_eq_1	num_features	3.515043029436312	0.0281176339756723	0.2068528490161011	0.1593388356400272	0.1362230762899513	0.0330892502171713	0.1538435695191164	3.0	-0.7406120924065862	0.8471430618704294	1.0	1.0	both	middle	0.35015940488841657	0.4197662061636557												joint_grid_target
K562_essential_day7	ACH-000551	CPOX	101.0	10691.0	1.0	310385.0	8563.0	h5ad_obs	supplementary	ctrl	verified_via_num_features_eq_1	num_features	3.1328658038586736	0.0260815064191208	0.133745719747632	0.1189333047976646	0.1085036141098293	0.0266265485710763	0.0844141576007544	0.0	-0.1024505992872523	0.052947462411877	1.0	1.0	both	middle	0.27683315621679067	0.044633368756641874												joint_grid_target
K562_essential_day7	ACH-000551	CPSF1	50.0	10691.0	1.0	310385.0	8563.0	h5ad_obs	supplementary	ctrl	verified_via_num_features_eq_1	num_features	7.448212611956751	0.0563868027951219	0.5069742337622815	0.4004676701061813	0.339020626281129	0.0414700015102139	1.292004356893436	115.0	-1.4196937426595673	0.9891748411939392	1.0	1.0	both	Q1_anchor	0.8846971307120085	0.7667375132837407												joint_grid_target
K562_essential_day7	ACH-000551	CPSF2	20.0	10691.0	1.0	310385.0	8563.0	h5ad_obs	supplementary	ctrl	verified_via_num_features_eq_1	num_features	9.406106834524898	0.0747136730830286	0.5255254424133602	0.4415828755203413	0.3849491308445479	0.03451089288542	2.05021916412346	214.0	-1.6483956827117283	0.9962042529943808	1.0	1.0	both	Q1_anchor	0.975557917109458	0.8320935175345378												joint_grid_target
K562_essential_day7	ACH-000551	CPSF3	627.0	10691.0	1.0	310385.0	8563.0	h5ad_obs	supplementary	ctrl	verified_via_num_features_eq_1	num_features	6.12638888870357	0.0405297087904824	0.5199611287842378	0.4012347847701334	0.3312349650440533	0.0578054989071585	1.788800293471203	82.0	-1.583767958237519	0.9938169504262444	1.0	1.0	both	middle	0.6609989373007439	0.8145589798087142												joint_grid_target
K562_essential_day7	ACH-000551	CPSF4	59.0	10691.0	1.0	310385.0	8563.0	h5ad_obs	supplementary	ctrl	verified_via_num_features_eq_1	num_features	9.37227355295344	0.0678261195085423	0.6615883038767302	0.5438343346933491	0.4609906801950745	0.0468180922051676	2.5329431271816603	266.0	-1.4923205382475182	0.9906806152965592	1.0	1.0	both	Q1_anchor	0.9558979808714134	0.7879914984059511												joint_grid_target
K562_essential_day7	ACH-000551	CPSF6	50.0	10691.0	1.0	310385.0	8563.0	h5ad_obs	supplementary	ctrl	verified_via_num_features_eq_1	num_features	8.943109782525605	0.0669453538034721	0.5755205075591076	0.4793817815258274	0.4154680674545637	0.0418124046004295	2.138497937481322	209.0	-0.6419066442702663	0.7481045626063482	1.0	1.0	both	middle	0.9516471838469713	0.35866099893730075												joint_grid_target
K562_essential_day7	ACH-000551	CRCP	160.0	10691.0	1.0	310385.0	8563.0	h5ad_obs	supplementary	ctrl	verified_via_num_features_eq_1	num_features	2.6615902148176573	0.021825499177701	0.1245824571547559	0.1069994425926998	0.096514883415489	0.0286260476726853	0.0992935999640227	1.0	-0.6825728876369707	0.7948104461216245	1.0	1.0	both	middle	0.12433581296493093	0.3900106269925611												joint_grid_target
K562_essential_day7	ACH-000551	CRKL	120.0	10691.0	1.0	310385.0	8563.0	h5ad_obs	supplementary	ctrl	verified_via_num_features_eq_1	num_features	3.0140683094427287	0.0244708560612945	0.1505856920047154	0.1250140414558782	0.1102974308793412	0.0298300302040943	0.1177473270925482	1.0	-1.0959472952025786	0.9665288616904892	1.0	1.0	both	middle	0.21519659936238045	0.6275239107332625												joint_grid_target
K562_essential_day7	ACH-000551	CRLS1	111.0	10691.0	1.0	310385.0	8563.0	h5ad_obs	supplementary	ctrl	verified_via_num_features_eq_1	num_features	3.075963860564454	0.0252420741019112	0.1514724765359242	0.1306166857513244	0.1144657994872332	0.0302146579990119	0.1149025229135762	1.0	-1.063711418877434	0.9616968856625098	1.0	1.0	both	middle	0.24707757704569608	0.61211477151966												joint_grid_target
K562_essential_day7	ACH-000551	CRNKL1	261.0	10691.0	1.0	310385.0	8563.0	h5ad_obs	supplementary	ctrl	verified_via_num_features_eq_1	num_features	4.456782750735483	0.0329999164588025	0.2489080458560814	0.2176096283648535	0.1934314167383072	0.0385043083980437	0.8018596534023974	9.0	-2.0162052032443936	0.9999925746403848	1.0	1.0	both	middle	0.4914984059511158	0.9070138150903294												joint_grid_target
K562_essential_day7	ACH-000551	CS	222.0	10691.0	1.0	310385.0	8563.0	h5ad_obs	supplementary	ctrl	verified_via_num_features_eq_1	num_features	2.572328392311221	0.0197910163830698	0.1926846625957562	0.1383984711510459	0.1113976130796953	0.0408326207113567	0.1459275013587238	4.0	-0.5047600768000691	0.5371497043459702	1.0	1.0	both	middle	0.06057385759829968	0.25717321997874604												joint_grid_target
K562_essential_day7	ACH-000551	CSE1L	432.0	10691.0	1.0	310385.0	8563.0	h5ad_obs	supplementary	ctrl	verified_via_num_features_eq_1	num_features	9.954123302193276	0.0677376978674175	0.7411158474988031	0.6081839347492899	0.5142511739294895	0.0524262231466899	3.503330408629875	346.0	-2.201467602264268	1.0	1.0	1.0	both	Q1_anchor	0.9553666312433581	0.9609458023379384												joint_grid_target
K562_essential_day7	ACH-000551	CSH2	179.0	10691.0	1.0	310385.0	8563.0	h5ad_obs	supplementary	ctrl	verified_via_num_features_eq_1	num_features	2.434677861345873	0.0200550527190515	0.1157535080408006	0.0995305980242835	0.0887832030156013	0.0289785643452654	0.0856759600893699	0.0	-0.0334614081416483	0.0297849464258767	1.0	1.0	both	Q4_low_info	0.06641870350690754	0.02497343251859724												joint_grid_target
K562_essential_day7	ACH-000551	CSNK1A1	172.0	10691.0	1.0	310385.0	8563.0	h5ad_obs	supplementary	ctrl	verified_via_num_features_eq_1	num_features	3.886985516011025	0.0295411636001572	0.2692887843838992	0.2027624570861283	0.1685176622794718	0.0400778123870189	0.4716983861967119	8.0	-0.3995384163703628	0.3563915049677537	1.0	1.0	both	middle	0.3937300743889479	0.18597236981934112												joint_grid_target
K562_essential_day7	ACH-000551	CSNK2B	128.0	10691.0	1.0	310385.0	8563.0	h5ad_obs	supplementary	ctrl	verified_via_num_features_eq_1	num_features	4.988567331141118	0.0371460184458883	0.367251229367775	0.2790046238576395	0.2298411193641947	0.0438574312258054	0.8341305164872246	22.0	-0.9457341476910304	0.938860986934082	1.0	1.0	both	middle	0.5977683315621679	0.5403825717321998												joint_grid_target
K562_essential_day7	ACH-000551	CSTF1	141.0	10691.0	1.0	310385.0	8563.0	h5ad_obs	supplementary	ctrl	verified_via_num_features_eq_1	num_features	5.261041720042352	0.0377747708102141	0.4064394296275182	0.3171687118890016	0.2640289767038223	0.0490266885902076	0.992012648239614	40.0	-1.63413118102815	0.9957078226570234	1.0	1.0	both	middle	0.6105207226354942	0.8289054197662061												joint_grid_target
K562_essential_day7	ACH-000551	CSTF3	66.0	10691.0	1.0	310385.0	8563.0	h5ad_obs	supplementary	ctrl	verified_via_num_features_eq_1	num_features	7.12889831680756	0.0524917024670225	0.5154529765911507	0.4172989865177797	0.348362538181199	0.0464195292389311	1.0352147401331957	113.0	-1.330792868335272	0.987452615211458	1.0	1.0	both	middle	0.8464399574920297	0.7359192348565357												joint_grid_target
K562_essential_day7	ACH-000551	CTBP2	110.0	10691.0	1.0	310385.0	8563.0	h5ad_obs	supplementary	ctrl	verified_via_num_features_eq_1	num_features	3.228529349266534	0.0264049162517994	0.1597318856355276	0.1346345008944197	0.119835783398133	0.0297725223969114	0.1372189952041136	1.0	-0.0901440811324823	0.0479116822978861	1.0	1.0	both	middle	0.2869287991498406	0.04197662061636557												joint_grid_target
K562_essential_day7	ACH-000551	CTCF	68.0	10691.0	1.0	310385.0	8563.0	h5ad_obs	supplementary	ctrl	verified_via_num_features_eq_1	num_features	4.490684264787291	0.0359703101492604	0.2326023959512984	0.1988913259557663	0.1758596381508917	0.0322861099136181	0.4453534347483288	5.0	-1.1699339738691368	0.976075043378482	1.0	1.0	both	middle	0.5749202975557917	0.6588735387885228												joint_grid_target
K562_essential_day7	ACH-000551	CTDP1	117.0	10691.0	1.0	310385.0	8563.0	h5ad_obs	supplementary	ctrl	verified_via_num_features_eq_1	num_features	5.537195069611424	0.0414642201906719	0.3585613812745429	0.3014639088826252	0.2564237028960509	0.0424527554828827	1.4293912727901308	39.0	-1.3389794864551998	0.9876795522932488	1.0	1.0	both	middle	0.677470775770457	0.7385759829968119												joint_grid_target
K562_essential_day7	ACH-000551	CTNNBL1	69.0	10691.0	1.0	310385.0	8563.0	h5ad_obs	supplementary	ctrl	verified_via_num_features_eq_1	num_features	5.911564339338255	0.0440747791549677	0.4584733121051624	0.3519768517886933	0.2846625094170833	0.0466302794277828	0.8517386744685265	53.0	-1.6726652258809185	0.9969835348829336	1.0	1.0	both	middle	0.7290116896918172	0.8390010626992561												joint_grid_target
K562_essential_day7	ACH-000551	CTR9	212.0	10691.0	1.0	310385.0	8563.0	h5ad_obs	supplementary	ctrl	verified_via_num_features_eq_1	num_features	11.373450766945762	0.0809935688505982	0.7733691541237114	0.6247582312865521	0.5330588241851537	0.0450407393779973	5.952966151007509	480.0	-1.1314798224999398	0.9713901685859652	1.0	1.0	both	middle	0.9861849096705633	0.6450584484590861												joint_grid_target
K562_essential_day7	ACH-000551	CTU2	114.0	10691.0	1.0	310385.0	8563.0	h5ad_obs	supplementary	ctrl	verified_via_num_features_eq_1	num_features	3.278349827466515	0.0266527438637243	0.1555975149490142	0.1371300707987969	0.1233237052291939	0.0300424145691934	0.1747193083081271	0.0	-0.5365236891559357	0.5913557071330071	1.0	1.0	both	middle	0.2964930924548353	0.2869287991498406												joint_grid_target
K562_essential_day7	ACH-000551	CUL1	223.0	10691.0	1.0	310385.0	8563.0	h5ad_obs	supplementary	ctrl	verified_via_num_features_eq_1	num_features	2.8281852476107	0.022032489294394	0.1731512607970536	0.1407391094640351	0.119859769722856	0.0372988370651559	0.1896250069766019	2.0	-0.3972021923867669	0.3525970730977867	1.0	1.0	both	Q4_low_info	0.13336875664187034	0.18437832093517534												joint_grid_target
K562_essential_day7	ACH-000551	CUL2	94.0	10691.0	1.0	310385.0	8563.0	h5ad_obs	supplementary	ctrl	verified_via_num_features_eq_1	num_features	4.597360880157438	0.0355142592408602	0.2825117934854155	0.2321795373609708	0.1992869053629756	0.0381737865890718	0.8234679955976549	9.0	-0.3802162859761028	0.3254035824854145	1.0	1.0	both	middle	0.5616365568544102	0.17534537725823593												joint_grid_target
K562_essential_day7	ACH-000551	CUL3	120.0	10691.0	1.0	310385.0	8563.0	h5ad_obs	supplementary	ctrl	verified_via_num_features_eq_1	num_features	3.248808711982463	0.0256923138588242	0.2098784014311194	0.1622185350901703	0.1359463985483248	0.0368672986274455	0.1532711729532305	2.0	-0.6293313506568187	0.7319204766673362	1.0	1.0	both	middle	0.26195536663124336	0.34962805526036134												joint_grid_target
K562_essential_day7	ACH-000551	CUL7	33.0	10691.0	1.0	310385.0	8563.0	h5ad_obs	supplementary	ctrl	verified_via_num_features_eq_1	num_features	7.336328810011744	0.0588677325099734	0.3898518580543822	0.3319369901116043	0.2915333090341427	0.0329247437932099	1.3237872280290333	74.0	-0.5165116807952675	0.557409606127213	1.0	1.0	both	middle	0.9038257173219979	0.2683315621679065												joint_grid_target
K562_essential_day7	ACH-000551	CWC22	34.0	10691.0	1.0	310385.0	8563.0	h5ad_obs	supplementary	ctrl	verified_via_num_features_eq_1	num_features	7.661427977584683	0.0604258436574698	0.3880212631394637	0.3414560292185286	0.3082311541025297	0.0329956070785684	1.7987468449099655	125.0	-1.8231364995557848	0.9995884720831152	1.0	1.0	both	Q1_anchor	0.9171094580233794	0.8751328374070139												joint_grid_target
K562_essential_day7	ACH-000551	CWC25	149.0	10691.0	1.0	310385.0	8563.0	h5ad_obs	supplementary	ctrl	verified_via_num_features_eq_1	num_features	2.689344565826824	0.0218392792403303	0.1325814897700805	0.1163340075009324	0.1033776978230818	0.0311037281909454	0.1197237372282558	0.0	-0.2665888775529458	0.1730903071171569	1.0	1.0	both	Q4_low_info	0.12486716259298619	0.1153028692879915												joint_grid_target
K562_essential_day7	ACH-000551	CWF19L2	194.0	10691.0	1.0	310385.0	8563.0	h5ad_obs	supplementary	ctrl	verified_via_num_features_eq_1	num_features	6.3093099941214685	0.0459716929110609	0.4122478749852122	0.3418459547844605	0.2966829659785623	0.0434194190593274	2.2265641825272464	74.0	-0.419193315333083	0.3889940376068837	1.0	1.0	both	Q2_shift_excess	0.7614240170031881	0.19925611052072265												joint_grid_target
K562_essential_day7	ACH-000551	CXXC1	122.0	10691.0	1.0	310385.0	8563.0	h5ad_obs	supplementary	ctrl	verified_via_num_features_eq_1	num_features	6.208737225447515	0.0440005486420747	0.4559558334668717	0.3682570113692297	0.3113874099305759	0.0488693984132271	1.580104057314598	75.0	-0.5474932431760154	0.6095718141023776	1.0	1.0	both	middle	0.7274176408076515	0.29383634431455896												joint_grid_target
K562_essential_day7	ACH-000551	CYC1	98.0	10691.0	1.0	310385.0	8563.0	h5ad_obs	supplementary	ctrl	verified_via_num_features_eq_1	num_features	3.807462099463428	0.030090869528055	0.2266123835513631	0.1806353578306695	0.15537002778626	0.0350519421643916	0.3019433179414914	2.0	-0.6993278486493377	0.8115815184586591	1.0	1.0	both	middle	0.4064824654622742	0.3985122210414453												joint_grid_target
K562_essential_day7	ACH-000551	CYCS	163.0	10691.0	1.0	310385.0	8563.0	h5ad_obs	supplementary	ctrl	verified_via_num_features_eq_1	num_features	3.585524235614115	0.0253520779732632	0.2492174429078297	0.1774220049374489	0.1447556568630101	0.0408637276451419	0.381906790006111	1.0	-1.806551185319185	0.9994611895003964	1.0	1.0	both	middle	0.2507970244420829	0.8708820403825718												joint_grid_target
K562_essential_day7	ACH-000551	CYFIP1	111.0	10691.0	1.0	310385.0	8563.0	h5ad_obs	supplementary	ctrl	verified_via_num_features_eq_1	num_features	3.259307117536273	0.0266068092308298	0.1629178109265483	0.1351417013296459	0.1194068137296462	0.0296579170796678	0.1523787408801649	2.0	-0.0653810755124964	0.0390452575613168	1.0	1.0	both	middle	0.2948990435706695	0.03453772582359192												joint_grid_target
K562_essential_day7	ACH-000551	CYP2A13	140.0	10691.0	1.0	310385.0	8563.0	h5ad_obs	supplementary	ctrl	verified_via_num_features_eq_1	num_features	2.709216500037868	0.0224009293649298	0.1185620427963145	0.1057055565278007	0.0957416180520025	0.0275534408414243	0.0968853730287264	0.0	-0.5717571003452022	0.648625633557584	1.0	1.0	both	middle	0.14293304994686504	0.3108395324123273												joint_grid_target
K562_essential_day7	ACH-000551	CYP4F11	120.0	10691.0	1.0	310385.0	8563.0	h5ad_obs	supplementary	ctrl	verified_via_num_features_eq_1	num_features	2.8616737123713896	0.0235721448294312	0.1330196901141791	0.1145237609550382	0.1038393663650099	0.0283687735970746	0.1345006723075812	0.0	-0.4331015804409928	0.4125877657791666	1.0	1.0	both	Q4_low_info	0.179596174282678	0.20935175345377258												joint_grid_target
K562_essential_day7	ACH-000551	CYS1	170.0	10691.0	1.0	310385.0	8563.0	h5ad_obs	supplementary	ctrl	verified_via_num_features_eq_1	num_features	2.568673956123256	0.0210097986991639	0.1376518156709665	0.1111339405970796	0.0960627330084297	0.0308865131713978	0.0755965428055809	1.0	-0.1048147042062795	0.0539877347997639	1.0	1.0	both	Q4_low_info	0.09351753453772582	0.04516471838469713												joint_grid_target
K562_essential_day7	ACH-000551	DAD1	80.0	10691.0	1.0	310385.0	8563.0	h5ad_obs	supplementary	ctrl	verified_via_num_features_eq_1	num_features	4.7249059179389725	0.0342971216587716	0.451006107573083	0.289466123639715	0.2178024571785828	0.0492815242312794	0.5978747518868435	17.0	-1.2683355215164904	0.9847158922615932	1.0	1.0	both	middle	0.5281615302869288	0.7088204038257173												joint_grid_target
K562_essential_day7	ACH-000551	DAP3	162.0	10691.0	1.0	310385.0	8563.0	h5ad_obs	supplementary	ctrl	verified_via_num_features_eq_1	num_features	3.75783161752658	0.0280856338664942	0.2721873775205378	0.2066205765894058	0.1698066521849336	0.0429569461627291	0.581614027983159	7.0	-0.5701048068014433	0.6460128257472619	1.0	1.0	both	middle	0.34962805526036134	0.3097768331562168												joint_grid_target
K562_essential_day7	ACH-000551	DBF4	131.0	10691.0	1.0	310385.0	8563.0	h5ad_obs	supplementary	ctrl	verified_via_num_features_eq_1	num_features	3.341271070305832	0.0257271909088276	0.244835730479371	0.1791264001214556	0.1450680531236342	0.0406547494713951	0.3680434108958685	7.0	-1.551456206480086	0.9925959419531878	1.0	1.0	both	middle	0.2640807651434644	0.8018065887353879												joint_grid_target
K562_essential_day7	ACH-000551	DBR1	98.0	10691.0	1.0	310385.0	8563.0	h5ad_obs	supplementary	ctrl	verified_via_num_features_eq_1	num_features	6.150526528041134	0.0476924506858798	0.3716284592817193	0.3190608121807206	0.2755558250864297	0.0390632063139613	1.1092950019868013	60.0	-2.3266620723638813	1.0	1.0	1.0	both	Q1_anchor	0.7869287991498406	0.9609458023379384												joint_grid_target
K562_essential_day7	ACH-000551	DCAF6	137.0	10691.0	1.0	310385.0	8563.0	h5ad_obs	supplementary	ctrl	verified_via_num_features_eq_1	num_features	2.8782563466274467	0.023418523543929	0.1463762069515631	0.1214027245140981	0.1061377359227	0.0302700391551183	0.1289276600410467	1.0	-0.2946889305370513	0.2054120698380388	1.0	1.0	both	Q4_low_info	0.17321997874601489	0.13283740701381508												joint_grid_target
K562_essential_day7	ACH-000551	DCLRE1B	117.0	10691.0	1.0	310385.0	8563.0	h5ad_obs	supplementary	ctrl	verified_via_num_features_eq_1	num_features	3.041424087251511	0.025003466915368	0.1359150485088285	0.1218302330549831	0.1097509179527553	0.0284510896632744	0.1330131885251546	0.0	-0.494629653289085	0.5195519878318549	1.0	1.0	both	Q4_low_info	0.23751328374070138	0.24760892667375134												joint_grid_target
K562_essential_day7	ACH-000551	DCTN1	197.0	10691.0	1.0	310385.0	8563.0	h5ad_obs	supplementary	ctrl	verified_via_num_features_eq_1	num_features	2.5315440871561634	0.0205266672188373	0.1288561604400118	0.1079022504916305	0.0950338974594666	0.0306941860721055	0.1203532419025048	1.0	-0.1673143556833429	0.0876308920579479	1.0	1.0	both	Q4_low_info	0.07970244420828905	0.06588735387885228												joint_grid_target
K562_essential_day7	ACH-000551	DCTN2	126.0	10691.0	1.0	310385.0	8563.0	h5ad_obs	supplementary	ctrl	verified_via_num_features_eq_1	num_features	3.271419418972284	0.025878389469171	0.2021835883128452	0.1600485822058976	0.1355873265918724	0.0361125908064146	0.2150438227765896	3.0	-0.9347527923210144	0.9361147180991072	1.0	1.0	both	middle	0.27151965993623806	0.5334750265674814												joint_grid_target
K562_essential_day7	ACH-000551	DCTN3	201.0	10691.0	1.0	310385.0	8563.0	h5ad_obs	supplementary	ctrl	verified_via_num_features_eq_1	num_features	2.4340859838969875	0.0195768711900619	0.1368993472929689	0.1096636311582544	0.0949984875195081	0.0327087087008891	0.0872871085638262	1.0	-0.2233516489791372	0.1304997930640672	1.0	1.0	both	Q4_low_info	0.05100956429330499	0.08926673751328375												joint_grid_target
K562_essential_day7	ACH-000551	DCTN4	77.0	10691.0	1.0	310385.0	8563.0	h5ad_obs	supplementary	ctrl	verified_via_num_features_eq_1	num_features	4.007811635206009	0.0326148366063949	0.2070953335122708	0.1755743660877988	0.1544280162661736	0.0314332988978879	0.3314283735764878	3.0	-0.6188734044553171	0.7178927525601321	1.0	1.0	both	middle	0.4819341126461211	0.3421891604675877												joint_grid_target
K562_essential_day7	ACH-000551	DCTN5	141.0	10691.0	1.0	310385.0	8563.0	h5ad_obs	supplementary	ctrl	verified_via_num_features_eq_1	num_features	3.2245017392118607	0.0254116609281197	0.2118956919733722	0.1568875600618947	0.1312968179263554	0.036049522562058	0.2122713647308174	5.0	-0.9289485174602826	0.9346043570872148	1.0	1.0	both	middle	0.25132837407013814	0.528692879914984												joint_grid_target
K562_essential_day7	ACH-000551	DCTN6	64.0	10691.0	1.0	310385.0	8563.0	h5ad_obs	supplementary	ctrl	verified_via_num_features_eq_1	num_features	4.113960181013254	0.0336991679136618	0.210671246907603	0.1727493971465576	0.1520259546822704	0.0299323919321285	0.2204795921698359	3.0	-0.8356941599746381	0.9028439922995118	1.0	1.0	both	middle	0.5116896918172157	0.47396386822529224												joint_grid_target
K562_essential_day7	ACH-000551	DCUN1D5	183.0	10691.0	1.0	310385.0	8563.0	h5ad_obs	supplementary	ctrl	verified_via_num_features_eq_1	num_features	5.121883386987117	0.0374367830354203	0.3293058553866002	0.2725041621363742	0.2354139131646407	0.0425029112059161	1.0378087292059863	27.0	-0.0180555216870588	0.0260958284587003	1.0	1.0	both	middle	0.6030818278427205	0.019659936238044632												joint_grid_target
K562_essential_day7	ACH-000551	DDB1	177.0	10691.0	1.0	310385.0	8563.0	h5ad_obs	supplementary	ctrl	verified_via_num_features_eq_1	num_features	3.038058528980913	0.0240563547453056	0.174995987437084	0.1449580499880248	0.1256428579902838	0.0351849208998932	0.2560180275135089	1.0	-1.8153887797423365	0.999532290815193	1.0	1.0	both	Q3_dep_excess	0.1997874601487779	0.8740701381509033												joint_grid_target
K562_essential_day7	ACH-000551	DDN	249.0	10691.0	1.0	310385.0	8563.0	h5ad_obs	supplementary	ctrl	verified_via_num_features_eq_1	num_features	2.0894286023735016	0.0170682054528984	0.1037000971875838	0.0889490531703066	0.0780062368647171	0.0304296899943046	0.0574205474588414	0.0	-0.4290015674983664	0.4055984989552746	1.0	1.0	both	Q4_low_info	0.018597236981934114	0.206163655685441												joint_grid_target
K562_essential_day7	ACH-000551	DDOST	86.0	10691.0	1.0	310385.0	8563.0	h5ad_obs	supplementary	ctrl	verified_via_num_features_eq_1	num_features	4.562734131287416	0.0348885099126003	0.3457846191561224	0.2472042972156575	0.2001485690571841	0.0413730611526228	0.5993139346650214	12.0	-0.7859424416494821	0.8776010316309479	1.0	1.0	both	middle	0.5430393198724761	0.4452709883103082												joint_grid_target
K562_essential_day7	ACH-000551	DDX1	101.0	10691.0	1.0	310385.0	8563.0	h5ad_obs	supplementary	ctrl	verified_via_num_features_eq_1	num_features	3.620137692346753	0.028407598490282	0.2153339472524167	0.1641569016120131	0.1383382243680139	0.0337418340893967	0.2227550708975076	1.0	-0.3564877797908958	0.2891251200093853	1.0	1.0	both	middle	0.36344314558979807	0.15887353878852284												joint_grid_target
K562_essential_day7	ACH-000551	DDX10	104.0	10691.0	1.0	310385.0	8563.0	h5ad_obs	supplementary	ctrl	verified_via_num_features_eq_1	num_features	5.927014948119076	0.044064463499333	0.3835784631754568	0.3280441233653346	0.2830572663776913	0.0434698193785631	2.0430103001991604	67.0	-1.2264771969617478	0.9816942317436096	1.0	1.0	both	middle	0.7284803400637619	0.6902231668437833												joint_grid_target
K562_essential_day7	ACH-000551	DDX11	128.0	10691.0	1.0	310385.0	8563.0	h5ad_obs	supplementary	ctrl	verified_via_num_features_eq_1	num_features	2.832845070571904	0.0234080146538241	0.1214462534513846	0.1092379873637161	0.0993529063523002	0.0272491631770335	0.069407713806795	0.0	-0.88683358906052	0.9222085239675772	1.0	1.0	both	middle	0.17268862911795962	0.5095642933049946												joint_grid_target
K562_essential_day7	ACH-000551	DDX18	137.0	10691.0	1.0	310385.0	8563.0	h5ad_obs	supplementary	ctrl	verified_via_num_features_eq_1	num_features	8.762215308979252	0.0636879735182649	0.5903929913279151	0.4945357728042466	0.4234113773548303	0.0453402950796842	5.079763405484627	236.0	-1.0465216715735235	0.9589301072022238	1.0	1.0	both	middle	0.9314558979808714	0.60201912858661												joint_grid_target
K562_essential_day7	ACH-000551	DDX19A	103.0	10691.0	1.0	310385.0	8563.0	h5ad_obs	supplementary	ctrl	verified_via_num_features_eq_1	num_features	3.203440419552192	0.0262913251707397	0.1553830971854711	0.1312835434525859	0.116411308764976	0.029156935353736	0.125652610586501	1.0	-0.2410590563059963	0.1468695062091415	1.0	1.0	both	middle	0.2832093517534538	0.10042507970244421												joint_grid_target
K562_essential_day7	ACH-000551	DDX19B	285.0	10691.0	1.0	310385.0	8563.0	h5ad_obs	supplementary	ctrl	verified_via_num_features_eq_1	num_features	1.8972455596631927	0.0158136922975202	0.0778296200919555	0.0711866148197351	0.0656536160524315	0.0262850687588322	0.0408659651380194	0.0	-0.2324012093039963	0.138683684573585	1.0	1.0	both	Q4_low_info	0.009564293304994687	0.0951115834218916												joint_grid_target
K562_essential_day7	ACH-000551	DDX20	114.0	10691.0	1.0	310385.0	8563.0	h5ad_obs	supplementary	ctrl	verified_via_num_features_eq_1	num_features	4.637100921631446	0.0345752782658824	0.3347610431063091	0.248952232612787	0.2072563587884939	0.0420430681424046	0.8616140441694622	10.0	-0.9002578045393675	0.9264646704243148	1.0	1.0	both	middle	0.5340063761955367	0.5154091392136025												joint_grid_target
K562_essential_day7	ACH-000551	DDX21	90.0	10691.0	1.0	310385.0	8563.0	h5ad_obs	supplementary	ctrl	verified_via_num_features_eq_1	num_features	5.527238727951773	0.0407187868559719	0.4041355233325509	0.3119203985619423	0.2583030600148643	0.0447293932382102	1.515886355487753	38.0	-1.3382439378286932	0.987659420793426	1.0	1.0	both	middle	0.6663124335812965	0.7380446333687567												joint_grid_target
K562_essential_day7	ACH-000551	DDX23	159.0	10691.0	1.0	310385.0	8563.0	h5ad_obs	supplementary	ctrl	verified_via_num_features_eq_1	num_features	6.50988590094614	0.0474741533317595	0.3914924805372933	0.3453200647895988	0.3051216481834024	0.0424725802790849	2.309256227036609	89.0	-1.097707285059801	0.9667808884947346	1.0	1.0	both	middle	0.7837407013815091	0.6296493092454836												joint_grid_target
K562_essential_day7	ACH-000551	DDX24	286.0	10691.0	1.0	310385.0	8563.0	h5ad_obs	supplementary	ctrl	verified_via_num_features_eq_1	num_features	5.971522327400429	0.0418866295806052	0.4537671691878566	0.3677789184500619	0.30699266115778	0.0512690742376948	2.5863406958306907	66.0	-0.6592672785944302	0.7690503189712161	1.0	1.0	both	middle	0.6849096705632306	0.3698193411264612												joint_grid_target
K562_essential_day7	ACH-000551	DDX27	49.0	10691.0	1.0	310385.0	8563.0	h5ad_obs	supplementary	ctrl	verified_via_num_features_eq_1	num_features	6.276845532175879	0.0487695040447564	0.3768315134664109	0.3182139137997004	0.2738179000289429	0.0380991148857073	1.6845362563378856	51.0	-0.9548162792527222	0.941031081638794	1.0	1.0	both	middle	0.8034006376195537	0.5488841657810839												joint_grid_target
K562_essential_day7	ACH-000551	DDX3X	29.0	10691.0	1.0	310385.0	8563.0	h5ad_obs	supplementary	ctrl	verified_via_num_features_eq_1	num_features	6.759669297494787	0.0543415492893561	0.3586661517941971	0.2979293932385091	0.2600879954249782	0.0320129278892162	0.928183858986273	38.0	-0.9137777535286972	0.9304458067697076	1.0	1.0	both	middle	0.8687566418703507	0.5223166843783209												joint_grid_target
K562_essential_day7	ACH-000551	DDX41	292.0	10691.0	1.0	310385.0	8563.0	h5ad_obs	supplementary	ctrl	verified_via_num_features_eq_1	num_features	9.69672181031612	0.0720033481601157	0.5684874447075907	0.4853923344222269	0.4275516675177646	0.039362645786202	5.352793389575957	323.0	-1.208244637227808	0.980065368115352	1.0	1.0	both	middle	0.9675876726886291	0.6801275239107333												joint_grid_target
K562_essential_day7	ACH-000551	DDX42	44.0	10691.0	1.0	310385.0	8563.0	h5ad_obs	supplementary	ctrl	verified_via_num_features_eq_1	num_features	5.142367803581551	0.0422956621654945	0.2413040845892615	0.2092385337161099	0.1871411170602598	0.028886165806204	0.3562419497349331	4.0	-1.1339353367028375	0.9717044096006792	1.0	1.0	both	middle	0.6928799149840595	0.6466524973432518												joint_grid_target
K562_essential_day7	ACH-000551	DDX46	214.0	10691.0	1.0	310385.0	8563.0	h5ad_obs	supplementary	ctrl	verified_via_num_features_eq_1	num_features	4.5728855771204815	0.0335880032984095	0.3019968357094522	0.2466408450178986	0.2124917736278913	0.042877047547315	0.8870906215947212	14.0	-0.5232557123242114	0.5689488607523494	1.0	1.0	both	middle	0.5095642933049946	0.2747077577045696												joint_grid_target
K562_essential_day7	ACH-000551	DDX47	313.0	10691.0	1.0	310385.0	8563.0	h5ad_obs	supplementary	ctrl	verified_via_num_features_eq_1	num_features	8.770763415133393	0.0637849148773951	0.5620434257506544	0.4771440919821993	0.4140836361668114	0.0436792960754199	5.462046553516544	216.0	-1.2539740153255368	0.9837944370550524	1.0	1.0	both	middle	0.9325185972369819	0.7024442082890542												joint_grid_target
K562_essential_day7	ACH-000551	DDX49	45.0	10691.0	1.0	310385.0	8563.0	h5ad_obs	supplementary	ctrl	verified_via_num_features_eq_1	num_features	5.855693149759647	0.0463169905952678	0.3337247598269975	0.2816662564989661	0.2454878427295694	0.0355090087033229	0.9936461364385404	32.0	-2.5369527161908425	1.0	1.0	1.0	both	Q1_anchor	0.7678002125398512	0.9609458023379384												joint_grid_target
K562_essential_day7	ACH-000551	DDX5	151.0	10691.0	1.0	310385.0	8563.0	h5ad_obs	supplementary	ctrl	verified_via_num_features_eq_1	num_features	3.684091369251258	0.0274230226671883	0.2608728645901695	0.1939988565275643	0.1577293992198394	0.0413074045295541	0.2466016991523698	4.0	-0.4581183534175523	0.4558089550505461	1.0	1.0	both	middle	0.3230605738575983	0.22582359192348567												joint_grid_target
K562_essential_day7	ACH-000551	DDX51	128.0	10691.0	1.0	310385.0	8563.0	h5ad_obs	supplementary	ctrl	verified_via_num_features_eq_1	num_features	4.753950287388186	0.0354962137676742	0.313272739670364	0.2607479565572202	0.2237097735382157	0.0428926563266321	1.2333522501652574	21.0	-1.0107430510117092	0.9526751237302656	1.0	1.0	both	middle	0.5611052072263549	0.5823591923485654												joint_grid_target
K562_essential_day7	ACH-000551	DDX52	117.0	10691.0	1.0	310385.0	8563.0	h5ad_obs	supplementary	ctrl	verified_via_num_features_eq_1	num_features	5.934665832884826	0.0431438835277155	0.4243222357431419	0.3520778628145199	0.2979160281991126	0.0476500701972757	2.14688173606271	66.0	-0.361096405059006	0.2959726129587854	1.0	1.0	both	middle	0.7114771519659936	0.16153028692879914												joint_grid_target
K562_essential_day7	ACH-000551	DDX54	95.0	10691.0	1.0	310385.0	8563.0	h5ad_obs	supplementary	ctrl	verified_via_num_features_eq_1	num_features	4.43455225205244	0.0347892705189624	0.2581364033060871	0.2161371748339353	0.1874178468530006	0.0362767363293002	0.801263497523756	11.0	-2.568829147321392	1.0	1.0	1.0	both	middle	0.5393198724760893	0.9609458023379384												joint_grid_target
K562_essential_day7	ACH-000551	DDX55	163.0	10691.0	1.0	310385.0	8563.0	h5ad_obs	supplementary	ctrl	verified_via_num_features_eq_1	num_features	3.7031420712472567	0.0282985618307069	0.2223087868211749	0.1912669765376333	0.165306538650122	0.0394656889285925	0.6846510874099163	5.0	-2.051384254475436	0.9999978482352694	1.0	1.0	both	middle	0.359192348565356	0.9128586609989373												joint_grid_target
K562_essential_day7	ACH-000551	DDX56	174.0	10691.0	1.0	310385.0	8563.0	h5ad_obs	supplementary	ctrl	verified_via_num_features_eq_1	num_features	6.790740683986318	0.0482946014344054	0.5011635142280906	0.405509161139454	0.3401444556363764	0.0490282220259591	3.277786667665037	99.0	-2.792138609146942	1.0	1.0	1.0	both	Q1_anchor	0.7964930924548352	0.9609458023379384												joint_grid_target
K562_essential_day7	ACH-000551	DDX59	154.0	10691.0	1.0	310385.0	8563.0	h5ad_obs	supplementary	ctrl	verified_via_num_features_eq_1	num_features	3.3605707267797333	0.0258736087001961	0.2507376669535489	0.1887954508013395	0.1526476870693407	0.042606766870001	0.2581867605128956	6.0	-0.4912413060426339	0.5136530657664891	1.0	1.0	both	middle	0.27098831030818277	0.242826780021254												joint_grid_target
K562_essential_day7	ACH-000551	DDX6	76.0	10691.0	1.0	310385.0	8563.0	h5ad_obs	supplementary	ctrl	verified_via_num_features_eq_1	num_features	7.331774926050872	0.0543815444108826	0.4611368869506596	0.3932243047125879	0.3391849866795537	0.0422214239684079	2.187689359804393	129.0	-0.9631265838945474	0.9429431505879996	1.0	1.0	both	middle	0.8698193411264612	0.553134962805526												joint_grid_target
K562_essential_day7	ACH-000551	DENR	251.0	10691.0	1.0	310385.0	8563.0	h5ad_obs	supplementary	ctrl	verified_via_num_features_eq_1	num_features	3.1929943824486773	0.0233913339748338	0.2525676476244272	0.1836365039698458	0.148820489169525	0.0458403670860113	0.2061124476013134	5.0	-0.6862214203023609	0.7985477121268341	1.0	1.0	both	middle	0.1716259298618491	0.39107332624867164												joint_grid_target
K562_essential_day7	ACH-000551	DERL2	124.0	10691.0	1.0	310385.0	8563.0	h5ad_obs	supplementary	ctrl	verified_via_num_features_eq_1	num_features	4.583601162306342	0.034415856360384	0.3291297199749269	0.2550493391255589	0.2107894702350756	0.0432722704134787	0.8695112500825317	14.0	-0.181049629669061	0.096898629824037	1.0	1.0	both	middle	0.5302869287991498	0.07173219978746015												joint_grid_target
K562_essential_day7	ACH-000551	DHDDS	96.0	10691.0	1.0	310385.0	8563.0	h5ad_obs	supplementary	ctrl	verified_via_num_features_eq_1	num_features	7.415369505125682	0.0515979156078103	0.6256959443547735	0.4558747072921534	0.3680824191986271	0.0515890344868552	3.025746313908572	112.0	-1.876059143791554	0.9998385278219468	1.0	1.0	both	Q1_anchor	0.834750265674814	0.8846971307120085												joint_grid_target
K562_essential_day7	ACH-000551	DHFR	125.0	10691.0	1.0	310385.0	8563.0	h5ad_obs	supplementary	ctrl	verified_via_num_features_eq_1	num_features	2.833526379015693	0.023475108334202	0.1178410759302518	0.10673431831293	0.0982586898945856	0.0265485334717334	0.0798737683259549	0.0	-1.0012765558650214	0.9508861217896092	1.0	1.0	both	middle	0.1769394261424017	0.5749202975557917												joint_grid_target
K562_essential_day7	ACH-000551	DHODH	223.0	10691.0	1.0	310385.0	8563.0	h5ad_obs	supplementary	ctrl	verified_via_num_features_eq_1	num_features	3.072981713268915	0.023350701740299	0.2063094870358514	0.1656475654999646	0.1386281798366719	0.0414218203919964	0.1912940699984577	1.0	-0.5247150446665185	0.5714256040816991	1.0	1.0	both	middle	0.17109458023379384	0.27683315621679067												joint_grid_target
K562_essential_day7	ACH-000551	DHPS	66.0	10691.0	1.0	310385.0	8563.0	h5ad_obs	supplementary	ctrl	verified_via_num_features_eq_1	num_features	4.192313741180159	0.0343446584314492	0.1956290264055891	0.1715758686707839	0.1549533272016446	0.0291703113858911	0.2385618732599717	2.0	-0.6310979571867046	0.7342682570339629	1.0	1.0	both	middle	0.528692879914984	0.3512221041445271												joint_grid_target
K562_essential_day7	ACH-000551	DHX15	359.0	10691.0	1.0	310385.0	8563.0	h5ad_obs	supplementary	ctrl	verified_via_num_features_eq_1	num_features	9.924145646292796	0.0680130383041097	0.6386943400424212	0.5558249918676967	0.4885965574043077	0.0477188484093802	4.969334104619541	375.0	-1.346553725597543	0.987870435301627	1.0	1.0	both	middle	0.9564293304994687	0.740701381509033												joint_grid_target
K562_essential_day7	ACH-000551	DHX16	328.0	10691.0	1.0	310385.0	8563.0	h5ad_obs	supplementary	ctrl	verified_via_num_features_eq_1	num_features	7.955316813454326	0.0585331649699875	0.4774214425012174	0.4083242221422479	0.3604182048882531	0.0407330749257007	3.340644639450918	167.0	-1.3924981740914315	0.9887497867991948	1.0	1.0	both	Q1_anchor	0.9022316684378321	0.759298618490967												joint_grid_target
K562_essential_day7	ACH-000551	DHX33	140.0	10691.0	1.0	310385.0	8563.0	h5ad_obs	supplementary	ctrl	verified_via_num_features_eq_1	num_features	3.867977879731037	0.0289774628079701	0.2793195487181507	0.2223054768339545	0.1854488431312526	0.0447954460632454	0.540912959636259	11.0	-0.8320694933838726	0.901270675757694	1.0	1.0	both	middle	0.38097768331562165	0.4718384697130712												joint_grid_target
K562_essential_day7	ACH-000551	DHX36	269.0	10691.0	1.0	310385.0	8563.0	h5ad_obs	supplementary	ctrl	verified_via_num_features_eq_1	num_features	4.411938068385295	0.0311046193463514	0.3234367364535368	0.2568060372280324	0.2147266171049128	0.0482085865887816	0.815801181010599	17.0	-0.7219467536231313	0.8320807433492035	1.0	1.0	both	middle	0.4436769394261424	0.4070138150903294												joint_grid_target
K562_essential_day7	ACH-000551	DHX37	217.0	10691.0	1.0	310385.0	8563.0	h5ad_obs	supplementary	ctrl	verified_via_num_features_eq_1	num_features	5.076108552377457	0.0356480910816743	0.4070580170627955	0.3303198172807274	0.2752294237717125	0.0541056241290799	1.7082792994915508	54.0	-1.2042600260462075	0.9796855586770212	1.0	1.0	both	middle	0.5642933049946866	0.675345377258236												joint_grid_target
K562_essential_day7	ACH-000551	DHX8	115.0	10691.0	1.0	310385.0	8563.0	h5ad_obs	supplementary	ctrl	verified_via_num_features_eq_1	num_features	5.568353671266691	0.0427260391172633	0.289397563230354	0.2575608352444517	0.229598633535171	0.0351990750473768	1.1905795909528596	27.0	-1.7981390541332034	0.9993857042580984	1.0	1.0	both	middle	0.7035069075451648	0.8676939426142402												joint_grid_target
K562_essential_day7	ACH-000551	DHX9	92.0	10691.0	1.0	310385.0	8563.0	h5ad_obs	supplementary	ctrl	verified_via_num_features_eq_1	num_features	4.066069812439812	0.0318037183726657	0.266805454655199	0.1990641777799456	0.1660210706123528	0.0365476347220416	0.2863969414862897	3.0	-0.726662966596342	0.8359904963920094	1.0	1.0	both	middle	0.46014877789585545	0.41073326248671627												joint_grid_target
K562_essential_day7	ACH-000551	DICER1	158.0	10691.0	1.0	310385.0	8563.0	h5ad_obs	supplementary	ctrl	verified_via_num_features_eq_1	num_features	3.5996923245326538	0.0278642672665395	0.2150809023479659	0.1792891459142577	0.1534178356969797	0.0375707990413626	0.3081805196253224	3.0	-0.257112150340763	0.163019623927542	1.0	1.0	both	middle	0.34112646121147716	0.10892667375132838												joint_grid_target
K562_essential_day7	ACH-000551	DIMT1	94.0	10691.0	1.0	310385.0	8563.0	h5ad_obs	supplementary	ctrl	verified_via_num_features_eq_1	num_features	6.631614435747456	0.0485306231440503	0.4446749435261273	0.3822759706181467	0.325194241097766	0.0459944248214119	2.614570471898787	89.0	-0.8126574658927617	0.892100047807824	1.0	1.0	both	middle	0.7991498405951116	0.4622741764080765												joint_grid_target
K562_essential_day7	ACH-000551	DIS3	43.0	10691.0	1.0	310385.0	8563.0	h5ad_obs	supplementary	ctrl	verified_via_num_features_eq_1	num_features	8.927220172975037	0.0633560633086675	0.7467067663605997	0.5774556158542061	0.4743672000579667	0.0532199528556506	2.484935648307641	202.0	-0.7763131666421071	0.8717890031087216	1.0	1.0	both	middle	0.9287991498405951	0.4394261424017003												joint_grid_target
K562_essential_day7	ACH-000551	DKC1	66.0	10691.0	1.0	310385.0	8563.0	h5ad_obs	supplementary	ctrl	verified_via_num_features_eq_1	num_features	5.520163909459974	0.0421924495642656	0.3899288881618905	0.3011468231031841	0.2504408846395565	0.0416761513381291	1.0246541309643504	29.0	-1.6852491212300955	0.997346270227568	1.0	1.0	both	middle	0.6912858660998937	0.8421891604675876												joint_grid_target
K562_essential_day7	ACH-000551	DLD	311.0	10691.0	1.0	310385.0	8563.0	h5ad_obs	supplementary	ctrl	verified_via_num_features_eq_1	num_features	8.14096225659706	0.0548810400327826	0.6392781777044723	0.5235838881967887	0.4338837322930804	0.0557067730045523	2.349506201764031	190.0	-0.4683812085022109	0.4737091361370627	1.0	1.0	both	Q2_shift_excess	0.8751328374070139	0.23007438894792773												joint_grid_target
K562_essential_day7	ACH-000551	DMAP1	78.0	10691.0	1.0	310385.0	8563.0	h5ad_obs	supplementary	ctrl	verified_via_num_features_eq_1	num_features	9.304407627838522	0.0651176779058139	0.7557928990670673	0.5787778419435922	0.4737468812708944	0.0518987683301237	3.2290041488049788	244.0	-1.22599049154789	0.9816532438389042	1.0	1.0	both	middle	0.9426142401700319	0.6886291179596175												joint_grid_target
K562_essential_day7	ACH-000551	DMRTA2	107.0	10691.0	1.0	310385.0	8563.0	h5ad_obs	supplementary	ctrl	verified_via_num_features_eq_1	num_features	3.114473450857442	0.0255415491419475	0.1453460423607605	0.1253030298809148	0.1119530873222991	0.0286456313388181	0.1396331919394811	0.0	-0.5235723906226097	0.5694863194520366	1.0	1.0	both	middle	0.2555791710945802	0.27523910733262485												joint_grid_target
K562_essential_day7	ACH-000551	DNAJA1	292.0	10691.0	1.0	310385.0	8563.0	h5ad_obs	supplementary	ctrl	verified_via_num_features_eq_1	num_features	2.42137791227237	0.0178600320864237	0.1509567298423317	0.110537970372846	0.0915246025634222	0.0361387653860805	0.1109541109551273	1.0	-0.7381511839703032	0.8452148361463004	1.0	1.0	both	middle	0.02497343251859724	0.41764080765143463												joint_grid_target
K562_essential_day7	ACH-000551	DNAJA3	127.0	10691.0	1.0	310385.0	8563.0	h5ad_obs	supplementary	ctrl	verified_via_num_features_eq_1	num_features	5.842830987934476	0.039453900619636	0.587671947580207	0.3991807310023661	0.3065307835578971	0.0590777141524431	1.75106991020205	41.0	-1.0840888374265862	0.9648014360104472	1.0	1.0	both	middle	0.6392136025504782	0.6227417640807651												joint_grid_target
K562_essential_day7	ACH-000551	DNAJC11	46.0	10691.0	1.0	310385.0	8563.0	h5ad_obs	supplementary	ctrl	verified_via_num_features_eq_1	num_features	4.868382783876601	0.0400886715230179	0.220794664164644	0.1941537298562539	0.1757096473406464	0.0282792660535404	0.2973748243324188	2.0	-1.2068821580299338	0.9799354978632	1.0	1.0	both	middle	0.6524973432518597	0.6790648246546227												joint_grid_target
K562_essential_day7	ACH-000551	DNAJC17	31.0	10691.0	1.0	310385.0	8563.0	h5ad_obs	supplementary	ctrl	verified_via_num_features_eq_1	num_features	10.314321143154716	0.0786094121907645	0.5829831811858643	0.4981350028989692	0.4409119906341759	0.0370012649385776	4.890241497237525	380.0	-1.308842840352222	0.9867052329881676	1.0	1.0	both	middle	0.9814027630180658	0.7247608926673751												joint_grid_target
K562_essential_day7	ACH-000551	DNAJC19	398.0	10691.0	1.0	310385.0	8563.0	h5ad_obs	supplementary	ctrl	verified_via_num_features_eq_1	num_features	8.805151607709051	0.0575251213364702	0.7029914223197803	0.5737347795528597	0.4753581161192272	0.0582368256165667	5.152387652144181	244.0	-0.688921412698527	0.8013133690968908	1.0	1.0	both	middle	0.8931987247608927	0.3926673751328374												joint_grid_target
K562_essential_day7	ACH-000551	DNAJC8	277.0	10691.0	1.0	310385.0	8563.0	h5ad_obs	supplementary	ctrl	verified_via_num_features_eq_1	num_features	2.831992004153707	0.0206657557886509	0.1940490820095428	0.1488786229850922	0.1247128088578699	0.0420654084888799	0.1391032576171049	1.0	-0.8192043939249889	0.8952965906150704	1.0	1.0	both	middle	0.08395324123273114	0.46493092454835283												joint_grid_target
K562_essential_day7	ACH-000551	DNAJC9	84.0	10691.0	1.0	310385.0	8563.0	h5ad_obs	supplementary	ctrl	verified_via_num_features_eq_1	num_features	3.672523612809172	0.029583657515352	0.1969267172255456	0.1584582558793387	0.1368231326633557	0.0312757019415153	0.2183602011159919	2.0	-0.9985604256374638	0.950353561578696	1.0	1.0	both	middle	0.3953241232731137	0.5727948990435706												joint_grid_target
K562_essential_day7	ACH-000551	DNLZ	140.0	10691.0	1.0	310385.0	8563.0	h5ad_obs	supplementary	ctrl	verified_via_num_features_eq_1	num_features	2.8861199265041257	0.023238576903689	0.1723505849484279	0.1335036716662675	0.1123208843637502	0.0335449957606396	0.1308620132822486	2.0	-0.6783189810217364	0.7902874266438924	1.0	1.0	both	middle	0.16737513283740701	0.38522848034006374												joint_grid_target
K562_essential_day7	ACH-000551	DNM1	146.0	10691.0	1.0	310385.0	8563.0	h5ad_obs	supplementary	ctrl	verified_via_num_features_eq_1	num_features	2.661386183485745	0.0220160082453334	0.1244903826269169	0.1074548251547903	0.0951790648204322	0.0284991169118485	0.1054264497108103	0.0	-0.0581189524146208	0.0367346461022564	1.0	1.0	both	Q4_low_info	0.13230605738575982	0.030818278427205102												joint_grid_target
K562_essential_day7	ACH-000551	DNM1L	168.0	10691.0	1.0	310385.0	8563.0	h5ad_obs	supplementary	ctrl	verified_via_num_features_eq_1	num_features	3.6916941557468497	0.0278547168699016	0.253000585227449	0.1973154114308269	0.1668971173175175	0.0413624561053628	0.5833510539344005	7.0	-1.667544535531616	0.996826236394521	1.0	1.0	both	middle	0.3405951115834219	0.8368756641870351												joint_grid_target
K562_essential_day7	ACH-000551	DNMT1	170.0	10691.0	1.0	310385.0	8563.0	h5ad_obs	supplementary	ctrl	verified_via_num_features_eq_1	num_features	3.3537844194887403	0.0252418312472076	0.2629098805535252	0.1913809116654776	0.1542393965921133	0.0442712536645999	0.1868119768232023	7.0	-0.266077667546463	0.1725358295799717	1.0	1.0	both	Q4_low_info	0.24654622741764082	0.11424017003188097												joint_grid_target
K562_essential_day7	ACH-000551	DNTTIP2	264.0	10691.0	1.0	310385.0	8563.0	h5ad_obs	supplementary	ctrl	verified_via_num_features_eq_1	num_features	7.945783327106616	0.0577410184313509	0.5233509109839054	0.4536788138417394	0.3909437943249269	0.0458783847767244	4.557340731010063	164.0	-0.5798400684314557	0.6611472243332434	1.0	1.0	both	middle	0.8974495217853348	0.31562167906482463												joint_grid_target
K562_essential_day7	ACH-000551	DOHH	155.0	10691.0	1.0	310385.0	8563.0	h5ad_obs	supplementary	ctrl	verified_via_num_features_eq_1	num_features	4.36145736824591	0.0326597316730633	0.3157039969568599	0.2475287760003734	0.2060822876947942	0.0442544698344598	0.3735726081705799	18.0	-0.3282059971161293	0.248744173904811	1.0	1.0	both	middle	0.48352816153028694	0.14930924548352817												joint_grid_target
K562_essential_day7	ACH-000551	DOLK	146.0	10691.0	1.0	310385.0	8563.0	h5ad_obs	supplementary	ctrl	verified_via_num_features_eq_1	num_features	2.971499193313661	0.023650656226127	0.2001779823764774	0.1523352644959924	0.1250203386097864	0.037609825275863	0.1609106041101089	1.0	-0.6466138337939623	0.7538904700765918	1.0	1.0	both	middle	0.18172157279489903	0.36238044633368754												joint_grid_target
K562_essential_day7	ACH-000551	DONSON	745.0	10691.0	1.0	310385.0	8563.0	h5ad_obs	supplementary	ctrl	verified_via_num_features_eq_1	num_features	5.073665094366681	0.0327579676743308	0.4521345574193646	0.3359134462782298	0.2737870541884268	0.0598762370190045	1.6741065522466505	40.0	-2.7204063197164863	1.0	1.0	1.0	both	middle	0.4851222104144527	0.9609458023379384												joint_grid_target
K562_essential_day7	ACH-000551	DPAGT1	135.0	10691.0	1.0	310385.0	8563.0	h5ad_obs	supplementary	ctrl	verified_via_num_features_eq_1	num_features	2.7457375796976025	0.0226554110227788	0.1202762312666835	0.1072660759433308	0.0976524159574568	0.0276461403179684	0.0819720777580048	0.0	-0.8235652972815803	0.8973697981524541	1.0	1.0	both	middle	0.15196599362380447	0.4681190223166844												joint_grid_target
K562_essential_day7	ACH-000551	DPH1	335.0	10691.0	1.0	310385.0	8563.0	h5ad_obs	supplementary	ctrl	verified_via_num_features_eq_1	num_features	1.9622770704057884	0.0156163238524974	0.1241849660501523	0.0950773096506909	0.0792461461746557	0.0355502073149475	0.0610874040465319	1.0	-0.3760566795757665	0.3189150183322143	1.0	1.0	both	Q4_low_info	0.008501594048884165	0.17215727948990436												joint_grid_target
K562_essential_day7	ACH-000551	DPH2	164.0	10691.0	1.0	310385.0	8563.0	h5ad_obs	supplementary	ctrl	verified_via_num_features_eq_1	num_features	3.616504661424269	0.0274541200050021	0.2376569485817535	0.1944403373863681	0.1648100198854447	0.0413545118333932	0.3319466217975613	4.0	-0.1758006085188276	0.0932930566579151	1.0	1.0	both	middle	0.32518597236981933	0.06907545164718384												joint_grid_target
K562_essential_day7	ACH-000551	DPH3	60.0	10691.0	1.0	310385.0	8563.0	h5ad_obs	supplementary	ctrl	verified_via_num_features_eq_1	num_features	4.244199219615758	0.0348290450222934	0.2036775445401764	0.1733255297399889	0.1546685950667119	0.029057953860224	0.1576508935887481	1.0	-0.7895681526882554	0.8797183446521856	1.0	1.0	both	middle	0.5403825717321998	0.44686503719447396												joint_grid_target
K562_essential_day7	ACH-000551	DPH6	101.0	10691.0	1.0	310385.0	8563.0	h5ad_obs	supplementary	ctrl	verified_via_num_features_eq_1	num_features	3.211389150193257	0.026389554899007	0.1386399626345545	0.1250837834501105	0.1138837456077666	0.0276766170162735	0.1299163346583238	0.0	-0.3706347757390776	0.3104908210326526	1.0	1.0	both	middle	0.2863974495217853	0.16950053134962806												joint_grid_target
K562_essential_day7	ACH-000551	DPM2	153.0	10691.0	1.0	310385.0	8563.0	h5ad_obs	supplementary	ctrl	verified_via_num_features_eq_1	num_features	2.7566432849969864	0.0221829257185456	0.1478433253343772	0.1184892467903423	0.1033189431699448	0.0311891956094791	0.1129826145073682	1.0	-0.3179589722385459	0.234960805790829	1.0	1.0	both	Q4_low_info	0.13761955366631243	0.14399574920297556												joint_grid_target
K562_essential_day7	ACH-000551	DPPA2	67.0	10691.0	1.0	310385.0	8563.0	h5ad_obs	supplementary	ctrl	verified_via_num_features_eq_1	num_features	3.968296419510052	0.0326022486744035	0.2085598667921325	0.1667149707078943	0.1453776039810541	0.0298587144217179	0.1561729283052972	4.0	-0.6036132736767894	0.6965102253013342	1.0	1.0	both	middle	0.4814027630180659	0.3299681190223167												joint_grid_target
K562_essential_day7	ACH-000551	DPY19L2	50.0	10691.0	1.0	310385.0	8563.0	h5ad_obs	supplementary	ctrl	verified_via_num_features_eq_1	num_features	4.710899144529456	0.0385517513415453	0.2310778530946073	0.1926212460328194	0.1707722203053618	0.0291745479899983	0.2678472442462567	3.0	-0.3814944506301551	0.3273973897253256	1.0	1.0	both	middle	0.6248671625929861	0.1758767268862912												joint_grid_target
K562_essential_day7	ACH-000551	DR1	126.0	10691.0	1.0	310385.0	8563.0	h5ad_obs	supplementary	ctrl	verified_via_num_features_eq_1	num_features	3.5692241037196264	0.0267641228612429	0.2776274551624176	0.2065807530212789	0.164174288622158	0.0450693092166007	0.2308817913233749	5.0	-0.3358163126402324	0.2592833782351229	1.0	1.0	both	middle	0.3002125398512221	0.1514346439957492												joint_grid_target
K562_essential_day7	ACH-000551	DRAP1	227.0	10691.0	1.0	310385.0	8563.0	h5ad_obs	supplementary	ctrl	verified_via_num_features_eq_1	num_features	2.96410113396531	0.0218496318027754	0.2449452474050972	0.1811032230623284	0.1445711895181944	0.0483978553111914	0.1562365409933122	5.0	-0.4883805732087444	0.5086568326600284	1.0	1.0	both	Q4_low_info	0.1259298618490967	0.2412327311370882												joint_grid_target
K562_essential_day7	ACH-000551	DRG1	196.0	10691.0	1.0	310385.0	8563.0	h5ad_obs	supplementary	ctrl	verified_via_num_features_eq_1	num_features	2.543239862014858	0.0204028231029402	0.1463266794057225	0.1164995012142206	0.099502066372498	0.0333409417002817	0.1025892833857344	1.0	-0.1596946344491264	0.0827674511067593	1.0	1.0	both	Q4_low_info	0.07545164718384698	0.06323060573857599												joint_grid_target
K562_essential_day7	ACH-000551	DSN1	245.0	10691.0	1.0	310385.0	8563.0	h5ad_obs	supplementary	ctrl	verified_via_num_features_eq_1	num_features	5.714898796528544	0.0403190359101559	0.3470070921264029	0.3046888989466139	0.2711121757197607	0.0441255927884087	1.9406255968756088	56.0	-0.5664702966673183	0.64025007991494	1.0	1.0	both	middle	0.6556854410201913	0.30871413390010627												joint_grid_target
K562_essential_day7	ACH-000551	DTL	136.0	10691.0	1.0	310385.0	8563.0	h5ad_obs	supplementary	ctrl	verified_via_num_features_eq_1	num_features	4.7404936315830986	0.0353703061484261	0.2897772489191819	0.2508830689058148	0.2190564974277776	0.0414168051622234	1.0119367547651876	21.0	-3.118195690279858	1.0	1.0	1.0	both	middle	0.5573857598299681	0.9609458023379384												joint_grid_target
K562_essential_day7	ACH-000551	DTYMK	121.0	10691.0	1.0	310385.0	8563.0	h5ad_obs	supplementary	ctrl	verified_via_num_features_eq_1	num_features	4.29331613296326	0.0322839169538358	0.3126276916423195	0.2432022263814412	0.2000845298111207	0.0439871055315257	0.7832166547176449	20.0	-2.000873827064511	0.9999892039476684	1.0	1.0	both	middle	0.4760892667375133	0.9027630180658873												joint_grid_target
K562_essential_day7	ACH-000551	DUT	49.0	10691.0	1.0	310385.0	8563.0	h5ad_obs	supplementary	ctrl	verified_via_num_features_eq_1	num_features	6.313169792743182	0.0479843806880723	0.4248648441504161	0.330730676762303	0.2755026365771391	0.0402456221932417	1.608190869156182	45.0	-2.993668828929104	1.0	1.0	1.0	both	Q1_anchor	0.7911795961742827	0.9609458023379384												joint_grid_target
K562_essential_day7	ACH-000551	DYNC1H1	291.0	10691.0	1.0	310385.0	8563.0	h5ad_obs	supplementary	ctrl	verified_via_num_features_eq_1	num_features	3.7511944034958495	0.0272054888041156	0.2382138978333451	0.1987905534174698	0.1743344157082051	0.0426661317150156	0.7217796863081016	3.0	-2.624261649401679	1.0	1.0	1.0	both	middle	0.3150903294367694	0.9609458023379384												joint_grid_target
K562_essential_day7	ACH-000551	DYNC1I2	300.0	10691.0	1.0	310385.0	8563.0	h5ad_obs	supplementary	ctrl	verified_via_num_features_eq_1	num_features	3.4812452333913413	0.025739220417437	0.22230038041414	0.1894553340356692	0.1640484199041491	0.0429789210314108	0.6244785559956227	4.0	-2.099316382059263	0.9999999999966466	1.0	1.0	both	middle	0.26461211477151964	0.9208289054197663												joint_grid_target
K562_essential_day7	ACH-000551	DYNLL1	71.0	10691.0	1.0	310385.0	8563.0	h5ad_obs	supplementary	ctrl	verified_via_num_features_eq_1	num_features	5.031363710470205	0.0379302494244102	0.3645718007737378	0.2627641875784495	0.216118265024479	0.0404505597946022	0.7428543628989814	14.0	-1.1292250106343396	0.971093006738918	1.0	1.0	both	middle	0.614240170031881	0.6434643995749203												joint_grid_target
K562_essential_day7	ACH-000551	DYNLRB1	282.0	10691.0	1.0	310385.0	8563.0	h5ad_obs	supplementary	ctrl	verified_via_num_features_eq_1	num_features	2.8739032901079464	0.0219799256232656	0.1809961197361602	0.1494014522956701	0.1278238532986746	0.0396892288689831	0.3277423497978837	1.0	-1.715083533083648	0.9980962702099776	1.0	1.0	both	Q3_dep_excess	0.1312433581296493	0.8496280552603613												joint_grid_target
K562_essential_day7	ACH-000551	E4F1	134.0	10691.0	1.0	310385.0	8563.0	h5ad_obs	supplementary	ctrl	verified_via_num_features_eq_1	num_features	5.165525377443361	0.0374387574200431	0.415983011907975	0.3101098016076711	0.2537238340481504	0.0483657723351577	1.1628175316976392	30.0	-0.4142373746438381	0.3806842268511841	1.0	1.0	both	middle	0.6036131774707758	0.19659936238044634												joint_grid_target
K562_essential_day7	ACH-000551	EARS2	192.0	10691.0	1.0	310385.0	8563.0	h5ad_obs	supplementary	ctrl	verified_via_num_features_eq_1	num_features	2.780088996167036	0.0217714183286209	0.1882457931686378	0.1459799366580599	0.1211287191509437	0.0391516895678365	0.1474652015105473	2.0	-1.3038580555395	0.986506966504532	1.0	1.0	both	middle	0.12167906482465463	0.7221041445270988												joint_grid_target
K562_essential_day7	ACH-000551	EBNA1BP2	82.0	10691.0	1.0	310385.0	8563.0	h5ad_obs	supplementary	ctrl	verified_via_num_features_eq_1	num_features	6.11523737255748	0.0451987564666909	0.4240601055197135	0.3446997188976677	0.2878752820962332	0.0445305955220902	2.0242769390128945	56.0	-0.9572137499228738	0.9415872339912956	1.0	1.0	both	middle	0.7507970244420828	0.5499468650371945												joint_grid_target
K562_essential_day7	ACH-000551	ECD	72.0	10691.0	1.0	310385.0	8563.0	h5ad_obs	supplementary	ctrl	verified_via_num_features_eq_1	num_features	6.212976373684563	0.0478028156257308	0.3535459165861901	0.3111284168381396	0.275310187154281	0.038004083335421	1.6645420076794206	59.0	-2.036879259287253	0.9999957044420724	1.0	1.0	both	Q1_anchor	0.7879914984059511	0.910201912858661												joint_grid_target
K562_essential_day7	ACH-000551	ECT2	55.0	10691.0	1.0	310385.0	8563.0	h5ad_obs	supplementary	ctrl	verified_via_num_features_eq_1	num_features	4.463313341380902	0.0364017805466722	0.2081273608564521	0.1844856148779667	0.1672028855402915	0.0295926556946685	0.447352693344575	1.0	-1.4075827723583458	0.9889848726155582	1.0	1.0	both	middle	0.5839532412327312	0.7630180658873539												joint_grid_target
K562_essential_day7	ACH-000551	EDC4	166.0	10691.0	1.0	310385.0	8563.0	h5ad_obs	supplementary	ctrl	verified_via_num_features_eq_1	num_features	2.854482737393081	0.0227620832637076	0.1707795337708187	0.1340584798219343	0.114374103258774	0.0343895381248952	0.1520978311416811	2.0	-0.6390621626154177	0.7444820822113705	1.0	1.0	both	middle	0.15621679064824653	0.3565356004250797												joint_grid_target
K562_essential_day7	ACH-000551	EEF1B2	32.0	10691.0	1.0	310385.0	8563.0	h5ad_obs	supplementary	ctrl	verified_via_num_features_eq_1	num_features	6.066915488850675	0.0478276085668192	0.3381539655336295	0.2637622748496873	0.2265422164653264	0.032201646183882	0.3364042406993803	9.0	-0.8652806943742308	0.9147180696111632	1.0	1.0	both	middle	0.7885228480340064	0.4946865037194474												joint_grid_target
K562_essential_day7	ACH-000551	EEF1G	175.0	10691.0	1.0	310385.0	8563.0	h5ad_obs	supplementary	ctrl	verified_via_num_features_eq_1	num_features	5.2213084198503	0.0338132110517734	0.4497483910714009	0.3175907107085786	0.2535384736044636	0.0548435345295959	0.920182511690932	22.0	-1.0080205158925148	0.9521612183392932	1.0	1.0	both	middle	0.5154091392136025	0.5807651434643996												joint_grid_target
K562_essential_day7	ACH-000551	EEF2	321.0	10691.0	1.0	310385.0	8563.0	h5ad_obs	supplementary	ctrl	verified_via_num_features_eq_1	num_features	4.334634584300054	0.0304091021316312	0.3467382336648231	0.2610866786113033	0.2112666975099504	0.0501331711453703	0.5681631072651445	18.0	-3.322033005047897	1.0	1.0	1.0	both	middle	0.4213602550478215	0.9609458023379384												joint_grid_target
K562_essential_day7	ACH-000551	EFTUD2	127.0	10691.0	1.0	310385.0	8563.0	h5ad_obs	supplementary	ctrl	verified_via_num_features_eq_1	num_features	5.938011581210579	0.0440623816911481	0.3352572330783833	0.3000082124789025	0.2708536806767093	0.039756599920349	1.7519476517306778	66.0	-1.5481065849995306	0.9924748476235746	1.0	1.0	both	middle	0.7279489904357067	0.8012752391073327												joint_grid_target
K562_essential_day7	ACH-000551	EGLN2	362.0	10691.0	1.0	310385.0	8563.0	h5ad_obs	supplementary	ctrl	verified_via_num_features_eq_1	num_features	1.980243893270177	0.0158720954506855	0.1133874093632547	0.0917877504282108	0.0794125614641772	0.0337671587727105	0.0786845019516757	0.0	-0.3459162796476284	0.2736446102674024	1.0	1.0	both	Q4_low_info	0.010095642933049946	0.15568544102019127												joint_grid_target
K562_essential_day7	ACH-000551	EIF1	95.0	10691.0	1.0	310385.0	8563.0	h5ad_obs	supplementary	ctrl	verified_via_num_features_eq_1	num_features	4.079713260665028	0.0299879208056634	0.3015520016631891	0.2131246586813638	0.1688856115792959	0.0414984050992907	0.2776673777056277	6.0	-0.956394506564576	0.941397190322916	1.0	1.0	both	middle	0.4038257173219979	0.5494155154091392												joint_grid_target
K562_essential_day7	ACH-000551	EIF1AD	33.0	10691.0	1.0	310385.0	8563.0	h5ad_obs	supplementary	ctrl	verified_via_num_features_eq_1	num_features	5.68594745384452	0.0467044711883692	0.2652378314053322	0.2314017017307853	0.2071645468461989	0.0289302475351295	0.4630763451114621	10.0	-1.8063559208759103	0.9994595292544808	1.0	1.0	both	Q1_anchor	0.7725823591923485	0.8703506907545164												joint_grid_target
K562_essential_day7	ACH-000551	EIF1AX	134.0	10691.0	1.0	310385.0	8563.0	h5ad_obs	supplementary	ctrl	verified_via_num_features_eq_1	num_features	5.567517542354937	0.0389985783048096	0.447613902864642	0.3446808527240166	0.2814440625651222	0.0516074551637397	1.4685927406501875	45.0	-2.254416453190264	1.0	1.0	1.0	both	middle	0.6312433581296493	0.9609458023379384												joint_grid_target
K562_essential_day7	ACH-000551	EIF2B1	178.0	10691.0	1.0	310385.0	8563.0	h5ad_obs	supplementary	ctrl	verified_via_num_features_eq_1	num_features	4.923252071420896	0.0354317785243455	0.3786077661210212	0.2906063722925029	0.2369585008441089	0.0478912575170176	1.4892784564757804	28.0	-0.8985749432796892	0.9259411759835816	1.0	1.0	both	middle	0.5589798087141339	0.5143464399574921												joint_grid_target
K562_essential_day7	ACH-000551	EIF2B2	319.0	10691.0	1.0	310385.0	8563.0	h5ad_obs	supplementary	ctrl	verified_via_num_features_eq_1	num_features	8.649758764526533	0.0572305786769321	0.6714385342845638	0.5444464793589815	0.4549322849779675	0.0555483440711725	5.100342778822046	232.0	-1.4499128813306663	0.9897005733621762	1.0	1.0	both	Q1_anchor	0.8905419766206164	0.7757704569606801												joint_grid_target
K562_essential_day7	ACH-000551	EIF2B3	104.0	10691.0	1.0	310385.0	8563.0	h5ad_obs	supplementary	ctrl	verified_via_num_features_eq_1	num_features	8.786102631281665	0.0606263424069719	0.6762233821948322	0.5378946356100132	0.4499442558400251	0.0518059814168479	5.036432633218652	227.0	-1.204612469011699	0.9797191532132674	1.0	1.0	both	middle	0.9187035069075452	0.6758767268862912												joint_grid_target
K562_essential_day7	ACH-000551	EIF2B4	324.0	10691.0	1.0	310385.0	8563.0	h5ad_obs	supplementary	ctrl	verified_via_num_features_eq_1	num_features	8.524008961409368	0.05594711017379	0.6829980966442988	0.5431590751152846	0.4525108190376064	0.0566883010728506	4.962390442751733	234.0	-1.1044113455371782	0.9677300499440458	1.0	1.0	both	middle	0.8804463336875664	0.6328374070138151												joint_grid_target
K562_essential_day7	ACH-000551	EIF2B5	461.0	10691.0	1.0	310385.0	8563.0	h5ad_obs	supplementary	ctrl	verified_via_num_features_eq_1	num_features	8.1753164153464	0.0536070116695967	0.6487978323439607	0.5134063042360894	0.4278798276419415	0.0559221241588763	4.6005628229605815	211.0	-0.5646641738218661	0.637386357840659	1.0	1.0	both	middle	0.8602550478214666	0.3065887353878852												joint_grid_target
K562_essential_day7	ACH-000551	EIF2S1	243.0	10691.0	1.0	310385.0	8563.0	h5ad_obs	supplementary	ctrl	verified_via_num_features_eq_1	num_features	12.627673176294246	0.0821612884688525	1.0057869628869127	0.8226346607751797	0.6879563476912293	0.058463366943666	9.50727000406907	569.0	-2.1206754890721355	1.0	1.0	1.0	both	Q1_anchor	0.9872476089266737	0.9609458023379384												joint_grid_target
K562_essential_day7	ACH-000551	EIF2S2	120.0	10691.0	1.0	310385.0	8563.0	h5ad_obs	supplementary	ctrl	verified_via_num_features_eq_1	num_features	5.272227276519477	0.0372366691450636	0.4498067525500863	0.3469799478085111	0.2783359411172627	0.0544098604056324	1.370356608234072	40.0	-1.362645190297376	0.988225443609788	1.0	1.0	both	middle	0.5993623804463337	0.7465462274176408												joint_grid_target
K562_essential_day7	ACH-000551	EIF2S3	57.0	10691.0	1.0	310385.0	8563.0	h5ad_obs	supplementary	ctrl	verified_via_num_features_eq_1	num_features	12.22485931415035	0.0847906136414545	0.9321069590441142	0.764344111771251	0.6372527129035521	0.0526362821537144	7.65803424231828	530.0	-1.4735627469545725	0.9902059247241896	1.0	1.0	both	Q1_anchor	0.9909670563230606	0.7832093517534537												joint_grid_target
K562_essential_day7	ACH-000551	EIF3A	379.0	10691.0	1.0	310385.0	8563.0	h5ad_obs	supplementary	ctrl	verified_via_num_features_eq_1	num_features	7.529948246564944	0.0518367045267208	0.6518849903988173	0.4901457588627416	0.3916816565253626	0.0552118024751578	3.8177623679408033	135.0	-1.8793272743685512	0.9998483865525551	1.0	1.0	both	Q1_anchor	0.8374070138150903	0.8852284803400637												joint_grid_target
K562_essential_day7	ACH-000551	EIF3B	34.0	10691.0	1.0	310385.0	8563.0	h5ad_obs	supplementary	ctrl	verified_via_num_features_eq_1	num_features	9.232898356944746	0.0704832852255514	0.6242350872842073	0.4988433585319241	0.4148086199102691	0.0413258805906511	3.787499318728401	217.0	-1.950598184882731	0.9999651456342352	1.0	1.0	both	Q1_anchor	0.9638682252922423	0.8942614240170031												joint_grid_target
K562_essential_day7	ACH-000551	EIF3D	186.0	10691.0	1.0	310385.0	8563.0	h5ad_obs	supplementary	ctrl	verified_via_num_features_eq_1	num_features	8.672920246390353	0.0594994671059588	0.624234175378201	0.4975022286665324	0.4228721378124979	0.0488231745959094	3.5182398746260457	245.0	-1.134593964254657	0.9717886065158023	1.0	1.0	both	middle	0.9086078639744952	0.6471838469713072												joint_grid_target
K562_essential_day7	ACH-000551	EIF3E	232.0	10691.0	1.0	310385.0	8563.0	h5ad_obs	supplementary	ctrl	verified_via_num_features_eq_1	num_features	6.251013600109133	0.0433405008220525	0.5349126767122682	0.3947351023398737	0.319439402884328	0.0531809245325606	1.5684310869639742	66.0	-1.6664236109854094	0.9967913802491036	1.0	1.0	both	middle	0.71413390010627	0.8363443145589798												joint_grid_target
K562_essential_day7	ACH-000551	EIF3F	67.0	10691.0	1.0	310385.0	8563.0	h5ad_obs	supplementary	ctrl	verified_via_num_features_eq_1	num_features	5.308801293997712	0.0407264820565	0.3619605550773015	0.2802149166358225	0.2342345814671291	0.0401752338305688	0.9649496167674378	24.0	-1.3885379552125292	0.9886857677545082	1.0	1.0	both	middle	0.6668437832093518	0.7577045696068013												joint_grid_target
K562_essential_day7	ACH-000551	EIF3G	67.0	10691.0	1.0	310385.0	8563.0	h5ad_obs	supplementary	ctrl	verified_via_num_features_eq_1	num_features	7.044113819472515	0.0521927998994689	0.5367049602681551	0.4085981853481849	0.3376774242083644	0.0457119658398835	2.454360350470118	93.0	-1.5602770715262078	0.9929234995885852	1.0	1.0	both	Q1_anchor	0.842720510095643	0.80605738575983												joint_grid_target
K562_essential_day7	ACH-000551	EIF3H	369.0	10691.0	1.0	310385.0	8563.0	h5ad_obs	supplementary	ctrl	verified_via_num_features_eq_1	num_features	5.1581831639299205	0.0354158766015401	0.4072195607646264	0.3081477313990679	0.2508807772231713	0.0508048343078391	1.2622225752042675	32.0	-0.6768344381264415	0.7886910110789563	1.0	1.0	both	middle	0.5584484590860787	0.3831030818278427												joint_grid_target
K562_essential_day7	ACH-000551	EIF3I	61.0	10691.0	1.0	310385.0	8563.0	h5ad_obs	supplementary	ctrl	verified_via_num_features_eq_1	num_features	6.430624211637899	0.0480617108212231	0.4815016381921054	0.3660864565866429	0.298101400612542	0.0444762842000752	1.97805564682257	55.0	-1.8858638792519336	0.999866097627755	1.0	1.0	both	Q1_anchor	0.7927736450584485	0.8868225292242295												joint_grid_target
K562_essential_day7	ACH-000551	EIF3J	82.0	10691.0	1.0	310385.0	8563.0	h5ad_obs	supplementary	ctrl	verified_via_num_features_eq_1	num_features	4.593613680582219	0.0341697131045127	0.3829845230908103	0.2696679764007724	0.214705781564251	0.0460820832440897	0.6245438896259206	16.0	-0.302257290952401	0.2147144178092099	1.0	1.0	both	middle	0.5260361317747078	0.13602550478214664												joint_grid_target
K562_essential_day7	ACH-000551	EIF3L	57.0	10691.0	1.0	310385.0	8563.0	h5ad_obs	supplementary	ctrl	verified_via_num_features_eq_1	num_features	5.553852450567367	0.0428711141048394	0.3931409176884319	0.296213675243979	0.2449424110454283	0.0403445053551572	0.5942310210925168	26.0	-0.4540629515017089	0.448752602018011	1.0	1.0	both	middle	0.7082890541976621	0.22369819341126462												joint_grid_target
K562_essential_day7	ACH-000551	EIF3M	246.0	10691.0	1.0	310385.0	8563.0	h5ad_obs	supplementary	ctrl	verified_via_num_features_eq_1	num_features	6.270178412347849	0.0427037343010873	0.5405472228679041	0.401827158035424	0.3223756340551456	0.0549436480807624	1.98896172550241	64.0	-0.9618901295602892	0.9426687621621018	1.0	1.0	both	middle	0.7024442082890542	0.5526036131774708												joint_grid_target
K562_essential_day7	ACH-000551	EIF4A1	46.0	10691.0	1.0	310385.0	8563.0	h5ad_obs	supplementary	ctrl	verified_via_num_features_eq_1	num_features	5.685260889778597	0.0445299728088061	0.3541377280156085	0.2730050766351045	0.2304404666636271	0.0357982958895134	0.6664219284688233	16.0	-1.7196271596430983	0.9981969862053724	1.0	1.0	both	middle	0.7364505844845909	0.8506907545164718												joint_grid_target
K562_essential_day7	ACH-000551	EIF4B	41.0	10691.0	1.0	310385.0	8563.0	h5ad_obs	supplementary	ctrl	verified_via_num_features_eq_1	num_features	5.382241398472837	0.0431892911246835	0.2940812202417516	0.2309376095805783	0.2005256784859552	0.0312221388322858	0.4131305881171485	6.0	-0.6454284454262473	0.7524334334781341	1.0	1.0	both	middle	0.7120085015940489	0.361317747077577												joint_grid_target
K562_essential_day7	ACH-000551	EIF4E	357.0	10691.0	1.0	310385.0	8563.0	h5ad_obs	supplementary	ctrl	verified_via_num_features_eq_1	num_features	6.821088804163529	0.0458396148358243	0.4706746534421208	0.4086395413521809	0.3524769793181277	0.0520527272196978	2.3434980411957103	134.0	-1.864237198513172	0.9997989471402204	1.0	1.0	both	Q1_anchor	0.7587672688629118	0.8804463336875664												joint_grid_target
K562_essential_day7	ACH-000551	EIF4G1	372.0	10691.0	1.0	310385.0	8563.0	h5ad_obs	supplementary	ctrl	verified_via_num_features_eq_1	num_features	5.371414413888078	0.0361073196358709	0.393448584963637	0.324789170952823	0.2767805509489704	0.0525230999393419	1.420712052403248	54.0	-1.0981426881919905	0.9668432372972086	1.0	1.0	both	middle	0.577577045696068	0.6301806588735388												joint_grid_target
K562_essential_day7	ACH-000551	EIF4G2	342.0	10691.0	1.0	310385.0	8563.0	h5ad_obs	supplementary	ctrl	verified_via_num_features_eq_1	num_features	3.439725911090294	0.0249575408791169	0.2320455088016394	0.1811730012162239	0.1538380173649599	0.0423872994377817	0.4769615966537532	4.0	-0.8957309989702085	0.925056498754722	1.0	1.0	both	middle	0.23538788522848034	0.512221041445271												joint_grid_target
K562_essential_day7	ACH-000551	EIF5	175.0	10691.0	1.0	310385.0	8563.0	h5ad_obs	supplementary	ctrl	verified_via_num_features_eq_1	num_features	3.5131970071894107	0.0265379093446274	0.2495617234452036	0.1863976511455271	0.154994585419717	0.0410126460075859	0.4342176752570914	5.0	-0.790690474643068	0.8803737490303981	1.0	1.0	both	middle	0.2922422954303932	0.4479277364505845												joint_grid_target
K562_essential_day7	ACH-000551	EIF5A	140.0	10691.0	1.0	310385.0	8563.0	h5ad_obs	supplementary	ctrl	verified_via_num_features_eq_1	num_features	5.071225733782268	0.037450537249845	0.3390762174197654	0.273667277349	0.2347755730711773	0.0426686477578278	0.7590367621221557	23.0	-0.954007526436932	0.9408434715100472	1.0	1.0	both	middle	0.6046758767268863	0.5483528161530287												joint_grid_target
K562_essential_day7	ACH-000551	EIF6	129.0	10691.0	1.0	310385.0	8563.0	h5ad_obs	supplementary	ctrl	verified_via_num_features_eq_1	num_features	5.482604952086064	0.0401513086657414	0.3837911099599244	0.3149629388069661	0.2660160705552253	0.0458040425464237	1.8403909341759408	48.0	-1.6302006642325404	0.9955673203292262	1.0	1.0	both	middle	0.6540913921360255	0.8267800212539851												joint_grid_target
K562_essential_day7	ACH-000551	ELAC2	85.0	10691.0	1.0	310385.0	8563.0	h5ad_obs	supplementary	ctrl	verified_via_num_features_eq_1	num_features	3.7658978143636186	0.0301741245786277	0.2296803898677317	0.1726216656094665	0.1459437031281868	0.0334044775720108	0.1775737009524665	5.0	-0.9990810706802428	0.9504556460925312	1.0	1.0	both	middle	0.4112646121147715	0.573326248671626												joint_grid_target
K562_essential_day7	ACH-000551	ELL	83.0	10691.0	1.0	310385.0	8563.0	h5ad_obs	supplementary	ctrl	verified_via_num_features_eq_1	num_features	4.269676589025739	0.0339448063425639	0.2441630173686794	0.1982480885721033	0.1696490191334435	0.0341019908624493	0.4687030741488023	5.0	-1.5754252383127747	0.9934973465435684	1.0	1.0	both	middle	0.5201912858660999	0.8113708820403825												joint_grid_target
K562_essential_day7	ACH-000551	ELOVL1	176.0	10691.0	1.0	310385.0	8563.0	h5ad_obs	supplementary	ctrl	verified_via_num_features_eq_1	num_features	2.635205359186122	0.0209563477002916	0.1553783049221153	0.1215933959734492	0.1038082028198211	0.0338796139361954	0.1150598041886716	2.0	-0.4852242866116192	0.5031444187067847	1.0	1.0	both	Q4_low_info	0.09086078639744952	0.23910733262486716												joint_grid_target
K562_essential_day7	ACH-000551	ELP2	189.0	10691.0	1.0	310385.0	8563.0	h5ad_obs	supplementary	ctrl	verified_via_num_features_eq_1	num_features	2.6575540116655323	0.0210028095288031	0.1713227170707756	0.134053118578112	0.112381794407427	0.0372686437221935	0.1129976570445165	3.0	-0.542068362288574	0.6006284373178008	1.0	1.0	both	middle	0.09298618490967056	0.2906482465462274												joint_grid_target
K562_essential_day7	ACH-000551	ELP3	119.0	10691.0	1.0	310385.0	8563.0	h5ad_obs	supplementary	ctrl	verified_via_num_features_eq_1	num_features	3.691632025778338	0.0291142307375559	0.1987052519210814	0.1768570774810793	0.1558203509678299	0.0354699997059269	0.3074434093976705	0.0	-0.541285237288039	0.5993300781806894	1.0	1.0	both	middle	0.3841657810839532	0.29011689691817216												joint_grid_target
K562_essential_day7	ACH-000551	ELP5	177.0	10691.0	1.0	310385.0	8563.0	h5ad_obs	supplementary	ctrl	verified_via_num_features_eq_1	num_features	3.191845826283402	0.0249152645505839	0.1780482975198844	0.1528156179086176	0.1347925360093285	0.0358134615090621	0.2739231206633761	1.0	-0.5303650362157729	0.5810146322110796	1.0	1.0	both	middle	0.2332624867162593	0.2821466524973433												joint_grid_target
K562_essential_day7	ACH-000551	ELP6	83.0	10691.0	1.0	310385.0	8563.0	h5ad_obs	supplementary	ctrl	verified_via_num_features_eq_1	num_features	3.558486131811074	0.0291888466165792	0.1630181429273908	0.1396298502777253	0.1253488141678522	0.0279322164166845	0.1332064019236849	1.0	-1.400391572004433	0.9888732997031924	1.0	1.0	both	middle	0.38575982996811903	0.7608926673751328												joint_grid_target
K562_essential_day7	ACH-000551	EMC1	83.0	10691.0	1.0	310385.0	8563.0	h5ad_obs	supplementary	ctrl	verified_via_num_features_eq_1	num_features	3.7554827266480655	0.0304239258955309	0.1873673895187717	0.158364853976817	0.1405301016109023	0.0303939825926091	0.2002866968163026	1.0	-0.5409800829483234	0.5988190229809539	1.0	1.0	both	middle	0.4218916046758767	0.2895855472901169												joint_grid_target
K562_essential_day7	ACH-000551	EMC3	195.0	10691.0	1.0	310385.0	8563.0	h5ad_obs	supplementary	ctrl	verified_via_num_features_eq_1	num_features	2.3449488805603096	0.0192167361804822	0.123615111016897	0.0998318258053592	0.0863554665463349	0.0303342628958934	0.0839757507164833	1.0	-1.8478493140243464	0.9997298415777786	1.0	1.0	both	Q3_dep_excess	0.044633368756641874	0.8772582359192349												joint_grid_target
K562_essential_day7	ACH-000551	EMC4	55.0	10691.0	1.0	310385.0	8563.0	h5ad_obs	supplementary	ctrl	verified_via_num_features_eq_1	num_features	4.486701181826189	0.0367489145283912	0.214469122582848	0.1861808398073568	0.1675425238257763	0.0295824765982864	0.3519254527900006	2.0	-0.5997753590080775	0.6909679304765841	1.0	1.0	both	middle	0.5892667375132837	0.3273113708820404												joint_grid_target
K562_essential_day7	ACH-000551	EMC7	193.0	10691.0	1.0	310385.0	8563.0	h5ad_obs	supplementary	ctrl	verified_via_num_features_eq_1	num_features	2.5136957996544056	0.020349965895635	0.1336900567797335	0.108417087229721	0.0947230387554912	0.0311084311725569	0.0991060490494888	1.0	-0.6173920353590129	0.7158528497442973	1.0	1.0	both	middle	0.07332624867162593	0.34112646121147716												joint_grid_target
K562_essential_day7	ACH-000551	ENO1	70.0	10691.0	1.0	310385.0	8563.0	h5ad_obs	supplementary	ctrl	verified_via_num_features_eq_1	num_features	4.882275482653984	0.0350904573856477	0.3318846576453057	0.2378840426558216	0.1932867482040554	0.0395840604935664	0.546918384605025	5.0	-1.1413440998870974	0.9726515230387192	1.0	1.0	both	middle	0.5488841657810839	0.6503719447396387												joint_grid_target
K562_essential_day7	ACH-000551	EP400	82.0	10691.0	1.0	310385.0	8563.0	h5ad_obs	supplementary	ctrl	verified_via_num_features_eq_1	num_features	11.193149248294771	0.0740166022455724	0.9894682701225654	0.7268529861315018	0.5907380124706082	0.0573405024956274	5.622032699208837	422.0	-1.097363764722761	0.9667316971131013	1.0	1.0	both	middle	0.9744952178533475	0.628586609989373												joint_grid_target
K562_essential_day7	ACH-000551	ERAL1	116.0	10691.0	1.0	310385.0	8563.0	h5ad_obs	supplementary	ctrl	verified_via_num_features_eq_1	num_features	3.175687061524666	0.0256425886104176	0.1827116719042841	0.1416039563349141	0.1217975534646459	0.0322446437336805	0.1481454652004448	2.0	-0.2982718540688879	0.2098007712018607	1.0	1.0	both	middle	0.2598299681190223	0.13496280552603612												joint_grid_target
K562_essential_day7	ACH-000551	ERCC2	117.0	10691.0	1.0	310385.0	8563.0	h5ad_obs	supplementary	ctrl	verified_via_num_features_eq_1	num_features	4.985556044217979	0.0379721137728253	0.3291391594709592	0.2657939701803998	0.2243783301733881	0.0408718608548375	1.2326159472105918	25.0	-0.8749542301876523	0.918191118349096	1.0	1.0	both	middle	0.6153028692879915	0.49946865037194477												joint_grid_target
K562_essential_day7	ACH-000551	ERCC3	163.0	10691.0	1.0	310385.0	8563.0	h5ad_obs	supplementary	ctrl	verified_via_num_features_eq_1	num_features	3.718552876598126	0.0282955010321363	0.2631505964844302	0.2019975953977978	0.1677072214348262	0.0416843344208586	0.5570657881394805	5.0	-1.008725650409919	0.952294319443224	1.0	1.0	both	middle	0.35866099893730075	0.5812964930924548												joint_grid_target
K562_essential_day7	ACH-000551	ERH	86.0	10691.0	1.0	310385.0	8563.0	h5ad_obs	supplementary	ctrl	verified_via_num_features_eq_1	num_features	6.380269045057962	0.0475180843022537	0.405816487731397	0.3404766805321421	0.2962352785679293	0.0418381534816838	1.6474305986261977	77.0	-1.5127692614342023	0.9912768017824972	1.0	1.0	both	Q1_anchor	0.7842720510095643	0.7917109458023379												joint_grid_target
K562_essential_day7	ACH-000551	ERVW-1	175.0	10691.0	1.0	310385.0	8563.0	h5ad_obs	supplementary	ctrl	verified_via_num_features_eq_1	num_features	2.448718341581587	0.0201254182584511	0.1225778440003921	0.1021484980330857	0.0897344150746612	0.0296367878042531	0.0664925099252133	0.0	-0.6218989300700518	0.7220429567810882	1.0	1.0	both	middle	0.0669500531349628	0.34484590860786396												joint_grid_target
K562_essential_day7	ACH-000551	ESF1	149.0	10691.0	1.0	310385.0	8563.0	h5ad_obs	supplementary	ctrl	verified_via_num_features_eq_1	num_features	4.698964958367564	0.0353644027828637	0.2980988360453134	0.2532740259517232	0.2197582855283852	0.0418184937290501	1.2191218371200154	20.0	-0.8045425446454076	0.887927873160993	1.0	1.0	both	middle	0.5568544102019128	0.45589798087141337												joint_grid_target
K562_essential_day7	ACH-000551	ESPL1	120.0	10691.0	1.0	310385.0	8563.0	h5ad_obs	supplementary	ctrl	verified_via_num_features_eq_1	num_features	3.057975422230924	0.0248535613480678	0.1527403839406505	0.1337179591389213	0.1183218982225409	0.0314155864194501	0.2220811890584464	0.0	-2.7033716508649657	1.0	1.0	1.0	both	Q3_dep_excess	0.22954303931987247	0.9609458023379384												joint_grid_target
K562_essential_day7	ACH-000551	ESPN	421.0	10691.0	1.0	310385.0	8563.0	h5ad_obs	supplementary	ctrl	verified_via_num_features_eq_1	num_features	1.6331275631851148	0.013367045176669	0.0749000961330799	0.0642255785836073	0.0577440553551947	0.0280554132289022	0.0335863169235803	0.0	-0.008046570717335	0.0239319928464992	1.0	1.0	both	Q4_low_info	0.0037194473963868225	0.01753453772582359												joint_grid_target
K562_essential_day7	ACH-000551	ETF1	52.0	10691.0	1.0	310385.0	8563.0	h5ad_obs	supplementary	ctrl	verified_via_num_features_eq_1	num_features	9.332193116167094	0.0675194467797612	0.6769879852020423	0.5376159133540362	0.4485441822480519	0.0464929711015636	4.700392392994607	264.0	-1.7288104318340127	0.9983875961167789	1.0	1.0	both	Q1_anchor	0.9543039319872476	0.8538788522848034												joint_grid_target
K562_essential_day7	ACH-000551	EWSR1	48.0	10691.0	1.0	310385.0	8563.0	h5ad_obs	supplementary	ctrl	verified_via_num_features_eq_1	num_features	4.756947368021373	0.0385631837706496	0.2522704559496022	0.209137289469316	0.1843326319256354	0.0316666887438267	0.2205502213638883	5.0	-0.8052882910580133	0.8883142923010607	1.0	1.0	both	middle	0.6253985122210415	0.4569606801275239												joint_grid_target
K562_essential_day7	ACH-000551	EXOC1	182.0	10691.0	1.0	310385.0	8563.0	h5ad_obs	supplementary	ctrl	verified_via_num_features_eq_1	num_features	2.4827273530172467	0.0202332830037226	0.1243972573082	0.1067391669060509	0.0941043851530817	0.0308036026851291	0.0885670535592453	0.0	-0.4131519264004691	0.3788642152624504	1.0	1.0	both	Q4_low_info	0.07120085015940489	0.19553666312433582												joint_grid_target
K562_essential_day7	ACH-000551	EXOC2	88.0	10691.0	1.0	310385.0	8563.0	h5ad_obs	supplementary	ctrl	verified_via_num_features_eq_1	num_features	3.562016809822856	0.0291225991330177	0.1774922164248548	0.1497767099526163	0.1321039207521492	0.0300301993042469	0.1641381386812455	1.0	-0.0082684114151482	0.0239774129999045	1.0	1.0	both	middle	0.38522848034006374	0.018065887353878853												joint_grid_target
K562_essential_day7	ACH-000551	EXOC3	247.0	10691.0	1.0	310385.0	8563.0	h5ad_obs	supplementary	ctrl	verified_via_num_features_eq_1	num_features	2.14914140711034	0.0176339966203351	0.1004573439838258	0.086969597955858	0.0781579823476825	0.0287978966985698	0.0589777295728772	0.0	-0.341044467858963	0.2666232633466245	1.0	1.0	both	Q4_low_info	0.023379383634431455	0.15356004250797026												joint_grid_target
K562_essential_day7	ACH-000551	EXOC4	108.0	10691.0	1.0	310385.0	8563.0	h5ad_obs	supplementary	ctrl	verified_via_num_features_eq_1	num_features	3.4511062248076545	0.0276333293872411	0.1924924377664975	0.1585235623272829	0.1368705467707207	0.0334969040853557	0.2359487216629077	3.0	-0.0037037704881996	0.0230428383560919	1.0	1.0	both	middle	0.3331562167906483	0.01647183846971307												joint_grid_target
K562_essential_day7	ACH-000551	EXOC5	110.0	10691.0	1.0	310385.0	8563.0	h5ad_obs	supplementary	ctrl	verified_via_num_features_eq_1	num_features	3.641482816233815	0.0282728797163279	0.2774622855533988	0.2044057934688729	0.1639180945780442	0.0422150410207368	0.1732668521087532	11.0	-0.1341130712946138	0.0680755012165521	1.0	1.0	both	middle	0.35812964930924546	0.053134962805526036												joint_grid_target
K562_essential_day7	ACH-000551	EXOC7	32.0	10691.0	1.0	310385.0	8563.0	h5ad_obs	supplementary	ctrl	verified_via_num_features_eq_1	num_features	8.41726287038395	0.0660177490651339	0.4733623251019505	0.3981635446367547	0.348424969715039	0.0352163905670599	2.276256433108509	148.0	-0.3103907712572111	0.2250518105437134	1.0	1.0	both	Q2_shift_excess	0.946865037194474	0.1392136025504782												joint_grid_target
K562_essential_day7	ACH-000551	EXOSC1	77.0	10691.0	1.0	310385.0	8563.0	h5ad_obs	supplementary	ctrl	verified_via_num_features_eq_1	num_features	3.8419583253854728	0.0314763227393739	0.1772160701385974	0.1577223297360329	0.1415706930932882	0.0292585806291204	0.2224237373253288	1.0	-0.364777424860656	0.3015644627903204	1.0	1.0	both	middle	0.4505844845908608	0.16578108395324123												joint_grid_target
K562_essential_day7	ACH-000551	EXOSC10	92.0	10691.0	1.0	310385.0	8563.0	h5ad_obs	supplementary	ctrl	verified_via_num_features_eq_1	num_features	4.246452093986621	0.0331656686889708	0.2961040134628997	0.2308658482896206	0.191086895030915	0.0406457363075773	0.6147257561358916	15.0	-0.8321255218576891	0.9012949953806056	1.0	1.0	both	middle	0.49840595111583424	0.4729011689691817												joint_grid_target
K562_essential_day7	ACH-000551	EXOSC2	226.0	10691.0	1.0	310385.0	8563.0	h5ad_obs	supplementary	ctrl	verified_via_num_features_eq_1	num_features	9.004907864867432	0.056999369675323	0.8048297641939748	0.633993429731488	0.52593803789759	0.0649469505395614	3.486239941826508	245.0	-1.2699161318527237	0.9848125644231458	1.0	1.0	both	middle	0.8889479277364506	0.7093517534537725												joint_grid_target
K562_essential_day7	ACH-000551	EXOSC3	53.0	10691.0	1.0	310385.0	8563.0	h5ad_obs	supplementary	ctrl	verified_via_num_features_eq_1	num_features	9.854640065126638	0.0680422799526947	0.8316858282638353	0.6559211478278181	0.539860780778489	0.056288132000868	3.41587550262847	273.0	-0.8231577642287007	0.8971822289258888	1.0	1.0	both	middle	0.9569606801275239	0.4670563230605739												joint_grid_target
K562_essential_day7	ACH-000551	EXOSC4	102.0	10691.0	1.0	310385.0	8563.0	h5ad_obs	supplementary	ctrl	verified_via_num_features_eq_1	num_features	9.230900877351866	0.061323181927815	0.7951250457854377	0.6363307476568328	0.5193116193265301	0.0605901863073504	3.4493822706468293	236.0	-1.845391066117476	0.9997179226219464	1.0	1.0	both	Q1_anchor	0.9202975557917109	0.8767268862911796												joint_grid_target
K562_essential_day7	ACH-000551	EXOSC5	41.0	10691.0	1.0	310385.0	8563.0	h5ad_obs	supplementary	ctrl	verified_via_num_features_eq_1	num_features	9.668031964626868	0.0692431815717241	0.7784023842320301	0.612075727724039	0.4995983791786686	0.0516145569012387	3.2727365636114936	258.0	-0.8670804065240059	0.915376588760182	1.0	1.0	both	middle	0.9596174282678002	0.4962805526036132												joint_grid_target
K562_essential_day7	ACH-000551	EXOSC6	75.0	10691.0	1.0	310385.0	8563.0	h5ad_obs	supplementary	ctrl	verified_via_num_features_eq_1	num_features	8.161293304987462	0.0567652723166439	0.6773068543801044	0.5363996925261278	0.4359643155326375	0.0551759545116436	2.4487576413021834	165.0	-1.9167760690998192	0.999927812384072	1.0	1.0	both	Q1_anchor	0.8873538788522848	0.8910733262486716												joint_grid_target
K562_essential_day7	ACH-000551	EXOSC7	113.0	10691.0	1.0	310385.0	8563.0	h5ad_obs	supplementary	ctrl	verified_via_num_features_eq_1	num_features	4.754398762045873	0.0342935958471287	0.4324320212010648	0.3122279184245753	0.2438865047116852	0.0531621784183945	0.7119117627854994	26.0	-0.876544685386926	0.9187418557178096	1.0	1.0	both	middle	0.5276301806588736	0.5005313496280552												joint_grid_target
K562_essential_day7	ACH-000551	EXOSC8	126.0	10691.0	1.0	310385.0	8563.0	h5ad_obs	supplementary	ctrl	verified_via_num_features_eq_1	num_features	8.105104600993089	0.0531953875896938	0.7352754009527493	0.5715312634864713	0.4601305650787934	0.0627350248824136	2.6021953207011137	160.0	-1.2617485507148622	0.9843130246535048	1.0	1.0	both	middle	0.8549415515409139	0.706163655685441												joint_grid_target
K562_essential_day7	ACH-000551	EXOSC9	40.0	10691.0	1.0	310385.0	8563.0	h5ad_obs	supplementary	ctrl	verified_via_num_features_eq_1	num_features	9.995891167807365	0.0730062211345532	0.7241389843738623	0.594301587758579	0.4971334127307958	0.0475325464515335	3.438804991621057	294.0	-0.6570439688187169	0.7664310338288269	1.0	1.0	both	middle	0.9707757704569607	0.36822529224229544												joint_grid_target
K562_essential_day7	ACH-000551	FAF2	165.0	10691.0	1.0	310385.0	8563.0	h5ad_obs	supplementary	ctrl	verified_via_num_features_eq_1	num_features	2.6793160737095323	0.0211495600465803	0.1788287368071941	0.132770938281109	0.1100290329837306	0.0366560569937548	0.1053194621342203	5.0	-0.2930769932437738	0.2034376175968614	1.0	1.0	both	Q4_low_info	0.09829968119022317	0.13177470775770456												joint_grid_target
K562_essential_day7	ACH-000551	FAM133B	25.0	10691.0	1.0	310385.0	8563.0	h5ad_obs	supplementary	ctrl	verified_via_num_features_eq_1	num_features	7.227705923219414	0.0585042666518903	0.3570976411153986	0.3177795578206956	0.2829395903852264	0.0317162970588705	1.0654214588585127	72.0	-2.042171271011316	0.9999964027325208	1.0	1.0	both	Q1_anchor	0.9017003188097769	0.9112646121147715												joint_grid_target
K562_essential_day7	ACH-000551	FAM136A	50.0	10691.0	1.0	310385.0	8563.0	h5ad_obs	supplementary	ctrl	verified_via_num_features_eq_1	num_features	10.539615445864582	0.0782113906051784	0.6343917133589447	0.5429205349254083	0.4761793203801085	0.0405331467331954	5.246251501848096	403.0	-0.9394388912164592	0.9373074589746052	1.0	1.0	both	middle	0.9803400637619554	0.536663124335813												joint_grid_target
K562_essential_day7	ACH-000551	FAM229A	137.0	10691.0	1.0	310385.0	8563.0	h5ad_obs	supplementary	ctrl	verified_via_num_features_eq_1	num_features	2.856285778586184	0.0231933820619372	0.1449232627169626	0.1223335463366101	0.1083769690037339	0.0307982148200621	0.1653978056035274	0.0	-0.1551322204291468	0.0799862052868691	1.0	1.0	both	Q4_low_info	0.1663124335812965	0.06057385759829968												joint_grid_target
K562_essential_day7	ACH-000551	FAM32A	396.0	10691.0	1.0	310385.0	8563.0	h5ad_obs	supplementary	ctrl	verified_via_num_features_eq_1	num_features	5.410598709249616	0.0390001771697553	0.3340011467787534	0.287612165222362	0.253912442197868	0.0430610615527834	1.5979876612673394	38.0	-0.6052357822308414	0.6988197234832447	1.0	1.0	both	middle	0.6317747077577046	0.33209351753453775												joint_grid_target
K562_essential_day7	ACH-000551	FAM50A	38.0	10691.0	1.0	310385.0	8563.0	h5ad_obs	supplementary	ctrl	verified_via_num_features_eq_1	num_features	9.843501205978017	0.0758523758308847	0.5633280756382796	0.4819489631902393	0.4229940194795164	0.0371001719462731	3.4767100962746813	301.0	-0.9593630477176815	0.9420858165348448	1.0	1.0	both	middle	0.9782146652497343	0.5510095642933049												joint_grid_target
K562_essential_day7	ACH-000551	FARS2	40.0	10691.0	1.0	310385.0	8563.0	h5ad_obs	supplementary	ctrl	verified_via_num_features_eq_1	num_features	5.019369256446451	0.0411987928389063	0.2331323922565349	0.2079407128015251	0.1872419188208507	0.0294712867235944	0.3682006994240527	5.0	-0.6384223283390247	0.7436633690586169	1.0	1.0	both	middle	0.6732199787460149	0.35600425079702447												joint_grid_target
K562_essential_day7	ACH-000551	FARSA	138.0	10691.0	1.0	310385.0	8563.0	h5ad_obs	supplementary	ctrl	verified_via_num_features_eq_1	num_features	7.550912712222137	0.0526918558696616	0.5409960262342344	0.4333720183528371	0.3649527315342121	0.0480243429562554	3.705604613210987	146.0	-0.5048939573981641	0.5373813280298023	1.0	1.0	both	middle	0.8496280552603613	0.25770456960680127												joint_grid_target
K562_essential_day7	ACH-000551	FARSB	97.0	10691.0	1.0	310385.0	8563.0	h5ad_obs	supplementary	ctrl	verified_via_num_features_eq_1	num_features	7.935768085323825	0.0559851602013002	0.5830145314124298	0.4642992901386648	0.3869255624223621	0.0484249470724061	3.935939004492365	182.0	-2.788260967092264	1.0	1.0	1.0	both	Q1_anchor	0.8809776833156217	0.9609458023379384												joint_grid_target
K562_essential_day7	ACH-000551	FASTKD5	187.0	10691.0	1.0	310385.0	8563.0	h5ad_obs	supplementary	ctrl	verified_via_num_features_eq_1	num_features	3.6875926300560335	0.0229848567008912	0.3748571253481184	0.2216977835786696	0.160961484314375	0.0563201251397982	0.2116588464752471	9.0	-0.7687908732873889	0.8670203969858502	1.0	1.0	both	middle	0.16099893730074388	0.4351753453772582												joint_grid_target
K562_essential_day7	ACH-000551	FAU	48.0	10691.0	1.0	310385.0	8563.0	h5ad_obs	supplementary	ctrl	verified_via_num_features_eq_1	num_features	8.145597082757261	0.0629686097978573	0.4916209111970278	0.3963496083646117	0.3410090593302488	0.0367534734014761	3.037998963037676	138.0	-2.755803068466516	1.0	1.0	1.0	both	Q1_anchor	0.9250797024442083	0.9609458023379384												joint_grid_target
K562_essential_day7	ACH-000551	FBL	132.0	10691.0	1.0	310385.0	8563.0	h5ad_obs	supplementary	ctrl	verified_via_num_features_eq_1	num_features	9.021014849944208	0.0650822607223465	0.6371120179315027	0.5122205705033045	0.4332992530052353	0.045955600510409	5.488290569724221	235.0	-1.447340649355537	0.989652128012734	1.0	1.0	both	Q1_anchor	0.9420828905419766	0.7741764080765143												joint_grid_target
K562_essential_day7	ACH-000551	FBLIM1	133.0	10691.0	1.0	310385.0	8563.0	h5ad_obs	supplementary	ctrl	verified_via_num_features_eq_1	num_features	2.900436906649069	0.0231635388246423	0.1592630708605303	0.1264513643947576	0.1093323088486779	0.0318759157479161	0.097335342179603	1.0	-0.7380902637118204	0.8451671025501231	1.0	1.0	both	middle	0.16524973432518597	0.4171094580233794												joint_grid_target
K562_essential_day7	ACH-000551	FBXO5	326.0	10691.0	1.0	310385.0	8563.0	h5ad_obs	supplementary	ctrl	verified_via_num_features_eq_1	num_features	2.310398643109425	0.0178004482541142	0.1578056190742727	0.1238159772830859	0.1023917650117983	0.0406153136392608	0.1697016428007227	1.0	-0.7386596770654941	0.8456132619683395	1.0	1.0	both	middle	0.024442082890541977	0.4181721572794899												joint_grid_target
K562_essential_day7	ACH-000551	FCF1	231.0	10691.0	1.0	310385.0	8563.0	h5ad_obs	supplementary	ctrl	verified_via_num_features_eq_1	num_features	7.303363800761249	0.0520807613480963	0.4921095659488769	0.4199833318296819	0.3626338871060228	0.0470867581010105	3.877733549015119	142.0	-0.978029374690528	0.946190129006628	1.0	1.0	both	middle	0.8416578108395324	0.5605738575982997												joint_grid_target
K562_essential_day7	ACH-000551	FDXR	140.0	10691.0	1.0	310385.0	8563.0	h5ad_obs	supplementary	ctrl	verified_via_num_features_eq_1	num_features	2.92160828232618	0.0238790750970621	0.1384251867593278	0.1206904572964385	0.1090943052153836	0.0295120577324234	0.1164905638840103	1.0	-0.5149475085252473	0.5547260040301243	1.0	1.0	both	middle	0.191817215727949	0.2667375132837407												joint_grid_target
K562_essential_day7	ACH-000551	FEN1	141.0	10691.0	1.0	310385.0	8563.0	h5ad_obs	supplementary	ctrl	verified_via_num_features_eq_1	num_features	2.964575692885208	0.0234291676635135	0.177256040734804	0.1344936026625051	0.1128961809154535	0.0335188281725425	0.120883437991262	2.0	-1.2146449881920551	0.9806586566077652	1.0	1.0	both	middle	0.1742826780021254	0.6838469713071201												joint_grid_target
K562_essential_day7	ACH-000551	FIP1L1	21.0	10691.0	1.0	310385.0	8563.0	h5ad_obs	supplementary	ctrl	verified_via_num_features_eq_1	num_features	11.127467069497166	0.0863038889523492	0.6385806769231521	0.5389434608093581	0.4710574505108003	0.0364633781328248	3.878994130027048	438.0	-0.4689017223054407	0.4746181024251272	1.0	1.0	both	Q2_shift_excess	0.9920297555791711	0.23113708820403825												joint_grid_target
K562_essential_day7	ACH-000551	FNBP4	160.0	10691.0	1.0	310385.0	8563.0	h5ad_obs	supplementary	ctrl	verified_via_num_features_eq_1	num_features	3.234908719102091	0.0251941838700712	0.204433190124201	0.1606963194719649	0.1363467276727503	0.0372434320954266	0.1505440421747366	2.0	-0.4952352798220721	0.5206059953116721	1.0	1.0	both	Q4_low_info	0.2454835281615303	0.24867162592986186												joint_grid_target
K562_essential_day7	ACH-000551	FNTA	80.0	10691.0	1.0	310385.0	8563.0	h5ad_obs	supplementary	ctrl	verified_via_num_features_eq_1	num_features	4.73493694160972	0.0367738092671612	0.3180634305202179	0.2493480842860528	0.2061621491836147	0.0395923679606442	0.5404016356638053	17.0	-0.8695136923335597	0.9162669340861422	1.0	1.0	both	middle	0.589798087141339	0.4973432518597237												joint_grid_target
K562_essential_day7	ACH-000551	FNTB	102.0	10691.0	1.0	310385.0	8563.0	h5ad_obs	supplementary	ctrl	verified_via_num_features_eq_1	num_features	3.075873544299911	0.0253222166909791	0.143501639845591	0.1223706315334433	0.1092451097659705	0.0282175654333976	0.0928428601672344	1.0	-0.9464293543859136	0.9390298012930136	1.0	1.0	both	middle	0.2502656748140276	0.5414452709883103												joint_grid_target
K562_essential_day7	ACH-000551	FOXD4	94.0	10691.0	1.0	310385.0	8563.0	h5ad_obs	supplementary	ctrl	verified_via_num_features_eq_1	num_features	3.3651074984894684	0.0279068586993916	0.1511416526463938	0.1330626141889479	0.119447831716141	0.0278412774564694	0.1275374683794563	0.0	-1.3867629679588525	0.988656790637977	1.0	1.0	both	middle	0.3432518597236982	0.757173219978746												joint_grid_target
K562_essential_day7	ACH-000551	FOXL2	164.0	10691.0	1.0	310385.0	8563.0	h5ad_obs	supplementary	ctrl	verified_via_num_features_eq_1	num_features	2.624921920782384	0.0211170720677511	0.1465183947680954	0.1207754816116972	0.1034501025542741	0.0333955912050732	0.1132644019474984	1.0	-0.3621995906509728	0.297635951058209	1.0	1.0	both	Q4_low_info	0.09723698193411265	0.16312433581296493												joint_grid_target
K562_essential_day7	ACH-000551	FTSJ3	207.0	10691.0	1.0	310385.0	8563.0	h5ad_obs	supplementary	ctrl	verified_via_num_features_eq_1	num_features	5.750161069053541	0.0401304188046091	0.4473463028888561	0.3544608136893037	0.294825543138752	0.0515749241953055	1.5563460593326433	61.0	-0.9874405954372576	0.9481405178808175	1.0	1.0	both	middle	0.6530286928799149	0.5680127523910733												joint_grid_target
K562_essential_day7	ACH-000551	FXN	174.0	10691.0	1.0	310385.0	8563.0	h5ad_obs	supplementary	ctrl	verified_via_num_features_eq_1	num_features	2.679459082889172	0.0216773018318697	0.1505234171089766	0.1231881397286594	0.1053371388119648	0.0331823952867525	0.1556397319647313	2.0	-0.9039081511639004	0.927563311735747	1.0	1.0	both	middle	0.11849096705632306	0.5164718384697131												joint_grid_target
K562_essential_day7	ACH-000551	GAB2	674.0	10691.0	1.0	310385.0	8563.0	h5ad_obs	supplementary	ctrl	verified_via_num_features_eq_1	num_features	7.566443453633328	0.0447669426721737	0.859257136823748	0.5876963179322978	0.4410699230587749	0.0766548423007093	3.787856571689044	107.0	-1.875820533553937	0.9998378080238854	1.0	1.0	both	middle	0.7412327311370882	0.8841657810839533												joint_grid_target
K562_essential_day7	ACH-000551	GABPA	110.0	10691.0	1.0	310385.0	8563.0	h5ad_obs	supplementary	ctrl	verified_via_num_features_eq_1	num_features	3.620091898835523	0.0288024605868325	0.2009421431641725	0.1619783724486345	0.1393339438309853	0.0328376069438268	0.1781742974586713	1.0	-0.3663464919493407	0.3039556555377878	1.0	1.0	both	middle	0.37778958554729014	0.16737513283740701												joint_grid_target
K562_essential_day7	ACH-000551	GAK	167.0	10691.0	1.0	310385.0	8563.0	h5ad_obs	supplementary	ctrl	verified_via_num_features_eq_1	num_features	2.5279385871453672	0.0206929195822232	0.1239453160407138	0.1047736808645133	0.0931107182911655	0.0295647691301199	0.056665219425275	1.0	-0.1935812849494807	0.1060777384419638	1.0	1.0	both	Q4_low_info	0.08501594048884166	0.077577045696068												joint_grid_target
K562_essential_day7	ACH-000551	GAPDH	183.0	10691.0	1.0	310385.0	8563.0	h5ad_obs	supplementary	ctrl	verified_via_num_features_eq_1	num_features	3.069751772942741	0.0224397881695933	0.1987996752406405	0.1424870931280973	0.1175011357547061	0.0370766795976358	0.1787134611999068	1.0	-1.9759197999592752	0.9999803320099	1.0	1.0	both	Q3_dep_excess	0.14452709883103082	0.8990435706695006												joint_grid_target
K562_essential_day7	ACH-000551	GAR1	146.0	10691.0	1.0	310385.0	8563.0	h5ad_obs	supplementary	ctrl	verified_via_num_features_eq_1	num_features	3.335671202897073	0.0260355114674192	0.2210861061178803	0.1698959240958387	0.1411280361456939	0.0381031522890526	0.3203160374535123	4.0	-0.2172444183037031	0.1251950335748233	1.0	1.0	both	middle	0.27523910733262485	0.08607863974495218												joint_grid_target
K562_essential_day7	ACH-000551	GATA1	108.0	10691.0	1.0	310385.0	8563.0	h5ad_obs	supplementary	ctrl	verified_via_num_features_eq_1	num_features	17.688038319299796	0.1189075364544144	1.2476095960233236	1.055308571909482	0.8989541751091279	0.0518219969799483	13.229172480629778	1089.0	-0.7254179747617826	0.8349583948645579	1.0	1.0	both	middle	1.0	0.40967056323060574												joint_grid_target
K562_essential_day7	ACH-000551	GBF1	161.0	10691.0	1.0	310385.0	8563.0	h5ad_obs	supplementary	ctrl	verified_via_num_features_eq_1	num_features	7.833298985638287	0.0537041529243613	0.5365993389901031	0.4466992633119805	0.3824745626941295	0.0485681348521751	2.9659985768496604	186.0	-0.9843588373474428	0.9475118002480252	1.0	1.0	both	middle	0.8623804463336876	0.5637619553666312												joint_grid_target
K562_essential_day7	ACH-000551	GEMIN4	81.0	10691.0	1.0	310385.0	8563.0	h5ad_obs	supplementary	ctrl	verified_via_num_features_eq_1	num_features	4.562047755619021	0.0351258321761726	0.3304472380197937	0.2372191522153362	0.1926021312180341	0.0394336690941387	0.7061080688546824	9.0	-0.6190925152732569	0.7181944766717058	1.0	1.0	both	middle	0.5499468650371945	0.3427205100956429												joint_grid_target
K562_essential_day7	ACH-000551	GEMIN5	133.0	10691.0	1.0	310385.0	8563.0	h5ad_obs	supplementary	ctrl	verified_via_num_features_eq_1	num_features	5.390346320618308	0.0386659238458317	0.4176575200218503	0.3198529531741204	0.2620096263640893	0.0483021023615091	1.4063719048317314	38.0	-1.711989222954222	0.9980276803906634	1.0	1.0	both	middle	0.6275239107332625	0.8480340063761955												joint_grid_target
K562_essential_day7	ACH-000551	GEMIN6	84.0	10691.0	1.0	310385.0	8563.0	h5ad_obs	supplementary	ctrl	verified_via_num_features_eq_1	num_features	3.403567557913275	0.027921780387824	0.1775386228486076	0.1450792320691291	0.1251919202437778	0.0303393450689108	0.1375123062234511	2.0	-0.8626111108725155	0.9137412623722928	1.0	1.0	both	middle	0.34378320935175344	0.49309245483528164												joint_grid_target
K562_essential_day7	ACH-000551	GEMIN7	136.0	10691.0	1.0	310385.0	8563.0	h5ad_obs	supplementary	ctrl	verified_via_num_features_eq_1	num_features	2.7983179094271704	0.0229252020183794	0.1382046946921792	0.1176013005463408	0.1042849811744133	0.0299531853233261	0.1014460195797308	1.0	-0.5862699429845816	0.670922751069568	1.0	1.0	both	middle	0.15781083953241232	0.3193411264612115												joint_grid_target
K562_essential_day7	ACH-000551	GEMIN8	86.0	10691.0	1.0	310385.0	8563.0	h5ad_obs	supplementary	ctrl	verified_via_num_features_eq_1	num_features	3.484304397759844	0.0287662079987105	0.165242237062401	0.1410955346707757	0.1249902901560341	0.0286401121035708	0.1190578594086861	0.0	-0.8234725524738632	0.897327111867922	1.0	1.0	both	middle	0.37619553666312433	0.4675876726886291												joint_grid_target
K562_essential_day7	ACH-000551	GET1	73.0	10691.0	1.0	310385.0	8563.0	h5ad_obs	supplementary	ctrl	verified_via_num_features_eq_1	num_features	3.9667275686692793	0.0326469723448436	0.1790840328228487	0.1555950954802706	0.141019538686691	0.0278289648616434	0.2125648987205597	1.0	-0.2010348281995315	0.1118101784463733	1.0	1.0	both	middle	0.48299681190223165	0.08076514346439957												joint_grid_target
K562_essential_day7	ACH-000551	GET3	121.0	10691.0	1.0	310385.0	8563.0	h5ad_obs	supplementary	ctrl	verified_via_num_features_eq_1	num_features	3.1080133494995894	0.0252383015872483	0.1629930884578485	0.1359253221519792	0.1187752513873418	0.0314473681995933	0.1638925033608469	1.0	-0.7734280029246344	0.870000421863044	1.0	1.0	both	middle	0.24601487778958556	0.4383634431455898												joint_grid_target
K562_essential_day7	ACH-000551	GFER	222.0	10691.0	1.0	310385.0	8563.0	h5ad_obs	supplementary	ctrl	verified_via_num_features_eq_1	num_features	3.624129786407359	0.0261294367241016	0.2980252319405186	0.2239461185450808	0.1808650433410829	0.0500446380157078	0.682913428662296	10.0	-0.9701894935243688	0.9445105199617728	1.0	1.0	both	middle	0.2784272051009564	0.5557917109458024												joint_grid_target
K562_essential_day7	ACH-000551	GFM1	240.0	10691.0	1.0	310385.0	8563.0	h5ad_obs	supplementary	ctrl	verified_via_num_features_eq_1	num_features	3.650901800286921	0.0268501850258943	0.2608338052103444	0.2020959446421485	0.1677409333813418	0.0439495442997556	0.7436970612303249	9.0	-1.0216583200689728	0.9546671783340788	1.0	1.0	both	middle	0.30233793836344314	0.5882040382571733												joint_grid_target
K562_essential_day7	ACH-000551	GGPS1	167.0	10691.0	1.0	310385.0	8563.0	h5ad_obs	supplementary	ctrl	verified_via_num_features_eq_1	num_features	2.5201955004172607	0.0206832976426547	0.1141956135017917	0.1007250204870226	0.0908802362224229	0.0284355506688418	0.0899673473450022	0.0	-1.6058200030136165	0.9946614034998672	1.0	1.0	both	Q3_dep_excess	0.0844845908607864	0.8214665249734325												joint_grid_target
K562_essential_day7	ACH-000551	GINS1	186.0	10691.0	1.0	310385.0	8563.0	h5ad_obs	supplementary	ctrl	verified_via_num_features_eq_1	num_features	8.205594351112627	0.0558518585473722	0.6263512338167799	0.5083254532494071	0.4299002108537321	0.0531432716678729	4.038458188435476	186.0	-2.719410636788567	1.0	1.0	1.0	both	Q1_anchor	0.879383634431456	0.9609458023379384												joint_grid_target
K562_essential_day7	ACH-000551	GINS2	148.0	10691.0	1.0	310385.0	8563.0	h5ad_obs	supplementary	ctrl	verified_via_num_features_eq_1	num_features	6.035764325979243	0.04361833214275	0.4273983525449983	0.3514507856895907	0.294891251482851	0.0470478220382809	2.080416460391172	64.0	-2.3440017457464326	1.0	1.0	1.0	both	middle	0.7199787460148778	0.9609458023379384												joint_grid_target
K562_essential_day7	ACH-000551	GINS3	100.0	10691.0	1.0	310385.0	8563.0	h5ad_obs	supplementary	ctrl	verified_via_num_features_eq_1	num_features	4.961656900137205	0.0373793861874642	0.3311380484683338	0.2672411708462948	0.2278897873083802	0.0417460376695401	1.1859380371278316	18.0	-1.2037601151360635	0.979637907633207	1.0	1.0	both	middle	0.60201912858661	0.6748140276301806												joint_grid_target
K562_essential_day7	ACH-000551	GINS4	60.0	10691.0	1.0	310385.0	8563.0	h5ad_obs	supplementary	ctrl	verified_via_num_features_eq_1	num_features	6.669526410604425	0.050352572659771	0.4309201494680971	0.3540076009284068	0.3049219159628954	0.0410520625906808	2.3205012893043264	83.0	-0.9416113567993872	0.9378598655316214	1.0	1.0	both	middle	0.8182784272051009	0.5382571732199788												joint_grid_target
K562_essential_day7	ACH-000551	GIT2	107.0	10691.0	1.0	310385.0	8563.0	h5ad_obs	supplementary	ctrl	verified_via_num_features_eq_1	num_features	3.896545036862173	0.0309737371275039	0.1925048341187139	0.1730350796797177	0.1545023821961787	0.0326200490235426	0.4691338558645714	1.0	-0.1630735128656509	0.084884541564044	1.0	1.0	both	middle	0.43783209351753455	0.06376195536663125												joint_grid_target
K562_essential_day7	ACH-000551	GJA3	73.0	10691.0	1.0	310385.0	8563.0	h5ad_obs	supplementary	ctrl	verified_via_num_features_eq_1	num_features	3.703575784331744	0.0304301020468829	0.1764773701032828	0.1512976557589383	0.1347923682817149	0.0290317256127772	0.1820179664183108	2.0	-0.4938508584852462	0.5181966054240857	1.0	1.0	both	middle	0.42295430393198724	0.24601487778958556												joint_grid_target
K562_essential_day7	ACH-000551	GLE1	57.0	10691.0	1.0	310385.0	8563.0	h5ad_obs	supplementary	ctrl	verified_via_num_features_eq_1	num_features	5.892042536934257	0.0462501337971738	0.3424526444730288	0.2868194210407461	0.2501326067743433	0.0362109252314122	1.064874647330706	35.0	-0.6563620097174736	0.7656276166167426	1.0	1.0	both	middle	0.7662061636556854	0.36769394261424015												joint_grid_target
K562_essential_day7	ACH-000551	GLI4	156.0	10691.0	1.0	310385.0	8563.0	h5ad_obs	supplementary	ctrl	verified_via_num_features_eq_1	num_features	2.576098796439085	0.0211394693693498	0.1240422864899513	0.1034343299869775	0.0916730870361238	0.0285702923369394	0.068713523419241	1.0	-0.2549023807755166	0.1607261180144834	1.0	1.0	both	Q4_low_info	0.09776833156216791	0.10573857598299681												joint_grid_target
K562_essential_day7	ACH-000551	GLMN	79.0	10691.0	1.0	310385.0	8563.0	h5ad_obs	supplementary	ctrl	verified_via_num_features_eq_1	num_features	4.064905641026676	0.0332043863577565	0.2055470728846449	0.1728053563695038	0.1527429374123686	0.0303882577744857	0.303148062508269	2.0	-0.0600906554593945	0.0373370453921237	1.0	1.0	both	middle	0.5	0.031880977683315624												joint_grid_target
K562_essential_day7	ACH-000551	GLRX3	136.0	10691.0	1.0	310385.0	8563.0	h5ad_obs	supplementary	ctrl	verified_via_num_features_eq_1	num_features	3.0934372060749493	0.0240304259568086	0.2259892030364213	0.1611978949447757	0.1303505603945192	0.0391689525065328	0.1210952340018742	5.0	-0.3675780085361678	0.3058324354103903	1.0	1.0	both	Q4_low_info	0.19819341126461212	0.16843783209351754												joint_grid_target
K562_essential_day7	ACH-000551	GLRX5	99.0	10691.0	1.0	310385.0	8563.0	h5ad_obs	supplementary	ctrl	verified_via_num_features_eq_1	num_features	3.526035560588888	0.0283390465575245	0.1957204000571715	0.1576191914361657	0.135660495827871	0.0324764029245786	0.1665758699211519	1.0	-0.6366694426669164	0.7414204280221991	1.0	1.0	both	middle	0.3607863974495218	0.35494155154091395												joint_grid_target
K562_essential_day7	ACH-000551	GMPPB	164.0	10691.0	1.0	310385.0	8563.0	h5ad_obs	supplementary	ctrl	verified_via_num_features_eq_1	num_features	2.852336900952917	0.0216228687366202	0.2505237223531524	0.1616578438776715	0.1239727707862007	0.0436543504411296	0.1496628961988957	7.0	-0.4082937149813107	0.370799083958546	1.0	1.0	both	Q4_low_info	0.11636556854410202	0.1902231668437832												joint_grid_target
K562_essential_day7	ACH-000551	GMPS	123.0	10691.0	1.0	310385.0	8563.0	h5ad_obs	supplementary	ctrl	verified_via_num_features_eq_1	num_features	3.880139811932827	0.0291213014775258	0.2917038860741495	0.215661484919471	0.1763099486333579	0.0432420098238594	0.4297335860820421	8.0	-1.4031785099002705	0.988916653295058	1.0	1.0	both	middle	0.3846971307120085	0.7614240170031881												joint_grid_target
K562_essential_day7	ACH-000551	GNB1L	76.0	10691.0	1.0	310385.0	8563.0	h5ad_obs	supplementary	ctrl	verified_via_num_features_eq_1	num_features	3.684224838533608	0.0301704901534556	0.1821333106051524	0.1511279118044428	0.134055742677827	0.0292486870716743	0.1538458114773533	2.0	-1.0307359524565776	0.9562639948873736	1.0	1.0	both	middle	0.41073326248671627	0.5935175345377258												joint_grid_target
K562_essential_day7	ACH-000551	GNL2	351.0	10691.0	1.0	310385.0	8563.0	h5ad_obs	supplementary	ctrl	verified_via_num_features_eq_1	num_features	5.9119818126568	0.0406835349898286	0.4656521882568505	0.3768242298843873	0.3112161527634618	0.0540834264959278	2.5345011782643745	66.0	-1.199189071824231	0.9791897932929926	1.0	1.0	both	middle	0.6641870350690755	0.6721572794899043												joint_grid_target
K562_essential_day7	ACH-000551	GNL3	38.0	10691.0	1.0	310385.0	8563.0	h5ad_obs	supplementary	ctrl	verified_via_num_features_eq_1	num_features	6.843474834078294	0.0535490767524673	0.4253623033815944	0.3428052430662165	0.2917139544030773	0.0373800199195863	1.9365476921728444	62.0	-0.8954513716369423	0.9249695139521426	1.0	1.0	both	middle	0.8597236981934112	0.5116896918172157												joint_grid_target
K562_essential_day7	ACH-000551	GNL3L	69.0	10691.0	1.0	310385.0	8563.0	h5ad_obs	supplementary	ctrl	verified_via_num_features_eq_1	num_features	5.194528020199319	0.0403754980712286	0.2981775573687017	0.2571031455966503	0.2233429979664681	0.037182069444583	1.141543792262194	23.0	-0.7647537374838216	0.8643643397249283	1.0	1.0	both	middle	0.6583421891604676	0.43304994686503717												joint_grid_target
K562_essential_day7	ACH-000551	GNPNAT1	112.0	10691.0	1.0	310385.0	8563.0	h5ad_obs	supplementary	ctrl	verified_via_num_features_eq_1	num_features	3.1880669863721063	0.0257153432892685	0.1708844264923697	0.1372710991629049	0.1189677629465227	0.0311695724514377	0.1156299976451098	1.0	-0.4814493063428484	0.4965512368099838	1.0	1.0	both	middle	0.2635494155154091	0.23698193411264612												joint_grid_target
K562_essential_day7	ACH-000551	GOLT1B	279.0	10691.0	1.0	310385.0	8563.0	h5ad_obs	supplementary	ctrl	verified_via_num_features_eq_1	num_features	3.102578116164296	0.0236258360418494	0.1803749538227773	0.1488957186235256	0.1305113042377754	0.0367992599355019	0.400663298970553	1.0	-0.0317731045306428	0.0293435411656361	1.0	1.0	both	Q4_low_info	0.18012752391073325	0.023379383634431455												joint_grid_target
K562_essential_day7	ACH-000551	GON4L	237.0	10691.0	1.0	310385.0	8563.0	h5ad_obs	supplementary	ctrl	verified_via_num_features_eq_1	num_features	2.2150486186462497	0.0180768921477758	0.1142254406143646	0.0965610651274131	0.0849108284068812	0.0311905003077393	0.0706297645151874	0.0	-0.2195616802674332	0.127177577259751	1.0	1.0	both	Q4_low_info	0.0281615302869288	0.08820403825717323												joint_grid_target
K562_essential_day7	ACH-000551	GOSR2	84.0	10691.0	1.0	310385.0	8563.0	h5ad_obs	supplementary	ctrl	verified_via_num_features_eq_1	num_features	3.552285829918387	0.0292888781169316	0.1574430066773234	0.1399560368665132	0.1277905655348883	0.027901847430637	0.1486046039380752	0.0	-0.8126247770915772	0.8920840874747046	1.0	1.0	both	middle	0.3889479277364506	0.46174282678002126												joint_grid_target
K562_essential_day7	ACH-000551	GPKOW	107.0	10691.0	1.0	310385.0	8563.0	h5ad_obs	supplementary	ctrl	verified_via_num_features_eq_1	num_features	5.934896385747794	0.0458051221195979	0.3396463462153894	0.294583757456115	0.2586893913517721	0.0375524963286499	1.6544225676551072	45.0	-0.7574320474739272	0.8593821381483489	1.0	1.0	both	middle	0.7577045696068013	0.4293304994686504												joint_grid_target
K562_essential_day7	ACH-000551	GPN1	86.0	10691.0	1.0	310385.0	8563.0	h5ad_obs	supplementary	ctrl	verified_via_num_features_eq_1	num_features	8.777881407071146	0.0634443613836042	0.5361532114781455	0.4642501109159437	0.4130659160715687	0.0427270635135484	4.030825298327555	257.0	-2.100308656335018	0.9999999999981266	1.0	1.0	both	Q1_anchor	0.9298618490967057	0.9213602550478215												joint_grid_target
K562_essential_day7	ACH-000551	GPN2	44.0	10691.0	1.0	310385.0	8563.0	h5ad_obs	supplementary	ctrl	verified_via_num_features_eq_1	num_features	7.851806618320123	0.0601942614457169	0.462173446773471	0.3897040900808799	0.339649950737702	0.0378027969844184	2.6112854748867687	139.0	-1.764650111496321	0.9989954866881154	1.0	1.0	both	Q1_anchor	0.9155154091392136	0.861317747077577												joint_grid_target
K562_essential_day7	ACH-000551	GPN3	276.0	10691.0	1.0	310385.0	8563.0	h5ad_obs	supplementary	ctrl	verified_via_num_features_eq_1	num_features	8.730056660185078	0.0605709032819924	0.5403051939009519	0.4770336649044484	0.4244734208453567	0.0459863604329686	4.541982669525972	261.0	-1.2111224147249626	0.9803396751945174	1.0	1.0	both	middle	0.9181721572794899	0.6817215727948991												joint_grid_target
K562_essential_day7	ACH-000551	GPR61	112.0	10691.0	1.0	310385.0	8563.0	h5ad_obs	supplementary	ctrl	verified_via_num_features_eq_1	num_features	2.98047170463854	0.0246867743136666	0.1257873030796552	0.113285463878926	0.1031761924068559	0.0267950086085414	0.1035976261007878	0.0	-0.6677378551484044	0.778712356334587	1.0	1.0	both	middle	0.2226354941551541	0.3756641870350691												joint_grid_target
K562_essential_day7	ACH-000551	GPS1	431.0	10691.0	1.0	310385.0	8563.0	h5ad_obs	supplementary	ctrl	verified_via_num_features_eq_1	num_features	3.5955483864686903	0.0257763999666289	0.2775528683049725	0.2130192727871471	0.1758553828334293	0.0482548195690389	0.4948068070949816	8.0	-0.8746413182698767	0.9180827642839746	1.0	1.0	both	middle	0.26726886291179597	0.4989373007438895												joint_grid_target
K562_essential_day7	ACH-000551	GRB2	169.0	10691.0	1.0	310385.0	8563.0	h5ad_obs	supplementary	ctrl	verified_via_num_features_eq_1	num_features	3.2143182701336386	0.0253023004433911	0.1814095896378486	0.1517159085992766	0.1325891087778633	0.0350118592859748	0.206613180595129	2.0	-1.7894554802470628	0.9992991831067596	1.0	1.0	both	Q3_dep_excess	0.24867162592986186	0.8650371944739639												joint_grid_target
K562_essential_day7	ACH-000551	GRPEL1	123.0	10691.0	1.0	310385.0	8563.0	h5ad_obs	supplementary	ctrl	verified_via_num_features_eq_1	num_features	6.250228765194854	0.0441058519427979	0.4774193860620593	0.3799526255444497	0.3159891462258525	0.0503010782847171	2.268981523779546	77.0	-2.0753558082555403	0.9999999581813388	1.0	1.0	both	middle	0.7300743889479278	0.9165781083953242												joint_grid_target
K562_essential_day7	ACH-000551	GRSF1	172.0	10691.0	1.0	310385.0	8563.0	h5ad_obs	supplementary	ctrl	verified_via_num_features_eq_1	num_features	3.513303874164149	0.0269592491382609	0.2257059733295326	0.1837382506374108	0.156028616113634	0.0397956722373016	0.4637872743949529	3.0	-0.5484647486861527	0.6111734234290568	1.0	1.0	both	middle	0.30605738575983	0.29543039319872477												joint_grid_target
K562_essential_day7	ACH-000551	GRWD1	189.0	10691.0	1.0	310385.0	8563.0	h5ad_obs	supplementary	ctrl	verified_via_num_features_eq_1	num_features	2.510510065372605	0.0194892044589356	0.1521492361082975	0.1113078409017619	0.0931638971464186	0.0333484541432606	0.057395779545736	2.0	-1.019617539241387	0.9542962307996538	1.0	1.0	both	middle	0.049415515409139216	0.5876726886291179												joint_grid_target
K562_essential_day7	ACH-000551	GSDMA	110.0	10691.0	1.0	310385.0	8563.0	h5ad_obs	supplementary	ctrl	verified_via_num_features_eq_1	num_features	3.027794488442051	0.0248250415814945	0.149917215660235	0.1262635201107346	0.1117939946782686	0.0296983258899245	0.1435252197707264	0.0	-0.4115578947472517	0.3761916117419362	1.0	1.0	both	Q4_low_info	0.22741764080765142	0.19234856535600425												joint_grid_target
K562_essential_day7	ACH-000551	GSPT1	108.0	10691.0	1.0	310385.0	8563.0	h5ad_obs	supplementary	ctrl	verified_via_num_features_eq_1	num_features	9.282527131941164	0.0633750154449804	0.7375783645041905	0.5841202853630179	0.4810376750433909	0.0538180887874229	5.069838546653777	277.0	-1.22676485314279	0.9817184567137884	1.0	1.0	both	middle	0.9293304994686503	0.6907545164718385												joint_grid_target
K562_essential_day7	ACH-000551	GTF2A1	113.0	10691.0	1.0	310385.0	8563.0	h5ad_obs	supplementary	ctrl	verified_via_num_features_eq_1	num_features	6.042894276154341	0.0426979796901038	0.5170326692232748	0.3980029051230335	0.3190310236935734	0.0544280751951226	1.5830533591858416	66.0	-0.7025307682800106	0.8146530237559061	1.0	1.0	both	middle	0.701912858660999	0.4022316684378321												joint_grid_target
K562_essential_day7	ACH-000551	GTF2A2	173.0	10691.0	1.0	310385.0	8563.0	h5ad_obs	supplementary	ctrl	verified_via_num_features_eq_1	num_features	4.9525329524942014	0.033331271272532	0.5079870921963429	0.3658575210695692	0.2814464157042478	0.0640920509897248	0.910193010651593	42.0	-0.9849749134301832	0.9476374875619128	1.0	1.0	both	middle	0.5031880977683315	0.5648246546227418												joint_grid_target
K562_essential_day7	ACH-000551	GTF2B	35.0	10691.0	1.0	310385.0	8563.0	h5ad_obs	supplementary	ctrl	verified_via_num_features_eq_1	num_features	7.585833780654522	0.0596377800097094	0.4003883177602411	0.3510716241280498	0.3134224991037356	0.0343730698073556	1.7974967410967846	109.0	-1.569223572020913	0.9932610629068104	1.0	1.0	both	Q1_anchor	0.9096705632306057	0.8092454835281615												joint_grid_target
K562_essential_day7	ACH-000551	GTF2E1	181.0	10691.0	1.0	310385.0	8563.0	h5ad_obs	supplementary	ctrl	verified_via_num_features_eq_1	num_features	4.2349483424799645	0.0320003417879839	0.263149545917243	0.2194256643875174	0.189580529366884	0.0400384139529382	0.846299872217573	6.0	-1.0395527864757588	0.9577697518971932	1.0	1.0	both	middle	0.46546227417640806	0.599893730074389												joint_grid_target
K562_essential_day7	ACH-000551	GTF2E2	70.0	10691.0	1.0	310385.0	8563.0	h5ad_obs	supplementary	ctrl	verified_via_num_features_eq_1	num_features	5.76938775318524	0.0447639925795648	0.3278226875660336	0.2781652926355255	0.2444554275448656	0.0362842529826704	1.3042373511563667	31.0	-0.9867340373974612	0.9479963711031456	1.0	1.0	both	middle	0.740701381509033	0.5669500531349628												joint_grid_target
K562_essential_day7	ACH-000551	GTF2F1	41.0	10691.0	1.0	310385.0	8563.0	h5ad_obs	supplementary	ctrl	verified_via_num_features_eq_1	num_features	5.397779276697413	0.044075727540469	0.2680983318542872	0.2312511837997715	0.2049769647944096	0.030635751292713	0.5167395151257619	12.0	-0.3657853531502976	0.3031005034309909	1.0	1.0	both	middle	0.7295430393198725	0.16684378320935175												joint_grid_target
K562_essential_day7	ACH-000551	GTF2F2	59.0	10691.0	1.0	310385.0	8563.0	h5ad_obs	supplementary	ctrl	verified_via_num_features_eq_1	num_features	7.000198147568101	0.0532189914253316	0.422142688951691	0.3594779592250806	0.3157179559352132	0.0394411607788919	2.1384705129198203	99.0	-0.6573307090224392	0.7667688429652504	1.0	1.0	both	middle	0.8554729011689692	0.36928799149840597												joint_grid_target
K562_essential_day7	ACH-000551	GTF2H1	434.0	10691.0	1.0	310385.0	8563.0	h5ad_obs	supplementary	ctrl	verified_via_num_features_eq_1	num_features	6.07979607804808	0.0426147506901061	0.390363038713416	0.3365309319548571	0.2961893884306747	0.0461114837031883	2.381088933587712	80.0	-0.5438658714020098	0.6035917837227666	1.0	1.0	both	middle	0.6997874601487779	0.2922422954303932												joint_grid_target
K562_essential_day7	ACH-000551	GTF2H3	76.0	10691.0	1.0	310385.0	8563.0	h5ad_obs	supplementary	ctrl	verified_via_num_features_eq_1	num_features	4.64281634020246	0.0370549274807996	0.2551136151964818	0.2102890635905093	0.1835178127786878	0.0331371214706424	0.5592525637839447	6.0	-0.5610107599616417	0.631575227511389	1.0	1.0	both	middle	0.5961742826780021	0.3055260361317747												joint_grid_target
K562_essential_day7	ACH-000551	GTF2H4	115.0	10691.0	1.0	310385.0	8563.0	h5ad_obs	supplementary	ctrl	verified_via_num_features_eq_1	num_features	4.2558814311973	0.0331853913184959	0.2407521265566789	0.2030451309249754	0.1766086903349279	0.0357264362156758	0.6594791830493527	6.0	-1.0553625502474804	0.9603701386688046	1.0	1.0	both	middle	0.4989373007438895	0.6083953241232731												joint_grid_target
K562_essential_day7	ACH-000551	GTF3A	88.0	10691.0	1.0	310385.0	8563.0	h5ad_obs	supplementary	ctrl	verified_via_num_features_eq_1	num_features	3.956211665870259	0.0302676224384701	0.2672634937395091	0.1930418796114413	0.1589596278960992	0.0372406532080599	0.1872765707576462	4.0	-0.6499427732889396	0.7579822823554513	1.0	1.0	both	middle	0.4155154091392136	0.3650371944739639												joint_grid_target
K562_essential_day7	ACH-000551	GTF3C1	160.0	10691.0	1.0	310385.0	8563.0	h5ad_obs	supplementary	ctrl	verified_via_num_features_eq_1	num_features	3.012134621399804	0.0240173793944065	0.1790010247264602	0.1451067059229858	0.1241303116738579	0.0352781599568504	0.1713284248208548	3.0	-0.4814800428258505	0.49660497823814	1.0	1.0	both	Q4_low_info	0.19766206163655686	0.23751328374070138												joint_grid_target
K562_essential_day7	ACH-000551	GTF3C2	114.0	10691.0	1.0	310385.0	8563.0	h5ad_obs	supplementary	ctrl	verified_via_num_features_eq_1	num_features	3.468786294620618	0.0275283062339517	0.2083370151217685	0.1652116887007277	0.1411874701514546	0.035043327691662	0.2529485306066092	2.0	-0.7722095034517733	0.8692450452125513	1.0	1.0	both	middle	0.3273113708820404	0.43783209351753455												joint_grid_target
K562_essential_day7	ACH-000551	GTF3C3	132.0	10691.0	1.0	310385.0	8563.0	h5ad_obs	supplementary	ctrl	verified_via_num_features_eq_1	num_features	3.669213901934693	0.0286702880092908	0.2332814971053487	0.1865209790587794	0.15841162664746	0.0379874106017321	0.3740948270076387	5.0	-0.5270481460907777	0.5753852870282817	1.0	1.0	both	middle	0.37247608926673753	0.2784272051009564												joint_grid_target
K562_essential_day7	ACH-000551	GTF3C4	129.0	10691.0	1.0	310385.0	8563.0	h5ad_obs	supplementary	ctrl	verified_via_num_features_eq_1	num_features	2.9184147267865828	0.023700283206613	0.146690602133946	0.1222129798642347	0.1080838963402927	0.0301097991209914	0.1083139521433249	1.0	-0.5475790808584348	0.6097133248105607	1.0	1.0	both	middle	0.18437832093517534	0.2948990435706695												joint_grid_target
K562_essential_day7	ACH-000551	GTF3C5	166.0	10691.0	1.0	310385.0	8563.0	h5ad_obs	supplementary	ctrl	verified_via_num_features_eq_1	num_features	2.611811946259672	0.0213332500570509	0.1326434167387928	0.1102030561660963	0.0969770136193007	0.0301634265025815	0.0760189000088455	1.0	-0.4640181897897608	0.4660900549538098	1.0	1.0	both	Q4_low_info	0.10414452709883103	0.22954303931987247												joint_grid_target
K562_essential_day7	ACH-000551	GTF3C6	243.0	10691.0	1.0	310385.0	8563.0	h5ad_obs	supplementary	ctrl	verified_via_num_features_eq_1	num_features	2.350210269609143	0.0179453077131887	0.1436228573374043	0.1047858709226068	0.0872920580058721	0.034095406917512	0.0551771015763087	1.0	-0.310820964677201	0.2255985725899194	1.0	1.0	both	Q4_low_info	0.02709883103081828	0.14027630180658873												joint_grid_target
K562_essential_day7	ACH-000551	GTPBP4	71.0	10691.0	1.0	310385.0	8563.0	h5ad_obs	supplementary	ctrl	verified_via_num_features_eq_1	num_features	5.540960457828306	0.0421396593171859	0.3626267015913603	0.2876343753178807	0.2454571055122029	0.0398560107819104	1.533288533872463	24.0	-1.0825154942227109	0.964569966105313	1.0	1.0	both	middle	0.6896918172157279	0.6216790648246546												joint_grid_target
K562_essential_day7	ACH-000551	GUCD1	279.0	10691.0	1.0	310385.0	8563.0	h5ad_obs	supplementary	ctrl	verified_via_num_features_eq_1	num_features	5.4154718793428405	0.0387906405289572	0.34163575373321	0.2917296731806837	0.2548869074975893	0.0439134658413045	1.50379535404522	39.0	0.1342336105782971	0.006958298571119	1.0	1.0	both	middle	0.628586609989373	0.005844845908607864												joint_grid_target
K562_essential_day7	ACH-000551	GUK1	118.0	10691.0	1.0	310385.0	8563.0	h5ad_obs	supplementary	ctrl	verified_via_num_features_eq_1	num_features	3.02227202766196	0.0237238478870739	0.177623147805316	0.1320798273521119	0.111390100377509	0.0325083870677745	0.0963485930229772	2.0	-2.8560890294133747	1.0	1.0	1.0	both	Q3_dep_excess	0.18597236981934112	0.9609458023379384												joint_grid_target
K562_essential_day7	ACH-000551	HAMP	33.0	10691.0	1.0	310385.0	8563.0	h5ad_obs	supplementary	ctrl	verified_via_num_features_eq_1	num_features	5.613781800345379	0.046565064311365	0.2440191707511946	0.2157768968951086	0.1963121323714074	0.0270575703566531	0.3039589058760938	6.0	-0.5079400329828971	0.5426512719813977	1.0	1.0	both	middle	0.7704569606801275	0.2603613177470776												joint_grid_target
K562_essential_day7	ACH-000551	HAPLN2	121.0	10691.0	1.0	310385.0	8563.0	h5ad_obs	supplementary	ctrl	verified_via_num_features_eq_1	num_features	2.939573308183655	0.0241138256079082	0.146259243170284	0.1271734220564057	0.1128284086062466	0.0307945812074046	0.1407338394979387	0.0	-0.4282670066671037	0.4043511680656504	1.0	1.0	both	Q4_low_info	0.2035069075451647	0.20563230605738575												joint_grid_target
K562_essential_day7	ACH-000551	HARS2	62.0	10691.0	1.0	310385.0	8563.0	h5ad_obs	supplementary	ctrl	verified_via_num_features_eq_1	num_features	5.392831753549981	0.0420349040640469	0.337403471527939	0.2714314142039682	0.2315130636195111	0.0377045801518722	1.1362309613200772	23.0	-1.5567208626766242	0.9927913983310338	1.0	1.0	both	middle	0.6886291179596175	0.803931987247609												joint_grid_target
K562_essential_day7	ACH-000551	HAUS1	53.0	10691.0	1.0	310385.0	8563.0	h5ad_obs	supplementary	ctrl	verified_via_num_features_eq_1	num_features	5.082945405978407	0.040534843941089	0.2732525847965555	0.2317903031356708	0.2054226234925199	0.0333895694091548	0.6891917991875935	14.0	-1.0976236332998943	0.9667689097406342	1.0	1.0	both	middle	0.6615302869287991	0.6291179596174282												joint_grid_target
K562_essential_day7	ACH-000551	HAUS3	164.0	10691.0	1.0	310385.0	8563.0	h5ad_obs	supplementary	ctrl	verified_via_num_features_eq_1	num_features	2.6138490742373333	0.02147872727022	0.119747740921641	0.105900437763457	0.0961236568961502	0.0287894436406199	0.0795267002195405	0.0	-0.8803111839217086	0.92004610590559	1.0	1.0	both	middle	0.11211477151965994	0.5031880977683315												joint_grid_target
K562_essential_day7	ACH-000551	HAUS4	189.0	10691.0	1.0	310385.0	8563.0	h5ad_obs	supplementary	ctrl	verified_via_num_features_eq_1	num_features	4.392002535895041	0.0317894477643899	0.3215369359461998	0.2545140618285723	0.213653733732328	0.046749057411163	0.9062159468124856	16.0	-0.9944971942448756	0.9495568709982994	1.0	1.0	both	middle	0.45908607863974493	0.5701381509032943												joint_grid_target
K562_essential_day7	ACH-000551	HAUS5	160.0	10691.0	1.0	310385.0	8563.0	h5ad_obs	supplementary	ctrl	verified_via_num_features_eq_1	num_features	3.6238598250139855	0.0278399434140859	0.2255736958743177	0.1829557850867914	0.1571335568315562	0.0383726558446838	0.4991206427822998	5.0	-1.3049611465012707	0.9865508412101284	1.0	1.0	both	middle	0.33953241232731135	0.722635494155154												joint_grid_target
K562_essential_day7	ACH-000551	HAUS6	33.0	10691.0	1.0	310385.0	8563.0	h5ad_obs	supplementary	ctrl	verified_via_num_features_eq_1	num_features	6.624500782661789	0.0527946198250929	0.3366558757460008	0.2930299254341768	0.2623206728281039	0.0324090550143936	1.204685925505748	49.0	-1.5316511337440797	0.9918926576029092	1.0	1.0	both	Q1_anchor	0.8512221041445271	0.79596174282678												joint_grid_target
K562_essential_day7	ACH-000551	HAUS7	239.0	10691.0	1.0	310385.0	8563.0	h5ad_obs	supplementary	ctrl	verified_via_num_features_eq_1	num_features	2.120488467536294	0.0174200396182381	0.0963736938961594	0.083813268006386	0.0752738497684088	0.0280936195436425	0.0541743886451193	0.0	-0.6348394301062725	0.7390787976838719	1.0	1.0	both	middle	0.021785334750265676	0.3528161530286929												joint_grid_target
K562_essential_day7	ACH-000551	HAUS8	122.0	10691.0	1.0	310385.0	8563.0	h5ad_obs	supplementary	ctrl	verified_via_num_features_eq_1	num_features	3.3705588519304785	0.0269693222178806	0.1910754761910748	0.1619664502755925	0.1399778251044691	0.0350670386768123	0.3260353988877007	2.0	-0.17140435591541	0.0902795575804107	1.0	1.0	both	middle	0.3071200850159405	0.06748140276301806												joint_grid_target
K562_essential_day7	ACH-000551	HBS1L	143.0	10691.0	1.0	310385.0	8563.0	h5ad_obs	supplementary	ctrl	verified_via_num_features_eq_1	num_features	9.576463301164882	0.0650590193813428	0.6925301673037781	0.577738634295189	0.4919968099789	0.0518522919714221	5.582050650309348	318.0	-0.1524508569878751	0.0783516471713658	1.0	1.0	both	Q2_shift_excess	0.9415515409139213	0.0589798087141339												joint_grid_target
K562_essential_day7	ACH-000551	HCFC1	55.0	10691.0	1.0	310385.0	8563.0	h5ad_obs	supplementary	ctrl	verified_via_num_features_eq_1	num_features	6.888732172781548	0.0524246202339018	0.4121270439021424	0.3534038651958189	0.3032456691574212	0.0393622633210583	1.544703398673752	79.0	-1.0688805280541704	0.9625007178867602	1.0	1.0	both	middle	0.8453772582359192	0.6153028692879915												joint_grid_target
K562_essential_day7	ACH-000551	HCRTR1	116.0	10691.0	1.0	310385.0	8563.0	h5ad_obs	supplementary	ctrl	verified_via_num_features_eq_1	num_features	2.933317492969197	0.0241196147874731	0.1337883078998302	0.118236097954826	0.1069948421941236	0.0286235688442741	0.1332512407542694	0.0	-0.664143717990368	0.7746627571329641	1.0	1.0	both	middle	0.20456960680127523	0.37353878852284805												joint_grid_target
K562_essential_day7	ACH-000551	HDAC3	60.0	10691.0	1.0	310385.0	8563.0	h5ad_obs	supplementary	ctrl	verified_via_num_features_eq_1	num_features	4.604257183444328	0.0363409027735813	0.2811335233330606	0.2233095316789258	0.1905398316310239	0.0358802623045129	0.3165461393992022	8.0	-2.0067715544040072	0.999990610913076	1.0	1.0	both	middle	0.5828905419766206	0.9054197662061636												joint_grid_target
K562_essential_day7	ACH-000551	HDAC7	171.0	10691.0	1.0	310385.0	8563.0	h5ad_obs	supplementary	ctrl	verified_via_num_features_eq_1	num_features	6.028703912749373	0.0422847619654717	0.4585005022305001	0.3680976202785138	0.3081716462960758	0.0508303593431071	1.9966673707346505	71.0	-0.2859153169368773	0.1949284583685648	1.0	1.0	both	middle	0.6923485653560042	0.12805526036131776												joint_grid_target
K562_essential_day7	ACH-000551	HEATR1	234.0	10691.0	1.0	310385.0	8563.0	h5ad_obs	supplementary	ctrl	verified_via_num_features_eq_1	num_features	7.76735819808814	0.0539087106069442	0.5962384322144283	0.4826775233200378	0.4034289819045369	0.0522807960241205	3.957334367887235	145.0	-1.3479944138696294	0.9879051246260148	1.0	1.0	both	middle	0.8650371944739639	0.7417640807651434												joint_grid_target
K562_essential_day7	ACH-000551	HECTD1	130.0	10691.0	1.0	310385.0	8563.0	h5ad_obs	supplementary	ctrl	verified_via_num_features_eq_1	num_features	3.0589515078893728	0.0244503207071804	0.1656672926832096	0.1342423630306872	0.1167316211568302	0.0320589348275053	0.15840770667835	1.0	-0.1771438808890088	0.0942157557048608	1.0	1.0	both	Q4_low_info	0.2146652497343252	0.07013815090329437												joint_grid_target
K562_essential_day7	ACH-000551	HGS	99.0	10691.0	1.0	310385.0	8563.0	h5ad_obs	supplementary	ctrl	verified_via_num_features_eq_1	num_features	6.899209146608467	0.0499865636348644	0.4642522799059548	0.3850632929171255	0.3294037223597498	0.0449803570888449	2.400254215476764	100.0	-0.6198440491884065	0.7192293680796159	1.0	1.0	both	middle	0.8156216790648246	0.3443145589798087												joint_grid_target
K562_essential_day7	ACH-000551	HINFP	160.0	10691.0	1.0	310385.0	8563.0	h5ad_obs	supplementary	ctrl	verified_via_num_features_eq_1	num_features	6.201297793799427	0.0434236154183566	0.4562269752262809	0.3620202878267525	0.3060207216302617	0.0486800471250783	1.942699720499462	73.0	-1.371940292088446	0.9884033184444794	1.0	1.0	both	middle	0.7151965993623804	0.7518597236981934												joint_grid_target
K562_essential_day7	ACH-000551	HIRA	341.0	10691.0	1.0	310385.0	8563.0	h5ad_obs	supplementary	ctrl	verified_via_num_features_eq_1	num_features	2.1596856525114383	0.0163010941796351	0.1875448297935392	0.1261287441271644	0.097804563876164	0.0451794953095702	0.0767714656197817	4.0	-1.0473761225090126	0.9590710788239132	1.0	1.0	both	middle	0.012221041445270989	0.6025504782146652												joint_grid_target
K562_essential_day7	ACH-000551	HJURP	111.0	10691.0	1.0	310385.0	8563.0	h5ad_obs	supplementary	ctrl	verified_via_num_features_eq_1	num_features	3.088902984151701	0.0251307128100425	0.1626399125136143	0.1324959136872195	0.1163326079051512	0.0307851828578324	0.1122114653410442	1.0	-0.6167006248828552	0.7149007506484472	1.0	1.0	both	middle	0.2438894792773645	0.34006376195536664												joint_grid_target
K562_essential_day7	ACH-000551	HLA-C	44.0	10691.0	1.0	310385.0	8563.0	h5ad_obs	supplementary	ctrl	verified_via_num_features_eq_1	num_features	5.486030451119099	0.0444944840302736	0.2454598261337218	0.2236094654605641	0.2044183705735719	0.0293445915427111	0.6632519846668536	5.0	-0.4275064302119891	0.4030596609963795	1.0	1.0	both	middle	0.7359192348565357	0.20456960680127523												joint_grid_target
K562_essential_day7	ACH-000551	HMGA1	114.0	10691.0	1.0	310385.0	8563.0	h5ad_obs	supplementary	ctrl	verified_via_num_features_eq_1	num_features	3.567903339738959	0.0256315513789012	0.2359119118824414	0.1634664544571673	0.1322805877699963	0.0372389828553186	0.1414309594964677	1.0	-1.038657674557355	0.957617358772893	1.0	1.0	both	middle	0.2587672688629118	0.5993623804463337												joint_grid_target
K562_essential_day7	ACH-000551	HMGB1	241.0	10691.0	1.0	310385.0	8563.0	h5ad_obs	supplementary	ctrl	verified_via_num_features_eq_1	num_features	2.0909693658074526	0.0172569550971083	0.0894286397426041	0.0802477808732355	0.0730082365527255	0.0271526938401654	0.0477267413588364	0.0	-0.911181162113936	0.9297112754247118	1.0	1.0	both	middle	0.020191285866099893	0.5207226354941552												joint_grid_target
K562_essential_day7	ACH-000551	HMGCR	166.0	10691.0	1.0	310385.0	8563.0	h5ad_obs	supplementary	ctrl	verified_via_num_features_eq_1	num_features	2.7446955630235643	0.0217924358580364	0.1852824063426419	0.1403163595211406	0.1148998741366573	0.0375964286419219	0.1164887837052486	2.0	-0.9677184266586456	0.9439621518346306	1.0	1.0	both	middle	0.12274176408076515	0.5541976620616366												joint_grid_target
K562_essential_day7	ACH-000551	HMGCS1	230.0	10691.0	1.0	310385.0	8563.0	h5ad_obs	supplementary	ctrl	verified_via_num_features_eq_1	num_features	3.99442294012407	0.0285861477275551	0.3089243692620851	0.2483323278230288	0.2042577220322389	0.0507249568349848	0.7230831968244384	19.0	-2.0927966628511268	0.9999999999869216	1.0	1.0	both	middle	0.36928799149840597	0.9192348565356004												joint_grid_target
K562_essential_day7	ACH-000551	HMGN2	107.0	10691.0	1.0	310385.0	8563.0	h5ad_obs	supplementary	ctrl	verified_via_num_features_eq_1	num_features	3.362902234881432	0.0262231255716858	0.2014206255477263	0.1493304481842478	0.1263835642682567	0.0332512498505582	0.1453726432981419	2.0	-0.6549998260301702	0.7640228256279503	1.0	1.0	both	middle	0.27948990435706694	0.3671625929861849												joint_grid_target
K562_essential_day7	ACH-000551	HNRNPC	334.0	10691.0	1.0	310385.0	8563.0	h5ad_obs	supplementary	ctrl	verified_via_num_features_eq_1	num_features	7.433416203678348	0.0510196934429995	0.561728703880324	0.4575230584013892	0.3828510794499427	0.0523623587944173	2.038858041227769	138.0	-1.1259786267181124	0.9706651655272016	1.0	1.0	both	middle	0.8267800212539851	0.6418703506907545												joint_grid_target
K562_essential_day7	ACH-000551	HNRNPH1	160.0	10691.0	1.0	310385.0	8563.0	h5ad_obs	supplementary	ctrl	verified_via_num_features_eq_1	num_features	4.418687380285453	0.0320565499463843	0.3610469840859889	0.2648712692562253	0.2176430162966909	0.0482460911449107	0.4756603864579531	15.0	-0.97929278667603	0.946458738065493	1.0	1.0	both	middle	0.4675876726886291	0.5611052072263549												joint_grid_target
K562_essential_day7	ACH-000551	HNRNPK	25.0	10691.0	1.0	310385.0	8563.0	h5ad_obs	supplementary	ctrl	verified_via_num_features_eq_1	num_features	8.85010854644876	0.0686267005738673	0.5383388229142774	0.4423847313546041	0.3798530671634429	0.0376401261268904	2.3629145448756823	187.0	-1.829708971235481	0.9996311070688452	1.0	1.0	both	Q1_anchor	0.9574920297555791	0.8761955366631243												joint_grid_target
K562_essential_day7	ACH-000551	HNRNPL	80.0	10691.0	1.0	310385.0	8563.0	h5ad_obs	supplementary	ctrl	verified_via_num_features_eq_1	num_features	5.8253955168750045	0.0447374203504171	0.3291826874058424	0.2772800398083251	0.2459091227013513	0.0361902622202514	1.1391521226780963	26.0	-1.0371004707934846	0.957352244275064	1.0	1.0	both	middle	0.7401700318809776	0.5972369819341127												joint_grid_target
K562_essential_day7	ACH-000551	HNRNPM	258.0	10691.0	1.0	310385.0	8563.0	h5ad_obs	supplementary	ctrl	verified_via_num_features_eq_1	num_features	2.8343328944334107	0.0216608086188524	0.1797500467961509	0.1462621225282699	0.1247447623731295	0.0394276839506351	0.1678636543902705	1.0	-0.753631770309491	0.8567299852169402	1.0	1.0	both	middle	0.11742826780021254	0.4261424017003188												joint_grid_target
K562_essential_day7	ACH-000551	HNRNPR	149.0	10691.0	1.0	310385.0	8563.0	h5ad_obs	supplementary	ctrl	verified_via_num_features_eq_1	num_features	3.007293259971118	0.0225058844740125	0.1824073935476122	0.1332230560154766	0.1107070662149443	0.0345642682365693	0.0643817018799524	1.0	-0.5963128210320932	0.6858857441550105	1.0	1.0	both	middle	0.1461211477151966	0.3257173219978746												joint_grid_target
K562_essential_day7	ACH-000551	HNRNPU	93.0	10691.0	1.0	310385.0	8563.0	h5ad_obs	supplementary	ctrl	verified_via_num_features_eq_1	num_features	5.586234327174273	0.0409370342419944	0.4574553496006991	0.3304708213381431	0.2655804359234113	0.047136876834009	0.7426516103914231	31.0	-0.9480244458470184	0.9394171311970918	1.0	1.0	both	middle	0.6695005313496281	0.5430393198724761												joint_grid_target
K562_essential_day7	ACH-000551	HOXC10	83.0	10691.0	1.0	310385.0	8563.0	h5ad_obs	supplementary	ctrl	verified_via_num_features_eq_1	num_features	3.5944474928792305	0.0295572537694403	0.1586134381908789	0.1425591181191003	0.130053648909061	0.0281627448215211	0.1749080356272685	0.0	-0.5300810500878886	0.5805326578674197	1.0	1.0	both	middle	0.39479277364505844	0.28108395324123275												joint_grid_target
K562_essential_day7	ACH-000551	HS6ST1	172.0	10691.0	1.0	310385.0	8563.0	h5ad_obs	supplementary	ctrl	verified_via_num_features_eq_1	num_features	2.419886999722827	0.0200133753755617	0.105035927586604	0.094347886805631	0.0861976743023204	0.0275268107128653	0.07214679072929	0.0	-0.5470164964697326	0.6087858566751899	1.0	1.0	both	middle	0.06588735387885228	0.29330499468650373												joint_grid_target
K562_essential_day7	ACH-000551	HSCB	86.0	10691.0	1.0	310385.0	8563.0	h5ad_obs	supplementary	ctrl	verified_via_num_features_eq_1	num_features	4.137928261959866	0.0329984597435162	0.2240918371113828	0.1913925236538753	0.1685722500253791	0.0338668933660136	0.549799241400903	2.0	-0.6436195130568296	0.7502099590977863	1.0	1.0	both	middle	0.4909670563230606	0.3607863974495218												joint_grid_target
K562_essential_day7	ACH-000551	HSD17B10	26.0	10691.0	1.0	310385.0	8563.0	h5ad_obs	supplementary	ctrl	verified_via_num_features_eq_1	num_features	6.980286198997571	0.0547348073485879	0.4997886188515685	0.3594187412949484	0.2892018847970107	0.0383425670248636	0.7224991336136011	46.0	-0.7435113848955998	0.8493296166871774	1.0	1.0	both	middle	0.873538788522848	0.4213602550478215												joint_grid_target
K562_essential_day7	ACH-000551	HSD17B12	142.0	10691.0	1.0	310385.0	8563.0	h5ad_obs	supplementary	ctrl	verified_via_num_features_eq_1	num_features	5.230522786442122	0.0384494964456374	0.3335915958036858	0.2812530448668536	0.2443360220612389	0.0427120716842899	1.442766261786517	30.0	-0.4368569763006145	0.4190310939061613	1.0	1.0	both	middle	0.6222104144527099	0.21253985122210414												joint_grid_target
K562_essential_day7	ACH-000551	HSF1	131.0	10691.0	1.0	310385.0	8563.0	h5ad_obs	supplementary	ctrl	verified_via_num_features_eq_1	num_features	4.132118455852138	0.0308283750284157	0.327969011067268	0.2308260527847952	0.1848386431261708	0.0437198085793725	0.4617125033557965	9.0	-0.6894737565623175	0.8018791461186814	1.0	1.0	both	middle	0.4341126461211477	0.3931987247608927												joint_grid_target
K562_essential_day7	ACH-000551	HSP90B1	114.0	10691.0	1.0	310385.0	8563.0	h5ad_obs	supplementary	ctrl	verified_via_num_features_eq_1	num_features	3.593255466635283	0.0263645812996871	0.2585001775314408	0.1731305194573965	0.1375166783894965	0.0383439468307424	0.1333622801002114	3.0	-0.0592909229638024	0.0370927092641731	1.0	1.0	both	middle	0.28480340063761955	0.03134962805526036												joint_grid_target
K562_essential_day7	ACH-000551	HSPA14	120.0	10691.0	1.0	310385.0	8563.0	h5ad_obs	supplementary	ctrl	verified_via_num_features_eq_1	num_features	3.226452787788783	0.0257955655196945	0.1972551941226314	0.1543637098171273	0.1311505086470969	0.0349417147758622	0.1305747794467553	3.0	-0.2239841547869216	0.1310691440993176	1.0	1.0	both	middle	0.2688629117959617	0.089798087141339												joint_grid_target
K562_essential_day7	ACH-000551	HSPA5	438.0	10691.0	1.0	310385.0	8563.0	h5ad_obs	supplementary	ctrl	verified_via_num_features_eq_1	num_features	10.141579945815636	0.0638943038985577	0.9266589512730724	0.7003044610599324	0.5691128775547386	0.06399835485863	4.707300214698776	336.0	-1.283962316135598	0.9855884050103207	1.0	1.0	both	middle	0.9335812964930924	0.7136025504782146												joint_grid_target
K562_essential_day7	ACH-000551	HSPA8	255.0	10691.0	1.0	310385.0	8563.0	h5ad_obs	supplementary	ctrl	verified_via_num_features_eq_1	num_features	6.015263594773569	0.0417429179002768	0.4977500212923673	0.3564986530698508	0.2876065967995478	0.0498676783906661	1.794434432680161	44.0	-0.3546102232748667	0.2863354475457612	1.0	1.0	both	middle	0.6827842720510096	0.15834218916046758												joint_grid_target
K562_essential_day7	ACH-000551	HSPA9	420.0	10691.0	1.0	310385.0	8563.0	h5ad_obs	supplementary	ctrl	verified_via_num_features_eq_1	num_features	12.877914610494344	0.0826581893283557	1.0442294101651606	0.8364598719973825	0.6937340837695782	0.0590885433430607	9.98920985434632	614.0	-2.913697191572016	1.0	1.0	1.0	both	Q1_anchor	0.9883103081827843	0.9609458023379384												joint_grid_target
K562_essential_day7	ACH-000551	HSPD1	145.0	10691.0	1.0	310385.0	8563.0	h5ad_obs	supplementary	ctrl	verified_via_num_features_eq_1	num_features	3.4406009711809187	0.0245428608924673	0.3066012864037996	0.1959370916911842	0.1484923683548656	0.0466160565556259	0.2206491048238277	7.0	-2.001286310653769	0.9999893237764044	1.0	1.0	both	Q3_dep_excess	0.21785334750265675	0.9032943676939427												joint_grid_target
K562_essential_day7	ACH-000551	HSPE1	29.0	10691.0	1.0	310385.0	8563.0	h5ad_obs	supplementary	ctrl	verified_via_num_features_eq_1	num_features	8.818502816648007	0.0661000475296788	0.6740153998670304	0.5025684144144373	0.4108729029925005	0.0443953494672551	3.0127434865214973	181.0	-3.902118677747034	1.0	1.0	1.0	both	Q1_anchor	0.9479277364505845	0.9609458023379384												joint_grid_target
K562_essential_day7	ACH-000551	HTATSF1	96.0	10691.0	1.0	310385.0	8563.0	h5ad_obs	supplementary	ctrl	verified_via_num_features_eq_1	num_features	3.492330675190888	0.0280436837427436	0.220256344824457	0.1665303978094073	0.139449434295962	0.0346738861620672	0.2047589917454253	7.0	-0.9333350601305472	0.9357538663177408	1.0	1.0	both	middle	0.346971307120085	0.5318809776833157												joint_grid_target
K562_essential_day7	ACH-000551	HUS1	201.0	10691.0	1.0	310385.0	8563.0	h5ad_obs	supplementary	ctrl	verified_via_num_features_eq_1	num_features	2.4429409551030234	0.0196999571378605	0.1222453321838766	0.1071165707472862	0.0949840548829761	0.0317493939531888	0.0845582001888356	0.0	-0.7601569811427538	0.8612838259739906	1.0	1.0	both	middle	0.0563230605738576	0.4303931987247609												joint_grid_target
K562_essential_day7	ACH-000551	HUWE1	94.0	10691.0	1.0	310385.0	8563.0	h5ad_obs	supplementary	ctrl	verified_via_num_features_eq_1	num_features	4.833466451706735	0.0374417576667728	0.2867313530468123	0.2365018970942079	0.2049095043343783	0.0368826791859087	0.7575955936969212	12.0	-0.8740136355928942	0.9178654124804996	1.0	1.0	both	middle	0.604144527098831	0.49840595111583424												joint_grid_target
K562_essential_day7	ACH-000551	HYOU1	37.0	10691.0	1.0	310385.0	8563.0	h5ad_obs	supplementary	ctrl	verified_via_num_features_eq_1	num_features	5.431167905739304	0.0444574961719222	0.2675564429316856	0.2283022103258697	0.2021759775177766	0.0299853537470041	0.4740426954457941	10.0	-0.9939408734440468	0.9494477914261866	1.0	1.0	both	middle	0.7348565356004251	0.5696068012752391												joint_grid_target
K562_essential_day7	ACH-000551	HYPK	121.0	10691.0	1.0	310385.0	8563.0	h5ad_obs	supplementary	ctrl	verified_via_num_features_eq_1	num_features	3.9008297519843023	0.0310122318377184	0.2065680112234594	0.1792041950300119	0.1579309555309098	0.0337410979251483	0.412375767686834	1.0	-0.8829726220489929	0.9209420105188916	1.0	1.0	both	middle	0.4394261424017003	0.5042507970244421												joint_grid_target
K562_essential_day7	ACH-000551	IARS2	216.0	10691.0	1.0	310385.0	8563.0	h5ad_obs	supplementary	ctrl	verified_via_num_features_eq_1	num_features	5.96682385072277	0.0394124140668869	0.5334510087444639	0.4052198842767133	0.3240507595595801	0.0600346207781693	2.2497454950918048	67.0	-1.0873615138401025	0.965282911442575	1.0	1.0	both	middle	0.638682252922423	0.6243358129649309												joint_grid_target
K562_essential_day7	ACH-000551	ICE1	429.0	10691.0	1.0	310385.0	8563.0	h5ad_obs	supplementary	ctrl	verified_via_num_features_eq_1	num_features	4.679859574706223	0.0333640814697079	0.2985094214808205	0.2577237752018655	0.2260663823713172	0.0451044479488697	1.1734247763103465	23.0	-0.6236605292648576	0.7243840825119534	1.0	1.0	both	middle	0.5037194473963869	0.34537725823591925												joint_grid_target
K562_essential_day7	ACH-000551	IFITM2	150.0	10691.0	1.0	310385.0	8563.0	h5ad_obs	supplementary	ctrl	verified_via_num_features_eq_1	num_features	2.604440271476381	0.0214105207162807	0.1290266413425802	0.108308596246901	0.0960754155556841	0.0295379096479431	0.0786477218231951	1.0	-0.6256757571142133	0.7270622750233908	1.0	1.0	both	middle	0.10786397449521785	0.3459086078639745												joint_grid_target
K562_essential_day7	ACH-000551	IFITM3	20.0	10691.0	1.0	310385.0	8563.0	h5ad_obs	supplementary	ctrl	verified_via_num_features_eq_1	num_features	6.972248834192968	0.057735786334338	0.3024056095982305	0.2692819275755916	0.2453230280425904	0.0272336707518753	0.6275317665213294	31.0	-2.412820720172764	1.0	1.0	1.0	both	Q1_anchor	0.8963868225292242	0.9609458023379384												joint_grid_target
K562_essential_day7	ACH-000551	IGBP1	281.0	10691.0	1.0	310385.0	8563.0	h5ad_obs	supplementary	ctrl	verified_via_num_features_eq_1	num_features	5.231068178065363	0.0372427334328632	0.3543193925282054	0.2969522917340407	0.2551521678997474	0.0465574508073775	1.3064039276947683	41.0	-0.8402042271619373	0.9048016243003602	1.0	1.0	both	middle	0.599893730074389	0.47555791710945805												joint_grid_target
K562_essential_day7	ACH-000551	IK	289.0	10691.0	1.0	310385.0	8563.0	h5ad_obs	supplementary	ctrl	verified_via_num_features_eq_1	num_features	3.012423316565425	0.0231558542926294	0.1716960168372817	0.1517028431641071	0.1325197206454317	0.0382540104754579	0.3120916165531344	0.0	-1.7913330455078909	0.9993196759486724	1.0	1.0	both	Q3_dep_excess	0.16418703506907545	0.8655685441020191												joint_grid_target
K562_essential_day7	ACH-000551	ILF2	56.0	10691.0	1.0	310385.0	8563.0	h5ad_obs	supplementary	ctrl	verified_via_num_features_eq_1	num_features	5.927924731182651	0.0450771406511226	0.4008699095579008	0.3087914741823647	0.2605417677147492	0.0399993561928348	0.7932586893086206	30.0	-0.9263197376963416	0.933902088203054	1.0	1.0	both	middle	0.7470775770456961	0.526567481402763												joint_grid_target
K562_essential_day7	ACH-000551	ILF3	138.0	10691.0	1.0	310385.0	8563.0	h5ad_obs	supplementary	ctrl	verified_via_num_features_eq_1	num_features	4.483010835242389	0.0330634437000511	0.3676853315690809	0.2636580314846622	0.2097416613445358	0.04656257400228	0.5682291343275647	16.0	-1.1099393765756842	0.9685005901516304	1.0	1.0	both	middle	0.4973432518597237	0.6349628055260361												joint_grid_target
K562_essential_day7	ACH-000551	IMP3	27.0	10691.0	1.0	310385.0	8563.0	h5ad_obs	supplementary	ctrl	verified_via_num_features_eq_1	num_features	6.463676320573292	0.0522824572449857	0.3150076388639834	0.2744242560610862	0.2466254491011254	0.0306485946191926	0.8385422241319347	34.0	-1.080814860675137	0.9643167126397978	1.0	1.0	both	middle	0.8443145589798087	0.620616365568544												joint_grid_target
K562_essential_day7	ACH-000551	IMP4	164.0	10691.0	1.0	310385.0	8563.0	h5ad_obs	supplementary	ctrl	verified_via_num_features_eq_1	num_features	8.076419778551765	0.0591736363148324	0.5194540813114676	0.4481077654195198	0.3898824624165616	0.0442179161848705	4.586632023197799	168.0	-1.485128404566701	0.9904916016317702	1.0	1.0	both	Q1_anchor	0.9054197662061636	0.7863974495217854												joint_grid_target
K562_essential_day7	ACH-000551	IMPDH2	77.0	10691.0	1.0	310385.0	8563.0	h5ad_obs	supplementary	ctrl	verified_via_num_features_eq_1	num_features	5.837559450808248	0.0414846573139276	0.5158258166227867	0.3715165508634598	0.2936693661948674	0.0522919358219962	1.307520206387622	47.0	-0.714424650442905	0.8255092353732403	1.0	1.0	both	middle	0.6780021253985122	0.40488841657810837												joint_grid_target
K562_essential_day7	ACH-000551	INCENP	59.0	10691.0	1.0	310385.0	8563.0	h5ad_obs	supplementary	ctrl	verified_via_num_features_eq_1	num_features	4.943787060349074	0.038789029507848	0.2657466730680221	0.2334091388869154	0.2067221276470959	0.0351360553760493	0.8131512244048285	12.0	-1.4089684104669102	0.9890063352988396	1.0	1.0	both	middle	0.6280552603613178	0.7640807651434643												joint_grid_target
K562_essential_day7	ACH-000551	ING3	65.0	10691.0	1.0	310385.0	8563.0	h5ad_obs	supplementary	ctrl	verified_via_num_features_eq_1	num_features	4.501898461357421	0.0363403443929461	0.2487860023487561	0.2067463576719563	0.1778427327363785	0.0332194844958437	0.4093591010329174	5.0	-0.0495996136111975	0.0341763255093186	1.0	1.0	both	middle	0.5823591923485654	0.02975557917109458												joint_grid_target
K562_essential_day7	ACH-000551	INO80	151.0	10691.0	1.0	310385.0	8563.0	h5ad_obs	supplementary	ctrl	verified_via_num_features_eq_1	num_features	5.138945079347869	0.0368134316198234	0.4148530289593303	0.3184173210596269	0.2589496638729966	0.0505050077098389	0.7014307556723747	34.0	-0.6303430626933382	0.7332650192215708	1.0	1.0	both	middle	0.5913921360255048	0.35015940488841657												joint_grid_target
K562_essential_day7	ACH-000551	INO80B	116.0	10691.0	1.0	310385.0	8563.0	h5ad_obs	supplementary	ctrl	verified_via_num_features_eq_1	num_features	4.742385676312237	0.0353317264719451	0.3242644691369585	0.2676709272119084	0.2275320521937661	0.0442364639264559	0.4010552662688571	27.0	-0.352716138394069	0.2835212172466365	1.0	1.0	both	middle	0.555260361317747	0.15727948990435706												joint_grid_target
K562_essential_day7	ACH-000551	INTS1	211.0	10691.0	1.0	310385.0	8563.0	h5ad_obs	supplementary	ctrl	verified_via_num_features_eq_1	num_features	2.946248285361865	0.0226680036143624	0.2153398617721888	0.1667017630547045	0.1360889009885605	0.0429408839329532	0.1748332921444699	3.0	-0.9182067007447656	0.9316891227401408	1.0	1.0	both	middle	0.15249734325185973	0.5239107332624867												joint_grid_target
K562_essential_day7	ACH-000551	INTS2	354.0	10691.0	1.0	310385.0	8563.0	h5ad_obs	supplementary	ctrl	verified_via_num_features_eq_1	num_features	13.955127639537231	0.0947076102176551	0.9688026167796088	0.7940107481610406	0.6852557249157227	0.0489537046761698	9.242441056083903	765.0	-0.954006056750368	0.940843130580062	1.0	1.0	both	middle	0.9968119022316685	0.5478214665249734												joint_grid_target
K562_essential_day7	ACH-000551	INTS3	106.0	10691.0	1.0	310385.0	8563.0	h5ad_obs	supplementary	ctrl	verified_via_num_features_eq_1	num_features	5.901894074710315	0.0435134110241977	0.4093466022531141	0.3230138377747233	0.2736998047607155	0.0433453045772523	1.5303650035601652	45.0	-2.327851702718686	1.0	1.0	1.0	both	middle	0.7178533475026567	0.9609458023379384												joint_grid_target
K562_essential_day7	ACH-000551	INTS5	64.0	10691.0	1.0	310385.0	8563.0	h5ad_obs	supplementary	ctrl	verified_via_num_features_eq_1	num_features	10.88276719885869	0.0758444416688249	0.900170114495485	0.6675399324889958	0.5455322292913565	0.0513922405643666	4.418527817606041	395.0	-1.1330761890120815	0.9715945788093664	1.0	1.0	both	middle	0.9776833156216791	0.6461211477151966												joint_grid_target
K562_essential_day7	ACH-000551	INTS6	146.0	10691.0	1.0	310385.0	8563.0	h5ad_obs	supplementary	ctrl	verified_via_num_features_eq_1	num_features	3.313540238631704	0.026059306529043	0.1900808524983049	0.1596374158736884	0.1386744178804804	0.0357697491873732	0.1695293490530041	2.0	-0.3602216121626306	0.2946728461429488	1.0	1.0	both	middle	0.2763018065887354	0.16099893730074388												joint_grid_target
K562_essential_day7	ACH-000551	INTS7	79.0	10691.0	1.0	310385.0	8563.0	h5ad_obs	supplementary	ctrl	verified_via_num_features_eq_1	num_features	8.876702525803807	0.0638316302781031	0.6364719871407575	0.5017427894621508	0.4238679557596669	0.0458975246445222	3.0837842986491	236.0	-1.11713544913116	0.9694827085474724	1.0	1.0	both	middle	0.9330499468650372	0.6381509032943677												joint_grid_target
K562_essential_day7	ACH-000551	INTS8	323.0	10691.0	1.0	310385.0	8563.0	h5ad_obs	supplementary	ctrl	verified_via_num_features_eq_1	num_features	11.142632132821044	0.075141883149184	0.8452288527245331	0.6559256673382393	0.5531276137204792	0.050970232111086	5.360272547820006	474.0	-0.981638651336203	0.9469568478929412	1.0	1.0	both	middle	0.9766206163655685	0.5626992561105207												joint_grid_target
K562_essential_day7	ACH-000551	INTS9	229.0	10691.0	1.0	310385.0	8563.0	h5ad_obs	supplementary	ctrl	verified_via_num_features_eq_1	num_features	9.184973516260992	0.0650076804813356	0.5801990156552664	0.5025661582055394	0.4465502236211999	0.04514115122984	4.877978605431782	288.0	-1.7313854424742252	0.9984400725182336	1.0	1.0	both	Q1_anchor	0.9404888416578109	0.8544102019128587												joint_grid_target
K562_essential_day7	ACH-000551	IPO11	72.0	10691.0	1.0	310385.0	8563.0	h5ad_obs	supplementary	ctrl	verified_via_num_features_eq_1	num_features	4.224001509738237	0.0337204678382503	0.2485474066717804	0.1968702688178291	0.1674872207622266	0.0340902827395346	0.2814925209934902	4.0	-1.2510786914192364	0.983598109832298	1.0	1.0	both	middle	0.5127523910733263	0.7008501594048884												joint_grid_target
K562_essential_day7	ACH-000551	IPO13	51.0	10691.0	1.0	310385.0	8563.0	h5ad_obs	supplementary	ctrl	verified_via_num_features_eq_1	num_features	6.777468978537135	0.0506939901948748	0.5098825086440519	0.3868019046179041	0.3153719572828611	0.0445529215106624	1.4509225018344143	70.0	-1.7762805770959784	0.99914822945963	1.0	1.0	both	Q1_anchor	0.8219978746014878	0.8629117959617428												joint_grid_target
K562_essential_day7	ACH-000551	IPO7	75.0	10691.0	1.0	310385.0	8563.0	h5ad_obs	supplementary	ctrl	verified_via_num_features_eq_1	num_features	4.2687950959025	0.0333154102035082	0.2702041688610924	0.2089537613704581	0.1765181056167135	0.0366225928371497	0.2551283271613247	6.0	-1.173623728203673	0.9764900094215264	1.0	1.0	both	middle	0.502125398512221	0.6620616365568545												joint_grid_target
K562_essential_day7	ACH-000551	IPO9	187.0	10691.0	1.0	310385.0	8563.0	h5ad_obs	supplementary	ctrl	verified_via_num_features_eq_1	num_features	2.9659071409347484	0.0231060333529084	0.1976408587446573	0.1532637769816733	0.1278393931658711	0.0387309534605972	0.1556954277733702	4.0	-0.6197326931933306	0.7190760265467852	1.0	1.0	both	middle	0.16312433581296493	0.34378320935175344												joint_grid_target
K562_essential_day7	ACH-000551	ISCA2	232.0	10691.0	1.0	310385.0	8563.0	h5ad_obs	supplementary	ctrl	verified_via_num_features_eq_1	num_features	2.479099805945911	0.0197715797457953	0.1421207112629672	0.1155809419934493	0.0993728682253771	0.0341341363719129	0.1230043612378946	1.0	-0.5025851151786058	0.5333868542383006	1.0	1.0	both	middle	0.06004250797024442	0.25398512221041447												joint_grid_target
K562_essential_day7	ACH-000551	ISCU	58.0	10691.0	1.0	310385.0	8563.0	h5ad_obs	supplementary	ctrl	verified_via_num_features_eq_1	num_features	5.683942289572068	0.0442467075452233	0.3572499477026468	0.2841619564145387	0.2452081104053375	0.037499807181667	0.8155244467414562	25.0	-3.2993156150236627	1.0	1.0	1.0	both	middle	0.732731137088204	0.9609458023379384												joint_grid_target
K562_essential_day7	ACH-000551	ISG20L2	73.0	10691.0	1.0	310385.0	8563.0	h5ad_obs	supplementary	ctrl	verified_via_num_features_eq_1	num_features	6.33703120068162	0.0471674864542046	0.4342401216823542	0.3604034497668897	0.3034385881233272	0.0446159624831685	2.214879655950053	70.0	-0.901569679733361	0.9268726828125972	1.0	1.0	both	middle	0.7821466524973433	0.5159404888416578												joint_grid_target
K562_essential_day7	ACH-000551	ISY1	30.0	10691.0	1.0	310385.0	8563.0	h5ad_obs	supplementary	ctrl	verified_via_num_features_eq_1	num_features	6.513218586062034	0.0528909838143763	0.3206650173104339	0.280981298374688	0.2504986483673084	0.0310198597552202	0.8729073300960959	37.0	-1.5160451372294534	0.9913807084250464	1.0	1.0	both	Q1_anchor	0.8522848034006376	0.7922422954303932												joint_grid_target
K562_essential_day7	ACH-000551	JAZF1	209.0	10691.0	1.0	310385.0	8563.0	h5ad_obs	supplementary	ctrl	verified_via_num_features_eq_1	num_features	2.8781921381035014	0.0217298780745402	0.2326776225568242	0.1659418430058908	0.1309594833184782	0.0445905346842954	0.1595722632261811	6.0	-0.4952955644018865	0.520710912112012	1.0	1.0	both	Q4_low_info	0.1206163655685441	0.24973432518597238												joint_grid_target
K562_essential_day7	ACH-000551	JMJD6	193.0	10691.0	1.0	310385.0	8563.0	h5ad_obs	supplementary	ctrl	verified_via_num_features_eq_1	num_features	2.6480845400187034	0.0214723335543321	0.1315678059293965	0.1116186473620144	0.0995897762644091	0.0303529964173819	0.1000502404599341	0.0	-0.4594232950012271	0.4580795385074583	1.0	1.0	both	Q4_low_info	0.11158342189160468	0.22741764080765142												joint_grid_target
K562_essential_day7	ACH-000551	KANSL1	51.0	10691.0	1.0	310385.0	8563.0	h5ad_obs	supplementary	ctrl	verified_via_num_features_eq_1	num_features	8.222203613030075	0.0644198742145589	0.4423382171668982	0.3766208769603495	0.3343024342348006	0.0341372535733168	2.292498750628744	154.0	-0.6340720830765564	0.7380969229560961	1.0	1.0	both	middle	0.9357066950053134	0.3522848034006376												joint_grid_target
K562_essential_day7	ACH-000551	KANSL2	158.0	10691.0	1.0	310385.0	8563.0	h5ad_obs	supplementary	ctrl	verified_via_num_features_eq_1	num_features	7.20229901037731	0.0543786668342208	0.4610685097007169	0.3682150458035807	0.3183007042075975	0.0395382128152516	2.079373888735992	106.0	-0.9831623592272648	0.9472677035767476	1.0	1.0	both	middle	0.869287991498406	0.563230605738576												joint_grid_target
K562_essential_day7	ACH-000551	KANSL3	187.0	10691.0	1.0	310385.0	8563.0	h5ad_obs	supplementary	ctrl	verified_via_num_features_eq_1	num_features	5.564916577872804	0.0416823908672332	0.3550767001818912	0.2884344514297104	0.2506461141536033	0.0404053219008327	1.0833519238257292	28.0	-1.547810364852098	0.9924641387777008	1.0	1.0	both	middle	0.6806588735387885	0.8007438894792773												joint_grid_target
K562_essential_day7	ACH-000551	KAT5	118.0	10691.0	1.0	310385.0	8563.0	h5ad_obs	supplementary	ctrl	verified_via_num_features_eq_1	num_features	3.145917567063515	0.025620776138218	0.169028561895927	0.1363980640393539	0.1186988050740929	0.0310856522780102	0.1454673310139469	2.0	-0.4689395508893662	0.4746841619749416	1.0	1.0	both	middle	0.25770456960680127	0.2316684378320935												joint_grid_target
K562_essential_day7	ACH-000551	KAT8	287.0	10691.0	1.0	310385.0	8563.0	h5ad_obs	supplementary	ctrl	verified_via_num_features_eq_1	num_features	5.057889128358847	0.0381808387171266	0.3185566026268687	0.2653552111902611	0.229400821458564	0.0405813244511546	0.9707747359541852	21.0	-0.9887057824853224	0.9483986320425124	1.0	1.0	both	middle	0.6184909670563231	0.5690754516471839												joint_grid_target
K562_essential_day7	ACH-000551	KATNB1	178.0	10691.0	1.0	310385.0	8563.0	h5ad_obs	supplementary	ctrl	verified_via_num_features_eq_1	num_features	2.620367815903585	0.0214664154844769	0.116612575648961	0.1048975245223132	0.0954172911953132	0.0285331532382231	0.1073837354434257	0.0	-0.1156030767307076	0.0588604356327898	1.0	1.0	both	Q4_low_info	0.1099893730074389	0.04782146652497343												joint_grid_target
K562_essential_day7	ACH-000551	KCMF1	154.0	10691.0	1.0	310385.0	8563.0	h5ad_obs	supplementary	ctrl	verified_via_num_features_eq_1	num_features	3.1331245204954614	0.024695051979644	0.2014562113069316	0.1567594084526541	0.1327259267935008	0.0370653180990586	0.2272317265268562	4.0	-0.7025998718082376	0.8147169021944223	1.0	1.0	both	middle	0.22316684378320936	0.4027630180658874												joint_grid_target
K562_essential_day7	ACH-000551	KCNA10	147.0	10691.0	1.0	310385.0	8563.0	h5ad_obs	supplementary	ctrl	verified_via_num_features_eq_1	num_features	2.6600171708171865	0.021944401277578	0.1172708263283519	0.107266225179492	0.0973572868276546	0.028541929013033	0.1056922410460305	0.0	-0.7277559164505389	0.8368965547151499	1.0	1.0	both	middle	0.12858660998937302	0.4117959617428268												joint_grid_target
K562_essential_day7	ACH-000551	KCTD10	76.0	10691.0	1.0	310385.0	8563.0	h5ad_obs	supplementary	ctrl	verified_via_num_features_eq_1	num_features	6.286316656016863	0.0479217593908594	0.347709248328834	0.3018945652644064	0.2695552188307389	0.0367846476924356	1.681114425257304	55.0	-0.5148230602358894	0.5545124919402472	1.0	1.0	both	middle	0.7895855472901169	0.26620616365568545												joint_grid_target
K562_essential_day7	ACH-000551	KDM2A	117.0	10691.0	1.0	310385.0	8563.0	h5ad_obs	supplementary	ctrl	verified_via_num_features_eq_1	num_features	3.038405996847666	0.0249862546221707	0.1279174918677153	0.1166684922691513	0.106903169240387	0.0272644338800254	0.1101207522539873	0.0	-0.5193693524833971	0.5623124252616785	1.0	1.0	both	middle	0.23698193411264612	0.27098831030818277												joint_grid_target
K562_essential_day7	ACH-000551	KDM8	56.0	10691.0	1.0	310385.0	8563.0	h5ad_obs	supplementary	ctrl	verified_via_num_features_eq_1	num_features	4.236517043433089	0.0347462235832342	0.2002813674743856	0.1750097067408335	0.1564704910160082	0.0294102412821687	0.2570956931036399	1.0	-0.3959010741031254	0.3504838319373878	1.0	1.0	both	middle	0.5382571732199788	0.18278427205100956												joint_grid_target
K562_essential_day7	ACH-000551	KIAA1143	198.0	10691.0	1.0	310385.0	8563.0	h5ad_obs	supplementary	ctrl	verified_via_num_features_eq_1	num_features	2.43762980277521	0.0197577693865764	0.1260118907884179	0.1046829050515056	0.0920875072332925	0.0309372647958581	0.1004544863707668	1.0	-0.8434625882336089	0.9061695981556352	1.0	1.0	both	middle	0.05951115834218916	0.4782146652497343												joint_grid_target
K562_essential_day7	ACH-000551	KIF11	974.0	10691.0	1.0	310385.0	8563.0	h5ad_obs	supplementary	ctrl	verified_via_num_features_eq_1	num_features	1.171969809954535	0.0094290877283091	0.0667482377622274	0.0532135744718563	0.0458304035173699	0.0329531409748696	0.0254384011873582	0.0	-3.3673144399799444	1.0	1.0	1.0	both	Q3_dep_excess	0.0005313496280552603	0.9609458023379384												joint_grid_target
K562_essential_day7	ACH-000551	KIF14	118.0	10691.0	1.0	310385.0	8563.0	h5ad_obs	supplementary	ctrl	verified_via_num_features_eq_1	num_features	2.926250386079999	0.0239279167764943	0.1362951654735394	0.1174890793972223	0.1065059430920949	0.0286705927357907	0.106422207322181	1.0	-0.285357768530609	0.1942714898351801	1.0	1.0	both	Q4_low_info	0.19287991498405951	0.12699256110520724												joint_grid_target
K562_essential_day7	ACH-000551	KIF18A	47.0	10691.0	1.0	310385.0	8563.0	h5ad_obs	supplementary	ctrl	verified_via_num_features_eq_1	num_features	4.705142449244251	0.038897426904575	0.2018452802329673	0.1816725215101018	0.1655174506450227	0.0272717138226492	0.2649495806573352	0.0	-0.1261970798219645	0.0640020570514143	1.0	1.0	both	middle	0.6301806588735388	0.05100956429330499												joint_grid_target
K562_essential_day7	ACH-000551	KIF18B	122.0	10691.0	1.0	310385.0	8563.0	h5ad_obs	supplementary	ctrl	verified_via_num_features_eq_1	num_features	3.4890830406262747	0.0272501065277535	0.2200680473757528	0.1716231030006577	0.146171948367105	0.0367749089224952	0.3603791189425536	3.0	-0.2624950458046956	0.1686499837341344	1.0	1.0	both	middle	0.31721572794899044	0.11105207226354942												joint_grid_target
K562_essential_day7	ACH-000551	KIF20A	96.0	10691.0	1.0	310385.0	8563.0	h5ad_obs	supplementary	ctrl	verified_via_num_features_eq_1	num_features	5.523623037694878	0.0400377723691415	0.4586369030799693	0.3273543811923547	0.2636537457887982	0.0477410879747493	1.1352086995458723	27.0	-0.6787495948094406	0.7907504907664219	1.0	1.0	both	middle	0.6503719447396387	0.38629117959617426												joint_grid_target
K562_essential_day7	ACH-000551	KIF23	87.0	10691.0	1.0	310385.0	8563.0	h5ad_obs	supplementary	ctrl	verified_via_num_features_eq_1	num_features	3.588056390872283	0.0290508781358216	0.1849322229369522	0.1548720434378476	0.1372122154536236	0.0311284735292931	0.2851200944125587	3.0	-1.489350319643837	0.9906016977944494	1.0	1.0	both	middle	0.38257173219978746	0.7874601487778958												joint_grid_target
K562_essential_day7	ACH-000551	KIF4A	129.0	10691.0	1.0	310385.0	8563.0	h5ad_obs	supplementary	ctrl	verified_via_num_features_eq_1	num_features	2.8584090334792944	0.0234305006867946	0.1504978906701037	0.1230715341617502	0.1073398622515151	0.0306704469989925	0.0949904594655706	1.0	-0.5049518460702047	0.5374814798640559	1.0	1.0	both	middle	0.17534537725823593	0.25823591923485656												joint_grid_target
K562_essential_day7	ACH-000551	KIN	160.0	10691.0	1.0	310385.0	8563.0	h5ad_obs	supplementary	ctrl	verified_via_num_features_eq_1	num_features	4.5002027815886825	0.0338912177741351	0.3077696931904363	0.2469814322445157	0.2098604874916593	0.042552118913147	0.8087148221353928	16.0	-0.9677304060494994	0.9439648102475688	1.0	1.0	both	middle	0.5180658873538788	0.5547290116896918												joint_grid_target
K562_essential_day7	ACH-000551	KLC2	127.0	10691.0	1.0	310385.0	8563.0	h5ad_obs	supplementary	ctrl	verified_via_num_features_eq_1	num_features	2.819005179406892	0.0232892473863321	0.1236520086623697	0.1100055780686844	0.1001988466716327	0.0275805748490824	0.0886904098021279	0.0	-0.6153723841564335	0.7130717115489454	1.0	1.0	both	middle	0.1689691817215728	0.3390010626992561												joint_grid_target
K562_essential_day7	ACH-000551	KLF7	173.0	10691.0	1.0	310385.0	8563.0	h5ad_obs	supplementary	ctrl	verified_via_num_features_eq_1	num_features	2.4952398207989326	0.0204690798730924	0.1238200073682596	0.1051564452133716	0.0931442966566402	0.0299972633678895	0.0668379589064933	1.0	-0.3278128993423343	0.2482092721675393	1.0	1.0	both	Q4_low_info	0.07863974495217853	0.1487778958554729												joint_grid_target
K562_essential_day7	ACH-000551	KLHL11	125.0	10691.0	1.0	310385.0	8563.0	h5ad_obs	supplementary	ctrl	verified_via_num_features_eq_1	num_features	2.8581958840856245	0.0234326286468117	0.1271198890884116	0.1149135298711322	0.1038222770512349	0.0286348040566034	0.092771779767558	0.0	-0.4419656665591597	0.4278019436731043	1.0	1.0	both	Q4_low_info	0.1758767268862912	0.21785334750265675												joint_grid_target
K562_essential_day7	ACH-000551	KPNA6	78.0	10691.0	1.0	310385.0	8563.0	h5ad_obs	supplementary	ctrl	verified_via_num_features_eq_1	num_features	4.55624811061933	0.0359327337910523	0.2913548116624156	0.2335301217466651	0.1974064200956344	0.0379486828000061	0.3065986756286047	12.0	0.1308034849547484	0.007164062813357	1.0	1.0	both	middle	0.573326248671626	0.006376195536663124												joint_grid_target
K562_essential_day7	ACH-000551	KPNB1	366.0	10691.0	1.0	310385.0	8563.0	h5ad_obs	supplementary	ctrl	verified_via_num_features_eq_1	num_features	5.469708136656568	0.038230632534177	0.4103834697118114	0.3358006045905674	0.2824490617578176	0.0512877976551567	1.0836658752536683	58.0	-3.1412099052726767	1.0	1.0	1.0	both	middle	0.6195536663124336	0.9609458023379384												joint_grid_target
K562_essential_day7	ACH-000551	KRI1	52.0	10691.0	1.0	310385.0	8563.0	h5ad_obs	supplementary	ctrl	verified_via_num_features_eq_1	num_features	7.061810604835188	0.054004003690687	0.4268941230554276	0.3596443335567449	0.3114219430145715	0.0388858256054604	2.612747607180861	88.0	-1.0539045057448992	0.960136716780765	1.0	1.0	both	middle	0.8660998937300743	0.6078639744952179												joint_grid_target
K562_essential_day7	ACH-000551	KRR1	449.0	10691.0	1.0	310385.0	8563.0	h5ad_obs	supplementary	ctrl	verified_via_num_features_eq_1	num_features	6.691217417789637	0.0467249116396709	0.4814958015077894	0.4104260614819109	0.3522984709655075	0.0512897404830758	3.352294388338475	115.0	-1.3780692101530356	0.9885106903964644	1.0	1.0	both	Q1_anchor	0.7731137088204039	0.7534537725823592												joint_grid_target
K562_essential_day7	ACH-000551	KRT10	182.0	10691.0	1.0	310385.0	8563.0	h5ad_obs	supplementary	ctrl	verified_via_num_features_eq_1	num_features	2.439661733564607	0.0197217304357542	0.1390367518889023	0.1072094096564712	0.0909966866422907	0.0317418289146682	0.0582836132475712	2.0	-0.5259191143832282	0.5734691218963033	1.0	1.0	both	middle	0.05791710945802338	0.2778958554729012												joint_grid_target
K562_essential_day7	ACH-000551	KRTAP4-2	132.0	10691.0	1.0	310385.0	8563.0	h5ad_obs	supplementary	ctrl	verified_via_num_features_eq_1	num_features	2.7464075984170178	0.0226968406400188	0.1214470798916646	0.1083752039074951	0.0980968247914832	0.0278810149659755	0.0702677888527478	0.0	-0.7716291009740401	0.8688852399854401	1.0	1.0	both	middle	0.15356004250797026	0.436769394261424												joint_grid_target
K562_essential_day7	ACH-000551	KTI12	52.0	10691.0	1.0	310385.0	8563.0	h5ad_obs	supplementary	ctrl	verified_via_num_features_eq_1	num_features	4.346381808831111	0.036145287038029	0.187774903333393	0.1680999324189072	0.1533565940512262	0.0271556324084581	0.1624876852129979	1.0	-0.7446207368905087	0.8501503083119911	1.0	1.0	both	middle	0.5781083953241233	0.422422954303932												joint_grid_target
K562_essential_day7	ACH-000551	KXD1	101.0	10691.0	1.0	310385.0	8563.0	h5ad_obs	supplementary	ctrl	verified_via_num_features_eq_1	num_features	3.581746954426472	0.0289360955525413	0.1987064349727947	0.1578873454438022	0.1360253731035881	0.0318604168351939	0.1935140003398032	3.0	-0.4193729658847425	0.3892952643930894	1.0	1.0	both	middle	0.3793836344314559	0.1997874601487779												joint_grid_target
K562_essential_day7	ACH-000551	LAMTOR2	66.0	10691.0	1.0	310385.0	8563.0	h5ad_obs	supplementary	ctrl	verified_via_num_features_eq_1	num_features	5.405800060157807	0.0422614354078207	0.3141447268221432	0.2653652150830372	0.2311002736205678	0.0366643348084504	0.8366688226539853	26.0	-0.0758162031908713	0.0425930243798044	1.0	1.0	both	middle	0.691817215727949	0.03719447396386823												joint_grid_target
K562_essential_day7	ACH-000551	LAMTOR3	40.0	10691.0	1.0	310385.0	8563.0	h5ad_obs	supplementary	ctrl	verified_via_num_features_eq_1	num_features	5.549997815175741	0.0437087797398327	0.3715752312974395	0.2776325254633689	0.2291157617507298	0.0370890510647218	0.5151771135248548	18.0	-0.236377196661296	0.1424429013077875	1.0	1.0	both	middle	0.7231668437832094	0.09723698193411265												joint_grid_target
K562_essential_day7	ACH-000551	LAMTOR4	136.0	10691.0	1.0	310385.0	8563.0	h5ad_obs	supplementary	ctrl	verified_via_num_features_eq_1	num_features	3.835976308665943	0.0292248746842323	0.2671340969579743	0.2020466100810257	0.1678698378277049	0.0403685333399135	0.3699929989315436	6.0	-0.0604650241392782	0.0374514233799796	1.0	1.0	both	middle	0.38682252922422955	0.032412327311370885												joint_grid_target
K562_essential_day7	ACH-000551	LARS2	149.0	10691.0	1.0	310385.0	8563.0	h5ad_obs	supplementary	ctrl	verified_via_num_features_eq_1	num_features	2.7324546396763187	0.0223002819329479	0.141774661156769	0.1179092710260204	0.1041772373884711	0.0308732010410374	0.1282694566195665	1.0	-0.5572188497099603	0.6254368878631966	1.0	1.0	both	middle	0.14133900106269925	0.30233793836344314												joint_grid_target
K562_essential_day7	ACH-000551	LAS1L	83.0	10691.0	1.0	310385.0	8563.0	h5ad_obs	supplementary	ctrl	verified_via_num_features_eq_1	num_features	4.506922297770505	0.0348910791799551	0.2823797199956348	0.2298457049230127	0.1963788071796564	0.0384650277898743	0.8151035620406155	10.0	-0.8446921298942942	0.9066732661127676	1.0	1.0	both	middle	0.5435706695005313	0.47874601487778956												joint_grid_target
K562_essential_day7	ACH-000551	LCN10	81.0	10691.0	1.0	310385.0	8563.0	h5ad_obs	supplementary	ctrl	verified_via_num_features_eq_1	num_features	3.6486404765554106	0.0303248694180572	0.1565565006924291	0.1417709854353436	0.1291659160314709	0.0272981036851234	0.1805463944041783	0.0	-0.1390993380398314	0.070756304124858	1.0	1.0	both	middle	0.41764080765143463	0.05472901168969182												joint_grid_target
K562_essential_day7	ACH-000551	LENG8	121.0	10691.0	1.0	310385.0	8563.0	h5ad_obs	supplementary	ctrl	verified_via_num_features_eq_1	num_features	3.5167959388539543	0.0271041560908641	0.2556996342642642	0.1864172570770055	0.1513386416581151	0.0401600536312447	0.1745907267029363	6.0	-0.7018582884887439	0.8140313918349027	1.0	1.0	both	middle	0.31296493092454836	0.40063761955366634												joint_grid_target
K562_essential_day7	ACH-000551	LETM1	124.0	10691.0	1.0	310385.0	8563.0	h5ad_obs	supplementary	ctrl	verified_via_num_features_eq_1	num_features	4.277626173593128	0.0317770730559037	0.3413151822755363	0.257184337606248	0.2075818849380304	0.0472579289081453	0.7906474449136116	21.0	-1.6786676069499986	0.9971596361190947	1.0	1.0	both	middle	0.4580233793836344	0.8416578108395324												joint_grid_target
K562_essential_day7	ACH-000551	LIN54	306.0	10691.0	1.0	310385.0	8563.0	h5ad_obs	supplementary	ctrl	verified_via_num_features_eq_1	num_features	2.023262523780291	0.0164647121416152	0.1046722360706747	0.0868626309737103	0.0768316496354577	0.0308051194853515	0.0572482877319462	0.0	-0.1865680570681627	0.1008920612136276	1.0	1.0	both	Q4_low_info	0.013283740701381509	0.07332624867162593												joint_grid_target
K562_essential_day7	ACH-000551	LONP1	128.0	10691.0	1.0	310385.0	8563.0	h5ad_obs	supplementary	ctrl	verified_via_num_features_eq_1	num_features	4.559279829354807	0.0325159281030376	0.4397565510661847	0.2933445349784388	0.2250121803503065	0.0526775911701119	0.7609555825117855	20.0	-2.714801694936351	1.0	1.0	1.0	both	middle	0.4798087141339001	0.9609458023379384												joint_grid_target
K562_essential_day7	ACH-000551	LPA	119.0	10691.0	1.0	310385.0	8563.0	h5ad_obs	supplementary	ctrl	verified_via_num_features_eq_1	num_features	2.985982411566768	0.0246486652881477	0.1377429172082036	0.1207842363358021	0.1090663560630925	0.028612836332897	0.1341112200363419	0.0	-0.0219636540175303	0.0269725115139428	1.0	1.0	both	Q4_low_info	0.22104144527098832	0.020722635494155154												joint_grid_target
K562_essential_day7	ACH-000551	LRPPRC	110.0	10691.0	1.0	310385.0	8563.0	h5ad_obs	supplementary	ctrl	verified_via_num_features_eq_1	num_features	7.810390351284559	0.0361864567084907	1.1639847148132731	0.5939818085481837	0.3828381670120599	0.0958453713898272	1.9422056783048145	25.0	-1.349017519260635	0.9879297592645268	1.0	1.0	both	middle	0.5791710945802337	0.742826780021254												joint_grid_target
K562_essential_day7	ACH-000551	LRR1	122.0	10691.0	1.0	310385.0	8563.0	h5ad_obs	supplementary	ctrl	verified_via_num_features_eq_1	num_features	3.227560412657123	0.0259696697591358	0.184301612148714	0.1463716203618116	0.1266750547960867	0.0329105025338622	0.232189066912575	2.0	-2.407267892392273	1.0	1.0	1.0	both	middle	0.27417640807651433	0.9609458023379384												joint_grid_target
K562_essential_day7	ACH-000551	LRRC37A3	114.0	10691.0	1.0	310385.0	8563.0	h5ad_obs	supplementary	ctrl	verified_via_num_features_eq_1	num_features	2.961233680399277	0.0246067710393042	0.1289970632879364	0.1141444173261676	0.1038842368616018	0.0270859521903509	0.0979224126507425	0.0	-0.3397442804933328	0.2647979109062529	1.0	1.0	both	Q4_low_info	0.2199787460148778	0.153028692879915												joint_grid_target
K562_essential_day7	ACH-000551	LRRC37B	109.0	10691.0	1.0	310385.0	8563.0	h5ad_obs	supplementary	ctrl	verified_via_num_features_eq_1	num_features	3.233268459432834	0.0258829353768343	0.1793776200746216	0.1409052696743004	0.1217604299793572	0.0317876020743988	0.1038373645388084	3.0	-0.4119579651094525	0.3768622557960042	1.0	1.0	both	middle	0.2720510095642933	0.19341126461211477												joint_grid_target
K562_essential_day7	ACH-000551	LSG1	116.0	10691.0	1.0	310385.0	8563.0	h5ad_obs	supplementary	ctrl	verified_via_num_features_eq_1	num_features	6.032529830787454	0.0433555452503052	0.4378891860554968	0.3611217235435729	0.3021561413144119	0.0486354593953331	2.432014726886676	69.0	-0.8026709287212381	0.8869580686755408	1.0	1.0	both	middle	0.7146652497343252	0.45536663124335813												joint_grid_target
K562_essential_day7	ACH-000551	LSM10	135.0	10691.0	1.0	310385.0	8563.0	h5ad_obs	supplementary	ctrl	verified_via_num_features_eq_1	num_features	4.211558349882021	0.0283286503599272	0.4224309649535167	0.2612072391572462	0.1927893868865156	0.0538397934333059	0.8065517814298264	12.0	-0.4417128078833033	0.4273645666084373	1.0	1.0	both	middle	0.3602550478214665	0.21625929861849097												joint_grid_target
K562_essential_day7	ACH-000551	LSM11	130.0	10691.0	1.0	310385.0	8563.0	h5ad_obs	supplementary	ctrl	verified_via_num_features_eq_1	num_features	5.134208913008346	0.035850379334483	0.4652749972117741	0.3094372419717203	0.2416957616134493	0.0503991122329333	1.3532488385744603	19.0	-0.4926698070748994	0.5161411521822762	1.0	1.0	both	middle	0.5712008501594049	0.24495217853347503												joint_grid_target
K562_essential_day7	ACH-000551	LSM12	63.0	10691.0	1.0	310385.0	8563.0	h5ad_obs	supplementary	ctrl	verified_via_num_features_eq_1	num_features	4.789213487638883	0.0384607153432593	0.24673352735786	0.2110903808688548	0.1869441428752493	0.0320475730567165	0.5154717056030567	3.0	-0.398556941564973	0.3547974201080442	1.0	1.0	both	middle	0.6227417640807651	0.18544102019128586												joint_grid_target
K562_essential_day7	ACH-000551	LSM2	357.0	10691.0	1.0	310385.0	8563.0	h5ad_obs	supplementary	ctrl	verified_via_num_features_eq_1	num_features	8.411118393756428	0.0584028789975712	0.541294925865816	0.4702368017010074	0.4155587798682386	0.0470139151113695	4.265252576191807	225.0	-2.5630946197103954	1.0	1.0	1.0	both	Q1_anchor	0.9006376195536663	0.9609458023379384												joint_grid_target
K562_essential_day7	ACH-000551	LSM3	74.0	10691.0	1.0	310385.0	8563.0	h5ad_obs	supplementary	ctrl	verified_via_num_features_eq_1	num_features	6.852346215534854	0.0508765461097165	0.444896002153107	0.3639282253384855	0.3106311194944641	0.0417678556780025	2.2240168686000352	81.0	-2.441050059393371	1.0	1.0	1.0	both	Q1_anchor	0.8262486716259299	0.9609458023379384												joint_grid_target
K562_essential_day7	ACH-000551	LSM4	84.0	10691.0	1.0	310385.0	8563.0	h5ad_obs	supplementary	ctrl	verified_via_num_features_eq_1	num_features	7.062321462807418	0.0516831269837121	0.4557170903672526	0.3776998298397722	0.3259184183880926	0.0426719085476518	2.390918038205374	107.0	-1.403735315588221	0.9889252778731898	1.0	1.0	both	Q1_anchor	0.8363443145589798	0.7624867162592986												joint_grid_target
K562_essential_day7	ACH-000551	LSM5	202.0	10691.0	1.0	310385.0	8563.0	h5ad_obs	supplementary	ctrl	verified_via_num_features_eq_1	num_features	3.638578104405017	0.0272147730182203	0.244971305630314	0.1928241298576648	0.1625519535743576	0.0413714482478512	0.5023450695756431	4.0	-0.9684656009996068	0.9441279614287316	1.0	1.0	both	middle	0.31562167906482463	0.555260361317747												joint_grid_target
K562_essential_day7	ACH-000551	LSM6	461.0	10691.0	1.0	310385.0	8563.0	h5ad_obs	supplementary	ctrl	verified_via_num_features_eq_1	num_features	8.682357589391565	0.059782194619862	0.5416324643155732	0.4812076555210415	0.429988211195219	0.0470007441610384	4.548735824027313	257.0	-0.8312723751459026	0.9009170211908664	1.0	1.0	both	middle	0.9117959617428267	0.4707757704569607												joint_grid_target
K562_essential_day7	ACH-000551	LSM7	140.0	10691.0	1.0	310385.0	8563.0	h5ad_obs	supplementary	ctrl	verified_via_num_features_eq_1	num_features	6.529314600800557	0.0468781007217458	0.4461013083788255	0.3631373516188257	0.3129547183297307	0.0452319149373318	2.3359686261384685	91.0	-2.242353209938527	1.0	1.0	1.0	both	Q1_anchor	0.7768331562167906	0.9609458023379384												joint_grid_target
K562_essential_day7	ACH-000551	LST1	149.0	10691.0	1.0	310385.0	8563.0	h5ad_obs	supplementary	ctrl	verified_via_num_features_eq_1	num_features	2.7239762323348065	0.0222293000081709	0.1367345533587262	0.1156398613872785	0.1023844661711278	0.0303756678729328	0.1100350384050141	0.0	-0.8250989220758491	0.8980756570133972	1.0	1.0	both	middle	0.13974495217853347	0.46865037194473963												joint_grid_target
K562_essential_day7	ACH-000551	LTB4R2	188.0	10691.0	1.0	310385.0	8563.0	h5ad_obs	supplementary	ctrl	verified_via_num_features_eq_1	num_features	2.339138832111278	0.0193131904034337	0.1118834191778941	0.0948201128291366	0.0843220068877534	0.0286675452027393	0.0716997103642871	0.0	0.2298300865121168	0.0030653701383078	1.0	1.0	both	Q4_low_info	0.04782146652497343	0.0021253985122210413												joint_grid_target
K562_essential_day7	ACH-000551	LTBP3	157.0	10691.0	1.0	310385.0	8563.0	h5ad_obs	supplementary	ctrl	verified_via_num_features_eq_1	num_features	2.542271243362088	0.0210425084139641	0.1057253864313594	0.0966378129992933	0.0893024157929971	0.0268159781896846	0.0823788134966285	0.0	-0.5456295031946639	0.6064992804878067	1.0	1.0	both	middle	0.09404888416578108	0.29277364505844844												joint_grid_target
K562_essential_day7	ACH-000551	LTV1	318.0	10691.0	1.0	310385.0	8563.0	h5ad_obs	supplementary	ctrl	verified_via_num_features_eq_1	num_features	7.046427626420467	0.0505947667867293	0.4731294791428615	0.4027846180273808	0.3483908330239479	0.0464848398229874	3.485062296676249	116.0	-0.8390192189416319	0.904287261671823	1.0	1.0	both	middle	0.820403825717322	0.47449521785334753												joint_grid_target
K562_essential_day7	ACH-000551	LUC7L3	45.0	10691.0	1.0	310385.0	8563.0	h5ad_obs	supplementary	ctrl	verified_via_num_features_eq_1	num_features	7.433920425493156	0.0558987586263902	0.5584045735148758	0.4299833862657396	0.3499226963615253	0.0449152242692243	1.2344751647826246	102.0	-2.3452837132027264	1.0	1.0	1.0	both	Q1_anchor	0.8799149840595112	0.9609458023379384												joint_grid_target
K562_essential_day7	ACH-000551	LURAP1	71.0	10691.0	1.0	310385.0	8563.0	h5ad_obs	supplementary	ctrl	verified_via_num_features_eq_1	num_features	3.7761135457366	0.0313858429623448	0.1566565308502367	0.1439246496179494	0.1334906365530084	0.0267759842392054	0.1313362377193794	0.0	-0.2147970888981624	0.1231012101168649	1.0	1.0	both	middle	0.44845908607863977	0.08395324123273114												joint_grid_target
K562_essential_day7	ACH-000551	LYRM4	70.0	10691.0	1.0	310385.0	8563.0	h5ad_obs	supplementary	ctrl	verified_via_num_features_eq_1	num_features	3.94305645749514	0.0319280189763802	0.2074588276473324	0.1699807983393239	0.1499476470362586	0.0310865088805436	0.2431512982964356	4.0	-1.652913847987752	0.9963567776738234	1.0	1.0	both	middle	0.4638682252922423	0.8336875664187035												joint_grid_target
K562_essential_day7	ACH-000551	MAD2L1	154.0	10691.0	1.0	310385.0	8563.0	h5ad_obs	supplementary	ctrl	verified_via_num_features_eq_1	num_features	3.7185895430723614	0.0281490332266226	0.2496096199936264	0.1944878277775267	0.1635745243679667	0.0403434470178628	0.485462052155686	7.0	-0.8220012418796208	0.8966499334446033	1.0	1.0	both	middle	0.3528161530286929	0.4665249734325186												joint_grid_target
K562_essential_day7	ACH-000551	MAD2L2	200.0	10691.0	1.0	310385.0	8563.0	h5ad_obs	supplementary	ctrl	verified_via_num_features_eq_1	num_features	2.4122474380063896	0.0190952938136331	0.1573686761061269	0.1137485778391022	0.0942032800174514	0.0347827320136099	0.0676840668361364	2.0	-1.3323086384259883	0.9874969754097112	1.0	1.0	both	middle	0.04303931987247609	0.7375132837407014												joint_grid_target
K562_essential_day7	ACH-000551	MAGOH	242.0	10691.0	1.0	310385.0	8563.0	h5ad_obs	supplementary	ctrl	verified_via_num_features_eq_1	num_features	5.07217183436331	0.0356544519034718	0.4603248764879066	0.3383953453230355	0.2642153166284315	0.0554184884672535	1.0554356148163304	34.0	-0.5429963410984209	0.6021582891830789	1.0	1.0	both	middle	0.5648246546227418	0.2911795961742827												joint_grid_target
K562_essential_day7	ACH-000551	MAK16	213.0	10691.0	1.0	310385.0	8563.0	h5ad_obs	supplementary	ctrl	verified_via_num_features_eq_1	num_features	5.604860265117827	0.0398708174610576	0.4044796531918768	0.336036023922138	0.2838785368388613	0.0492124240671204	2.211204803382122	61.0	-1.9823580584901044	0.9999831616701188	1.0	1.0	both	middle	0.6466524973432518	0.8995749202975558												joint_grid_target
K562_essential_day7	ACH-000551	MANF	142.0	10691.0	1.0	310385.0	8563.0	h5ad_obs	supplementary	ctrl	verified_via_num_features_eq_1	num_features	2.7654377536310832	0.0226445578545461	0.1480202030110803	0.1192656343573549	0.1031228645765082	0.0307535699836849	0.0737369083914387	2.0	0.0328517863336452	0.0167598659704307	1.0	1.0	both	Q4_low_info	0.1503719447396387	0.011689691817215728												joint_grid_target
K562_essential_day7	ACH-000551	MARS2	75.0	10691.0	1.0	310385.0	8563.0	h5ad_obs	supplementary	ctrl	verified_via_num_features_eq_1	num_features	3.840483579623782	0.0314938929346757	0.1943721586033415	0.1610459394336681	0.1417620425019116	0.02985846606276	0.2441724857844445	2.0	-2.0435319618055336	0.999996616222786	1.0	1.0	both	middle	0.45111583421891605	0.9117959617428267												joint_grid_target
K562_essential_day7	ACH-000551	MASTL	112.0	10691.0	1.0	310385.0	8563.0	h5ad_obs	supplementary	ctrl	verified_via_num_features_eq_1	num_features	3.223475221294097	0.0262609942060422	0.1511101416683009	0.133444570723253	0.1212260797357749	0.0296711108025791	0.2022338807715087	0.0	-1.6953753803454836	0.9976187915098708	1.0	1.0	both	middle	0.2826780021253985	0.844845908607864												joint_grid_target
K562_essential_day7	ACH-000551	MAT2A	52.0	10691.0	1.0	310385.0	8563.0	h5ad_obs	supplementary	ctrl	verified_via_num_features_eq_1	num_features	7.057176658991845	0.0542168677041801	0.4269825944387933	0.3625348298363728	0.3113261766265742	0.0390444557935069	1.4816272327865985	84.0	-1.4210347671445054	0.9891960049820678	1.0	1.0	both	Q1_anchor	0.8676939426142402	0.7678002125398512												joint_grid_target
K562_essential_day7	ACH-000551	MAU2	66.0	10691.0	1.0	310385.0	8563.0	h5ad_obs	supplementary	ctrl	verified_via_num_features_eq_1	num_features	5.298538979795965	0.0412804043076308	0.3540283649060495	0.2747016122473085	0.2297562238443625	0.0388562895227869	0.6826452978282376	20.0	-1.198033774252946	0.9790736379257796	1.0	1.0	both	middle	0.6748140276301806	0.6710945802337939												joint_grid_target
K562_essential_day7	ACH-000551	MAX	180.0	10691.0	1.0	310385.0	8563.0	h5ad_obs	supplementary	ctrl	verified_via_num_features_eq_1	num_features	9.224916321610884	0.059824131730591	0.8387570248168823	0.6112473173045788	0.4944356289851254	0.0596601886456884	4.701268247481133	244.0	-1.2262733461535995	0.9816770644443346	1.0	1.0	both	middle	0.9123273113708821	0.6896918172157279												joint_grid_target
K562_essential_day7	ACH-000551	MBTPS1	68.0	10691.0	1.0	310385.0	8563.0	h5ad_obs	supplementary	ctrl	verified_via_num_features_eq_1	num_features	4.152951896062657	0.0333233501683962	0.2426353725884324	0.1991512103078622	0.1692822896435965	0.0348962173813947	0.3140727459802388	5.0	-0.8551731081552967	0.9108849340583256	1.0	1.0	both	middle	0.5026567481402763	0.48831030818278426												joint_grid_target
K562_essential_day7	ACH-000551	MBTPS2	214.0	10691.0	1.0	310385.0	8563.0	h5ad_obs	supplementary	ctrl	verified_via_num_features_eq_1	num_features	2.7772091599209547	0.0201682816303784	0.2864320598769198	0.1978674949082423	0.143147332952685	0.0572861477201514	0.1626785534857795	10.0	-0.8202401388137235	0.8958022938789415	1.0	1.0	both	middle	0.06854410201912858	0.46546227417640806												joint_grid_target
K562_essential_day7	ACH-000551	MCL1	86.0	10691.0	1.0	310385.0	8563.0	h5ad_obs	supplementary	ctrl	verified_via_num_features_eq_1	num_features	3.433670527908584	0.0283050886604566	0.1539436557503288	0.1370992959814545	0.1246922086174123	0.028282302652157	0.1514960006449701	0.0	-0.8964233902969372	0.9252718837178436	1.0	1.0	both	middle	0.35972369819341127	0.5132837407013815												joint_grid_target
K562_essential_day7	ACH-000551	MCM10	219.0	10691.0	1.0	310385.0	8563.0	h5ad_obs	supplementary	ctrl	verified_via_num_features_eq_1	num_features	5.288845022176391	0.0359372660804894	0.4643004884181138	0.3356742153895978	0.2713879836176731	0.054540235342792	1.6909618645389504	35.0	-0.4314156987989955	0.4096978470483483	1.0	1.0	both	middle	0.5743889479277364	0.2077577045696068												joint_grid_target
K562_essential_day7	ACH-000551	MCM2	123.0	10691.0	1.0	310385.0	8563.0	h5ad_obs	supplementary	ctrl	verified_via_num_features_eq_1	num_features	4.551130070575643	0.0337718782484184	0.3456771943429428	0.265086654476953	0.2156273208153585	0.0458328337439847	1.0726481459318329	18.0	-1.6223612512229997	0.9952816135479842	1.0	1.0	both	middle	0.5143464399574921	0.8241232731137088												joint_grid_target
K562_essential_day7	ACH-000551	MCM3	124.0	10691.0	1.0	310385.0	8563.0	h5ad_obs	supplementary	ctrl	verified_via_num_features_eq_1	num_features	3.793500634076117	0.0285316377399828	0.287938620669469	0.2036440608086638	0.1648117407949161	0.0416762954035039	0.5418497644333602	5.0	-1.0482108353730173	0.959208793959091	1.0	1.0	both	middle	0.36663124335812963	0.6030818278427205												joint_grid_target
K562_essential_day7	ACH-000551	MCM3AP	105.0	10691.0	1.0	310385.0	8563.0	h5ad_obs	supplementary	ctrl	verified_via_num_features_eq_1	num_features	5.230775370368444	0.0385758400337877	0.3985989271534809	0.3038084808428596	0.2497364400112249	0.0459863098566391	0.8582525523210336	29.0	-1.5847127101589191	0.993853262508096	1.0	1.0	both	middle	0.6259298618490967	0.8150903294367694												joint_grid_target
K562_essential_day7	ACH-000551	MCM4	87.0	10691.0	1.0	310385.0	8563.0	h5ad_obs	supplementary	ctrl	verified_via_num_features_eq_1	num_features	5.11509174537285	0.0384821589630199	0.3932911183257629	0.2859170851896354	0.2327468749346776	0.0433835152462498	1.1084717751162856	20.0	-1.6359561717573694	0.9957723823122646	1.0	1.0	both	middle	0.6238044633368757	0.8294367693942615												joint_grid_target
K562_essential_day7	ACH-000551	MCM5	90.0	10691.0	1.0	310385.0	8563.0	h5ad_obs	supplementary	ctrl	verified_via_num_features_eq_1	num_features	4.145877220733624	0.0321334077609049	0.2816262579416184	0.2099036830160823	0.1760126150030103	0.0381423400849436	0.6193335044521078	8.0	-2.0656176589944018	0.999999590670723	1.0	1.0	both	middle	0.46971307120085015	0.9155154091392136												joint_grid_target
K562_essential_day7	ACH-000551	MCM6	102.0	10691.0	1.0	310385.0	8563.0	h5ad_obs	supplementary	ctrl	verified_via_num_features_eq_1	num_features	4.166650974236815	0.0314121533448513	0.3284930793173973	0.2380143521408775	0.1905624508494523	0.0442435021729077	0.7406629982435824	13.0	-1.101011064812638	0.9672539827285572	1.0	1.0	both	middle	0.448990435706695	0.6317747077577046												joint_grid_target
K562_essential_day7	ACH-000551	MCM7	160.0	10691.0	1.0	310385.0	8563.0	h5ad_obs	supplementary	ctrl	verified_via_num_features_eq_1	num_features	3.1108596996142293	0.0237653678531015	0.2407714685866425	0.1727357051500607	0.1374058013673061	0.0424406118776326	0.2391252842444586	3.0	-2.005081590633733	0.9999902194026246	1.0	1.0	both	Q3_dep_excess	0.1875664187035069	0.9048884165781084												joint_grid_target
K562_essential_day7	ACH-000551	MCMBP	145.0	10691.0	1.0	310385.0	8563.0	h5ad_obs	supplementary	ctrl	verified_via_num_features_eq_1	num_features	4.304398938051164	0.0309227594091767	0.3838962017030437	0.2708200546960379	0.2107850509443306	0.0511383416486347	0.5361708098916864	18.0	-0.5657362813236577	0.6390862521344572	1.0	1.0	both	middle	0.43623804463336874	0.30818278427205104												joint_grid_target
K562_essential_day7	ACH-000551	MCRS1	71.0	10691.0	1.0	310385.0	8563.0	h5ad_obs	supplementary	ctrl	verified_via_num_features_eq_1	num_features	4.1885542119373	0.0341060596118693	0.2065118993116295	0.1783664370247941	0.1586995713802812	0.0305369494824687	0.3819711737250433	1.0	-0.5841279817327458	0.6676888787749083	1.0	1.0	both	middle	0.524442082890542	0.3177470775770457												joint_grid_target
K562_essential_day7	ACH-000551	MDN1	84.0	10691.0	1.0	310385.0	8563.0	h5ad_obs	supplementary	ctrl	verified_via_num_features_eq_1	num_features	4.697570758862143	0.0364242559014038	0.2953244370536493	0.2362512849999771	0.2028432173267946	0.0378728119272342	0.8172736321108172	15.0	-1.536006696027752	0.992044537858064	1.0	1.0	both	middle	0.5844845908607864	0.7975557917109458												joint_grid_target
K562_essential_day7	ACH-000551	MED1	254.0	10691.0	1.0	310385.0	8563.0	h5ad_obs	supplementary	ctrl	verified_via_num_features_eq_1	num_features	10.279456132528647	0.0709492195425943	0.670554929710014	0.5657597681831212	0.4943905315242295	0.0465616646794128	6.509219987425503	403.0	-1.5738711707114486	0.9934378816927856	1.0	1.0	both	Q1_anchor	0.9643995749202976	0.8108395324123273												joint_grid_target
K562_essential_day7	ACH-000551	MED10	516.0	10691.0	1.0	310385.0	8563.0	h5ad_obs	supplementary	ctrl	verified_via_num_features_eq_1	num_features	7.083954904883562	0.0485858803385748	0.4748485460765382	0.402180462213433	0.3504870185306483	0.0483342465431057	3.3262910098485303	142.0	-0.5098564903600903	0.5459668899568837	1.0	1.0	both	middle	0.7996811902231669	0.2624867162592986												joint_grid_target
K562_essential_day7	ACH-000551	MED11	237.0	10691.0	1.0	310385.0	8563.0	h5ad_obs	supplementary	ctrl	verified_via_num_features_eq_1	num_features	7.794260828590301	0.0546638110215004	0.5026344281274272	0.4306247859062327	0.3772969308380062	0.0459984478533783	3.7523087218559183	175.0	-1.868284021001123	0.9998133188694024	1.0	1.0	both	Q1_anchor	0.8730074388947928	0.8815090329436769												joint_grid_target
K562_essential_day7	ACH-000551	MED12	573.0	10691.0	1.0	310385.0	8563.0	h5ad_obs	supplementary	ctrl	verified_via_num_features_eq_1	num_features	12.04628400226126	0.0817810193617805	0.7817765386690642	0.6742314020180266	0.5914623853988805	0.048139382652401	8.473114598239093	596.0	-0.935784895801107	0.9363774167821518	1.0	1.0	both	middle	0.9867162592986185	0.5345377258235919												joint_grid_target
K562_essential_day7	ACH-000551	MED14	117.0	10691.0	1.0	310385.0	8563.0	h5ad_obs	supplementary	ctrl	verified_via_num_features_eq_1	num_features	7.927676893122028	0.0573841535984322	0.5031756010209009	0.4278060562546499	0.3713270799091053	0.0435310365318734	3.641376415504356	178.0	-1.2613827459565743	0.9842896185748786	1.0	1.0	both	middle	0.8916046758767269	0.7051009564293305												joint_grid_target
K562_essential_day7	ACH-000551	MED17	151.0	10691.0	1.0	310385.0	8563.0	h5ad_obs	supplementary	ctrl	verified_via_num_features_eq_1	num_features	11.363950248142327	0.079455489690204	0.7198058102439351	0.6204148458196266	0.5470741794141986	0.0455934371071143	7.37787994118576	499.0	-1.2496805715956163	0.983496577397798	1.0	1.0	both	middle	0.9829968119022316	0.6992561105207227												joint_grid_target
K562_essential_day7	ACH-000551	MED18	20.0	10691.0	1.0	310385.0	8563.0	h5ad_obs	supplementary	ctrl	verified_via_num_features_eq_1	num_features	11.20148581882896	0.0876438652374785	0.6400736988003132	0.5423728409760765	0.4700952924673599	0.0361343687539231	4.887344563713313	440.0	-0.8497969660284407	0.9087644050057336	1.0	1.0	both	middle	0.9936238044633369	0.4851222104144527												joint_grid_target
K562_essential_day7	ACH-000551	MED19	544.0	10691.0	1.0	310385.0	8563.0	h5ad_obs	supplementary	ctrl	verified_via_num_features_eq_1	num_features	9.31815216912274	0.063643973717891	0.6081415155818111	0.5167648147766271	0.4531159985285493	0.0474110647299784	5.518281198550618	307.0	-1.0374080138672368	0.957404603593382	1.0	1.0	both	middle	0.9303931987247609	0.5977683315621679												joint_grid_target
K562_essential_day7	ACH-000551	MED20	80.0	10691.0	1.0	310385.0	8563.0	h5ad_obs	supplementary	ctrl	verified_via_num_features_eq_1	num_features	8.477597504588587	0.0626100923727852	0.5222755990783421	0.4482543463403469	0.3904794273558887	0.0418046146992193	4.050776129842594	211.0	-0.8466087617290747	0.9074583928568754	1.0	1.0	both	middle	0.9240170031880978	0.4808714133900106												joint_grid_target
K562_essential_day7	ACH-000551	MED21	63.0	10691.0	1.0	310385.0	8563.0	h5ad_obs	supplementary	ctrl	verified_via_num_features_eq_1	num_features	12.000223400672487	0.086728199920274	0.7130047272484535	0.613415905614381	0.5469755232595255	0.0412989262764072	7.604000357742748	559.0	-0.8571564986460356	0.9116524743123614	1.0	1.0	both	middle	0.9925611052072264	0.4904357066950053												joint_grid_target
K562_essential_day7	ACH-000551	MED22	289.0	10691.0	1.0	310385.0	8563.0	h5ad_obs	supplementary	ctrl	verified_via_num_features_eq_1	num_features	9.36281643708581	0.0636583809084558	0.6965400433832234	0.5703561375870964	0.4806042458751758	0.0523160072275646	5.110070538267465	281.0	-1.2191896161573683	0.9810670786806291	1.0	1.0	both	middle	0.9309245483528161	0.6870350690754516												joint_grid_target
K562_essential_day7	ACH-000551	MED26	105.0	10691.0	1.0	310385.0	8563.0	h5ad_obs	supplementary	ctrl	verified_via_num_features_eq_1	num_features	3.836590683571228	0.0305706864424182	0.2007156740435351	0.1728963241664453	0.1525272487875898	0.0330236163189152	0.4356737794614744	2.0	-0.9074241782686696	0.9286017122829678	1.0	1.0	both	middle	0.4277364505844846	0.5170031880977684												joint_grid_target
K562_essential_day7	ACH-000551	MED28	73.0	10691.0	1.0	310385.0	8563.0	h5ad_obs	supplementary	ctrl	verified_via_num_features_eq_1	num_features	9.567009131543909	0.0694603016736136	0.6092614333253739	0.5257020134709685	0.4548610746981865	0.0441923437981998	5.017252262448672	297.0	-1.1182282781850958	0.969630930381786	1.0	1.0	both	middle	0.9601487778958555	0.6397449521785334												joint_grid_target
K562_essential_day7	ACH-000551	MED29	93.0	10691.0	1.0	310385.0	8563.0	h5ad_obs	supplementary	ctrl	verified_via_num_features_eq_1	num_features	8.097625939871365	0.0599557199241274	0.4419666923212929	0.3944225296620242	0.3536267967210741	0.0384127281099822	3.294116847221842	186.0	-1.2701135617298824	0.984824639488418	1.0	1.0	both	middle	0.9139213602550478	0.7098831030818279												joint_grid_target
K562_essential_day7	ACH-000551	MED30	288.0	10691.0	1.0	310385.0	8563.0	h5ad_obs	supplementary	ctrl	verified_via_num_features_eq_1	num_features	13.521319683775452	0.0922285938547565	0.8836150892373494	0.7651480137048878	0.6681625406707972	0.048442207786557	10.91035913673784	722.0	-2.303897091194079	1.0	1.0	1.0	both	Q1_anchor	0.9962805526036131	0.9609458023379384												joint_grid_target
K562_essential_day7	ACH-000551	MED31	38.0	10691.0	1.0	310385.0	8563.0	h5ad_obs	supplementary	ctrl	verified_via_num_features_eq_1	num_features	6.354477426159603	0.0513105781653629	0.3256250941486687	0.2763067396848767	0.2437647340535238	0.0314433370022304	1.094084296227022	29.0	-0.5564123821317782	0.6241313791402671	1.0	1.0	both	middle	0.8304994686503719	0.3012752391073326												joint_grid_target
K562_essential_day7	ACH-000551	MED4	66.0	10691.0	1.0	310385.0	8563.0	h5ad_obs	supplementary	ctrl	verified_via_num_features_eq_1	num_features	11.929240894472413	0.0859397035943334	0.7313421182151905	0.6401582469391133	0.5609460625473273	0.0434948215708113	7.414931479420673	563.0	-1.0192233565876687	0.9542244701839748	1.0	1.0	both	middle	0.9914984059511158	0.5871413390010627												joint_grid_target
K562_essential_day7	ACH-000551	MED6	246.0	10691.0	1.0	310385.0	8563.0	h5ad_obs	supplementary	ctrl	verified_via_num_features_eq_1	num_features	8.981563173449398	0.0623686580462162	0.5793512415629738	0.50200933904517	0.4414476538143118	0.0469990908678481	5.047952865205112	272.0	-1.4338198117084315	0.9894080418267136	1.0	1.0	both	Q1_anchor	0.922422954303932	0.7709883103081828												joint_grid_target
K562_essential_day7	ACH-000551	MED7	272.0	10691.0	1.0	310385.0	8563.0	h5ad_obs	supplementary	ctrl	verified_via_num_features_eq_1	num_features	11.73567461488175	0.080516547255583	0.75701798899528	0.656077433036225	0.5714090599975276	0.0475788583497547	8.04930883542935	552.0	-0.2587815776204195	0.1647523119858494	1.0	1.0	both	Q2_shift_excess	0.9845908607863975	0.11052072263549416												joint_grid_target
K562_essential_day7	ACH-000551	MED8	112.0	10691.0	1.0	310385.0	8563.0	h5ad_obs	supplementary	ctrl	verified_via_num_features_eq_1	num_features	6.676949767319918	0.0495715768564574	0.4032271126653305	0.3452389879215832	0.3020784201456393	0.0406659723672216	2.475752683160336	87.0	-1.091261115857982	0.9658566200313408	1.0	1.0	both	middle	0.8108395324123273	0.626461211477152												joint_grid_target
K562_essential_day7	ACH-000551	MED9	119.0	10691.0	1.0	310385.0	8563.0	h5ad_obs	supplementary	ctrl	verified_via_num_features_eq_1	num_features	13.98228761016978	0.0976897972722073	0.8897025535207403	0.7692014039465138	0.6735987029597367	0.045976395517036	11.223401776342332	760.0	-0.9161098892324452	0.9311004954404524	1.0	1.0	both	middle	0.997874601487779	0.5228480340063762												joint_grid_target
K562_essential_day7	ACH-000551	MEPCE	127.0	10691.0	1.0	310385.0	8563.0	h5ad_obs	supplementary	ctrl	verified_via_num_features_eq_1	num_features	2.9314282894559835	0.0241115157248325	0.1336510148274964	0.1183870993592348	0.1063584177626758	0.0286697514496686	0.1141835691536261	0.0	-1.1462032278465466	0.973253871411302	1.0	1.0	both	middle	0.20297555791710944	0.6540913921360255												joint_grid_target
K562_essential_day7	ACH-000551	METAP1	102.0	10691.0	1.0	310385.0	8563.0	h5ad_obs	supplementary	ctrl	verified_via_num_features_eq_1	num_features	3.458886280596616	0.0280457831866642	0.1897876622852072	0.1549332532712125	0.1352657337212586	0.0322567886175883	0.1566868406326236	3.0	-0.2200135234685339	0.1275641537016643	1.0	1.0	both	middle	0.3475026567481403	0.08873538788522849												joint_grid_target
K562_essential_day7	ACH-000551	METAP2	161.0	10691.0	1.0	310385.0	8563.0	h5ad_obs	supplementary	ctrl	verified_via_num_features_eq_1	num_features	4.6333582071721775	0.0334261590675619	0.3690672170027148	0.2809074466303966	0.2296372705417618	0.0490705399636792	0.6781587446927215	22.0	-0.273963483886997	0.1812014420186482	1.0	1.0	both	middle	0.5047821466524973	0.11902231668437832												joint_grid_target
K562_essential_day7	ACH-000551	METTL1	208.0	10691.0	1.0	310385.0	8563.0	h5ad_obs	supplementary	ctrl	verified_via_num_features_eq_1	num_features	2.7431686754518063	0.0199101035981859	0.2196760416238123	0.1443934335561702	0.1127280560741831	0.0423465451574665	0.0722082494643387	3.0	-0.282165027860461	0.1905094305557295	1.0	1.0	both	Q4_low_info	0.06376195536663125	0.12539851222104145												joint_grid_target
K562_essential_day7	ACH-000551	METTL14	121.0	10691.0	1.0	310385.0	8563.0	h5ad_obs	supplementary	ctrl	verified_via_num_features_eq_1	num_features	4.584780091143887	0.0349599510985811	0.2577312438439181	0.2234488563544517	0.1989249734312336	0.0373208374194267	0.5354477800882229	8.0	-0.6267041241410625	0.7284289516853857	1.0	1.0	both	middle	0.546758767268863	0.3475026567481403												joint_grid_target
K562_essential_day7	ACH-000551	METTL16	42.0	10691.0	1.0	310385.0	8563.0	h5ad_obs	supplementary	ctrl	verified_via_num_features_eq_1	num_features	6.16037434602573	0.0487573727791516	0.3438144538341342	0.293857139782943	0.255059897217415	0.035191680914512	0.8623122470297897	39.0	-1.05984484956169	0.961087720859766	1.0	1.0	both	middle	0.8028692879914984	0.6099893730074389												joint_grid_target
K562_essential_day7	ACH-000551	METTL17	122.0	10691.0	1.0	310385.0	8563.0	h5ad_obs	supplementary	ctrl	verified_via_num_features_eq_1	num_features	3.5061693366588904	0.0270451338533737	0.2561618799079535	0.1857324271550286	0.1517660017355595	0.0400998417970409	0.2411857939847141	5.0	-1.014064688070928	0.9532853389833672	1.0	1.0	both	middle	0.31137088204038255	0.5844845908607864												joint_grid_target
K562_essential_day7	ACH-000551	METTL23	114.0	10691.0	1.0	310385.0	8563.0	h5ad_obs	supplementary	ctrl	verified_via_num_features_eq_1	num_features	3.0433360023067126	0.0249783758997339	0.1316837863128308	0.1196514810465672	0.1098741853163887	0.0279703526492514	0.1259222017130188	0.0	-0.2783193899208528	0.1861300566377937	1.0	1.0	both	Q4_low_info	0.23645058448459086	0.12274176408076515												joint_grid_target
K562_essential_day7	ACH-000551	METTL3	138.0	10691.0	1.0	310385.0	8563.0	h5ad_obs	supplementary	ctrl	verified_via_num_features_eq_1	num_features	4.386308654477498	0.0330455547025474	0.2678516024138487	0.228348575757022	0.2000592230831703	0.0403486790479714	0.4708348124175643	14.0	-1.203426553783755	0.9796061128747988	1.0	1.0	both	middle	0.4952178533475027	0.6737513283740701												joint_grid_target
K562_essential_day7	ACH-000551	MEX3A	171.0	10691.0	1.0	310385.0	8563.0	h5ad_obs	supplementary	ctrl	verified_via_num_features_eq_1	num_features	3.0784231642996525	0.0242969561076489	0.1941946447152041	0.1515762096448003	0.1284142812470056	0.0364269855914828	0.2577370597275372	2.0	-0.6193716097760171	0.7185788006484142	1.0	1.0	both	middle	0.21147715196599362	0.3432518597236982												joint_grid_target
K562_essential_day7	ACH-000551	MFAP1	197.0	10691.0	1.0	310385.0	8563.0	h5ad_obs	supplementary	ctrl	verified_via_num_features_eq_1	num_features	7.789290170336122	0.056308973383073	0.4689592496313814	0.4071258184773541	0.3589960027819557	0.0422177511424398	3.0272651320342714	180.0	-1.2340218437193349	0.982315444132062	1.0	1.0	both	middle	0.8841657810839533	0.6928799149840595												joint_grid_target
K562_essential_day7	ACH-000551	MFN2	135.0	10691.0	1.0	310385.0	8563.0	h5ad_obs	supplementary	ctrl	verified_via_num_features_eq_1	num_features	2.9227302500078904	0.0239340492806405	0.1352655312377853	0.1180141784479441	0.106352310777893	0.0287913525046204	0.1206656639158456	0.0	-0.6084760849661759	0.7034320093521886	1.0	1.0	both	middle	0.19394261424017004	0.33421891604675874												joint_grid_target
K562_essential_day7	ACH-000551	MICOS10	87.0	10691.0	1.0	310385.0	8563.0	h5ad_obs	supplementary	ctrl	verified_via_num_features_eq_1	num_features	4.807495833917271	0.035823665488947	0.3753527597946413	0.2717987048816125	0.2187307046936139	0.0443018051236434	0.9516850447433942	18.0	-1.067588409286905	0.9622997844827296	1.0	1.0	both	middle	0.5690754516471839	0.614240170031881												joint_grid_target
K562_essential_day7	ACH-000551	MIOS	163.0	10691.0	1.0	310385.0	8563.0	h5ad_obs	supplementary	ctrl	verified_via_num_features_eq_1	num_features	3.590415361684176	0.0279041450046319	0.2141231739514788	0.1741531355011375	0.1499753841819182	0.0364423721016842	0.4607994337679582	3.0	0.1125587878199838	0.0083825370029909	1.0	1.0	both	middle	0.3421891604675877	0.006907545164718385												joint_grid_target
K562_essential_day7	ACH-000551	MIPEP	90.0	10691.0	1.0	310385.0	8563.0	h5ad_obs	supplementary	ctrl	verified_via_num_features_eq_1	num_features	3.438797003276364	0.0282172201237346	0.1665603797949613	0.1412255911026216	0.1260084130353042	0.0292242406421753	0.1757936848166608	0.0	-0.8058084554705326	0.8885838229103697	1.0	1.0	both	middle	0.3554729011689692	0.4574920297555792												joint_grid_target
K562_essential_day7	ACH-000551	MIS12	82.0	10691.0	1.0	310385.0	8563.0	h5ad_obs	supplementary	ctrl	verified_via_num_features_eq_1	num_features	4.088580694599687	0.0332711531408663	0.2030585673115446	0.174989655882629	0.1555248840233618	0.0307106199906665	0.3964346267422822	2.0	-0.8623279844813646	0.9136376657220237	1.0	1.0	both	middle	0.5010626992561105	0.49256110520722635												joint_grid_target
K562_essential_day7	ACH-000551	MIS18A	129.0	10691.0	1.0	310385.0	8563.0	h5ad_obs	supplementary	ctrl	verified_via_num_features_eq_1	num_features	2.887356584560407	0.023739886365996	0.1408142035342426	0.1177848739849807	0.104655578761504	0.0289704303180304	0.0864909342687898	1.0	-1.0698602412841012	0.9626530700692768	1.0	1.0	both	middle	0.18650371944739638	0.6163655685441021												joint_grid_target
K562_essential_day7	ACH-000551	MIS18BP1	107.0	10691.0	1.0	310385.0	8563.0	h5ad_obs	supplementary	ctrl	verified_via_num_features_eq_1	num_features	3.1847332033458424	0.0258572245018984	0.1538047276014659	0.1306192303442178	0.1177987812198671	0.0294964176912316	0.1101675323068782	1.0	-1.2063471077545929	0.9798844973677202	1.0	1.0	both	middle	0.27045696068012753	0.6780021253985122												joint_grid_target
K562_essential_day7	ACH-000551	MKRN1	160.0	10691.0	1.0	310385.0	8563.0	h5ad_obs	supplementary	ctrl	verified_via_num_features_eq_1	num_features	2.6666456578028086	0.0219699527644185	0.1211452087969075	0.1066283079636081	0.0965568330260905	0.0283391914242719	0.1074674216022035	0.0	-0.3957544182241677	0.3502456374213898	1.0	1.0	both	Q4_low_info	0.1301806588735388	0.1822529224229543												joint_grid_target
K562_essential_day7	ACH-000551	MLST8	78.0	10691.0	1.0	310385.0	8563.0	h5ad_obs	supplementary	ctrl	verified_via_num_features_eq_1	num_features	3.8040572144828975	0.0310399815200634	0.205044084923243	0.1663205757011943	0.1440605015820001	0.0312873359794906	0.2705329646423475	3.0	-0.3431867391645314	0.2696985714304837	1.0	1.0	both	middle	0.44208289054197664	0.15409139213602552												joint_grid_target
K562_essential_day7	ACH-000551	MMGT1	183.0	10691.0	1.0	310385.0	8563.0	h5ad_obs	supplementary	ctrl	verified_via_num_features_eq_1	num_features	2.4590260345511434	0.0202001809769094	0.1198180749895703	0.1005256453123228	0.0894986401671945	0.0290579966670177	0.0996426334797124	0.0	-0.3348245870373932	0.2578910798655382	1.0	1.0	both	Q4_low_info	0.07066950053134963	0.1503719447396387												joint_grid_target
K562_essential_day7	ACH-000551	MMS19	129.0	10691.0	1.0	310385.0	8563.0	h5ad_obs	supplementary	ctrl	verified_via_num_features_eq_1	num_features	3.109508894228562	0.0250055022778785	0.1423960846926666	0.1294774090377888	0.1176204312209949	0.0302344782158043	0.1460570345991545	0.0	-0.6927155854102591	0.8051417972877436	1.0	1.0	both	middle	0.23804463336875664	0.3969181721572795												joint_grid_target
K562_essential_day7	ACH-000551	MMS22L	57.0	10691.0	1.0	310385.0	8563.0	h5ad_obs	supplementary	ctrl	verified_via_num_features_eq_1	num_features	6.541226429178202	0.0496340098758519	0.411830249292297	0.3377970286646676	0.2897543455440022	0.0397393283487723	2.2110270115014536	65.0	-1.660854524938546	0.99661701380388	1.0	1.0	both	Q1_anchor	0.8119022316684378	0.8352816153028693												joint_grid_target
K562_essential_day7	ACH-000551	MNAT1	85.0	10691.0	1.0	310385.0	8563.0	h5ad_obs	supplementary	ctrl	verified_via_num_features_eq_1	num_features	5.747455123208006	0.0441731397780614	0.3428946969498977	0.2853508833671114	0.2481501154051678	0.0377194205232881	1.4588948646035114	33.0	-0.9449224605248407	0.9386638880717988	1.0	1.0	both	middle	0.7311370882040382	0.5393198724760893												joint_grid_target
K562_essential_day7	ACH-000551	MOB4	118.0	10691.0	1.0	310385.0	8563.0	h5ad_obs	supplementary	ctrl	verified_via_num_features_eq_1	num_features	4.139333625892704	0.0315403952698106	0.2986704896141013	0.2248025032560011	0.1859778831699622	0.0416176996456935	0.706108773317192	9.0	-0.2899504571798597	0.1996831310348835	1.0	1.0	both	middle	0.4527098831030818	0.13071200850159406												joint_grid_target
K562_essential_day7	ACH-000551	MOCS3	118.0	10691.0	1.0	310385.0	8563.0	h5ad_obs	supplementary	ctrl	verified_via_num_features_eq_1	num_features	2.9984325008360533	0.0245654248957927	0.1331903544597771	0.1199351346390894	0.108737348189176	0.0285079643490102	0.0979482032849166	0.0	-0.7158303175685633	0.8267406194062984	1.0	1.0	both	middle	0.218384697130712	0.40541976620616366												joint_grid_target
K562_essential_day7	ACH-000551	MOG	124.0	10691.0	1.0	310385.0	8563.0	h5ad_obs	supplementary	ctrl	verified_via_num_features_eq_1	num_features	2.975874275175927	0.0242496145259136	0.1544670411412398	0.1278437452957037	0.111300561288376	0.0307835503049081	0.1328156784009753	2.0	-0.4336980476714642	0.4136111556497924	1.0	1.0	both	Q4_low_info	0.20882040382571732	0.20988310308182784												joint_grid_target
K562_essential_day7	ACH-000551	MOK	123.0	10691.0	1.0	310385.0	8563.0	h5ad_obs	supplementary	ctrl	verified_via_num_features_eq_1	num_features	3.044418819588484	0.0249342457581878	0.1497377082362281	0.1281349077370681	0.1141214546078979	0.0300064960956787	0.1493501225815929	0.0	-0.1458128966927049	0.0745158516788705	1.0	1.0	both	Q4_low_info	0.23379383634431455	0.056854410201912856												joint_grid_target
K562_essential_day7	ACH-000551	MPHOSPH10	43.0	10691.0	1.0	310385.0	8563.0	h5ad_obs	supplementary	ctrl	verified_via_num_features_eq_1	num_features	8.484966742710562	0.064430337965736	0.5234645253542346	0.4479240280290964	0.3864126895759646	0.040593641397544	3.712008110485069	173.0	-0.6661421581739938	0.7769144468755235	1.0	1.0	both	middle	0.9362380446333688	0.3746014877789586												joint_grid_target
K562_essential_day7	ACH-000551	MRGBP	74.0	10691.0	1.0	310385.0	8563.0	h5ad_obs	supplementary	ctrl	verified_via_num_features_eq_1	num_features	5.334451258686613	0.0402872257044101	0.3998190354012755	0.3046185265715989	0.2462276826924101	0.044150234212232	0.5700370409194182	28.0	-0.7977776719988995	0.8843017720151144	1.0	1.0	both	middle	0.655154091392136	0.4537725823591923												joint_grid_target
K562_essential_day7	ACH-000551	MRPL1	165.0	10691.0	1.0	310385.0	8563.0	h5ad_obs	supplementary	ctrl	verified_via_num_features_eq_1	num_features	3.0534458788737515	0.0241018661373791	0.1773766373761282	0.1412276525777912	0.1215466440434733	0.0342147310734023	0.2578435375193546	2.0	-0.1683184944562545	0.0882811677539556	1.0	1.0	both	Q4_low_info	0.20191285866099895	0.0669500531349628												joint_grid_target
K562_essential_day7	ACH-000551	MRPL10	102.0	10691.0	1.0	310385.0	8563.0	h5ad_obs	supplementary	ctrl	verified_via_num_features_eq_1	num_features	4.478194128422332	0.0343754547910778	0.2959708313767707	0.2265285869928071	0.1924048270812019	0.038478543415241	0.8750698995588362	11.0	-1.7358804565396797	0.9985242610341012	1.0	1.0	both	middle	0.5292242295430393	0.8560042507970245												joint_grid_target
K562_essential_day7	ACH-000551	MRPL13	87.0	10691.0	1.0	310385.0	8563.0	h5ad_obs	supplementary	ctrl	verified_via_num_features_eq_1	num_features	4.529040051949076	0.0346397125366801	0.3041050426029537	0.2371076028601742	0.201179574036187	0.0399682617505647	0.8131856083013442	15.0	-0.961020322815294	0.9424702622991892	1.0	1.0	both	middle	0.5356004250797024	0.5520722635494155												joint_grid_target
K562_essential_day7	ACH-000551	MRPL14	211.0	10691.0	1.0	310385.0	8563.0	h5ad_obs	supplementary	ctrl	verified_via_num_features_eq_1	num_features	3.278618766792119	0.0235516840260993	0.2779891447546659	0.1915472510015249	0.1483798284676491	0.0474895460018227	0.360416147440727	6.0	-0.9726329563024	0.9450428176932092	1.0	1.0	both	middle	0.17906482465462273	0.5568544102019128												joint_grid_target
K562_essential_day7	ACH-000551	MRPL15	46.0	10691.0	1.0	310385.0	8563.0	h5ad_obs	supplementary	ctrl	verified_via_num_features_eq_1	num_features	5.49005911506774	0.0436665814904088	0.3306415520246683	0.2609666904022552	0.2234346406632375	0.0348963451996856	0.8594783788924119	17.0	-1.2046969405929333	0.9797272049659632	1.0	1.0	both	middle	0.7221041445270988	0.6764080765143464												joint_grid_target
K562_essential_day7	ACH-000551	MRPL16	85.0	10691.0	1.0	310385.0	8563.0	h5ad_obs	supplementary	ctrl	verified_via_num_features_eq_1	num_features	4.446101174803086	0.0345469254945902	0.2814933709249118	0.2173789710650197	0.1829858207814238	0.0367411026299364	0.6329638731771681	10.0	-0.7924929956911028	0.8813948900686646	1.0	1.0	both	middle	0.5324123273113709	0.448990435706695												joint_grid_target
K562_essential_day7	ACH-000551	MRPL17	99.0	10691.0	1.0	310385.0	8563.0	h5ad_obs	supplementary	ctrl	verified_via_num_features_eq_1	num_features	4.729739568134089	0.0359981983880569	0.3204105169021827	0.2499839263724595	0.2093535727621114	0.0405485547296862	1.009636023989744	13.0	-0.9321018945423776	0.9354399918058954	1.0	1.0	both	middle	0.575451647183847	0.5308182784272051												joint_grid_target
K562_essential_day7	ACH-000551	MRPL18	180.0	10691.0	1.0	310385.0	8563.0	h5ad_obs	supplementary	ctrl	verified_via_num_features_eq_1	num_features	4.254789084992649	0.0309183551794108	0.3235707638348256	0.2399052828994221	0.1974676031032246	0.0453072278046526	0.9975626539535868	14.0	-1.1283550452904545	0.9709783539324464	1.0	1.0	both	middle	0.4357066950053135	0.6424017003188098												joint_grid_target
K562_essential_day7	ACH-000551	MRPL19	192.0	10691.0	1.0	310385.0	8563.0	h5ad_obs	supplementary	ctrl	verified_via_num_features_eq_1	num_features	4.259730645955377	0.0305834786488697	0.3484319004453756	0.25355542299204	0.2050998127021032	0.0484094426096346	0.9323917812048776	16.0	-0.8473351892302394	0.9077559657388812	1.0	1.0	both	middle	0.42826780021253985	0.4824654622741764												joint_grid_target
K562_essential_day7	ACH-000551	MRPL2	147.0	10691.0	1.0	310385.0	8563.0	h5ad_obs	supplementary	ctrl	verified_via_num_features_eq_1	num_features	4.0320578982187065	0.0301097175205947	0.2876545862333771	0.2235326176244865	0.1865794008486315	0.0433489201150394	0.7121293645456195	12.0	-0.8315815267192057	0.901058869787089	1.0	1.0	both	middle	0.40807651434643993	0.47130712008501596												joint_grid_target
K562_essential_day7	ACH-000551	MRPL20	120.0	10691.0	1.0	310385.0	8563.0	h5ad_obs	supplementary	ctrl	verified_via_num_features_eq_1	num_features	3.6633358355923904	0.0278497391342591	0.2784498346872938	0.2052363415702255	0.1635115341760785	0.043030579351281	0.3083800907076792	8.0	-0.5040328922195314	0.5358916193525757	1.0	1.0	both	middle	0.34006376195536664	0.25664187035069075												joint_grid_target
K562_essential_day7	ACH-000551	MRPL22	96.0	10691.0	1.0	310385.0	8563.0	h5ad_obs	supplementary	ctrl	verified_via_num_features_eq_1	num_features	4.621469000649259	0.0348787199398795	0.3283605415086473	0.2477239757113863	0.2059402119507989	0.0414716737996887	0.8288230424090415	15.0	-0.6736167206687177	0.7852308118153598	1.0	1.0	both	middle	0.5425079702444209	0.3804463336875664												joint_grid_target
K562_essential_day7	ACH-000551	MRPL24	193.0	10691.0	1.0	310385.0	8563.0	h5ad_obs	supplementary	ctrl	verified_via_num_features_eq_1	num_features	3.618762576173524	0.0272469375001326	0.2532252799405908	0.2012158211998317	0.1683878812036753	0.0431209668748225	0.6439164378051139	7.0	-0.7583847315232802	0.8600470011793517	1.0	1.0	both	middle	0.31668437832093516	0.4298618490967056												joint_grid_target
K562_essential_day7	ACH-000551	MRPL27	102.0	10691.0	1.0	310385.0	8563.0	h5ad_obs	supplementary	ctrl	verified_via_num_features_eq_1	num_features	4.609402309467381	0.0348411996026083	0.3168020344263592	0.2427692259848294	0.2032046772746359	0.0406859624914647	0.9275776687018932	13.0	-1.115944611034571	0.96932119361848	1.0	1.0	both	middle	0.5409139213602551	0.6370882040382572												joint_grid_target
K562_essential_day7	ACH-000551	MRPL28	52.0	10691.0	1.0	310385.0	8563.0	h5ad_obs	supplementary	ctrl	verified_via_num_features_eq_1	num_features	5.000702011383051	0.040394600007593	0.2764622550716298	0.2235424415033066	0.191877858486317	0.0323132572573418	0.5017957621136482	7.0	-1.0241940935857254	0.955113237940159	1.0	1.0	both	middle	0.6594048884165781	0.5913921360255048												joint_grid_target
K562_essential_day7	ACH-000551	MRPL3	175.0	10691.0	1.0	310385.0	8563.0	h5ad_obs	supplementary	ctrl	verified_via_num_features_eq_1	num_features	3.954770486910706	0.0288803933290922	0.30218063898891	0.2227554835462466	0.1816051703604363	0.045036990335523	0.7430707586846683	11.0	-1.1759459027735426	0.9767464844944196	1.0	1.0	both	middle	0.37885228480340066	0.6636556854410202												joint_grid_target
K562_essential_day7	ACH-000551	MRPL32	67.0	10691.0	1.0	310385.0	8563.0	h5ad_obs	supplementary	ctrl	verified_via_num_features_eq_1	num_features	4.904593960582458	0.0380023578347107	0.3261138632470493	0.250415032037705	0.2104798797368996	0.0384763540783251	0.9530847774810772	14.0	-0.9235875604971782	0.9331721970728404	1.0	1.0	both	middle	0.6158342189160467	0.5260361317747078												joint_grid_target
K562_essential_day7	ACH-000551	MRPL33	150.0	10691.0	1.0	310385.0	8563.0	h5ad_obs	supplementary	ctrl	verified_via_num_features_eq_1	num_features	4.056593098268663	0.0298124642190182	0.3192568548272298	0.2283987221668876	0.1843630729572135	0.0447342185305578	0.7630947247974511	11.0	-1.7605863609319403	0.9989381777701902	1.0	1.0	both	middle	0.3990435706695005	0.8597236981934112												joint_grid_target
K562_essential_day7	ACH-000551	MRPL34	27.0	10691.0	1.0	310385.0	8563.0	h5ad_obs	supplementary	ctrl	verified_via_num_features_eq_1	num_features	6.640180519496352	0.0531394826989647	0.3950134531779027	0.3172065790330955	0.2695596358003922	0.0348553079575377	0.8118122233778244	43.0	-1.4204724526623118	0.9891871306440552	1.0	1.0	both	Q1_anchor	0.8538788522848034	0.767268862911796												joint_grid_target
K562_essential_day7	ACH-000551	MRPL35	171.0	10691.0	1.0	310385.0	8563.0	h5ad_obs	supplementary	ctrl	verified_via_num_features_eq_1	num_features	4.298645851992808	0.0310114769043568	0.3144576177573139	0.2411953348386003	0.2027172092461792	0.0454140793083087	0.9747059638112976	15.0	-0.5302540587266502	0.5808262839178745	1.0	1.0	both	middle	0.43889479277364507	0.281615302869288												joint_grid_target
K562_essential_day7	ACH-000551	MRPL36	189.0	10691.0	1.0	310385.0	8563.0	h5ad_obs	supplementary	ctrl	verified_via_num_features_eq_1	num_features	3.955135641495637	0.0286638747982151	0.3169417327971631	0.2380341538640655	0.1913465440584106	0.0484895816878115	0.7492363534282411	12.0	-0.9754925301676328	0.9456507804587272	1.0	1.0	both	middle	0.37194473963868224	0.5589798087141339												joint_grid_target
K562_essential_day7	ACH-000551	MRPL37	116.0	10691.0	1.0	310385.0	8563.0	h5ad_obs	supplementary	ctrl	verified_via_num_features_eq_1	num_features	4.221949297203876	0.0317969717629823	0.2995187367405717	0.2240152439729184	0.1849416371135311	0.0411373083174739	0.7451470529397994	10.0	-0.4529163917232417	0.4467576010938949	1.0	1.0	both	middle	0.4596174282678002	0.22316684378320936												joint_grid_target
K562_essential_day7	ACH-000551	MRPL38	155.0	10691.0	1.0	310385.0	8563.0	h5ad_obs	supplementary	ctrl	verified_via_num_features_eq_1	num_features	3.746083820035009	0.0282373826219297	0.2661725625048412	0.2051525864971358	0.1714423206568906	0.0424225351763983	0.545543446697998	8.0	-1.2370097249254883	0.9825498496618934	1.0	1.0	both	middle	0.357066950053135	0.6934112646121148												joint_grid_target
K562_essential_day7	ACH-000551	MRPL39	154.0	10691.0	1.0	310385.0	8563.0	h5ad_obs	supplementary	ctrl	verified_via_num_features_eq_1	num_features	4.548247759308316	0.0328083541136358	0.358765404657176	0.2742629969992091	0.220995359201485	0.0488120260004117	1.0830369049534507	21.0	-1.1222219697638558	0.970170075388516	1.0	1.0	both	middle	0.4867162592986185	0.640807651434644												joint_grid_target
K562_essential_day7	ACH-000551	MRPL4	125.0	10691.0	1.0	310385.0	8563.0	h5ad_obs	supplementary	ctrl	verified_via_num_features_eq_1	num_features	3.674078573811925	0.027680425984512	0.2780571843257042	0.2040373279713393	0.1645329557081646	0.0430408578234091	0.3928376016935679	7.0	-0.9945050044106464	0.949558402362108	1.0	1.0	both	middle	0.33528161530286926	0.5706695005313497												joint_grid_target
K562_essential_day7	ACH-000551	MRPL41	69.0	10691.0	1.0	310385.0	8563.0	h5ad_obs	supplementary	ctrl	verified_via_num_features_eq_1	num_features	4.991365939579415	0.0382722688583289	0.3416150965934774	0.2553893898557191	0.2123378336385347	0.0389639252955195	0.8306893921085035	11.0	-1.174064063351821	0.976538642711497	1.0	1.0	both	middle	0.6200850159404888	0.6625929861849097												joint_grid_target
K562_essential_day7	ACH-000551	MRPL43	95.0	10691.0	1.0	310385.0	8563.0	h5ad_obs	supplementary	ctrl	verified_via_num_features_eq_1	num_features	4.887926043625707	0.035450199697287	0.429754831781379	0.298299122608983	0.234132455897386	0.04913346021233	0.9419899249358928	20.0	-1.331721599662738	0.9874809085307416	1.0	1.0	both	middle	0.5595111583421891	0.7369819341126461												joint_grid_target
K562_essential_day7	ACH-000551	MRPL44	73.0	10691.0	1.0	310385.0	8563.0	h5ad_obs	supplementary	ctrl	verified_via_num_features_eq_1	num_features	4.717702738913736	0.037411260962131	0.2790946608607082	0.2236051451259806	0.1913592694827018	0.0348998456463586	0.6731545320819912	8.0	-0.727895234049909	0.8370120493739254	1.0	1.0	both	middle	0.6025504782146652	0.412327311370882												joint_grid_target
K562_essential_day7	ACH-000551	MRPL45	179.0	10691.0	1.0	310385.0	8563.0	h5ad_obs	supplementary	ctrl	verified_via_num_features_eq_1	num_features	2.745114012701446	0.0219487609605759	0.1552019093852504	0.1261229163225679	0.1094258412318239	0.0335527449756194	0.1874314232665686	2.0	-1.1970116122057468	0.9789708682057569	1.0	1.0	both	middle	0.12911795961742828	0.6700318809776833												joint_grid_target
K562_essential_day7	ACH-000551	MRPL49	40.0	10691.0	1.0	310385.0	8563.0	h5ad_obs	supplementary	ctrl	verified_via_num_features_eq_1	num_features	6.738779905676487	0.0521653109207934	0.4363479993468365	0.3490184045341985	0.2959321141264285	0.039067047355244	1.4464702477823863	66.0	-1.5585402168432336	0.9928589812496716	1.0	1.0	both	Q1_anchor	0.8421891604675876	0.8049946865037194												joint_grid_target
K562_essential_day7	ACH-000551	MRPL50	171.0	10691.0	1.0	310385.0	8563.0	h5ad_obs	supplementary	ctrl	verified_via_num_features_eq_1	num_features	3.669887723901582	0.0273933741514333	0.2728849462687	0.2073214549444239	0.1705460127026022	0.0441919106642814	0.596239005532528	11.0	-0.7942638269414207	0.8823689511259452	1.0	1.0	both	middle	0.32252922422954305	0.4495217853347503												joint_grid_target
K562_essential_day7	ACH-000551	MRPL51	111.0	10691.0	1.0	310385.0	8563.0	h5ad_obs	supplementary	ctrl	verified_via_num_features_eq_1	num_features	4.740038561426381	0.0348612646256714	0.3504939830469449	0.2652593254805178	0.2196751950370006	0.0444295161569398	1.074373976466754	15.0	-0.7309001366669872	0.8395031216001355	1.0	1.0	both	middle	0.5414452709883103	0.41339001062699254												joint_grid_target
K562_essential_day7	ACH-000551	MRPL53	153.0	10691.0	1.0	310385.0	8563.0	h5ad_obs	supplementary	ctrl	verified_via_num_features_eq_1	num_features	3.512791143402925	0.0268121111872123	0.2350765268019649	0.1810747128996699	0.1540344863403047	0.039434001978822	0.4830013597798022	7.0	-0.8287405093061541	0.8997517166493746	1.0	1.0	both	middle	0.3007438894792774	0.46971307120085015												joint_grid_target
K562_essential_day7	ACH-000551	MRPL54	142.0	10691.0	1.0	310385.0	8563.0	h5ad_obs	supplementary	ctrl	verified_via_num_features_eq_1	num_features	3.639745321948026	0.0283603488272004	0.2079880373585897	0.1708795986358445	0.1488896995873196	0.0351821768466117	0.432320006460543	2.0	-0.4086054429819968	0.371314068434003	1.0	1.0	both	middle	0.3618490967056323	0.19075451647183847												joint_grid_target
K562_essential_day7	ACH-000551	MRPL55	170.0	10691.0	1.0	310385.0	8563.0	h5ad_obs	supplementary	ctrl	verified_via_num_features_eq_1	num_features	3.7966771423095778	0.028135404815765	0.3006784877953423	0.2204715278410576	0.1764376706818069	0.0457555103547366	0.6628891768993839	14.0	-1.0447908242940085	0.958644543294742	1.0	1.0	both	middle	0.3517534537725824	0.6014877789585548												joint_grid_target
K562_essential_day7	ACH-000551	MRPL9	121.0	10691.0	1.0	310385.0	8563.0	h5ad_obs	supplementary	ctrl	verified_via_num_features_eq_1	num_features	3.445576752136934	0.0271148055130014	0.2279363775748906	0.1761122602109319	0.1479961736951401	0.0379251369233396	0.3053830722711321	5.0	-0.7086163179963949	0.8202784299163375	1.0	1.0	both	middle	0.3134962805526036	0.4032943676939426												joint_grid_target
K562_essential_day7	ACH-000551	MRPS10	121.0	10691.0	1.0	310385.0	8563.0	h5ad_obs	supplementary	ctrl	verified_via_num_features_eq_1	num_features	3.65928722779666	0.028195911183758	0.2572101377138563	0.1923936705395638	0.1594931023807502	0.0398426949885429	0.4476672104458696	9.0	-0.9492291703945612	0.9397096698099668	1.0	1.0	both	middle	0.35441020191285866	0.5446333687566419												joint_grid_target
K562_essential_day7	ACH-000551	MRPS11	95.0	10691.0	1.0	310385.0	8563.0	h5ad_obs	supplementary	ctrl	verified_via_num_features_eq_1	num_features	4.64483248427174	0.035616596181453	0.2994881730289465	0.2445687460417826	0.207033236989422	0.040095220375731	0.901470447868876	15.0	-1.3902710952211712	0.9887140617041642	1.0	1.0	both	middle	0.563230605738576	0.7582359192348566												joint_grid_target
K562_essential_day7	ACH-000551	MRPS12	55.0	10691.0	1.0	310385.0	8563.0	h5ad_obs	supplementary	ctrl	verified_via_num_features_eq_1	num_features	5.171996337445082	0.0406969536858098	0.3344669752291019	0.2556472994018339	0.2137338781930137	0.0366794966870648	0.7731815360142207	18.0	-1.2836701128503751	0.9855737947029938	1.0	1.0	both	middle	0.6647183846971307	0.7130712008501594												joint_grid_target
K562_essential_day7	ACH-000551	MRPS14	92.0	10691.0	1.0	310385.0	8563.0	h5ad_obs	supplementary	ctrl	verified_via_num_features_eq_1	num_features	6.0447094674033455	0.0417540416800782	0.6321767875587758	0.4214038306731057	0.3153736633816537	0.0589310282721926	1.3350904340745655	43.0	-1.1832359499331475	0.9775435709055588	1.0	1.0	both	middle	0.6833156216790648	0.667375132837407												joint_grid_target
K562_essential_day7	ACH-000551	MRPS16	41.0	10691.0	1.0	310385.0	8563.0	h5ad_obs	supplementary	ctrl	verified_via_num_features_eq_1	num_features	5.385276685698453	0.0438879282414474	0.2737428846934718	0.229982469571763	0.2023467065863141	0.0305980474161741	0.5690422256530248	7.0	-0.8987752954272468	0.9260035003343458	1.0	1.0	both	middle	0.7258235919234857	0.5148777895855473												joint_grid_target
K562_essential_day7	ACH-000551	MRPS18A	121.0	10691.0	1.0	310385.0	8563.0	h5ad_obs	supplementary	ctrl	verified_via_num_features_eq_1	num_features	4.110299046375027	0.0306791503510052	0.3037852887961589	0.2318869328979687	0.1920302263792749	0.044134377849676	0.6751851301868754	12.0	-0.3930880221540797	0.3459149489697098	1.0	1.0	both	middle	0.4298618490967056	0.179596174282678												joint_grid_target
K562_essential_day7	ACH-000551	MRPS18B	59.0	10691.0	1.0	310385.0	8563.0	h5ad_obs	supplementary	ctrl	verified_via_num_features_eq_1	num_features	4.906121543444914	0.038967285017368	0.2891372733020403	0.2328246931221592	0.200423657268574	0.0348877491839191	0.5981024761503484	12.0	-0.8800152095532083	0.91994361691691	1.0	1.0	both	middle	0.630712008501594	0.5026567481402763												joint_grid_target
K562_essential_day7	ACH-000551	MRPS2	109.0	10691.0	1.0	310385.0	8563.0	h5ad_obs	supplementary	ctrl	verified_via_num_features_eq_1	num_features	3.624922926209925	0.0287645992537347	0.2236496225775184	0.1761268821711229	0.1485037868877466	0.0357529086841111	0.3275474871701647	4.0	-0.7222620950783272	0.8323421622505504	1.0	1.0	both	middle	0.3756641870350691	0.4075451647183847												joint_grid_target
K562_essential_day7	ACH-000551	MRPS21	146.0	10691.0	1.0	310385.0	8563.0	h5ad_obs	supplementary	ctrl	verified_via_num_features_eq_1	num_features	4.039251948230382	0.0301650352319452	0.2774012352752827	0.214867027764491	0.1777995111663571	0.041592018704555	0.7355658714778155	7.0	-1.9046663876424288	0.9999076433535072	1.0	1.0	both	middle	0.40967056323060574	0.8900106269925611												joint_grid_target
K562_essential_day7	ACH-000551	MRPS22	165.0	10691.0	1.0	310385.0	8563.0	h5ad_obs	supplementary	ctrl	verified_via_num_features_eq_1	num_features	3.223916189252637	0.0250977746577791	0.1996376106214437	0.1565145751103481	0.1325318542704155	0.0364136011773715	0.3160644540614079	3.0	-0.8915373546402559	0.9237515007266152	1.0	1.0	both	middle	0.24229543039319873	0.5111583421891605												joint_grid_target
K562_essential_day7	ACH-000551	MRPS23	119.0	10691.0	1.0	310385.0	8563.0	h5ad_obs	supplementary	ctrl	verified_via_num_features_eq_1	num_features	3.987757181552989	0.0305486880128966	0.2727732802997756	0.2071886897642086	0.1726267690769226	0.0396020384550054	0.5604020577911388	6.0	-1.9006369491167137	0.9999000874285536	1.0	1.0	both	middle	0.42720510095642933	0.8889479277364506												joint_grid_target
K562_essential_day7	ACH-000551	MRPS24	145.0	10691.0	1.0	310385.0	8563.0	h5ad_obs	supplementary	ctrl	verified_via_num_features_eq_1	num_features	3.437979720035069	0.0256777670214062	0.2557635609609509	0.1868138230577548	0.1512268002123239	0.0424811059259673	0.3102999225866316	6.0	-0.8846550824766913	0.9214939082046784	1.0	1.0	both	middle	0.2614240170031881	0.5053134962805526												joint_grid_target
K562_essential_day7	ACH-000551	MRPS25	99.0	10691.0	1.0	310385.0	8563.0	h5ad_obs	supplementary	ctrl	verified_via_num_features_eq_1	num_features	3.806379954668736	0.0296174733081992	0.2542273677567603	0.1931004090225651	0.158387957259058	0.038069681925837	0.344310665881661	5.0	-0.8883550077241449	0.9227075951051468	1.0	1.0	both	middle	0.39585547290116896	0.5106269925611052												joint_grid_target
K562_essential_day7	ACH-000551	MRPS26	120.0	10691.0	1.0	310385.0	8563.0	h5ad_obs	supplementary	ctrl	verified_via_num_features_eq_1	num_features	3.749487011198137	0.028762298629598	0.261983246572231	0.1989739958010723	0.165130901780268	0.0403939934531114	0.4244423785057041	8.0	-1.1369876887169754	0.9720946128692032	1.0	1.0	both	middle	0.3751328374070138	0.6493092454835282												joint_grid_target
K562_essential_day7	ACH-000551	MRPS27	81.0	10691.0	1.0	310385.0	8563.0	h5ad_obs	supplementary	ctrl	verified_via_num_features_eq_1	num_features	5.073710843438971	0.0384425830826135	0.3913338727428889	0.2882987970329023	0.2330516397346765	0.043789937860313	0.8265238966476485	23.0	-0.7890121829844731	0.8793936740205098	1.0	1.0	both	middle	0.6216790648246546	0.4463336875664187												joint_grid_target
K562_essential_day7	ACH-000551	MRPS28	158.0	10691.0	1.0	310385.0	8563.0	h5ad_obs	supplementary	ctrl	verified_via_num_features_eq_1	num_features	3.591895459543418	0.0262596501010916	0.2870674268505794	0.2027568735437542	0.1637257064839877	0.0450848585255491	0.4174863528678152	8.0	-0.6904811009640646	0.8029109894193867	1.0	1.0	both	middle	0.2821466524973433	0.3942614240170032												joint_grid_target
K562_essential_day7	ACH-000551	MRPS31	107.0	10691.0	1.0	310385.0	8563.0	h5ad_obs	supplementary	ctrl	verified_via_num_features_eq_1	num_features	3.568165387692589	0.0285134811932491	0.2020642038105139	0.1646585609420121	0.1425157420505453	0.0337192675674636	0.319630948958908	4.0	-1.0678933197601888	0.962347200169951	1.0	1.0	both	middle	0.3660998937300744	0.6147715196599363												joint_grid_target
K562_essential_day7	ACH-000551	MRPS34	141.0	10691.0	1.0	310385.0	8563.0	h5ad_obs	supplementary	ctrl	verified_via_num_features_eq_1	num_features	5.222799225203258	0.0378988738882797	0.3945117234733125	0.2997896319109919	0.2485093139320446	0.0461885537085754	1.0207932707911258	27.0	-0.5028917001732027	0.5339172697493351	1.0	1.0	both	middle	0.6131774707757705	0.255047821466525												joint_grid_target
K562_essential_day7	ACH-000551	MRPS35	201.0	10691.0	1.0	310385.0	8563.0	h5ad_obs	supplementary	ctrl	verified_via_num_features_eq_1	num_features	3.435142573550788	0.0250994439702988	0.2674100888070434	0.204217602248207	0.1674503816510601	0.04750869842939	0.5304854353750734	8.0	-0.4219544991833592	0.3936321299133938	1.0	1.0	both	Q4_low_info	0.242826780021254	0.20244420828905418												joint_grid_target
K562_essential_day7	ACH-000551	MRPS5	73.0	10691.0	1.0	310385.0	8563.0	h5ad_obs	supplementary	ctrl	verified_via_num_features_eq_1	num_features	4.49245730062378	0.0356674220592257	0.2587744251102477	0.2126927002616465	0.1825272934901395	0.0348196919297375	0.5534857534536037	8.0	-1.082064655738972	0.9645036388470232	1.0	1.0	both	middle	0.565356004250797	0.6211477151965994												joint_grid_target
K562_essential_day7	ACH-000551	MRPS6	152.0	10691.0	1.0	310385.0	8563.0	h5ad_obs	supplementary	ctrl	verified_via_num_features_eq_1	num_features	3.062626923532223	0.0237912253513174	0.1942785080729441	0.149539142751939	0.1256921167483536	0.0367013581942329	0.2303981025736821	2.0	-1.688385658549234	0.99743279395041	1.0	1.0	both	Q3_dep_excess	0.18809776833156217	0.8437832093517534												joint_grid_target
K562_essential_day7	ACH-000551	MRPS7	123.0	10691.0	1.0	310385.0	8563.0	h5ad_obs	supplementary	ctrl	verified_via_num_features_eq_1	num_features	3.577079425979304	0.0275336373622836	0.2441227531333689	0.1838048988899088	0.1523917379117526	0.0389796158240664	0.3496939379544201	6.0	-1.0742840706426595	0.9633292832870328	1.0	1.0	both	middle	0.3283740701381509	0.6174282678002125												joint_grid_target
K562_essential_day7	ACH-000551	MRPS9	76.0	10691.0	1.0	310385.0	8563.0	h5ad_obs	supplementary	ctrl	verified_via_num_features_eq_1	num_features	4.583213180323082	0.0362677068027194	0.2515305270807521	0.2126196246405128	0.1855484541872424	0.0342316088729931	0.721153672102778	7.0	-0.908369037020912	0.9288807607135228	1.0	1.0	both	middle	0.5802337938363443	0.5180658873538788												joint_grid_target
K562_essential_day7	ACH-000551	MRTO4	83.0	10691.0	1.0	310385.0	8563.0	h5ad_obs	supplementary	ctrl	verified_via_num_features_eq_1	num_features	3.786457596570501	0.0303237630141463	0.209514700097645	0.1676277486405347	0.1448824606802886	0.0322780194235086	0.3495719274534021	2.0	-1.4611642646661307	0.9899277807974306	1.0	1.0	both	middle	0.4171094580233794	0.779489904357067												joint_grid_target
K562_essential_day7	ACH-000551	MSRB1	205.0	10691.0	1.0	310385.0	8563.0	h5ad_obs	supplementary	ctrl	verified_via_num_features_eq_1	num_features	2.324362577215438	0.018831453706281	0.122250525695612	0.0989040328780301	0.0866354038319191	0.0306672062463259	0.0705952804525971	1.0	-0.2875210378871924	0.1968205059932976	1.0	1.0	both	Q4_low_info	0.039851222104144525	0.1301806588735388												joint_grid_target
K562_essential_day7	ACH-000551	MSTO1	100.0	10691.0	1.0	310385.0	8563.0	h5ad_obs	supplementary	ctrl	verified_via_num_features_eq_1	num_features	3.176745636827229	0.0264472373045251	0.1401763390368769	0.1239383138288068	0.1117652096526675	0.0273633541645288	0.11067140625115	0.0	-0.5343836485184607	0.5877716883166716	1.0	1.0	both	middle	0.2879914984059511	0.28480340063761955												joint_grid_target
K562_essential_day7	ACH-000551	MT2A	112.0	10691.0	1.0	310385.0	8563.0	h5ad_obs	supplementary	ctrl	verified_via_num_features_eq_1	num_features	3.0391022099056566	0.0250911954103534	0.1324233724984485	0.1184978154197952	0.1082914798706232	0.0275761130939005	0.1080836093471475	0.0	-0.4316203980428525	0.4100464240501198	1.0	1.0	both	Q4_low_info	0.2412327311370882	0.20828905419766205												joint_grid_target
K562_essential_day7	ACH-000551	MTBP	191.0	10691.0	1.0	310385.0	8563.0	h5ad_obs	supplementary	ctrl	verified_via_num_features_eq_1	num_features	4.28382074827301	0.0293966301241998	0.4036895029443868	0.2815126034386368	0.2219866011329731	0.0559170634000242	0.991573373665954	18.0	-2.0959198244960304	0.9999999999915802	1.0	1.0	both	middle	0.39160467587672687	0.9197662061636557												joint_grid_target
K562_essential_day7	ACH-000551	MTG2	146.0	10691.0	1.0	310385.0	8563.0	h5ad_obs	supplementary	ctrl	verified_via_num_features_eq_1	num_features	2.783731990715879	0.022645568406792	0.1405736554948489	0.1128903920052112	0.0985653359003086	0.029108365225107	0.0798731030023542	1.0	-0.986929373079412	0.948036222053148	1.0	1.0	both	middle	0.15090329436769395	0.5674814027630181												joint_grid_target
K562_essential_day7	ACH-000551	MTOR	101.0	10691.0	1.0	310385.0	8563.0	h5ad_obs	supplementary	ctrl	verified_via_num_features_eq_1	num_features	6.933092400970781	0.0512814308741245	0.3740206806040121	0.3338597829448297	0.3010476375015425	0.0380143905715084	2.6793724173549585	95.0	-1.1366382426870991	0.9720499407663794	1.0	1.0	both	middle	0.8299681190223167	0.6487778958554729												joint_grid_target
K562_essential_day7	ACH-000551	MTPAP	90.0	10691.0	1.0	310385.0	8563.0	h5ad_obs	supplementary	ctrl	verified_via_num_features_eq_1	num_features	8.565357110057011	0.0411003149167793	1.2191293542418504	0.6443385720124547	0.4279733455197665	0.0915404495879891	2.669569865752093	40.0	-1.3631003608912262	0.9882341849384452	1.0	1.0	both	middle	0.6710945802337939	0.7470775770456961												joint_grid_target
K562_essential_day7	ACH-000551	MVD	104.0	10691.0	1.0	310385.0	8563.0	h5ad_obs	supplementary	ctrl	verified_via_num_features_eq_1	num_features	6.153622467491878	0.0445673859900763	0.4056692785420123	0.3343058924339375	0.290658392130961	0.0437996791993796	1.977149931053864	73.0	-1.0060411096132171	0.9517875858558468	1.0	1.0	both	middle	0.7369819341126461	0.5781083953241233												joint_grid_target
K562_essential_day7	ACH-000551	MVK	136.0	10691.0	1.0	310385.0	8563.0	h5ad_obs	supplementary	ctrl	verified_via_num_features_eq_1	num_features	3.163242325997605	0.0249000116117407	0.2128563082873171	0.1644960999457747	0.1368008226987657	0.0385744832032854	0.1588882289642708	4.0	-1.0780255739847966	0.9638949836395356	1.0	1.0	both	middle	0.23219978746014877	0.6195536663124336												joint_grid_target
K562_essential_day7	ACH-000551	MYBBP1A	109.0	10691.0	1.0	310385.0	8563.0	h5ad_obs	supplementary	ctrl	verified_via_num_features_eq_1	num_features	5.408357384113637	0.03987072866426	0.375542538819922	0.3086388024332457	0.2592380178648744	0.0452002058559546	1.665701613331123	43.0	-0.5082489532844463	0.5431857277522373	1.0	1.0	both	middle	0.6461211477151966	0.26089266737513284												joint_grid_target
K562_essential_day7	ACH-000551	MYBL2	106.0	10691.0	1.0	310385.0	8563.0	h5ad_obs	supplementary	ctrl	verified_via_num_features_eq_1	num_features	4.385373445609394	0.032908713598486	0.3058894157007028	0.2491187981874209	0.2093617144191868	0.0442017693800038	0.8117942296509231	20.0	-0.7452418603038532	0.8506098115045277	1.0	1.0	both	middle	0.48884165781083955	0.42295430393198724												joint_grid_target
K562_essential_day7	ACH-000551	MYC	74.0	10691.0	1.0	310385.0	8563.0	h5ad_obs	supplementary	ctrl	verified_via_num_features_eq_1	num_features	5.198119171482457	0.0400295103291546	0.334627285306934	0.262493849927538	0.2244598965545491	0.0382897839099094	0.8655796026134954	13.0	-1.7358540225673635	0.9985237677557136	1.0	1.0	both	middle	0.6498405951115834	0.8554729011689692												joint_grid_target
K562_essential_day7	ACH-000551	MYCBP	208.0	10691.0	1.0	310385.0	8563.0	h5ad_obs	supplementary	ctrl	verified_via_num_features_eq_1	num_features	2.248737678397017	0.0180518071764358	0.1200303294320492	0.0947228502855585	0.0821744446043804	0.0306392501425613	0.053649248335704	1.0	-0.2407287324164785	0.146557191560831	1.0	1.0	both	Q4_low_info	0.02763018065887354	0.09989373007438895												joint_grid_target
K562_essential_day7	ACH-000551	MYO1H	124.0	10691.0	1.0	310385.0	8563.0	h5ad_obs	supplementary	ctrl	verified_via_num_features_eq_1	num_features	2.965928484469451	0.0243146640485512	0.1479088772842204	0.1232956423959288	0.1093495047929298	0.0296089846376001	0.1063697969557999	2.0	-0.6094181470665991	0.7047729518715614	1.0	1.0	both	middle	0.21253985122210414	0.33475026567481403												joint_grid_target
K562_essential_day7	ACH-000551	MZF1	128.0	10691.0	1.0	310385.0	8563.0	h5ad_obs	supplementary	ctrl	verified_via_num_features_eq_1	num_features	2.907096678133499	0.0238367472920139	0.1277174424836084	0.1149194934681822	0.1047683710909212	0.0281508019321245	0.1143187436145325	0.0	-0.6271275018735665	0.728991611174765	1.0	1.0	both	middle	0.1891604675876727	0.3480340063761955												joint_grid_target
K562_essential_day7	ACH-000551	MZT1	455.0	10691.0	1.0	310385.0	8563.0	h5ad_obs	supplementary	ctrl	verified_via_num_features_eq_1	num_features	2.606112472301505	0.0176767035501098	0.2597040825961542	0.1763061931354172	0.1353689550232714	0.0582385226815944	0.3026549134505831	7.0	-0.6492079429000119	0.7570790553629422	1.0	1.0	both	middle	0.023910733262486716	0.3645058448459086												joint_grid_target
K562_essential_day7	ACH-000551	NAA10	137.0	10691.0	1.0	310385.0	8563.0	h5ad_obs	supplementary	ctrl	verified_via_num_features_eq_1	num_features	3.455780579982504	0.026932947760192	0.2208562788060675	0.1709132668016575	0.1437355553229551	0.0370540724953082	0.2249476225864164	3.0	0.2558012849180875	0.0024390147873086	1.0	1.0	both	middle	0.3044633368756642	0.0010626992561105207												joint_grid_target
K562_essential_day7	ACH-000551	NAA15	128.0	10691.0	1.0	310385.0	8563.0	h5ad_obs	supplementary	ctrl	verified_via_num_features_eq_1	num_features	4.020272979749587	0.0312358406249061	0.2358104481409144	0.1941157618763264	0.1709886348170264	0.0362870499775445	0.4863655030870539	3.0	-1.2873676021042084	0.985758670976016	1.0	1.0	both	middle	0.44580233793836344	0.7162592986184909												joint_grid_target
K562_essential_day7	ACH-000551	NAA20	182.0	10691.0	1.0	310385.0	8563.0	h5ad_obs	supplementary	ctrl	verified_via_num_features_eq_1	num_features	3.377096632100327	0.025305952620257	0.2674141559345344	0.188996549283467	0.1517738941224129	0.043608911297385	0.2922075427110879	5.0	-0.7178881666169432	0.828543323911771	1.0	1.0	both	middle	0.24973432518597238	0.4059511158342189												joint_grid_target
K562_essential_day7	ACH-000551	NAA25	176.0	10691.0	1.0	310385.0	8563.0	h5ad_obs	supplementary	ctrl	verified_via_num_features_eq_1	num_features	4.439976612103613	0.0327857586915899	0.3040453218951242	0.2467473821351909	0.2089005579736735	0.0439451929792509	0.7505072923973781	15.0	-1.0217198107469287	0.9546779949576476	1.0	1.0	both	middle	0.4861849096705632	0.5887353878852285												joint_grid_target
K562_essential_day7	ACH-000551	NAA35	193.0	10691.0	1.0	310385.0	8563.0	h5ad_obs	supplementary	ctrl	verified_via_num_features_eq_1	num_features	2.580991913270476	0.0206559736024667	0.1549922257742339	0.122894583250827	0.1049140241306332	0.0347401053868641	0.0970775820539167	1.0	-0.3785620176950045	0.3228230917284904	1.0	1.0	both	Q4_low_info	0.08342189160467588	0.17481402763018067												joint_grid_target
K562_essential_day7	ACH-000551	NAA38	368.0	10691.0	1.0	310385.0	8563.0	h5ad_obs	supplementary	ctrl	verified_via_num_features_eq_1	num_features	8.439090948303102	0.059161395496546	0.5460477807874918	0.4754401070727309	0.4202520395977989	0.0469246957908185	4.2786522691156055	227.0	-0.2663491541850009	0.1728302941655749	1.0	1.0	both	Q2_shift_excess	0.9048884165781084	0.11477151965993623												joint_grid_target
K562_essential_day7	ACH-000551	NAA50	108.0	10691.0	1.0	310385.0	8563.0	h5ad_obs	supplementary	ctrl	verified_via_num_features_eq_1	num_features	3.735616545746392	0.0287812032608689	0.2808057040557864	0.2013243659416108	0.1602671650960954	0.0408442996502438	0.3353349633190614	6.0	-1.205158085908406	0.9797711609092852	1.0	1.0	both	middle	0.3767268862911796	0.677470775770457												joint_grid_target
K562_essential_day7	ACH-000551	NACA	354.0	10691.0	1.0	310385.0	8563.0	h5ad_obs	supplementary	ctrl	verified_via_num_features_eq_1	num_features	7.90958229687253	0.0540096607222685	0.6013380761515554	0.4689586395896084	0.3899047030084956	0.0506999057999283	3.139203715262948	176.0	-0.5169529406834861	0.5581666621012134	1.0	1.0	both	middle	0.8666312433581297	0.2688629117959617												joint_grid_target
K562_essential_day7	ACH-000551	NAE1	88.0	10691.0	1.0	310385.0	8563.0	h5ad_obs	supplementary	ctrl	verified_via_num_features_eq_1	num_features	4.832466200434928	0.035125012756631	0.422191280262704	0.303138231390364	0.239760002819044	0.0503927758875265	0.5356788828127321	23.0	-0.856035854711599	0.9112188031144116	1.0	1.0	both	middle	0.5494155154091392	0.4893730074388948												joint_grid_target
K562_essential_day7	ACH-000551	NAF1	94.0	10691.0	1.0	310385.0	8563.0	h5ad_obs	supplementary	ctrl	verified_via_num_features_eq_1	num_features	3.468296908457459	0.028342085028424	0.1579667189461228	0.1402034573546391	0.1274032732114362	0.0288849078894943	0.1801085654184593	0.0	-0.1725110724108151	0.0910334614342397	1.0	1.0	both	middle	0.361317747077577	0.06801275239107332												joint_grid_target
K562_essential_day7	ACH-000551	NAGLU	265.0	10691.0	1.0	310385.0	8563.0	h5ad_obs	supplementary	ctrl	verified_via_num_features_eq_1	num_features	2.0371143245290058	0.0166418986670676	0.1017499204342161	0.0849176788948224	0.0754884321426985	0.0297947195508121	0.0496913030752033	0.0	-0.2301589103849215	0.1366273594530306	1.0	1.0	both	Q4_low_info	0.01381509032943677	0.09458023379383634												joint_grid_target
K562_essential_day7	ACH-000551	NAPG	62.0	10691.0	1.0	310385.0	8563.0	h5ad_obs	supplementary	ctrl	verified_via_num_features_eq_1	num_features	4.213051738705334	0.0340987247016242	0.2392628983716562	0.1892630213884111	0.1615976639453653	0.0324094523596734	0.2797981448116768	5.0	-0.4378602972558871	0.4207525438872461	1.0	1.0	both	middle	0.5233793836344315	0.2130712008501594												joint_grid_target
K562_essential_day7	ACH-000551	NASP	184.0	10691.0	1.0	310385.0	8563.0	h5ad_obs	supplementary	ctrl	verified_via_num_features_eq_1	num_features	2.631346970106831	0.0197124612347122	0.1623110298740125	0.117346988550474	0.096502093612333	0.0347596309579211	0.0694006463572058	1.0	-0.3867060320435444	0.3356990871376271	1.0	1.0	both	Q4_low_info	0.056854410201912856	0.17747077577045697												joint_grid_target
K562_essential_day7	ACH-000551	NAT10	30.0	10691.0	1.0	310385.0	8563.0	h5ad_obs	supplementary	ctrl	verified_via_num_features_eq_1	num_features	8.952230964953317	0.0698102543668552	0.4913359110631918	0.4233443307943351	0.3746255416659349	0.0354094016569237	3.864453166209605	208.0	-1.0323023549670207	0.9565353633392664	1.0	1.0	both	middle	0.961211477151966	0.5951115834218916												joint_grid_target
K562_essential_day7	ACH-000551	NBAS	107.0	10691.0	1.0	310385.0	8563.0	h5ad_obs	supplementary	ctrl	verified_via_num_features_eq_1	num_features	4.358174873061388	0.0339187776152547	0.2286580499867941	0.2011166559649774	0.1799567659656627	0.0346219804690941	0.694683749420566	3.0	-0.3219021241810834	0.2401662759636879	1.0	1.0	both	middle	0.5191285866099894	0.14665249734325186												joint_grid_target
K562_essential_day7	ACH-000551	NBEAL1	99.0	10691.0	1.0	310385.0	8563.0	h5ad_obs	supplementary	ctrl	verified_via_num_features_eq_1	num_features	3.223525878504146	0.0265832641035714	0.1412910046589713	0.1267845836664995	0.1148521424475502	0.0278485253527511	0.1139588774984847	0.0	-0.4487171904377858	0.439480252459868	1.0	1.0	both	middle	0.29330499468650373	0.22210414452709884												joint_grid_target
K562_essential_day7	ACH-000551	NBPF3	133.0	10691.0	1.0	310385.0	8563.0	h5ad_obs	supplementary	ctrl	verified_via_num_features_eq_1	num_features	2.837396470732679	0.0234437356289139	0.1293365340452439	0.1137241737897439	0.1025550963674091	0.0283250076214408	0.1180762159302535	0.0	-0.6840672815712858	0.7963411841364123	1.0	1.0	both	middle	0.17640807651434645	0.39054197662061635												joint_grid_target
K562_essential_day7	ACH-000551	NCAPD2	48.0	10691.0	1.0	310385.0	8563.0	h5ad_obs	supplementary	ctrl	verified_via_num_features_eq_1	num_features	4.839353283907467	0.0397173427031529	0.2392524689179057	0.2022090307581892	0.1782613704507308	0.0297279131537091	0.3625441494656112	4.0	-1.327041291151985	0.987335965461467	1.0	1.0	both	middle	0.6445270988310308	0.7343251859723698												joint_grid_target
K562_essential_day7	ACH-000551	NCAPD3	81.0	10691.0	1.0	310385.0	8563.0	h5ad_obs	supplementary	ctrl	verified_via_num_features_eq_1	num_features	3.741094828974768	0.0306100439952971	0.1871906980344551	0.1571094362812996	0.1383466506174949	0.0299696987045972	0.1491944271065435	1.0	-0.2260573383418196	0.1329353233323276	1.0	1.0	both	middle	0.4287991498405951	0.09192348565356004												joint_grid_target
K562_essential_day7	ACH-000551	NCAPG	79.0	10691.0	1.0	310385.0	8563.0	h5ad_obs	supplementary	ctrl	verified_via_num_features_eq_1	num_features	3.8508936402751233	0.0310345970256101	0.2056108553897175	0.1704873108125076	0.1477105144817537	0.032076724211728	0.2983399326172495	2.0	-1.3230356526935088	0.98721141605147	1.0	1.0	both	middle	0.4404888416578108	0.7321997874601488												joint_grid_target
K562_essential_day7	ACH-000551	NCAPG2	84.0	10691.0	1.0	310385.0	8563.0	h5ad_obs	supplementary	ctrl	verified_via_num_features_eq_1	num_features	3.681024990019244	0.0301806309019886	0.1764973732635845	0.1540988702316695	0.1375927800161674	0.0298136535835477	0.2078275969121357	1.0	-0.7261322382000108	0.8355505211461404	1.0	1.0	both	middle	0.4117959617428268	0.410201912858661												joint_grid_target
K562_essential_day7	ACH-000551	NCAPH	68.0	10691.0	1.0	310385.0	8563.0	h5ad_obs	supplementary	ctrl	verified_via_num_features_eq_1	num_features	5.334985968950414	0.0404936326295286	0.3557641603161259	0.2872477769493511	0.2441305826172613	0.0414203722973718	1.0993249564243754	27.0	-0.5284014546787035	0.577682089422449	1.0	1.0	both	middle	0.6604675876726886	0.27948990435706694												joint_grid_target
K562_essential_day7	ACH-000551	NCAPH2	143.0	10691.0	1.0	310385.0	8563.0	h5ad_obs	supplementary	ctrl	verified_via_num_features_eq_1	num_features	2.965044155459605	0.0234907483158698	0.1880204468957083	0.1414055964654997	0.1193137851788469	0.0351490674063365	0.0977641010273249	4.0	-0.495248819557383	0.5206295593094745	1.0	1.0	both	Q4_low_info	0.1785334750265675	0.24920297555791712												joint_grid_target
K562_essential_day7	ACH-000551	NCBP1	60.0	10691.0	1.0	310385.0	8563.0	h5ad_obs	supplementary	ctrl	verified_via_num_features_eq_1	num_features	8.909508446642981	0.0642522089624622	0.6800634830481811	0.5424265519200451	0.4543274017282643	0.0492943265125034	2.5396000776971555	221.0	-1.9125254389473112	0.9999214593670976	1.0	1.0	both	Q1_anchor	0.934643995749203	0.8905419766206164												joint_grid_target
K562_essential_day7	ACH-000551	NCBP2	992.0	10691.0	1.0	310385.0	8563.0	h5ad_obs	supplementary	ctrl	verified_via_num_features_eq_1	num_features	7.234906531207762	0.0460742838388391	0.63477820575582	0.5023575090075059	0.4134911579153688	0.0636646513624488	2.1371137422454183	160.0	-2.067008540594641	0.9999996709228948	1.0	1.0	both	Q1_anchor	0.7630180658873539	0.9160467587672688												joint_grid_target
K562_essential_day7	ACH-000551	NCKAP1	70.0	10691.0	1.0	310385.0	8563.0	h5ad_obs	supplementary	ctrl	verified_via_num_features_eq_1	num_features	5.395798639128914	0.0427253433046393	0.2774221387836401	0.243605229121826	0.2172334963659184	0.0332924001368462	0.8714788765524979	12.0	-0.275406098441473	0.1828337295674888	1.0	1.0	both	middle	0.7029755579171094	0.12008501594048884												joint_grid_target
K562_essential_day7	ACH-000551	NCL	298.0	10691.0	1.0	310385.0	8563.0	h5ad_obs	supplementary	ctrl	verified_via_num_features_eq_1	num_features	2.5801807232502973	0.0187807547804515	0.1911095295917186	0.1369738672716444	0.1096625761871136	0.0425861849422889	0.17359763940056	2.0	-0.4215639506683092	0.3929689703677329	1.0	1.0	both	Q4_low_info	0.03825717321997875	0.20191285866099895												joint_grid_target
K562_essential_day7	ACH-000551	NCOA4	134.0	10691.0	1.0	310385.0	8563.0	h5ad_obs	supplementary	ctrl	verified_via_num_features_eq_1	num_features	2.784059184167609	0.0229712719459208	0.1232117582876666	0.1093889202600974	0.099817007917677	0.0278056052347361	0.0841513988144182	0.0	-0.8852823071805551	0.921699656795749	1.0	1.0	both	middle	0.15887353878852284	0.5063761955366631												joint_grid_target
K562_essential_day7	ACH-000551	NDC1	39.0	10691.0	1.0	310385.0	8563.0	h5ad_obs	supplementary	ctrl	verified_via_num_features_eq_1	num_features	5.282411801224964	0.0434501545222564	0.2402889554147929	0.2131162801230001	0.1925473805137657	0.028639759198325	0.3536037353050894	4.0	-0.2381816437773907	0.1441489700613394	1.0	1.0	both	middle	0.7157279489904357	0.09883103081827843												joint_grid_target
K562_essential_day7	ACH-000551	NDC80	214.0	10691.0	1.0	310385.0	8563.0	h5ad_obs	supplementary	ctrl	verified_via_num_features_eq_1	num_features	4.755642671233035	0.034556291790332	0.2892302179262307	0.2489493091367518	0.2208109093127457	0.0420656741353738	1.1646730126908018	16.0	-1.572572500368614	0.9933881893640302	1.0	1.0	both	middle	0.5329436769394261	0.8103081827842721												joint_grid_target
K562_essential_day7	ACH-000551	NDOR1	42.0	10691.0	1.0	310385.0	8563.0	h5ad_obs	supplementary	ctrl	verified_via_num_features_eq_1	num_features	5.077181677312655	0.0416654217964686	0.2343180601921988	0.2015339220303688	0.1820732306416498	0.0282433647202192	0.3043509689043624	2.0	-0.4125995660907184	0.3779380521118403	1.0	1.0	both	middle	0.679596174282678	0.19394261424017004												joint_grid_target
K562_essential_day7	ACH-000551	NDUFA11	80.0	10691.0	1.0	310385.0	8563.0	h5ad_obs	supplementary	ctrl	verified_via_num_features_eq_1	num_features	3.963756024716192	0.0309402649359245	0.2363821870616028	0.1791820437655723	0.1521011731006111	0.0338153991436138	0.1768203888353028	3.0	-0.7360278924394359	0.8435511475306333	1.0	1.0	both	middle	0.436769394261424	0.4155154091392136												joint_grid_target
K562_essential_day7	ACH-000551	NDUFA2	187.0	10691.0	1.0	310385.0	8563.0	h5ad_obs	supplementary	ctrl	verified_via_num_features_eq_1	num_features	6.26518945935553	0.0453923336950339	0.4271422345412904	0.3557275941275107	0.3075865990128699	0.0457592717710986	2.0137497171130967	83.0	-1.1058082458088443	0.9679247608307624	1.0	1.0	both	middle	0.7523910733262487	0.6333687566418703												joint_grid_target
K562_essential_day7	ACH-000551	NDUFA4	86.0	10691.0	1.0	310385.0	8563.0	h5ad_obs	supplementary	ctrl	verified_via_num_features_eq_1	num_features	4.209975258986467	0.0316382063121748	0.2565496537234848	0.1870329486523067	0.1565148725261558	0.0345183737916031	0.2810334805613337	1.0	-1.2724028645912224	0.9849599221463562	1.0	1.0	both	middle	0.4543039319872476	0.7109458023379384												joint_grid_target
K562_essential_day7	ACH-000551	NDUFA6	169.0	10691.0	1.0	310385.0	8563.0	h5ad_obs	supplementary	ctrl	verified_via_num_features_eq_1	num_features	3.0475158693317086	0.0236359835613483	0.1968603898059027	0.150808435366577	0.1255116058435791	0.0372559820115595	0.290707614527971	2.0	-0.8047250706450289	0.8880224516110149	1.0	1.0	both	middle	0.1806588735387885	0.45642933049946866												joint_grid_target
K562_essential_day7	ACH-000551	NDUFA8	109.0	10691.0	1.0	310385.0	8563.0	h5ad_obs	supplementary	ctrl	verified_via_num_features_eq_1	num_features	3.863070475795324	0.0300305379050028	0.228114632439174	0.1829555479429334	0.1600854486962236	0.0355734947553313	0.4759192149520377	3.0	-1.100583714028821	0.9671927870052436	1.0	1.0	both	middle	0.40541976620616366	0.6312433581296493												joint_grid_target
K562_essential_day7	ACH-000551	NDUFAB1	160.0	10691.0	1.0	310385.0	8563.0	h5ad_obs	supplementary	ctrl	verified_via_num_features_eq_1	num_features	4.232137708829114	0.0303400450422469	0.3204348485947507	0.2346817941647331	0.193028117367106	0.0451655433139392	0.8585169217468529	13.0	-0.6358337704223881	0.7403511263557685	1.0	1.0	both	middle	0.41870350690754515	0.3538788522848034												joint_grid_target
K562_essential_day7	ACH-000551	NDUFAF3	81.0	10691.0	1.0	310385.0	8563.0	h5ad_obs	supplementary	ctrl	verified_via_num_features_eq_1	num_features	3.865651170253457	0.0312493616787142	0.2120098288307518	0.1743101470559391	0.1519428043041929	0.0325705865022517	0.2873032433852813	3.0	-0.5843462272990786	0.6680183797356709	1.0	1.0	both	middle	0.4463336875664187	0.31827842720510097												joint_grid_target
K562_essential_day7	ACH-000551	NDUFB10	154.0	10691.0	1.0	310385.0	8563.0	h5ad_obs	supplementary	ctrl	verified_via_num_features_eq_1	num_features	3.4639078987871703	0.0248535901531453	0.276255679289051	0.1864708316211579	0.1465401924193004	0.0438092517546075	0.2686501210243239	5.0	-0.933428781785568	0.935777721053067	1.0	1.0	both	middle	0.23007438894792773	0.5324123273113709												joint_grid_target
K562_essential_day7	ACH-000551	NDUFB3	141.0	10691.0	1.0	310385.0	8563.0	h5ad_obs	supplementary	ctrl	verified_via_num_features_eq_1	num_features	2.859880690588153	0.0225645607010221	0.1621932802239985	0.1252873753921726	0.1068171510978212	0.0324208568693353	0.0766278968141893	1.0	-0.9771036838809586	0.9459933215202252	1.0	1.0	both	middle	0.14771519659936239	0.5600425079702445												joint_grid_target
K562_essential_day7	ACH-000551	NDUFB4	166.0	10691.0	1.0	310385.0	8563.0	h5ad_obs	supplementary	ctrl	verified_via_num_features_eq_1	num_features	3.377118289414401	0.0257571854134699	0.2182719936528196	0.1686082273578154	0.1422016391034352	0.0382229690323412	0.3973321130876464	3.0	-1.3915647514821896	0.9887351809553748	1.0	1.0	both	middle	0.26567481402763016	0.7587672688629118												joint_grid_target
K562_essential_day7	ACH-000551	NDUFB6	190.0	10691.0	1.0	310385.0	8563.0	h5ad_obs	supplementary	ctrl	verified_via_num_features_eq_1	num_features	2.73340735188951	0.0213754026986803	0.1559815963571753	0.1221461289761606	0.1051436347489307	0.0333664085379043	0.1688479628024737	1.0	-0.6135667459696419	0.710585277593489	1.0	1.0	both	middle	0.10573857598299681	0.3368756641870351												joint_grid_target
K562_essential_day7	ACH-000551	NDUFB7	74.0	10691.0	1.0	310385.0	8563.0	h5ad_obs	supplementary	ctrl	verified_via_num_features_eq_1	num_features	4.021781731647906	0.0320143242910533	0.2299562314928716	0.1792989633761218	0.1547211035270519	0.0327022398250516	0.3028687608771214	3.0	-0.8261051494204633	0.8985387784300394	1.0	1.0	both	middle	0.4665249734325186	0.4691817215727949												joint_grid_target
K562_essential_day7	ACH-000551	NDUFB8	193.0	10691.0	1.0	310385.0	8563.0	h5ad_obs	supplementary	ctrl	verified_via_num_features_eq_1	num_features	3.1935107417961257	0.0240567299860027	0.2034742941692685	0.1599544748604663	0.1364406544689496	0.0388243202761179	0.310388212865714	2.0	-0.5161898198928262	0.5568573993087459	1.0	1.0	both	middle	0.20031880977683317	0.2678002125398512												joint_grid_target
K562_essential_day7	ACH-000551	NDUFS3	112.0	10691.0	1.0	310385.0	8563.0	h5ad_obs	supplementary	ctrl	verified_via_num_features_eq_1	num_features	3.4496837787478407	0.0273201049421758	0.2085858772448214	0.1613260351598627	0.1389884632315609	0.0344799126996682	0.2539590873921948	2.0	-0.6290967980653156	0.7316087615457421	1.0	1.0	both	middle	0.3188097768331562	0.34909670563230605												joint_grid_target
K562_essential_day7	ACH-000551	NDUFS5	195.0	10691.0	1.0	310385.0	8563.0	h5ad_obs	supplementary	ctrl	verified_via_num_features_eq_1	num_features	2.6173617485897536	0.0196749798797045	0.1525050868128345	0.1125003277475282	0.0951585172671961	0.0333874730973386	0.0994278909574823	1.0	-1.1658052225569937	0.975600184277948	1.0	1.0	both	middle	0.05526036131774708	0.6578108395324124												joint_grid_target
K562_essential_day7	ACH-000551	NEDD1	142.0	10691.0	1.0	310385.0	8563.0	h5ad_obs	supplementary	ctrl	verified_via_num_features_eq_1	num_features	3.8084794892326927	0.0285590764940876	0.2895587200818284	0.2161083145829605	0.1767848408993231	0.0441846457042741	0.5558627302954804	12.0	-1.829605484426395	0.9996304357599612	1.0	1.0	both	middle	0.36769394261424015	0.8756641870350691												joint_grid_target
K562_essential_day7	ACH-000551	NEDD8	197.0	10691.0	1.0	310385.0	8563.0	h5ad_obs	supplementary	ctrl	verified_via_num_features_eq_1	num_features	6.317978675716328	0.0425133858243139	0.5502645110859568	0.4260999409055566	0.3452545540157084	0.0585234392125182	1.5726127466320854	88.0	-2.4934931689160527	1.0	1.0	1.0	both	middle	0.6971307120085016	0.9609458023379384												joint_grid_target
K562_essential_day7	ACH-000551	NELFA	89.0	10691.0	1.0	310385.0	8563.0	h5ad_obs	supplementary	ctrl	verified_via_num_features_eq_1	num_features	6.198088212091263	0.0450251616135025	0.4398566561409938	0.3673687588753725	0.313555597782186	0.0476421114796371	0.9543194920419502	84.0	-0.5250833255932408	0.5720506415061037	1.0	1.0	both	middle	0.7465462274176408	0.2773645058448459												joint_grid_target
K562_essential_day7	ACH-000551	NELFB	140.0	10691.0	1.0	310385.0	8563.0	h5ad_obs	supplementary	ctrl	verified_via_num_features_eq_1	num_features	4.8987060327729015	0.036638072121229	0.3193544152688314	0.2668796315827386	0.2285368422515862	0.0425330842676943	0.8602943207079949	23.0	-1.4163905053748906	0.98912271014427	1.0	1.0	both	middle	0.5876726886291179	0.7662061636556854												joint_grid_target
K562_essential_day7	ACH-000551	NELFCD	201.0	10691.0	1.0	310385.0	8563.0	h5ad_obs	supplementary	ctrl	verified_via_num_features_eq_1	num_features	4.120212055316749	0.0300300004633845	0.3039554801659537	0.2454461846315536	0.2058787529358048	0.0477248977897694	0.475025077811118	15.0	-0.4347080709692589	0.4153441051887676	1.0	1.0	both	middle	0.40488841657810837	0.2104144527098831												joint_grid_target
K562_essential_day7	ACH-000551	NELFE	74.0	10691.0	1.0	310385.0	8563.0	h5ad_obs	supplementary	ctrl	verified_via_num_features_eq_1	num_features	5.217141575922005	0.0406054030062131	0.2997406648544644	0.2564994821138912	0.2249397048487077	0.0368847401048982	0.556959805218419	19.0	-0.2710080511632329	0.1778835084801053	1.0	1.0	both	middle	0.6631243358129649	0.11742826780021254												joint_grid_target
K562_essential_day7	ACH-000551	NEMF	63.0	10691.0	1.0	310385.0	8563.0	h5ad_obs	supplementary	ctrl	verified_via_num_features_eq_1	num_features	4.57463433999355	0.0360795672095053	0.2677753497148554	0.2168007520121764	0.1879620772815438	0.0350867809285607	0.5743438757880384	7.0	-0.0825269965448801	0.045001875376877	1.0	1.0	both	middle	0.5765143464399575	0.038788522848034												joint_grid_target
K562_essential_day7	ACH-000551	NFATC2IP	118.0	10691.0	1.0	310385.0	8563.0	h5ad_obs	supplementary	ctrl	verified_via_num_features_eq_1	num_features	2.925901953020332	0.0240664968861561	0.1334608195640962	0.1150317777667709	0.1037671055603486	0.0279093044306297	0.0829781961581286	1.0	-0.3767941941617193	0.3200654662939466	1.0	1.0	both	Q4_low_info	0.20085015940488843	0.17321997874601489												joint_grid_target
K562_essential_day7	ACH-000551	NFKBIE	51.0	10691.0	1.0	310385.0	8563.0	h5ad_obs	supplementary	ctrl	verified_via_num_features_eq_1	num_features	5.864873239368718	0.0467764076957346	0.295472727070775	0.2548475034526122	0.227698364509214	0.0318124837411017	0.8163809725796458	17.0	-0.3458234225859652	0.2735103687810151	1.0	1.0	both	Q2_shift_excess	0.7747077577045696	0.155154091392136												joint_grid_target
K562_essential_day7	ACH-000551	NFRKB	228.0	10691.0	1.0	310385.0	8563.0	h5ad_obs	supplementary	ctrl	verified_via_num_features_eq_1	num_features	4.229786880752563	0.0304315733664382	0.3488456655221003	0.2637512561500591	0.212338565415829	0.0506074191870034	0.4672100132380041	19.0	-0.4561709193920551	0.4524204420802795	1.0	1.0	both	middle	0.42348565356004253	0.2252922422954304												joint_grid_target
K562_essential_day7	ACH-000551	NFS1	82.0	10691.0	1.0	310385.0	8563.0	h5ad_obs	supplementary	ctrl	verified_via_num_features_eq_1	num_features	5.151401327683765	0.0400653547204226	0.2813289633477344	0.2460342172829362	0.2190662822734884	0.0358567215883543	1.1405839291190052	14.0	-1.589099225246287	0.9940218607308547	1.0	1.0	both	middle	0.6519659936238045	0.8172157279489904												joint_grid_target
K562_essential_day7	ACH-000551	NFYB	28.0	10691.0	1.0	310385.0	8563.0	h5ad_obs	supplementary	ctrl	verified_via_num_features_eq_1	num_features	6.356694466062395	0.0518776946507262	0.3131950452798487	0.2700002833850204	0.2391931672983666	0.0303897838899221	0.5160482832921076	26.0	-0.8339271771843951	0.9020770187908091	1.0	1.0	both	middle	0.8390010626992561	0.473432518597237												joint_grid_target
K562_essential_day7	ACH-000551	NFYC	23.0	10691.0	1.0	310385.0	8563.0	h5ad_obs	supplementary	ctrl	verified_via_num_features_eq_1	num_features	8.668779608518623	0.0671724368038509	0.5079581507547166	0.4265244591073644	0.372559613569551	0.0370763435594528	2.422035516772228	200.0	-0.9207392644888052	0.9324000765617804	1.0	1.0	both	middle	0.953241232731137	0.5255047821466525												joint_grid_target
K562_essential_day7	ACH-000551	NHLRC2	91.0	10691.0	1.0	310385.0	8563.0	h5ad_obs	supplementary	ctrl	verified_via_num_features_eq_1	num_features	3.36989801107262	0.0277950965446424	0.1527933600007762	0.1356386362558793	0.1228124812594494	0.0284943850077946	0.1274665440271771	0.0	-0.4551503212465994	0.4506446129594837	1.0	1.0	both	middle	0.33846971307120083	0.22476089266737515												joint_grid_target
K562_essential_day7	ACH-000551	NHP2	66.0	10691.0	1.0	310385.0	8563.0	h5ad_obs	supplementary	ctrl	verified_via_num_features_eq_1	num_features	4.756948106451545	0.0378595399410909	0.2773354407998787	0.2197813679252699	0.1871470060780292	0.033896870189298	0.5386036613005647	6.0	-0.6610711760055193	0.7711754936719588	1.0	1.0	both	middle	0.61211477151966	0.371413390010627												joint_grid_target
K562_essential_day7	ACH-000551	NIFK	240.0	10691.0	1.0	310385.0	8563.0	h5ad_obs	supplementary	ctrl	verified_via_num_features_eq_1	num_features	6.437195259872167	0.0446447821359122	0.5136704596298847	0.4086486640263871	0.3339466031553077	0.0534470126345514	2.822580576056117	86.0	-2.211505972109522	1.0	1.0	1.0	both	middle	0.7375132837407014	0.9609458023379384												joint_grid_target
K562_essential_day7	ACH-000551	NIP7	279.0	10691.0	1.0	310385.0	8563.0	h5ad_obs	supplementary	ctrl	verified_via_num_features_eq_1	num_features	4.757167189277022	0.0335143179118957	0.3639097367523085	0.2966681418063308	0.2440264844660681	0.0516873881044461	1.5245274987400332	36.0	-1.8755208848654847	0.9998369040955916	1.0	1.0	both	middle	0.5085015940488842	0.8836344314558979												joint_grid_target
K562_essential_day7	ACH-000551	NISCH	144.0	10691.0	1.0	310385.0	8563.0	h5ad_obs	supplementary	ctrl	verified_via_num_features_eq_1	num_features	2.7018805358355538	0.0221929746975652	0.1309217067747978	0.1096281636328217	0.0977872689012597	0.0288436808589033	0.0995695392069588	1.0	-0.305851345293085	0.219282345662533	1.0	1.0	both	Q4_low_info	0.1381509032943677	0.13708820403825717												joint_grid_target
K562_essential_day7	ACH-000551	NKAP	123.0	10691.0	1.0	310385.0	8563.0	h5ad_obs	supplementary	ctrl	verified_via_num_features_eq_1	num_features	6.945441019445613	0.0516810664001817	0.4404543807064834	0.3687557935233049	0.3171142241593844	0.0416630870533663	2.425643229470957	94.0	-0.9490514708552558	0.9396665197165756	1.0	1.0	both	middle	0.8358129649309245	0.5441020191285866												joint_grid_target
K562_essential_day7	ACH-000551	NLE1	413.0	10691.0	1.0	310385.0	8563.0	h5ad_obs	supplementary	ctrl	verified_via_num_features_eq_1	num_features	5.657968823332194	0.039035922149779	0.4270507841491312	0.3561699616462754	0.2954928665273665	0.0532766497242052	2.4230159364576167	60.0	-1.0065521385928833	0.9518840476225808	1.0	1.0	both	middle	0.6323060573857598	0.5786397449521785												joint_grid_target
K562_essential_day7	ACH-000551	NMD3	64.0	10691.0	1.0	310385.0	8563.0	h5ad_obs	supplementary	ctrl	verified_via_num_features_eq_1	num_features	5.525452109669187	0.0425612454271792	0.3166914363279966	0.2735920690865868	0.2400839178601559	0.0375347248307547	1.3610827067186158	30.0	-1.2968759484953605	0.98620605858309	1.0	1.0	both	middle	0.6987247608926673	0.7189160467587673												joint_grid_target
K562_essential_day7	ACH-000551	NMT1	25.0	10691.0	1.0	310385.0	8563.0	h5ad_obs	supplementary	ctrl	verified_via_num_features_eq_1	num_features	6.241536775997553	0.0518664743025887	0.2575312618211923	0.2349750358225023	0.2176468025137868	0.0264532512959603	0.3938991081951304	9.0	-0.9340049068946812	0.935924360716969	1.0	1.0	both	middle	0.8384697130712009	0.5329436769394261												joint_grid_target
K562_essential_day7	ACH-000551	NOB1	53.0	10691.0	1.0	310385.0	8563.0	h5ad_obs	supplementary	ctrl	verified_via_num_features_eq_1	num_features	5.827231614614812	0.0456606531100004	0.3529638319247215	0.2927705355476006	0.2505943851560495	0.0374394369093153	1.1374232995633804	35.0	-1.1434398997428818	0.972911832354959	1.0	1.0	both	middle	0.7550478214665249	0.6514346439957492												joint_grid_target
K562_essential_day7	ACH-000551	NOC2L	28.0	10691.0	1.0	310385.0	8563.0	h5ad_obs	supplementary	ctrl	verified_via_num_features_eq_1	num_features	7.228266346419637	0.0577033959268592	0.4020504103957261	0.3408742286084781	0.296922868563983	0.0344934675904685	1.54578221784743	78.0	-0.5772892621512974	0.6571956867238787	1.0	1.0	both	middle	0.895855472901169	0.3140276301806589												joint_grid_target
K562_essential_day7	ACH-000551	NOC3L	83.0	10691.0	1.0	310385.0	8563.0	h5ad_obs	supplementary	ctrl	verified_via_num_features_eq_1	num_features	5.283148415580263	0.0400454423374742	0.3243320402163616	0.2812605785373349	0.2422441277804704	0.0410109501160812	1.4332568464838946	36.0	-0.5242183424268312	0.5705826131308689	1.0	1.0	both	middle	0.6509032943676939	0.2763018065887354												joint_grid_target
K562_essential_day7	ACH-000551	NOC4L	34.0	10691.0	1.0	310385.0	8563.0	h5ad_obs	supplementary	ctrl	verified_via_num_features_eq_1	num_features	8.183587429921582	0.0633288097373427	0.4535526101757045	0.3929990291302438	0.3470684923473005	0.0362354961526173	3.133855592716948	160.0	-1.000150615487497	0.9506653551125016	1.0	1.0	both	middle	0.9282678002125399	0.5738575982996812												joint_grid_target
K562_essential_day7	ACH-000551	NOL10	25.0	10691.0	1.0	310385.0	8563.0	h5ad_obs	supplementary	ctrl	verified_via_num_features_eq_1	num_features	9.006992548797632	0.0709970109931805	0.4935190538074224	0.4166857370508403	0.3682364837179925	0.0342698836718105	3.141554552795476	198.0	-1.3489994657254802	0.9879293245660918	1.0	1.0	both	middle	0.9649309245483528	0.7422954303931987												joint_grid_target
K562_essential_day7	ACH-000551	NOL11	271.0	10691.0	1.0	310385.0	8563.0	h5ad_obs	supplementary	ctrl	verified_via_num_features_eq_1	num_features	6.819480492341037	0.0474042917782126	0.5209277248806818	0.4204909460934777	0.3501861990654444	0.0517944286691368	3.075001774510497	102.0	-0.9162210786905562	0.9311317090951358	1.0	1.0	both	middle	0.7832093517534537	0.5233793836344315												joint_grid_target
K562_essential_day7	ACH-000551	NOL12	93.0	10691.0	1.0	310385.0	8563.0	h5ad_obs	supplementary	ctrl	verified_via_num_features_eq_1	num_features	4.852741831499584	0.037071663543128	0.2945490754645751	0.2501576280258311	0.2162943509099103	0.0394017703793165	1.1907189081936291	18.0	-0.8416079133545328	0.9054098513838436	1.0	1.0	both	middle	0.5967056323060573	0.4760892667375133												joint_grid_target
K562_essential_day7	ACH-000551	NOL6	114.0	10691.0	1.0	310385.0	8563.0	h5ad_obs	supplementary	ctrl	verified_via_num_features_eq_1	num_features	8.92184119587906	0.0656308320618459	0.5609386759763884	0.4819938027370297	0.4201136023496758	0.0428822539486897	5.473222556588709	230.0	-1.2309586449419372	0.9820716369614776	1.0	1.0	both	middle	0.9452709883103082	0.6912858660998937												joint_grid_target
K562_essential_day7	ACH-000551	NOL7	73.0	10691.0	1.0	310385.0	8563.0	h5ad_obs	supplementary	ctrl	verified_via_num_features_eq_1	num_features	4.290312176998141	0.0341712236796701	0.2305490334796073	0.1899935617835592	0.1675379146291946	0.0324655237508175	0.358299013964535	3.0	-0.5095129086237465	0.5453724672503696	1.0	1.0	both	middle	0.526567481402763	0.26195536663124336												joint_grid_target
K562_essential_day7	ACH-000551	NOL8	79.0	10691.0	1.0	310385.0	8563.0	h5ad_obs	supplementary	ctrl	verified_via_num_features_eq_1	num_features	5.61396980473347	0.0423204185957978	0.3814874010812125	0.303520297617672	0.2545726778998364	0.0418776058481186	1.7144346503560168	32.0	-0.5968923614406696	0.686736372323624	1.0	1.0	both	middle	0.6934112646121148	0.32624867162592985												joint_grid_target
K562_essential_day7	ACH-000551	NOL9	33.0	10691.0	1.0	310385.0	8563.0	h5ad_obs	supplementary	ctrl	verified_via_num_features_eq_1	num_features	6.093209276734346	0.0489924135895437	0.3126901838200642	0.2695988037460525	0.2384849216493215	0.0321316617011838	0.99260506404549	28.0	-1.4302999903454994	0.9893478690781804	1.0	1.0	both	Q1_anchor	0.80605738575983	0.7704569606801275												joint_grid_target
K562_essential_day7	ACH-000551	NOLC1	119.0	10691.0	1.0	310385.0	8563.0	h5ad_obs	supplementary	ctrl	verified_via_num_features_eq_1	num_features	3.829839183811324	0.0293049359502367	0.2760722366777062	0.1991454915565786	0.1631279676861784	0.0396801917980349	0.4276091040867875	6.0	-0.3830124480985966	0.3298137893700956	1.0	1.0	both	middle	0.3894792773645058	0.17640807651434645												joint_grid_target
K562_essential_day7	ACH-000551	NOM1	80.0	10691.0	1.0	310385.0	8563.0	h5ad_obs	supplementary	ctrl	verified_via_num_features_eq_1	num_features	5.494197928436596	0.0412891211358204	0.3925321551729734	0.309010910869689	0.2568251230037597	0.0437000803775479	1.2414186849333078	36.0	-0.158447388608198	0.0820071305250965	1.0	1.0	both	middle	0.675345377258236	0.062167906482465465												joint_grid_target
K562_essential_day7	ACH-000551	NOP10	147.0	10691.0	1.0	310385.0	8563.0	h5ad_obs	supplementary	ctrl	verified_via_num_features_eq_1	num_features	4.471230445060732	0.0325284756816707	0.3531033682702042	0.2662796243601746	0.2182158507703158	0.0477989419770696	0.9434887662123544	19.0	-0.9495397752526284	0.939785092789034	1.0	1.0	both	middle	0.48034006376195537	0.5451647183846972												joint_grid_target
K562_essential_day7	ACH-000551	NOP14	47.0	10691.0	1.0	310385.0	8563.0	h5ad_obs	supplementary	ctrl	verified_via_num_features_eq_1	num_features	7.392141893836219	0.0565859517699006	0.4539299522876597	0.3845755567936034	0.3306201539085668	0.0396841527597198	2.528796887773934	113.0	-1.0274968762411083	0.9556942196092616	1.0	1.0	both	middle	0.8852284803400637	0.5924548352816154												joint_grid_target
K562_essential_day7	ACH-000551	NOP16	149.0	10691.0	1.0	310385.0	8563.0	h5ad_obs	supplementary	ctrl	verified_via_num_features_eq_1	num_features	6.087434800400632	0.0439271336993389	0.4479043182393047	0.3615153961151549	0.3044035013318104	0.0480549347639784	2.4554900038371947	71.0	-1.4802563715077046	0.9903671558288376	1.0	1.0	both	middle	0.7263549415515409	0.78586609989373												joint_grid_target
K562_essential_day7	ACH-000551	NOP2	58.0	10691.0	1.0	310385.0	8563.0	h5ad_obs	supplementary	ctrl	verified_via_num_features_eq_1	num_features	8.370527303194358	0.0616524069789813	0.5761235920586224	0.4701723481900136	0.4007404217627092	0.0445298372129545	4.139886429722136	184.0	-1.3504227186996698	0.9879635940781466	1.0	1.0	both	middle	0.9208289054197663	0.7433581296493093												joint_grid_target
K562_essential_day7	ACH-000551	NOP56	99.0	10691.0	1.0	310385.0	8563.0	h5ad_obs	supplementary	ctrl	verified_via_num_features_eq_1	num_features	3.286321154935925	0.0270182654480966	0.1513638326460819	0.1342246504206455	0.1213966223906233	0.0290080728649527	0.1683329935744772	0.0	-1.2442455077839278	0.9831018792816988	1.0	1.0	both	middle	0.3097768331562168	0.696068012752391												joint_grid_target
K562_essential_day7	ACH-000551	NOP58	55.0	10691.0	1.0	310385.0	8563.0	h5ad_obs	supplementary	ctrl	verified_via_num_features_eq_1	num_features	6.922482883353486	0.051883430715478	0.4674414514018976	0.3855191944599127	0.3254636042138148	0.0433871757175675	2.3706728851633923	91.0	-1.2410022977901871	0.9828630753536688	1.0	1.0	both	middle	0.8395324123273114	0.6944739638682252												joint_grid_target
K562_essential_day7	ACH-000551	NOP9	78.0	10691.0	1.0	310385.0	8563.0	h5ad_obs	supplementary	ctrl	verified_via_num_features_eq_1	num_features	3.669646044986089	0.0303324604259164	0.1602576568377198	0.1458596578865809	0.1330434824189679	0.0280783518091239	0.1896114333677836	0.0	-0.2769127879055769	0.1845385165076978	1.0	1.0	both	middle	0.4181721572794899	0.12167906482465463												joint_grid_target
K562_essential_day7	ACH-000551	NOS1AP	54.0	10691.0	1.0	310385.0	8563.0	h5ad_obs	supplementary	ctrl	verified_via_num_features_eq_1	num_features	4.211056730267917	0.0349305190945874	0.1864244326567162	0.1640798668386444	0.1487682431524708	0.0274280110386183	0.220767047584907	1.0	-0.3132404469563413	0.2287496705818275	1.0	1.0	both	middle	0.5451647183846972	0.14133900106269925												joint_grid_target
K562_essential_day7	ACH-000551	NPAT	21.0	10691.0	1.0	310385.0	8563.0	h5ad_obs	supplementary	ctrl	verified_via_num_features_eq_1	num_features	11.131958049340971	0.0822888214433382	0.8338192695733389	0.6482494719711391	0.5291373121841528	0.0459986821761263	5.636639802433564	383.0	-1.2957359887096045	0.9861550771198072	1.0	1.0	both	middle	0.987778958554729	0.718384697130712												joint_grid_target
K562_essential_day7	ACH-000551	NPB	196.0	10691.0	1.0	310385.0	8563.0	h5ad_obs	supplementary	ctrl	verified_via_num_features_eq_1	num_features	2.3958151974975386	0.0197292616883478	0.1145872840323231	0.0981508432000962	0.0869871974448572	0.0290487374892638	0.0773186230200888	1.0	-0.2554465343024995	0.1612908915326705	1.0	1.0	both	Q4_low_info	0.05844845908607864	0.10680127523910733												joint_grid_target
K562_essential_day7	ACH-000551	NPEPPS	153.0	10691.0	1.0	310385.0	8563.0	h5ad_obs	supplementary	ctrl	verified_via_num_features_eq_1	num_features	3.081731359480739	0.0244879430141447	0.1929063912326186	0.1498097574441051	0.125953132643785	0.0357216783174191	0.222228805661734	2.0	-1.1816760602588334	0.9773788202712056	1.0	1.0	both	middle	0.2157279489904357	0.6657810839532412												joint_grid_target
K562_essential_day7	ACH-000551	NPLOC4	60.0	10691.0	1.0	310385.0	8563.0	h5ad_obs	supplementary	ctrl	verified_via_num_features_eq_1	num_features	9.228583998259408	0.0669715609815333	0.6122602179531935	0.5092792946724297	0.4381146890022526	0.0444027285619346	4.051994178568286	265.0	-0.846974986697109	0.9076084128093492	1.0	1.0	both	middle	0.9521785334750266	0.4814027630180659												joint_grid_target
K562_essential_day7	ACH-000551	NPM3	62.0	10691.0	1.0	310385.0	8563.0	h5ad_obs	supplementary	ctrl	verified_via_num_features_eq_1	num_features	4.2268120900101245	0.0346241225955864	0.2100271062396908	0.1758159484281764	0.155680016436874	0.0296499217314883	0.2559318822881611	1.0	-0.1576313100490946	0.0815096493514746	1.0	1.0	both	middle	0.5350690754516472	0.061636556854410204												joint_grid_target
K562_essential_day7	ACH-000551	NR2C2AP	86.0	10691.0	1.0	310385.0	8563.0	h5ad_obs	supplementary	ctrl	verified_via_num_features_eq_1	num_features	3.648111146218203	0.0298566533272816	0.1655447857832977	0.1451319921544914	0.1318296380515332	0.028383509395221	0.2007984878192168	1.0	-0.0291616113227076	0.0287092366904643	1.0	1.0	both	middle	0.40063761955366634	0.022316684378320937												joint_grid_target
K562_essential_day7	ACH-000551	NRBP1	63.0	10691.0	1.0	310385.0	8563.0	h5ad_obs	supplementary	ctrl	verified_via_num_features_eq_1	num_features	6.162276234539981	0.0485174639486715	0.3431673460632155	0.2855998404421275	0.2514472742275043	0.0343719308153096	1.0049652702379817	32.0	-1.57878728776707	0.9936259920213806	1.0	1.0	both	Q1_anchor	0.798087141339001	0.8140276301806588												joint_grid_target
K562_essential_day7	ACH-000551	NRDE2	504.0	10691.0	1.0	310385.0	8563.0	h5ad_obs	supplementary	ctrl	verified_via_num_features_eq_1	num_features	7.275534594408756	0.0489186711633195	0.5150240834763908	0.4220211646332633	0.3637032926986182	0.0503736755614083	3.1402151631654256	152.0	-1.3132375515301875	0.9868724086853352	1.0	1.0	both	middle	0.8049946865037194	0.7258235919234857												joint_grid_target
K562_essential_day7	ACH-000551	NRF1	71.0	10691.0	1.0	310385.0	8563.0	h5ad_obs	supplementary	ctrl	verified_via_num_features_eq_1	num_features	6.328322704403814	0.0465643989016189	0.4746397674230286	0.3788343323077425	0.3137894000101822	0.0475050073744122	0.8733768300982234	70.0	-1.2682430240775462	0.9847102349992332	1.0	1.0	both	middle	0.7699256110520722	0.7082890541976621												joint_grid_target
K562_essential_day7	ACH-000551	NSA2	114.0	10691.0	1.0	310385.0	8563.0	h5ad_obs	supplementary	ctrl	verified_via_num_features_eq_1	num_features	3.822627805117041	0.0297724184897034	0.2489063501951614	0.1956113667814649	0.1634083864194261	0.0383640133094473	0.5445987082665003	8.0	-1.4647192574252623	0.9900059403446562	1.0	1.0	both	middle	0.39744952178533477	0.7805526036131775												joint_grid_target
K562_essential_day7	ACH-000551	NSF	165.0	10691.0	1.0	310385.0	8563.0	h5ad_obs	supplementary	ctrl	verified_via_num_features_eq_1	num_features	2.503908561497029	0.0206441357612265	0.1162303466989206	0.1019568419707167	0.0912010690989291	0.0288379064710463	0.0592761176677125	0.0	-2.3531597163297127	1.0	1.0	1.0	both	Q3_dep_excess	0.08289054197662062	0.9609458023379384												joint_grid_target
K562_essential_day7	ACH-000551	NSL1	72.0	10691.0	1.0	310385.0	8563.0	h5ad_obs	supplementary	ctrl	verified_via_num_features_eq_1	num_features	4.129096180466768	0.0334806449823087	0.2186395954111762	0.1814790950977474	0.1567507893784065	0.0316502284885102	0.3127213241641549	3.0	-1.0441507504478076	0.958538940685684	1.0	1.0	both	middle	0.5074388947927736	0.6009564293304994												joint_grid_target
K562_essential_day7	ACH-000551	NSMCE1	61.0	10691.0	1.0	310385.0	8563.0	h5ad_obs	supplementary	ctrl	verified_via_num_features_eq_1	num_features	4.195518155366634	0.0346895379167299	0.1910135275824719	0.1656368618253097	0.1499086585294015	0.0278806271872319	0.2117221194766259	1.0	-0.2946874496188055	0.2054102558702365	1.0	1.0	both	middle	0.536663124335813	0.13230605738575982												joint_grid_target
K562_essential_day7	ACH-000551	NSMCE2	118.0	10691.0	1.0	310385.0	8563.0	h5ad_obs	supplementary	ctrl	verified_via_num_features_eq_1	num_features	2.893230306073735	0.0240510853165142	0.1248355620081915	0.1108195025597022	0.1008308557322757	0.0269045404156575	0.090838043087901	0.0	-0.1956385480996841	0.1076599574197289	1.0	1.0	both	Q4_low_info	0.19925611052072265	0.07810839532412327												joint_grid_target
K562_essential_day7	ACH-000551	NSRP1	237.0	10691.0	1.0	310385.0	8563.0	h5ad_obs	supplementary	ctrl	verified_via_num_features_eq_1	num_features	7.270141147171596	0.0534956020896116	0.3933877302447086	0.3519365554206822	0.3159552298397878	0.0384140731933986	2.4706697346399302	118.0	-0.2555541631100025	0.1614025987940547	1.0	1.0	both	Q2_shift_excess	0.859192348565356	0.1073326248671626												joint_grid_target
K562_essential_day7	ACH-000551	NSUN4	156.0	10691.0	1.0	310385.0	8563.0	h5ad_obs	supplementary	ctrl	verified_via_num_features_eq_1	num_features	2.6628215269152045	0.0218479342657781	0.1259400758079418	0.1086628709924949	0.0967314628883244	0.0290412198955098	0.0902692115896339	0.0	-0.9363526212800676	0.936521918509479	1.0	1.0	both	middle	0.12539851222104145	0.5350690754516472												joint_grid_target
K562_essential_day7	ACH-000551	NUBP1	152.0	10691.0	1.0	310385.0	8563.0	h5ad_obs	supplementary	ctrl	verified_via_num_features_eq_1	num_features	3.5503035698246634	0.0275663321457792	0.2050595324598335	0.1762939192266653	0.1542153637917575	0.0373424156293368	0.4920399775774164	2.0	-1.0014366447167005	0.9509175109151196	1.0	1.0	both	middle	0.3294367693942614	0.575451647183847												joint_grid_target
K562_essential_day7	ACH-000551	NUBP2	153.0	10691.0	1.0	310385.0	8563.0	h5ad_obs	supplementary	ctrl	verified_via_num_features_eq_1	num_features	2.8010396815066936	0.0225531330732131	0.1632522181648379	0.1268594563855248	0.1080945112726859	0.0328443010277628	0.094801612292338	2.0	-0.4755624945925877	0.4862583978171969	1.0	1.0	both	Q4_low_info	0.14718384697130713	0.23485653560042508												joint_grid_target
K562_essential_day7	ACH-000551	NUDC	117.0	10691.0	1.0	310385.0	8563.0	h5ad_obs	supplementary	ctrl	verified_via_num_features_eq_1	num_features	4.283915061348068	0.0318279582851895	0.2911635263830362	0.223097493480235	0.1850602469728744	0.0409288904196177	0.3519835382866034	6.0	-0.8570326869690947	0.9116045611825891	1.0	1.0	both	middle	0.461211477151966	0.48990435706695007												joint_grid_target
K562_essential_day7	ACH-000551	NUDCD3	112.0	10691.0	1.0	310385.0	8563.0	h5ad_obs	supplementary	ctrl	verified_via_num_features_eq_1	num_features	5.629010590362174	0.0419022280645367	0.3421235451937726	0.2989690967294199	0.2591294145528551	0.0416613408445738	1.0991099110650175	48.0	-0.7199602338849233	0.8303584837761793	1.0	1.0	both	middle	0.6854410201912858	0.4064824654622742												joint_grid_target
K562_essential_day7	ACH-000551	NUDT21	67.0	10691.0	1.0	310385.0	8563.0	h5ad_obs	supplementary	ctrl	verified_via_num_features_eq_1	num_features	9.116131413364124	0.0660955988503281	0.6456932000560938	0.5269497255483131	0.442449180016937	0.0465522526449228	1.6339763435685022	246.0	-1.965190562028444	0.999974822569234	1.0	1.0	both	Q1_anchor	0.9473963868225292	0.89798087141339												joint_grid_target
K562_essential_day7	ACH-000551	NUF2	503.0	10691.0	1.0	310385.0	8563.0	h5ad_obs	supplementary	ctrl	verified_via_num_features_eq_1	num_features	2.938646119120953	0.0214878097424265	0.186565442044292	0.1601519545817356	0.1392625170909621	0.0435195257173011	0.4264229812236753	1.0	-1.102404802528918	0.9674503622839472	1.0	1.0	both	middle	0.1126461211477152	0.6323060573857598												joint_grid_target
K562_essential_day7	ACH-000551	NUFIP1	63.0	10691.0	1.0	310385.0	8563.0	h5ad_obs	supplementary	ctrl	verified_via_num_features_eq_1	num_features	4.835906544604364	0.0382056830263625	0.2890333561989434	0.2391238265352429	0.2038568751882154	0.0365459237596901	0.7346672248636157	14.0	-0.7968561342518165	0.8837948722006421	1.0	1.0	both	middle	0.6190223166843783	0.4527098831030818												joint_grid_target
K562_essential_day7	ACH-000551	NUMA1	284.0	10691.0	1.0	310385.0	8563.0	h5ad_obs	supplementary	ctrl	verified_via_num_features_eq_1	num_features	4.246430389752163	0.0298489043190364	0.3134627411069686	0.2459908116385131	0.2062243886254912	0.048120989815216	0.9257164043084458	10.0	-0.8457975472362023	0.907126087934248	1.0	1.0	both	middle	0.40010626992561105	0.48034006376195537												joint_grid_target
K562_essential_day7	ACH-000551	NUP107	316.0	10691.0	1.0	310385.0	8563.0	h5ad_obs	supplementary	ctrl	verified_via_num_features_eq_1	num_features	6.017706665407037	0.0421906837462973	0.4373074526074406	0.3444093319517205	0.2940565085395066	0.0476653083706773	1.6530003911947375	63.0	-0.6274408997212639	0.729408109869477	1.0	1.0	both	middle	0.6907545164718385	0.3485653560042508												joint_grid_target
K562_essential_day7	ACH-000551	NUP133	79.0	10691.0	1.0	310385.0	8563.0	h5ad_obs	supplementary	ctrl	verified_via_num_features_eq_1	num_features	5.297904843377147	0.0408714919359333	0.3387130757247892	0.2707261605980909	0.2282220002569125	0.0386770902117901	0.9684644491018553	24.0	-1.4609288072071045	0.9899229709395232	1.0	1.0	both	middle	0.6684378320935175	0.7789585547290117												joint_grid_target
K562_essential_day7	ACH-000551	NUP153	86.0	10691.0	1.0	310385.0	8563.0	h5ad_obs	supplementary	ctrl	verified_via_num_features_eq_1	num_features	3.986602509887701	0.0314205923946401	0.2554620635370669	0.1997651267867977	0.1682550499185177	0.0371235386374024	0.3488537524880772	6.0	-0.1049432723319434	0.0540443083765177	1.0	1.0	both	middle	0.4495217853347503	0.04569606801275239												joint_grid_target
K562_essential_day7	ACH-000551	NUP160	291.0	10691.0	1.0	310385.0	8563.0	h5ad_obs	supplementary	ctrl	verified_via_num_features_eq_1	num_features	4.585340765202672	0.0320994973837904	0.3227039210569892	0.2654504743371402	0.2262172109871258	0.0482869010044879	1.048329261895681	23.0	-1.2480864734113633	0.9833808128783734	1.0	1.0	both	middle	0.4691817215727949	0.6981934112646121												joint_grid_target
K562_essential_day7	ACH-000551	NUP205	735.0	10691.0	1.0	310385.0	8563.0	h5ad_obs	supplementary	ctrl	verified_via_num_features_eq_1	num_features	1.4874620995777703	0.0118029984005166	0.0823381092545121	0.0679593976600661	0.0592402296671335	0.0336202727965541	0.0521693139846206	0.0	-1.3787474943122435	0.9885225731942776	1.0	1.0	both	Q3_dep_excess	0.001594048884165781	0.7550478214665249												joint_grid_target
K562_essential_day7	ACH-000551	NUP214	132.0	10691.0	1.0	310385.0	8563.0	h5ad_obs	supplementary	ctrl	verified_via_num_features_eq_1	num_features	3.4313147148367023	0.0257718235253141	0.2657238850524191	0.1859870972206255	0.1478999116303701	0.0421387576812212	0.2934302892562268	5.0	-1.4537485843361808	0.98977629539187	1.0	1.0	both	middle	0.2667375132837407	0.7768331562167906												joint_grid_target
K562_essential_day7	ACH-000551	NUP35	64.0	10691.0	1.0	310385.0	8563.0	h5ad_obs	supplementary	ctrl	verified_via_num_features_eq_1	num_features	4.506676282533625	0.0363168745519892	0.2393358075260677	0.2009418146812039	0.1757057339240058	0.0323076905493718	0.3008130344198072	6.0	-0.2184351506168947	0.1262137698527698	1.0	1.0	both	middle	0.5812964930924548	0.0871413390010627												joint_grid_target
K562_essential_day7	ACH-000551	NUP43	29.0	10691.0	1.0	310385.0	8563.0	h5ad_obs	supplementary	ctrl	verified_via_num_features_eq_1	num_features	6.467227735474348	0.0525128618208342	0.3438934937974375	0.2853511131139797	0.2475697959286308	0.0317291139514863	0.8605964211738222	34.0	-0.6600219054422443	0.7699393461828619	1.0	1.0	both	middle	0.8469713071200851	0.3708820403825717												joint_grid_target
K562_essential_day7	ACH-000551	NUP54	291.0	10691.0	1.0	310385.0	8563.0	h5ad_obs	supplementary	ctrl	verified_via_num_features_eq_1	num_features	6.287196374332357	0.0428417409096837	0.4897665514443503	0.3962676834944721	0.3283757348339065	0.0540089340613594	1.9969792488320977	85.0	-0.6118579041932158	0.7082321360568902	1.0	1.0	both	middle	0.706163655685441	0.33528161530286926												joint_grid_target
K562_essential_day7	ACH-000551	NUP62	99.0	10691.0	1.0	310385.0	8563.0	h5ad_obs	supplementary	ctrl	verified_via_num_features_eq_1	num_features	10.10933181224918	0.0687138344634128	0.78565422818324	0.6421530536750036	0.5404952791620321	0.0545680492041576	4.656478112005317	332.0	-0.7573734622818302	0.8593412524754798	1.0	1.0	both	middle	0.9585547290116897	0.4287991498405951												joint_grid_target
K562_essential_day7	ACH-000551	NUP85	111.0	10691.0	1.0	310385.0	8563.0	h5ad_obs	supplementary	ctrl	verified_via_num_features_eq_1	num_features	5.789764765499642	0.042421331067638	0.3837232498909032	0.3176909593131402	0.269927431307191	0.0437285045121873	1.4792688586903484	50.0	-1.4551983723745467	0.9898059112489724	1.0	1.0	both	middle	0.6955366631243358	0.777364505844846												joint_grid_target
K562_essential_day7	ACH-000551	NUP88	36.0	10691.0	1.0	310385.0	8563.0	h5ad_obs	supplementary	ctrl	verified_via_num_features_eq_1	num_features	8.93626886703729	0.0677264863132494	0.5441485923315095	0.4546211643481548	0.3967121052220188	0.0391954058281431	3.3328751349518004	233.0	-1.3674777232731377	0.9883182500422736	1.0	1.0	both	middle	0.9548352816153028	0.7497343251859724												joint_grid_target
K562_essential_day7	ACH-000551	NUP93	159.0	10691.0	1.0	310385.0	8563.0	h5ad_obs	supplementary	ctrl	verified_via_num_features_eq_1	num_features	2.6319128395199574	0.0213946019993217	0.1373779397558325	0.1138325338006129	0.099332609311251	0.0310674960265853	0.1283213773061202	0.0	-1.2969992543277846	0.9862115730861865	1.0	1.0	both	middle	0.10680127523910733	0.7194473963868225												joint_grid_target
K562_essential_day7	ACH-000551	NUP98	510.0	10691.0	1.0	310385.0	8563.0	h5ad_obs	supplementary	ctrl	verified_via_num_features_eq_1	num_features	5.167417591048239	0.0359364229469442	0.3917427079711739	0.312185963285298	0.2635903712564055	0.050725061993954	1.278777029118103	40.0	-0.4944794389710308	0.5192905610181651	1.0	1.0	both	middle	0.5738575982996812	0.24707757704569608												joint_grid_target
K562_essential_day7	ACH-000551	NUS1	125.0	10691.0	1.0	310385.0	8563.0	h5ad_obs	supplementary	ctrl	verified_via_num_features_eq_1	num_features	2.921217813946648	0.0239833445083989	0.1388178011571929	0.1173596866746727	0.1055216642896161	0.0285728299008359	0.1186073538870253	0.0	-1.6739730199087297	0.9970219036806308	1.0	1.0	both	Q3_dep_excess	0.19553666312433582	0.8395324123273114												joint_grid_target
K562_essential_day7	ACH-000551	NUTF2	67.0	10691.0	1.0	310385.0	8563.0	h5ad_obs	supplementary	ctrl	verified_via_num_features_eq_1	num_features	7.384963638892605	0.0545866107479292	0.475796961868107	0.3999984895975091	0.3412634246518508	0.0427874378871802	2.125507315648024	123.0	-1.822785147416117	0.9995861928958946	1.0	1.0	both	Q1_anchor	0.8719447396386822	0.8746014877789585												joint_grid_target
K562_essential_day7	ACH-000551	NVL	110.0	10691.0	1.0	310385.0	8563.0	h5ad_obs	supplementary	ctrl	verified_via_num_features_eq_1	num_features	4.842557525792549	0.0360967190482986	0.3217081474560744	0.269642173350957	0.228303492419098	0.0436178394955148	1.2461221063872523	26.0	-1.5630034054133035	0.9930257563421054	1.0	1.0	both	middle	0.5770456960680127	0.8076514346439958												joint_grid_target
K562_essential_day7	ACH-000551	NXF1	251.0	10691.0	1.0	310385.0	8563.0	h5ad_obs	supplementary	ctrl	verified_via_num_features_eq_1	num_features	2.1088123787252457	0.0172957952527844	0.0979843807332776	0.0870478850645876	0.0782992131535626	0.0293874395443022	0.064735753072016	0.0	-1.486781201745561	0.990534702126156	1.0	1.0	both	Q3_dep_excess	0.020722635494155154	0.7869287991498406												joint_grid_target
K562_essential_day7	ACH-000551	OGFOD1	114.0	10691.0	1.0	310385.0	8563.0	h5ad_obs	supplementary	ctrl	verified_via_num_features_eq_1	num_features	6.603053260329626	0.0469957380885081	0.4916178076841163	0.4021442772120622	0.3400918053696595	0.0499651825328508	0.6246335676879085	103.0	-0.3209850494827428	0.2389441212956701	1.0	1.0	both	Q2_shift_excess	0.779489904357067	0.1461211477151966												joint_grid_target
K562_essential_day7	ACH-000551	OGT	31.0	10691.0	1.0	310385.0	8563.0	h5ad_obs	supplementary	ctrl	verified_via_num_features_eq_1	num_features	8.646185732688265	0.0667875540377081	0.5403556651075042	0.4298874459218169	0.3699210077589756	0.037584024649053	1.2187641730919356	169.0	-1.2208264565490312	0.9812141802147508	1.0	1.0	both	middle	0.9505844845908608	0.6880977683315622												joint_grid_target
K562_essential_day7	ACH-000551	OIP5	137.0	10691.0	1.0	310385.0	8563.0	h5ad_obs	supplementary	ctrl	verified_via_num_features_eq_1	num_features	2.753081163154071	0.0225840905966982	0.1297073970685341	0.1119367619263887	0.0999268809813571	0.0289410439387714	0.0787967873479367	1.0	-0.6925035903124083	0.8049353340435563	1.0	1.0	both	middle	0.1487778958554729	0.39585547290116896												joint_grid_target
K562_essential_day7	ACH-000551	OLFML3	173.0	10691.0	1.0	310385.0	8563.0	h5ad_obs	supplementary	ctrl	verified_via_num_features_eq_1	num_features	2.524882160483551	0.0207695424699438	0.1209700303116899	0.1033619019766466	0.0922482077465295	0.0290587964570004	0.075432568311978	0.0	-0.5507316432045244	0.6149105915308715	1.0	1.0	both	middle	0.08660998937300744	0.2975557917109458												joint_grid_target
K562_essential_day7	ACH-000551	OPA1	60.0	10691.0	1.0	310385.0	8563.0	h5ad_obs	supplementary	ctrl	verified_via_num_features_eq_1	num_features	5.106282788003063	0.0401568712209308	0.3069725869472747	0.2465488481308153	0.2101715087941686	0.0358498357552104	0.838097985238738	12.0	-0.2826899964379944	0.191128009736618	1.0	1.0	both	middle	0.6546227417640808	0.1259298618490967												joint_grid_target
K562_essential_day7	ACH-000551	OR1D2	125.0	10691.0	1.0	310385.0	8563.0	h5ad_obs	supplementary	ctrl	verified_via_num_features_eq_1	num_features	2.865028142277757	0.0236708953865225	0.1285762550926765	0.1138091247435427	0.1030103017597845	0.0280741397615503	0.0727961809146062	0.0	-0.5526119480844517	0.617979241182176	1.0	1.0	both	middle	0.18331562167906482	0.29968119022316686												joint_grid_target
K562_essential_day7	ACH-000551	OR1E2	32.0	10691.0	1.0	310385.0	8563.0	h5ad_obs	supplementary	ctrl	verified_via_num_features_eq_1	num_features	5.574647385294835	0.0460555078605509	0.246111703603495	0.2192590817747925	0.1990452425410112	0.0277984176536452	0.3863406698508651	10.0	-0.3976852379275719	0.3533816226133922	1.0	1.0	both	Q2_shift_excess	0.7624867162592986	0.1849096705632306												joint_grid_target
K562_essential_day7	ACH-000551	OR2T29	103.0	10691.0	1.0	310385.0	8563.0	h5ad_obs	supplementary	ctrl	verified_via_num_features_eq_1	num_features	3.232076664418469	0.0266234026206339	0.1447335906858619	0.1301157138012422	0.1170973236649585	0.0285371270594602	0.1435242653040109	0.0	-0.4382422356271102	0.4214078554288443	1.0	1.0	both	middle	0.29543039319872477	0.21360255047821466												joint_grid_target
K562_essential_day7	ACH-000551	OR2T5	106.0	10691.0	1.0	310385.0	8563.0	h5ad_obs	supplementary	ctrl	verified_via_num_features_eq_1	num_features	3.208922252287732	0.026406985451715	0.149854026633277	0.1304295365084675	0.1163320688904679	0.0288403937316263	0.1338958644387258	0.0	-0.5174532974236363	0.5590251087204865	1.0	1.0	both	middle	0.28746014877789583	0.26992561105207225												joint_grid_target
K562_essential_day7	ACH-000551	OR4N2	118.0	10691.0	1.0	310385.0	8563.0	h5ad_obs	supplementary	ctrl	verified_via_num_features_eq_1	num_features	2.8632723879396265	0.0236422101013472	0.1229349215721052	0.1110000042938626	0.1007903863634605	0.0274144150373396	0.1043707007236385	0.0	-0.6800575540380787	0.792157015614924	1.0	1.0	both	middle	0.18119022316684377	0.38788522848034007												joint_grid_target
K562_essential_day7	ACH-000551	OR7A10	38.0	10691.0	1.0	310385.0	8563.0	h5ad_obs	supplementary	ctrl	verified_via_num_features_eq_1	num_features	5.154881713209446	0.0425366116097514	0.2342885746877546	0.2064774799083679	0.1862962242580169	0.0283435248849709	0.2775538096463013	4.0	-0.4685769350841044	0.4740509308474342	1.0	1.0	both	middle	0.6976620616365569	0.230605738575983												joint_grid_target
K562_essential_day7	ACH-000551	OR7A17	108.0	10691.0	1.0	310385.0	8563.0	h5ad_obs	supplementary	ctrl	verified_via_num_features_eq_1	num_features	3.1293172359731165	0.0257405433346985	0.1391567930803936	0.1253504408536284	0.1136475953557063	0.0284349334532373	0.1244572669544776	0.0	-1.0510284954140845	0.9596736657134076	1.0	1.0	both	middle	0.2651434643995749	0.6046758767268863												joint_grid_target
K562_essential_day7	ACH-000551	ORC1	530.0	10691.0	1.0	310385.0	8563.0	h5ad_obs	supplementary	ctrl	verified_via_num_features_eq_1	num_features	3.770280613796378	0.0263789880198537	0.2945185771017745	0.2268453994042522	0.1886771997200201	0.0502129695066491	0.8086181276040527	13.0	-0.6049193552201851	0.6983693174721375	1.0	1.0	both	middle	0.28533475026567484	0.33156216790648246												joint_grid_target
K562_essential_day7	ACH-000551	ORC3	181.0	10691.0	1.0	310385.0	8563.0	h5ad_obs	supplementary	ctrl	verified_via_num_features_eq_1	num_features	2.464616767350617	0.0201813312035904	0.1280336405388607	0.1049585797980543	0.0917866912569313	0.0303677206746716	0.0727921410261664	1.0	-0.174975854305934	0.0927265297620342	1.0	1.0	both	Q4_low_info	0.0696068012752391	0.06854410201912858												joint_grid_target
K562_essential_day7	ACH-000551	ORC4	95.0	10691.0	1.0	310385.0	8563.0	h5ad_obs	supplementary	ctrl	verified_via_num_features_eq_1	num_features	3.470059602288988	0.0278295574805634	0.2153915325156789	0.1657930174709265	0.139750845628692	0.0347859601853308	0.229836579590108	4.0	-0.0738368809298986	0.0418901831905425	1.0	1.0	both	middle	0.3390010626992561	0.035600425079702444												joint_grid_target
K562_essential_day7	ACH-000551	ORC5	89.0	10691.0	1.0	310385.0	8563.0	h5ad_obs	supplementary	ctrl	verified_via_num_features_eq_1	num_features	4.416000494366534	0.0336368266760513	0.3291897026408605	0.2438892375408498	0.1968802027432301	0.0423371558049235	0.7235259118453428	13.0	-0.2165001635024358	0.1245582830997693	1.0	1.0	both	middle	0.51009564293305	0.08501594048884166												joint_grid_target
K562_essential_day7	ACH-000551	ORC6	81.0	10691.0	1.0	310385.0	8563.0	h5ad_obs	supplementary	ctrl	verified_via_num_features_eq_1	num_features	4.625465839620104	0.0353637714865804	0.3622229191146118	0.256146213786655	0.204997004503839	0.042293480405973	0.6092190995266495	15.0	-2.020968342737933	0.9999934504987156	1.0	1.0	both	middle	0.5563230605738576	0.90807651434644												joint_grid_target
K562_essential_day7	ACH-000551	OSBP	65.0	10691.0	1.0	310385.0	8563.0	h5ad_obs	supplementary	ctrl	verified_via_num_features_eq_1	num_features	4.1135271521411525	0.033724506138781	0.1963089312964627	0.1702190650283712	0.1511182140810715	0.0294718000745866	0.2387803342125849	1.0	0.0251943204787212	0.0179177282557593	1.0	1.0	both	middle	0.5132837407013815	0.01381509032943677												joint_grid_target
K562_essential_day7	ACH-000551	OSGEP	70.0	10691.0	1.0	310385.0	8563.0	h5ad_obs	supplementary	ctrl	verified_via_num_features_eq_1	num_features	3.833039417964457	0.0312589550647388	0.2005762776355382	0.1593736537355796	0.1388665576100042	0.0297705003152853	0.1141307297121638	2.0	-1.3307086039870624	0.9874499951360416	1.0	1.0	both	middle	0.44686503719447396	0.7348565356004251												joint_grid_target
K562_essential_day7	ACH-000551	OSTC	235.0	10691.0	1.0	310385.0	8563.0	h5ad_obs	supplementary	ctrl	verified_via_num_features_eq_1	num_features	2.463635266167568	0.0183955276357197	0.1806122740522832	0.1250624307493933	0.0987940723035374	0.039697090434574	0.0748851044293896	2.0	-0.5361526993733516	0.590734394463441	1.0	1.0	both	middle	0.03134962805526036	0.2863974495217853												joint_grid_target
K562_essential_day7	ACH-000551	OTOP1	105.0	10691.0	1.0	310385.0	8563.0	h5ad_obs	supplementary	ctrl	verified_via_num_features_eq_1	num_features	3.020274687086195	0.0250935785414198	0.1284149788131928	0.1147135435091133	0.1047095769876356	0.0266929243807169	0.0857745548817057	0.0	-0.4917902120434839	0.5146103412091352	1.0	1.0	both	Q4_low_info	0.24176408076514347	0.24335812964930925												joint_grid_target
K562_essential_day7	ACH-000551	OTX1	108.0	10691.0	1.0	310385.0	8563.0	h5ad_obs	supplementary	ctrl	verified_via_num_features_eq_1	num_features	3.2233367113161813	0.0266767405755215	0.1391904715473557	0.1251238119814108	0.1143297989497211	0.027387428824051	0.1459063768432305	0.0	-0.0997350215400492	0.0518068763326508	1.0	1.0	both	middle	0.2970244420828905	0.04410201912858661												joint_grid_target
K562_essential_day7	ACH-000551	OVCA2	76.0	10691.0	1.0	310385.0	8563.0	h5ad_obs	supplementary	ctrl	verified_via_num_features_eq_1	num_features	3.76528542245132	0.0310362327897134	0.168342316660828	0.1491950482379015	0.1348779996677988	0.0280691634095957	0.1753859840959588	0.0	0.3137068644823577	0.0014234302049221	1.0	1.0	both	middle	0.44155154091392135	0.0005313496280552603												joint_grid_target
K562_essential_day7	ACH-000551	OXA1L	344.0	10691.0	1.0	310385.0	8563.0	h5ad_obs	supplementary	ctrl	verified_via_num_features_eq_1	num_features	5.36098249957444	0.0360253044997713	0.4336562580081433	0.3433792012574755	0.2804799307473543	0.0556557944062064	2.0425758107449763	48.0	-1.0689585882017951	0.9625128567795452	1.0	1.0	both	middle	0.5759829968119022	0.6158342189160467												joint_grid_target
K562_essential_day7	ACH-000551	PABPN1	148.0	10691.0	1.0	310385.0	8563.0	h5ad_obs	supplementary	ctrl	verified_via_num_features_eq_1	num_features	6.521449996962748	0.044230727527005	0.5749511494693489	0.438067289788514	0.3561781541951178	0.0578310134783043	0.993147028746792	92.0	-1.7211223336702255	0.9982301288808232	1.0	1.0	both	middle	0.7321997874601488	0.8512221041445271												joint_grid_target
K562_essential_day7	ACH-000551	PAF1	238.0	10691.0	1.0	310385.0	8563.0	h5ad_obs	supplementary	ctrl	verified_via_num_features_eq_1	num_features	12.699673729155748	0.0900719845123344	0.8079695130551177	0.6870291496787284	0.5969998224634279	0.0445378750791373	7.572883335162196	655.0	-0.8588115179547948	0.9122929401947032	1.0	1.0	both	middle	0.9957492029755579	0.4914984059511158												joint_grid_target
K562_essential_day7	ACH-000551	PAFAH1B1	126.0	10691.0	1.0	310385.0	8563.0	h5ad_obs	supplementary	ctrl	verified_via_num_features_eq_1	num_features	3.2271587980903096	0.0260830579419451	0.1537131264658276	0.1346959592724532	0.120817086866428	0.0301536661203648	0.2189451026502222	1.0	-1.964080980997805	0.999974204907411	1.0	1.0	both	middle	0.2773645058448459	0.8974495217853348												joint_grid_target
K562_essential_day7	ACH-000551	PAK1IP1	21.0	10691.0	1.0	310385.0	8563.0	h5ad_obs	supplementary	ctrl	verified_via_num_features_eq_1	num_features	7.762897888413785	0.0630013366422964	0.3851605720509036	0.3420675050937038	0.3045294663800494	0.0317034201925665	1.6543154625682472	98.0	-1.533691015288122	0.9919637891145756	1.0	1.0	both	Q1_anchor	0.9256110520722636	0.7964930924548352												joint_grid_target
K562_essential_day7	ACH-000551	PALB2	97.0	10691.0	1.0	310385.0	8563.0	h5ad_obs	supplementary	ctrl	verified_via_num_features_eq_1	num_features	3.393175313969539	0.0278916890737376	0.1524905360380883	0.1355630802463237	0.123480244324007	0.028379887749568	0.1465681983433313	0.0	-0.0487816384956962	0.0339449503557973	1.0	1.0	both	middle	0.3416578108395324	0.028692879914984058												joint_grid_target
K562_essential_day7	ACH-000551	PAM16	56.0	10691.0	1.0	310385.0	8563.0	h5ad_obs	supplementary	ctrl	verified_via_num_features_eq_1	num_features	8.020501872491918	0.0577394455361294	0.6376868926350274	0.4933628427219277	0.4062662921958935	0.0498928013383168	3.1216033064989954	152.0	-1.6414198940673386	0.995965663309816	1.0	1.0	both	Q1_anchor	0.8969181721572795	0.8310308182784272												joint_grid_target
K562_essential_day7	ACH-000551	PARN	123.0	10691.0	1.0	310385.0	8563.0	h5ad_obs	supplementary	ctrl	verified_via_num_features_eq_1	num_features	3.218071784056098	0.025947941747011	0.1720262300445837	0.1425105940421874	0.1253370916451457	0.0320692125763984	0.2201944013780146	1.0	-0.227350698762275	0.134099543621336	1.0	1.0	both	middle	0.2736450584484591	0.09298618490967056												joint_grid_target
K562_essential_day7	ACH-000551	PARS2	66.0	10691.0	1.0	310385.0	8563.0	h5ad_obs	supplementary	ctrl	verified_via_num_features_eq_1	num_features	4.384216367582623	0.0339180916679925	0.2510628370559685	0.1907997663614699	0.1607303723910209	0.0328466051080018	0.2231767523776824	1.0	-1.286759265889995	0.9857282538674572	1.0	1.0	both	middle	0.5185972369819342	0.7157279489904357												joint_grid_target
K562_essential_day7	ACH-000551	PAXBP1	129.0	10691.0	1.0	310385.0	8563.0	h5ad_obs	supplementary	ctrl	verified_via_num_features_eq_1	num_features	5.950096097192018	0.0436825808865692	0.405399035813695	0.3349238462659008	0.2832248669111532	0.0447694584032432	1.4341068435744797	57.0	-0.7226211490870007	0.8326398189744763	1.0	1.0	both	middle	0.722635494155154	0.4086078639744952												joint_grid_target
K562_essential_day7	ACH-000551	PC	225.0	10691.0	1.0	310385.0	8563.0	h5ad_obs	supplementary	ctrl	verified_via_num_features_eq_1	num_features	2.2550488676411984	0.0186015655686622	0.0951229348599198	0.0878341657909411	0.0800740649997707	0.0275713507915297	0.0772582931933705	0.0	-0.3219664927499767	0.2402538645017616	1.0	1.0	both	Q4_low_info	0.03400637619553666	0.14718384697130713												joint_grid_target
K562_essential_day7	ACH-000551	PCBP1	108.0	10691.0	1.0	310385.0	8563.0	h5ad_obs	supplementary	ctrl	verified_via_num_features_eq_1	num_features	4.711011035858169	0.0349548234628501	0.3449552067615611	0.2697722225510447	0.2241717702961534	0.0450644606024772	0.4638307204891383	20.0	-1.199942826757062	0.9792655769553044	1.0	1.0	both	middle	0.5462274176408076	0.6726886291179596												joint_grid_target
K562_essential_day7	ACH-000551	PCBP2	172.0	10691.0	1.0	310385.0	8563.0	h5ad_obs	supplementary	ctrl	verified_via_num_features_eq_1	num_features	2.8093950645247725	0.0221240896945953	0.1877209124620608	0.1407639515658579	0.1156425022905546	0.0371509650600511	0.1180549317777117	3.0	-1.7860329221788314	0.999261827312586	1.0	1.0	both	Q3_dep_excess	0.13496280552603612	0.8639744952178533												joint_grid_target
K562_essential_day7	ACH-000551	PCF11	499.0	10691.0	1.0	310385.0	8563.0	h5ad_obs	supplementary	ctrl	verified_via_num_features_eq_1	num_features	5.90662432253058	0.040319722902105	0.3893608556647226	0.337364119706449	0.2958457351667776	0.0488568443932796	1.1758172987432118	79.0	-1.6306779668971378	0.99558471558673	1.0	1.0	both	middle	0.6562167906482466	0.8273113708820404												joint_grid_target
K562_essential_day7	ACH-000551	PCID2	307.0	10691.0	1.0	310385.0	8563.0	h5ad_obs	supplementary	ctrl	verified_via_num_features_eq_1	num_features	2.129660653084518	0.0167934246231188	0.1455908704926482	0.1096033294961352	0.0907302933433931	0.0381090864704469	0.0830464275552547	1.0	-1.6120375948690249	0.994897066690352	1.0	1.0	both	Q3_dep_excess	0.015940488841657812	0.822529224229543												joint_grid_target
K562_essential_day7	ACH-000551	PCNA	132.0	10691.0	1.0	310385.0	8563.0	h5ad_obs	supplementary	ctrl	verified_via_num_features_eq_1	num_features	8.610179127726783	0.0602476952085737	0.5644077643789177	0.4873876664922069	0.4288331693282274	0.0472365486012705	3.925923000558957	236.0	-3.584363686748766	1.0	1.0	1.0	both	Q1_anchor	0.9160467587672688	0.9609458023379384												joint_grid_target
K562_essential_day7	ACH-000551	PDAP1	50.0	10691.0	1.0	310385.0	8563.0	h5ad_obs	supplementary	ctrl	verified_via_num_features_eq_1	num_features	6.334106239260839	0.0482373934347481	0.4608613972861863	0.3437090601827431	0.2858738384028316	0.0416055443461928	1.3916136053745785	45.0	-1.2449139532079918	0.9831504222535448	1.0	1.0	both	middle	0.79596174282678	0.6971307120085016												joint_grid_target
K562_essential_day7	ACH-000551	PDCD11	98.0	10691.0	1.0	310385.0	8563.0	h5ad_obs	supplementary	ctrl	verified_via_num_features_eq_1	num_features	9.074429811122757	0.0670023945353155	0.574633429826142	0.4963769300369441	0.4306146739568767	0.0432578893303987	5.48157422405788	239.0	-0.9711261165254432	0.9447183711567616	1.0	1.0	both	middle	0.9527098831030818	0.5563230605738576												joint_grid_target
K562_essential_day7	ACH-000551	PDCD2	74.0	10691.0	1.0	310385.0	8563.0	h5ad_obs	supplementary	ctrl	verified_via_num_features_eq_1	num_features	5.010312884668955	0.0381206445803827	0.3632012937357661	0.2904985508596437	0.237442684249859	0.0444966991199681	0.983132792196402	30.0	-1.0324557947282584	0.956561486513504	1.0	1.0	both	middle	0.6168969181721573	0.5961742826780021												joint_grid_target
K562_essential_day7	ACH-000551	PDCD5	194.0	10691.0	1.0	310385.0	8563.0	h5ad_obs	supplementary	ctrl	verified_via_num_features_eq_1	num_features	2.681078886855483	0.0199614427546239	0.1817921163236492	0.1286861196412353	0.1042299787856347	0.0376429662388461	0.0970513710680514	2.0	-0.409624398887633	0.3729974156836018	1.0	1.0	both	Q4_low_info	0.06429330499468651	0.191817215727949												joint_grid_target
K562_essential_day7	ACH-000551	PDCD6	203.0	10691.0	1.0	310385.0	8563.0	h5ad_obs	supplementary	ctrl	verified_via_num_features_eq_1	num_features	2.4542366992609392	0.0187360677451543	0.1475371094277076	0.1079482865373051	0.0894765884558761	0.0336419658359616	0.0524358445722867	1.0	-0.7950258399938117	0.8827881030012807	1.0	1.0	both	middle	0.03719447396386823	0.45111583421891605												joint_grid_target
K562_essential_day7	ACH-000551	PDCD6IP	257.0	10691.0	1.0	310385.0	8563.0	h5ad_obs	supplementary	ctrl	verified_via_num_features_eq_1	num_features	2.0902306348179414	0.0167123165539564	0.1119035488742225	0.0875797248376189	0.0754983251265784	0.0305992642062308	0.0458139601029365	1.0	-0.3056565526124298	0.2190347704098398	1.0	1.0	both	Q4_low_info	0.01487778958554729	0.1365568544102019												joint_grid_target
K562_essential_day7	ACH-000551	PDCD7	99.0	10691.0	1.0	310385.0	8563.0	h5ad_obs	supplementary	ctrl	verified_via_num_features_eq_1	num_features	4.786141883623612	0.0358888482287334	0.3342909660121776	0.2679399308531108	0.2257252538382501	0.0435935242620469	0.7910167170968769	23.0	-0.4207719655082478	0.3916410192855669	1.0	1.0	both	middle	0.5717321997874601	0.2013815090329437												joint_grid_target
K562_essential_day7	ACH-000551	PDPK1	80.0	10691.0	1.0	310385.0	8563.0	h5ad_obs	supplementary	ctrl	verified_via_num_features_eq_1	num_features	4.454758573781396	0.0357450063396114	0.2207323359388303	0.1911253011392721	0.1715485945134841	0.0312210039759038	0.5313063327975449	3.0	-0.6017303059713635	0.6938299864320739	1.0	1.0	both	middle	0.5658873538788523	0.3289054197662062												joint_grid_target
K562_essential_day7	ACH-000551	PDRG1	116.0	10691.0	1.0	310385.0	8563.0	h5ad_obs	supplementary	ctrl	verified_via_num_features_eq_1	num_features	4.548506969345734	0.0347528599891079	0.2785466279572017	0.2341913626852426	0.1998691869710746	0.039348155884021	0.8280410777863718	13.0	-2.4084301765083143	1.0	1.0	1.0	both	middle	0.538788522848034	0.9609458023379384												joint_grid_target
K562_essential_day7	ACH-000551	PEF1	48.0	10691.0	1.0	310385.0	8563.0	h5ad_obs	supplementary	ctrl	verified_via_num_features_eq_1	num_features	4.76840013044495	0.0390904489133294	0.2365348685414588	0.2009226938343361	0.1795625551557661	0.0300125153150982	0.3155757677247237	6.0	-0.4769631777518308	0.4887074325153693	1.0	1.0	both	middle	0.6333687566418703	0.23538788522848034												joint_grid_target
K562_essential_day7	ACH-000551	PELO	286.0	10691.0	1.0	310385.0	8563.0	h5ad_obs	supplementary	ctrl	verified_via_num_features_eq_1	num_features	3.987334282209713	0.0286495072693624	0.2735113053766468	0.2261853360467578	0.1938881421309417	0.0460989834530465	0.9250100865453704	8.0	-2.3169224377964124	1.0	1.0	1.0	both	middle	0.3708820403825717	0.9609458023379384												joint_grid_target
K562_essential_day7	ACH-000551	PELP1	69.0	10691.0	1.0	310385.0	8563.0	h5ad_obs	supplementary	ctrl	verified_via_num_features_eq_1	num_features	6.370843955044201	0.0469357276630673	0.4960963102969453	0.3820380767802862	0.3068334017027601	0.0475277390768522	1.2356946667504012	61.0	-1.3199475945456742	0.9871087267103756	1.0	1.0	both	middle	0.7784272051009564	0.7295430393198725												joint_grid_target
K562_essential_day7	ACH-000551	PES1	65.0	10691.0	1.0	310385.0	8563.0	h5ad_obs	supplementary	ctrl	verified_via_num_features_eq_1	num_features	6.642558292432627	0.0498725395686197	0.4273409647096349	0.3618731728757652	0.306870848542139	0.0423680977134489	2.4494423939431726	74.0	-1.2141433229873482	0.9806135723578872	1.0	1.0	both	middle	0.8145589798087142	0.6833156216790648												joint_grid_target
K562_essential_day7	ACH-000551	PET117	83.0	10691.0	1.0	310385.0	8563.0	h5ad_obs	supplementary	ctrl	verified_via_num_features_eq_1	num_features	4.23959908669869	0.0326873024900265	0.2810322791258638	0.2373612135833769	0.1954238986672136	0.042400866517198	0.3748998841606212	12.0	-1.2135480452243583	0.980560075222424	1.0	1.0	both	middle	0.48405951115834217	0.6827842720510096												joint_grid_target
K562_essential_day7	ACH-000551	PEX1	53.0	10691.0	1.0	310385.0	8563.0	h5ad_obs	supplementary	ctrl	verified_via_num_features_eq_1	num_features	5.403037829359282	0.0434629898858986	0.2818739299628808	0.2431413415824583	0.2132169348093523	0.0326650457051709	0.5565342475585346	14.0	-0.4180421107103258	0.3870637698421869	1.0	1.0	both	middle	0.7162592986184909	0.19872476089266738												joint_grid_target
K562_essential_day7	ACH-000551	PFDN1	34.0	10691.0	1.0	310385.0	8563.0	h5ad_obs	supplementary	ctrl	verified_via_num_features_eq_1	num_features	5.681137192971122	0.0470256195787305	0.2510256699453529	0.2229072254212253	0.2021307150379037	0.0276779346898706	0.3947319347068081	8.0	-0.6780410961197131	0.7899886008004245	1.0	1.0	both	middle	0.7800212539851222	0.3841657810839532												joint_grid_target
K562_essential_day7	ACH-000551	PFDN2	86.0	10691.0	1.0	310385.0	8563.0	h5ad_obs	supplementary	ctrl	verified_via_num_features_eq_1	num_features	7.186899668305007	0.0526321677075824	0.4603635699923403	0.3825978646445168	0.331422809590518	0.0424458607431556	2.663504637376233	133.0	-1.7883262974054848	0.9992868585468913	1.0	1.0	both	Q1_anchor	0.8490967056323061	0.8645058448459086												joint_grid_target
K562_essential_day7	ACH-000551	PFDN4	34.0	10691.0	1.0	310385.0	8563.0	h5ad_obs	supplementary	ctrl	verified_via_num_features_eq_1	num_features	5.890080227224413	0.0480634141166687	0.2790248371306325	0.2430307446043712	0.2197183427287667	0.0295250512916493	0.5249512808245242	15.0	-0.1109056708579766	0.0566679307472045	1.0	1.0	both	Q2_shift_excess	0.7933049946865037	0.04675876726886291												joint_grid_target
K562_essential_day7	ACH-000551	PFDN5	110.0	10691.0	1.0	310385.0	8563.0	h5ad_obs	supplementary	ctrl	verified_via_num_features_eq_1	num_features	3.376304518853067	0.0252835823324038	0.2024043158175682	0.1463981226470648	0.1219214549738025	0.0338096722215549	0.0939357127413167	2.0	-0.7017309362223718	0.8139136689902654	1.0	1.0	both	middle	0.2481402763018066	0.40010626992561105												joint_grid_target
K562_essential_day7	ACH-000551	PFDN6	115.0	10691.0	1.0	310385.0	8563.0	h5ad_obs	supplementary	ctrl	verified_via_num_features_eq_1	num_features	3.300205152255581	0.0265220649664402	0.1789866589534656	0.1459860752647734	0.1280153651826491	0.0321401692031838	0.1803699243854541	2.0	-1.2311699507519898	0.9820894320838648	1.0	1.0	both	middle	0.2911795961742827	0.691817215727949												joint_grid_target
K562_essential_day7	ACH-000551	PFN1	259.0	10691.0	1.0	310385.0	8563.0	h5ad_obs	supplementary	ctrl	verified_via_num_features_eq_1	num_features	3.0435021909711657	0.0191329027940945	0.2434179578695825	0.1543923752142553	0.1170518350422046	0.047118238250592	0.1751029076059662	3.0	-1.7647443408340262	0.9989967797483382	1.0	1.0	both	Q3_dep_excess	0.04357066950053135	0.8618490967056323												joint_grid_target
K562_essential_day7	ACH-000551	PGD	115.0	10691.0	1.0	310385.0	8563.0	h5ad_obs	supplementary	ctrl	verified_via_num_features_eq_1	num_features	5.008133617685411	0.0376369869435564	0.3559215831533727	0.2830467015398029	0.2331266040441004	0.0439124137883148	0.9304727787378066	29.0	-1.6688655246835165	0.9968673137267368	1.0	1.0	both	middle	0.6073326248671626	0.8379383634431455												joint_grid_target
K562_essential_day7	ACH-000551	PGK1	33.0	10691.0	1.0	310385.0	8563.0	h5ad_obs	supplementary	ctrl	verified_via_num_features_eq_1	num_features	5.979970451827286	0.048171897721874	0.3177338686710845	0.2612792787386587	0.2292180343730315	0.0316705257691234	0.53911865719164	15.0	-1.095604973442264	0.9664798419424938	1.0	1.0	both	middle	0.7943676939426142	0.6269925611052072												joint_grid_target
K562_essential_day7	ACH-000551	PGPEP1	52.0	10691.0	1.0	310385.0	8563.0	h5ad_obs	supplementary	ctrl	verified_via_num_features_eq_1	num_features	6.485284048893953	0.0500475906428932	0.3723387300223948	0.317382828339683	0.2776275975998056	0.0370291984750246	1.291813046632445	58.0	-0.0096775561258851	0.0242659243937235	1.0	1.0	both	Q2_shift_excess	0.8161530286928799	0.018597236981934114												joint_grid_target
K562_essential_day7	ACH-000551	PGS1	104.0	10691.0	1.0	310385.0	8563.0	h5ad_obs	supplementary	ctrl	verified_via_num_features_eq_1	num_features	3.366685044501515	0.0275093861799542	0.155942449787632	0.1358379997440193	0.1219850936059805	0.0288326419012354	0.1794879515352736	1.0	-1.1814064665556894	0.977349582345992	1.0	1.0	both	middle	0.32624867162592985	0.665249734325186												joint_grid_target
K562_essential_day7	ACH-000551	PHAX	412.0	10691.0	1.0	310385.0	8563.0	h5ad_obs	supplementary	ctrl	verified_via_num_features_eq_1	num_features	5.170209212689577	0.0369442298019869	0.3302525689879544	0.2832342153384716	0.2506886760036837	0.0447654711013312	1.5931218594364154	33.0	-0.9852015249665004	0.9476837191818274	1.0	1.0	both	middle	0.594048884165781	0.565356004250797												joint_grid_target
K562_essential_day7	ACH-000551	PHB2	415.0	10691.0	1.0	310385.0	8563.0	h5ad_obs	supplementary	ctrl	verified_via_num_features_eq_1	num_features	11.033041423369044	0.072326790225769	0.7955234953299228	0.6900226949026751	0.5855455473245129	0.0557068040364148	7.343996208796739	446.0	-1.8102089899765827	0.99949229017157	1.0	1.0	both	Q1_anchor	0.9691817215727949	0.8724760892667375												joint_grid_target
K562_essential_day7	ACH-000551	PHF12	110.0	10691.0	1.0	310385.0	8563.0	h5ad_obs	supplementary	ctrl	verified_via_num_features_eq_1	num_features	3.5400756957218795	0.027905092434564	0.2125300814281835	0.172264311504254	0.1488365792116436	0.0360459028274605	0.1523410713932431	2.0	-0.4168751110587309	0.3851070179630196	1.0	1.0	both	middle	0.3427205100956429	0.19766206163655686												joint_grid_target
K562_essential_day7	ACH-000551	PHF5A	231.0	10691.0	1.0	310385.0	8563.0	h5ad_obs	supplementary	ctrl	verified_via_num_features_eq_1	num_features	8.03616795074394	0.0567716113653729	0.545227567171007	0.4491315108747445	0.3865543856810988	0.0461940845862525	3.0554517838113195	189.0	-2.945864020099065	1.0	1.0	1.0	both	Q1_anchor	0.88788522848034	0.9609458023379384												joint_grid_target
K562_essential_day7	ACH-000551	PI4KA	109.0	10691.0	1.0	310385.0	8563.0	h5ad_obs	supplementary	ctrl	verified_via_num_features_eq_1	num_features	3.190211393971064	0.0258268287718974	0.1664283152327247	0.139795127977217	0.1222613646344734	0.0316056708609156	0.1592919879672543	1.0	-0.6620686622105396	0.7723247427890968	1.0	1.0	both	middle	0.26992561105207225	0.37194473963868224												joint_grid_target
K562_essential_day7	ACH-000551	PIAS4	206.0	10691.0	1.0	310385.0	8563.0	h5ad_obs	supplementary	ctrl	verified_via_num_features_eq_1	num_features	5.7111539153697874	0.0396453838471537	0.4334559374730299	0.3533460963845637	0.2981191864344505	0.0520417307013825	1.6088040695709438	66.0	-0.2551145153037532	0.1609462911051651	1.0	1.0	both	middle	0.6429330499468651	0.10626992561105207												joint_grid_target
K562_essential_day7	ACH-000551	PIGH	85.0	10691.0	1.0	310385.0	8563.0	h5ad_obs	supplementary	ctrl	verified_via_num_features_eq_1	num_features	3.4227743679629468	0.0280793899262013	0.1593851980243125	0.1375433339023492	0.1230238897699595	0.0286019695215992	0.1380531907783861	0.0	-0.3204140602710442	0.2381925112089092	1.0	1.0	both	middle	0.34909670563230605	0.14558979808714134												joint_grid_target
K562_essential_day7	ACH-000551	PIK3C3	115.0	10691.0	1.0	310385.0	8563.0	h5ad_obs	supplementary	ctrl	verified_via_num_features_eq_1	num_features	3.023585177592236	0.0250164957581337	0.1387315833512653	0.1219611785114783	0.1089198511496694	0.0284668358966121	0.1042980796326347	0.0	-0.502835927098562	0.5338207780605411	1.0	1.0	both	middle	0.2385759829968119	0.2545164718384697												joint_grid_target
K562_essential_day7	ACH-000551	PIK3R4	77.0	10691.0	1.0	310385.0	8563.0	h5ad_obs	supplementary	ctrl	verified_via_num_features_eq_1	num_features	3.740382366686259	0.0307209374778883	0.1732718120734631	0.1528117131979181	0.1371401042075147	0.0290446562287913	0.1706534380915485	1.0	-0.2953674738659853	0.2062432134576678	1.0	1.0	both	middle	0.4314558979808714	0.13336875664187034												joint_grid_target
K562_essential_day7	ACH-000551	PKM	149.0	10691.0	1.0	310385.0	8563.0	h5ad_obs	supplementary	ctrl	verified_via_num_features_eq_1	num_features	2.844945642458684	0.0231904931635726	0.1388236814734963	0.1174393144737938	0.1041625124321314	0.0295697452811023	0.1197494187979497	1.0	-0.8959517059935778	0.9251251549788166	1.0	1.0	both	middle	0.16578108395324123	0.5127523910733263												joint_grid_target
K562_essential_day7	ACH-000551	PKMYT1	92.0	10691.0	1.0	310385.0	8563.0	h5ad_obs	supplementary	ctrl	verified_via_num_features_eq_1	num_features	3.42771201415665	0.0282536166989773	0.1569792507022996	0.136906795358436	0.1235298301017805	0.0282940434499253	0.1479266143789317	0.0	-1.3309015585342971	0.9874559947726196	1.0	1.0	both	middle	0.3575982996811902	0.7364505844845909												joint_grid_target
K562_essential_day7	ACH-000551	PLEKHN1	104.0	10691.0	1.0	310385.0	8563.0	h5ad_obs	supplementary	ctrl	verified_via_num_features_eq_1	num_features	3.099296867974755	0.025568942518516	0.1426646339173407	0.1241431795751436	0.1113442800077071	0.0283500714583116	0.0960477748775332	0.0	-0.3238519747476271	0.2428195050710306	1.0	1.0	both	middle	0.2561105207226355	0.14771519659936239												joint_grid_target
K562_essential_day7	ACH-000551	PLK1	60.0	10691.0	1.0	310385.0	8563.0	h5ad_obs	supplementary	ctrl	verified_via_num_features_eq_1	num_features	4.357923070332962	0.0355840332201249	0.2027115479497699	0.1794278933170172	0.1600900768389584	0.0294427822705822	0.2594680025474218	1.0	-2.8366282723527894	1.0	1.0	1.0	both	middle	0.5621679064824655	0.9609458023379384												joint_grid_target
K562_essential_day7	ACH-000551	PLK4	32.0	10691.0	1.0	310385.0	8563.0	h5ad_obs	supplementary	ctrl	verified_via_num_features_eq_1	num_features	6.641036830221054	0.0540499967755898	0.3253700532210863	0.2792141860598576	0.24820511495572	0.0301637871600064	0.8469950590086253	33.0	-1.1651322450754455	0.9755227832776436	1.0	1.0	both	middle	0.8671625929861849	0.657279489904357												joint_grid_target
K562_essential_day7	ACH-000551	PLRG1	94.0	10691.0	1.0	310385.0	8563.0	h5ad_obs	supplementary	ctrl	verified_via_num_features_eq_1	num_features	11.110403141277889	0.0807743435000644	0.6645068712380141	0.5689852996967597	0.5021445785465287	0.0411312273967364	5.720193641251612	491.0	-0.7270701565425446	0.8363280579356056	1.0	1.0	both	middle	0.9856535600425079	0.4112646121147715												joint_grid_target
K562_essential_day7	ACH-000551	PMF1	265.0	10691.0	1.0	310385.0	8563.0	h5ad_obs	supplementary	ctrl	verified_via_num_features_eq_1	num_features	4.050034111036865	0.0294323420819237	0.2592107625731137	0.215666065529922	0.1875383039718791	0.042785937578394	0.9505687182834084	8.0	-1.1830912711257635	0.977528290385605	1.0	1.0	both	middle	0.39213602550478216	0.6668437832093518												joint_grid_target
K562_essential_day7	ACH-000551	PMPCA	140.0	10691.0	1.0	310385.0	8563.0	h5ad_obs	supplementary	ctrl	verified_via_num_features_eq_1	num_features	5.151541017481403	0.0369462218522351	0.3823403204200326	0.3012463058180372	0.2530213330293988	0.0476097341547938	1.5711220601432905	34.0	-2.279077723217273	1.0	1.0	1.0	both	middle	0.5945802337938364	0.9609458023379384												joint_grid_target
K562_essential_day7	ACH-000551	PMPCB	553.0	10691.0	1.0	310385.0	8563.0	h5ad_obs	supplementary	ctrl	verified_via_num_features_eq_1	num_features	6.4313077081834935	0.0423734904786116	0.5164799188661087	0.3995152027646045	0.3340589136712261	0.0550532713352614	2.975400214094228	94.0	-1.6785247013730753	0.997155443474799	1.0	1.0	both	middle	0.6944739638682252	0.8411264612114772												joint_grid_target
K562_essential_day7	ACH-000551	PNISR	196.0	10691.0	1.0	310385.0	8563.0	h5ad_obs	supplementary	ctrl	verified_via_num_features_eq_1	num_features	3.1956367360449103	0.0241444097887149	0.2347196936038724	0.182271096703739	0.1499280871424744	0.0440803742893478	0.2209510539324828	5.0	-0.1213994396535796	0.061591152785385	1.0	1.0	both	Q4_low_info	0.2051009564293305	0.049415515409139216												joint_grid_target
K562_essential_day7	ACH-000551	PNKP	185.0	10691.0	1.0	310385.0	8563.0	h5ad_obs	supplementary	ctrl	verified_via_num_features_eq_1	num_features	2.380593349426101	0.0195835396599762	0.1080529855133393	0.0948503490866383	0.0855744722961001	0.0282808072643506	0.0694970197487716	0.0	-0.1592311505816054	0.082484911520592	1.0	1.0	both	Q4_low_info	0.05154091392136025	0.06269925611052073												joint_grid_target
K562_essential_day7	ACH-000551	PNN	86.0	10691.0	1.0	310385.0	8563.0	h5ad_obs	supplementary	ctrl	verified_via_num_features_eq_1	num_features	5.685922229837325	0.0425421319860308	0.398919651491629	0.3114121719141797	0.2602822254328542	0.0427425465301417	0.7826964952060322	35.0	-0.580809268850697	0.66264864446751	1.0	1.0	both	middle	0.6981934112646121	0.3161530286928799												joint_grid_target
K562_essential_day7	ACH-000551	PNO1	134.0	10691.0	1.0	310385.0	8563.0	h5ad_obs	supplementary	ctrl	verified_via_num_features_eq_1	num_features	7.031882250122769	0.050658415109936	0.4726202154644831	0.407396488920509	0.3530948008774781	0.0469580164569466	3.2827715395907564	124.0	-0.6185068242864076	0.7173879574211938	1.0	1.0	both	middle	0.8214665249734325	0.3416578108395324												joint_grid_target
K562_essential_day7	ACH-000551	PNPT1	131.0	10691.0	1.0	310385.0	8563.0	h5ad_obs	supplementary	ctrl	verified_via_num_features_eq_1	num_features	6.1763204237604885	0.0354524251760312	0.814805657410877	0.4824846382747009	0.3390539217889405	0.0794660455219335	1.2937495632316267	34.0	-1.7277137487024126	0.9983652467006702	1.0	1.0	both	middle	0.5600425079702445	0.8533475026567482												joint_grid_target
K562_essential_day7	ACH-000551	POGZ	38.0	10691.0	1.0	310385.0	8563.0	h5ad_obs	supplementary	ctrl	verified_via_num_features_eq_1	num_features	5.425468909407147	0.0444818662831853	0.2786714775358524	0.2354514311827783	0.205692989254758	0.0309073944445304	0.3438204799566868	12.0	-0.2969998672251139	0.2082427222101835	1.0	1.0	both	middle	0.7353878852284803	0.13443145589798086												joint_grid_target
K562_essential_day7	ACH-000551	POLA1	230.0	10691.0	1.0	310385.0	8563.0	h5ad_obs	supplementary	ctrl	verified_via_num_features_eq_1	num_features	4.91284273070124	0.0348248607769067	0.3683082924000815	0.2882356752411888	0.2416497764545899	0.0483283985620975	1.3142424859895403	24.0	-0.3102867072544769	0.2249195485321915	1.0	1.0	both	middle	0.5398512221041445	0.13868225292242295												joint_grid_target
K562_essential_day7	ACH-000551	POLA2	234.0	10691.0	1.0	310385.0	8563.0	h5ad_obs	supplementary	ctrl	verified_via_num_features_eq_1	num_features	5.384107011566826	0.0376376633737969	0.4108435598144033	0.3266133532247551	0.2729568663058589	0.0506705178825983	1.6512612954333878	46.0	-1.5109707190887995	0.9912208327031282	1.0	1.0	both	middle	0.6078639744952179	0.7911795961742827												joint_grid_target
K562_essential_day7	ACH-000551	POLD1	212.0	10691.0	1.0	310385.0	8563.0	h5ad_obs	supplementary	ctrl	verified_via_num_features_eq_1	num_features	6.385295998793976	0.0429392598521024	0.5412008583511149	0.4085374688339449	0.3335303050720859	0.0555547758862853	2.609867726339872	81.0	-2.331513759561506	1.0	1.0	1.0	both	middle	0.7104144527098831	0.9609458023379384												joint_grid_target
K562_essential_day7	ACH-000551	POLD2	78.0	10691.0	1.0	310385.0	8563.0	h5ad_obs	supplementary	ctrl	verified_via_num_features_eq_1	num_features	5.566736929834744	0.0420348885773116	0.4125044827598807	0.3117421822766706	0.2569569911494205	0.0433041711968301	1.5545347996586738	30.0	-0.9813037907117468	0.9468862897332038	1.0	1.0	both	middle	0.6880977683315622	0.5616365568544102												joint_grid_target
K562_essential_day7	ACH-000551	POLD3	68.0	10691.0	1.0	310385.0	8563.0	h5ad_obs	supplementary	ctrl	verified_via_num_features_eq_1	num_features	6.315526813584645	0.0459348853871646	0.5055213760997195	0.3774484254581514	0.3076409014173683	0.0479798671634242	2.1510981173837536	59.0	-2.3562032772086363	1.0	1.0	1.0	both	Q1_anchor	0.7603613177470776	0.9609458023379384												joint_grid_target
K562_essential_day7	ACH-000551	POLE	168.0	10691.0	1.0	310385.0	8563.0	h5ad_obs	supplementary	ctrl	verified_via_num_features_eq_1	num_features	6.326918502341538	0.0448461577146159	0.429341145245757	0.369085763782135	0.3154265444624557	0.0480558335292599	2.156970551644415	89.0	-1.8988003524929544	0.99989614904683	1.0	1.0	both	middle	0.7449521785334751	0.8884165781083954												joint_grid_target
K562_essential_day7	ACH-000551	POLE2	56.0	10691.0	1.0	310385.0	8563.0	h5ad_obs	supplementary	ctrl	verified_via_num_features_eq_1	num_features	4.529193834792141	0.0368402800621133	0.2308497568952606	0.1921400382245957	0.1698200219682883	0.0304536260092069	0.529372289509876	5.0	-1.2669358441064915	0.9846302861905716	1.0	1.0	both	middle	0.5929861849096706	0.7077577045696068												joint_grid_target
K562_essential_day7	ACH-000551	POLG2	156.0	10691.0	1.0	310385.0	8563.0	h5ad_obs	supplementary	ctrl	verified_via_num_features_eq_1	num_features	3.0107994579101702	0.0212592621676987	0.2495102068628747	0.1593403677841133	0.1206160770299205	0.0437644714619434	0.0709980881795449	4.0	-0.1167980289360468	0.059423388043995	1.0	1.0	both	Q4_low_info	0.10148777895855472	0.048884165781083955												joint_grid_target
K562_essential_day7	ACH-000551	POLR1A	127.0	10691.0	1.0	310385.0	8563.0	h5ad_obs	supplementary	ctrl	verified_via_num_features_eq_1	num_features	6.5432173942170095	0.0470466915396184	0.4955894873209507	0.3952399274669609	0.3256537384743532	0.0490541532193001	2.353752380821179	79.0	-1.6757408912904646	0.997073770486839	1.0	1.0	both	Q1_anchor	0.7805526036131775	0.8400637619553666												joint_grid_target
K562_essential_day7	ACH-000551	POLR1B	181.0	10691.0	1.0	310385.0	8563.0	h5ad_obs	supplementary	ctrl	verified_via_num_features_eq_1	num_features	8.656603186995895	0.0594716715539401	0.6865822306468454	0.5392981262102703	0.4462518888936392	0.0529496174032145	4.792719086337307	194.0	-1.200034364753128	0.9792747803240393	1.0	1.0	both	middle	0.90807651434644	0.6732199787460149												joint_grid_target
K562_essential_day7	ACH-000551	POLR1C	187.0	10691.0	1.0	310385.0	8563.0	h5ad_obs	supplementary	ctrl	verified_via_num_features_eq_1	num_features	4.418671967395529	0.0318795679311708	0.3356753017005147	0.2646170064715842	0.2187125731271902	0.0484673623666534	0.9723867342724688	22.0	-1.8647798016304928	0.9998008741199874	1.0	1.0	both	middle	0.463336875664187	0.8809776833156217												joint_grid_target
K562_essential_day7	ACH-000551	POLR1E	209.0	10691.0	1.0	310385.0	8563.0	h5ad_obs	supplementary	ctrl	verified_via_num_features_eq_1	num_features	4.540243561113117	0.0327451451429446	0.32419202761957	0.2633291586687949	0.221239239780887	0.0469565404054429	1.2087689664986456	20.0	-0.8669999782004797	0.9153471598366888	1.0	1.0	both	middle	0.48459086078639746	0.4957492029755579												joint_grid_target
K562_essential_day7	ACH-000551	POLR2B	320.0	10691.0	1.0	310385.0	8563.0	h5ad_obs	supplementary	ctrl	verified_via_num_features_eq_1	num_features	7.587233592698051	0.052720671195556	0.4912286996933934	0.4205934969155553	0.3685218325560834	0.0465828100321169	3.1848053922557664	166.0	-2.495365064600354	1.0	1.0	1.0	both	Q1_anchor	0.8506907545164718	0.9609458023379384												joint_grid_target
K562_essential_day7	ACH-000551	POLR2C	185.0	10691.0	1.0	310385.0	8563.0	h5ad_obs	supplementary	ctrl	verified_via_num_features_eq_1	num_features	8.606070438216488	0.0604898164279763	0.5518184072978769	0.4682329802752631	0.4099873214278638	0.0451984762581297	3.831860033495275	260.0	-2.2283028303177006	1.0	1.0	1.0	both	Q1_anchor	0.9176408076514346	0.9609458023379384												joint_grid_target
K562_essential_day7	ACH-000551	POLR2D	281.0	10691.0	1.0	310385.0	8563.0	h5ad_obs	supplementary	ctrl	verified_via_num_features_eq_1	num_features	4.581182242420009	0.0330366891761601	0.2850943815907292	0.2426494860568679	0.2127848217921994	0.0428871235311642	1.0304449386311043	12.0	-1.7965425967412665	0.9993702845196312	1.0	1.0	both	middle	0.49415515409139216	0.8660998937300743												joint_grid_target
K562_essential_day7	ACH-000551	POLR2E	225.0	10691.0	1.0	310385.0	8563.0	h5ad_obs	supplementary	ctrl	verified_via_num_features_eq_1	num_features	2.9490378896949325	0.0227398629298278	0.1959781074884693	0.1541789845665401	0.1297384988600057	0.0395896259814771	0.2750133730416202	2.0	-2.805422015977821	1.0	1.0	1.0	both	Q3_dep_excess	0.155154091392136	0.9609458023379384												joint_grid_target
K562_essential_day7	ACH-000551	POLR2F	337.0	10691.0	1.0	310385.0	8563.0	h5ad_obs	supplementary	ctrl	verified_via_num_features_eq_1	num_features	5.564935790760555	0.0393647628519335	0.3683950266228523	0.3085501850159407	0.2660737239172775	0.0457680313298012	1.674989630438418	46.0	-1.8627749825282047	0.9997937542828108	1.0	1.0	both	middle	0.6376195536663124	0.8799149840595112												joint_grid_target
K562_essential_day7	ACH-000551	POLR2G	155.0	10691.0	1.0	310385.0	8563.0	h5ad_obs	supplementary	ctrl	verified_via_num_features_eq_1	num_features	10.228036735476874	0.0718412673297764	0.6588485182159431	0.5607950538405446	0.4911380644135421	0.0455799925511878	5.733094577957605	386.0	-1.631423522043269	0.9956118872845066	1.0	1.0	both	Q1_anchor	0.9670563230605739	0.8278427205100957												joint_grid_target
K562_essential_day7	ACH-000551	POLR2H	102.0	10691.0	1.0	310385.0	8563.0	h5ad_obs	supplementary	ctrl	verified_via_num_features_eq_1	num_features	11.160688242696978	0.0793361220351287	0.7055724780567196	0.6068228816546088	0.5293658809900801	0.0446616784602779	6.667433947095127	505.0	-1.0846797198832232	0.9648883665071412	1.0	1.0	both	middle	0.9824654622741764	0.6232731137088204												joint_grid_target
K562_essential_day7	ACH-000551	POLR2I	223.0	10691.0	1.0	310385.0	8563.0	h5ad_obs	supplementary	ctrl	verified_via_num_features_eq_1	num_features	9.488623773033586	0.0667027052562776	0.6092225848080759	0.5258558991021363	0.4564815068961209	0.0460327968685163	4.87787954378787	326.0	-1.5360646342786894	0.9920465581887956	1.0	1.0	both	Q1_anchor	0.9500531349628055	0.798087141339001												joint_grid_target
K562_essential_day7	ACH-000551	POLR2K	22.0	10691.0	1.0	310385.0	8563.0	h5ad_obs	supplementary	ctrl	verified_via_num_features_eq_1	num_features	13.647615536779362	0.1041667245342168	0.7723109737072733	0.673098623028725	0.5967464033171713	0.0377306037101096	7.0375708263108905	725.0	-1.1243831806927962	0.9704549015601804	1.0	1.0	both	middle	0.9989373007438895	0.6413390010626993												joint_grid_target
K562_essential_day7	ACH-000551	POLR2L	62.0	10691.0	1.0	310385.0	8563.0	h5ad_obs	supplementary	ctrl	verified_via_num_features_eq_1	num_features	5.692792975182856	0.0436570413847183	0.3886548610384915	0.3085852765155331	0.2587033291488805	0.0412728976643243	1.1144352996862033	38.0	-3.568816444926142	1.0	1.0	1.0	both	middle	0.7215727948990436	0.9609458023379384												joint_grid_target
K562_essential_day7	ACH-000551	POLR3B	113.0	10691.0	1.0	310385.0	8563.0	h5ad_obs	supplementary	ctrl	verified_via_num_features_eq_1	num_features	4.4322228388294524	0.0348780631200314	0.2498694459018637	0.2134601872355853	0.1860538007359949	0.0357362178574111	0.696121597620527	8.0	-1.519269670143548	0.9914829865362552	1.0	1.0	both	middle	0.5419766206163655	0.7927736450584485												joint_grid_target
K562_essential_day7	ACH-000551	POLR3C	175.0	10691.0	1.0	310385.0	8563.0	h5ad_obs	supplementary	ctrl	verified_via_num_features_eq_1	num_features	3.03709491620708	0.0240503066953318	0.1861450686489804	0.1501528145897239	0.1270714754195555	0.036454984568257	0.2014184340986204	2.0	-0.842918171842069	0.9059465840841938	1.0	1.0	both	middle	0.19872476089266738	0.47768331562167904												joint_grid_target
K562_essential_day7	ACH-000551	POLR3D	118.0	10691.0	1.0	310385.0	8563.0	h5ad_obs	supplementary	ctrl	verified_via_num_features_eq_1	num_features	4.093758949344374	0.0318291272378214	0.259837972007562	0.2105899763081886	0.1769126587706393	0.0386328747182917	0.4843616962945827	6.0	-0.2524649080836525	0.1581962804605456	1.0	1.0	both	middle	0.46174282678002126	0.10467587672688629												joint_grid_target
K562_essential_day7	ACH-000551	POLR3E	221.0	10691.0	1.0	310385.0	8563.0	h5ad_obs	supplementary	ctrl	verified_via_num_features_eq_1	num_features	3.024301863870406	0.0234297971131327	0.2010779922567264	0.1568125100799583	0.1319520411483616	0.0390801515295377	0.2639429011761862	2.0	-0.8103959474821657	0.8909608973263357	1.0	1.0	both	middle	0.17481402763018067	0.46014877789585545												joint_grid_target
K562_essential_day7	ACH-000551	POLR3F	165.0	10691.0	1.0	310385.0	8563.0	h5ad_obs	supplementary	ctrl	verified_via_num_features_eq_1	num_features	3.684670294498577	0.0286626774457694	0.2084046536939897	0.1822172290750279	0.1601916368513132	0.0371207499845762	0.4247664231566705	1.0	-1.318693508708311	0.9870645596182076	1.0	1.0	both	middle	0.371413390010627	0.7284803400637619												joint_grid_target
K562_essential_day7	ACH-000551	POLR3H	109.0	10691.0	1.0	310385.0	8563.0	h5ad_obs	supplementary	ctrl	verified_via_num_features_eq_1	num_features	3.102402177148155	0.0254565516428278	0.1496275356458818	0.1283767118088057	0.1142957637353513	0.0294463001368456	0.1338230039649506	1.0	-2.2497836828315423	1.0	1.0	1.0	both	middle	0.25292242295430395	0.9609458023379384												joint_grid_target
K562_essential_day7	ACH-000551	POLR3K	108.0	10691.0	1.0	310385.0	8563.0	h5ad_obs	supplementary	ctrl	verified_via_num_features_eq_1	num_features	3.9907207546830894	0.0302697576901665	0.2966949188459454	0.2113040901276364	0.1698021997082626	0.0407608300606603	0.2797002938646429	7.0	-1.369378025706207	0.988354744421172	1.0	1.0	both	middle	0.4160467587672689	0.7507970244420828												joint_grid_target
K562_essential_day7	ACH-000551	POLRMT	214.0	10691.0	1.0	310385.0	8563.0	h5ad_obs	supplementary	ctrl	verified_via_num_features_eq_1	num_features	6.704228944038932	0.0276001095006884	1.117614103054199	0.5518233918257534	0.346091003374792	0.116743675291858	1.498836222853603	18.0	-0.8076642422455743	0.8895454252964345	1.0	1.0	both	middle	0.33209351753453775	0.4585547290116897												joint_grid_target
K562_essential_day7	ACH-000551	POP1	84.0	10691.0	1.0	310385.0	8563.0	h5ad_obs	supplementary	ctrl	verified_via_num_features_eq_1	num_features	6.070266448031268	0.0447908044339792	0.4304410913262301	0.3490434175382168	0.2949885526392954	0.0455024362836901	2.1571065514641194	66.0	-1.006728149316628	0.9519172713849352	1.0	1.0	both	middle	0.7417640807651434	0.5797024442082891												joint_grid_target
K562_essential_day7	ACH-000551	POP4	128.0	10691.0	1.0	310385.0	8563.0	h5ad_obs	supplementary	ctrl	verified_via_num_features_eq_1	num_features	5.0245397156198575	0.0372028980551704	0.358000484313958	0.2901594873162675	0.2432826489499719	0.0455411573622513	1.447658863474775	33.0	-0.4921733097706955	0.5152770687185633	1.0	1.0	both	middle	0.5988310308182784	0.2438894792773645												joint_grid_target
K562_essential_day7	ACH-000551	POP5	56.0	10691.0	1.0	310385.0	8563.0	h5ad_obs	supplementary	ctrl	verified_via_num_features_eq_1	num_features	6.42193219574358	0.0488526346222612	0.4148211086756081	0.3424870761752376	0.2900469863125623	0.0409355149579521	1.9043558676822887	63.0	-1.572516487911603	0.9933860461030836	1.0	1.0	both	Q1_anchor	0.8044633368756642	0.8097768331562167												joint_grid_target
K562_essential_day7	ACH-000551	POP7	218.0	10691.0	1.0	310385.0	8563.0	h5ad_obs	supplementary	ctrl	verified_via_num_features_eq_1	num_features	2.7203921005040743	0.0206219745357345	0.206024579450333	0.1485735213081866	0.1191439888092584	0.0420683259925499	0.151809703215191	2.0	-0.5054556905900491	0.5383531694548221	1.0	1.0	both	middle	0.08235919234856535	0.2587672688629118												joint_grid_target
K562_essential_day7	ACH-000551	POTEI	126.0	10691.0	1.0	310385.0	8563.0	h5ad_obs	supplementary	ctrl	verified_via_num_features_eq_1	num_features	3.2795425171837205	0.0259016640229603	0.2115125792208687	0.1692259325795273	0.1426623292443539	0.0381490133883596	0.1893772907766919	4.0	-0.4003606140343272	0.3577268961979888	1.0	1.0	both	middle	0.2725823591923486	0.18650371944739638												joint_grid_target
K562_essential_day7	ACH-000551	PPA1	143.0	10691.0	1.0	310385.0	8563.0	h5ad_obs	supplementary	ctrl	verified_via_num_features_eq_1	num_features	3.5162714842712903	0.0251908119192397	0.2730624131176786	0.1868930652149244	0.1467909320730331	0.0433206617231435	0.2214054660592346	5.0	-1.0887124347207038	0.965481658624567	1.0	1.0	both	middle	0.24495217853347503	0.6248671625929861												joint_grid_target
K562_essential_day7	ACH-000551	PPA2	64.0	10691.0	1.0	310385.0	8563.0	h5ad_obs	supplementary	ctrl	verified_via_num_features_eq_1	num_features	4.04027483780121	0.033196093758939	0.1881501356031074	0.1637540142365662	0.1486393102518239	0.0288037499966865	0.1547468518304136	1.0	-0.4947567395440506	0.5197731635169013	1.0	1.0	both	middle	0.49946865037194477	0.2481402763018066												joint_grid_target
K562_essential_day7	ACH-000551	PPAN	103.0	10691.0	1.0	310385.0	8563.0	h5ad_obs	supplementary	ctrl	verified_via_num_features_eq_1	num_features	5.626889219427276	0.0412164459032498	0.4006834270370972	0.3288900349681963	0.2751337470973505	0.0465933820496373	1.893817333983705	48.0	-1.576183496328277	0.993526360532219	1.0	1.0	both	middle	0.6737513283740701	0.8119022316684378												joint_grid_target
K562_essential_day7	ACH-000551	PPARGC1B	142.0	10691.0	1.0	310385.0	8563.0	h5ad_obs	supplementary	ctrl	verified_via_num_features_eq_1	num_features	3.3296581104955307	0.0257936073120624	0.224936638875946	0.1829445935243213	0.1519615550310973	0.0414144173812783	0.1761565987618993	5.0	-0.4592176446907945	0.4577217093152411	1.0	1.0	both	middle	0.2683315621679065	0.22688629117959616												joint_grid_target
K562_essential_day7	ACH-000551	PPIA	158.0	10691.0	1.0	310385.0	8563.0	h5ad_obs	supplementary	ctrl	verified_via_num_features_eq_1	num_features	3.215996312838155	0.0215182195435828	0.2000541479350817	0.1355202201177037	0.1094506942757904	0.0367740806783018	0.075731258314704	1.0	-0.5311002717965858	0.5822624561422617	1.0	1.0	both	middle	0.11370882040382571	0.2826780021253985												joint_grid_target
K562_essential_day7	ACH-000551	PPIE	46.0	10691.0	1.0	310385.0	8563.0	h5ad_obs	supplementary	ctrl	verified_via_num_features_eq_1	num_features	9.314287744502128	0.0699526368971754	0.564471563330941	0.4817184796443048	0.4167245328876264	0.040209926314313	4.174029333256792	256.0	-0.6687862520739495	0.7798936099056084	1.0	1.0	both	middle	0.9622741764080766	0.3767268862911796												joint_grid_target
K562_essential_day7	ACH-000551	PPIH	114.0	10691.0	1.0	310385.0	8563.0	h5ad_obs	supplementary	ctrl	verified_via_num_features_eq_1	num_features	4.290009592989605	0.0330412345236712	0.2739550215831783	0.2160101543098259	0.1827416055756701	0.038173498342599	0.4824456570370614	6.0	-0.4897835548563078	0.511107122065692	1.0	1.0	both	middle	0.4946865037194474	0.24176408076514347												joint_grid_target
K562_essential_day7	ACH-000551	PPIL1	24.0	10691.0	1.0	310385.0	8563.0	h5ad_obs	supplementary	ctrl	verified_via_num_features_eq_1	num_features	6.819366726093697	0.0560115667978359	0.3024792968970206	0.2705943033306773	0.2461974323906722	0.0282088244721613	0.4925748654735784	34.0	-0.777796996320404	0.8727088642307471	1.0	1.0	both	middle	0.8815090329436769	0.4399574920297556												joint_grid_target
K562_essential_day7	ACH-000551	PPIL2	130.0	10691.0	1.0	310385.0	8563.0	h5ad_obs	supplementary	ctrl	verified_via_num_features_eq_1	num_features	3.0425731047516966	0.0243442474832955	0.1723709494739745	0.1365033195886653	0.1183489766075136	0.0327409230344224	0.1424001116639743	2.0	-1.592548936473302	0.9941543472927802	1.0	1.0	both	Q3_dep_excess	0.2130712008501594	0.8188097768331563												joint_grid_target
K562_essential_day7	ACH-000551	PPIL4	74.0	10691.0	1.0	310385.0	8563.0	h5ad_obs	supplementary	ctrl	verified_via_num_features_eq_1	num_features	7.723578464106033	0.0581368307736758	0.4663077917786177	0.3976063888985105	0.3444615910952114	0.0399342986252776	2.968997731442917	140.0	-1.180973763962755	0.9773017920418072	1.0	1.0	both	middle	0.8990435706695006	0.6647183846971307												joint_grid_target
K562_essential_day7	ACH-000551	PPME1	222.0	10691.0	1.0	310385.0	8563.0	h5ad_obs	supplementary	ctrl	verified_via_num_features_eq_1	num_features	2.376334315040821	0.0183178617108084	0.1596883770241182	0.1128897889160147	0.0924131179130978	0.0359852020305951	0.0757394699940849	3.0	-0.2799958999131227	0.1880269918776317	1.0	1.0	both	Q4_low_info	0.03028692879914984	0.12433581296493093												joint_grid_target
K562_essential_day7	ACH-000551	PPP1CA	248.0	10691.0	1.0	310385.0	8563.0	h5ad_obs	supplementary	ctrl	verified_via_num_features_eq_1	num_features	2.578330604699869	0.0197153574363326	0.1906805186075741	0.1362196048874426	0.110086331203469	0.0403440061538516	0.1555515046939959	4.0	-0.7553149484668478	0.8579046484562145	1.0	1.0	both	middle	0.057385759829968117	0.4277364505844846												joint_grid_target
K562_essential_day7	ACH-000551	PPP1CB	160.0	10691.0	1.0	310385.0	8563.0	h5ad_obs	supplementary	ctrl	verified_via_num_features_eq_1	num_features	2.573012716919884	0.0209229674620443	0.1280224714238939	0.1074111817895043	0.0955589370016155	0.0299757650135728	0.0716172347722601	1.0	-0.6717027942898456	0.7831726551456826	1.0	1.0	both	middle	0.09032943676939426	0.37885228480340066												joint_grid_target
K562_essential_day7	ACH-000551	PPP1R11	77.0	10691.0	1.0	310385.0	8563.0	h5ad_obs	supplementary	ctrl	verified_via_num_features_eq_1	num_features	4.819814442159039	0.0378050131066154	0.3057692774847919	0.2449926144684034	0.2074167134212935	0.0378396978322958	0.7654962398695595	13.0	-0.6060914218569098	0.7000376512136351	1.0	1.0	both	middle	0.6110520722635494	0.3331562167906483												joint_grid_target
K562_essential_day7	ACH-000551	PPP1R12A	179.0	10691.0	1.0	310385.0	8563.0	h5ad_obs	supplementary	ctrl	verified_via_num_features_eq_1	num_features	2.4239199324270784	0.0198866570480007	0.1297322735064206	0.1049399968139462	0.0908975356523235	0.0308122436020819	0.0752093063564718	1.0	-0.6820212793417716	0.7942454225576603	1.0	1.0	both	middle	0.06323060573857599	0.3894792773645058												joint_grid_target
K562_essential_day7	ACH-000551	PPP1R15B	135.0	10691.0	1.0	310385.0	8563.0	h5ad_obs	supplementary	ctrl	verified_via_num_features_eq_1	num_features	3.486189485522257	0.027382386112693	0.2132697383863915	0.172747456991536	0.1486593683849684	0.0368370151861931	0.3620124814170236	5.0	-0.0386365712462289	0.0311379875507514	1.0	1.0	both	middle	0.32093517534537724	0.026567481402763018												joint_grid_target
K562_essential_day7	ACH-000551	PPP1R2	80.0	10691.0	1.0	310385.0	8563.0	h5ad_obs	supplementary	ctrl	verified_via_num_features_eq_1	num_features	3.798328400153496	0.0307135967377694	0.2241781529758984	0.1719498144648853	0.1468851530654063	0.032690013059405	0.2755999212604809	4.0	-1.118110139115054	0.9696149070251572	1.0	1.0	both	middle	0.43092454835281613	0.6392136025504782												joint_grid_target
K562_essential_day7	ACH-000551	PPP1R7	63.0	10691.0	1.0	310385.0	8563.0	h5ad_obs	supplementary	ctrl	verified_via_num_features_eq_1	num_features	4.016106142776464	0.0329132466577277	0.1940420418351205	0.1626056596571221	0.1460234035049647	0.0288475538968507	0.2040362993205242	3.0	-1.3068027620196063	0.9866240902362644	1.0	1.0	both	middle	0.4893730074388948	0.7231668437832094												joint_grid_target
K562_essential_day7	ACH-000551	PPP1R8	69.0	10691.0	1.0	310385.0	8563.0	h5ad_obs	supplementary	ctrl	verified_via_num_features_eq_1	num_features	5.349063665461725	0.0417040163816153	0.3134228711542147	0.2641114580133598	0.2312836080261064	0.0369788516648191	0.6464461217154867	22.0	-1.528917948128444	0.9918012787501626	1.0	1.0	both	middle	0.6817215727948991	0.7948990435706695												joint_grid_target
K562_essential_day7	ACH-000551	PPP2CA	184.0	10691.0	1.0	310385.0	8563.0	h5ad_obs	supplementary	ctrl	verified_via_num_features_eq_1	num_features	2.8110027054900284	0.0219760725864752	0.1779041144025649	0.1386021053543206	0.1167905183175244	0.0368267850263713	0.1254825918294599	3.0	-0.8793991091116676	0.9197302757701792	1.0	1.0	both	middle	0.13071200850159406	0.502125398512221												joint_grid_target
K562_essential_day7	ACH-000551	PPP2R1A	455.0	10691.0	1.0	310385.0	8563.0	h5ad_obs	supplementary	ctrl	verified_via_num_features_eq_1	num_features	1.9266370060483584	0.0151279410573221	0.1150102692270974	0.0965302826509799	0.082625744153788	0.0372587100102425	0.0657347046992935	1.0	-0.5544337273327873	0.6209283351870654	1.0	1.0	both	middle	0.007438894792773645	0.3002125398512221												joint_grid_target
K562_essential_day7	ACH-000551	PPP2R3C	52.0	10691.0	1.0	310385.0	8563.0	h5ad_obs	supplementary	ctrl	verified_via_num_features_eq_1	num_features	4.417563544118685	0.0365237971968276	0.2062374759479612	0.1806516167521433	0.1612307358560144	0.0288808512913502	0.187699840926621	0.0	-0.7691922505113424	0.8672844656082405	1.0	1.0	both	middle	0.5860786397449522	0.4357066950053135												joint_grid_target
K562_essential_day7	ACH-000551	PPP4C	171.0	10691.0	1.0	310385.0	8563.0	h5ad_obs	supplementary	ctrl	verified_via_num_features_eq_1	num_features	3.5334886076114618	0.0263441404951567	0.2890617598204333	0.2038421131647172	0.1625893998801222	0.0451808023721616	0.3381920259641617	6.0	-1.0172805159198552	0.9538707776985916	1.0	1.0	both	middle	0.28374070138150903	0.5860786397449522												joint_grid_target
K562_essential_day7	ACH-000551	PPP4R2	187.0	10691.0	1.0	310385.0	8563.0	h5ad_obs	supplementary	ctrl	verified_via_num_features_eq_1	num_features	3.486901754114707	0.025274350509524	0.3085102050447956	0.2130184424319981	0.1657693171460019	0.0492131610089955	0.4277989322563567	8.0	-1.214717192729339	0.9806651455716612	1.0	1.0	both	middle	0.24760892667375134	0.6843783209351754												joint_grid_target
K562_essential_day7	ACH-000551	PPP6C	114.0	10691.0	1.0	310385.0	8563.0	h5ad_obs	supplementary	ctrl	verified_via_num_features_eq_1	num_features	3.1686093844341867	0.025792578478596	0.1655916724691476	0.138332693464615	0.1216171974082378	0.0313165659370615	0.1844223805013509	1.0	0.0529655421275022	0.0140588076042086	1.0	1.0	both	middle	0.2678002125398512	0.010095642933049946												joint_grid_target
K562_essential_day7	ACH-000551	PPRC1	122.0	10691.0	1.0	310385.0	8563.0	h5ad_obs	supplementary	ctrl	verified_via_num_features_eq_1	num_features	6.350753317736602	0.0416599666171789	0.630730281595932	0.4947299791685932	0.3919820450645591	0.069341522148472	2.222844065936064	95.0	-0.5210043863038879	0.5651176023342929	1.0	1.0	both	middle	0.6790648246546227	0.2731137088204038												joint_grid_target
K562_essential_day7	ACH-000551	PPWD1	24.0	10691.0	1.0	310385.0	8563.0	h5ad_obs	supplementary	ctrl	verified_via_num_features_eq_1	num_features	9.245635922283553	0.0727634799859734	0.4898806276639657	0.418402684375339	0.3724895347776162	0.0335756988616775	2.926078582454698	233.0	-2.324680440757403	1.0	1.0	1.0	both	Q1_anchor	0.9702444208289054	0.9609458023379384												joint_grid_target
K562_essential_day7	ACH-000551	PRC1	187.0	10691.0	1.0	310385.0	8563.0	h5ad_obs	supplementary	ctrl	verified_via_num_features_eq_1	num_features	2.341580810597665	0.0192844800579545	0.111760386583865	0.0935816413169557	0.0833617914025937	0.0283352327415785	0.0644890641188613	1.0	-1.5863844090233068	0.9939175152125572	1.0	1.0	both	Q3_dep_excess	0.04729011689691817	0.8166843783209352												joint_grid_target
K562_essential_day7	ACH-000551	PREB	40.0	10691.0	1.0	310385.0	8563.0	h5ad_obs	supplementary	ctrl	verified_via_num_features_eq_1	num_features	5.336532648002287	0.0437942680281372	0.222567787595412	0.2040291337251352	0.1887089214310792	0.0272031360749416	0.447503634902084	2.0	-1.183940143190552	0.97761794557947	1.0	1.0	both	middle	0.7236981934112646	0.6684378320935175												joint_grid_target
K562_essential_day7	ACH-000551	PRELID1	152.0	10691.0	1.0	310385.0	8563.0	h5ad_obs	supplementary	ctrl	verified_via_num_features_eq_1	num_features	3.7877029133729705	0.0280594026691249	0.2815723722666555	0.2037801695776023	0.16545688348778	0.0424060243245621	0.5415036785962535	5.0	-1.8911895427902832	0.9998796764296798	1.0	1.0	both	middle	0.3480340063761955	0.88788522848034												joint_grid_target
K562_essential_day7	ACH-000551	PRELID3B	273.0	10691.0	1.0	310385.0	8563.0	h5ad_obs	supplementary	ctrl	verified_via_num_features_eq_1	num_features	6.129868647705479	0.0410426945366847	0.5343645839242217	0.4020892083814854	0.3220886300919515	0.0572045550937923	2.2931695804055483	64.0	-1.800954400097674	0.9994128969026916	1.0	1.0	both	middle	0.6705632306057385	0.8682252922422954												joint_grid_target
K562_essential_day7	ACH-000551	PRIM1	181.0	10691.0	1.0	310385.0	8563.0	h5ad_obs	supplementary	ctrl	verified_via_num_features_eq_1	num_features	6.48106858029203	0.0456770510087897	0.4689616187289118	0.3822623003971659	0.3264623409300919	0.0488660766619754	2.4855936097398086	103.0	-1.7481074783936632	0.9987414335068198	1.0	1.0	both	Q1_anchor	0.7555791710945803	0.8581296493092455												joint_grid_target
K562_essential_day7	ACH-000551	PRKRA	78.0	10691.0	1.0	310385.0	8563.0	h5ad_obs	supplementary	ctrl	verified_via_num_features_eq_1	num_features	3.955997587849224	0.0320292343439926	0.2221944420706824	0.1776310047758543	0.1525042732531211	0.0323829400399862	0.2687712288033204	3.0	-0.4390233183058333	0.4227479996323989	1.0	1.0	both	middle	0.4670563230605739	0.21519659936238045												joint_grid_target
K562_essential_day7	ACH-000551	PRKRIP1	182.0	10691.0	1.0	310385.0	8563.0	h5ad_obs	supplementary	ctrl	verified_via_num_features_eq_1	num_features	2.358990716082707	0.019546386924273	0.1093964843010643	0.0941547031454853	0.0839490964593023	0.0281267522187457	0.0659399118883072	0.0	-0.1962024730514465	0.1080936660391759	1.0	1.0	both	Q4_low_info	0.05047821466524974	0.07917109458023379												joint_grid_target
K562_essential_day7	ACH-000551	PRMT1	58.0	10691.0	1.0	310385.0	8563.0	h5ad_obs	supplementary	ctrl	verified_via_num_features_eq_1	num_features	5.529528724700128	0.0424124882562653	0.3864369235470443	0.2913248493465104	0.2439170072118775	0.040107707446597	0.9045781267082108	18.0	-1.860342677780655	0.9997843724707192	1.0	1.0	both	middle	0.6950053134962806	0.879383634431456												joint_grid_target
K562_essential_day7	ACH-000551	PRMT5	127.0	10691.0	1.0	310385.0	8563.0	h5ad_obs	supplementary	ctrl	verified_via_num_features_eq_1	num_features	3.657889920237568	0.0288736835314489	0.2092879171625848	0.1779438503473759	0.154083075282932	0.0359852771448552	0.2837694764071585	2.0	-1.1399766099468032	0.9724767073418714	1.0	1.0	both	middle	0.3783209351753454	0.6498405951115834												joint_grid_target
K562_essential_day7	ACH-000551	PRODH	379.0	10691.0	1.0	310385.0	8563.0	h5ad_obs	supplementary	ctrl	verified_via_num_features_eq_1	num_features	1.6752045086653329	0.0138663756819479	0.0722954023387748	0.0658365952005736	0.0601473989617359	0.0277235257357005	0.0332817152821256	0.0	-0.4694607093493248	0.4755942540184235	1.0	1.0	both	Q4_low_info	0.004250797024442083	0.23273113708820403												joint_grid_target
K562_essential_day7	ACH-000551	PRORP	42.0	10691.0	1.0	310385.0	8563.0	h5ad_obs	supplementary	ctrl	verified_via_num_features_eq_1	num_features	5.505408614615538	0.0435088314237238	0.3755622169058158	0.2653238947008954	0.2177233142700406	0.0356076247917611	0.4250925009359179	10.0	-0.6639593172343473	0.774454988447039	1.0	1.0	both	middle	0.7173219978746015	0.37300743889479276												joint_grid_target
K562_essential_day7	ACH-000551	PRPF18	268.0	10691.0	1.0	310385.0	8563.0	h5ad_obs	supplementary	ctrl	verified_via_num_features_eq_1	num_features	6.996202527670963	0.0513335911393824	0.4163088281959135	0.3567432437512219	0.3121608029097897	0.0405787037699737	2.6194640503234723	104.0	-0.6136023526701685	0.7106343094038919	1.0	1.0	both	middle	0.8315621679064825	0.3374070138150903												joint_grid_target
K562_essential_day7	ACH-000551	PRPF19	112.0	10691.0	1.0	310385.0	8563.0	h5ad_obs	supplementary	ctrl	verified_via_num_features_eq_1	num_features	7.186532985765275	0.0524285185333505	0.4779881383820411	0.402821409216505	0.3466876432461121	0.044863073042628	2.428317114278663	114.0	-2.97023938692831	1.0	1.0	1.0	both	Q1_anchor	0.8459086078639745	0.9609458023379384												joint_grid_target
K562_essential_day7	ACH-000551	PRPF3	143.0	10691.0	1.0	310385.0	8563.0	h5ad_obs	supplementary	ctrl	verified_via_num_features_eq_1	num_features	9.038881691447344	0.0642910266092348	0.5556853542555917	0.4949718202841481	0.4376311025804527	0.0449546037566036	4.417105524712209	279.0	-1.0613591320321214	0.9613301460207592	1.0	1.0	both	middle	0.9351753453772582	0.6110520722635494												joint_grid_target
K562_essential_day7	ACH-000551	PRPF31	27.0	10691.0	1.0	310385.0	8563.0	h5ad_obs	supplementary	ctrl	verified_via_num_features_eq_1	num_features	11.361003227525162	0.0872800019967673	0.6184446628446543	0.5520413790767109	0.49066416297081	0.0369318399604826	5.9120310928026	458.0	-1.5516414397601117	0.9926027147684854	1.0	1.0	both	Q1_anchor	0.9930924548352816	0.8023379383634431												joint_grid_target
K562_essential_day7	ACH-000551	PRPF38B	29.0	10691.0	1.0	310385.0	8563.0	h5ad_obs	supplementary	ctrl	verified_via_num_features_eq_1	num_features	7.209057785726477	0.057365226314623	0.4296118842097091	0.3488781702069775	0.2981809747888537	0.0355115104419534	0.9736701491119036	73.0	-1.81288862820296	0.9995136750000296	1.0	1.0	both	Q1_anchor	0.8910733262486716	0.873538788522848												joint_grid_target
K562_essential_day7	ACH-000551	PRPF4	117.0	10691.0	1.0	310385.0	8563.0	h5ad_obs	supplementary	ctrl	verified_via_num_features_eq_1	num_features	8.950423888671727	0.0642268210511082	0.5462959277066575	0.4896011723745577	0.4307288825415776	0.0445112799155941	4.366024367242895	258.0	-1.1990160764225348	0.9791724000733498	1.0	1.0	both	middle	0.9341126461211477	0.6716259298618491												joint_grid_target
K562_essential_day7	ACH-000551	PRPF40A	118.0	10691.0	1.0	310385.0	8563.0	h5ad_obs	supplementary	ctrl	verified_via_num_features_eq_1	num_features	7.556467828170101	0.0537067988723858	0.5917066630571799	0.4502020169152568	0.3729575076771199	0.0489465661305109	1.8983913952067424	137.0	-0.7349063941695073	0.8426724062569804	1.0	1.0	both	middle	0.8629117959617428	0.41445270988310307												joint_grid_target
K562_essential_day7	ACH-000551	PRPF6	232.0	10691.0	1.0	310385.0	8563.0	h5ad_obs	supplementary	ctrl	verified_via_num_features_eq_1	num_features	6.089211072939479	0.0442941625779182	0.3681260677658364	0.3254836795224	0.2884540120183522	0.0429068648068951	2.1083828649418344	76.0	-1.5855369091784504	0.9938849410700352	1.0	1.0	both	middle	0.7337938363443146	0.8156216790648246												joint_grid_target
K562_essential_day7	ACH-000551	PRPF8	150.0	10691.0	1.0	310385.0	8563.0	h5ad_obs	supplementary	ctrl	verified_via_num_features_eq_1	num_features	5.508800758821193	0.0406691146895444	0.3365307730862482	0.2932328792997096	0.2562737927849202	0.0421009607488794	1.4609143188002136	41.0	-1.802381050496538	0.99942573271579	1.0	1.0	both	middle	0.6636556854410202	0.8687566418703507												joint_grid_target
K562_essential_day7	ACH-000551	PRRC2A	89.0	10691.0	1.0	310385.0	8563.0	h5ad_obs	supplementary	ctrl	verified_via_num_features_eq_1	num_features	4.360695182973015	0.034404625177021	0.2456539762800215	0.2050840464060229	0.1787139262125322	0.0348064000310438	0.5116348663642025	5.0	-0.5214212238421855	0.5658327576361486	1.0	1.0	both	middle	0.5297555791710946	0.2736450584484591												joint_grid_target
K562_essential_day7	ACH-000551	PSAT1	72.0	10691.0	1.0	310385.0	8563.0	h5ad_obs	supplementary	ctrl	verified_via_num_features_eq_1	num_features	3.937007686562013	0.0324066407622673	0.1780356621674676	0.1575408591045238	0.1428859060643929	0.0283859383291946	0.1830804681433591	0.0	-0.0342667241844939	0.0299954954853889	1.0	1.0	both	middle	0.4782146652497343	0.025504782146652496												joint_grid_target
K562_essential_day7	ACH-000551	PSMA1	170.0	10691.0	1.0	310385.0	8563.0	h5ad_obs	supplementary	ctrl	verified_via_num_features_eq_1	num_features	4.83854430231202	0.0350686784915157	0.3200507118337264	0.2695614656684885	0.2329144110592698	0.0448830611032539	1.0030565379288063	26.0	-2.204608510741114	1.0	1.0	1.0	both	middle	0.5478214665249734	0.9609458023379384												joint_grid_target
K562_essential_day7	ACH-000551	PSMA2	64.0	10691.0	1.0	310385.0	8563.0	h5ad_obs	supplementary	ctrl	verified_via_num_features_eq_1	num_features	4.953110260779795	0.0386654145338871	0.3269916454444002	0.2515976668736917	0.2090435089180784	0.0379951356317146	0.6102876282479457	14.0	-2.608807431405648	1.0	1.0	1.0	both	middle	0.6269925611052072	0.9609458023379384												joint_grid_target
K562_essential_day7	ACH-000551	PSMA3	372.0	10691.0	1.0	310385.0	8563.0	h5ad_obs	supplementary	ctrl	verified_via_num_features_eq_1	num_features	7.116412850846606	0.0469803096386916	0.5571941558450765	0.4423673437385747	0.3717813535988518	0.0549808240418613	2.672879116594876	150.0	-2.959751501000364	1.0	1.0	1.0	both	Q1_anchor	0.7789585547290117	0.9609458023379384												joint_grid_target
K562_essential_day7	ACH-000551	PSMA4	388.0	10691.0	1.0	310385.0	8563.0	h5ad_obs	supplementary	ctrl	verified_via_num_features_eq_1	num_features	6.726671854284643	0.0450177863158717	0.5083818148211423	0.4101501286707851	0.3485701534960971	0.0531989152661848	2.39038297388238	124.0	-1.0774365158078227	0.963805920397334	1.0	1.0	both	middle	0.7460148777895855	0.6184909670563231												joint_grid_target
K562_essential_day7	ACH-000551	PSMA5	25.0	10691.0	1.0	310385.0	8563.0	h5ad_obs	supplementary	ctrl	verified_via_num_features_eq_1	num_features	11.006348138389988	0.0836991680310953	0.6406994739356229	0.5491782421341802	0.4840628847812473	0.0383121250703716	4.224189978347331	433.0	-1.7967503571374557	0.999372291219584	1.0	1.0	both	Q1_anchor	0.9904357066950054	0.8666312433581297												joint_grid_target
K562_essential_day7	ACH-000551	PSMA6	40.0	10691.0	1.0	310385.0	8563.0	h5ad_obs	supplementary	ctrl	verified_via_num_features_eq_1	num_features	6.964666081224871	0.0543342359349499	0.4243596706782743	0.3495863507524418	0.2980669575475118	0.0375685958868216	1.5243097808271493	69.0	-3.2472358473934984	1.0	1.0	1.0	both	Q1_anchor	0.8682252922422954	0.9609458023379384												joint_grid_target
K562_essential_day7	ACH-000551	PSMA7	41.0	10691.0	1.0	310385.0	8563.0	h5ad_obs	supplementary	ctrl	verified_via_num_features_eq_1	num_features	6.583551109292276	0.0519120718533938	0.3528054285717549	0.3046872123738791	0.2694924788870933	0.0342712484524274	1.185311318114712	58.0	-2.567825342074608	1.0	1.0	1.0	both	Q1_anchor	0.8400637619553666	0.9609458023379384												joint_grid_target
K562_essential_day7	ACH-000551	PSMB1	143.0	10691.0	1.0	310385.0	8563.0	h5ad_obs	supplementary	ctrl	verified_via_num_features_eq_1	num_features	4.630164364762661	0.0338525025041966	0.3431890972072245	0.2616746633719927	0.2172773882107896	0.0451351568033247	0.740411363861238	16.0	-1.3596748309391933	0.9881643252525024	1.0	1.0	both	middle	0.5170031880977684	0.7454835281615303												joint_grid_target
K562_essential_day7	ACH-000551	PSMB2	53.0	10691.0	1.0	310385.0	8563.0	h5ad_obs	supplementary	ctrl	verified_via_num_features_eq_1	num_features	7.544705235258495	0.0562831440336202	0.5205159503797466	0.403244079246674	0.3417531256957927	0.0418344159508336	2.1807147786199206	122.0	-1.647470407491413	0.996172629240764	1.0	1.0	both	Q1_anchor	0.8836344314558979	0.8315621679064825												joint_grid_target
K562_essential_day7	ACH-000551	PSMB3	31.0	10691.0	1.0	310385.0	8563.0	h5ad_obs	supplementary	ctrl	verified_via_num_features_eq_1	num_features	7.85232986029328	0.0612728260499846	0.4906995055661126	0.3947823005783686	0.3375316410446322	0.0376213020695207	1.736353315099196	116.0	-2.8743149356051445	1.0	1.0	1.0	both	Q1_anchor	0.9197662061636557	0.9609458023379384												joint_grid_target
K562_essential_day7	ACH-000551	PSMB4	101.0	10691.0	1.0	310385.0	8563.0	h5ad_obs	supplementary	ctrl	verified_via_num_features_eq_1	num_features	3.743814130994077	0.0300485408993617	0.1900503250469955	0.1632268373390291	0.1458287253179401	0.0317184705640262	0.2831137066563407	2.0	-2.0027140141087507	0.9999896709110117	1.0	1.0	both	middle	0.4059511158342189	0.9038257173219979												joint_grid_target
K562_essential_day7	ACH-000551	PSMB5	270.0	10691.0	1.0	310385.0	8563.0	h5ad_obs	supplementary	ctrl	verified_via_num_features_eq_1	num_features	5.831394176638696	0.0395074051266653	0.4847083800622077	0.3663248425699679	0.3020547873211455	0.0541417047367659	1.523199150800231	59.0	-2.7604722043607284	1.0	1.0	1.0	both	middle	0.640807651434644	0.9609458023379384												joint_grid_target
K562_essential_day7	ACH-000551	PSMB6	200.0	10691.0	1.0	310385.0	8563.0	h5ad_obs	supplementary	ctrl	verified_via_num_features_eq_1	num_features	6.097821020636426	0.0419797774807402	0.4889167008329127	0.376189016703342	0.312028130003203	0.0523250967150093	1.6841269974279225	68.0	-1.8539138678989229	0.9997576284580592	1.0	1.0	both	middle	0.6875664187035069	0.8783209351753454												joint_grid_target
K562_essential_day7	ACH-000551	PSMB7	404.0	10691.0	1.0	310385.0	8563.0	h5ad_obs	supplementary	ctrl	verified_via_num_features_eq_1	num_features	4.069865838625873	0.0281842168009082	0.3129060986384748	0.2457181684882606	0.2067166283181665	0.0509067485195558	0.7759538559962333	13.0	-0.7852528903744902	0.8771983531279623	1.0	1.0	both	middle	0.3538788522848034	0.4447396386822529												joint_grid_target
K562_essential_day7	ACH-000551	PSMC1	316.0	10691.0	1.0	310385.0	8563.0	h5ad_obs	supplementary	ctrl	verified_via_num_features_eq_1	num_features	8.130918254172977	0.0550927678432481	0.609752905904851	0.4929019861320822	0.4172123472518252	0.0522408261910792	3.1417195210420097	201.0	-1.0301873712089022	0.9561674957585576	1.0	1.0	both	middle	0.8756641870350691	0.5929861849096706												joint_grid_target
K562_essential_day7	ACH-000551	PSMC2	432.0	10691.0	1.0	310385.0	8563.0	h5ad_obs	supplementary	ctrl	verified_via_num_features_eq_1	num_features	6.890571785490609	0.046641085998605	0.5091265359733368	0.4134997404065321	0.3505658973924201	0.0517667198874947	2.4553587078210715	125.0	-1.274647203275385	0.9850845120589764	1.0	1.0	both	middle	0.7715196599362381	0.7125398512221042												joint_grid_target
K562_essential_day7	ACH-000551	PSMC3	41.0	10691.0	1.0	310385.0	8563.0	h5ad_obs	supplementary	ctrl	verified_via_num_features_eq_1	num_features	7.438708218013578	0.0570355864528407	0.474872365904926	0.3908172702137466	0.3333922241906969	0.0400103081140642	1.5796564048147823	108.0	-2.003367599121124	0.9999898223257152	1.0	1.0	both	Q1_anchor	0.8894792773645058	0.9043570669500531												joint_grid_target
K562_essential_day7	ACH-000551	PSMC4	242.0	10691.0	1.0	310385.0	8563.0	h5ad_obs	supplementary	ctrl	verified_via_num_features_eq_1	num_features	9.241371036985669	0.0621342863700368	0.7150068915527725	0.5606072088909706	0.4670033541815623	0.0526831123399161	4.174613813200402	289.0	-1.3793926428167198	0.9885338754916024	1.0	1.0	both	Q1_anchor	0.9213602550478215	0.7555791710945803												joint_grid_target
K562_essential_day7	ACH-000551	PSMC6	151.0	10691.0	1.0	310385.0	8563.0	h5ad_obs	supplementary	ctrl	verified_via_num_features_eq_1	num_features	5.861536261742292	0.0417072484599809	0.4239711210489468	0.3403626329858576	0.2877692851681592	0.0476512607613902	1.47879732900671	56.0	-1.713095575374868	0.9980522042778808	1.0	1.0	both	middle	0.6822529224229543	0.8490967056323061												joint_grid_target
K562_essential_day7	ACH-000551	PSMD1	281.0	10691.0	1.0	310385.0	8563.0	h5ad_obs	supplementary	ctrl	verified_via_num_features_eq_1	num_features	3.3407022440149348	0.0238371796172258	0.2653496248802806	0.2134543617368111	0.174082287906062	0.0522870602391446	0.3783222013294747	11.0	-1.0961112919668248	0.966552345678326	1.0	1.0	both	middle	0.18969181721572795	0.6280552603613178												joint_grid_target
K562_essential_day7	ACH-000551	PSMD11	80.0	10691.0	1.0	310385.0	8563.0	h5ad_obs	supplementary	ctrl	verified_via_num_features_eq_1	num_features	6.711425730800558	0.0495082795452425	0.4694559588559148	0.3801634813496926	0.3170330693341712	0.0448370077623151	1.691346975773861	77.0	-1.0113347750527684	0.9527868174867664	1.0	1.0	both	middle	0.8103081827842721	0.5834218916046758												joint_grid_target
K562_essential_day7	ACH-000551	PSMD12	265.0	10691.0	1.0	310385.0	8563.0	h5ad_obs	supplementary	ctrl	verified_via_num_features_eq_1	num_features	6.371578285605789	0.0435858212747907	0.4955770815840304	0.3914142623061404	0.3271021408932592	0.0524367145611713	1.964423109382212	85.0	-1.273525114866224	0.9850222215954932	1.0	1.0	both	middle	0.7194473963868225	0.7120085015940489												joint_grid_target
K562_essential_day7	ACH-000551	PSMD13	122.0	10691.0	1.0	310385.0	8563.0	h5ad_obs	supplementary	ctrl	verified_via_num_features_eq_1	num_features	7.264068303425956	0.0508111576507065	0.5278814703130537	0.4337434387098971	0.3685642246251979	0.0498445740215488	2.4923669300229694	150.0	-1.0164877064478162	0.9537264474108608	1.0	1.0	both	middle	0.8251859723698194	0.5855472901168969												joint_grid_target
K562_essential_day7	ACH-000551	PSMD2	63.0	10691.0	1.0	310385.0	8563.0	h5ad_obs	supplementary	ctrl	verified_via_num_features_eq_1	num_features	11.892309388340877	0.0834245564261206	0.8658896885431652	0.7026478477207153	0.5910086751495338	0.0491799264004097	6.271233835343509	519.0	-1.4749692799046623	0.9902398042552968	1.0	1.0	both	Q1_anchor	0.98990435706695	0.7842720510095643												joint_grid_target
K562_essential_day7	ACH-000551	PSMD3	64.0	10691.0	1.0	310385.0	8563.0	h5ad_obs	supplementary	ctrl	verified_via_num_features_eq_1	num_features	5.5929009652071695	0.0428239198660621	0.3693285649174392	0.2974000816328525	0.2538243048593648	0.040550734589641	0.9054868313036124	32.0	-1.564224372672987	0.9930719450745972	1.0	1.0	both	middle	0.7056323060573858	0.8087141339001063												joint_grid_target
K562_essential_day7	ACH-000551	PSMD4	352.0	10691.0	1.0	310385.0	8563.0	h5ad_obs	supplementary	ctrl	verified_via_num_features_eq_1	num_features	5.922412939662154	0.0393806898416955	0.4807977075236545	0.3926172144868219	0.3249722971830274	0.0582143534414789	1.7863928468096455	79.0	-1.1717278022390998	0.976280611835198	1.0	1.0	both	middle	0.6381509032943677	0.6609989373007439												joint_grid_target
K562_essential_day7	ACH-000551	PSMD6	555.0	10691.0	1.0	310385.0	8563.0	h5ad_obs	supplementary	ctrl	verified_via_num_features_eq_1	num_features	7.871425382728084	0.0514605548494084	0.6382341872724366	0.500311802456575	0.4210021686291615	0.056768882336366	3.202866064797659	197.0	-1.3215421548401305	0.9871648848212438	1.0	1.0	both	middle	0.8331562167906482	0.730605738575983												joint_grid_target
K562_essential_day7	ACH-000551	PSMD7	373.0	10691.0	1.0	310385.0	8563.0	h5ad_obs	supplementary	ctrl	verified_via_num_features_eq_1	num_features	7.610753412437248	0.0508154449605946	0.5884986295740188	0.4696423626028927	0.3916281047274084	0.0539654237613644	2.8269845907740887	167.0	-1.9042246149142863	0.999906850524648	1.0	1.0	both	Q1_anchor	0.8257173219978746	0.8894792773645058												joint_grid_target
K562_essential_day7	ACH-000551	PSMD8	22.0	10691.0	1.0	310385.0	8563.0	h5ad_obs	supplementary	ctrl	verified_via_num_features_eq_1	num_features	7.798943305647529	0.0623487709401723	0.4403711585047873	0.3610504830289826	0.3137285334459167	0.0338130303144631	1.179995879280689	99.0	-0.592517707903293	0.6803154162146996	1.0	1.0	both	middle	0.9218916046758767	0.3235919234856536												joint_grid_target
K562_essential_day7	ACH-000551	PSMD9	94.0	10691.0	1.0	310385.0	8563.0	h5ad_obs	supplementary	ctrl	verified_via_num_features_eq_1	num_features	3.3681529269991217	0.0273324147885633	0.1826765354703866	0.1462352519884656	0.1265562049456092	0.0312405114529783	0.1469581778209026	3.0	-0.4249364697426798	0.3986957050895934	1.0	1.0	both	middle	0.3198724760892667	0.2035069075451647												joint_grid_target
K562_essential_day7	ACH-000551	PSME1	121.0	10691.0	1.0	310385.0	8563.0	h5ad_obs	supplementary	ctrl	verified_via_num_features_eq_1	num_features	3.489100101121026	0.0265979995641782	0.2784039154166126	0.193869244023578	0.1535859291140555	0.0425602335567303	0.3157177697737783	8.0	-0.3576241689907485	0.290813566472501	1.0	1.0	both	middle	0.29383634431455896	0.15993623804463336												joint_grid_target
K562_essential_day7	ACH-000551	PSME2	151.0	10691.0	1.0	310385.0	8563.0	h5ad_obs	supplementary	ctrl	verified_via_num_features_eq_1	num_features	2.758854103513585	0.0218742881989622	0.1564174014368272	0.1203660927053781	0.1032533904455397	0.0321302639548661	0.1018340748544694	1.0	-0.4277252893320493	0.4034312976659496	1.0	1.0	both	Q4_low_info	0.12699256110520724	0.2051009564293305												joint_grid_target
K562_essential_day7	ACH-000551	PSMG1	109.0	10691.0	1.0	310385.0	8563.0	h5ad_obs	supplementary	ctrl	verified_via_num_features_eq_1	num_features	3.527768969121344	0.0282130837126915	0.1956591424701302	0.1578000203189441	0.1360752618717365	0.0326588251503731	0.1913301758317196	2.0	0.0265196985944706	0.0177072470706669	1.0	1.0	both	middle	0.35494155154091395	0.013283740701381509												joint_grid_target
K562_essential_day7	ACH-000551	PSMG2	164.0	10691.0	1.0	310385.0	8563.0	h5ad_obs	supplementary	ctrl	verified_via_num_features_eq_1	num_features	2.5440319461318053	0.0207769526832477	0.1292782205403629	0.1063268261522236	0.0939898042376537	0.0298816833971307	0.0733863641471614	1.0	-0.2057503693921685	0.1156156352598701	1.0	1.0	both	Q4_low_info	0.08820403825717323	0.08235919234856535												joint_grid_target
K562_essential_day7	ACH-000551	PSMG3	439.0	10691.0	1.0	310385.0	8563.0	h5ad_obs	supplementary	ctrl	verified_via_num_features_eq_1	num_features	1.9878254760010616	0.0151501948815844	0.1357152383054846	0.1038333736544074	0.0863108609265395	0.0400186842748526	0.108795565811004	1.0	-1.005737280218116	0.9517302350569616	1.0	1.0	both	middle	0.007970244420828906	0.5770456960680127												joint_grid_target
K562_essential_day7	ACH-000551	PSMG4	62.0	10691.0	1.0	310385.0	8563.0	h5ad_obs	supplementary	ctrl	verified_via_num_features_eq_1	num_features	6.506888407956912	0.0491603995002041	0.4276862705018045	0.3505030631711531	0.2988896680861665	0.0416313481199459	1.905097783165406	72.0	-1.613884288598794	0.9949659785205088	1.0	1.0	both	Q1_anchor	0.808182784272051	0.8230605738575983												joint_grid_target
K562_essential_day7	ACH-000551	PSTK	379.0	10691.0	1.0	310385.0	8563.0	h5ad_obs	supplementary	ctrl	verified_via_num_features_eq_1	num_features	1.7411642402436005	0.0139785861304331	0.1034888841908922	0.0812199572112961	0.0692699767657701	0.0339268524426739	0.0393551833697856	0.0	-0.1865272025102706	0.100862342082706	1.0	1.0	both	Q4_low_info	0.004782146652497344	0.07279489904357067												joint_grid_target
K562_essential_day7	ACH-000551	PTBP1	152.0	10691.0	1.0	310385.0	8563.0	h5ad_obs	supplementary	ctrl	verified_via_num_features_eq_1	num_features	4.703102908209684	0.0338435798708106	0.4014816004852645	0.3002229765777175	0.2392443183202992	0.0517978449922893	0.6498461491068905	27.0	-0.5007794311208617	0.5302548079377315	1.0	1.0	both	middle	0.5164718384697131	0.25239107332624866												joint_grid_target
K562_essential_day7	ACH-000551	PTCD1	267.0	10691.0	1.0	310385.0	8563.0	h5ad_obs	supplementary	ctrl	verified_via_num_features_eq_1	num_features	3.1446713331872616	0.0232932552775042	0.2293019497363596	0.1785213224227077	0.1474714550138931	0.0447511262150323	0.4881230060810129	3.0	-0.7138897744373462	0.8250406765225077	1.0	1.0	both	middle	0.16950053134962806	0.40435706695005313												joint_grid_target
K562_essential_day7	ACH-000551	PTCD3	65.0	10691.0	1.0	310385.0	8563.0	h5ad_obs	supplementary	ctrl	verified_via_num_features_eq_1	num_features	4.367695989934746	0.0352804550493051	0.2275345856316214	0.1941963539220204	0.170344440474219	0.0321403760600141	0.3196919913482432	4.0	-1.2498066426280026	0.9835057327638989	1.0	1.0	both	middle	0.5541976620616366	0.6997874601487779												joint_grid_target
K562_essential_day7	ACH-000551	PTK2	144.0	10691.0	1.0	310385.0	8563.0	h5ad_obs	supplementary	ctrl	verified_via_num_features_eq_1	num_features	2.863070953228879	0.0234285734151702	0.1347807173589917	0.1177920812641002	0.1055255933246448	0.0293571783215221	0.1387445635016106	1.0	-0.097616421808682	0.0509375576865039	1.0	1.0	both	Q4_low_info	0.17375132837407015	0.04357066950053135												joint_grid_target
K562_essential_day7	ACH-000551	PTMA	152.0	10691.0	1.0	310385.0	8563.0	h5ad_obs	supplementary	ctrl	verified_via_num_features_eq_1	num_features	3.9531200085943112	0.0249377393589814	0.3197405072812047	0.2038182828508576	0.1539122316950485	0.047723261569636	0.2292383177111379	6.0	-0.285405258664989	0.1943274482480877	1.0	1.0	both	Q4_low_info	0.23432518597236981	0.1275239107332625												joint_grid_target
K562_essential_day7	ACH-000551	PTPMT1	183.0	10691.0	1.0	310385.0	8563.0	h5ad_obs	supplementary	ctrl	verified_via_num_features_eq_1	num_features	2.548395838113452	0.0204167258319618	0.14582142249228	0.1178208219266873	0.1012211779142325	0.0336961289541359	0.1041790513081437	1.0	-0.2486421677276967	0.1543644517884141	1.0	1.0	both	Q4_low_info	0.0765143464399575	0.1030818278427205												joint_grid_target
K562_essential_day7	ACH-000551	PTPN23	140.0	10691.0	1.0	310385.0	8563.0	h5ad_obs	supplementary	ctrl	verified_via_num_features_eq_1	num_features	2.77254118840469	0.0226400742746527	0.1483839377881275	0.1207662582599686	0.1052476184515135	0.0311466844951492	0.0929229279555983	0.0	-1.3307810868720205	0.987452248884264	1.0	1.0	both	middle	0.14984059511158343	0.7353878852284803												joint_grid_target
K562_essential_day7	ACH-000551	PUF60	89.0	10691.0	1.0	310385.0	8563.0	h5ad_obs	supplementary	ctrl	verified_via_num_features_eq_1	num_features	5.30083557875848	0.0408524955022483	0.3106584808896674	0.2677699551304951	0.2320748135688847	0.0382725426137613	0.6731179605621094	30.0	-2.9639195927820983	1.0	1.0	1.0	both	middle	0.6679064824654622	0.9609458023379384												joint_grid_target
K562_essential_day7	ACH-000551	PWP1	69.0	10691.0	1.0	310385.0	8563.0	h5ad_obs	supplementary	ctrl	verified_via_num_features_eq_1	num_features	4.468386237932539	0.0354822626430722	0.2528926612862386	0.2119438346255986	0.1834483637241434	0.0348781580757001	0.5375913477697285	6.0	-0.6788167750626938	0.7908227336111989	1.0	1.0	both	middle	0.5605738575982997	0.38682252922422955												joint_grid_target
K562_essential_day7	ACH-000551	PWP2	51.0	10691.0	1.0	310385.0	8563.0	h5ad_obs	supplementary	ctrl	verified_via_num_features_eq_1	num_features	7.125165966584372	0.0545783859307196	0.4283343133424721	0.3655860434995313	0.3188299276490536	0.0391122662136682	2.2879011271869985	98.0	-1.6170091572772092	0.9950825871471356	1.0	1.0	both	Q1_anchor	0.871413390010627	0.8235919234856536												joint_grid_target
K562_essential_day7	ACH-000551	PXN	161.0	10691.0	1.0	310385.0	8563.0	h5ad_obs	supplementary	ctrl	verified_via_num_features_eq_1	num_features	3.128246328583112	0.0233401623361326	0.2457286909691368	0.1668261450788142	0.1307709803167514	0.0417353733082986	0.0953232133291432	5.0	-0.1632830395468945	0.0850202300885323	1.0	1.0	both	Q4_low_info	0.17056323060573858	0.06429330499468651												joint_grid_target
K562_essential_day7	ACH-000551	PYROXD1	100.0	10691.0	1.0	310385.0	8563.0	h5ad_obs	supplementary	ctrl	verified_via_num_features_eq_1	num_features	3.446193914743891	0.0274394389024958	0.2036695791046477	0.1535091589844811	0.1305189276056655	0.0326665391947656	0.1415650978988285	4.0	-0.2859780957842485	0.1950024317255349	1.0	1.0	both	middle	0.3241232731137088	0.12858660998937302												joint_grid_target
K562_essential_day7	ACH-000551	QRSL1	126.0	10691.0	1.0	310385.0	8563.0	h5ad_obs	supplementary	ctrl	verified_via_num_features_eq_1	num_features	3.000030636796597	0.0242556859780449	0.1618691838412294	0.1315241334637841	0.1144269656582283	0.0316618252810438	0.1715063964755252	2.0	-0.844751757501896	0.9066976918937476	1.0	1.0	both	middle	0.20988310308182784	0.47927736450584485												joint_grid_target
K562_essential_day7	ACH-000551	RAB18	43.0	10691.0	1.0	310385.0	8563.0	h5ad_obs	supplementary	ctrl	verified_via_num_features_eq_1	num_features	5.847540492707013	0.046816300338658	0.3075374940302018	0.2608825562368703	0.2297379847086376	0.0325380866204904	0.828114161627715	21.0	-0.4253616846626094	0.3994177469978798	1.0	1.0	both	Q2_shift_excess	0.7757704569606801	0.20403825717321997												joint_grid_target
K562_essential_day7	ACH-000551	RAB4A	303.0	10691.0	1.0	310385.0	8563.0	h5ad_obs	supplementary	ctrl	verified_via_num_features_eq_1	num_features	2.0548952570478325	0.0160478289518627	0.1424367924024343	0.102580868240636	0.0842381258862079	0.0373245125121311	0.0635800900127403	2.0	0.0338406298208548	0.0166158618176225	1.0	1.0	both	Q4_low_info	0.011158342189160468	0.011158342189160468												joint_grid_target
K562_essential_day7	ACH-000551	RAB6A	59.0	10691.0	1.0	310385.0	8563.0	h5ad_obs	supplementary	ctrl	verified_via_num_features_eq_1	num_features	4.361151480238837	0.0359161347355201	0.2042302986726136	0.1782401817631489	0.1593476808808622	0.0289774446254964	0.2388113223127543	1.0	-0.4312916195226168	0.4094871525658732	1.0	1.0	both	middle	0.5722635494155154	0.20722635494155153												joint_grid_target
K562_essential_day7	ACH-000551	RABGGTA	116.0	10691.0	1.0	310385.0	8563.0	h5ad_obs	supplementary	ctrl	verified_via_num_features_eq_1	num_features	4.010942487963955	0.0301154944435276	0.3081290166463797	0.2300075634041246	0.1849778632608747	0.0445960280220326	0.3016599423913675	11.0	-1.2642928131768023	0.9844686350187636	1.0	1.0	both	middle	0.4086078639744952	0.7072263549415515												joint_grid_target
K562_essential_day7	ACH-000551	RABGGTB	169.0	10691.0	1.0	310385.0	8563.0	h5ad_obs	supplementary	ctrl	verified_via_num_features_eq_1	num_features	2.649202826357097	0.0212206237411689	0.1484779389008628	0.116612973912355	0.1008001089603099	0.0320872713029834	0.1171747560807894	1.0	-1.120138661010311	0.9698900381036892	1.0	1.0	both	middle	0.09989373007438895	0.6402763018065888												joint_grid_target
K562_essential_day7	ACH-000551	RAC1	194.0	10691.0	1.0	310385.0	8563.0	h5ad_obs	supplementary	ctrl	verified_via_num_features_eq_1	num_features	2.704934410064688	0.0203955043302781	0.192913122189286	0.1334617760437945	0.1069941929294921	0.0382090738925766	0.1045657589684463	2.0	-0.1158193798068623	0.0589623378994481	1.0	1.0	both	Q4_low_info	0.07438894792773645	0.048352816153028694												joint_grid_target
K562_essential_day7	ACH-000551	RAC3	220.0	10691.0	1.0	310385.0	8563.0	h5ad_obs	supplementary	ctrl	verified_via_num_features_eq_1	num_features	2.625654517152048	0.0207020180693706	0.1683884513087446	0.1301789971549017	0.1087374778452682	0.0367174319453825	0.1411166804026731	1.0	-0.0066813516757086	0.0236524748909857	1.0	1.0	both	Q4_low_info	0.08554729011689692	0.01700318809776833												joint_grid_target
K562_essential_day7	ACH-000551	RACGAP1	175.0	10691.0	1.0	310385.0	8563.0	h5ad_obs	supplementary	ctrl	verified_via_num_features_eq_1	num_features	3.558297727054701	0.0266814774748131	0.2257391134748036	0.188463953393858	0.164127127458651	0.0412441618631916	0.5395896896146883	4.0	-0.8765564098353447	0.9187459156195752	1.0	1.0	both	middle	0.29808714133900105	0.5010626992561105												joint_grid_target
K562_essential_day7	ACH-000551	RAD17	129.0	10691.0	1.0	310385.0	8563.0	h5ad_obs	supplementary	ctrl	verified_via_num_features_eq_1	num_features	2.8967687493346195	0.0234830427519749	0.1608867622116116	0.1296347638632587	0.1121994577700686	0.032233775176936	0.1122137695541614	2.0	-1.1360379867262305	0.9719732058954348	1.0	1.0	both	middle	0.17747077577045697	0.6482465462274176												joint_grid_target
K562_essential_day7	ACH-000551	RAD21	117.0	10691.0	1.0	310385.0	8563.0	h5ad_obs	supplementary	ctrl	verified_via_num_features_eq_1	num_features	5.46834239589524	0.0392519839876138	0.4529105283183696	0.3406146890085484	0.2775553678131849	0.0506694068426642	0.9651332012781176	40.0	-2.3172976770409908	1.0	1.0	1.0	both	middle	0.6360255047821467	0.9609458023379384												joint_grid_target
K562_essential_day7	ACH-000551	RAD51	241.0	10691.0	1.0	310385.0	8563.0	h5ad_obs	supplementary	ctrl	verified_via_num_features_eq_1	num_features	3.9063557078401456	0.026247921436739	0.3593905121289485	0.2538680398097727	0.2010012678353692	0.0564751213196601	0.9580767917893952	13.0	-0.981305902411669	0.9468867386934284	1.0	1.0	both	middle	0.281615302869288	0.5621679064824655												joint_grid_target
K562_essential_day7	ACH-000551	RAD51C	65.0	10691.0	1.0	310385.0	8563.0	h5ad_obs	supplementary	ctrl	verified_via_num_features_eq_1	num_features	4.941740442663701	0.0373254664454076	0.3727677721766537	0.2777096950042219	0.2267951526546397	0.0434440053110331	1.0834315762960092	21.0	-0.7280356138771106	0.8371284246223859	1.0	1.0	both	middle	0.6009564293304994	0.4128586609989373												joint_grid_target
K562_essential_day7	ACH-000551	RAD51D	142.0	10691.0	1.0	310385.0	8563.0	h5ad_obs	supplementary	ctrl	verified_via_num_features_eq_1	num_features	2.735545639384329	0.0224932654816416	0.1304141883111284	0.1128924666237398	0.1001770551807461	0.029305997846619	0.1112596343589356	0.0	-0.9377285734786944	0.9368721361354084	1.0	1.0	both	middle	0.14558979808714134	0.5356004250797024												joint_grid_target
K562_essential_day7	ACH-000551	RAD9A	41.0	10691.0	1.0	310385.0	8563.0	h5ad_obs	supplementary	ctrl	verified_via_num_features_eq_1	num_features	4.956048937229332	0.0403842760896419	0.2454416326156127	0.2110957392734421	0.187175372090965	0.0305218761422736	0.2954866547196069	7.0	-1.6252596533193362	0.9953872455809796	1.0	1.0	both	middle	0.6588735387885228	0.824654622741764												joint_grid_target
K562_essential_day7	ACH-000551	RAE1	59.0	10691.0	1.0	310385.0	8563.0	h5ad_obs	supplementary	ctrl	verified_via_num_features_eq_1	num_features	7.220677676371512	0.0537436931305734	0.5147326253297934	0.414435569932777	0.3452402706374294	0.0450270584705568	1.84561082935096	108.0	-1.504207058939945	0.991018577215839	1.0	1.0	both	Q1_anchor	0.8634431455897981	0.7895855472901169												joint_grid_target
K562_essential_day7	ACH-000551	RAN	193.0	10691.0	1.0	310385.0	8563.0	h5ad_obs	supplementary	ctrl	verified_via_num_features_eq_1	num_features	3.2939343454146908	0.0248977070464664	0.2377849401753048	0.1840621080625242	0.1495105014857194	0.0431667248830602	0.3718381372295329	4.0	-4.681564729432749	1.0	1.0	1.0	both	Q3_dep_excess	0.2316684378320935	0.9609458023379384												joint_grid_target
K562_essential_day7	ACH-000551	RANBP2	85.0	10691.0	1.0	310385.0	8563.0	h5ad_obs	supplementary	ctrl	verified_via_num_features_eq_1	num_features	3.491574340622228	0.0285903547755686	0.1652721739468997	0.1413278885626322	0.1265615910997464	0.0288637255528219	0.159947019594739	1.0	-0.0237152367650219	0.027395133895176	1.0	1.0	both	middle	0.3698193411264612	0.021253985122210415												joint_grid_target
K562_essential_day7	ACH-000551	RANGAP1	130.0	10691.0	1.0	310385.0	8563.0	h5ad_obs	supplementary	ctrl	verified_via_num_features_eq_1	num_features	6.1920696483535815	0.0447168870744149	0.4292595978570924	0.3487881769093067	0.2957957800695585	0.0455443231606179	1.7366122254216272	62.0	-0.9749012780027064	0.945525076658704	1.0	1.0	both	middle	0.7396386822529224	0.5579171094580234												joint_grid_target
K562_essential_day7	ACH-000551	RARS2	148.0	10691.0	1.0	310385.0	8563.0	h5ad_obs	supplementary	ctrl	verified_via_num_features_eq_1	num_features	4.010926140466034	0.0305171654296025	0.2385497109929195	0.1984299843786668	0.1727142758874223	0.0379670773049904	0.7449354428292931	8.0	-0.9845199761127506	0.9475446745944608	1.0	1.0	both	middle	0.4261424017003188	0.5642933049946866												joint_grid_target
K562_essential_day7	ACH-000551	RBBP4	90.0	10691.0	1.0	310385.0	8563.0	h5ad_obs	supplementary	ctrl	verified_via_num_features_eq_1	num_features	4.441114189563278	0.0338791275215786	0.3209646033079844	0.2369277705460716	0.1958173827218385	0.0408345534389412	0.5284484573928108	14.0	-2.26067058193554	1.0	1.0	1.0	both	middle	0.5175345377258236	0.9609458023379384												joint_grid_target
K562_essential_day7	ACH-000551	RBBP5	23.0	10691.0	1.0	310385.0	8563.0	h5ad_obs	supplementary	ctrl	verified_via_num_features_eq_1	num_features	10.182022880843125	0.0766556162800381	0.7614629733062208	0.5857157215664729	0.4788321680386627	0.0446156230408776	2.4349780951755147	280.0	-1.1105653976864964	0.968587849870926	1.0	1.0	both	middle	0.9787460148777896	0.6354941551540914												joint_grid_target
K562_essential_day7	ACH-000551	RBBP6	86.0	10691.0	1.0	310385.0	8563.0	h5ad_obs	supplementary	ctrl	verified_via_num_features_eq_1	num_features	6.271447314013527	0.0471628138127627	0.4131712593256997	0.338029037254383	0.2887718893943831	0.0418502793140293	1.4478303961165402	63.0	-1.592909877033209	0.9941681817186104	1.0	1.0	both	Q1_anchor	0.781615302869288	0.8193411264612115												joint_grid_target
K562_essential_day7	ACH-000551	RBBP8	117.0	10691.0	1.0	310385.0	8563.0	h5ad_obs	supplementary	ctrl	verified_via_num_features_eq_1	num_features	3.722359936060832	0.0281345674355076	0.2891654532491564	0.209129873781281	0.165935515585241	0.0434030144403688	0.5798431966204767	7.0	-1.1977479016124517	0.9790448958576248	1.0	1.0	both	middle	0.3512221041445271	0.6705632306057385												joint_grid_target
K562_essential_day7	ACH-000551	RBM10	130.0	10691.0	1.0	310385.0	8563.0	h5ad_obs	supplementary	ctrl	verified_via_num_features_eq_1	num_features	3.397752498147704	0.0266243947044095	0.2213005456738282	0.1645182989865236	0.1370545653331951	0.0360809968530654	0.1930439877175533	3.0	0.2006731438061441	0.0039443297960284	1.0	1.0	both	middle	0.29596174282678	0.0037194473963868225												joint_grid_target
K562_essential_day7	ACH-000551	RBM14	228.0	10691.0	1.0	310385.0	8563.0	h5ad_obs	supplementary	ctrl	verified_via_num_features_eq_1	num_features	6.1846017799084825	0.0405563300050637	0.5954775595397179	0.4527275996712873	0.3533999097441745	0.0651812047513908	0.9690572393116952	75.0	-1.6872980194911764	0.9974027906152552	1.0	1.0	both	middle	0.6620616365568545	0.8432518597236982												joint_grid_target
K562_essential_day7	ACH-000551	RBM17	76.0	10691.0	1.0	310385.0	8563.0	h5ad_obs	supplementary	ctrl	verified_via_num_features_eq_1	num_features	5.433086368733537	0.0404898539246743	0.427679795225644	0.3286995731679972	0.2652193958780274	0.0474020354214092	0.6382855812887875	38.0	-1.0637658853143863	0.9617053555701216	1.0	1.0	both	middle	0.6599362380446334	0.6126461211477152												joint_grid_target
K562_essential_day7	ACH-000551	RBM19	43.0	10691.0	1.0	310385.0	8563.0	h5ad_obs	supplementary	ctrl	verified_via_num_features_eq_1	num_features	6.306118802720298	0.0494760846439082	0.3875371380584399	0.3204670348019797	0.2725630959245448	0.0378209208288847	1.1890333396430002	51.0	-1.1318642898384272	0.971439653356309	1.0	1.0	both	middle	0.8097768331562167	0.6455897980871413												joint_grid_target
K562_essential_day7	ACH-000551	RBM25	70.0	10691.0	1.0	310385.0	8563.0	h5ad_obs	supplementary	ctrl	verified_via_num_features_eq_1	num_features	10.561913109970789	0.0755986957697738	0.6759719325725998	0.56222117938859	0.4863372800370883	0.0434247132241558	5.207997834524917	433.0	-1.6766533130278478	0.9971005396296182	1.0	1.0	both	Q1_anchor	0.9771519659936238	0.8405951115834219												joint_grid_target
K562_essential_day7	ACH-000551	RBM28	68.0	10691.0	1.0	310385.0	8563.0	h5ad_obs	supplementary	ctrl	verified_via_num_features_eq_1	num_features	6.490785100313769	0.0483407128354445	0.4388933335077361	0.3538662434960605	0.2998870493517134	0.0427435063856491	2.4587094127634312	71.0	-0.5298099439044193	0.5800725430519064	1.0	1.0	both	middle	0.7970244420828906	0.28055260361317746												joint_grid_target
K562_essential_day7	ACH-000551	RBM39	79.0	10691.0	1.0	310385.0	8563.0	h5ad_obs	supplementary	ctrl	verified_via_num_features_eq_1	num_features	6.004279286278548	0.0452375281985334	0.3982552713091343	0.3228362369323376	0.274785159497849	0.0416703808641186	0.9420952526661476	50.0	-1.888931918990044	0.9998739201842498	1.0	1.0	both	Q1_anchor	0.7513283740701382	0.8873538788522848												joint_grid_target
K562_essential_day7	ACH-000551	RBM42	79.0	10691.0	1.0	310385.0	8563.0	h5ad_obs	supplementary	ctrl	verified_via_num_features_eq_1	num_features	5.761231938301535	0.0437990334293043	0.3601581077250174	0.3047900837558867	0.2627254150757243	0.0406331383719852	0.884626990628055	49.0	-0.5605475999793109	0.630825464702067	1.0	1.0	both	middle	0.7242295430393199	0.3044633368756642												joint_grid_target
K562_essential_day7	ACH-000551	RBM48	55.0	10691.0	1.0	310385.0	8563.0	h5ad_obs	supplementary	ctrl	verified_via_num_features_eq_1	num_features	6.033161849474074	0.0467623495618694	0.3638691022425533	0.3143698378057691	0.2735797002927873	0.039254423833202	0.9301235335048564	59.0	-0.4127198731646546	0.3781397754736939	1.0	1.0	both	Q2_shift_excess	0.7741764080765143	0.19500531349628056												joint_grid_target
K562_essential_day7	ACH-000551	RBM8A	39.0	10691.0	1.0	310385.0	8563.0	h5ad_obs	supplementary	ctrl	verified_via_num_features_eq_1	num_features	6.8528816558466366	0.053764514282896	0.4465929402614013	0.3491492574633197	0.290991565844068	0.0379192253350494	1.1505774847485437	53.0	-1.76168555396901	0.9989548056060868	1.0	1.0	both	Q1_anchor	0.8639744952178533	0.8602550478214666												joint_grid_target
K562_essential_day7	ACH-000551	RBMX	147.0	10691.0	1.0	310385.0	8563.0	h5ad_obs	supplementary	ctrl	verified_via_num_features_eq_1	num_features	4.874314972082431	0.0347443889629583	0.4097269003260759	0.3029657684112052	0.2436679064131849	0.0509158435191299	0.8510832329421092	28.0	-0.9465775382738648	0.9390657842146866	1.0	1.0	both	middle	0.5377258235919234	0.5419766206163655												joint_grid_target
K562_essential_day7	ACH-000551	RBMX2	244.0	10691.0	1.0	310385.0	8563.0	h5ad_obs	supplementary	ctrl	verified_via_num_features_eq_1	num_features	7.75419095963881	0.0551510772307736	0.5246756514848889	0.4322402730081767	0.3697058318100545	0.0457630845663176	3.3870524517828144	177.0	-0.529270797206912	0.5791575164004165	1.0	1.0	both	middle	0.8767268862911796	0.28002125398512223												joint_grid_target
K562_essential_day7	ACH-000551	RBMXL1	60.0	10691.0	1.0	310385.0	8563.0	h5ad_obs	supplementary	ctrl	verified_via_num_features_eq_1	num_features	4.272332024928107	0.0351834631461893	0.1872061027648607	0.1674582786876934	0.1544667679184176	0.0277915070418578	0.2564513480445995	0.0	-1.4741123425751674	0.990219162979236	1.0	1.0	both	middle	0.5515409139213603	0.7837407013815091												joint_grid_target
K562_essential_day7	ACH-000551	RBX1	57.0	10691.0	1.0	310385.0	8563.0	h5ad_obs	supplementary	ctrl	verified_via_num_features_eq_1	num_features	6.875979590555242	0.0518437012427674	0.4403066896104962	0.3631287820923857	0.3109646581964854	0.0408986275156639	1.664442783855664	83.0	-0.9132464126509482	0.93029664613021	1.0	1.0	both	middle	0.8379383634431455	0.5217853347502657												joint_grid_target
K562_essential_day7	ACH-000551	RCC1	226.0	10691.0	1.0	310385.0	8563.0	h5ad_obs	supplementary	ctrl	verified_via_num_features_eq_1	num_features	2.8183384654945103	0.0218178845579396	0.196761630928888	0.146907915285017	0.121603688072733	0.0393166599841916	0.2730693416577967	3.0	-1.6335061460553753	0.9956857118365628	1.0	1.0	both	Q3_dep_excess	0.12380446333687567	0.8283740701381509												joint_grid_target
K562_essential_day7	ACH-000551	RCL1	106.0	10691.0	1.0	310385.0	8563.0	h5ad_obs	supplementary	ctrl	verified_via_num_features_eq_1	num_features	7.312336718348552	0.0539582333542179	0.4569290273201346	0.3980143904027353	0.3447632165875156	0.0430710156392052	3.452850043187116	128.0	-0.8395215612517817	0.9045053075103636	1.0	1.0	both	middle	0.8655685441020191	0.47502656748140276												joint_grid_target
K562_essential_day7	ACH-000551	RCOR1	35.0	10691.0	1.0	310385.0	8563.0	h5ad_obs	supplementary	ctrl	verified_via_num_features_eq_1	num_features	5.665241063248431	0.0466911229938996	0.237196127188504	0.218452080060917	0.2023790790499408	0.0273190708931868	0.4774283433924058	3.0	-0.6084622394298238	0.7034123014492917	1.0	1.0	both	middle	0.7720510095642933	0.3336875664187035												joint_grid_target
K562_essential_day7	ACH-000551	REV3L	101.0	10691.0	1.0	310385.0	8563.0	h5ad_obs	supplementary	ctrl	verified_via_num_features_eq_1	num_features	3.1345049808237126	0.0259267538354661	0.1404425542472603	0.123361916514383	0.1118364423110727	0.0277828646967296	0.101201772177248	0.0	-0.5075154758395648	0.5419167556217825	1.0	1.0	both	middle	0.2731137088204038	0.2598299681190223												joint_grid_target
K562_essential_day7	ACH-000551	REXO2	79.0	10691.0	1.0	310385.0	8563.0	h5ad_obs	supplementary	ctrl	verified_via_num_features_eq_1	num_features	5.575106589620778	0.040913348742009	0.4762141337697557	0.3328733317079405	0.2624214736114412	0.047507046947583	0.7518212448296815	29.0	-1.562118390495406	0.9929922765604242	1.0	1.0	both	middle	0.6689691817215728	0.8071200850159405												joint_grid_target
K562_essential_day7	ACH-000551	RFC1	149.0	10691.0	1.0	310385.0	8563.0	h5ad_obs	supplementary	ctrl	verified_via_num_features_eq_1	num_features	4.945264180223963	0.0351964897636634	0.3923825175295073	0.2980598134227905	0.2452264612462399	0.0494479319876537	1.1810997224900746	26.0	-0.252376227742478	0.1581042396930129	1.0	1.0	both	middle	0.5526036131774708	0.10414452709883103												joint_grid_target
K562_essential_day7	ACH-000551	RFC2	97.0	10691.0	1.0	310385.0	8563.0	h5ad_obs	supplementary	ctrl	verified_via_num_features_eq_1	num_features	5.283347861731139	0.0390497195047144	0.3793550432300026	0.2967641642709135	0.2516951798034668	0.0443749215443102	1.4654394479667443	27.0	-1.693426020062757	0.9975685053180816	1.0	1.0	both	middle	0.6328374070138151	0.8443145589798087												joint_grid_target
K562_essential_day7	ACH-000551	RFC3	229.0	10691.0	1.0	310385.0	8563.0	h5ad_obs	supplementary	ctrl	verified_via_num_features_eq_1	num_features	4.568619420617458	0.0328176887737568	0.332084064294395	0.2689319529337124	0.2279575561273863	0.0478496178765643	1.256878098396264	24.0	-1.9954772844341009	0.9999876362225552	1.0	1.0	both	middle	0.48724760892667374	0.9011689691817216												joint_grid_target
K562_essential_day7	ACH-000551	RFC4	72.0	10691.0	1.0	310385.0	8563.0	h5ad_obs	supplementary	ctrl	verified_via_num_features_eq_1	num_features	4.966641577875267	0.0378635273412857	0.3429589514694157	0.2707999241402739	0.2277218487952757	0.041761061437986	0.9512768545980972	23.0	-0.8546268952367313	0.910673558434498	1.0	1.0	both	middle	0.6126461211477152	0.48724760892667374												joint_grid_target
K562_essential_day7	ACH-000551	RFC5	111.0	10691.0	1.0	310385.0	8563.0	h5ad_obs	supplementary	ctrl	verified_via_num_features_eq_1	num_features	3.829588605978072	0.0298660803319841	0.2473683822583338	0.1959389987689334	0.1670969494176551	0.0383077562992107	0.5639533786782351	6.0	-1.4679253276192423	0.9900770627062137	1.0	1.0	both	middle	0.40170031880977686	0.7821466524973433												joint_grid_target
K562_essential_day7	ACH-000551	RFT1	121.0	10691.0	1.0	310385.0	8563.0	h5ad_obs	supplementary	ctrl	verified_via_num_features_eq_1	num_features	3.164921650290643	0.0257025246004569	0.1604362060477423	0.1377212708328613	0.1213323361012618	0.0312873873074183	0.1974069490273358	0.0	-0.4127019346929029	0.3781096973684762	1.0	1.0	both	middle	0.2630180658873539	0.1944739638682253												joint_grid_target
K562_essential_day7	ACH-000551	RGP1	130.0	10691.0	1.0	310385.0	8563.0	h5ad_obs	supplementary	ctrl	verified_via_num_features_eq_1	num_features	2.922163505799056	0.0241454674078576	0.1374929391904666	0.1200323409653437	0.1066392870123664	0.0290273052224176	0.1110732386160258	0.0	-0.4436587567513617	0.4307305314147505	1.0	1.0	both	Q4_low_info	0.20563230605738575	0.21944739638682254												joint_grid_target
K562_essential_day7	ACH-000551	RHOQ	185.0	10691.0	1.0	310385.0	8563.0	h5ad_obs	supplementary	ctrl	verified_via_num_features_eq_1	num_features	2.40272982140012	0.0198127117489186	0.1097796487187493	0.0968985413601821	0.0875868678522103	0.0285573154413581	0.0618165705774576	0.0	-0.8479634344892822	0.9080133193661052	1.0	1.0	both	middle	0.062167906482465465	0.48352816153028694												joint_grid_target
K562_essential_day7	ACH-000551	RHPN1	225.0	10691.0	1.0	310385.0	8563.0	h5ad_obs	supplementary	ctrl	verified_via_num_features_eq_1	num_features	2.196224709442661	0.0178940843384762	0.1107590656666146	0.0917506905680627	0.0806805600774783	0.02993945718031	0.0467381330395326	1.0	-0.2123991361933137	0.12104963111278	1.0	1.0	both	Q4_low_info	0.026036131774707757	0.08342189160467588												joint_grid_target
K562_essential_day7	ACH-000551	RINT1	145.0	10691.0	1.0	310385.0	8563.0	h5ad_obs	supplementary	ctrl	verified_via_num_features_eq_1	num_features	3.593405874198214	0.0279268915346362	0.2129617246979243	0.1766169490488044	0.1534017873323976	0.0369278344663937	0.4187811607097274	3.0	-1.002901929170093	0.9511950345452748	1.0	1.0	both	middle	0.3443145589798087	0.5765143464399575												joint_grid_target
K562_essential_day7	ACH-000551	RIOK1	326.0	10691.0	1.0	310385.0	8563.0	h5ad_obs	supplementary	ctrl	verified_via_num_features_eq_1	num_features	6.178218429614776	0.0438420591217157	0.420785905161504	0.3611535742000068	0.3130246421490978	0.0480999953287737	2.834926907977202	88.0	-0.6265690505172375	0.7282494418756457	1.0	1.0	both	middle	0.7252922422954304	0.346971307120085												joint_grid_target
K562_essential_day7	ACH-000551	RIOK2	174.0	10691.0	1.0	310385.0	8563.0	h5ad_obs	supplementary	ctrl	verified_via_num_features_eq_1	num_features	6.865608249453246	0.0488001831502261	0.4868951738455315	0.4112356160593625	0.3540304917877616	0.0492054637309255	3.306985271873403	116.0	-1.0779172321073656	0.9638786027806538	1.0	1.0	both	middle	0.803931987247609	0.6190223166843783												joint_grid_target
K562_essential_day7	ACH-000551	RMI1	203.0	10691.0	1.0	310385.0	8563.0	h5ad_obs	supplementary	ctrl	verified_via_num_features_eq_1	num_features	2.789043612742561	0.0218513577213491	0.1738912346226178	0.1400335384488595	0.1186380080589002	0.0374194755593254	0.1809957298160949	1.0	-0.640278049801337	0.7460378957526339	1.0	1.0	both	middle	0.12646121147715197	0.3575982996811902												joint_grid_target
K562_essential_day7	ACH-000551	RNASEH2C	102.0	10691.0	1.0	310385.0	8563.0	h5ad_obs	supplementary	ctrl	verified_via_num_features_eq_1	num_features	4.259172893086998	0.0332060777171145	0.2606710623328229	0.2106093372698854	0.1796891419534262	0.0370342967199245	0.4251087081062366	6.0	0.0193363439314847	0.0188480241699999	1.0	1.0	both	middle	0.5005313496280552	0.014346439957492029												joint_grid_target
K562_essential_day7	ACH-000551	RNF103	111.0	10691.0	1.0	310385.0	8563.0	h5ad_obs	supplementary	ctrl	verified_via_num_features_eq_1	num_features	3.057516678479363	0.0249697435106093	0.1507289356925743	0.1273827233227663	0.112128270564733	0.0297879426113732	0.1282721361350418	1.0	-0.1962478879071257	0.1081285941165689	1.0	1.0	both	Q4_low_info	0.2359192348565356	0.07970244420828905												joint_grid_target
K562_essential_day7	ACH-000551	RNF113A	176.0	10691.0	1.0	310385.0	8563.0	h5ad_obs	supplementary	ctrl	verified_via_num_features_eq_1	num_features	8.016218695871228	0.0596414032920255	0.4499129365430072	0.391752865167733	0.3486264007888413	0.0383537990451841	3.0784723026604617	164.0	-1.048961337064343	0.9593326155105838	1.0	1.0	both	middle	0.910201912858661	0.6036131774707758												joint_grid_target
K562_essential_day7	ACH-000551	RNF123	111.0	10691.0	1.0	310385.0	8563.0	h5ad_obs	supplementary	ctrl	verified_via_num_features_eq_1	num_features	3.135295713039262	0.0256929677328962	0.1367772113007726	0.1247362588996551	0.1139688167062724	0.0283480051738554	0.1255233781638605	0.0	-0.4132298167782649	0.3789948169664976	1.0	1.0	both	middle	0.2624867162592986	0.19606801275239108												joint_grid_target
K562_essential_day7	ACH-000551	RNF14	240.0	10691.0	1.0	310385.0	8563.0	h5ad_obs	supplementary	ctrl	verified_via_num_features_eq_1	num_features	2.1934169541978017	0.0178700027932881	0.1073984897421792	0.0934864060513188	0.082919356615659	0.0305469535281874	0.0747153616379048	0.0	-0.0442400903610278	0.032660312990956	1.0	1.0	both	Q4_low_info	0.025504782146652496	0.02763018065887354												joint_grid_target
K562_essential_day7	ACH-000551	RNF168	61.0	10691.0	1.0	310385.0	8563.0	h5ad_obs	supplementary	ctrl	verified_via_num_features_eq_1	num_features	4.166051820734469	0.0339670602295324	0.2122786468325392	0.1755916356875669	0.1545903898403147	0.0301849126511391	0.28063135665343	3.0	-0.8473817676371541	0.9077750460610918	1.0	1.0	both	middle	0.5212539851222104	0.48299681190223165												joint_grid_target
K562_essential_day7	ACH-000551	RNF20	124.0	10691.0	1.0	310385.0	8563.0	h5ad_obs	supplementary	ctrl	verified_via_num_features_eq_1	num_features	7.404826924987729	0.0525493743544363	0.5162437420456638	0.4260936254665987	0.3657419575986006	0.0473458096361755	2.309677292326741	146.0	-0.7569826827618397	0.8590685336698157	1.0	1.0	both	middle	0.8475026567481403	0.42826780021253985												joint_grid_target
K562_essential_day7	ACH-000551	RNF4	32.0	10691.0	1.0	310385.0	8563.0	h5ad_obs	supplementary	ctrl	verified_via_num_features_eq_1	num_features	7.222222513011734	0.0582114613640791	0.3584203538907365	0.3139229273950595	0.2799734967997586	0.0314889800519974	1.3088536268609392	66.0	-0.4511366838591936	0.4436653211629788	1.0	1.0	both	Q2_shift_excess	0.8995749202975558	0.2226354941551541												joint_grid_target
K562_essential_day7	ACH-000551	RNF40	198.0	10691.0	1.0	310385.0	8563.0	h5ad_obs	supplementary	ctrl	verified_via_num_features_eq_1	num_features	4.059109577880544	0.0297511579856356	0.2952602813026016	0.2389790904456541	0.2007610410761134	0.0469029425626609	0.4331220059222129	13.0	-0.3387577386444095	0.2634128900861281	1.0	1.0	both	middle	0.3969181721572795	0.15249734325185973												joint_grid_target
K562_essential_day7	ACH-000551	RNF8	176.0	10691.0	1.0	310385.0	8563.0	h5ad_obs	supplementary	ctrl	verified_via_num_features_eq_1	num_features	2.4738447804427026	0.0201356554617491	0.1243351111798236	0.1022082061738373	0.0906717022421492	0.0296390346889197	0.0827192016218507	1.0	-0.8549423699770036	0.9107956420904504	1.0	1.0	both	middle	0.06748140276301806	0.487778958554729												joint_grid_target
K562_essential_day7	ACH-000551	RNGTT	115.0	10691.0	1.0	310385.0	8563.0	h5ad_obs	supplementary	ctrl	verified_via_num_features_eq_1	num_features	3.8436204084951737	0.0304021466101136	0.2341207965047239	0.1870721191133657	0.1592597111245796	0.0359293100204834	0.4307185787022778	6.0	-2.9177113390617144	1.0	1.0	1.0	both	middle	0.4208289054197662	0.9609458023379384												joint_grid_target
K562_essential_day7	ACH-000551	RNMT	114.0	10691.0	1.0	310385.0	8563.0	h5ad_obs	supplementary	ctrl	verified_via_num_features_eq_1	num_features	5.497022856972565	0.0388001102455449	0.4803398170646754	0.3739635607178561	0.2961992930360488	0.0562782244257968	1.2382560532075342	52.0	-1.3222706659007863	0.98718762991733	1.0	1.0	both	middle	0.6291179596174282	0.7311370882040382												joint_grid_target
K562_essential_day7	ACH-000551	RNPC3	74.0	10691.0	1.0	310385.0	8563.0	h5ad_obs	supplementary	ctrl	verified_via_num_features_eq_1	num_features	5.5350745101376	0.0419492558185067	0.3866527499703978	0.3068527306263108	0.2590280911297332	0.0427119885893965	0.9955017580017156	37.0	-1.4525380529856728	0.9897515670022392	1.0	1.0	both	middle	0.6865037194473964	0.7763018065887354												joint_grid_target
K562_essential_day7	ACH-000551	RNPS1	131.0	10691.0	1.0	310385.0	8563.0	h5ad_obs	supplementary	ctrl	verified_via_num_features_eq_1	num_features	4.017468514765845	0.0301358511731998	0.3145944005342028	0.2254023675786996	0.1826523234933445	0.043673607966323	0.4092814352822085	12.0	-0.6484491781112536	0.7561464090700035	1.0	1.0	both	middle	0.40913921360255046	0.36344314558979807												joint_grid_target
K562_essential_day7	ACH-000551	ROMO1	87.0	10691.0	1.0	310385.0	8563.0	h5ad_obs	supplementary	ctrl	verified_via_num_features_eq_1	num_features	6.648793052386799	0.0473919564344326	0.5465547338660095	0.4167330283101587	0.3375526053723103	0.0513449038206174	2.665838651918543	83.0	-1.2584264679197108	0.9840920281475536	1.0	1.0	both	middle	0.7826780021253985	0.70403825717322												joint_grid_target
K562_essential_day7	ACH-000551	RPA1	469.0	10691.0	1.0	310385.0	8563.0	h5ad_obs	supplementary	ctrl	verified_via_num_features_eq_1	num_features	3.736593427947674	0.0270572799433617	0.2168286695375064	0.1871688156716081	0.1664660902083991	0.0403918195618796	0.6421979540133229	1.0	-2.581549334981169	1.0	1.0	1.0	both	middle	0.31190223166843783	0.9609458023379384												joint_grid_target
K562_essential_day7	ACH-000551	RPA2	225.0	10691.0	1.0	310385.0	8563.0	h5ad_obs	supplementary	ctrl	verified_via_num_features_eq_1	num_features	6.744151783996403	0.0475374367288378	0.4253022695667063	0.3687807080099877	0.3223631122546331	0.0452977357252809	2.3712601545460466	118.0	-1.4254126645168543	0.9892675815061788	1.0	1.0	both	Q1_anchor	0.7848034006376196	0.769394261424017												joint_grid_target
K562_essential_day7	ACH-000551	RPA3	208.0	10691.0	1.0	310385.0	8563.0	h5ad_obs	supplementary	ctrl	verified_via_num_features_eq_1	num_features	5.686315386100259	0.0411577178391315	0.3596932206066779	0.3064362256246175	0.2645407565928805	0.0434743281653011	1.6788386655170768	48.0	-1.81024930969944	0.9994926329920756	1.0	1.0	both	middle	0.6716259298618491	0.8730074388947928												joint_grid_target
K562_essential_day7	ACH-000551	RPAIN	108.0	10691.0	1.0	310385.0	8563.0	h5ad_obs	supplementary	ctrl	verified_via_num_features_eq_1	num_features	3.140828160364427	0.0256683069963464	0.1601608155180856	0.1297108923648066	0.113917659183609	0.0295068794635504	0.1787134768615299	2.0	-1.2512694542906364	0.9836119631647652	1.0	1.0	both	middle	0.26089266737513284	0.7013815090329437												joint_grid_target
K562_essential_day7	ACH-000551	RPAP1	91.0	10691.0	1.0	310385.0	8563.0	h5ad_obs	supplementary	ctrl	verified_via_num_features_eq_1	num_features	7.828437637569028	0.0567565446890549	0.4875829719050512	0.4202617627565359	0.369949589949488	0.043236247094459	3.2861933787430715	175.0	-1.4467413238175393	0.9896408403312968	1.0	1.0	both	Q1_anchor	0.8868225292242295	0.7736450584484591												joint_grid_target
K562_essential_day7	ACH-000551	RPAP2	398.0	10691.0	1.0	310385.0	8563.0	h5ad_obs	supplementary	ctrl	verified_via_num_features_eq_1	num_features	8.418181167110765	0.0583921905977471	0.5299346870573342	0.4616220654876379	0.4067711023912583	0.0461610683932901	4.353736016678429	253.0	-0.7783273038136811	0.8730376143918467	1.0	1.0	both	middle	0.900106269925611	0.4404888416578108												joint_grid_target
K562_essential_day7	ACH-000551	RPE	118.0	10691.0	1.0	310385.0	8563.0	h5ad_obs	supplementary	ctrl	verified_via_num_features_eq_1	num_features	3.0327561925245123	0.0246677183706742	0.1574926292945847	0.1311711471843593	0.1154280124971321	0.0310494131077721	0.1048813822560248	2.0	-0.8851135664842453	0.9216443047659132	1.0	1.0	both	middle	0.22157279489904358	0.5058448459086079												joint_grid_target
K562_essential_day7	ACH-000551	RPF1	125.0	10691.0	1.0	310385.0	8563.0	h5ad_obs	supplementary	ctrl	verified_via_num_features_eq_1	num_features	5.056651634244806	0.0377192280339408	0.3549357436957583	0.2886318515767122	0.2418455083010967	0.0446812711371395	1.454459167631013	29.0	-0.7685296327379739	0.8668485251708105	1.0	1.0	both	middle	0.6099893730074389	0.434643995749203												joint_grid_target
K562_essential_day7	ACH-000551	RPF2	68.0	10691.0	1.0	310385.0	8563.0	h5ad_obs	supplementary	ctrl	verified_via_num_features_eq_1	num_features	5.802374519607809	0.0444033865123668	0.3475069477717041	0.2977211039786989	0.2560793730538537	0.0391505247392718	1.6018159736001767	43.0	-1.3570641936192112	0.9881085614827286	1.0	1.0	both	middle	0.7343251859723698	0.7449521785334751												joint_grid_target
K562_essential_day7	ACH-000551	RPL10	276.0	10691.0	1.0	310385.0	8563.0	h5ad_obs	supplementary	ctrl	verified_via_num_features_eq_1	num_features	6.693007096405827	0.046371584988944	0.5349494356606653	0.4058376442712398	0.3299598927439217	0.0511027708028243	2.74696547833155	75.0	-1.8687834763206133	0.999815092615746	1.0	1.0	both	Q1_anchor	0.7683315621679064	0.8820403825717322												joint_grid_target
K562_essential_day7	ACH-000551	RPL10A	257.0	10691.0	1.0	310385.0	8563.0	h5ad_obs	supplementary	ctrl	verified_via_num_features_eq_1	num_features	6.315581266557832	0.0435353708838079	0.4929225137782461	0.3753620769167781	0.3094959010021916	0.0503445200706998	2.218911819732403	67.0	-1.9857947614354488	0.9999844076674088	1.0	1.0	both	middle	0.718384697130712	0.9006376195536663												joint_grid_target
K562_essential_day7	ACH-000551	RPL11	387.0	10691.0	1.0	310385.0	8563.0	h5ad_obs	supplementary	ctrl	verified_via_num_features_eq_1	num_features	6.669729061309357	0.0454031136106972	0.5509334216673213	0.4162157693016765	0.3348131922647641	0.0535274992733642	2.8144223478903267	77.0	-2.8673077741651665	1.0	1.0	1.0	both	Q1_anchor	0.7529224229543039	0.9609458023379384												joint_grid_target
K562_essential_day7	ACH-000551	RPL12	255.0	10691.0	1.0	310385.0	8563.0	h5ad_obs	supplementary	ctrl	verified_via_num_features_eq_1	num_features	6.3682142661382	0.0424980406091604	0.5314291430110126	0.418709178215024	0.3392732100094925	0.0575291071691068	2.3907856366743534	83.0	-3.030532327529013	1.0	1.0	1.0	both	middle	0.6965993623804463	0.9609458023379384												joint_grid_target
K562_essential_day7	ACH-000551	RPL13	337.0	10691.0	1.0	310385.0	8563.0	h5ad_obs	supplementary	ctrl	verified_via_num_features_eq_1	num_features	6.693935569983601	0.0467535660773094	0.536964787381448	0.4050116682855854	0.3285279759000234	0.0505820997641127	2.7829201630302123	74.0	-1.5310947562116637	0.9918739540415956	1.0	1.0	both	Q1_anchor	0.7736450584484591	0.7954303931987248												joint_grid_target
K562_essential_day7	ACH-000551	RPL14	220.0	10691.0	1.0	310385.0	8563.0	h5ad_obs	supplementary	ctrl	verified_via_num_features_eq_1	num_features	9.34196355917279	0.06481336005324	0.7440464806925382	0.568641789032877	0.4615600995959306	0.0512292851818668	5.626650134288898	249.0	-2.4574221087177217	1.0	1.0	1.0	both	Q1_anchor	0.9388947927736451	0.9609458023379384												joint_grid_target
K562_essential_day7	ACH-000551	RPL17	149.0	10691.0	1.0	310385.0	8563.0	h5ad_obs	supplementary	ctrl	verified_via_num_features_eq_1	num_features	11.208800898969637	0.0785881165984066	0.8813025590396675	0.6821063583068496	0.5561583811459027	0.0506803117094398	7.860957735248959	410.0	-3.9258927113472977	1.0	1.0	1.0	both	Q1_anchor	0.9808714133900106	0.9609458023379384												joint_grid_target
K562_essential_day7	ACH-000551	RPL18	308.0	10691.0	1.0	310385.0	8563.0	h5ad_obs	supplementary	ctrl	verified_via_num_features_eq_1	num_features	7.66878960329585	0.053278480952519	0.615301138384587	0.4711725916050158	0.3805928157145716	0.0516383367878239	3.729006042622302	138.0	-1.3780958651849953	0.9885111573635182	1.0	1.0	both	Q1_anchor	0.8570669500531349	0.7539851222104145												joint_grid_target
K562_essential_day7	ACH-000551	RPL18A	65.0	10691.0	1.0	310385.0	8563.0	h5ad_obs	supplementary	ctrl	verified_via_num_features_eq_1	num_features	6.103928538015548	0.0456320808871617	0.4133320696176871	0.3128340095856278	0.2625767390240822	0.0400301988715217	1.5517455473719668	31.0	-2.6116743047509754	1.0	1.0	1.0	both	Q1_anchor	0.7539851222104145	0.9609458023379384												joint_grid_target
K562_essential_day7	ACH-000551	RPL19	238.0	10691.0	1.0	310385.0	8563.0	h5ad_obs	supplementary	ctrl	verified_via_num_features_eq_1	num_features	9.065717426431574	0.063274901591207	0.7265235979831551	0.5533875705399879	0.4449456971068596	0.0510671924772226	5.085896434937702	206.0	-2.287682411584574	1.0	1.0	1.0	both	Q1_anchor	0.9272051009564294	0.9609458023379384												joint_grid_target
K562_essential_day7	ACH-000551	RPL23	398.0	10691.0	1.0	310385.0	8563.0	h5ad_obs	supplementary	ctrl	verified_via_num_features_eq_1	num_features	9.410608861790388	0.0650025735156429	0.7543444039392455	0.5831067793387836	0.4721462770256676	0.0523795303200219	5.846931537156621	274.0	-2.701213675556846	1.0	1.0	1.0	both	Q1_anchor	0.9399574920297555	0.9609458023379384												joint_grid_target
K562_essential_day7	ACH-000551	RPL24	460.0	10691.0	1.0	310385.0	8563.0	h5ad_obs	supplementary	ctrl	verified_via_num_features_eq_1	num_features	8.019117030005741	0.0538000726814514	0.6936018901309977	0.5208426196455431	0.413036732870602	0.0565285326741673	4.297877740516299	150.0	-2.210284735337276	1.0	1.0	1.0	both	Q1_anchor	0.8645058448459086	0.9609458023379384												joint_grid_target
K562_essential_day7	ACH-000551	RPL26	209.0	10691.0	1.0	310385.0	8563.0	h5ad_obs	supplementary	ctrl	verified_via_num_features_eq_1	num_features	8.550444586146808	0.0584120715509903	0.709421586432381	0.5331876294196295	0.4300993690355225	0.0532993013745826	4.846406071469509	195.0	-2.0160357632922548	0.9999925434833312	1.0	1.0	both	Q1_anchor	0.9011689691817216	0.9064824654622742												joint_grid_target
K562_essential_day7	ACH-000551	RPL26L1	148.0	10691.0	1.0	310385.0	8563.0	h5ad_obs	supplementary	ctrl	verified_via_num_features_eq_1	num_features	2.823744177581689	0.022431988225388	0.1666488489152222	0.1292020857477926	0.1099129347083482	0.0336314673916186	0.1119014208149362	3.0	-0.805954986214028	0.8886597499050396	1.0	1.0	both	middle	0.1434643995749203	0.4580233793836344												joint_grid_target
K562_essential_day7	ACH-000551	RPL27	38.0	10691.0	1.0	310385.0	8563.0	h5ad_obs	supplementary	ctrl	verified_via_num_features_eq_1	num_features	11.369335518003972	0.0829798539862106	0.8456858449550134	0.6472810815875296	0.5373007230106838	0.0455474751821252	7.356764538248335	425.0	-1.5279447781751352	0.991768788329663	1.0	1.0	both	Q1_anchor	0.9888416578108395	0.7943676939426142												joint_grid_target
K562_essential_day7	ACH-000551	RPL27A	202.0	10691.0	1.0	310385.0	8563.0	h5ad_obs	supplementary	ctrl	verified_via_num_features_eq_1	num_features	9.576885860472997	0.0665188233455105	0.7601143264212276	0.5894119423140551	0.4846988791565715	0.0517390479464162	6.019086351084923	276.0	-2.158635858855652	1.0	1.0	1.0	both	Q1_anchor	0.9489904357066951	0.9609458023379384												joint_grid_target
K562_essential_day7	ACH-000551	RPL28	50.0	10691.0	1.0	310385.0	8563.0	h5ad_obs	supplementary	ctrl	verified_via_num_features_eq_1	num_features	5.852856241882838	0.0426183655044535	0.3873644860418208	0.2792962422237293	0.2308997630220292	0.0382659379715065	0.7393987522169887	13.0	-1.057246789458238	0.9606717911034968	1.0	1.0	both	middle	0.7003188097768331	0.6094580233793836												joint_grid_target
K562_essential_day7	ACH-000551	RPL3	1996.0	10691.0	1.0	310385.0	8563.0	h5ad_obs	supplementary	ctrl	verified_via_num_features_eq_1	num_features	1.5002298472262958	0.0101872218301889	0.1399629038149366	0.0973218369191171	0.0765084326498116	0.0557825797051609	0.1036680368882674	2.0	-1.7978160141072814	0.9993825841042258	1.0	1.0	both	Q3_dep_excess	0.0010626992561105207	0.8671625929861849												joint_grid_target
K562_essential_day7	ACH-000551	RPL30	365.0	10691.0	1.0	310385.0	8563.0	h5ad_obs	supplementary	ctrl	verified_via_num_features_eq_1	num_features	7.422395729272183	0.0507436205348382	0.6155865080906373	0.4675517201884658	0.3748843850543892	0.0538012379507135	3.519643473606024	124.0	-1.2555287435953564	0.9838983513078314	1.0	1.0	both	middle	0.8235919234856536	0.7035069075451648												joint_grid_target
K562_essential_day7	ACH-000551	RPL31	294.0	10691.0	1.0	310385.0	8563.0	h5ad_obs	supplementary	ctrl	verified_via_num_features_eq_1	num_features	9.74315202886638	0.0687034102535467	0.7315674061865456	0.5865833992687357	0.4826609397359245	0.0498534862029995	6.353386879700096	312.0	-2.42814673748918	1.0	1.0	1.0	both	Q1_anchor	0.9580233793836345	0.9609458023379384												joint_grid_target
K562_essential_day7	ACH-000551	RPL32	208.0	10691.0	1.0	310385.0	8563.0	h5ad_obs	supplementary	ctrl	verified_via_num_features_eq_1	num_features	6.203269745377608	0.0428238219682152	0.5068414724802446	0.3820361282013362	0.3064097406181969	0.0520910450615395	2.2293134510767114	57.0	-3.275104042046719	1.0	1.0	1.0	both	middle	0.7051009564293305	0.9609458023379384												joint_grid_target
K562_essential_day7	ACH-000551	RPL35	46.0	10691.0	1.0	310385.0	8563.0	h5ad_obs	supplementary	ctrl	verified_via_num_features_eq_1	num_features	8.441177948659304	0.063284963470736	0.5624801833955997	0.4482187565876382	0.3736807827952486	0.0413555263865882	3.602201413875205	160.0	-1.005999008946695	0.9517796389392628	1.0	1.0	both	middle	0.9277364505844846	0.577577045696068												joint_grid_target
K562_essential_day7	ACH-000551	RPL36	204.0	10691.0	1.0	310385.0	8563.0	h5ad_obs	supplementary	ctrl	verified_via_num_features_eq_1	num_features	9.876129102270175	0.0691870922872732	0.7645500027122363	0.595010485996916	0.4878378705432773	0.0502161717238889	6.300259816141654	285.0	-2.039792239205404	0.9999960794078744	1.0	1.0	both	Q1_anchor	0.9590860786397449	0.9107332624867163												joint_grid_target
K562_essential_day7	ACH-000551	RPL36AL	152.0	10691.0	1.0	310385.0	8563.0	h5ad_obs	supplementary	ctrl	verified_via_num_features_eq_1	num_features	2.8448346629186982	0.021387374952571	0.1821438688880998	0.1318154702324491	0.1093011892709031	0.0359876062623131	0.0778994588665238	1.0	-0.7480495017891899	0.8526868870072264	1.0	1.0	both	middle	0.10626992561105207	0.42348565356004253												joint_grid_target
K562_essential_day7	ACH-000551	RPL37	382.0	10691.0	1.0	310385.0	8563.0	h5ad_obs	supplementary	ctrl	verified_via_num_features_eq_1	num_features	4.604848825352559	0.0311939303320856	0.385685827063253	0.2855810112668571	0.2304425693961116	0.0534568408487635	1.2925422301220095	18.0	-0.9395115911951064	0.9373259631159208	1.0	1.0	both	middle	0.4452709883103082	0.5371944739638682												joint_grid_target
K562_essential_day7	ACH-000551	RPL37A	386.0	10691.0	1.0	310385.0	8563.0	h5ad_obs	supplementary	ctrl	verified_via_num_features_eq_1	num_features	6.9904852241680695	0.047941945919936	0.5671265850273918	0.4334863947844197	0.3506947897143848	0.0527963469419011	3.122613572009085	95.0	-2.211065573890384	1.0	1.0	1.0	both	Q1_anchor	0.7906482465462275	0.9609458023379384												joint_grid_target
K562_essential_day7	ACH-000551	RPL38	184.0	10691.0	1.0	310385.0	8563.0	h5ad_obs	supplementary	ctrl	verified_via_num_features_eq_1	num_features	8.527237675114538	0.0598682164944655	0.6809885463455495	0.5301931817872423	0.4281857191812444	0.0517108740197066	4.739513166891086	190.0	-0.7401450532820418	0.8467771169856692	1.0	1.0	both	middle	0.9133900106269925	0.41923485653560044												joint_grid_target
K562_essential_day7	ACH-000551	RPL39	37.0	10691.0	1.0	310385.0	8563.0	h5ad_obs	supplementary	ctrl	verified_via_num_features_eq_1	num_features	7.438281948626619	0.0560565190583577	0.5110503046941689	0.3895030996766994	0.3232846592846591	0.0405722275517903	2.3676641777983374	81.0	-1.039560771481479	0.9577711113472734	1.0	1.0	both	middle	0.8820403825717322	0.6004250797024442												joint_grid_target
K562_essential_day7	ACH-000551	RPL4	345.0	10691.0	1.0	310385.0	8563.0	h5ad_obs	supplementary	ctrl	verified_via_num_features_eq_1	num_features	7.387646133454481	0.0515673737300203	0.57932791446646	0.4505565642256613	0.3666519943497027	0.0510174054007003	3.494418312993496	121.0	-3.284839746098848	1.0	1.0	1.0	both	Q1_anchor	0.8342189160467588	0.9609458023379384												joint_grid_target
K562_essential_day7	ACH-000551	RPL41	47.0	10691.0	1.0	310385.0	8563.0	h5ad_obs	supplementary	ctrl	verified_via_num_features_eq_1	num_features	5.665907960088605	0.0416824714148541	0.3541757702539626	0.2531182370640923	0.2085650220372234	0.0354579837237517	0.3837955586846586	5.0	-0.1957928305669856	0.1077786144071331	1.0	1.0	both	middle	0.6811902231668437	0.07863974495217853												joint_grid_target
K562_essential_day7	ACH-000551	RPL5	200.0	10691.0	1.0	310385.0	8563.0	h5ad_obs	supplementary	ctrl	verified_via_num_features_eq_1	num_features	7.381273999513791	0.0515174210666532	0.5917188163310254	0.4455330174154363	0.3637954166751319	0.0504974956068255	3.2692027325652013	111.0	-2.222147584418262	1.0	1.0	1.0	both	Q1_anchor	0.8336875664187035	0.9609458023379384												joint_grid_target
K562_essential_day7	ACH-000551	RPL7	301.0	10691.0	1.0	310385.0	8563.0	h5ad_obs	supplementary	ctrl	verified_via_num_features_eq_1	num_features	7.952591985611829	0.0555339267976928	0.6573130870107686	0.495574609048583	0.3954849253051094	0.0521068385047621	4.091429251961428	138.0	-1.94016880352324	0.9999561456712504	1.0	1.0	both	Q1_anchor	0.8777895855472901	0.8937300743889479												joint_grid_target
K562_essential_day7	ACH-000551	RPL8	384.0	10691.0	1.0	310385.0	8563.0	h5ad_obs	supplementary	ctrl	verified_via_num_features_eq_1	num_features	7.475211841683171	0.0513735901623758	0.6030759013853204	0.4606801076440729	0.3762840956504323	0.052360478073148	3.6234243009371134	130.0	-2.8746114490581505	1.0	1.0	1.0	both	Q1_anchor	0.8320935175345378	0.9609458023379384												joint_grid_target
K562_essential_day7	ACH-000551	RPL9	242.0	10691.0	1.0	310385.0	8563.0	h5ad_obs	supplementary	ctrl	verified_via_num_features_eq_1	num_features	7.351513187362181	0.0514562865258662	0.584810294319049	0.4475551917721697	0.3678367980349064	0.0507869601237099	3.3929299890475004	117.0	-2.260754486214944	1.0	1.0	1.0	both	Q1_anchor	0.832624867162593	0.9609458023379384												joint_grid_target
K562_essential_day7	ACH-000551	RPLP0	184.0	10691.0	1.0	310385.0	8563.0	h5ad_obs	supplementary	ctrl	verified_via_num_features_eq_1	num_features	7.011032150949112	0.047675239715423	0.6018823468421542	0.4420468102384094	0.3524849931993381	0.0541401476722009	2.7268241402903843	86.0	-1.2527281164359971	0.9837111642062476	1.0	1.0	both	middle	0.7863974495217854	0.701912858660999												joint_grid_target
K562_essential_day7	ACH-000551	RPLP1	117.0	10691.0	1.0	310385.0	8563.0	h5ad_obs	supplementary	ctrl	verified_via_num_features_eq_1	num_features	5.191053505360789	0.0358267674272684	0.3959370838927179	0.2872291876909441	0.2328060079733554	0.0468128417814177	0.8721268118547076	20.0	-1.2982672679714395	0.986268281394518	1.0	1.0	both	middle	0.5696068012752391	0.7199787460148778												joint_grid_target
K562_essential_day7	ACH-000551	RPLP2	222.0	10691.0	1.0	310385.0	8563.0	h5ad_obs	supplementary	ctrl	verified_via_num_features_eq_1	num_features	5.670607024712747	0.037673377199679	0.4936446297633098	0.3571717811291816	0.2845092125044823	0.0553587972527377	1.4484153074949546	42.0	-1.461858046800627	0.9899424682295044	1.0	1.0	both	middle	0.6094580233793836	0.7800212539851222												joint_grid_target
K562_essential_day7	ACH-000551	RPN1	52.0	10691.0	1.0	310385.0	8563.0	h5ad_obs	supplementary	ctrl	verified_via_num_features_eq_1	num_features	5.008225410373151	0.0403422142718884	0.2847802977383294	0.2232892853239254	0.1924790840728555	0.0323185756519138	0.3996643599003544	9.0	-0.675363554580606	0.7871092842092092	1.0	1.0	both	middle	0.6567481402763018	0.3820403825717322												joint_grid_target
K562_essential_day7	ACH-000551	RPN2	105.0	10691.0	1.0	310385.0	8563.0	h5ad_obs	supplementary	ctrl	verified_via_num_features_eq_1	num_features	3.4514312863834054	0.0274428377724536	0.2072345950977368	0.1566172834566824	0.1322646025817846	0.0333238160775241	0.1597501838647712	3.0	-0.3749623999219895	0.3172080530447054	1.0	1.0	both	middle	0.3246546227417641	0.17109458023379384												joint_grid_target
K562_essential_day7	ACH-000551	RPP14	56.0	10691.0	1.0	310385.0	8563.0	h5ad_obs	supplementary	ctrl	verified_via_num_features_eq_1	num_features	6.744568686206924	0.0504626633884948	0.4577855983656594	0.3803903492062029	0.3195413244632259	0.0440152711643256	2.221798213248979	78.0	-0.7839738503392136	0.8764514298093595	1.0	1.0	both	middle	0.8198724760892667	0.4442082890541977												joint_grid_target
K562_essential_day7	ACH-000551	RPP21	60.0	10691.0	1.0	310385.0	8563.0	h5ad_obs	supplementary	ctrl	verified_via_num_features_eq_1	num_features	4.361300993976232	0.0353819235126352	0.2171634322019076	0.1887911253444651	0.1677022766395875	0.0311561794234768	0.2303996812744042	3.0	-1.4578385635543434	0.9898598443223836	1.0	1.0	both	middle	0.5579171094580234	0.7784272051009564												joint_grid_target
K562_essential_day7	ACH-000551	RPP30	101.0	10691.0	1.0	310385.0	8563.0	h5ad_obs	supplementary	ctrl	verified_via_num_features_eq_1	num_features	6.324666807964282	0.0457160980875625	0.44757987891766	0.3806042022356801	0.3234396970969271	0.0486125590237272	2.4738592632655294	89.0	-0.5237572635647963	0.5698000813094721	1.0	1.0	both	middle	0.7561105207226355	0.27577045696068014												joint_grid_target
K562_essential_day7	ACH-000551	RPP38	56.0	10691.0	1.0	310385.0	8563.0	h5ad_obs	supplementary	ctrl	verified_via_num_features_eq_1	num_features	5.553240992267386	0.042903739047487	0.3505421701653587	0.2816346278279154	0.2430885112836406	0.0383296602227058	1.0808533023062594	23.0	-0.7222858159431655	0.8323618269103116	1.0	1.0	both	middle	0.7093517534537725	0.40807651434643993												joint_grid_target
K562_essential_day7	ACH-000551	RPP40	78.0	10691.0	1.0	310385.0	8563.0	h5ad_obs	supplementary	ctrl	verified_via_num_features_eq_1	num_features	6.693003021656193	0.0497548308835189	0.4537918056772678	0.3754149140953745	0.3174163548886282	0.0440575484746495	2.638983312020944	85.0	-1.374132517561485	0.988441723840954	1.0	1.0	both	Q1_anchor	0.8129649309245484	0.7529224229543039												joint_grid_target
K562_essential_day7	ACH-000551	RPS11	268.0	10691.0	1.0	310385.0	8563.0	h5ad_obs	supplementary	ctrl	verified_via_num_features_eq_1	num_features	8.265490613183564	0.058554916771533	0.6110231143721465	0.4812617548479297	0.4031704416385885	0.0479912478692439	4.544517557060475	169.0	-2.1396867986182304	1.0	1.0	1.0	both	Q1_anchor	0.9027630180658873	0.9609458023379384												joint_grid_target
K562_essential_day7	ACH-000551	RPS12	485.0	10691.0	1.0	310385.0	8563.0	h5ad_obs	supplementary	ctrl	verified_via_num_features_eq_1	num_features	7.635817635618609	0.0532229337257701	0.5656415390497156	0.4371413879768194	0.3659820232498144	0.0479586751590248	3.818102342109098	129.0	-1.882181438467784	0.9998567085378044	1.0	1.0	both	Q1_anchor	0.8560042507970245	0.885759829968119												joint_grid_target
K562_essential_day7	ACH-000551	RPS13	135.0	10691.0	1.0	310385.0	8563.0	h5ad_obs	supplementary	ctrl	verified_via_num_features_eq_1	num_features	9.84028525858528	0.0714683463532024	0.7023093019293061	0.5541369973030504	0.4636042042282072	0.0452738548292276	6.206404154293658	281.0	-1.4670791906228384	0.9900582922932954	1.0	1.0	both	Q1_anchor	0.9665249734325186	0.781615302869288												joint_grid_target
K562_essential_day7	ACH-000551	RPS14	181.0	10691.0	1.0	310385.0	8563.0	h5ad_obs	supplementary	ctrl	verified_via_num_features_eq_1	num_features	6.563189242982207	0.0469314346459999	0.4790732082756479	0.3797940712632289	0.3173594749383915	0.0472528938815184	2.6521130457241764	80.0	-2.258108675519213	1.0	1.0	1.0	both	Q1_anchor	0.7778958554729012	0.9609458023379384												joint_grid_target
K562_essential_day7	ACH-000551	RPS15	26.0	10691.0	1.0	310385.0	8563.0	h5ad_obs	supplementary	ctrl	verified_via_num_features_eq_1	num_features	9.552937110262532	0.0746731037047412	0.5331663355476979	0.4421877261387035	0.3837571559662766	0.0345769388029321	3.454574573699606	247.0	-2.171161297491812	1.0	1.0	1.0	both	Q1_anchor	0.9750265674814028	0.9609458023379384												joint_grid_target
K562_essential_day7	ACH-000551	RPS15A	314.0	10691.0	1.0	310385.0	8563.0	h5ad_obs	supplementary	ctrl	verified_via_num_features_eq_1	num_features	7.3245180893885795	0.0527172135717753	0.5339384728525123	0.4123244447476766	0.3461898403295819	0.0456699668174753	3.569057965935553	111.0	-2.111789417267677	1.0	1.0	1.0	both	Q1_anchor	0.8501594048884166	0.9609458023379384												joint_grid_target
K562_essential_day7	ACH-000551	RPS16	57.0	10691.0	1.0	310385.0	8563.0	h5ad_obs	supplementary	ctrl	verified_via_num_features_eq_1	num_features	8.890169046171556	0.0657168496381599	0.6001585506114407	0.4797954951079369	0.4051125920203902	0.0426308007679478	4.305636918994274	188.0	-2.6473421420728376	1.0	1.0	1.0	both	Q1_anchor	0.9458023379383634	0.9609458023379384												joint_grid_target
K562_essential_day7	ACH-000551	RPS17	223.0	10691.0	1.0	310385.0	8563.0	h5ad_obs	supplementary	ctrl	verified_via_num_features_eq_1	num_features	5.921409034379137	0.0426548450296857	0.4102388616549609	0.336288198913062	0.284673202349416	0.0460349121919841	2.154128390139212	55.0	-1.6520201805483568	0.9963274899245008	1.0	1.0	both	middle	0.7013815090329437	0.8331562167906482												joint_grid_target
K562_essential_day7	ACH-000551	RPS18	122.0	10691.0	1.0	310385.0	8563.0	h5ad_obs	supplementary	ctrl	verified_via_num_features_eq_1	num_features	9.719120511238415	0.0697174150297411	0.7072690108758308	0.5460514823058648	0.4552352943770006	0.0457337037970454	5.7900208946077285	260.0	-2.3809238382704554	1.0	1.0	1.0	both	Q1_anchor	0.9606801275239107	0.9609458023379384												joint_grid_target
K562_essential_day7	ACH-000551	RPS19	422.0	10691.0	1.0	310385.0	8563.0	h5ad_obs	supplementary	ctrl	verified_via_num_features_eq_1	num_features	8.494459370532265	0.0596113024713014	0.6516152345324724	0.5071335943860726	0.4195665055627782	0.0496749947707302	4.748535152652227	175.0	-2.981640890843124	1.0	1.0	1.0	both	Q1_anchor	0.9091392136025505	0.9609458023379384												joint_grid_target
K562_essential_day7	ACH-000551	RPS19BP1	54.0	10691.0	1.0	310385.0	8563.0	h5ad_obs	supplementary	ctrl	verified_via_num_features_eq_1	num_features	7.974373700719837	0.059087210635309	0.5497977524984281	0.4393525348988614	0.370572751539629	0.0434173895652714	3.425443164392956	166.0	-0.6532238844317492	0.7619305857190953	1.0	1.0	both	middle	0.9043570669500531	0.3655685441020191												joint_grid_target
K562_essential_day7	ACH-000551	RPS20	273.0	10691.0	1.0	310385.0	8563.0	h5ad_obs	supplementary	ctrl	verified_via_num_features_eq_1	num_features	6.054931080250223	0.0442284624186181	0.4222181363106839	0.3371947964901698	0.2850876444814402	0.044516712297126	2.271000458712626	50.0	-3.0062884637676697	1.0	1.0	1.0	both	middle	0.7316684378320936	0.9609458023379384												joint_grid_target
K562_essential_day7	ACH-000551	RPS21	75.0	10691.0	1.0	310385.0	8563.0	h5ad_obs	supplementary	ctrl	verified_via_num_features_eq_1	num_features	6.03700450914898	0.0450786091377376	0.4172758645124489	0.3262540760421857	0.274270755233829	0.0422600005863773	1.7669062717669792	45.0	-1.316567003645944	0.9869896671807944	1.0	1.0	both	middle	0.7476089266737513	0.7268862911795961												joint_grid_target
K562_essential_day7	ACH-000551	RPS23	114.0	10691.0	1.0	310385.0	8563.0	h5ad_obs	supplementary	ctrl	verified_via_num_features_eq_1	num_features	8.812011980605924	0.0637671878380883	0.6417801494534355	0.489828117914055	0.4068994242961136	0.0448528978446318	4.711629261193744	187.0	-1.9202198586697323	0.9999329594923382	1.0	1.0	both	Q1_anchor	0.9319872476089267	0.8916046758767269												joint_grid_target
K562_essential_day7	ACH-000551	RPS24	243.0	10691.0	1.0	310385.0	8563.0	h5ad_obs	supplementary	ctrl	verified_via_num_features_eq_1	num_features	9.32330499558081	0.0669375306510953	0.6733734345111442	0.5250038668224173	0.4423412390032364	0.0457969837154691	5.742099945273935	226.0	-2.16412769904622	1.0	1.0	1.0	both	Q1_anchor	0.9511158342189161	0.9609458023379384												joint_grid_target
K562_essential_day7	ACH-000551	RPS25	40.0	10691.0	1.0	310385.0	8563.0	h5ad_obs	supplementary	ctrl	verified_via_num_features_eq_1	num_features	5.665203821579996	0.0451505982037117	0.3159577690982841	0.2528659313808863	0.219477850161054	0.032701740838558	0.511545086322073	16.0	-1.667594193334474	0.9968277805480532	1.0	1.0	both	Q1_anchor	0.7502656748140276	0.8374070138150903												joint_grid_target
K562_essential_day7	ACH-000551	RPS27A	97.0	10691.0	1.0	310385.0	8563.0	h5ad_obs	supplementary	ctrl	verified_via_num_features_eq_1	num_features	9.553449463811669	0.0698674479108284	0.6480513767677918	0.5162223408489293	0.4342310694046026	0.0431425664131971	5.65061858240869	253.0	-2.2339983470602576	1.0	1.0	1.0	both	Q1_anchor	0.9617428267800212	0.9609458023379384												joint_grid_target
K562_essential_day7	ACH-000551	RPS28	309.0	10691.0	1.0	310385.0	8563.0	h5ad_obs	supplementary	ctrl	verified_via_num_features_eq_1	num_features	6.438395786744988	0.0457482640110501	0.4696306421248762	0.3764933836134413	0.3179675480495602	0.0480536952717252	2.7952989488423405	87.0	-2.837218611858301	1.0	1.0	1.0	both	Q1_anchor	0.7566418703506907	0.9609458023379384												joint_grid_target
K562_essential_day7	ACH-000551	RPS29	403.0	10691.0	1.0	310385.0	8563.0	h5ad_obs	supplementary	ctrl	verified_via_num_features_eq_1	num_features	4.704020838941726	0.0345287825972364	0.3283079904259212	0.2614421287221217	0.220770248835074	0.0442118171160861	1.4237188005626766	16.0	-2.8017517657685884	1.0	1.0	1.0	both	middle	0.5318809776833157	0.9609458023379384												joint_grid_target
K562_essential_day7	ACH-000551	RPS3	276.0	10691.0	1.0	310385.0	8563.0	h5ad_obs	supplementary	ctrl	verified_via_num_features_eq_1	num_features	9.341078229379333	0.0666613139296744	0.6805255821912263	0.5210068947048576	0.4369698758579441	0.0456366399267536	5.798384309166629	226.0	-2.3332669399275847	1.0	1.0	1.0	both	Q1_anchor	0.9495217853347503	0.9609458023379384												joint_grid_target
K562_essential_day7	ACH-000551	RPS3A	160.0	10691.0	1.0	310385.0	8563.0	h5ad_obs	supplementary	ctrl	verified_via_num_features_eq_1	num_features	6.824022323457588	0.049808273382457	0.4799562253494231	0.3737905061643398	0.3133093011293055	0.043819845286595	2.854263241419876	79.0	-3.6980499704122094	1.0	1.0	1.0	both	Q1_anchor	0.8134962805526036	0.9609458023379384												joint_grid_target
K562_essential_day7	ACH-000551	RPS4X	180.0	10691.0	1.0	310385.0	8563.0	h5ad_obs	supplementary	ctrl	verified_via_num_features_eq_1	num_features	10.58161745001783	0.076760832750397	0.7676796367591078	0.5951320951173027	0.4980728727542861	0.0452707568123916	7.18685280403168	340.0	-2.931493699991765	1.0	1.0	1.0	both	Q1_anchor	0.9792773645058448	0.9609458023379384												joint_grid_target
K562_essential_day7	ACH-000551	RPS5	144.0	10691.0	1.0	310385.0	8563.0	h5ad_obs	supplementary	ctrl	verified_via_num_features_eq_1	num_features	8.656037677353156	0.063043961915421	0.6033831929585886	0.4775862017781079	0.4000444016868349	0.0442336047679394	4.646438547646175	187.0	-1.4465966130005463	0.9896381148515716	1.0	1.0	both	Q1_anchor	0.926673751328374	0.7731137088204039												joint_grid_target
K562_essential_day7	ACH-000551	RPS6	178.0	10691.0	1.0	310385.0	8563.0	h5ad_obs	supplementary	ctrl	verified_via_num_features_eq_1	num_features	10.08374425218537	0.071290752552853	0.7477785290753207	0.5868182162738165	0.4926763227967812	0.0480633954138597	6.528676564846442	286.0	-2.5337349622090297	1.0	1.0	1.0	both	Q1_anchor	0.9659936238044633	0.9609458023379384												joint_grid_target
K562_essential_day7	ACH-000551	RPS7	265.0	10691.0	1.0	310385.0	8563.0	h5ad_obs	supplementary	ctrl	verified_via_num_features_eq_1	num_features	8.95457959055935	0.0645874673347421	0.6526687376640373	0.5117724766456344	0.4286884310497242	0.0462671481589508	5.334002764649398	208.0	-2.0362902376149994	0.999995628621782	1.0	1.0	both	Q1_anchor	0.9378320935175345	0.9096705632306057												joint_grid_target
K562_essential_day7	ACH-000551	RPS8	22.0	10691.0	1.0	310385.0	8563.0	h5ad_obs	supplementary	ctrl	verified_via_num_features_eq_1	num_features	12.797760440720864	0.0952840999236544	0.8595755616899684	0.6914963723528983	0.5818007283225866	0.0423753726615039	7.497148860385032	581.0	-3.741532900423485	1.0	1.0	1.0	both	Q1_anchor	0.9973432518597237	0.9609458023379384												joint_grid_target
K562_essential_day7	ACH-000551	RPS9	276.0	10691.0	1.0	310385.0	8563.0	h5ad_obs	supplementary	ctrl	verified_via_num_features_eq_1	num_features	7.418865212380693	0.0529027674787055	0.5398079367922376	0.4245897801084689	0.3545603297972949	0.046863552265249	3.633079184967016	121.0	-3.0116188543025144	1.0	1.0	1.0	both	Q1_anchor	0.8528161530286928	0.9609458023379384												joint_grid_target
K562_essential_day7	ACH-000551	RPTOR	82.0	10691.0	1.0	310385.0	8563.0	h5ad_obs	supplementary	ctrl	verified_via_num_features_eq_1	num_features	6.020801616099339	0.0459488027477356	0.3612150248994291	0.2970744296645086	0.2583720942742304	0.037751579987918	1.6676654324204918	39.0	-1.0026198537733186	0.9511417900284124	1.0	1.0	both	middle	0.7608926673751328	0.5759829968119022												joint_grid_target
K562_essential_day7	ACH-000551	RPUSD3	164.0	10691.0	1.0	310385.0	8563.0	h5ad_obs	supplementary	ctrl	verified_via_num_features_eq_1	num_features	2.752485870046008	0.0220289658772867	0.1643431167013295	0.1289083399883424	0.1095287127690249	0.0341688974951136	0.1435400354345066	2.0	-0.909638193402016	0.9292555850938184	1.0	1.0	both	middle	0.13283740701381508	0.5201912858660999												joint_grid_target
K562_essential_day7	ACH-000551	RPUSD4	126.0	10691.0	1.0	310385.0	8563.0	h5ad_obs	supplementary	ctrl	verified_via_num_features_eq_1	num_features	3.513304634679685	0.0275738875304757	0.215143234921146	0.1738495803474998	0.1481179960305115	0.0368145678762197	0.3183994047161569	3.0	-0.7828008924590117	0.8757664554783784	1.0	1.0	both	middle	0.33103081827842723	0.44261424017003187												joint_grid_target
K562_essential_day7	ACH-000551	RRM1	103.0	10691.0	1.0	310385.0	8563.0	h5ad_obs	supplementary	ctrl	verified_via_num_features_eq_1	num_features	7.240818871104436	0.0519640731559359	0.4975573368334082	0.4209286854347873	0.3608716379325729	0.0472987210726531	2.395462983228505	141.0	-3.828005576648257	1.0	1.0	1.0	both	Q1_anchor	0.8405951115834219	0.9609458023379384												joint_grid_target
K562_essential_day7	ACH-000551	RRM2	577.0	10691.0	1.0	310385.0	8563.0	h5ad_obs	supplementary	ctrl	verified_via_num_features_eq_1	num_features	3.4066586364605627	0.024115714463639	0.2472522154743844	0.1997579785386795	0.1684267679955689	0.0483668787161017	0.5556737775289626	4.0	-1.4752108269143795	0.9902456224619935	1.0	1.0	both	Q3_dep_excess	0.20403825717321997	0.7848034006376196												joint_grid_target
K562_essential_day7	ACH-000551	RRP1	109.0	10691.0	1.0	310385.0	8563.0	h5ad_obs	supplementary	ctrl	verified_via_num_features_eq_1	num_features	4.512915233574387	0.0340976506705847	0.3219167031182833	0.2546075109772895	0.2107781312026799	0.0436004342224567	0.8908893417070765	18.0	-0.1848451178595691	0.0996387308986724	1.0	1.0	both	middle	0.5228480340063762	0.07226354941551541												joint_grid_target
K562_essential_day7	ACH-000551	RRP12	204.0	10691.0	1.0	310385.0	8563.0	h5ad_obs	supplementary	ctrl	verified_via_num_features_eq_1	num_features	7.180636453240845	0.050781853027917	0.5175544779507988	0.4347503959069994	0.3723197432791633	0.0499891212306192	3.763108216706304	126.0	-1.5783221186532534	0.9936081927879892	1.0	1.0	both	Q1_anchor	0.824654622741764	0.8134962805526036												joint_grid_target
K562_essential_day7	ACH-000551	RRP15	32.0	10691.0	1.0	310385.0	8563.0	h5ad_obs	supplementary	ctrl	verified_via_num_features_eq_1	num_features	6.191906624978623	0.0498562204656259	0.3302570973945773	0.2770725904983119	0.2410359568577746	0.0324502669141559	1.0377508959843809	28.0	-1.1744691189816094	0.9765833795170428	1.0	1.0	both	middle	0.8140276301806588	0.6631243358129649												joint_grid_target
K562_essential_day7	ACH-000551	RRP7A	46.0	10691.0	1.0	310385.0	8563.0	h5ad_obs	supplementary	ctrl	verified_via_num_features_eq_1	num_features	7.558749356153579	0.0575162341404104	0.4916233679820921	0.4123102075636879	0.3507201335957425	0.0418579258278464	2.797446105717448	119.0	-0.6781102550659177	0.7900629714491444	1.0	1.0	both	middle	0.8926673751328374	0.3846971307120085												joint_grid_target
K562_essential_day7	ACH-000551	RRP9	110.0	10691.0	1.0	310385.0	8563.0	h5ad_obs	supplementary	ctrl	verified_via_num_features_eq_1	num_features	4.772484181811811	0.0356357056590693	0.3377073584963784	0.2747830045498496	0.2292118996285639	0.0450244654199233	1.132276996379158	25.0	-0.5647992394055592	0.6376005128714044	1.0	1.0	both	middle	0.5637619553666312	0.3071200850159405												joint_grid_target
K562_essential_day7	ACH-000551	RRS1	72.0	10691.0	1.0	310385.0	8563.0	h5ad_obs	supplementary	ctrl	verified_via_num_features_eq_1	num_features	6.576874491188884	0.0486010673023618	0.4406134345355162	0.372041254687167	0.3156915151724492	0.0446981299684079	2.6083008671090173	87.0	-1.0182657984409835	0.9540501475406356	1.0	1.0	both	middle	0.8002125398512221	0.5866099893730075												joint_grid_target
K562_essential_day7	ACH-000551	RSL1D1	211.0	10691.0	1.0	310385.0	8563.0	h5ad_obs	supplementary	ctrl	verified_via_num_features_eq_1	num_features	3.287219061538808	0.0245740384851225	0.2307115981963151	0.1804014372631826	0.14951184613148	0.0428654630476223	0.4736240753701626	3.0	-1.437085047974897	0.9894650850613146	1.0	1.0	both	Q3_dep_excess	0.21891604675876727	0.7715196599362381												joint_grid_target
K562_essential_day7	ACH-000551	RSL24D1	179.0	10691.0	1.0	310385.0	8563.0	h5ad_obs	supplementary	ctrl	verified_via_num_features_eq_1	num_features	5.488493168965512	0.0395150868974232	0.4013862833738459	0.3199373394283484	0.2674058466265638	0.0472765795512029	2.00108050572212	45.0	-1.939879361738922	0.999955849990009	1.0	1.0	both	middle	0.6413390010626993	0.8931987247608927												joint_grid_target
K562_essential_day7	ACH-000551	RSRC2	98.0	10691.0	1.0	310385.0	8563.0	h5ad_obs	supplementary	ctrl	verified_via_num_features_eq_1	num_features	3.7716119995421176	0.0300223860205272	0.2288344425967353	0.1818694213548942	0.1555044576035884	0.0353719123867088	0.1635754353160567	4.0	-0.3897771691935056	0.3405925881062926	1.0	1.0	both	middle	0.40435706695005313	0.1785334750265675												joint_grid_target
K562_essential_day7	ACH-000551	RTCB	171.0	10691.0	1.0	310385.0	8563.0	h5ad_obs	supplementary	ctrl	verified_via_num_features_eq_1	num_features	3.1846475100539724	0.0245882206848526	0.2092475764749941	0.1638730631093065	0.1390872050369593	0.0389156715758567	0.3138538340621721	4.0	-0.977037691751214	0.9459792911927732	1.0	1.0	both	middle	0.21944739638682254	0.5595111583421891												joint_grid_target
K562_essential_day7	ACH-000551	RTEL1	140.0	10691.0	1.0	310385.0	8563.0	h5ad_obs	supplementary	ctrl	verified_via_num_features_eq_1	num_features	2.924720073539937	0.023717000531235	0.156557345649157	0.1274739741823777	0.1111890581258946	0.0313838213376016	0.0890708691381672	1.0	-0.5978638072303434	0.6881622248452925	1.0	1.0	both	middle	0.18544102019128586	0.32678002125398514												joint_grid_target
K562_essential_day7	ACH-000551	RTF1	62.0	10691.0	1.0	310385.0	8563.0	h5ad_obs	supplementary	ctrl	verified_via_num_features_eq_1	num_features	11.490130650330658	0.0832295263687891	0.7203493928182073	0.6246727241679835	0.5441802558784126	0.0438247230585634	5.956178274660729	499.0	-0.5016146111597792	0.5317078079895311	1.0	1.0	both	middle	0.9893730074388948	0.25292242295430395												joint_grid_target
K562_essential_day7	ACH-000551	RTTN	125.0	10691.0	1.0	310385.0	8563.0	h5ad_obs	supplementary	ctrl	verified_via_num_features_eq_1	num_features	3.1422610547585013	0.0254746907164061	0.1547293289346943	0.133692933855841	0.1183517956031081	0.0306438687929395	0.1644400485284283	1.0	-0.5407307886763968	0.5984015190580172	1.0	1.0	both	middle	0.25398512221041447	0.28905419766206164												joint_grid_target
K562_essential_day7	ACH-000551	RUVBL1	211.0	10691.0	1.0	310385.0	8563.0	h5ad_obs	supplementary	ctrl	verified_via_num_features_eq_1	num_features	10.385541456184294	0.073880955831518	0.6726545070432446	0.5772493159221525	0.5041708170390368	0.045622069499195	6.00315445858503	390.0	-2.9100333666870672	1.0	1.0	1.0	both	Q1_anchor	0.973432518597237	0.9609458023379384												joint_grid_target
K562_essential_day7	ACH-000551	SACM1L	193.0	10691.0	1.0	310385.0	8563.0	h5ad_obs	supplementary	ctrl	verified_via_num_features_eq_1	num_features	2.4682806261133563	0.0199640258886342	0.1413641505980638	0.1128073208724955	0.0965266323626053	0.03299386711917	0.0804913975354431	1.0	-1.5905064250883043	0.9940759472637188	1.0	1.0	both	Q3_dep_excess	0.06482465462274177	0.8177470775770457												joint_grid_target
K562_essential_day7	ACH-000551	SAE1	121.0	10691.0	1.0	310385.0	8563.0	h5ad_obs	supplementary	ctrl	verified_via_num_features_eq_1	num_features	5.268381272321219	0.0369913607827088	0.5212499090741365	0.3580788778179233	0.2707068938638133	0.056522642359245	0.7948042353566329	36.0	-1.7068979762492265	0.9979063540422998	1.0	1.0	both	middle	0.5956429330499469	0.8469713071200851												joint_grid_target
K562_essential_day7	ACH-000551	SAMM50	102.0	10691.0	1.0	310385.0	8563.0	h5ad_obs	supplementary	ctrl	verified_via_num_features_eq_1	num_features	6.754759663907982	0.0480110199636725	0.5103845912992966	0.4092309914446154	0.3371211773093104	0.0497704587449969	2.845920821142121	89.0	-0.2270082369173958	0.1337912760868468	1.0	1.0	both	Q2_shift_excess	0.7922422954303932	0.0924548352816153												joint_grid_target
K562_essential_day7	ACH-000551	SAP130	113.0	10691.0	1.0	310385.0	8563.0	h5ad_obs	supplementary	ctrl	verified_via_num_features_eq_1	num_features	3.888296006716063	0.0304696030828559	0.2495979620469766	0.1960467334608375	0.1648255733145886	0.0375696261882149	0.4179237720822062	7.0	0.0266752173738131	0.0176825493813124	1.0	1.0	both	middle	0.42401700318809776	0.012752391073326248												joint_grid_target
K562_essential_day7	ACH-000551	SAP18	57.0	10691.0	1.0	310385.0	8563.0	h5ad_obs	supplementary	ctrl	verified_via_num_features_eq_1	num_features	6.49406189389005	0.0487403647328714	0.4784472539866107	0.3837255526727768	0.3158889865215066	0.0459701589941329	1.3221508399364374	72.0	-1.2489920573120288	0.983446577011408	1.0	1.0	both	middle	0.8023379383634431	0.6987247608926673												joint_grid_target
K562_essential_day7	ACH-000551	SAP30BP	40.0	10691.0	1.0	310385.0	8563.0	h5ad_obs	supplementary	ctrl	verified_via_num_features_eq_1	num_features	6.255467952586148	0.0507348095220818	0.2956875188141484	0.2643544522485195	0.2395032313218865	0.0304245844564916	1.0181348514707746	29.0	-1.3543745138661565	0.9880511093497314	1.0	1.0	both	middle	0.822529224229543	0.7444208289054197												joint_grid_target
K562_essential_day7	ACH-000551	SARNP	93.0	10691.0	1.0	310385.0	8563.0	h5ad_obs	supplementary	ctrl	verified_via_num_features_eq_1	num_features	3.643004690480932	0.0292842727313067	0.1981571993664536	0.1639961695568072	0.1418723411793261	0.0326996663835115	0.1621395718554339	3.0	-0.3186710631687187	0.2358981522675105	1.0	1.0	both	middle	0.3884165781083953	0.14452709883103082												joint_grid_target
K562_essential_day7	ACH-000551	SARS2	163.0	10691.0	1.0	310385.0	8563.0	h5ad_obs	supplementary	ctrl	verified_via_num_features_eq_1	num_features	3.2013982335654814	0.0250835297531454	0.1981867119406306	0.1606654053812275	0.1376964273587386	0.0374005323692483	0.2744787638523576	2.0	-1.6857725234005478	0.997360708667071	1.0	1.0	both	Q3_dep_excess	0.24017003188097769	0.842720510095643												joint_grid_target
K562_essential_day7	ACH-000551	SART1	306.0	10691.0	1.0	310385.0	8563.0	h5ad_obs	supplementary	ctrl	verified_via_num_features_eq_1	num_features	6.930194315904735	0.0491479406995319	0.421663371257596	0.3704386202051654	0.329140788424371	0.0440103672506846	2.628247222343017	120.0	-1.0636818201236686	0.9616922828516072	1.0	1.0	both	middle	0.8076514346439958	0.6115834218916046												joint_grid_target
K562_essential_day7	ACH-000551	SART3	154.0	10691.0	1.0	310385.0	8563.0	h5ad_obs	supplementary	ctrl	verified_via_num_features_eq_1	num_features	5.509325339104889	0.0411587300485521	0.3465432596784697	0.2958601199077422	0.2538454012540754	0.0419728561690179	1.673199866119505	40.0	-1.149547321303946	0.9736677964059396	1.0	1.0	both	middle	0.6721572794899043	0.655154091392136												joint_grid_target
K562_essential_day7	ACH-000551	SASS6	68.0	10691.0	1.0	310385.0	8563.0	h5ad_obs	supplementary	ctrl	verified_via_num_features_eq_1	num_features	4.046415292004089	0.0330303354054404	0.2064933372948822	0.1711984037975361	0.1509526245296921	0.0302643107579184	0.2651901769988836	2.0	-0.7830925065711443	0.8759367498979259	1.0	1.0	both	middle	0.49362380446333687	0.4436769394261424												joint_grid_target
K562_essential_day7	ACH-000551	SBDS	95.0	10691.0	1.0	310385.0	8563.0	h5ad_obs	supplementary	ctrl	verified_via_num_features_eq_1	num_features	3.441515592344308	0.0281295839266887	0.1653323811133364	0.1393646365898222	0.1228205932039613	0.0289289944753475	0.115710820462624	1.0	-1.5077604043070998	0.9911248338258584	1.0	1.0	both	middle	0.35069075451647186	0.7906482465462275												joint_grid_target
K562_essential_day7	ACH-000551	SBNO1	183.0	10691.0	1.0	310385.0	8563.0	h5ad_obs	supplementary	ctrl	verified_via_num_features_eq_1	num_features	3.190747908665505	0.0242803378865816	0.2061763991933172	0.1668729938981352	0.1426165714766438	0.0401305758799671	0.1496158882590119	2.0	-1.7112305968639403	0.9980102578043792	1.0	1.0	both	Q3_dep_excess	0.21094580233793836	0.8475026567481403												joint_grid_target
K562_essential_day7	ACH-000551	SCAF1	174.0	10691.0	1.0	310385.0	8563.0	h5ad_obs	supplementary	ctrl	verified_via_num_features_eq_1	num_features	5.019747754639604	0.0364803297076402	0.3104386392371624	0.2664991027448998	0.2318845019744735	0.0426560912401498	1.1721992576340163	27.0	-0.6779016904682698	0.7898386897722491	1.0	1.0	both	middle	0.5850159404888416	0.383634431455898												joint_grid_target
K562_essential_day7	ACH-000551	SCAP	140.0	10691.0	1.0	310385.0	8563.0	h5ad_obs	supplementary	ctrl	verified_via_num_features_eq_1	num_features	3.2267029179696105	0.0248637696213585	0.24849045762656	0.1790119215345611	0.1422588216681682	0.0420396451485017	0.1698590113667784	8.0	-1.7126477514292309	0.9980422776182278	1.0	1.0	both	Q3_dep_excess	0.23113708820403825	0.8485653560042508												joint_grid_target
K562_essential_day7	ACH-000551	SCD	24.0	10691.0	1.0	310385.0	8563.0	h5ad_obs	supplementary	ctrl	verified_via_num_features_eq_1	num_features	6.401310097459247	0.0526303202483515	0.3072924670579787	0.2663664985480332	0.2379867618479043	0.0295520524913725	0.6665914116543981	24.0	-1.4577421873419525	0.9898578755765678	1.0	1.0	both	Q1_anchor	0.8485653560042508	0.7778958554729012												joint_grid_target
K562_essential_day7	ACH-000551	SCFD1	152.0	10691.0	1.0	310385.0	8563.0	h5ad_obs	supplementary	ctrl	verified_via_num_features_eq_1	num_features	3.854932448420366	0.0297498181758215	0.2140503754929784	0.1866756173126568	0.164539876506431	0.0366393145871723	0.4976781307636209	3.0	-1.1712861046239258	0.9762305556739634	1.0	1.0	both	middle	0.39638682252922425	0.6604675876726886												joint_grid_target
K562_essential_day7	ACH-000551	SCNM1	101.0	10691.0	1.0	310385.0	8563.0	h5ad_obs	supplementary	ctrl	verified_via_num_features_eq_1	num_features	3.223010489486328	0.0265359920911593	0.1451261471935619	0.1291272565641302	0.1164685120956836	0.0284136257170555	0.1048906149471005	0.0	-0.1925894804361167	0.1053149522504538	1.0	1.0	both	middle	0.2917109458023379	0.07704569606801276												joint_grid_target
K562_essential_day7	ACH-000551	SDAD1	240.0	10691.0	1.0	310385.0	8563.0	h5ad_obs	supplementary	ctrl	verified_via_num_features_eq_1	num_features	5.565978841187078	0.0384803805910399	0.4084144372335962	0.343388371231369	0.2912550957775492	0.0521063059675993	2.2010548607797453	64.0	-1.0071370363468242	0.951994452849973	1.0	1.0	both	middle	0.6232731137088204	0.5802337938363443												joint_grid_target
K562_essential_day7	ACH-000551	SDC1	170.0	10691.0	1.0	310385.0	8563.0	h5ad_obs	supplementary	ctrl	verified_via_num_features_eq_1	num_features	3.37651648503892	0.0253025316838769	0.2622141459346875	0.1918626585984898	0.1562997311316114	0.044276220443763	0.2948481901632682	6.0	-0.4065019226725754	0.3678389866294291	1.0	1.0	both	Q4_low_info	0.24920297555791712	0.18969181721572795												joint_grid_target
K562_essential_day7	ACH-000551	SDE2	151.0	10691.0	1.0	310385.0	8563.0	h5ad_obs	supplementary	ctrl	verified_via_num_features_eq_1	num_features	3.694386410395726	0.0285537530307	0.231866639007768	0.190858996886689	0.1623313926286707	0.0390295458996846	0.4441304781442881	5.0	-2.05764264369985	0.9999987762469984	1.0	1.0	both	middle	0.3671625929861849	0.9139213602550478												joint_grid_target
K562_essential_day7	ACH-000551	SDHA	62.0	10691.0	1.0	310385.0	8563.0	h5ad_obs	supplementary	ctrl	verified_via_num_features_eq_1	num_features	4.4197799247758525	0.035761087144039	0.2377691492454788	0.1977442021121732	0.1744959823665769	0.0322876997613193	0.3172069805600621	5.0	-0.385646085938053	0.3340101859128735	1.0	1.0	both	middle	0.5664187035069076	0.1769394261424017												joint_grid_target
K562_essential_day7	ACH-000551	SDHAF2	126.0	10691.0	1.0	310385.0	8563.0	h5ad_obs	supplementary	ctrl	verified_via_num_features_eq_1	num_features	2.9480785832241208	0.0239549250003959	0.1588481360554538	0.1286749070005887	0.1113098263499053	0.0313648422705499	0.1079579799098464	1.0	-0.5121546586038341	0.5499343976005708	1.0	1.0	both	middle	0.1944739638682253	0.2651434643995749												joint_grid_target
K562_essential_day7	ACH-000551	SDHC	104.0	10691.0	1.0	310385.0	8563.0	h5ad_obs	supplementary	ctrl	verified_via_num_features_eq_1	num_features	4.15736746508783	0.0320075465374806	0.2973293641825245	0.230157256706365	0.1880682218022598	0.0419871452177551	0.2485574112259314	10.0	-1.7427323410474411	0.9986501606656544	1.0	1.0	both	middle	0.46599362380446335	0.8575982996811902												joint_grid_target
K562_essential_day7	ACH-000551	SDHD	45.0	10691.0	1.0	310385.0	8563.0	h5ad_obs	supplementary	ctrl	verified_via_num_features_eq_1	num_features	4.890932519929031	0.0400290318435598	0.2348739551453219	0.1983227557088231	0.1775389737825697	0.0289295396217818	0.3288706876516176	3.0	-1.1640744606466096	0.9754011245667016	1.0	1.0	both	middle	0.6493092454835282	0.6567481402763018												joint_grid_target
K562_essential_day7	ACH-000551	SEC13	56.0	10691.0	1.0	310385.0	8563.0	h5ad_obs	supplementary	ctrl	verified_via_num_features_eq_1	num_features	6.794537512501885	0.0511762060354476	0.4064665185858835	0.3440283058569879	0.2988779678740512	0.0392527556608433	1.7354277412865675	77.0	-1.5451951376495785	0.992369594009967	1.0	1.0	both	Q1_anchor	0.8294367693942615	0.7996811902231669												joint_grid_target
K562_essential_day7	ACH-000551	SEC16A	153.0	10691.0	1.0	310385.0	8563.0	h5ad_obs	supplementary	ctrl	verified_via_num_features_eq_1	num_features	2.6735142945262145	0.0219036077313137	0.1270985446938803	0.1114824183611449	0.0994689260170299	0.0297190408113125	0.1050351833756231	0.0	-0.5035714187459908	0.5350932349155985	1.0	1.0	both	middle	0.1275239107332625	0.2561105207226355												joint_grid_target
K562_essential_day7	ACH-000551	SEC61A1	180.0	10691.0	1.0	310385.0	8563.0	h5ad_obs	supplementary	ctrl	verified_via_num_features_eq_1	num_features	5.709412231010664	0.0412363262459395	0.3519388210145187	0.2914401588542784	0.255167105946184	0.0412680063153443	1.646863451559165	35.0	-1.8073730431762152	0.9994681773888588	1.0	1.0	both	middle	0.6742826780021254	0.871413390010627												joint_grid_target
K562_essential_day7	ACH-000551	SEC61B	84.0	10691.0	1.0	310385.0	8563.0	h5ad_obs	supplementary	ctrl	verified_via_num_features_eq_1	num_features	4.023199920840578	0.0308221145421183	0.3134054006742675	0.2197715164431244	0.173840611870124	0.0416344694817135	0.3030703516288842	10.0	-0.5391814926958497	0.5958068459246579	1.0	1.0	both	middle	0.43358129649309246	0.2879914984059511												joint_grid_target
K562_essential_day7	ACH-000551	SEC61G	98.0	10691.0	1.0	310385.0	8563.0	h5ad_obs	supplementary	ctrl	verified_via_num_features_eq_1	num_features	8.223902972305071	0.059361540846646	0.4958264608606216	0.4183794269411665	0.3689390225741361	0.0411537311092258	3.48493499884235	214.0	-0.8658973786389756	0.9149437159164816	1.0	1.0	both	middle	0.9075451647183846	0.4952178533475027												joint_grid_target
K562_essential_day7	ACH-000551	SEC63	78.0	10691.0	1.0	310385.0	8563.0	h5ad_obs	supplementary	ctrl	verified_via_num_features_eq_1	num_features	4.161314001034014	0.0329709337920837	0.2706872833071069	0.203136875754728	0.1686468762951847	0.0359750645420714	0.3444628000293637	9.0	-0.1784325164525304	0.0951009245155328	1.0	1.0	both	middle	0.4904357066950053	0.07066950053134963												joint_grid_target
K562_essential_day7	ACH-000551	SEH1L	60.0	10691.0	1.0	310385.0	8563.0	h5ad_obs	supplementary	ctrl	verified_via_num_features_eq_1	num_features	6.969139818114928	0.0536499159163523	0.3668908867313655	0.3226924350671711	0.2871994580699984	0.0351207513993704	2.099384401948246	79.0	-0.2728264770141906	0.1799149430327135	1.0	1.0	both	Q2_shift_excess	0.861317747077577	0.11849096705632306												joint_grid_target
K562_essential_day7	ACH-000551	SEM1	88.0	10691.0	1.0	310385.0	8563.0	h5ad_obs	supplementary	ctrl	verified_via_num_features_eq_1	num_features	7.073860370727858	0.0510292627727323	0.526884448573156	0.4273264547359248	0.358681085299256	0.0488972625075028	1.856290476241334	103.0	-0.9455103292110756	0.9388066379563051	1.0	1.0	both	middle	0.8278427205100957	0.5398512221041445												joint_grid_target
K562_essential_day7	ACH-000551	SENP6	94.0	10691.0	1.0	310385.0	8563.0	h5ad_obs	supplementary	ctrl	verified_via_num_features_eq_1	num_features	3.3851080175296464	0.0275903272560557	0.1733865081963327	0.1434662115906874	0.1259412776738241	0.0303624518351637	0.1293359842842818	1.0	-1.086639161092943	0.9651766390657366	1.0	1.0	both	middle	0.33156216790648246	0.6238044633368757												joint_grid_target
K562_essential_day7	ACH-000551	SEPHS2	158.0	10691.0	1.0	310385.0	8563.0	h5ad_obs	supplementary	ctrl	verified_via_num_features_eq_1	num_features	2.692542118872937	0.0215770974872556	0.1546010545224569	0.119661016006554	0.1016786462288098	0.0323820040337287	0.0865696855579702	2.0	-0.6961659558899115	0.8085021329280433	1.0	1.0	both	middle	0.11477151965993623	0.39744952178533477												joint_grid_target
K562_essential_day7	ACH-000551	SEPSECS	82.0	10691.0	1.0	310385.0	8563.0	h5ad_obs	supplementary	ctrl	verified_via_num_features_eq_1	num_features	3.680446969353879	0.0303169144553331	0.1780180360149438	0.1557902230833536	0.1371112315669979	0.0300053889814735	0.1673765800513003	1.0	-0.0133325499839667	0.0250454629489202	1.0	1.0	both	middle	0.4165781083953241	0.019128586609989374												joint_grid_target
K562_essential_day7	ACH-000551	SERBP1	109.0	10691.0	1.0	310385.0	8563.0	h5ad_obs	supplementary	ctrl	verified_via_num_features_eq_1	num_features	4.199347444695286	0.0308778526618161	0.2852622992179443	0.2093895125251638	0.1726417074979733	0.0395960528793745	0.2911099668338579	3.0	-1.403281230699846	0.9889182443771553	1.0	1.0	both	middle	0.434643995749203	0.7619553666312433												joint_grid_target
K562_essential_day7	ACH-000551	SETD1A	69.0	10691.0	1.0	310385.0	8563.0	h5ad_obs	supplementary	ctrl	verified_via_num_features_eq_1	num_features	8.274559158264372	0.0591812849963531	0.6173082482485754	0.5016962951047855	0.4178994294841874	0.049499471664494	3.217915100635788	184.0	-0.5863172481768995	0.6709941711060879	1.0	1.0	both	middle	0.905951115834219	0.3198724760892667												joint_grid_target
K562_essential_day7	ACH-000551	SETD2	109.0	10691.0	1.0	310385.0	8563.0	h5ad_obs	supplementary	ctrl	verified_via_num_features_eq_1	num_features	3.461879168781999	0.0275721286842194	0.2075843355956266	0.1630067511180922	0.1387323340059922	0.0345206810449373	0.1685883070231213	3.0	-0.4434454660257402	0.4303615961936153	1.0	1.0	both	middle	0.3299681190223167	0.21891604675876727												joint_grid_target
K562_essential_day7	ACH-000551	SETDB1	124.0	10691.0	1.0	310385.0	8563.0	h5ad_obs	supplementary	ctrl	verified_via_num_features_eq_1	num_features	4.465739744501669	0.0317870874889116	0.4051785575742617	0.285041131484514	0.222179627926291	0.0523601469056063	0.6550481896971512	18.0	-0.6572640038737498	0.7666902575127006	1.0	1.0	both	middle	0.4585547290116897	0.3687566418703507												joint_grid_target
K562_essential_day7	ACH-000551	SF1	47.0	10691.0	1.0	310385.0	8563.0	h5ad_obs	supplementary	ctrl	verified_via_num_features_eq_1	num_features	5.800947849238409	0.0462978227109354	0.3038588768510696	0.2614647969099915	0.2313917671484625	0.0329759045520005	0.6587603148006949	24.0	-2.7576593636845232	1.0	1.0	1.0	both	Q1_anchor	0.767268862911796	0.9609458023379384												joint_grid_target
K562_essential_day7	ACH-000551	SF3A1	332.0	10691.0	1.0	310385.0	8563.0	h5ad_obs	supplementary	ctrl	verified_via_num_features_eq_1	num_features	2.586163810715904	0.0202654429961049	0.1416634979323025	0.1210906976523013	0.1062752383346078	0.0348898208881692	0.1980774899167432	0.0	-2.43813977452662	1.0	1.0	1.0	both	Q3_dep_excess	0.07173219978746015	0.9609458023379384												joint_grid_target
K562_essential_day7	ACH-000551	SF3A2	321.0	10691.0	1.0	310385.0	8563.0	h5ad_obs	supplementary	ctrl	verified_via_num_features_eq_1	num_features	5.7572804047763775	0.0411927366153621	0.3754380124049234	0.3151752504453389	0.2767389585273207	0.0446761275222715	1.5902201672068212	58.0	-2.0496659920270504	0.9999975786425688	1.0	1.0	both	middle	0.6726886291179596	0.9123273113708821												joint_grid_target
K562_essential_day7	ACH-000551	SF3A3	25.0	10691.0	1.0	310385.0	8563.0	h5ad_obs	supplementary	ctrl	verified_via_num_features_eq_1	num_features	8.152411572464095	0.0652059189937409	0.4181437415061038	0.3606011963600977	0.3212401875963613	0.0322912014088	1.6654440386490543	127.0	-1.8732271717747069	0.999829984818983	1.0	1.0	both	Q1_anchor	0.9436769394261424	0.8831030818278427												joint_grid_target
K562_essential_day7	ACH-000551	SF3B1	165.0	10691.0	1.0	310385.0	8563.0	h5ad_obs	supplementary	ctrl	verified_via_num_features_eq_1	num_features	4.82326605277258	0.0362740488113698	0.2963582065053308	0.2426649703749393	0.2100341080702259	0.0390620575944771	0.869487379111213	12.0	-1.0385934955273433	0.957606432270076	1.0	1.0	both	middle	0.5807651434643996	0.5988310308182784												joint_grid_target
K562_essential_day7	ACH-000551	SF3B2	500.0	10691.0	1.0	310385.0	8563.0	h5ad_obs	supplementary	ctrl	verified_via_num_features_eq_1	num_features	6.212769817558943	0.0448234687294136	0.3761684355480622	0.3199296062792893	0.2798785756635521	0.0416766717903476	1.8253749089896625	61.0	-2.0756131529903628	0.9999999598357442	1.0	1.0	both	middle	0.7438894792773645	0.9176408076514346												joint_grid_target
K562_essential_day7	ACH-000551	SF3B3	381.0	10691.0	1.0	310385.0	8563.0	h5ad_obs	supplementary	ctrl	verified_via_num_features_eq_1	num_features	6.221079290161435	0.0449077609806025	0.3749956515824439	0.3207112615025649	0.2828359772851401	0.0417000780576245	1.7775877074688928	65.0	-2.570233245371249	1.0	1.0	1.0	both	middle	0.7454835281615303	0.9609458023379384												joint_grid_target
K562_essential_day7	ACH-000551	SF3B4	238.0	10691.0	1.0	310385.0	8563.0	h5ad_obs	supplementary	ctrl	verified_via_num_features_eq_1	num_features	5.395916961484552	0.0391327702792963	0.3263048342280818	0.2826381088684468	0.2522525190245404	0.0421729698496329	1.369830868455903	39.0	-2.9249869862444235	1.0	1.0	1.0	both	middle	0.6344314558979809	0.9609458023379384												joint_grid_target
K562_essential_day7	ACH-000551	SF3B5	84.0	10691.0	1.0	310385.0	8563.0	h5ad_obs	supplementary	ctrl	verified_via_num_features_eq_1	num_features	8.94455998854544	0.066119252328443	0.5493243141557568	0.4575643250916135	0.3981989813435687	0.040408086281356	3.530493830313244	254.0	-2.731551700999407	1.0	1.0	1.0	both	Q1_anchor	0.9484590860786397	0.9609458023379384												joint_grid_target
K562_essential_day7	ACH-000551	SFPQ	303.0	10691.0	1.0	310385.0	8563.0	h5ad_obs	supplementary	ctrl	verified_via_num_features_eq_1	num_features	10.665041220124712	0.0734293068713663	0.7575552800178149	0.6068823508748432	0.5169811450964531	0.0482590912109324	5.740253482870799	407.0	-1.9515255088093568	0.9999659231330256	1.0	1.0	both	Q1_anchor	0.971307120085016	0.8947927736450585												joint_grid_target
K562_essential_day7	ACH-000551	SFSWAP	172.0	10691.0	1.0	310385.0	8563.0	h5ad_obs	supplementary	ctrl	verified_via_num_features_eq_1	num_features	4.421708801210774	0.0330469712894626	0.2833092787078254	0.232659424279511	0.2003726095368412	0.0411086340403926	0.6560140983052225	10.0	-0.5035712746442309	0.5350929856085224	1.0	1.0	both	middle	0.4962805526036132	0.2555791710945802												joint_grid_target
K562_essential_day7	ACH-000551	SGPP1	159.0	10691.0	1.0	310385.0	8563.0	h5ad_obs	supplementary	ctrl	verified_via_num_features_eq_1	num_features	2.4804990632867745	0.0205512236005391	0.1057768223883979	0.0955473401580119	0.087021729150564	0.0271471959395197	0.0695863381441679	0.0	-0.3072428781792219	0.2210509393527971	1.0	1.0	both	Q4_low_info	0.08076514346439957	0.13761955366631243												joint_grid_target
K562_essential_day7	ACH-000551	SHQ1	94.0	10691.0	1.0	310385.0	8563.0	h5ad_obs	supplementary	ctrl	verified_via_num_features_eq_1	num_features	3.415807711222805	0.0282368987780467	0.1543392714368154	0.1328820873353385	0.1196174111525214	0.0274785305650285	0.1583933863960194	1.0	-0.537491510369193	0.5929765592693735	1.0	1.0	both	middle	0.3565356004250797	0.28746014877789583												joint_grid_target
K562_essential_day7	ACH-000551	SIN3A	307.0	10691.0	1.0	310385.0	8563.0	h5ad_obs	supplementary	ctrl	verified_via_num_features_eq_1	num_features	2.847659074081856	0.0213350748528645	0.2378687974684337	0.1710763123635187	0.1354435293563112	0.0468209013085916	0.1760313839791703	8.0	-0.4347308193931833	0.4153831358436429	1.0	1.0	both	Q4_low_info	0.10467587672688629	0.21094580233793836												joint_grid_target
K562_essential_day7	ACH-000551	SKA1	68.0	10691.0	1.0	310385.0	8563.0	h5ad_obs	supplementary	ctrl	verified_via_num_features_eq_1	num_features	4.129489104001062	0.0334337409291785	0.235855674556198	0.1874005083653705	0.1603969374100056	0.0327287826588784	0.340876713553488	5.0	-0.2726809899452425	0.1797503275223372	1.0	1.0	both	middle	0.5058448459086079	0.1179596174282678												joint_grid_target
K562_essential_day7	ACH-000551	SKA3	116.0	10691.0	1.0	310385.0	8563.0	h5ad_obs	supplementary	ctrl	verified_via_num_features_eq_1	num_features	3.857814232249337	0.0297893381572762	0.2627050159216487	0.1986845012191292	0.1646101975865386	0.0389445954056816	0.4502912759870305	5.0	-0.3960667938818275	0.3507529895242485	1.0	1.0	both	middle	0.39798087141339	0.18331562167906482												joint_grid_target
K562_essential_day7	ACH-000551	SKP1	66.0	10691.0	1.0	310385.0	8563.0	h5ad_obs	supplementary	ctrl	verified_via_num_features_eq_1	num_features	6.636097739164699	0.0503192922095336	0.4089050125695556	0.3288772149694428	0.282917207933503	0.0381630716458908	1.4066887080607788	61.0	-1.3687836364873518	0.9883433294669054	1.0	1.0	both	Q1_anchor	0.8177470775770457	0.7502656748140276												joint_grid_target
K562_essential_day7	ACH-000551	SKP2	202.0	10691.0	1.0	310385.0	8563.0	h5ad_obs	supplementary	ctrl	verified_via_num_features_eq_1	num_features	2.8707519540818955	0.0216835107156952	0.2184238012734499	0.1588188579075478	0.129643276433593	0.0427677625302285	0.2887566979545397	6.0	-0.2813081321870591	0.1895117546614865	1.0	1.0	both	Q4_low_info	0.11902231668437832	0.12486716259298619												joint_grid_target
K562_essential_day7	ACH-000551	SLBP	83.0	10691.0	1.0	310385.0	8563.0	h5ad_obs	supplementary	ctrl	verified_via_num_features_eq_1	num_features	7.119087595736301	0.0489617128302133	0.6706528982414576	0.4761989261504339	0.3744764009391659	0.0567905231880432	2.8515815949299963	99.0	-0.6784767086156656	0.7904570403254954	1.0	1.0	both	middle	0.8055260361317748	0.38575982996811903												joint_grid_target
K562_essential_day7	ACH-000551	SLC16A5	179.0	10691.0	1.0	310385.0	8563.0	h5ad_obs	supplementary	ctrl	verified_via_num_features_eq_1	num_features	3.017184419604067	0.0238373092231198	0.1979468969043058	0.1535140883928959	0.1283043902378076	0.0376040886656469	0.2317439891666133	3.0	-0.4942256960465345	0.5188489572808739	1.0	1.0	both	Q4_low_info	0.1902231668437832	0.24654622741764082												joint_grid_target
K562_essential_day7	ACH-000551	SLC1A5	490.0	10691.0	1.0	310385.0	8563.0	h5ad_obs	supplementary	ctrl	verified_via_num_features_eq_1	num_features	1.5850603008323318	0.0124157647046318	0.0928503735426448	0.0710239693562882	0.0599344935483359	0.0334022349942269	0.0337396049404894	1.0	-0.2295915564357322	0.1361166549593345	1.0	1.0	both	Q4_low_info	0.002656748140276302	0.09404888416578108												joint_grid_target
K562_essential_day7	ACH-000551	SLC25A10	303.0	10691.0	1.0	310385.0	8563.0	h5ad_obs	supplementary	ctrl	verified_via_num_features_eq_1	num_features	3.3847515772830694	0.023253870964623	0.3194492783415506	0.2202105500771748	0.1692968342448347	0.0552951351445251	0.5293600285680036	12.0	-0.4467265548258768	0.4360369916826386	1.0	1.0	both	Q4_low_info	0.16843783209351754	0.22104144527098832												joint_grid_target
K562_essential_day7	ACH-000551	SLC25A26	36.0	10691.0	1.0	310385.0	8563.0	h5ad_obs	supplementary	ctrl	verified_via_num_features_eq_1	num_features	5.186410733948809	0.0428629419327701	0.2295417527473263	0.2037278336694586	0.1833937322769157	0.027753160776688	0.2681709890327841	4.0	-0.5696554558833389	0.6453003514288543	1.0	1.0	both	middle	0.7077577045696068	0.30924548352816156												joint_grid_target
K562_essential_day7	ACH-000551	SLC25A3	114.0	10691.0	1.0	310385.0	8563.0	h5ad_obs	supplementary	ctrl	verified_via_num_features_eq_1	num_features	3.3759506194763924	0.0248487071084819	0.2159261368265529	0.1499380390814913	0.1230009798113573	0.0352332000734619	0.0943657511703772	2.0	-0.7676797836581202	0.8662894040688552	1.0	1.0	both	middle	0.2290116896918172	0.4341126461211477												joint_grid_target
K562_essential_day7	ACH-000551	SLC35B1	70.0	10691.0	1.0	310385.0	8563.0	h5ad_obs	supplementary	ctrl	verified_via_num_features_eq_1	num_features	3.9656223336013614	0.0321661522211779	0.2234786695970123	0.1785936824575564	0.1532763980102628	0.0324198528748181	0.1992166350823634	6.0	-0.6926413021085895	0.8050694523533224	1.0	1.0	both	middle	0.4718384697130712	0.39638682252922425												joint_grid_target
K562_essential_day7	ACH-000551	SLC35G6	163.0	10691.0	1.0	310385.0	8563.0	h5ad_obs	supplementary	ctrl	verified_via_num_features_eq_1	num_features	2.5062929931696014	0.0207707059621477	0.1075171386873814	0.0965500686361405	0.088060146898775	0.0271422214433777	0.0555960358482252	0.0	-0.1259513523469672	0.0638782989794937	1.0	1.0	both	Q4_low_info	0.0871413390010627	0.05047821466524974												joint_grid_target
K562_essential_day7	ACH-000551	SLC39A10	153.0	10691.0	1.0	310385.0	8563.0	h5ad_obs	supplementary	ctrl	verified_via_num_features_eq_1	num_features	2.8528667133192926	0.0232526028516736	0.1601494867457334	0.1260379176813413	0.1089733000237886	0.0316499993693976	0.1271607268281691	2.0	0.0855050909209597	0.0105902485924481	1.0	1.0	both	Q4_low_info	0.16790648246546228	0.008501594048884165												joint_grid_target
K562_essential_day7	ACH-000551	SLC39A7	131.0	10691.0	1.0	310385.0	8563.0	h5ad_obs	supplementary	ctrl	verified_via_num_features_eq_1	num_features	3.50730120217038	0.0262445835581833	0.3150714563318647	0.2125760839387543	0.1643202939398104	0.0472953862579765	0.2753812842102743	10.0	-0.2641591452731388	0.1704549284010866	1.0	1.0	both	middle	0.28108395324123275	0.11211477151965994												joint_grid_target
K562_essential_day7	ACH-000551	SLC39A9	752.0	10691.0	1.0	310385.0	8563.0	h5ad_obs	supplementary	ctrl	verified_via_num_features_eq_1	num_features	2.651431187817344	0.0184708652711523	0.2221806080319261	0.1609312917990756	0.1309414216456279	0.0508741676923213	0.1762730025827732	3.0	-0.12679888039574	0.0643051476142097	1.0	1.0	both	Q4_low_info	0.032412327311370885	0.05154091392136025												joint_grid_target
K562_essential_day7	ACH-000551	SLC4A5	226.0	10691.0	1.0	310385.0	8563.0	h5ad_obs	supplementary	ctrl	verified_via_num_features_eq_1	num_features	2.189125957253117	0.0178973762136547	0.1106978845623122	0.0920835706425229	0.0810754098451984	0.0300425535656645	0.0528549194776353	1.0	-0.3150384313742524	0.2311164109626496	1.0	1.0	both	Q4_low_info	0.026567481402763018	0.1434643995749203												joint_grid_target
K562_essential_day7	ACH-000551	SLC7A5	378.0	10691.0	1.0	310385.0	8563.0	h5ad_obs	supplementary	ctrl	verified_via_num_features_eq_1	num_features	3.1797406367748744	0.0230981450514176	0.2255941167397027	0.180196602966996	0.151686764929578	0.0455526404148953	0.5637366492118652	6.0	-0.9878793199751696	0.9482300232361652	1.0	1.0	both	middle	0.16259298618490967	0.5685441020191286												joint_grid_target
K562_essential_day7	ACH-000551	SLC7A6OS	38.0	10691.0	1.0	310385.0	8563.0	h5ad_obs	supplementary	ctrl	verified_via_num_features_eq_1	num_features	7.528210787090221	0.059696400164562	0.3936140257903739	0.3437625728668346	0.3028810568946446	0.0336243972960106	1.8560950894322783	92.0	-1.2261996712403045	0.9816708599102584	1.0	1.0	both	middle	0.9112646121147715	0.6891604675876727												joint_grid_target
K562_essential_day7	ACH-000551	SLC9B1	74.0	10691.0	1.0	310385.0	8563.0	h5ad_obs	supplementary	ctrl	verified_via_num_features_eq_1	num_features	3.643661956532192	0.0301696541851569	0.1663442966793095	0.1457869198177044	0.1302634498952276	0.0282157948117254	0.1299538350810571	0.0	-0.3735929099207007	0.3150717875245326	1.0	1.0	both	middle	0.410201912858661	0.17003188097768332												joint_grid_target
K562_essential_day7	ACH-000551	SLU7	225.0	10691.0	1.0	310385.0	8563.0	h5ad_obs	supplementary	ctrl	verified_via_num_features_eq_1	num_features	12.061127161220035	0.0876930499416729	0.6750418039852837	0.5985829800675684	0.5372217258460222	0.0398568754403903	6.54400961258759	609.0	-1.7246865179128956	0.998303554459199	1.0	1.0	both	Q1_anchor	0.9941551540913921	0.8522848034006376												joint_grid_target
K562_essential_day7	ACH-000551	SMAGP	117.0	10691.0	1.0	310385.0	8563.0	h5ad_obs	supplementary	ctrl	verified_via_num_features_eq_1	num_features	3.092579362638685	0.0248441715571568	0.2085436607776171	0.1551116503677494	0.1267060377483485	0.0364555755794015	0.118997119795452	4.0	-0.2507821254817672	0.1564860873622907	1.0	1.0	both	Q4_low_info	0.22848034006376194	0.10361317747077577												joint_grid_target
K562_essential_day7	ACH-000551	SMARCB1	182.0	10691.0	1.0	310385.0	8563.0	h5ad_obs	supplementary	ctrl	verified_via_num_features_eq_1	num_features	2.7795667708179588	0.021766388491623	0.1874683636142984	0.1430883467502673	0.1185783939583771	0.038385035789133	0.0886246822675804	3.0	-0.5486277888193137	0.6114422089327611	1.0	1.0	both	middle	0.12114771519659936	0.29596174282678												joint_grid_target
K562_essential_day7	ACH-000551	SMARCE1	31.0	10691.0	1.0	310385.0	8563.0	h5ad_obs	supplementary	ctrl	verified_via_num_features_eq_1	num_features	6.776853320486292	0.0536953856297875	0.4270247353640464	0.3505297446248596	0.2926783822616515	0.0381181637176823	0.5754214216993212	60.0	-0.4933261540827857	0.517283431488065	1.0	1.0	both	Q2_shift_excess	0.8618490967056323	0.2454835281615303												joint_grid_target
K562_essential_day7	ACH-000551	SMC1A	180.0	10691.0	1.0	310385.0	8563.0	h5ad_obs	supplementary	ctrl	verified_via_num_features_eq_1	num_features	9.365548683003292	0.0644480502875919	0.7142974187740814	0.573119308665281	0.4781376025173277	0.0519253362077202	4.088568726168335	274.0	-1.4416476521698531	0.989544906253305	1.0	1.0	both	Q1_anchor	0.936769394261424	0.7720510095642933												joint_grid_target
K562_essential_day7	ACH-000551	SMC2	134.0	10691.0	1.0	310385.0	8563.0	h5ad_obs	supplementary	ctrl	verified_via_num_features_eq_1	num_features	4.180136710423042	0.0318259183119799	0.2608921920524765	0.2161762580270339	0.1863984238099515	0.0396616804904333	0.8301429593072722	7.0	-1.471944370494284	0.9901669424624332	1.0	1.0	both	middle	0.46068012752391074	0.7826780021253985												joint_grid_target
K562_essential_day7	ACH-000551	SMC3	54.0	10691.0	1.0	310385.0	8563.0	h5ad_obs	supplementary	ctrl	verified_via_num_features_eq_1	num_features	9.607485581094128	0.0701759258995307	0.654059905761354	0.5374719781319576	0.4546012247691848	0.0447210236149674	3.6908070594924656	283.0	-1.2197754335558408	0.9811197256207154	1.0	1.0	both	middle	0.963336875664187	0.6875664187035069												joint_grid_target
K562_essential_day7	ACH-000551	SMC4	340.0	10691.0	1.0	310385.0	8563.0	h5ad_obs	supplementary	ctrl	verified_via_num_features_eq_1	num_features	2.5580292413363988	0.0196074904009787	0.1727049456464934	0.1341433473319487	0.1140234910692681	0.0399476456162861	0.2954720730335491	2.0	-1.4135082747407772	0.989077223339843	1.0	1.0	both	Q3_dep_excess	0.05419766206163656	0.7651434643995749												joint_grid_target
K562_essential_day7	ACH-000551	SMC5	121.0	10691.0	1.0	310385.0	8563.0	h5ad_obs	supplementary	ctrl	verified_via_num_features_eq_1	num_features	2.974610560549297	0.024350795408519	0.1362939966360533	0.1210109537938842	0.1096749574631888	0.0290172059730337	0.1089710775766548	0.0	-0.5505882785683429	0.6146742427546388	1.0	1.0	both	middle	0.21360255047821466	0.2970244420828905												joint_grid_target
K562_essential_day7	ACH-000551	SMC6	125.0	10691.0	1.0	310385.0	8563.0	h5ad_obs	supplementary	ctrl	verified_via_num_features_eq_1	num_features	3.241816550148428	0.0256110534507912	0.1974209488747497	0.1566432240424248	0.1336185993909456	0.0357131560152346	0.2750660872657366	2.0	-0.5822221325519484	0.6648114817826434	1.0	1.0	both	middle	0.25717321997874604	0.31668437832093516												joint_grid_target
K562_essential_day7	ACH-000551	SMG5	83.0	10691.0	1.0	310385.0	8563.0	h5ad_obs	supplementary	ctrl	verified_via_num_features_eq_1	num_features	8.040337998924528	0.0491051223837854	1.0604202080233205	0.6468287981961403	0.4506980182783222	0.0769142146485297	1.4845715670417512	78.0	-0.7503863390153933	0.8544156644817333	1.0	1.0	both	middle	0.8071200850159405	0.42401700318809776												joint_grid_target
K562_essential_day7	ACH-000551	SMG6	54.0	10691.0	1.0	310385.0	8563.0	h5ad_obs	supplementary	ctrl	verified_via_num_features_eq_1	num_features	4.534721309225676	0.0367766042115008	0.2645439763072307	0.2087676658549414	0.1780174191722368	0.0331463468020625	0.2748670093901921	7.0	-0.7808737422649538	0.8746162118314431	1.0	1.0	both	middle	0.5903294367693943	0.4410201912858661												joint_grid_target
K562_essential_day7	ACH-000551	SMU1	155.0	10691.0	1.0	310385.0	8563.0	h5ad_obs	supplementary	ctrl	verified_via_num_features_eq_1	num_features	7.6090193818865695	0.0553097761678782	0.4824940957598415	0.4153499236054334	0.3648861205563831	0.0438486567981523	2.803126243237444	150.0	-3.4543612574494307	1.0	1.0	1.0	both	Q1_anchor	0.8772582359192349	0.9609458023379384												joint_grid_target
K562_essential_day7	ACH-000551	SMUG1	71.0	10691.0	1.0	310385.0	8563.0	h5ad_obs	supplementary	ctrl	verified_via_num_features_eq_1	num_features	4.592504369100097	0.0357660594947416	0.3088720693527246	0.2367563000395393	0.1956327929552305	0.0386522259821327	0.6091796561935112	10.0	-0.0491261635793232	0.0340424038633741	1.0	1.0	both	middle	0.5674814027630181	0.02922422954303932												joint_grid_target
K562_essential_day7	ACH-000551	SNAPC1	96.0	10691.0	1.0	310385.0	8563.0	h5ad_obs	supplementary	ctrl	verified_via_num_features_eq_1	num_features	7.599088355813442	0.0546006712493324	0.5598449383097404	0.4408083188688259	0.3704140483005749	0.0471406818909045	3.0280928667075315	140.0	-1.756137302319414	0.9988701036013008	1.0	1.0	both	Q1_anchor	0.8724760892667375	0.8586609989373007												joint_grid_target
K562_essential_day7	ACH-000551	SNAPC2	72.0	10691.0	1.0	310385.0	8563.0	h5ad_obs	supplementary	ctrl	verified_via_num_features_eq_1	num_features	5.212836420062813	0.0395780082747344	0.3813305017057946	0.2872465507055511	0.2335082556529216	0.0423784382330621	0.7852765701776487	22.0	-0.9531943315513888	0.9406548309338484	1.0	1.0	both	middle	0.6424017003188098	0.5472901168969182												joint_grid_target
K562_essential_day7	ACH-000551	SNAPC3	212.0	10691.0	1.0	310385.0	8563.0	h5ad_obs	supplementary	ctrl	verified_via_num_features_eq_1	num_features	3.660812942978381	0.0262258811174969	0.3212002543216468	0.2250480193882722	0.1768045824569125	0.0501059346029368	0.4877766512520765	7.0	-0.8698496568206946	0.9163898643270678	1.0	1.0	both	middle	0.28002125398512223	0.49787460148777896												joint_grid_target
K562_essential_day7	ACH-000551	SNAPC4	104.0	10691.0	1.0	310385.0	8563.0	h5ad_obs	supplementary	ctrl	verified_via_num_features_eq_1	num_features	3.555781483262218	0.0287028234911875	0.1939261874653735	0.1581745628887967	0.1379631557453464	0.0321777803636341	0.2038748328466653	2.0	-0.9274403328684786	0.9342014510983134	1.0	1.0	both	middle	0.37353878852284805	0.5270988310308182												joint_grid_target
K562_essential_day7	ACH-000551	SNAPC5	102.0	10691.0	1.0	310385.0	8563.0	h5ad_obs	supplementary	ctrl	verified_via_num_features_eq_1	num_features	4.04824325375091	0.0317431250221143	0.2704820416719153	0.2089265507432981	0.1721322971638393	0.0384315601359529	0.4539828792478051	9.0	-0.966294091609494	0.9436460697592484	1.0	1.0	both	middle	0.45642933049946866	0.5536663124335813												joint_grid_target
K562_essential_day7	ACH-000551	SNF8	132.0	10691.0	1.0	310385.0	8563.0	h5ad_obs	supplementary	ctrl	verified_via_num_features_eq_1	num_features	2.922558402131456	0.0232337977967781	0.1862088391016397	0.1351198603782482	0.1120705037093543	0.0339580734010106	0.0928840273450593	3.0	-0.6905189818171005	0.8029497915454146	1.0	1.0	both	middle	0.16684378320935175	0.39479277364505844												joint_grid_target
K562_essential_day7	ACH-000551	SNIP1	45.0	10691.0	1.0	310385.0	8563.0	h5ad_obs	supplementary	ctrl	verified_via_num_features_eq_1	num_features	6.379087951707263	0.0501322675873278	0.3490715263220655	0.3035747856685679	0.2654954693151867	0.0353583840191381	1.3411831071495597	48.0	-0.6464142996017859	0.7536452098491735	1.0	1.0	both	middle	0.8172157279489904	0.3618490967056323												joint_grid_target
K562_essential_day7	ACH-000551	SNRNP200	169.0	10691.0	1.0	310385.0	8563.0	h5ad_obs	supplementary	ctrl	verified_via_num_features_eq_1	num_features	6.947556565780661	0.0507420970580923	0.4153617232676053	0.3651844242447861	0.3248550451422267	0.0420230813993982	2.4889450174156824	108.0	-3.2058260554942226	1.0	1.0	1.0	both	Q1_anchor	0.8230605738575983	0.9609458023379384												joint_grid_target
K562_essential_day7	ACH-000551	SNRNP25	135.0	10691.0	1.0	310385.0	8563.0	h5ad_obs	supplementary	ctrl	verified_via_num_features_eq_1	num_features	3.881323173081325	0.0290685424794058	0.3044872187507014	0.2232915403802896	0.1788113740855547	0.0448531629089728	0.3951469483551495	10.0	-1.6956162484624295	0.9976250050048476	1.0	1.0	both	middle	0.3831030818278427	0.8453772582359192												joint_grid_target
K562_essential_day7	ACH-000551	SNRNP27	47.0	10691.0	1.0	310385.0	8563.0	h5ad_obs	supplementary	ctrl	verified_via_num_features_eq_1	num_features	6.781634466096377	0.0529999937983606	0.4046445885527236	0.336020768870566	0.2902184018056704	0.0370198251129865	0.981073159838056	69.0	-1.0906227116796718	0.9657626981494356	1.0	1.0	both	middle	0.8533475026567482	0.6253985122210415												joint_grid_target
K562_essential_day7	ACH-000551	SNRNP35	168.0	10691.0	1.0	310385.0	8563.0	h5ad_obs	supplementary	ctrl	verified_via_num_features_eq_1	num_features	4.915733235279716	0.0358443504829001	0.3244650017576506	0.268177175590821	0.2306495679597387	0.0436862893242145	1.007599251731941	22.0	-1.3930228565497065	0.988757996831783	1.0	1.0	both	middle	0.5706695005313497	0.7598299681190224												joint_grid_target
K562_essential_day7	ACH-000551	SNRNP40	210.0	10691.0	1.0	310385.0	8563.0	h5ad_obs	supplementary	ctrl	verified_via_num_features_eq_1	num_features	2.742627821604365	0.0208314817887477	0.1920669898568407	0.1420807200307987	0.1159996141470044	0.0398252991115145	0.1127487492528303	3.0	-0.6730374299273836	0.7846078666926422	1.0	1.0	both	middle	0.08926673751328375	0.3799149840595112												joint_grid_target
K562_essential_day7	ACH-000551	SNRNP48	191.0	10691.0	1.0	310385.0	8563.0	h5ad_obs	supplementary	ctrl	verified_via_num_features_eq_1	num_features	5.807200599116063	0.0407047940612806	0.412790501850766	0.335274701430764	0.2868948757755269	0.0480949284414462	1.512705425929468	57.0	0.0694724828345175	0.0121675366385731	1.0	1.0	both	middle	0.665249734325186	0.009564293304994687												joint_grid_target
K562_essential_day7	ACH-000551	SNRNP70	129.0	10691.0	1.0	310385.0	8563.0	h5ad_obs	supplementary	ctrl	verified_via_num_features_eq_1	num_features	8.962959910251428	0.0647949007706645	0.5881787670607679	0.4920168255040004	0.4287177855902483	0.0443387235066308	3.3325869424244683	260.0	-0.7233667060849369	0.8332578876999185	1.0	1.0	both	middle	0.9383634431455898	0.40913921360255046												joint_grid_target
K562_essential_day7	ACH-000551	SNRPA1	159.0	10691.0	1.0	310385.0	8563.0	h5ad_obs	supplementary	ctrl	verified_via_num_features_eq_1	num_features	8.170018584759354	0.0598549291769824	0.4949135545654275	0.4177664359974059	0.3647375227281793	0.0407546984621586	3.088509180422129	178.0	-2.4236636777417977	1.0	1.0	1.0	both	Q1_anchor	0.9128586609989373	0.9609458023379384												joint_grid_target
K562_essential_day7	ACH-000551	SNRPB	269.0	10691.0	1.0	310385.0	8563.0	h5ad_obs	supplementary	ctrl	verified_via_num_features_eq_1	num_features	5.113693349076862	0.0365490449316764	0.3365619679422558	0.282674632832503	0.2430012469394784	0.0451600968062394	1.286452008019868	32.0	-2.05155235208126	0.9999978746095218	1.0	1.0	both	middle	0.5871413390010627	0.9133900106269925												joint_grid_target
K562_essential_day7	ACH-000551	SNRPC	34.0	10691.0	1.0	310385.0	8563.0	h5ad_obs	supplementary	ctrl	verified_via_num_features_eq_1	num_features	9.737600508144473	0.0737286510908051	0.6184057082608636	0.5093829768805826	0.4382350229415662	0.040341514564912	2.936874623283167	279.0	-1.143633007835967	0.972935734876648	1.0	1.0	both	middle	0.9723698193411264	0.6519659936238045												joint_grid_target
K562_essential_day7	ACH-000551	SNRPD1	146.0	10691.0	1.0	310385.0	8563.0	h5ad_obs	supplementary	ctrl	verified_via_num_features_eq_1	num_features	10.489210475301356	0.0738903087447531	0.6793235110635977	0.5832504913064154	0.5080808955484474	0.0460905289633711	5.89197149652675	386.0	-3.239305006508126	1.0	1.0	1.0	both	Q1_anchor	0.9739638682252922	0.9609458023379384												joint_grid_target
K562_essential_day7	ACH-000551	SNRPE	184.0	10691.0	1.0	310385.0	8563.0	h5ad_obs	supplementary	ctrl	verified_via_num_features_eq_1	num_features	9.156952260044816	0.0652917043619859	0.5841624799952437	0.495521535634629	0.4316758212878988	0.044314779094936	4.3361488039553535	283.0	-1.8059712505568537	0.9994562585754196	1.0	1.0	both	Q1_anchor	0.9442082890541976	0.8698193411264612												joint_grid_target
K562_essential_day7	ACH-000551	SNRPF	130.0	10691.0	1.0	310385.0	8563.0	h5ad_obs	supplementary	ctrl	verified_via_num_features_eq_1	num_features	11.268158538122943	0.080390908027459	0.6976150025044051	0.6005215322588502	0.5295773694032041	0.0436179961933908	6.497974296257485	478.0	-4.046372224070916	1.0	1.0	1.0	both	Q1_anchor	0.9835281615302869	0.9609458023379384												joint_grid_target
K562_essential_day7	ACH-000551	SNRPG	402.0	10691.0	1.0	310385.0	8563.0	h5ad_obs	supplementary	ctrl	verified_via_num_features_eq_1	num_features	6.679284575657344	0.0471156567721063	0.4377729834609581	0.3660500058811338	0.3197802468677829	0.0453648238749665	2.485590562021056	105.0	-2.0592957725957453	0.9999990209547298	1.0	1.0	both	Q1_anchor	0.7810839532412327	0.9149840595111584												joint_grid_target
K562_essential_day7	ACH-000551	SNUPN	139.0	10691.0	1.0	310385.0	8563.0	h5ad_obs	supplementary	ctrl	verified_via_num_features_eq_1	num_features	2.863295609905047	0.0233400921785803	0.1477203834468209	0.1227890151665875	0.1077793232890522	0.0307185710476723	0.099595856777551	1.0	-0.9751938327138474	0.9455872755665248	1.0	1.0	both	middle	0.17003188097768332	0.5584484590860787												joint_grid_target
K562_essential_day7	ACH-000551	SNW1	226.0	10691.0	1.0	310385.0	8563.0	h5ad_obs	supplementary	ctrl	verified_via_num_features_eq_1	num_features	3.076773815999489	0.0241042751265566	0.1687168025714197	0.144710517510742	0.1276913067049795	0.0350550088602422	0.2869279871476458	1.0	-1.6655847448235717	0.9967652949599362	1.0	1.0	both	Q3_dep_excess	0.20244420828905418	0.8358129649309245												joint_grid_target
K562_essential_day7	ACH-000551	SNX15	637.0	10691.0	1.0	310385.0	8563.0	h5ad_obs	supplementary	ctrl	verified_via_num_features_eq_1	num_features	2.182965605588235	0.0160492959462632	0.1481346878681101	0.1212836310663323	0.1025099537979792	0.0441255636020835	0.221310800229606	2.0	-0.1915720251301048	0.1045324383100079	1.0	1.0	both	Q4_low_info	0.011689691817215728	0.0765143464399575												joint_grid_target
K562_essential_day7	ACH-000551	SOD1	165.0	10691.0	1.0	310385.0	8563.0	h5ad_obs	supplementary	ctrl	verified_via_num_features_eq_1	num_features	3.14458440462232	0.0227768087997827	0.2093243436753941	0.1496228175706033	0.1207251550314897	0.0383573868809978	0.1054010418914401	1.0	-1.210962262864714	0.9803244096678908	1.0	1.0	both	middle	0.1567481402763018	0.6811902231668437												joint_grid_target
K562_essential_day7	ACH-000551	SOD2	198.0	10691.0	1.0	310385.0	8563.0	h5ad_obs	supplementary	ctrl	verified_via_num_features_eq_1	num_features	2.409923395082852	0.0194385529037449	0.1308129380585413	0.1050546048541027	0.0914364043065796	0.0315569646250944	0.0806453585253379	1.0	-0.9430059488209972	0.9381985089305298	1.0	1.0	both	middle	0.048884165781083955	0.538788522848034												joint_grid_target
K562_essential_day7	ACH-000551	SON	515.0	10691.0	1.0	310385.0	8563.0	h5ad_obs	supplementary	ctrl	verified_via_num_features_eq_1	num_features	6.588687886441135	0.0447097420409071	0.4736891003779923	0.3974297383475917	0.3363820434347232	0.0519041707574236	1.9139359341014384	108.0	-0.8967888566334288	0.925385570805432	1.0	1.0	both	middle	0.7391073326248672	0.5138150903294367												joint_grid_target
K562_essential_day7	ACH-000551	SP2	118.0	10691.0	1.0	310385.0	8563.0	h5ad_obs	supplementary	ctrl	verified_via_num_features_eq_1	num_features	3.596418241039906	0.0277150258506187	0.25709882211961	0.1944919929349928	0.1578815943419303	0.040976088471668	0.1156294540147389	5.0	-0.2193024771647326	0.1269558149029626	1.0	1.0	both	middle	0.33581296493092455	0.08767268862911796												joint_grid_target
K562_essential_day7	ACH-000551	SPC24	98.0	10691.0	1.0	310385.0	8563.0	h5ad_obs	supplementary	ctrl	verified_via_num_features_eq_1	num_features	8.823444076152798	0.0625977316803288	0.5498407459683559	0.4755017602393722	0.4234730097997566	0.0443544903173834	4.054485579232619	267.0	-3.172320509223517	1.0	1.0	1.0	both	Q1_anchor	0.9234856535600425	0.9609458023379384												joint_grid_target
K562_essential_day7	ACH-000551	SPC25	199.0	10691.0	1.0	310385.0	8563.0	h5ad_obs	supplementary	ctrl	verified_via_num_features_eq_1	num_features	9.016915278908344	0.0623758968547908	0.5749315313877472	0.5033907166845342	0.4402845547263879	0.0471229488118966	4.533249875345565	295.0	-1.539973519867631	0.9921828626431816	1.0	1.0	both	Q1_anchor	0.9229543039319873	0.7991498405951116												joint_grid_target
K562_essential_day7	ACH-000551	SPCS2	122.0	10691.0	1.0	310385.0	8563.0	h5ad_obs	supplementary	ctrl	verified_via_num_features_eq_1	num_features	3.554011446481536	0.0270292517211114	0.2667382760661153	0.1884990866725364	0.1515089337602235	0.0407210799961951	0.2915979210627437	7.0	-0.9852085771722828	0.9476851579210132	1.0	1.0	both	middle	0.310308182784272	0.5658873538788523												joint_grid_target
K562_essential_day7	ACH-000551	SPCS3	167.0	10691.0	1.0	310385.0	8563.0	h5ad_obs	supplementary	ctrl	verified_via_num_features_eq_1	num_features	3.082896432251325	0.0231631691681551	0.2701103304970598	0.1863498767529594	0.1436736353646177	0.0469759088476954	0.2554655935075782	8.0	-0.9402838777466166	0.9375225312546084	1.0	1.0	both	middle	0.1647183846971307	0.5377258235919234												joint_grid_target
K562_essential_day7	ACH-000551	SPDL1	88.0	10691.0	1.0	310385.0	8563.0	h5ad_obs	supplementary	ctrl	verified_via_num_features_eq_1	num_features	3.601857509065204	0.0293217856991087	0.1970163819642227	0.1582837893610291	0.1369001878130454	0.0315202812397924	0.2047588826162663	4.0	-0.9970733348004877	0.9500619829931954	1.0	1.0	both	middle	0.3900106269925611	0.5717321997874601												joint_grid_target
K562_essential_day7	ACH-000551	SPRTN	139.0	10691.0	1.0	310385.0	8563.0	h5ad_obs	supplementary	ctrl	verified_via_num_features_eq_1	num_features	2.821824921181812	0.022982611042932	0.1495455720662578	0.121764262814102	0.106412411467181	0.0309360269198074	0.1362441321391791	0.0	-0.8077675267677288	0.8895989436447076	1.0	1.0	both	middle	0.16046758767268862	0.45908607863974493												joint_grid_target
K562_essential_day7	ACH-000551	SPTLC1	28.0	10691.0	1.0	310385.0	8563.0	h5ad_obs	supplementary	ctrl	verified_via_num_features_eq_1	num_features	5.807094965362084	0.047739857717819	0.2711572596818883	0.2362641809639699	0.2122249199141538	0.0288975367710514	0.4590781790968368	12.0	-0.7946199339045725	0.882564830843434	1.0	1.0	both	middle	0.7874601487778958	0.4500531349628055												joint_grid_target
K562_essential_day7	ACH-000551	SPTSSA	124.0	10691.0	1.0	310385.0	8563.0	h5ad_obs	supplementary	ctrl	verified_via_num_features_eq_1	num_features	2.936620666222901	0.0237619394420136	0.1424281018654414	0.1198731460838247	0.1071486606293981	0.0294566991480932	0.1191125222052065	1.0	-0.1341336225065936	0.068086550314336	1.0	1.0	both	Q4_low_info	0.18703506907545164	0.0536663124335813												joint_grid_target
K562_essential_day7	ACH-000551	SRBD1	150.0	10691.0	1.0	310385.0	8563.0	h5ad_obs	supplementary	ctrl	verified_via_num_features_eq_1	num_features	4.013394085388614	0.030510904076033	0.2388743209797443	0.2036805088268121	0.1775434014728583	0.0389796966536427	0.7635509767930291	5.0	-1.2912949282671176	0.9859550392070224	1.0	1.0	both	middle	0.4256110520722636	0.7178533475026567												joint_grid_target
K562_essential_day7	ACH-000551	SRCAP	194.0	10691.0	1.0	310385.0	8563.0	h5ad_obs	supplementary	ctrl	verified_via_num_features_eq_1	num_features	2.780886583154363	0.0215763702499916	0.1948373298992934	0.1428663635550009	0.1175409644724912	0.0386630102765062	0.1251170436839768	4.0	-0.8122427436646484	0.8918975593508325	1.0	1.0	both	middle	0.11424017003188097	0.461211477151966												joint_grid_target
K562_essential_day7	ACH-000551	SRF	123.0	10691.0	1.0	310385.0	8563.0	h5ad_obs	supplementary	ctrl	verified_via_num_features_eq_1	num_features	3.0606151311232184	0.0248106703174763	0.1694346520113674	0.134657032458383	0.1154957597704022	0.0316909020968819	0.1197095543725037	3.0	-0.4384483710739779	0.4217615327434129	1.0	1.0	both	Q4_low_info	0.2263549415515409	0.2146652497343252												joint_grid_target
K562_essential_day7	ACH-000551	SRFBP1	76.0	10691.0	1.0	310385.0	8563.0	h5ad_obs	supplementary	ctrl	verified_via_num_features_eq_1	num_features	6.17658556490432	0.0462672541740917	0.420409507163672	0.3453361867946459	0.2949332592869866	0.0435825285541145	2.027776580788519	71.0	-0.6678270324727229	0.7788128345315739	1.0	1.0	both	middle	0.7667375132837407	0.37619553666312433												joint_grid_target
K562_essential_day7	ACH-000551	SRP14	132.0	10691.0	1.0	310385.0	8563.0	h5ad_obs	supplementary	ctrl	verified_via_num_features_eq_1	num_features	3.576603726872152	0.0257632170935011	0.3191482013664118	0.2040938389069731	0.1548085265914069	0.0462566164218674	0.2475788030958945	8.0	-0.7819712406127572	0.8752819621918525	1.0	1.0	both	middle	0.26620616365568545	0.44155154091392135												joint_grid_target
K562_essential_day7	ACH-000551	SRP19	124.0	10691.0	1.0	310385.0	8563.0	h5ad_obs	supplementary	ctrl	verified_via_num_features_eq_1	num_features	3.4510807891997954	0.0274307965635608	0.1879013864167185	0.1556704382683728	0.1362738707439169	0.0331368932839681	0.3196357746310774	2.0	-1.3264476159417968	0.9873175060078928	1.0	1.0	both	middle	0.3235919234856536	0.7332624867162593												joint_grid_target
K562_essential_day7	ACH-000551	SRP54	81.0	10691.0	1.0	310385.0	8563.0	h5ad_obs	supplementary	ctrl	verified_via_num_features_eq_1	num_features	5.243177794527552	0.0407151778503869	0.2965933139279574	0.2494989323223511	0.2173592601019554	0.0357813247478508	0.9779119006555508	16.0	-2.009797168263103	0.9999913118508528	1.0	1.0	both	middle	0.6657810839532412	0.905951115834219												joint_grid_target
K562_essential_day7	ACH-000551	SRP68	171.0	10691.0	1.0	310385.0	8563.0	h5ad_obs	supplementary	ctrl	verified_via_num_features_eq_1	num_features	5.90279037554295	0.0427814768506157	0.3579881716453937	0.3083064299358088	0.268601692086133	0.0420795289879058	1.819100678268676	50.0	-0.9516240829454828	0.9402905731070228	1.0	1.0	both	middle	0.70403825717322	0.5456960680127524												joint_grid_target
K562_essential_day7	ACH-000551	SRP72	224.0	10691.0	1.0	310385.0	8563.0	h5ad_obs	supplementary	ctrl	verified_via_num_features_eq_1	num_features	3.279705057055275	0.0242654733439606	0.2215086862545239	0.1662403861747942	0.1386714596614392	0.0400029327345009	0.337066302686237	3.0	-0.5753033962641084	0.6541193167927626	1.0	1.0	both	middle	0.2104144527098831	0.31296493092454836												joint_grid_target
K562_essential_day7	ACH-000551	SRP9	168.0	10691.0	1.0	310385.0	8563.0	h5ad_obs	supplementary	ctrl	verified_via_num_features_eq_1	num_features	3.444817015188129	0.0239131709092138	0.3211488005129844	0.2052953845885138	0.1550813196828983	0.0501286580059816	0.2097313107732201	7.0	-0.9185907376302472	0.9317969314742848	1.0	1.0	both	middle	0.19234856535600425	0.524442082890542												joint_grid_target
K562_essential_day7	ACH-000551	SRPRB	164.0	10691.0	1.0	310385.0	8563.0	h5ad_obs	supplementary	ctrl	verified_via_num_features_eq_1	num_features	4.041979039228699	0.0309468566330823	0.2495928041165083	0.2024444920590366	0.1726685795673369	0.0381973718625863	0.7077592908666883	7.0	-0.5199657138199019	0.5633355840044466	1.0	1.0	both	middle	0.43730074388947926	0.2720510095642933												joint_grid_target
K562_essential_day7	ACH-000551	SRRM1	180.0	10691.0	1.0	310385.0	8563.0	h5ad_obs	supplementary	ctrl	verified_via_num_features_eq_1	num_features	4.835280169925181	0.0334575525168005	0.4187789049466264	0.3175856843308611	0.2559701625318248	0.0554256518777441	0.5742980123448174	37.0	-0.7025301293422894	0.8146524331298558	1.0	1.0	both	middle	0.5069075451647184	0.40170031880977686												joint_grid_target
K562_essential_day7	ACH-000551	SRRM2	173.0	10691.0	1.0	310385.0	8563.0	h5ad_obs	supplementary	ctrl	verified_via_num_features_eq_1	num_features	3.9869909774192496	0.0281485017172867	0.3568845563186596	0.25826115932379	0.2032685474606991	0.0535732351724621	0.3380625850562673	14.0	-0.2423857350580877	0.1481615862915805	1.0	1.0	both	middle	0.3522848034006376	0.10148777895855472												joint_grid_target
K562_essential_day7	ACH-000551	SRRT	307.0	10691.0	1.0	310385.0	8563.0	h5ad_obs	supplementary	ctrl	verified_via_num_features_eq_1	num_features	9.259662671872162	0.0630140506567881	0.7266521647121961	0.5717966691039309	0.4786852109878331	0.0529844320845799	3.370479730034217	263.0	-0.9728683781589228	0.9450928698092588	1.0	1.0	both	middle	0.9261424017003188	0.5573857598299681												joint_grid_target
K562_essential_day7	ACH-000551	SRSF1	159.0	10691.0	1.0	310385.0	8563.0	h5ad_obs	supplementary	ctrl	verified_via_num_features_eq_1	num_features	7.647224192848745	0.0547459777536884	0.5537215395554915	0.4494684189569817	0.376935957028953	0.0479392268945978	1.6571761371161884	142.0	-1.99762627263692	0.9999882605153672	1.0	1.0	both	Q1_anchor	0.8740701381509033	0.9022316684378321												joint_grid_target
K562_essential_day7	ACH-000551	SRSF10	133.0	10691.0	1.0	310385.0	8563.0	h5ad_obs	supplementary	ctrl	verified_via_num_features_eq_1	num_features	4.341840942163007	0.0321425694035635	0.3360485318931118	0.2454308208413321	0.1978255871379896	0.0445853899986632	0.4778574590003508	12.0	-1.4763344830111296	0.9902726882635312	1.0	1.0	both	middle	0.47024442082890544	0.7853347502656748												joint_grid_target
K562_essential_day7	ACH-000551	SRSF11	437.0	10691.0	1.0	310385.0	8563.0	h5ad_obs	supplementary	ctrl	verified_via_num_features_eq_1	num_features	1.798267370349661	0.0142799826379922	0.1117180589576268	0.0870060455259546	0.073768989125267	0.0355767122434984	0.0440507407731285	1.0	-1.0771249206048448	0.9637588084479266	1.0	1.0	both	middle	0.005844845908607864	0.6179596174282678												joint_grid_target
K562_essential_day7	ACH-000551	SRSF2	69.0	10691.0	1.0	310385.0	8563.0	h5ad_obs	supplementary	ctrl	verified_via_num_features_eq_1	num_features	5.647866923423226	0.0426493803804896	0.4101453053685727	0.3200144219213015	0.2645478981039282	0.0438127875006138	0.6805505191837788	40.0	-3.4754401550070573	1.0	1.0	1.0	both	middle	0.7008501594048884	0.9609458023379384												joint_grid_target
K562_essential_day7	ACH-000551	SRSF3	29.0	10691.0	1.0	310385.0	8563.0	h5ad_obs	supplementary	ctrl	verified_via_num_features_eq_1	num_features	12.050735588173882	0.0898243302775474	0.7208947212217698	0.6257884634067933	0.5523871182930985	0.0406796890921856	3.9086727493321582	531.0	-3.425069027653131	1.0	1.0	1.0	both	Q1_anchor	0.9952178533475027	0.9609458023379384												joint_grid_target
K562_essential_day7	ACH-000551	SRSF6	231.0	10691.0	1.0	310385.0	8563.0	h5ad_obs	supplementary	ctrl	verified_via_num_features_eq_1	num_features	2.3307527213516623	0.0188529503083361	0.1232635954117103	0.1031473054615359	0.0903493867517034	0.0319464514637224	0.0687760354787361	1.0	-0.5727492790824092	0.6501626501573087	1.0	1.0	both	middle	0.040382571732199786	0.31137088204038255												joint_grid_target
K562_essential_day7	ACH-000551	SRSF7	118.0	10691.0	1.0	310385.0	8563.0	h5ad_obs	supplementary	ctrl	verified_via_num_features_eq_1	num_features	6.256027189215412	0.0452396393257064	0.4380986976233721	0.3555468412970615	0.3031185346975191	0.0458903902743089	0.9013597063696696	75.0	-2.381975761237769	1.0	1.0	1.0	both	Q1_anchor	0.7518597236981934	0.9609458023379384												joint_grid_target
K562_essential_day7	ACH-000551	SS18L2	144.0	10691.0	1.0	310385.0	8563.0	h5ad_obs	supplementary	ctrl	verified_via_num_features_eq_1	num_features	3.554278441853897	0.027501341058134	0.2302236307431702	0.180777588032437	0.1530152708905173	0.0383826341039354	0.315924590763661	3.0	-2.2906492599775627	1.0	1.0	1.0	both	middle	0.3257173219978746	0.9609458023379384												joint_grid_target
K562_essential_day7	ACH-000551	SSBP1	119.0	10691.0	1.0	310385.0	8563.0	h5ad_obs	supplementary	ctrl	verified_via_num_features_eq_1	num_features	6.435956881430946	0.0334408123152974	0.9459703530036084	0.5117200297338522	0.3417949924957394	0.0893510495725881	1.2562138732375256	23.0	-1.1286559829026932	0.9710180145258924	1.0	1.0	both	middle	0.5063761955366631	0.6429330499468651												joint_grid_target
K562_essential_day7	ACH-000551	SSBP3	107.0	10691.0	1.0	310385.0	8563.0	h5ad_obs	supplementary	ctrl	verified_via_num_features_eq_1	num_features	3.296138031481519	0.0270737455994392	0.158482311534356	0.1371881281833491	0.1222655547988944	0.0295877708921473	0.1401439330186882	0.0	-0.643321319874574	0.7498434308005713	1.0	1.0	both	middle	0.31243358129649307	0.3602550478214665												joint_grid_target
K562_essential_day7	ACH-000551	SSRP1	562.0	10691.0	1.0	310385.0	8563.0	h5ad_obs	supplementary	ctrl	verified_via_num_features_eq_1	num_features	7.1529548380101495	0.0481911464922865	0.4671745551884105	0.4002898018829864	0.3535505801900352	0.048501070866461	2.462996080966489	155.0	-1.3816259002602933	0.9885729267065476	1.0	1.0	both	Q1_anchor	0.7948990435706695	0.7561105207226355												joint_grid_target
K562_essential_day7	ACH-000551	SSU72	85.0	10691.0	1.0	310385.0	8563.0	h5ad_obs	supplementary	ctrl	verified_via_num_features_eq_1	num_features	5.811537917376261	0.0439923839757681	0.4146981745140803	0.3236670422111969	0.2679575527376596	0.0429600761084929	1.1765379571827417	40.0	-1.670087845378846	0.996905322875566	1.0	1.0	both	middle	0.7268862911795961	0.8384697130712009												joint_grid_target
K562_essential_day7	ACH-000551	STARD7	117.0	10691.0	1.0	310385.0	8563.0	h5ad_obs	supplementary	ctrl	verified_via_num_features_eq_1	num_features	3.86947869079962	0.0285779270467568	0.3627111687052479	0.2417540107328714	0.1846743577387215	0.0493954589425108	0.3814044089569162	14.0	-0.6985446586762405	0.8108187652426656	1.0	1.0	both	middle	0.3687566418703507	0.39798087141339												joint_grid_target
K562_essential_day7	ACH-000551	STAT5A	204.0	10691.0	1.0	310385.0	8563.0	h5ad_obs	supplementary	ctrl	verified_via_num_features_eq_1	num_features	2.4629003389736464	0.0195860576659676	0.1598673449771772	0.1237875797792708	0.1035959106499536	0.0369040562388957	0.1376367410469399	2.0	-0.2677060344324123	0.174302017348414	1.0	1.0	both	Q4_low_info	0.052603613177470775	0.11689691817215728												joint_grid_target
K562_essential_day7	ACH-000551	STIL	171.0	10691.0	1.0	310385.0	8563.0	h5ad_obs	supplementary	ctrl	verified_via_num_features_eq_1	num_features	2.8408417435125712	0.0227032251766746	0.1591276902827205	0.1264758805455475	0.1105347993229591	0.0325285133674318	0.174001558482379	3.0	-0.6817503251459545	0.7939678786796509	1.0	1.0	both	middle	0.15409139213602552	0.3889479277364506												joint_grid_target
K562_essential_day7	ACH-000551	STRAP	106.0	10691.0	1.0	310385.0	8563.0	h5ad_obs	supplementary	ctrl	verified_via_num_features_eq_1	num_features	4.551450752521864	0.033655967556812	0.4076987447082255	0.2777455386290487	0.215718680226441	0.0481869093013106	0.5873168910001354	18.0	-0.9093038100490946	0.9291568304920168	1.0	1.0	both	middle	0.5111583421891605	0.5196599362380446												joint_grid_target
K562_essential_day7	ACH-000551	STRIP1	107.0	10691.0	1.0	310385.0	8563.0	h5ad_obs	supplementary	ctrl	verified_via_num_features_eq_1	num_features	3.308511064797969	0.0269535558339325	0.168818836355959	0.1415274652598507	0.12438483265155	0.0306597579225831	0.1984730508522982	1.0	-0.4639130649698828	0.4659064768878392	1.0	1.0	both	middle	0.30499468650371947	0.22848034006376194												joint_grid_target
K562_essential_day7	ACH-000551	STX18	86.0	10691.0	1.0	310385.0	8563.0	h5ad_obs	supplementary	ctrl	verified_via_num_features_eq_1	num_features	4.161325830303662	0.0333799416099167	0.2244583251200782	0.1897519156224382	0.16480099882462	0.0331928586584929	0.3899622304865673	5.0	-0.8782110866344689	0.9193188914235066	1.0	1.0	both	middle	0.5042507970244421	0.5015940488841658												joint_grid_target
K562_essential_day7	ACH-000551	STX5	51.0	10691.0	1.0	310385.0	8563.0	h5ad_obs	supplementary	ctrl	verified_via_num_features_eq_1	num_features	4.435925266953621	0.0365070329155464	0.2064489660784825	0.176051504812081	0.1581362690236165	0.0281583540018804	0.2061651688528272	2.0	-1.4115240696654563	0.9890459208902104	1.0	1.0	both	middle	0.5855472901168969	0.7646121147715197												joint_grid_target
K562_essential_day7	ACH-000551	SUGP1	149.0	10691.0	1.0	310385.0	8563.0	h5ad_obs	supplementary	ctrl	verified_via_num_features_eq_1	num_features	4.817752939795853	0.0344550477191173	0.3985347780218171	0.3018050176200553	0.2444720932496658	0.0511467049745833	0.5768820225378342	29.0	-0.4062454258076988	0.3674152457299137	1.0	1.0	both	middle	0.5308182784272051	0.1891604675876727												joint_grid_target
K562_essential_day7	ACH-000551	SUGT1	107.0	10691.0	1.0	310385.0	8563.0	h5ad_obs	supplementary	ctrl	verified_via_num_features_eq_1	num_features	4.149645062887732	0.0310199012469093	0.3264053762789455	0.2357785187209426	0.1889943582023893	0.0443821037527303	0.5379913174164628	10.0	-1.29930029294696	0.9863144805021689	1.0	1.0	both	middle	0.4399574920297556	0.720510095642933												joint_grid_target
K562_essential_day7	ACH-000551	SUPT16H	93.0	10691.0	1.0	310385.0	8563.0	h5ad_obs	supplementary	ctrl	verified_via_num_features_eq_1	num_features	11.37558745744146	0.080677114154294	0.6922550947784842	0.60541134520066	0.537815199397926	0.0438171635454135	5.943809291360559	500.0	-1.3167108388204825	0.9869947328479296	1.0	1.0	both	middle	0.9851222104144527	0.7274176408076515												joint_grid_target
K562_essential_day7	ACH-000551	SUPT4H1	74.0	10691.0	1.0	310385.0	8563.0	h5ad_obs	supplementary	ctrl	verified_via_num_features_eq_1	num_features	6.064463490011678	0.0448340157884078	0.4068682756921296	0.3451907320711437	0.2968368151273243	0.0449568161509899	0.980539190072216	74.0	-0.2116746699108623	0.1204298107922044	1.0	1.0	both	middle	0.7444208289054197	0.08289054197662062												joint_grid_target
K562_essential_day7	ACH-000551	SUPT5H	406.0	10691.0	1.0	310385.0	8563.0	h5ad_obs	supplementary	ctrl	verified_via_num_features_eq_1	num_features	13.018605339498905	0.0891519292060485	0.8186375855276571	0.7065430977857824	0.6204648939638754	0.046275590886145	9.22137561799128	680.0	-1.6023162599408929	0.9945284332660318	1.0	1.0	both	Q1_anchor	0.9946865037194474	0.820403825717322												joint_grid_target
K562_essential_day7	ACH-000551	SUPT6H	288.0	10691.0	1.0	310385.0	8563.0	h5ad_obs	supplementary	ctrl	verified_via_num_features_eq_1	num_features	14.937421094003517	0.1017764750792651	0.927884884916062	0.7984044235426873	0.7037917920893945	0.0458057068495135	10.963916184782768	877.0	-1.657596426566124	0.9965102376540584	1.0	1.0	both	Q1_anchor	0.9984059511158342	0.8342189160467588												joint_grid_target
K562_essential_day7	ACH-000551	SUPV3L1	80.0	10691.0	1.0	310385.0	8563.0	h5ad_obs	supplementary	ctrl	verified_via_num_features_eq_1	num_features	5.943185562504199	0.0386558125838689	0.6897606111696116	0.4180410304895949	0.3005457486942615	0.0631463369873571	0.842836911459873	26.0	-2.5030165370350863	1.0	1.0	1.0	both	middle	0.626461211477152	0.9609458023379384												joint_grid_target
K562_essential_day7	ACH-000551	SURF6	130.0	10691.0	1.0	310385.0	8563.0	h5ad_obs	supplementary	ctrl	verified_via_num_features_eq_1	num_features	4.270852770659997	0.0320002452771792	0.2927286445771367	0.241648919128321	0.2022645866368644	0.0440936052867084	0.9048908259791872	14.0	-0.6540792441281441	0.7629382864761556	1.0	1.0	both	middle	0.46493092454835283	0.36663124335812963												joint_grid_target
K562_essential_day7	ACH-000551	SYF2	86.0	10691.0	1.0	310385.0	8563.0	h5ad_obs	supplementary	ctrl	verified_via_num_features_eq_1	num_features	5.985030746335135	0.0442607445799034	0.4207062533636677	0.3389282803755392	0.2874848727399249	0.0447129323781712	1.3083462625273103	59.0	-0.8574774710223296	0.9117766854651272	1.0	1.0	both	middle	0.7332624867162593	0.4909670563230606												joint_grid_target
K562_essential_day7	ACH-000551	SYMPK	89.0	10691.0	1.0	310385.0	8563.0	h5ad_obs	supplementary	ctrl	verified_via_num_features_eq_1	num_features	9.119734130913589	0.0651427483969839	0.6617544803064422	0.5326452967415222	0.4477746488171075	0.0477437007312761	3.563142506600899	268.0	-1.558644227636346	0.992862844902553	1.0	1.0	both	Q1_anchor	0.9431455897980872	0.8055260361317748												joint_grid_target
K562_essential_day7	ACH-000551	SYS1	59.0	10691.0	1.0	310385.0	8563.0	h5ad_obs	supplementary	ctrl	verified_via_num_features_eq_1	num_features	4.365219282156853	0.0357620954754348	0.1951426124802931	0.1733321540915115	0.1569687464752413	0.0283008993148807	0.30495016400757	1.0	-1.26008891149069	0.9842031418288438	1.0	1.0	both	middle	0.5669500531349628	0.7045696068012752												joint_grid_target
K562_essential_day7	ACH-000551	TACC3	132.0	10691.0	1.0	310385.0	8563.0	h5ad_obs	supplementary	ctrl	verified_via_num_features_eq_1	num_features	3.1374725282637725	0.0254163777652219	0.1585819340992229	0.134850640273728	0.1200460061078952	0.0309801428761613	0.2077851761736262	0.0	-0.2674024503508501	0.173972738672843	1.0	1.0	both	middle	0.2518597236981934	0.11583421891604676												joint_grid_target
K562_essential_day7	ACH-000551	TADA2A	39.0	10691.0	1.0	310385.0	8563.0	h5ad_obs	supplementary	ctrl	verified_via_num_features_eq_1	num_features	5.372533080400798	0.0438371922007271	0.2456091776548416	0.2194128310722685	0.1983208559189821	0.0292255943442965	0.5188708358433338	6.0	-0.5584734142944198	0.6274677754683531	1.0	1.0	both	middle	0.7247608926673751	0.30393198724760895												joint_grid_target
K562_essential_day7	ACH-000551	TADA3	150.0	10691.0	1.0	310385.0	8563.0	h5ad_obs	supplementary	ctrl	verified_via_num_features_eq_1	num_features	4.036642736252386	0.0303925020376009	0.283542488524016	0.2309048530392994	0.1927837167652516	0.0443619539447786	0.3863011206583184	14.0	-0.5101979032242316	0.5465575603484512	1.0	1.0	both	middle	0.42029755579171096	0.2630180658873539												joint_grid_target
K562_essential_day7	ACH-000551	TAF1	97.0	10691.0	1.0	310385.0	8563.0	h5ad_obs	supplementary	ctrl	verified_via_num_features_eq_1	num_features	10.659374812846856	0.0727377731551104	0.7519998265571097	0.6208599033368799	0.5357735241729852	0.0498399585114797	4.895027716520914	421.0	-0.4853261684802281	0.5033223540801484	1.0	1.0	both	Q2_shift_excess	0.9697130712008502	0.23963868225292242												joint_grid_target
K562_essential_day7	ACH-000551	TAF10	39.0	10691.0	1.0	310385.0	8563.0	h5ad_obs	supplementary	ctrl	verified_via_num_features_eq_1	num_features	10.973981976131885	0.0779199732566979	0.7851762347463709	0.6504004674911771	0.5586532412775238	0.0487389434294309	4.733799764108932	403.0	-0.6755411554370989	0.787300268769204	1.0	1.0	both	middle	0.9798087141339001	0.38257173219978746												joint_grid_target
K562_essential_day7	ACH-000551	TAF12	67.0	10691.0	1.0	310385.0	8563.0	h5ad_obs	supplementary	ctrl	verified_via_num_features_eq_1	num_features	10.416565166785588	0.0722713911024887	0.7426782022771055	0.6260409954786365	0.5415416370909558	0.0505801856940981	4.743024104012768	370.0	-0.7830459473238355	0.8759095606102161	1.0	1.0	both	middle	0.9686503719447397	0.44314558979808716												joint_grid_target
K562_essential_day7	ACH-000551	TAF1B	94.0	10691.0	1.0	310385.0	8563.0	h5ad_obs	supplementary	ctrl	verified_via_num_features_eq_1	num_features	3.7918250409291407	0.0303796689785182	0.22244545991041	0.1800195047843538	0.1538766843906371	0.0346003574606017	0.327941284253102	4.0	-0.7984327024721224	0.8846620771967537	1.0	1.0	both	middle	0.4197662061636557	0.4543039319872476												joint_grid_target
K562_essential_day7	ACH-000551	TAF1C	134.0	10691.0	1.0	310385.0	8563.0	h5ad_obs	supplementary	ctrl	verified_via_num_features_eq_1	num_features	3.980851551863793	0.0306534502682384	0.2650511641776574	0.2116331261912675	0.1781255251599665	0.0403132993074415	0.676366776567443	9.0	-1.145590782941556	0.9731780642434572	1.0	1.0	both	middle	0.4293304994686504	0.6535600425079703												joint_grid_target
K562_essential_day7	ACH-000551	TAF1D	141.0	10691.0	1.0	310385.0	8563.0	h5ad_obs	supplementary	ctrl	verified_via_num_features_eq_1	num_features	4.222077468417135	0.0321705843341145	0.284859521642655	0.2200284204248366	0.1858804907144395	0.0399359382335984	0.8050394145944164	9.0	-0.0804685752305998	0.0442450437410602	1.0	1.0	both	middle	0.4723698193411265	0.03825717321997875												joint_grid_target
K562_essential_day7	ACH-000551	TAF2	144.0	10691.0	1.0	310385.0	8563.0	h5ad_obs	supplementary	ctrl	verified_via_num_features_eq_1	num_features	8.436860488188035	0.0567071727172889	0.624502933361467	0.5288393294669458	0.4541814191086681	0.0544540030405837	3.1051516662044296	233.0	-0.5171122020376093	0.5584399018920612	1.0	1.0	both	middle	0.8862911795961743	0.269394261424017												joint_grid_target
K562_essential_day7	ACH-000551	TAF5	35.0	10691.0	1.0	310385.0	8563.0	h5ad_obs	supplementary	ctrl	verified_via_num_features_eq_1	num_features	10.819095439285007	0.0792854670072301	0.7145233238072947	0.6024633239929214	0.5206266845973947	0.0443691475986325	4.188339037149827	406.0	-0.6896328348835676	0.8020420932694122	1.0	1.0	both	middle	0.9819341126461212	0.3937300743889479												joint_grid_target
K562_essential_day7	ACH-000551	TAF6	113.0	10691.0	1.0	310385.0	8563.0	h5ad_obs	supplementary	ctrl	verified_via_num_features_eq_1	num_features	6.624214708861135	0.0457551639671726	0.5443956631469217	0.4274511942240662	0.3569715384962377	0.0545494629281922	1.6381780742429657	114.0	-1.3724492374228907	0.9884122346109931	1.0	1.0	both	Q1_anchor	0.757173219978746	0.7523910733262487												joint_grid_target
K562_essential_day7	ACH-000551	TAF7	94.0	10691.0	1.0	310385.0	8563.0	h5ad_obs	supplementary	ctrl	verified_via_num_features_eq_1	num_features	8.07610429441524	0.0577637189907124	0.613587864915482	0.4790088667864083	0.4005808370280534	0.0484208563966176	2.228569681105073	166.0	-0.7616761083743273	0.8623395480061377	1.0	1.0	both	middle	0.89798087141339	0.4314558979808714												joint_grid_target
K562_essential_day7	ACH-000551	TAF8	110.0	10691.0	1.0	310385.0	8563.0	h5ad_obs	supplementary	ctrl	verified_via_num_features_eq_1	num_features	7.795703203178638	0.0536161187415087	0.5669116423426444	0.4852505818799483	0.4119154446423081	0.0528463203196206	2.423672875525158	184.0	-0.6010091905998911	0.6927789032608632	1.0	1.0	both	middle	0.8607863974495218	0.3283740701381509												joint_grid_target
K562_essential_day7	ACH-000551	TAMM41	120.0	10691.0	1.0	310385.0	8563.0	h5ad_obs	supplementary	ctrl	verified_via_num_features_eq_1	num_features	3.050381241142364	0.0248435564066369	0.1652413415483322	0.134314938410635	0.1170998354391437	0.0315685483317848	0.1264915525707763	2.0	-0.796150394029969	0.8834066736828361	1.0	1.0	both	middle	0.22794899043570668	0.45164718384697133												joint_grid_target
K562_essential_day7	ACH-000551	TANGO6	95.0	10691.0	1.0	310385.0	8563.0	h5ad_obs	supplementary	ctrl	verified_via_num_features_eq_1	num_features	7.273707339635796	0.0532449722519196	0.43618348978139	0.3801067141765019	0.3379886075514941	0.0416841544396137	2.7620958403692306	133.0	-1.3135863953602256	0.9868846944612644	1.0	1.0	both	middle	0.8565356004250797	0.7263549415515409												joint_grid_target
K562_essential_day7	ACH-000551	TARDBP	169.0	10691.0	1.0	310385.0	8563.0	h5ad_obs	supplementary	ctrl	verified_via_num_features_eq_1	num_features	3.2200995816879083	0.0240011024512862	0.2414276583898743	0.1745455313673898	0.1399065224500864	0.0424640687416332	0.1165477717950569	4.0	-1.1625910997457698	0.9752305191293944	1.0	1.0	both	middle	0.1971307120085016	0.6562167906482466												joint_grid_target
K562_essential_day7	ACH-000551	TARS2	74.0	10691.0	1.0	310385.0	8563.0	h5ad_obs	supplementary	ctrl	verified_via_num_features_eq_1	num_features	4.35672798527067	0.0346864347490453	0.2509024932203233	0.2089705472292911	0.180335211466007	0.0351778649435705	0.6218180025851439	6.0	-1.0112012680571472	0.952761616722854	1.0	1.0	both	middle	0.5361317747077577	0.5828905419766206												joint_grid_target
K562_essential_day7	ACH-000551	TBC1D28	78.0	10691.0	1.0	310385.0	8563.0	h5ad_obs	supplementary	ctrl	verified_via_num_features_eq_1	num_features	3.475680156543318	0.0287832954899258	0.1509364027771062	0.1348471829145612	0.1221428964441446	0.0273555481879015	0.1486833304174624	0.0	-0.2872311900023142	0.1964789734237623	1.0	1.0	both	middle	0.37725823591923485	0.12964930924548354												joint_grid_target
K562_essential_day7	ACH-000551	TBCA	179.0	10691.0	1.0	310385.0	8563.0	h5ad_obs	supplementary	ctrl	verified_via_num_features_eq_1	num_features	2.763044981008463	0.0205859939169134	0.165063158129906	0.1207080892779198	0.1005412581096139	0.0342380163994002	0.0936632588363988	1.0	-1.0533286886790598	0.9600445328272328	1.0	1.0	both	middle	0.08129649309245483	0.6068012752391073												joint_grid_target
K562_essential_day7	ACH-000551	TBCB	102.0	10691.0	1.0	310385.0	8563.0	h5ad_obs	supplementary	ctrl	verified_via_num_features_eq_1	num_features	5.008676551818217	0.0379235812135913	0.3258149319514657	0.2683114101805527	0.2274680797044175	0.0413117754586486	1.045910730042447	22.0	-1.053591180699168	0.9600865558126908	1.0	1.0	both	middle	0.6137088204038257	0.6073326248671626												joint_grid_target
K562_essential_day7	ACH-000551	TBCC	141.0	10691.0	1.0	310385.0	8563.0	h5ad_obs	supplementary	ctrl	verified_via_num_features_eq_1	num_features	2.734795244119468	0.0224857977239888	0.1225018049162613	0.108501340372684	0.0986648171216636	0.0281754501945341	0.0851924275194573	0.0	-0.6710099052043539	0.7823990523930875	1.0	1.0	both	middle	0.14505844845908608	0.3783209351753454												joint_grid_target
K562_essential_day7	ACH-000551	TBCD	28.0	10691.0	1.0	310385.0	8563.0	h5ad_obs	supplementary	ctrl	verified_via_num_features_eq_1	num_features	6.2907722276443785	0.0516045495417947	0.2775873276336156	0.2477867270540984	0.2260823949379831	0.0280371656868685	0.56479030681467	19.0	-1.0521965137092362	0.9598632801846836	1.0	1.0	both	middle	0.8352816153028693	0.6057385759829969												joint_grid_target
K562_essential_day7	ACH-000551	TBCE	129.0	10691.0	1.0	310385.0	8563.0	h5ad_obs	supplementary	ctrl	verified_via_num_features_eq_1	num_features	3.0460230445257386	0.0246747088652207	0.1585270387930659	0.1303907302338358	0.1146588578161888	0.0308559371095308	0.1707950923216934	1.0	-0.4118160458810914	0.3766242945280588	1.0	1.0	both	Q4_low_info	0.22210414452709884	0.19287991498405951												joint_grid_target
K562_essential_day7	ACH-000551	TBL3	75.0	10691.0	1.0	310385.0	8563.0	h5ad_obs	supplementary	ctrl	verified_via_num_features_eq_1	num_features	6.541481466117445	0.0484961738453064	0.454935258197954	0.3810484079663512	0.3218711674640142	0.0458792950208895	2.37600918800392	81.0	-0.7621948643808828	0.8626808408743739	1.0	1.0	both	middle	0.7975557917109458	0.43198724760892665												joint_grid_target
K562_essential_day7	ACH-000551	TBP	151.0	10691.0	1.0	310385.0	8563.0	h5ad_obs	supplementary	ctrl	verified_via_num_features_eq_1	num_features	3.949980741451221	0.0289668121788683	0.3309864631593858	0.2481349225477624	0.1990465404417144	0.0500185673310011	0.5946961142745195	16.0	-0.6057935793512006	0.6996136986102955	1.0	1.0	both	middle	0.3804463336875664	0.332624867162593												joint_grid_target
K562_essential_day7	ACH-000551	TCERG1	105.0	10691.0	1.0	310385.0	8563.0	h5ad_obs	supplementary	ctrl	verified_via_num_features_eq_1	num_features	4.847498213810156	0.036926479621272	0.3406230820007075	0.2646167621013305	0.2201077567856939	0.0418430665463722	0.4056254128681775	19.0	-0.3375859974760974	0.2617678651784867	1.0	1.0	both	middle	0.5935175345377258	0.15196599362380447												joint_grid_target
K562_essential_day7	ACH-000551	TCOF1	97.0	10691.0	1.0	310385.0	8563.0	h5ad_obs	supplementary	ctrl	verified_via_num_features_eq_1	num_features	4.421707848770707	0.0341060321843092	0.3083632349457129	0.2377235233806312	0.1979913858236354	0.0406991202112829	0.6247928203680324	12.0	-0.4854797737237202	0.5035906236626028	1.0	1.0	both	middle	0.5239107332624867	0.24017003188097769												joint_grid_target
K562_essential_day7	ACH-000551	TCP1	67.0	10691.0	1.0	310385.0	8563.0	h5ad_obs	supplementary	ctrl	verified_via_num_features_eq_1	num_features	7.649143909445061	0.0561842708920277	0.5632669708781426	0.4375022388301893	0.3655238071313447	0.0454683914952485	1.8219067286632	131.0	-1.2434941053434732	0.983047311913595	1.0	1.0	both	middle	0.8825717321997875	0.6955366631243358												joint_grid_target
K562_essential_day7	ACH-000551	TEAD3	267.0	10691.0	1.0	310385.0	8563.0	h5ad_obs	supplementary	ctrl	verified_via_num_features_eq_1	num_features	2.0812788450350173	0.0168270186505157	0.1064844572484601	0.0891267840280907	0.0788321004759374	0.0309275217032787	0.0747538520324919	0.0	-0.2558807028116128	0.1617415122935752	1.0	1.0	both	Q4_low_info	0.01647183846971307	0.10786397449521785												joint_grid_target
K562_essential_day7	ACH-000551	TEFM	203.0	10691.0	1.0	310385.0	8563.0	h5ad_obs	supplementary	ctrl	verified_via_num_features_eq_1	num_features	4.76556493557399	0.0266769657777922	0.6781238278790376	0.3542576326525503	0.2339201416176718	0.077540187128965	0.6851213918450174	14.0	-0.2798026431806423	0.1878083260135043	1.0	1.0	both	middle	0.2975557917109458	0.12380446333687567												joint_grid_target
K562_essential_day7	ACH-000551	TELO2	74.0	10691.0	1.0	310385.0	8563.0	h5ad_obs	supplementary	ctrl	verified_via_num_features_eq_1	num_features	6.522636031628159	0.0493424967973266	0.3919724413250785	0.3348407754322391	0.2916265434365701	0.0396242703149532	1.7105477590562543	72.0	-0.4862956092202155	0.5050154698659002	1.0	1.0	both	Q2_shift_excess	0.8092454835281615	0.24070138150903295												joint_grid_target
K562_essential_day7	ACH-000551	TEN1	86.0	10691.0	1.0	310385.0	8563.0	h5ad_obs	supplementary	ctrl	verified_via_num_features_eq_1	num_features	3.456276442549573	0.0284745240992264	0.1584977560734463	0.1370169352666669	0.1227327211590947	0.0280971218660247	0.1206853728815779	1.0	-0.9977474633636768	0.9501941615044288	1.0	1.0	both	middle	0.3645058448459086	0.5722635494155154												joint_grid_target
K562_essential_day7	ACH-000551	TERF2	50.0	10691.0	1.0	310385.0	8563.0	h5ad_obs	supplementary	ctrl	verified_via_num_features_eq_1	num_features	7.560320305785228	0.057526246366572	0.4523748891995337	0.3902439340689503	0.338144070062887	0.0396108520643379	2.328225320174909	135.0	-1.006692348221671	0.9519105135746974	1.0	1.0	both	middle	0.8937300743889479	0.5791710945802337												joint_grid_target
K562_essential_day7	ACH-000551	TEX10	162.0	10691.0	1.0	310385.0	8563.0	h5ad_obs	supplementary	ctrl	verified_via_num_features_eq_1	num_features	5.127909010015696	0.0366403473950563	0.3704675350902014	0.3112408190913871	0.2617993641154506	0.0495999258497834	1.6755549801313805	45.0	-0.73393297506421	0.8419096912646145	1.0	1.0	both	middle	0.5882040382571733	0.41392136025504783												joint_grid_target
K562_essential_day7	ACH-000551	TFAM	82.0	10691.0	1.0	310385.0	8563.0	h5ad_obs	supplementary	ctrl	verified_via_num_features_eq_1	num_features	4.780702608114353	0.0332754587178525	0.560595707599499	0.3196229970575692	0.2269244183811252	0.056086459883131	0.4395275147060875	16.0	-0.2184333311468366	0.1262122131971434	1.0	1.0	both	middle	0.5015940488841658	0.08660998937300744												joint_grid_target
K562_essential_day7	ACH-000551	TFB2M	162.0	10691.0	1.0	310385.0	8563.0	h5ad_obs	supplementary	ctrl	verified_via_num_features_eq_1	num_features	2.607536387779969	0.0210905686747109	0.1467469896692274	0.1187828946648414	0.1023840706943002	0.03288589568698	0.0970221804661388	0.0	-0.8618098895765366	0.9134480935085556	1.0	1.0	both	middle	0.09617428267800213	0.4920297555791711												joint_grid_target
K562_essential_day7	ACH-000551	TFDP1	163.0	10691.0	1.0	310385.0	8563.0	h5ad_obs	supplementary	ctrl	verified_via_num_features_eq_1	num_features	3.804786720109543	0.0279923582875643	0.2921736307377872	0.2232046993373717	0.1830700241331595	0.0465594569273446	0.5394890443438403	8.0	-0.39670655080988	0.3517920654407188	1.0	1.0	both	middle	0.3459086078639745	0.18384697130712008												joint_grid_target
K562_essential_day7	ACH-000551	TFIP11	61.0	10691.0	1.0	310385.0	8563.0	h5ad_obs	supplementary	ctrl	verified_via_num_features_eq_1	num_features	6.029474751688945	0.0476457579916805	0.2925801916315281	0.2627226338324288	0.2375982342718579	0.0321971409750861	1.371119519086637	27.0	-0.6419701687554109	0.7481826446107568	1.0	1.0	both	middle	0.7853347502656748	0.359192348565356												joint_grid_target
K562_essential_day7	ACH-000551	TFRC	57.0	10691.0	1.0	310385.0	8563.0	h5ad_obs	supplementary	ctrl	verified_via_num_features_eq_1	num_features	4.905266924207051	0.03911117040747	0.2767757147846929	0.2246524470653373	0.1953001447028469	0.033539331449662	0.5227236662404842	7.0	-1.015008261002817	0.9534571156302888	1.0	1.0	both	middle	0.6339001062699257	0.5850159404888416												joint_grid_target
K562_essential_day7	ACH-000551	TGS1	161.0	10691.0	1.0	310385.0	8563.0	h5ad_obs	supplementary	ctrl	verified_via_num_features_eq_1	num_features	2.6394488588084943	0.0214696638629349	0.1366856460654639	0.1144694637365168	0.1009633582129405	0.0311321033526448	0.1087170219013113	1.0	-0.4585560084330994	0.4565704697808357	1.0	1.0	both	Q4_low_info	0.11105207226354942	0.2263549415515409												joint_grid_target
K562_essential_day7	ACH-000551	THAP1	110.0	10691.0	1.0	310385.0	8563.0	h5ad_obs	supplementary	ctrl	verified_via_num_features_eq_1	num_features	5.457647587694556	0.0403434479371284	0.3738167510949458	0.3031796040306638	0.2586062375534483	0.0438804456327989	1.232732972324584	38.0	-1.5458949833484807	0.9923948945838478	1.0	1.0	both	middle	0.657279489904357	0.8002125398512221												joint_grid_target
K562_essential_day7	ACH-000551	THAP11	63.0	10691.0	1.0	310385.0	8563.0	h5ad_obs	supplementary	ctrl	verified_via_num_features_eq_1	num_features	4.932515513096986	0.0382860743623921	0.3561743127376522	0.2732106400696023	0.2227226709588245	0.0416678249065556	0.2728904944842316	23.0	-0.4976153126850797	0.5247481065026198	1.0	1.0	both	middle	0.620616365568544	0.25132837407013814												joint_grid_target
K562_essential_day7	ACH-000551	THG1L	43.0	10691.0	1.0	310385.0	8563.0	h5ad_obs	supplementary	ctrl	verified_via_num_features_eq_1	num_features	7.938471746613111	0.0601371720040537	0.4707526282356643	0.3983602104931496	0.3512307340020866	0.038679158075181	2.888510634885783	159.0	-0.9274425708138408	0.9342020489572188	1.0	1.0	both	middle	0.9149840595111584	0.5276301806588736												joint_grid_target
K562_essential_day7	ACH-000551	THOC1	38.0	10691.0	1.0	310385.0	8563.0	h5ad_obs	supplementary	ctrl	verified_via_num_features_eq_1	num_features	6.8325252871906486	0.0534690210383996	0.4047247348934348	0.3342208875198827	0.2893803070962009	0.0364985335647441	1.025025075606493	68.0	-0.7441940238913213	0.8498346287204464	1.0	1.0	both	middle	0.8586609989373007	0.4218916046758767												joint_grid_target
K562_essential_day7	ACH-000551	THOC2	190.0	10691.0	1.0	310385.0	8563.0	h5ad_obs	supplementary	ctrl	verified_via_num_features_eq_1	num_features	8.229406161100442	0.0575455736104992	0.6146736335653368	0.4890777421793483	0.4128762144394125	0.0496260873340073	2.593104734729065	186.0	-1.554674321564716	0.9927153761776822	1.0	1.0	both	Q1_anchor	0.8953241232731137	0.8034006376195537												joint_grid_target
K562_essential_day7	ACH-000551	THOC3	147.0	10691.0	1.0	310385.0	8563.0	h5ad_obs	supplementary	ctrl	verified_via_num_features_eq_1	num_features	5.395580373864066	0.0376548128184614	0.4210660628446738	0.3504557088893929	0.2915283320822989	0.0543446387575263	0.6184352766240586	60.0	-1.2172004655971884	0.9808883153140284	1.0	1.0	both	middle	0.6083953241232731	0.6859723698193412												joint_grid_target
K562_essential_day7	ACH-000551	THOC5	32.0	10691.0	1.0	310385.0	8563.0	h5ad_obs	supplementary	ctrl	verified_via_num_features_eq_1	num_features	8.64665496176395	0.0658667081735423	0.5132231630771372	0.4384208259320743	0.3828695382585156	0.0388659490484024	2.6129724782896524	198.0	-0.8856567289430437	0.9218224784091572	1.0	1.0	both	middle	0.9463336875664187	0.5069075451647184												joint_grid_target
K562_essential_day7	ACH-000551	THOC6	116.0	10691.0	1.0	310385.0	8563.0	h5ad_obs	supplementary	ctrl	verified_via_num_features_eq_1	num_features	3.62268177927804	0.0284041854754799	0.2437241977037406	0.1909985404183735	0.1594422677173267	0.0392637493739298	0.1603076629090445	7.0	-0.3200258868735864	0.2376815470173553	1.0	1.0	both	middle	0.36291179596174283	0.14505844845908608												joint_grid_target
K562_essential_day7	ACH-000551	THOC7	132.0	10691.0	1.0	310385.0	8563.0	h5ad_obs	supplementary	ctrl	verified_via_num_features_eq_1	num_features	4.800444689353107	0.0358065880675461	0.3396653466307312	0.274571154908702	0.2279819723585116	0.0447750449770413	0.6761927591229551	26.0	-1.3412193693991796	0.9877408564701105	1.0	1.0	both	middle	0.5680127523910733	0.7391073326248672												joint_grid_target
K562_essential_day7	ACH-000551	TICRR	157.0	10691.0	1.0	310385.0	8563.0	h5ad_obs	supplementary	ctrl	verified_via_num_features_eq_1	num_features	5.86764266838822	0.041362684462346	0.4379798313886436	0.3533085749652029	0.2986701717182513	0.0498757594231918	1.8008091290795356	68.0	-1.8598050043386471	0.9997821357355218	1.0	1.0	both	middle	0.6764080765143464	0.8788522848034006												joint_grid_target
K562_essential_day7	ACH-000551	TIMELESS	64.0	10691.0	1.0	310385.0	8563.0	h5ad_obs	supplementary	ctrl	verified_via_num_features_eq_1	num_features	4.851144172580779	0.0379531088351177	0.2968482775894084	0.2382468897409854	0.2062025385446791	0.0366542167947471	0.7729929209309656	9.0	-1.6003315977350356	0.994452647517104	1.0	1.0	both	middle	0.6147715196599363	0.8198724760892667												joint_grid_target
K562_essential_day7	ACH-000551	TIMM10	54.0	10691.0	1.0	310385.0	8563.0	h5ad_obs	supplementary	ctrl	verified_via_num_features_eq_1	num_features	4.341636599688173	0.0351628849917168	0.2377179906055074	0.1933246834983768	0.1669202430051608	0.0321030923390153	0.22958795611531	4.0	-1.5579756116671175	0.9928380080568868	1.0	1.0	both	middle	0.5510095642933049	0.8044633368756642												joint_grid_target
K562_essential_day7	ACH-000551	TIMM13	178.0	10691.0	1.0	310385.0	8563.0	h5ad_obs	supplementary	ctrl	verified_via_num_features_eq_1	num_features	4.505073486326162	0.0315462576234162	0.380820796785816	0.2767493344625599	0.2211178404038227	0.0512250982181434	1.0541879262145013	18.0	-1.1704647096031404	0.9761360847622362	1.0	1.0	both	middle	0.4532412327311371	0.6599362380446334												joint_grid_target
K562_essential_day7	ACH-000551	TIMM22	78.0	10691.0	1.0	310385.0	8563.0	h5ad_obs	supplementary	ctrl	verified_via_num_features_eq_1	num_features	3.696400861913783	0.030108450781864	0.1969676381271207	0.1613028696936007	0.1408826900882042	0.0312822328614236	0.2181293062739833	2.0	0.1756900798626799	0.0048845261134084	1.0	1.0	both	middle	0.4075451647183847	0.004782146652497344												joint_grid_target
K562_essential_day7	ACH-000551	TIMM44	45.0	10691.0	1.0	310385.0	8563.0	h5ad_obs	supplementary	ctrl	verified_via_num_features_eq_1	num_features	8.029866123428528	0.0602671112291173	0.5126450899102498	0.4298106372540923	0.3685652544929187	0.0416428883754462	2.9997170260065857	158.0	-1.0317101275599303	0.9564345364113624	1.0	1.0	both	middle	0.9165781083953242	0.5945802337938364												joint_grid_target
K562_essential_day7	ACH-000551	TIMM8A	162.0	10691.0	1.0	310385.0	8563.0	h5ad_obs	supplementary	ctrl	verified_via_num_features_eq_1	num_features	2.681678884135304	0.0215981331012987	0.1509193114863841	0.1202245391830325	0.1038588779314452	0.0325028144200552	0.0958424376937987	2.0	-0.710537284939448	0.8220541477691294	1.0	1.0	both	middle	0.1153028692879915	0.4038257173219979												joint_grid_target
K562_essential_day7	ACH-000551	TIMM9	201.0	10691.0	1.0	310385.0	8563.0	h5ad_obs	supplementary	ctrl	verified_via_num_features_eq_1	num_features	2.9001388505333305	0.022134114419584	0.2118705753523303	0.1574072799566716	0.1276100875422466	0.0415247210724649	0.2308006769756119	3.0	-0.3882309538410742	0.3381288732165216	1.0	1.0	both	Q4_low_info	0.13549415515409138	0.17800212539851223												joint_grid_target
K562_essential_day7	ACH-000551	TINF2	76.0	10691.0	1.0	310385.0	8563.0	h5ad_obs	supplementary	ctrl	verified_via_num_features_eq_1	num_features	4.04832362188979	0.0323044063870931	0.2402613229896487	0.1906728505677758	0.1634942069353666	0.0344644343203543	0.403743867522504	7.0	-1.9834737632785229	0.9999835661755896	1.0	1.0	both	middle	0.4771519659936238	0.900106269925611												joint_grid_target
K562_essential_day7	ACH-000551	TIPIN	109.0	10691.0	1.0	310385.0	8563.0	h5ad_obs	supplementary	ctrl	verified_via_num_features_eq_1	num_features	3.402749248120868	0.0271328911361148	0.2128276288207338	0.1635451310105077	0.1360236664300027	0.035195375821409	0.3293298388549655	3.0	-0.6919638083580102	0.8044096372959024	1.0	1.0	both	middle	0.3140276301806589	0.3953241232731137												joint_grid_target
K562_essential_day7	ACH-000551	TKT	202.0	10691.0	1.0	310385.0	8563.0	h5ad_obs	supplementary	ctrl	verified_via_num_features_eq_1	num_features	2.419524162412658	0.0192708963388037	0.1398508010141936	0.1093562216058863	0.0931688566168575	0.0331348982602842	0.0780280794918493	1.0	-0.4060076438839114	0.3670224225025319	1.0	1.0	both	Q4_low_info	0.04675876726886291	0.18862911795961743												joint_grid_target
K562_essential_day7	ACH-000551	TLCD1	155.0	10691.0	1.0	310385.0	8563.0	h5ad_obs	supplementary	ctrl	verified_via_num_features_eq_1	num_features	2.575071574741824	0.0211617402349881	0.1172848385794601	0.1031258740169627	0.0932748869457886	0.0284551135904919	0.0882174338586683	0.0	-0.1122272755359596	0.0572700662323724	1.0	1.0	both	Q4_low_info	0.09936238044633369	0.04729011689691817												joint_grid_target
K562_essential_day7	ACH-000551	TLN1	87.0	10691.0	1.0	310385.0	8563.0	h5ad_obs	supplementary	ctrl	verified_via_num_features_eq_1	num_features	3.4520234862717083	0.0281704638381734	0.1725148756684087	0.1434961293043642	0.1254248953616707	0.0297433751541458	0.1067573161578181	2.0	-0.1798829791031145	0.0960972529854943	1.0	1.0	both	middle	0.35334750265674814	0.07120085015940489												joint_grid_target
K562_essential_day7	ACH-000551	TM7SF2	100.0	10691.0	1.0	310385.0	8563.0	h5ad_obs	supplementary	ctrl	verified_via_num_features_eq_1	num_features	3.295142909094537	0.0269106511721734	0.1561737050764974	0.1361492348673903	0.1221131347091511	0.0295416710959274	0.1581616445340241	0.0	-0.0937541041876015	0.0493527445310807	1.0	1.0	both	middle	0.30393198724760895	0.04250797024442083												joint_grid_target
K562_essential_day7	ACH-000551	TMA16	172.0	10691.0	1.0	310385.0	8563.0	h5ad_obs	supplementary	ctrl	verified_via_num_features_eq_1	num_features	3.361552453781366	0.0256064387781423	0.2241520915560619	0.1825223001245799	0.1537309263927133	0.0416208370618474	0.4958838715245424	3.0	-1.2503353616052146	0.9835441287039434	1.0	1.0	both	middle	0.25664187035069075	0.7003188097768331												joint_grid_target
K562_essential_day7	ACH-000551	TMED2	137.0	10691.0	1.0	310385.0	8563.0	h5ad_obs	supplementary	ctrl	verified_via_num_features_eq_1	num_features	3.1739784075963584	0.0245181916580771	0.2269537452279904	0.1733621261782054	0.1412998460482902	0.0412866693727299	0.1616394502824292	4.0	-0.6406683617021539	0.7465373274002732	1.0	1.0	both	middle	0.2173219978746015	0.35812964930924546												joint_grid_target
K562_essential_day7	ACH-000551	TMEM127	132.0	10691.0	1.0	310385.0	8563.0	h5ad_obs	supplementary	ctrl	verified_via_num_features_eq_1	num_features	2.773943985136532	0.0228272940702107	0.1250927861861193	0.1106562667695507	0.1011052786703914	0.0283051617469467	0.0744931371686004	0.0	-0.0561802510053386	0.0361423295486495	1.0	1.0	both	Q4_low_info	0.15727948990435706	0.03028692879914984												joint_grid_target
K562_essential_day7	ACH-000551	TMEM240	176.0	10691.0	1.0	310385.0	8563.0	h5ad_obs	supplementary	ctrl	verified_via_num_features_eq_1	num_features	2.4665472942344286	0.0202956872631514	0.1181421813026722	0.1020848672365231	0.0907098995069581	0.0293698458036746	0.0738878431354432	0.0	-0.2277003191842222	0.1344142549595253	1.0	1.0	both	Q4_low_info	0.07226354941551541	0.09351753453772582												joint_grid_target
K562_essential_day7	ACH-000551	TMEM258	193.0	10691.0	1.0	310385.0	8563.0	h5ad_obs	supplementary	ctrl	verified_via_num_features_eq_1	num_features	2.8364155745581776	0.0218175166474962	0.1963586438533871	0.1447557525804856	0.118568350754778	0.0387413344404213	0.2001694114128831	4.0	-0.8112908728857853	0.8914246156882963	1.0	1.0	both	middle	0.12327311370882041	0.46068012752391074												joint_grid_target
K562_essential_day7	ACH-000551	TMSB10	228.0	10691.0	1.0	310385.0	8563.0	h5ad_obs	supplementary	ctrl	verified_via_num_features_eq_1	num_features	3.011668096078187	0.0211505969837911	0.3051418540950269	0.1932735173704974	0.144118504370245	0.0533572920800934	0.1311865171636341	9.0	-0.3955465883806436	0.3499080858050486	1.0	1.0	both	Q4_low_info	0.09883103081827843	0.18119022316684377												joint_grid_target
K562_essential_day7	ACH-000551	TMX2	109.0	10691.0	1.0	310385.0	8563.0	h5ad_obs	supplementary	ctrl	verified_via_num_features_eq_1	num_features	6.430951591545895	0.0478950512973063	0.393554999923197	0.3303260108711314	0.2912696676162768	0.0402713501620616	2.1336295351530605	80.0	-0.4194580789166121	0.3894379765908394	1.0	1.0	both	Q2_shift_excess	0.7890541976620616	0.20031880977683317												joint_grid_target
K562_essential_day7	ACH-000551	TNNT2	28.0	10691.0	1.0	310385.0	8563.0	h5ad_obs	supplementary	ctrl	verified_via_num_features_eq_1	num_features	6.147140231968728	0.0504307674603097	0.268646184132957	0.244549462981086	0.2219299302091705	0.0283149107102766	0.5882757237444061	12.0	-0.5108202021437429	0.5476341851188278	1.0	1.0	both	middle	0.8193411264612115	0.2635494155154091												joint_grid_target
K562_essential_day7	ACH-000551	TNPO3	100.0	10691.0	1.0	310385.0	8563.0	h5ad_obs	supplementary	ctrl	verified_via_num_features_eq_1	num_features	5.15843373284986	0.0384388009414972	0.4000235215187764	0.3004127451757125	0.2451427215169424	0.0456344249628303	0.369485944377498	27.0	-1.064989226807851	0.9618955936324428	1.0	1.0	both	middle	0.6211477151965994	0.6137088204038257												joint_grid_target
K562_essential_day7	ACH-000551	TOE1	146.0	10691.0	1.0	310385.0	8563.0	h5ad_obs	supplementary	ctrl	verified_via_num_features_eq_1	num_features	3.3076114152343203	0.0261852087898896	0.1993421738466665	0.1584819111662695	0.1352135064895626	0.0353400955177412	0.2114647786654284	3.0	-0.109659072445222	0.056119392525768	1.0	1.0	both	middle	0.2789585547290117	0.04622741764080765												joint_grid_target
K562_essential_day7	ACH-000551	TOMM20	111.0	10691.0	1.0	310385.0	8563.0	h5ad_obs	supplementary	ctrl	verified_via_num_features_eq_1	num_features	3.982602232188393	0.0287597425441096	0.3344726895448936	0.2170433740767964	0.1671391557315822	0.0440661997299655	0.2077174673860771	11.0	-1.1783464388662388	0.9770116142901488	1.0	1.0	both	middle	0.3746014877789586	0.6641870350690755												joint_grid_target
K562_essential_day7	ACH-000551	TOMM22	104.0	10691.0	1.0	310385.0	8563.0	h5ad_obs	supplementary	ctrl	verified_via_num_features_eq_1	num_features	5.426284583861863	0.0374957663847044	0.5699963983254152	0.3810111260516463	0.2879223597358439	0.0593334338737831	1.182007425855364	36.0	-1.323754401917732	0.987233764496728	1.0	1.0	both	middle	0.6057385759829969	0.732731137088204												joint_grid_target
K562_essential_day7	ACH-000551	TOMM40	117.0	10691.0	1.0	310385.0	8563.0	h5ad_obs	supplementary	ctrl	verified_via_num_features_eq_1	num_features	4.191154470760349	0.0302465631695533	0.417534144480722	0.2590715829087294	0.1950417010314475	0.0500135641176905	0.4383181069489037	13.0	-1.8056101271693985	0.9994531881053484	1.0	1.0	both	middle	0.41392136025504783	0.869287991498406												joint_grid_target
K562_essential_day7	ACH-000551	TONSL	28.0	10691.0	1.0	310385.0	8563.0	h5ad_obs	supplementary	ctrl	verified_via_num_features_eq_1	num_features	6.945838890129502	0.0551081160979447	0.3947385971584262	0.3297935357314633	0.285969613516423	0.034943840505758	1.4119125070148542	64.0	-1.960993213220341	0.999972412820198	1.0	1.0	both	Q1_anchor	0.8761955366631243	0.8963868225292242												joint_grid_target
K562_essential_day7	ACH-000551	TOP1	123.0	10691.0	1.0	310385.0	8563.0	h5ad_obs	supplementary	ctrl	verified_via_num_features_eq_1	num_features	4.675454455208144	0.0351303468175	0.3181243850208324	0.2563683513829429	0.2154691501131687	0.0426114226065209	0.6550465386450046	16.0	-0.9519852205517833	0.94037434786674	1.0	1.0	both	middle	0.5504782146652497	0.546758767268863												joint_grid_target
K562_essential_day7	ACH-000551	TOP2A	38.0	10691.0	1.0	310385.0	8563.0	h5ad_obs	supplementary	ctrl	verified_via_num_features_eq_1	num_features	5.558753464745204	0.0446660956423568	0.2894581412728983	0.2454754123374805	0.216687364230086	0.0320903214148886	0.5676938963952214	15.0	-2.166096116598013	1.0	1.0	1.0	both	middle	0.7380446333687567	0.9609458023379384												joint_grid_target
K562_essential_day7	ACH-000551	TOP3A	159.0	10691.0	1.0	310385.0	8563.0	h5ad_obs	supplementary	ctrl	verified_via_num_features_eq_1	num_features	2.699441147069132	0.022179113384159	0.1251695419259612	0.1090157767804897	0.0976777969922007	0.0287004848050294	0.0992890772900789	0.0	-0.8320784024827919	0.901274542825837	1.0	1.0	both	middle	0.13708820403825717	0.4723698193411265												joint_grid_target
K562_essential_day7	ACH-000551	TOPBP1	52.0	10691.0	1.0	310385.0	8563.0	h5ad_obs	supplementary	ctrl	verified_via_num_features_eq_1	num_features	5.06850339636608	0.0409406162596563	0.2377961601263542	0.2142195557433829	0.1932843856380529	0.0305526439540428	0.547857122077124	3.0	-0.8299739730074738	0.9003194247918629	1.0	1.0	both	middle	0.6700318809776833	0.47024442082890544												joint_grid_target
K562_essential_day7	ACH-000551	TOR2A	48.0	10691.0	1.0	310385.0	8563.0	h5ad_obs	supplementary	ctrl	verified_via_num_features_eq_1	num_features	4.751664571390569	0.0392617195929571	0.2095145857056796	0.1848532909331872	0.1678549106889379	0.0274917211389689	0.2688384790697871	1.0	-0.1877501348411851	0.101751948724559	1.0	1.0	both	middle	0.6365568544102019	0.07438894792773645												joint_grid_target
K562_essential_day7	ACH-000551	TP53RK	88.0	10691.0	1.0	310385.0	8563.0	h5ad_obs	supplementary	ctrl	verified_via_num_features_eq_1	num_features	3.678266780039768	0.0299319482729411	0.1986780925529086	0.1632908774141163	0.1424458012300172	0.0318545149858329	0.2114467635487216	4.0	-0.5509831917430338	0.6153252906562858	1.0	1.0	both	middle	0.4027630180658874	0.29808714133900105												joint_grid_target
K562_essential_day7	ACH-000551	TPI1	40.0	10691.0	1.0	310385.0	8563.0	h5ad_obs	supplementary	ctrl	verified_via_num_features_eq_1	num_features	5.808533578599732	0.0465284284746397	0.3149559850876441	0.2575517480934683	0.2249866409624333	0.0323214010468554	0.8498124764979273	13.0	-1.135761852930906	0.9719379058025928	1.0	1.0	both	middle	0.7688629117959618	0.6477151965993624												joint_grid_target
K562_essential_day7	ACH-000551	TPR	77.0	10691.0	1.0	310385.0	8563.0	h5ad_obs	supplementary	ctrl	verified_via_num_features_eq_1	num_features	7.019155679467914	0.0510439018843578	0.5326199303161694	0.4133264549311763	0.339446508995797	0.0472817343137953	1.9951017915595115	97.0	-0.6718140372752239	0.7832922812163814	1.0	1.0	both	middle	0.8283740701381509	0.3793836344314559												joint_grid_target
K562_essential_day7	ACH-000551	TPRKB	40.0	10691.0	1.0	310385.0	8563.0	h5ad_obs	supplementary	ctrl	verified_via_num_features_eq_1	num_features	5.734959490641741	0.0460854317620861	0.3321003047668238	0.2723461412724151	0.2331705450661974	0.0345065568162338	0.6000275581853671	23.0	-0.4320707128492774	0.4108190526002646	1.0	1.0	both	Q2_shift_excess	0.7635494155154091	0.20882040382571732												joint_grid_target
K562_essential_day7	ACH-000551	TPT1	48.0	10691.0	1.0	310385.0	8563.0	h5ad_obs	supplementary	ctrl	verified_via_num_features_eq_1	num_features	5.561599296412607	0.0420813741607033	0.3742751189161232	0.2779765482899843	0.2288433417215143	0.0385711249035329	0.6110652592626469	17.0	-1.322311179338255	0.9871888896228144	1.0	1.0	both	middle	0.6891604675876727	0.7316684378320936												joint_grid_target
K562_essential_day7	ACH-000551	TPX2	361.0	10691.0	1.0	310385.0	8563.0	h5ad_obs	supplementary	ctrl	verified_via_num_features_eq_1	num_features	3.793289853623508	0.0268442389509766	0.2720924173267304	0.2210073377034579	0.1876694445412159	0.0480728264548653	0.8569556324897665	8.0	-1.958732850721526	0.9999708648813772	1.0	1.0	both	middle	0.3018065887353879	0.895855472901169												joint_grid_target
K562_essential_day7	ACH-000551	TRA2B	222.0	10691.0	1.0	310385.0	8563.0	h5ad_obs	supplementary	ctrl	verified_via_num_features_eq_1	num_features	4.613306139228661	0.0309809341510319	0.4833596288275762	0.3277373593130279	0.2470975854500547	0.0617697013803265	0.618548336009475	26.0	-0.7977405959860691	0.8842813780333327	1.0	1.0	both	middle	0.4383634431455898	0.4532412327311371												joint_grid_target
K562_essential_day7	ACH-000551	TRAIP	87.0	10691.0	1.0	310385.0	8563.0	h5ad_obs	supplementary	ctrl	verified_via_num_features_eq_1	num_features	3.451114059877795	0.0280347265185199	0.1871333261548489	0.1516910229289353	0.1320808971951061	0.0315942184366431	0.1835147858137507	2.0	-0.4014077181523875	0.3594275744140504	1.0	1.0	both	middle	0.34643995749202977	0.1875664187035069												joint_grid_target
K562_essential_day7	ACH-000551	TRAPPC1	106.0	10691.0	1.0	310385.0	8563.0	h5ad_obs	supplementary	ctrl	verified_via_num_features_eq_1	num_features	3.103363047558468	0.0254271837472895	0.1546535097451742	0.1294592383613033	0.1144191440857549	0.0297289004344376	0.1086328070130751	1.0	-1.0231905567205697	0.9549367090601936	1.0	1.0	both	middle	0.25239107332624866	0.589798087141339												joint_grid_target
K562_essential_day7	ACH-000551	TRAPPC11	110.0	10691.0	1.0	310385.0	8563.0	h5ad_obs	supplementary	ctrl	verified_via_num_features_eq_1	num_features	3.728631605772704	0.0298655327435935	0.1878324051062163	0.1632648847175029	0.1448644486574227	0.0319202717625302	0.4483968499299813	1.0	-0.7546177790625392	0.8574181050281118	1.0	1.0	both	middle	0.40116896918172157	0.42720510095642933												joint_grid_target
K562_essential_day7	ACH-000551	TRAPPC3	163.0	10691.0	1.0	310385.0	8563.0	h5ad_obs	supplementary	ctrl	verified_via_num_features_eq_1	num_features	2.700347252272811	0.02123175709674	0.1577497212770775	0.1234008575502125	0.1051552849161369	0.0339372229149662	0.1217723369306842	2.0	-1.7847239307645733	0.999247540217124	1.0	1.0	both	Q3_dep_excess	0.10042507970244421	0.8634431455897981												joint_grid_target
K562_essential_day7	ACH-000551	TRAPPC4	196.0	10691.0	1.0	310385.0	8563.0	h5ad_obs	supplementary	ctrl	verified_via_num_features_eq_1	num_features	2.436123215548565	0.0191521449892573	0.14534396856222	0.1092412428001719	0.0923519633480324	0.0333052940048308	0.0580466582868783	2.0	-0.7006707131132835	0.8128893418778833	1.0	1.0	both	middle	0.04410201912858661	0.3995749202975558												joint_grid_target
K562_essential_day7	ACH-000551	TRAPPC5	132.0	10691.0	1.0	310385.0	8563.0	h5ad_obs	supplementary	ctrl	verified_via_num_features_eq_1	num_features	3.390038755237875	0.0267040762506711	0.1935901158027413	0.1569549212305484	0.1352011134195122	0.0343195384212753	0.3195538868367809	2.0	-0.3532855138772639	0.2843671950339207	1.0	1.0	both	middle	0.29968119022316686	0.15781083953241232												joint_grid_target
K562_essential_day7	ACH-000551	TRAPPC8	152.0	10691.0	1.0	310385.0	8563.0	h5ad_obs	supplementary	ctrl	verified_via_num_features_eq_1	num_features	3.0783294896872886	0.0248603285926605	0.1503203648018763	0.1314250787347777	0.1164077701334665	0.0308684939801859	0.2392905794391158	1.0	-1.364714553602383	0.988265184720054	1.0	1.0	both	middle	0.230605738575983	0.7486716259298618												joint_grid_target
K562_essential_day7	ACH-000551	TREML2	58.0	10691.0	1.0	310385.0	8563.0	h5ad_obs	supplementary	ctrl	verified_via_num_features_eq_1	num_features	4.21712591912691	0.0349294725726462	0.1742804392011097	0.1579543183540172	0.1456576559206012	0.0264048397473088	0.2080752424321517	0.0	-0.1463545465332967	0.074826199363522	1.0	1.0	both	middle	0.5446333687566419	0.057385759829968117												joint_grid_target
K562_essential_day7	ACH-000551	TREX2	275.0	10691.0	1.0	310385.0	8563.0	h5ad_obs	supplementary	ctrl	verified_via_num_features_eq_1	num_features	4.075452969854862	0.0293323944633601	0.282007427136724	0.2301700976776688	0.1968339842271759	0.0458189830226009	0.9303075098011782	10.0	-0.0741170252813443	0.0419896601645641	1.0	1.0	both	middle	0.39054197662061635	0.036131774707757705												joint_grid_target
K562_essential_day7	ACH-000551	TRIAP1	66.0	10691.0	1.0	310385.0	8563.0	h5ad_obs	supplementary	ctrl	verified_via_num_features_eq_1	num_features	4.253371880640534	0.0345690073318275	0.2162363951536491	0.1792788464017555	0.1578362808908238	0.0302821147344684	0.2987343169774217	2.0	-1.5268390772455995	0.9917318732070524	1.0	1.0	both	middle	0.5334750265674814	0.793836344314559												joint_grid_target
K562_essential_day7	ACH-000551	TRMT10C	88.0	10691.0	1.0	310385.0	8563.0	h5ad_obs	supplementary	ctrl	verified_via_num_features_eq_1	num_features	4.493656683413092	0.0330152404003827	0.3880302320859371	0.2708767960328915	0.2117895612885929	0.0479072674658853	0.5617775210573388	16.0	-0.6170429197937831	0.7153721040433504	1.0	1.0	both	middle	0.49309245483528164	0.3405951115834219												joint_grid_target
K562_essential_day7	ACH-000551	TRMT112	201.0	10691.0	1.0	310385.0	8563.0	h5ad_obs	supplementary	ctrl	verified_via_num_features_eq_1	num_features	5.285860821476257	0.0378219453268113	0.4163673063096372	0.3284881083853623	0.273385646311296	0.0507130639269526	1.656934751373008	46.0	-2.0589735212733524	0.9999989732528294	1.0	1.0	both	middle	0.6115834218916046	0.9144527098831031												joint_grid_target
K562_essential_day7	ACH-000551	TRMT5	94.0	10691.0	1.0	310385.0	8563.0	h5ad_obs	supplementary	ctrl	verified_via_num_features_eq_1	num_features	5.413725409412447	0.0399673483990541	0.4036099442758252	0.308813708174375	0.2554314891570458	0.0451164889149951	1.6147364637133546	32.0	-0.6867302818522729	0.7990689493326523	1.0	1.0	both	middle	0.6477151965993624	0.39160467587672687												joint_grid_target
K562_essential_day7	ACH-000551	TRMT6	114.0	10691.0	1.0	310385.0	8563.0	h5ad_obs	supplementary	ctrl	verified_via_num_features_eq_1	num_features	3.083971833384956	0.0251229960442297	0.1756920049142399	0.1388612611550184	0.1190409962998495	0.032274069924582	0.150758798647665	2.0	-0.4421108160795761	0.4280530130539058	1.0	1.0	both	Q4_low_info	0.24335812964930925	0.218384697130712												joint_grid_target
K562_essential_day7	ACH-000551	TRNP1	156.0	10691.0	1.0	310385.0	8563.0	h5ad_obs	supplementary	ctrl	verified_via_num_features_eq_1	num_features	2.554794877584533	0.0210613060414254	0.1155422143984705	0.1017143244119169	0.0918637428385437	0.0281994657336568	0.0679464620423058	1.0	-0.0876008444367763	0.0469401389660745	1.0	1.0	both	Q4_low_info	0.0951115834218916	0.040382571732199786												joint_grid_target
K562_essential_day7	ACH-000551	TRNT1	203.0	10691.0	1.0	310385.0	8563.0	h5ad_obs	supplementary	ctrl	verified_via_num_features_eq_1	num_features	2.573105868398693	0.0205372935859703	0.1506168546557863	0.121993499688009	0.1051583096795953	0.0346846677849742	0.1599825410634405	2.0	-2.1547440397280933	1.0	1.0	1.0	both	Q3_dep_excess	0.08023379383634431	0.9609458023379384												joint_grid_target
K562_essential_day7	ACH-000551	TRPM7	128.0	10691.0	1.0	310385.0	8563.0	h5ad_obs	supplementary	ctrl	verified_via_num_features_eq_1	num_features	4.389535207482062	0.0330496660578901	0.2867086430715247	0.2296393934577482	0.1974897171837134	0.0405717159074849	0.8091688633565433	13.0	-1.2171778137680362	0.9808862796122972	1.0	1.0	both	middle	0.49681190223166843	0.6854410201912858												joint_grid_target
K562_essential_day7	ACH-000551	TRRAP	427.0	10691.0	1.0	310385.0	8563.0	h5ad_obs	supplementary	ctrl	verified_via_num_features_eq_1	num_features	7.328093991011973	0.0496751838589445	0.5896357750837853	0.4547830872426949	0.3772822077292703	0.0534575292935515	2.995508040354178	142.0	-2.1903850518105794	1.0	1.0	1.0	both	Q1_anchor	0.8124335812964931	0.9609458023379384												joint_grid_target
K562_essential_day7	ACH-000551	TSEN2	177.0	10691.0	1.0	310385.0	8563.0	h5ad_obs	supplementary	ctrl	verified_via_num_features_eq_1	num_features	4.140415148783012	0.0270429658490674	0.4954328831579359	0.3141872777046505	0.2251275344851331	0.0678388279317474	0.4695709991661072	18.0	-0.588890358001083	0.6748789792763629	1.0	1.0	both	middle	0.3108395324123273	0.32093517534537724												joint_grid_target
K562_essential_day7	ACH-000551	TSEN34	275.0	10691.0	1.0	310385.0	8563.0	h5ad_obs	supplementary	ctrl	verified_via_num_features_eq_1	num_features	1.9897092481877685	0.0164041116671852	0.0964768689469634	0.082348465964556	0.0729868246990021	0.0293120948034547	0.0444997944246594	0.0	-0.3955929710006575	0.3499834192032283	1.0	1.0	both	Q4_low_info	0.012752391073326248	0.18172157279489903												joint_grid_target
K562_essential_day7	ACH-000551	TSEN54	52.0	10691.0	1.0	310385.0	8563.0	h5ad_obs	supplementary	ctrl	verified_via_num_features_eq_1	num_features	4.664997590318884	0.0373609992136464	0.2795074356544962	0.2191127367154622	0.1865052967196452	0.0342446869702688	0.4066912298804936	5.0	-0.8857626365275794	0.921857219286179	1.0	1.0	both	middle	0.6014877789585548	0.5079702444208289												joint_grid_target
K562_essential_day7	ACH-000551	TSFM	98.0	10691.0	1.0	310385.0	8563.0	h5ad_obs	supplementary	ctrl	verified_via_num_features_eq_1	num_features	3.661573875485435	0.0295529233699277	0.1867912785143106	0.1596688817681216	0.1403494460210962	0.031547423535427	0.2292306097881695	1.0	-0.5609305969374201	0.6314454597064466	1.0	1.0	both	middle	0.3942614240170032	0.30499468650371947												joint_grid_target
K562_essential_day7	ACH-000551	TSG101	87.0	10691.0	1.0	310385.0	8563.0	h5ad_obs	supplementary	ctrl	verified_via_num_features_eq_1	num_features	8.690471184507322	0.059987224311384	0.6798029128443378	0.5378647426615202	0.4439884584013158	0.0523550248738565	3.1869940197850504	236.0	-1.3603960084840905	0.9881797297586252	1.0	1.0	both	middle	0.9144527098831031	0.7460148777895855												joint_grid_target
K562_essential_day7	ACH-000551	TSPYL5	93.0	10691.0	1.0	310385.0	8563.0	h5ad_obs	supplementary	ctrl	verified_via_num_features_eq_1	num_features	3.5486105096008425	0.0289496017603964	0.1702015144830802	0.1487291893188129	0.1336657018216973	0.0299983713686391	0.14273787908383	1.0	-0.5711833743900838	0.647722962917594	1.0	1.0	both	middle	0.3799149840595112	0.310308182784272												joint_grid_target
K562_essential_day7	ACH-000551	TSR1	188.0	10691.0	1.0	310385.0	8563.0	h5ad_obs	supplementary	ctrl	verified_via_num_features_eq_1	num_features	3.584412524552728	0.0273756832334027	0.2191059979261989	0.1832834113087293	0.1577854837152596	0.0390932928450122	0.5958283778346729	3.0	-1.3436550488639902	0.987800640093702	1.0	1.0	both	middle	0.320403825717322	0.7396386822529224												joint_grid_target
K562_essential_day7	ACH-000551	TSR2	523.0	10691.0	1.0	310385.0	8563.0	h5ad_obs	supplementary	ctrl	verified_via_num_features_eq_1	num_features	8.80672569042037	0.0645258750977947	0.5787161954216133	0.4816219317111392	0.414568868217702	0.043582928867428	5.586126384358945	229.0	-1.2445025207039897	0.983120543738801	1.0	1.0	both	middle	0.9373007438894793	0.6965993623804463												joint_grid_target
K562_essential_day7	ACH-000551	TSSK3	212.0	10691.0	1.0	310385.0	8563.0	h5ad_obs	supplementary	ctrl	verified_via_num_features_eq_1	num_features	2.2388025108592835	0.0183789017197643	0.1037528543633831	0.0924855485956798	0.0822730906747807	0.0293831520115289	0.0488324127175854	0.0	-0.2254453337088211	0.1323844264597813	1.0	1.0	both	Q4_low_info	0.030818278427205102	0.09139213602550478												joint_grid_target
K562_essential_day7	ACH-000551	TTC1	69.0	10691.0	1.0	310385.0	8563.0	h5ad_obs	supplementary	ctrl	verified_via_num_features_eq_1	num_features	4.2085218114912575	0.0337296839766217	0.2335673853046299	0.1884776477188159	0.1645220822200622	0.0326280892128971	0.3237793702973075	3.0	-0.818693948082024	0.8950473650271631	1.0	1.0	both	middle	0.5138150903294367	0.46439957492029754												joint_grid_target
K562_essential_day7	ACH-000551	TTC27	89.0	10691.0	1.0	310385.0	8563.0	h5ad_obs	supplementary	ctrl	verified_via_num_features_eq_1	num_features	5.873552737906496	0.0448212067091099	0.3304275603397815	0.2901111482016536	0.2575459099301754	0.0377941805524386	1.7593562297096224	47.0	-1.629592306792661	0.9955451487909004	1.0	1.0	both	middle	0.7433581296493093	0.8262486716259299												joint_grid_target
K562_essential_day7	ACH-000551	TTC4	108.0	10691.0	1.0	310385.0	8563.0	h5ad_obs	supplementary	ctrl	verified_via_num_features_eq_1	num_features	3.619292281352485	0.0290437610111056	0.2032469979997118	0.1674471196857539	0.1448771489719897	0.033664245658823	0.2583544721873547	3.0	-0.4922637783952004	0.5154345165873787	1.0	1.0	both	middle	0.3820403825717322	0.24442082890541977												joint_grid_target
K562_essential_day7	ACH-000551	TTF2	68.0	10691.0	1.0	310385.0	8563.0	h5ad_obs	supplementary	ctrl	verified_via_num_features_eq_1	num_features	3.87474567355534	0.0316749992543287	0.186470843283891	0.1614079708632967	0.1448669025509803	0.0297544841125178	0.2996970505311918	1.0	-0.9461429412878516	0.9389602527056728	1.0	1.0	both	middle	0.45483528161530284	0.5409139213602551												joint_grid_target
K562_essential_day7	ACH-000551	TTI1	151.0	10691.0	1.0	310385.0	8563.0	h5ad_obs	supplementary	ctrl	verified_via_num_features_eq_1	num_features	6.176322779847016	0.045125263325359	0.4121464052040841	0.3411828235798756	0.2917895159272241	0.0441480443473465	1.663429492806637	65.0	-0.3117721168064161	0.2268168639214427	1.0	1.0	both	middle	0.7481402763018066	0.140807651434644												joint_grid_target
K562_essential_day7	ACH-000551	TTI2	43.0	10691.0	1.0	310385.0	8563.0	h5ad_obs	supplementary	ctrl	verified_via_num_features_eq_1	num_features	6.00010049027387	0.0481378758123618	0.3373706969020854	0.273140492046398	0.2369222780740239	0.0331316622597421	0.919292411564756	22.0	-0.506683481038329	0.5404773409229134	1.0	1.0	both	middle	0.793836344314559	0.2592986184909671												joint_grid_target
K562_essential_day7	ACH-000551	TTK	199.0	10691.0	1.0	310385.0	8563.0	h5ad_obs	supplementary	ctrl	verified_via_num_features_eq_1	num_features	7.1435581528570165	0.0499100115859397	0.4555241955975081	0.3946337143381841	0.3517592943582046	0.0461690113475142	3.005837011186877	145.0	-0.401935065474537	0.3602943946985071	1.0	1.0	both	Q2_shift_excess	0.8150903294367694	0.18809776833156217												joint_grid_target
K562_essential_day7	ACH-000551	TUBA1B	74.0	10691.0	1.0	310385.0	8563.0	h5ad_obs	supplementary	ctrl	verified_via_num_features_eq_1	num_features	5.078548327891663	0.0375164131271402	0.3317901498749064	0.2480984496661645	0.2076212595043136	0.0386141786137539	0.6379796362605283	10.0	-0.907881644916778	0.928736817503598	1.0	1.0	both	middle	0.6068012752391073	0.5175345377258236												joint_grid_target
K562_essential_day7	ACH-000551	TUBA1C	51.0	10691.0	1.0	310385.0	8563.0	h5ad_obs	supplementary	ctrl	verified_via_num_features_eq_1	num_features	4.637276849348972	0.03711081012018	0.2489694938261256	0.1969826281310074	0.172506483050233	0.0309935663882652	0.2339631871074452	1.0	-0.5089188032431768	0.544344619460697	1.0	1.0	both	middle	0.5972369819341127	0.2614240170031881												joint_grid_target
K562_essential_day7	ACH-000551	TUBA3D	69.0	10691.0	1.0	310385.0	8563.0	h5ad_obs	supplementary	ctrl	verified_via_num_features_eq_1	num_features	3.842056835505952	0.031535161324326	0.1731623516088867	0.1536922655579635	0.1400156375636931	0.0284577798792048	0.1791762566576142	0.0	-0.5204086474559867	0.5640955115760133	1.0	1.0	both	middle	0.45217853347502657	0.2725823591923486												joint_grid_target
K562_essential_day7	ACH-000551	TUBB	107.0	10691.0	1.0	310385.0	8563.0	h5ad_obs	supplementary	ctrl	verified_via_num_features_eq_1	num_features	4.048580602001274	0.0304970517015181	0.2767520936469849	0.2086912366848078	0.1734215378989976	0.0399567739747256	0.5190501723483543	5.0	-2.8993999585175465	1.0	1.0	1.0	both	middle	0.4250797024442083	0.9609458023379384												joint_grid_target
K562_essential_day7	ACH-000551	TUBD1	190.0	10691.0	1.0	310385.0	8563.0	h5ad_obs	supplementary	ctrl	verified_via_num_features_eq_1	num_features	2.3212823207427618	0.0192259874386766	0.0993046298171983	0.0904962216200208	0.0830761473649248	0.0274843742165013	0.0504659153792292	0.0	-0.233150324534537	0.1393919580808748	1.0	1.0	both	Q4_low_info	0.04569606801275239	0.09564293304994687												joint_grid_target
K562_essential_day7	ACH-000551	TUBE1	134.0	10691.0	1.0	310385.0	8563.0	h5ad_obs	supplementary	ctrl	verified_via_num_features_eq_1	num_features	2.7240279128828364	0.0225710750180561	0.1124092786499764	0.1054600121262806	0.0974895841100898	0.0272822153733652	0.0699141008273418	0.0	-0.1867543683084342	0.1010275909666708	1.0	1.0	both	Q4_low_info	0.14824654622741765	0.07385759829968119												joint_grid_target
K562_essential_day7	ACH-000551	TUBGCP2	238.0	10691.0	1.0	310385.0	8563.0	h5ad_obs	supplementary	ctrl	verified_via_num_features_eq_1	num_features	3.0472667380264364	0.0226090764490939	0.2449267268777612	0.1892572398375616	0.1507541396173195	0.048878035213935	0.3676614066157864	5.0	-1.449310758751395	0.989689233001337	1.0	1.0	both	Q3_dep_excess	0.14930924548352817	0.7752391073326249												joint_grid_target
K562_essential_day7	ACH-000551	TUBGCP3	30.0	10691.0	1.0	310385.0	8563.0	h5ad_obs	supplementary	ctrl	verified_via_num_features_eq_1	num_features	5.895138784102017	0.0479350437185751	0.3039948533416071	0.2544166417100588	0.2236537372112025	0.0309910612357206	0.7111423887021058	17.0	-0.8093992992953691	0.8904444698534277	1.0	1.0	both	middle	0.7901168969181721	0.4596174282678002												joint_grid_target
K562_essential_day7	ACH-000551	TUBGCP4	42.0	10691.0	1.0	310385.0	8563.0	h5ad_obs	supplementary	ctrl	verified_via_num_features_eq_1	num_features	5.650843781956453	0.0456347672389342	0.2890167817011188	0.2418419948454393	0.2164404224533294	0.0309442482865435	0.547241652623585	12.0	-1.1125791644066787	0.968864733689386	1.0	1.0	both	middle	0.7545164718384697	0.6365568544102019												joint_grid_target
K562_essential_day7	ACH-000551	TUBGCP5	72.0	10691.0	1.0	310385.0	8563.0	h5ad_obs	supplementary	ctrl	verified_via_num_features_eq_1	num_features	4.004310341771676	0.0326248235801795	0.1848469896932019	0.1634463901453932	0.1484313717402985	0.029253054594626	0.1945255672991894	0.0	-1.0218580626198002	0.9547023143913608	1.0	1.0	both	middle	0.4824654622741764	0.5892667375132837												joint_grid_target
K562_essential_day7	ACH-000551	TUBGCP6	153.0	10691.0	1.0	310385.0	8563.0	h5ad_obs	supplementary	ctrl	verified_via_num_features_eq_1	num_features	2.583498344638384	0.0212655007174401	0.123277977502944	0.1067898703465966	0.0944474110605143	0.0293223319847699	0.0630338826022356	0.0	-0.5926574630438552	0.6805205436872823	1.0	1.0	both	middle	0.10201912858660998	0.3246546227417641												joint_grid_target
K562_essential_day7	ACH-000551	TULP1	123.0	10691.0	1.0	310385.0	8563.0	h5ad_obs	supplementary	ctrl	verified_via_num_features_eq_1	num_features	2.8695079686157245	0.023670873228595	0.1239724646913017	0.1116102587091835	0.1018626534555492	0.0275317549623143	0.1181790991329183	0.0	-0.2249604608066608	0.1319479674021532	1.0	1.0	both	Q4_low_info	0.18278427205100956	0.09032943676939426												joint_grid_target
K562_essential_day7	ACH-000551	TUT1	208.0	10691.0	1.0	310385.0	8563.0	h5ad_obs	supplementary	ctrl	verified_via_num_features_eq_1	num_features	2.6364966717026097	0.0211058853939379	0.1393632335794748	0.1165118492457716	0.1035104567040374	0.0322337312072745	0.1927766834341024	0.0	-2.3835934229946534	1.0	1.0	1.0	both	Q3_dep_excess	0.09670563230605739	0.9609458023379384												joint_grid_target
K562_essential_day7	ACH-000551	TWF1	140.0	10691.0	1.0	310385.0	8563.0	h5ad_obs	supplementary	ctrl	verified_via_num_features_eq_1	num_features	2.904610830135704	0.0236525538016479	0.1327664690274482	0.1187643384190118	0.1079073502493201	0.0293191972384192	0.1430858104563981	0.0	-0.3696690455918654	0.3090190885996181	1.0	1.0	both	Q4_low_info	0.1822529224229543	0.1689691817215728												joint_grid_target
K562_essential_day7	ACH-000551	TXN	94.0	10691.0	1.0	310385.0	8563.0	h5ad_obs	supplementary	ctrl	verified_via_num_features_eq_1	num_features	5.338176645388272	0.0394962825971941	0.3572742202325175	0.287698199060358	0.2451978306502809	0.0425328987249047	1.2826897820495091	29.0	-1.1700992579631382	0.9760940531589886	1.0	1.0	both	middle	0.6397449521785334	0.6594048884165781												joint_grid_target
K562_essential_day7	ACH-000551	TXNL4A	85.0	10691.0	1.0	310385.0	8563.0	h5ad_obs	supplementary	ctrl	verified_via_num_features_eq_1	num_features	4.744100559670082	0.0359187535594542	0.3447301002705357	0.2548439635674158	0.2075260110066944	0.0414283039407016	0.7590215299881748	13.0	-1.7228695755591532	0.9982665268077844	1.0	1.0	both	middle	0.5727948990435706	0.8517534537725824												joint_grid_target
K562_essential_day7	ACH-000551	TXNL4B	135.0	10691.0	1.0	310385.0	8563.0	h5ad_obs	supplementary	ctrl	verified_via_num_features_eq_1	num_features	2.838948992852284	0.0230972060247544	0.1543670481372254	0.1247948818680671	0.1078927358731719	0.031548694043663	0.100821167888137	1.0	-0.5581481111514204	0.6269411751408613	1.0	1.0	both	middle	0.1620616365568544	0.3028692879914984												joint_grid_target
K562_essential_day7	ACH-000551	U2AF1	141.0	10691.0	1.0	310385.0	8563.0	h5ad_obs	supplementary	ctrl	verified_via_num_features_eq_1	num_features	10.033022250687338	0.0720176482243472	0.6904462821664685	0.559175987340771	0.4762117200967758	0.045337089718886	4.387678916788547	341.0	-1.9353491438061428	0.999951222114784	1.0	1.0	both	Q1_anchor	0.9681190223166843	0.8921360255047821												joint_grid_target
K562_essential_day7	ACH-000551	U2AF2	107.0	10691.0	1.0	310385.0	8563.0	h5ad_obs	supplementary	ctrl	verified_via_num_features_eq_1	num_features	4.709625746678722	0.0358202538689267	0.3077497132720653	0.250861220843971	0.2138149442301191	0.0408929962128088	0.5273169335617762	20.0	-0.8470582148856461	0.9076425063037274	1.0	1.0	both	middle	0.5685441020191286	0.4819341126461211												joint_grid_target
K562_essential_day7	ACH-000551	U2SURP	290.0	10691.0	1.0	310385.0	8563.0	h5ad_obs	supplementary	ctrl	verified_via_num_features_eq_1	num_features	7.259116026257995	0.0482311847869912	0.5862235023758575	0.4596301416889319	0.3851121864407616	0.0556448058042583	2.190494083796313	154.0	-1.1440258388436222	0.972984358688993	1.0	1.0	both	middle	0.7954303931987248	0.6530286928799149												joint_grid_target
K562_essential_day7	ACH-000551	UBA1	287.0	10691.0	1.0	310385.0	8563.0	h5ad_obs	supplementary	ctrl	verified_via_num_features_eq_1	num_features	8.048809040339984	0.0562408223244753	0.5951030399647445	0.4720112449141768	0.3990932855730791	0.0490054908286345	3.003048724427192	186.0	-2.4222436621966894	1.0	1.0	1.0	both	Q1_anchor	0.8831030818278427	0.9609458023379384												joint_grid_target
K562_essential_day7	ACH-000551	UBA2	172.0	10691.0	1.0	310385.0	8563.0	h5ad_obs	supplementary	ctrl	verified_via_num_features_eq_1	num_features	4.815475725550182	0.0317639580154873	0.5495600627487329	0.3621927615785968	0.262833573454426	0.0665808313644	0.6792501081084819	30.0	-0.8522063889475322	0.9097368613893212	1.0	1.0	both	middle	0.4569606801275239	0.4861849096705632												joint_grid_target
K562_essential_day7	ACH-000551	UBA3	95.0	10691.0	1.0	310385.0	8563.0	h5ad_obs	supplementary	ctrl	verified_via_num_features_eq_1	num_features	4.692468162559223	0.0352785333542572	0.3665719338102337	0.2784893283318987	0.2275194143759143	0.0460937557609154	0.5520370492256319	21.0	-0.4409577701962422	0.4260670394198703	1.0	1.0	both	middle	0.5536663124335813	0.2157279489904357												joint_grid_target
K562_essential_day7	ACH-000551	UBA5	102.0	10691.0	1.0	310385.0	8563.0	h5ad_obs	supplementary	ctrl	verified_via_num_features_eq_1	num_features	3.5365797001700274	0.0277281967079343	0.2235497131798725	0.1696761869741959	0.1424992351279972	0.0357308485383583	0.1735473210987503	3.0	-0.2763899155907963	0.1839468976539979	1.0	1.0	both	middle	0.3363443145589798	0.12114771519659936												joint_grid_target
K562_essential_day7	ACH-000551	UBA52	58.0	10691.0	1.0	310385.0	8563.0	h5ad_obs	supplementary	ctrl	verified_via_num_features_eq_1	num_features	5.542868037263498	0.0428876873775852	0.3675045413162027	0.2788370322590705	0.2338125417851203	0.0379631187627383	1.002506431873197	20.0	-1.2724027782050729	0.9849599173508042	1.0	1.0	both	middle	0.7088204038257173	0.7104144527098831												joint_grid_target
K562_essential_day7	ACH-000551	UBAP1	104.0	10691.0	1.0	310385.0	8563.0	h5ad_obs	supplementary	ctrl	verified_via_num_features_eq_1	num_features	5.462412092198628	0.0405781167103055	0.3514571916236122	0.2900901393843212	0.2510995940178587	0.0417431424669868	1.240061402416952	34.0	-0.7003822490933149	0.812608405110959	1.0	1.0	both	middle	0.6625929861849097	0.3990435706695005												joint_grid_target
K562_essential_day7	ACH-000551	UBE2D3	142.0	10691.0	1.0	310385.0	8563.0	h5ad_obs	supplementary	ctrl	verified_via_num_features_eq_1	num_features	3.1822879086993163	0.0245178525069716	0.2047767992766997	0.1546925841292353	0.128429673915467	0.0368409759548936	0.1606381942407306	2.0	-1.108955716134619	0.968363479864953	1.0	1.0	both	middle	0.21679064824654623	0.6344314558979809												joint_grid_target
K562_essential_day7	ACH-000551	UBE2H	194.0	10691.0	1.0	310385.0	8563.0	h5ad_obs	supplementary	ctrl	verified_via_num_features_eq_1	num_features	2.421691021929117	0.0198045272739783	0.1150982782848832	0.0996566209059431	0.089745399010641	0.029382296516637	0.0809711943717239	0.0	-0.0328145032759843	0.0296158138073607	1.0	1.0	both	Q4_low_info	0.061636556854410204	0.024442082890541977												joint_grid_target
K562_essential_day7	ACH-000551	UBE2I	64.0	10691.0	1.0	310385.0	8563.0	h5ad_obs	supplementary	ctrl	verified_via_num_features_eq_1	num_features	5.420697954605916	0.0397572335823158	0.5128778183562169	0.3405028243059166	0.2600528771831384	0.0500090519511365	0.7144297048975439	25.0	-1.3267074918535158	0.987325586465431	1.0	1.0	both	middle	0.6450584484590861	0.7337938363443146												joint_grid_target
K562_essential_day7	ACH-000551	UBE2L3	201.0	10691.0	1.0	310385.0	8563.0	h5ad_obs	supplementary	ctrl	verified_via_num_features_eq_1	num_features	3.1929899412416938	0.0207742014202808	0.2447789955478267	0.1581786154917809	0.1222877440328996	0.0444597987129867	0.1196135108070901	1.0	-1.5394911797004436	0.9921660432424032	1.0	1.0	both	Q3_dep_excess	0.08767268862911796	0.7986184909670563												joint_grid_target
K562_essential_day7	ACH-000551	UBE2M	177.0	10691.0	1.0	310385.0	8563.0	h5ad_obs	supplementary	ctrl	verified_via_num_features_eq_1	num_features	2.4927823994425955	0.0204048313371482	0.1295873349642307	0.1062729735217789	0.0930957670400472	0.0304112228242369	0.0497785045426812	1.0	-1.7704121848596412	0.9990745566258682	1.0	1.0	both	Q3_dep_excess	0.07598299681190224	0.8623804463336876												joint_grid_target
K562_essential_day7	ACH-000551	UBE2N	174.0	10691.0	1.0	310385.0	8563.0	h5ad_obs	supplementary	ctrl	verified_via_num_features_eq_1	num_features	2.8257314286450748	0.0216739516934378	0.2179854792482666	0.1488033533794894	0.1173172989773967	0.0400883958030116	0.1447016003689061	4.0	-1.9685133545574585	0.9999766722422496	1.0	1.0	both	Q3_dep_excess	0.1179596174282678	0.8985122210414452												joint_grid_target
K562_essential_day7	ACH-000551	UBE2Z	64.0	10691.0	1.0	310385.0	8563.0	h5ad_obs	supplementary	ctrl	verified_via_num_features_eq_1	num_features	4.053698513047383	0.0336486112175752	0.1708255934162553	0.1534776377334689	0.140975767171391	0.0266331185452036	0.1746292192676435	1.0	-0.5636464215693544	0.6357726472345363	1.0	1.0	both	middle	0.5106269925611052	0.30605738575983												joint_grid_target
K562_essential_day7	ACH-000551	UBL5	232.0	10691.0	1.0	310385.0	8563.0	h5ad_obs	supplementary	ctrl	verified_via_num_features_eq_1	num_features	7.421772692919847	0.0528873282352634	0.5048501807457926	0.4144829355966772	0.3562124963239877	0.0457613773552001	2.799961487646465	134.0	-2.461612183991984	1.0	1.0	1.0	both	Q1_anchor	0.8517534537725824	0.9609458023379384												joint_grid_target
K562_essential_day7	ACH-000551	UBQLN4	152.0	10691.0	1.0	310385.0	8563.0	h5ad_obs	supplementary	ctrl	verified_via_num_features_eq_1	num_features	4.015900133768844	0.0305260863728546	0.2704993495270204	0.2117932811612494	0.1797359141026216	0.0405121330412282	0.5194300221762003	9.0	-0.6357506622468525	0.740244783574641	1.0	1.0	both	middle	0.4266737513283741	0.35334750265674814												joint_grid_target
K562_essential_day7	ACH-000551	UBR4	26.0	10691.0	1.0	310385.0	8563.0	h5ad_obs	supplementary	ctrl	verified_via_num_features_eq_1	num_features	6.649480588472295	0.0545003353061336	0.3029422723105531	0.2722977208339368	0.2447149969560761	0.0291735239791077	0.7434371992575564	34.0	-1.3464891283223586	0.9878688799090576	1.0	1.0	both	middle	0.8703506907545164	0.7401700318809776												joint_grid_target
K562_essential_day7	ACH-000551	UBR5	46.0	10691.0	1.0	310385.0	8563.0	h5ad_obs	supplementary	ctrl	verified_via_num_features_eq_1	num_features	5.330691507620831	0.0428431808170106	0.3202694481739025	0.2500890052159397	0.2117358305185062	0.0340845019655014	0.417675116800682	11.0	-0.8641840143895999	0.9143167916788478	1.0	1.0	both	middle	0.7066950053134963	0.49362380446333687												joint_grid_target
K562_essential_day7	ACH-000551	UBTF	202.0	10691.0	1.0	310385.0	8563.0	h5ad_obs	supplementary	ctrl	verified_via_num_features_eq_1	num_features	2.3403299873311867	0.0192192237864095	0.1135200899615109	0.096691899379123	0.086572300816417	0.0293763820741582	0.066013459872309	0.0	-2.5841271973127693	1.0	1.0	1.0	both	Q3_dep_excess	0.04516471838469713	0.9609458023379384												joint_grid_target
K562_essential_day7	ACH-000551	UFL1	162.0	10691.0	1.0	310385.0	8563.0	h5ad_obs	supplementary	ctrl	verified_via_num_features_eq_1	num_features	3.100026678408864	0.0239940956852467	0.2186166036616516	0.1735298579523953	0.1444665687374442	0.0422293002545553	0.3104157335405659	5.0	-0.2041687009438517	0.1143316319195117	1.0	1.0	both	Q4_low_info	0.19606801275239108	0.0818278427205101												joint_grid_target
K562_essential_day7	ACH-000551	UFM1	130.0	10691.0	1.0	310385.0	8563.0	h5ad_obs	supplementary	ctrl	verified_via_num_features_eq_1	num_features	3.4882507695579514	0.0266054272724475	0.2638683738378924	0.2032337468740832	0.1660407081632941	0.0446035726759979	0.3175271315363854	9.0	-0.257922050184871	0.1638602138744127	1.0	1.0	both	middle	0.29436769394261425	0.1099893730074389												joint_grid_target
K562_essential_day7	ACH-000551	UNC45A	178.0	10691.0	1.0	310385.0	8563.0	h5ad_obs	supplementary	ctrl	verified_via_num_features_eq_1	num_features	2.5548987901728	0.0208217761311914	0.1236593452945058	0.1072482048263465	0.0950446668143328	0.030075739809961	0.0957176034067668	1.0	-0.1279151722246162	0.0648673563149017	1.0	1.0	both	Q4_low_info	0.08873538788522849	0.052072263549415514												joint_grid_target
K562_essential_day7	ACH-000551	UNC50	83.0	10691.0	1.0	310385.0	8563.0	h5ad_obs	supplementary	ctrl	verified_via_num_features_eq_1	num_features	3.589093465273158	0.029244150642353	0.1822769141375417	0.155619035756814	0.1372084616296567	0.0310718969550147	0.2507983154469908	2.0	-0.2169888253892787	0.1249763599305243	1.0	1.0	both	middle	0.3873538788522848	0.08554729011689692												joint_grid_target
K562_essential_day7	ACH-000551	UPF1	131.0	10691.0	1.0	310385.0	8563.0	h5ad_obs	supplementary	ctrl	verified_via_num_features_eq_1	num_features	6.210479031314791	0.0419189062994267	0.5773487234763371	0.4368120272958725	0.3445049348092752	0.0608455337455092	1.3062471360463253	73.0	-1.050696371564412	0.9596188702468158	1.0	1.0	both	middle	0.6859723698193412	0.604144527098831												joint_grid_target
K562_essential_day7	ACH-000551	UPF2	154.0	10691.0	1.0	310385.0	8563.0	h5ad_obs	supplementary	ctrl	verified_via_num_features_eq_1	num_features	5.600625973937622	0.0376724447648999	0.5221312797340738	0.3914430707451828	0.310431833328759	0.0606720773765348	1.024868348450255	58.0	-1.2034980335250172	0.979612926257371	1.0	1.0	both	middle	0.6089266737513284	0.6742826780021254												joint_grid_target
K562_essential_day7	ACH-000551	UPF3A	76.0	10691.0	1.0	310385.0	8563.0	h5ad_obs	supplementary	ctrl	verified_via_num_features_eq_1	num_features	3.808353580718949	0.0311608367703364	0.1844109191182904	0.1546656137231583	0.1380936367366791	0.0289820244271609	0.1901161075444832	3.0	-0.1489285530299373	0.0763010210963921	1.0	1.0	both	middle	0.4447396386822529	0.05791710945802338												joint_grid_target
K562_essential_day7	ACH-000551	UQCC2	101.0	10691.0	1.0	310385.0	8563.0	h5ad_obs	supplementary	ctrl	verified_via_num_features_eq_1	num_features	4.286770355358258	0.0328694764071155	0.3054537453999009	0.2345385297033909	0.1936754247809202	0.0416644326667286	0.508029720306963	12.0	-0.4419112474811871	0.4277078133985352	1.0	1.0	both	middle	0.487778958554729	0.2173219978746015												joint_grid_target
K562_essential_day7	ACH-000551	UQCRB	96.0	10691.0	1.0	310385.0	8563.0	h5ad_obs	supplementary	ctrl	verified_via_num_features_eq_1	num_features	4.262697822078904	0.032200189934321	0.2874250252564147	0.2146837691156801	0.1773615114927285	0.0389300389574136	0.532132054100078	7.0	-0.5398041655990213	0.5968496632255585	1.0	1.0	both	middle	0.47396386822529224	0.28852284803400635												joint_grid_target
K562_essential_day7	ACH-000551	UQCRC1	316.0	10691.0	1.0	310385.0	8563.0	h5ad_obs	supplementary	ctrl	verified_via_num_features_eq_1	num_features	1.937971321176056	0.0156966707560168	0.1087416546223663	0.0868265805980207	0.0750838309442753	0.0322990098884087	0.0590439509751181	1.0	-0.3135566820524498	0.229165940247091	1.0	1.0	both	Q4_low_info	0.009032943676939426	0.14187035069075452												joint_grid_target
K562_essential_day7	ACH-000551	UQCRC2	68.0	10691.0	1.0	310385.0	8563.0	h5ad_obs	supplementary	ctrl	verified_via_num_features_eq_1	num_features	4.871830467014564	0.0381338900400678	0.2980060074723529	0.2319954377072671	0.1985849757922596	0.0355232256663069	0.7409137862215172	13.0	-1.0531714228854885	0.9600193557641222	1.0	1.0	both	middle	0.6174282678002125	0.6062699256110521												joint_grid_target
K562_essential_day7	ACH-000551	UQCRFS1	119.0	10691.0	1.0	310385.0	8563.0	h5ad_obs	supplementary	ctrl	verified_via_num_features_eq_1	num_features	4.706438455179888	0.0339607315004007	0.3447961609400564	0.2649320802557486	0.2190715521203464	0.0455513836761417	0.8776160168315279	14.0	-1.010543090218231	0.952637379155723	1.0	1.0	both	middle	0.5207226354941552	0.5818278427205101												joint_grid_target
K562_essential_day7	ACH-000551	UQCRQ	166.0	10691.0	1.0	310385.0	8563.0	h5ad_obs	supplementary	ctrl	verified_via_num_features_eq_1	num_features	3.777086510989931	0.0276368161343325	0.2849573544606694	0.208478497575894	0.1697126662474649	0.0440470999330924	0.5442462559479697	8.0	-0.5832950716633809	0.666431374795808	1.0	1.0	both	middle	0.3336875664187035	0.31721572794899044												joint_grid_target
K562_essential_day7	ACH-000551	URB1	33.0	10691.0	1.0	310385.0	8563.0	h5ad_obs	supplementary	ctrl	verified_via_num_features_eq_1	num_features	5.826273134414516	0.0479936756366672	0.2645475047436674	0.2339153286625503	0.2116530923317726	0.0284589406992081	0.3413276526216631	12.0	-1.1494564978374369	0.9736565544644789	1.0	1.0	both	middle	0.7917109458023379	0.6546227417640808												joint_grid_target
K562_essential_day7	ACH-000551	URB2	198.0	10691.0	1.0	310385.0	8563.0	h5ad_obs	supplementary	ctrl	verified_via_num_features_eq_1	num_features	3.4654672604395067	0.0262422670647912	0.2151188144310832	0.1833730534752654	0.1587334887590972	0.0408016969789153	0.5846751995753969	3.0	-0.8420498919051799	0.9055909029421751	1.0	1.0	both	middle	0.28055260361317746	0.4766206163655685												joint_grid_target
K562_essential_day7	ACH-000551	URI1	82.0	10691.0	1.0	310385.0	8563.0	h5ad_obs	supplementary	ctrl	verified_via_num_features_eq_1	num_features	4.285958377110136	0.0339360983113052	0.2405264104469603	0.2024303240950437	0.175256049333751	0.0348303406049655	0.4817279269012058	4.0	-1.108539314367217	0.9683054385294292	1.0	1.0	both	middle	0.5196599362380446	0.6339001062699257												joint_grid_target
K562_essential_day7	ACH-000551	URM1	123.0	10691.0	1.0	310385.0	8563.0	h5ad_obs	supplementary	ctrl	verified_via_num_features_eq_1	num_features	3.21910229883807	0.0258005174177975	0.1727124259476619	0.1442892952158174	0.1257750269932617	0.0326550051643583	0.2124844911978094	1.0	-0.6046926215661252	0.6980465820631182	1.0	1.0	both	middle	0.269394261424017	0.33103081827842723												joint_grid_target
K562_essential_day7	ACH-000551	UROD	201.0	10691.0	1.0	310385.0	8563.0	h5ad_obs	supplementary	ctrl	verified_via_num_features_eq_1	num_features	2.447413446282543	0.0192353579130256	0.1424144559793358	0.1082067972104463	0.0911816314661917	0.0328471982206817	0.0583260587211356	2.0	-0.3519920580836609	0.2824453791101259	1.0	1.0	both	Q4_low_info	0.04622741764080765	0.1567481402763018												joint_grid_target
K562_essential_day7	ACH-000551	USF2	185.0	10691.0	1.0	310385.0	8563.0	h5ad_obs	supplementary	ctrl	verified_via_num_features_eq_1	num_features	2.500723030116114	0.0204479701961755	0.1199312496553209	0.1049267467074315	0.0934780065735764	0.029962639183705	0.1104369566564962	0.0	-0.0646620267685146	0.0388082624867011	1.0	1.0	both	Q4_low_info	0.07810839532412327	0.03400637619553666												joint_grid_target
K562_essential_day7	ACH-000551	USP10	92.0	10691.0	1.0	310385.0	8563.0	h5ad_obs	supplementary	ctrl	verified_via_num_features_eq_1	num_features	3.327974186414162	0.0273874461215312	0.1516916408726732	0.1317407725245646	0.1180843548690454	0.0280874770082121	0.1209929577251731	1.0	-0.9467071668756508	0.9390972614278243	1.0	1.0	both	middle	0.32199787460148777	0.5425079702444209												joint_grid_target
K562_essential_day7	ACH-000551	USP19	65.0	10691.0	1.0	310385.0	8563.0	h5ad_obs	supplementary	ctrl	verified_via_num_features_eq_1	num_features	3.902684244307428	0.0321783971615622	0.163652236257366	0.1509628043329708	0.1395035521655481	0.0273936313840541	0.1915429533514157	0.0	-0.4364951096624574	0.4184102204816235	1.0	1.0	both	middle	0.4729011689691817	0.21200850159404888												joint_grid_target
K562_essential_day7	ACH-000551	USP36	174.0	10691.0	1.0	310385.0	8563.0	h5ad_obs	supplementary	ctrl	verified_via_num_features_eq_1	num_features	2.818332814676696	0.0226541892197917	0.1523945643822614	0.1265086353436438	0.1120786876944902	0.0326073652074724	0.2085793399185647	1.0	-0.7544079101116159	0.8572716408284445	1.0	1.0	both	middle	0.1514346439957492	0.4266737513283741												joint_grid_target
K562_essential_day7	ACH-000551	USP37	77.0	10691.0	1.0	310385.0	8563.0	h5ad_obs	supplementary	ctrl	verified_via_num_features_eq_1	num_features	4.202946814171366	0.0335566498009758	0.2539577362640574	0.1998008548099724	0.1692064791351392	0.0347666468882338	0.5233538699670515	9.0	-0.6808213733439648	0.7929783950661881	1.0	1.0	both	middle	0.5090329436769394	0.3884165781083953												joint_grid_target
K562_essential_day7	ACH-000551	USP39	220.0	10691.0	1.0	310385.0	8563.0	h5ad_obs	supplementary	ctrl	verified_via_num_features_eq_1	num_features	6.524512355486988	0.0468030659355363	0.4302551011359871	0.3547364620535251	0.3089033506747787	0.0442563494050533	1.7649526024984112	90.0	-1.1120984735554875	0.9687995369603598	1.0	1.0	both	middle	0.7752391073326249	0.6360255047821467												joint_grid_target
K562_essential_day7	ACH-000551	USP5	199.0	10691.0	1.0	310385.0	8563.0	h5ad_obs	supplementary	ctrl	verified_via_num_features_eq_1	num_features	2.907275395303493	0.0229790009045249	0.1648692205415581	0.1406963203038124	0.1225668778087936	0.035751614381547	0.2198638872781568	1.0	-1.2047066404791225	0.979728129550109	1.0	1.0	both	middle	0.1594048884165781	0.6769394261424017												joint_grid_target
K562_essential_day7	ACH-000551	USP7	276.0	10691.0	1.0	310385.0	8563.0	h5ad_obs	supplementary	ctrl	verified_via_num_features_eq_1	num_features	2.094221774208931	0.0168849864500796	0.1216779910887811	0.0960194919600235	0.0818839771970332	0.0332049436559742	0.0646736643583683	1.0	-0.63683067042843	0.7416267303317352	1.0	1.0	both	middle	0.01700318809776833	0.3554729011689692												joint_grid_target
K562_essential_day7	ACH-000551	USP8	74.0	10691.0	1.0	310385.0	8563.0	h5ad_obs	supplementary	ctrl	verified_via_num_features_eq_1	num_features	3.798460932152911	0.0310653074576107	0.1882402622588906	0.1608928403522085	0.1423536562625716	0.0302416249259147	0.1991168272500783	2.0	-0.9086470930987792	0.9289628799847378	1.0	1.0	both	middle	0.44261424017003187	0.5191285866099894												joint_grid_target
K562_essential_day7	ACH-000551	USP9X	112.0	10691.0	1.0	310385.0	8563.0	h5ad_obs	supplementary	ctrl	verified_via_num_features_eq_1	num_features	3.249065452707999	0.0266818308219998	0.1575128571975668	0.135277150449727	0.1206762439799449	0.0296041693980872	0.1756709345036107	2.0	-0.5317926788389377	0.5834324790879529	1.0	1.0	both	middle	0.29861849096705634	0.2832093517534538												joint_grid_target
K562_essential_day7	ACH-000551	USPL1	100.0	10691.0	1.0	310385.0	8563.0	h5ad_obs	supplementary	ctrl	verified_via_num_features_eq_1	num_features	4.2893084136716375	0.0321949605121246	0.3344960854510134	0.2373394054141515	0.1912899816506693	0.0430453272221685	0.6663563721923804	13.0	-0.8862467319991365	0.9220160171788688	1.0	1.0	both	middle	0.473432518597237	0.5085015940488842												joint_grid_target
K562_essential_day7	ACH-000551	UTP15	152.0	10691.0	1.0	310385.0	8563.0	h5ad_obs	supplementary	ctrl	verified_via_num_features_eq_1	num_features	8.009476612705017	0.0566801162467764	0.5918393043366084	0.4765653389315877	0.399368344268372	0.0490948322589596	3.984230593363625	148.0	-1.6271395567707914	0.9954557585121784	1.0	1.0	both	Q1_anchor	0.885759829968119	0.8251859723698194												joint_grid_target
K562_essential_day7	ACH-000551	UTP18	77.0	10691.0	1.0	310385.0	8563.0	h5ad_obs	supplementary	ctrl	verified_via_num_features_eq_1	num_features	5.495753448721651	0.041450349465902	0.3871916318786731	0.3081290926718535	0.2579291856371624	0.043405880357182	1.3211237416598518	39.0	-0.8763253049441292	0.918665889410888	1.0	1.0	both	middle	0.6769394261424017	0.5												joint_grid_target
K562_essential_day7	ACH-000551	UTP20	105.0	10691.0	1.0	310385.0	8563.0	h5ad_obs	supplementary	ctrl	verified_via_num_features_eq_1	num_features	6.94501313265006	0.0510988043074575	0.4364219694491463	0.3784906595994201	0.3257886902089036	0.0432502367209694	3.029981428897429	104.0	-1.1835212017854535	0.9775736983077664	1.0	1.0	both	middle	0.8289054197662061	0.6679064824654622												joint_grid_target
K562_essential_day7	ACH-000551	UTP23	163.0	10691.0	1.0	310385.0	8563.0	h5ad_obs	supplementary	ctrl	verified_via_num_features_eq_1	num_features	5.535571969043605	0.0396875809007261	0.427266458118923	0.3527976546321574	0.2925433997980874	0.0519057082946004	2.018432429695901	62.0	-0.9299704324303626	0.934877357927981	1.0	1.0	both	middle	0.6439957492029755	0.5297555791710946												joint_grid_target
K562_essential_day7	ACH-000551	UTP3	27.0	10691.0	1.0	310385.0	8563.0	h5ad_obs	supplementary	ctrl	verified_via_num_features_eq_1	num_features	9.731917423724052	0.0749813815401956	0.5966114848876469	0.508458231557767	0.4372511648601475	0.0395955066906836	4.19379230921556	271.0	-0.6152080578028318	0.7128454277738457	1.0	1.0	both	middle	0.9760892667375133	0.33846971307120083												joint_grid_target
K562_essential_day7	ACH-000551	UTP6	69.0	10691.0	1.0	310385.0	8563.0	h5ad_obs	supplementary	ctrl	verified_via_num_features_eq_1	num_features	7.935841579585014	0.0587201177143585	0.510947283878474	0.4322870737619941	0.3688537080448661	0.0429862333830782	3.779149082064485	160.0	-0.6335332425760145	0.7374074384734626	1.0	1.0	both	middle	0.9032943676939427	0.3517534537725824												joint_grid_target
K562_essential_day7	ACH-000551	UXS1	124.0	10691.0	1.0	310385.0	8563.0	h5ad_obs	supplementary	ctrl	verified_via_num_features_eq_1	num_features	3.3231159763693525	0.02476084264706	0.2098556970173609	0.1504856105169842	0.1238296643774207	0.0354873536565036	0.1079378302954143	2.0	-0.4700750356719975	0.4766670438536118	1.0	1.0	both	Q4_low_info	0.22422954303931988	0.23379383634431455												joint_grid_target
K562_essential_day7	ACH-000551	UXT	215.0	10691.0	1.0	310385.0	8563.0	h5ad_obs	supplementary	ctrl	verified_via_num_features_eq_1	num_features	4.851866214962799	0.0350874878825981	0.3373925670734444	0.2802005555922414	0.2398337023924109	0.0466295019460752	1.2616035558197076	30.0	-0.6696877983985774	0.7809094034371034	1.0	1.0	both	middle	0.5483528161530287	0.37725823591923485												joint_grid_target
K562_essential_day7	ACH-000551	VARS2	126.0	10691.0	1.0	310385.0	8563.0	h5ad_obs	supplementary	ctrl	verified_via_num_features_eq_1	num_features	3.457048781811553	0.0276115953132883	0.1739803929758201	0.1515571521284601	0.1352638320305743	0.0320500710567554	0.3271837848686285	1.0	-0.6028047729829341	0.6953593956937681	1.0	1.0	both	middle	0.332624867162593	0.3294367693942614												joint_grid_target
K562_essential_day7	ACH-000551	VBP1	116.0	10691.0	1.0	310385.0	8563.0	h5ad_obs	supplementary	ctrl	verified_via_num_features_eq_1	num_features	3.066427950304205	0.0247946397571879	0.1613627866732616	0.1315696334617292	0.1147476132875502	0.0309843166481428	0.1094053817102871	1.0	-0.3671453585955782	0.30517309496052	1.0	1.0	both	Q4_low_info	0.2252922422954304	0.16790648246546228												joint_grid_target
K562_essential_day7	ACH-000551	VCP	239.0	10691.0	1.0	310385.0	8563.0	h5ad_obs	supplementary	ctrl	verified_via_num_features_eq_1	num_features	2.477678162874424	0.0198388989613685	0.1199410197030527	0.1068008913633649	0.0959135531476016	0.031434124727283	0.1387046487328227	0.0	-2.864643492124827	1.0	1.0	1.0	both	Q3_dep_excess	0.06269925611052073	0.9609458023379384												joint_grid_target
K562_essential_day7	ACH-000551	VEZT	204.0	10691.0	1.0	310385.0	8563.0	h5ad_obs	supplementary	ctrl	verified_via_num_features_eq_1	num_features	2.361553540803095	0.0189506485404499	0.129868596287219	0.1021800950130733	0.0889134834318424	0.0314837376812103	0.0663284169642892	1.0	-0.2421170388859963	0.147895190678775	1.0	1.0	both	Q4_low_info	0.04197662061636557	0.10095642933049948												joint_grid_target
K562_essential_day7	ACH-000551	VHL	162.0	10691.0	1.0	310385.0	8563.0	h5ad_obs	supplementary	ctrl	verified_via_num_features_eq_1	num_features	2.637926281601839	0.021459826404382	0.1356109369131765	0.1120614478865415	0.0981137690206378	0.0304911697154591	0.0945923647351154	2.0	-0.6042766280049061	0.6974544518269338	1.0	1.0	both	middle	0.10945802337938364	0.33049946865037194												joint_grid_target
K562_essential_day7	ACH-000551	VMP1	106.0	10691.0	1.0	310385.0	8563.0	h5ad_obs	supplementary	ctrl	verified_via_num_features_eq_1	num_features	3.5258852597840304	0.0285712644217344	0.1712089446045393	0.1509262857987685	0.1357850876625746	0.0308446242666017	0.3185696745006616	0.0	-1.130919313117302	0.9713162990068782	1.0	1.0	both	middle	0.36822529224229544	0.6445270988310308												joint_grid_target
K562_essential_day7	ACH-000551	VPS13D	140.0	10691.0	1.0	310385.0	8563.0	h5ad_obs	supplementary	ctrl	verified_via_num_features_eq_1	num_features	2.97029387919811	0.023995539602954	0.1752591266291368	0.1351533940719002	0.1152772152970606	0.0328882296368686	0.1952372959811263	3.0	-0.2336025842301922	0.1398195606015395	1.0	1.0	both	Q4_low_info	0.19659936238044634	0.09617428267800213												joint_grid_target
K562_essential_day7	ACH-000551	VPS18	157.0	10691.0	1.0	310385.0	8563.0	h5ad_obs	supplementary	ctrl	verified_via_num_features_eq_1	num_features	2.733593265092492	0.0222055668994035	0.1441674986968139	0.1198991311222401	0.1050803059770964	0.0315281313501593	0.1235591091693564	1.0	-0.7948332019765724	0.8826821407924532	1.0	1.0	both	middle	0.1392136025504782	0.4505844845908608												joint_grid_target
K562_essential_day7	ACH-000551	VPS25	84.0	10691.0	1.0	310385.0	8563.0	h5ad_obs	supplementary	ctrl	verified_via_num_features_eq_1	num_features	3.707408535104313	0.0301914026907484	0.1974175329772228	0.1606703782962635	0.1395454919445286	0.0310739588120997	0.1580438360128457	2.0	-2.1664819622137075	1.0	1.0	1.0	both	middle	0.412327311370882	0.9609458023379384												joint_grid_target
K562_essential_day7	ACH-000551	VPS28	59.0	10691.0	1.0	310385.0	8563.0	h5ad_obs	supplementary	ctrl	verified_via_num_features_eq_1	num_features	10.29922438411782	0.0712751430086399	0.8352812151444118	0.6512107108640697	0.5349765859062228	0.0533491492260624	4.369157432904736	351.0	-1.739607701736004	0.9985938143149355	1.0	1.0	both	Q1_anchor	0.9654622741764081	0.8570669500531349												joint_grid_target
K562_essential_day7	ACH-000551	VPS29	165.0	10691.0	1.0	310385.0	8563.0	h5ad_obs	supplementary	ctrl	verified_via_num_features_eq_1	num_features	4.622613735797543	0.034044505686107	0.3554829116475305	0.266842975318746	0.2170160688282365	0.0457670375544899	1.0467032580794378	14.0	-0.06386819155862	0.0385466181456515	1.0	1.0	both	middle	0.5223166843783209	0.03294367693942614												joint_grid_target
K562_essential_day7	ACH-000551	VPS33A	182.0	10691.0	1.0	310385.0	8563.0	h5ad_obs	supplementary	ctrl	verified_via_num_features_eq_1	num_features	2.8183259699880834	0.0224329244040158	0.1689651339334066	0.1339859081157494	0.1142456111641123	0.034875246956986	0.2166384949121305	3.0	-0.2371671929525688	0.1431898270425131	1.0	1.0	both	Q4_low_info	0.14399574920297556	0.09829968119022317												joint_grid_target
K562_essential_day7	ACH-000551	VPS35	43.0	10691.0	1.0	310385.0	8563.0	h5ad_obs	supplementary	ctrl	verified_via_num_features_eq_1	num_features	7.94106197610288	0.0611099153744292	0.5151423220503368	0.3990563504187701	0.3377883052603306	0.0381299823631134	2.620953327859775	113.0	-0.9963917966132724	0.9499283516536352	1.0	1.0	both	middle	0.9192348565356004	0.5712008501594049												joint_grid_target
K562_essential_day7	ACH-000551	VPS37A	75.0	10691.0	1.0	310385.0	8563.0	h5ad_obs	supplementary	ctrl	verified_via_num_features_eq_1	num_features	3.760989829684884	0.031035375877725	0.1727723257161026	0.1485472865395116	0.1345078608569976	0.027948066877373	0.1488879409168273	1.0	-0.2154580163514419	0.1236666695121357	1.0	1.0	both	middle	0.4410201912858661	0.0844845908607864												joint_grid_target
K562_essential_day7	ACH-000551	VPS37C	177.0	10691.0	1.0	310385.0	8563.0	h5ad_obs	supplementary	ctrl	verified_via_num_features_eq_1	num_features	2.359912192222021	0.0195894817946447	0.104083683471295	0.0918894203863521	0.0830274062449835	0.0273896589651304	0.0506217483987097	0.0	-0.377872619116217	0.3217476998584264	1.0	1.0	both	Q4_low_info	0.053134962805526036	0.1742826780021254												joint_grid_target
K562_essential_day7	ACH-000551	VPS41	332.0	10691.0	1.0	310385.0	8563.0	h5ad_obs	supplementary	ctrl	verified_via_num_features_eq_1	num_features	2.110819077949623	0.0166820589378846	0.1297021719900682	0.1017762521420178	0.0873428424340301	0.0356238508028455	0.1111102431985902	0.0	-0.7915307801755038	0.8808644637692776	1.0	1.0	both	middle	0.014346439957492029	0.44845908607863977												joint_grid_target
K562_essential_day7	ACH-000551	VPS51	101.0	10691.0	1.0	310385.0	8563.0	h5ad_obs	supplementary	ctrl	verified_via_num_features_eq_1	num_features	3.408266464107806	0.0277484010520888	0.1720087830801826	0.145288603890809	0.1276113885623865	0.0305729712613226	0.215891274674977	1.0	-0.5756624540123666	0.6546755449184389	1.0	1.0	both	middle	0.3374070138150903	0.3134962805526036												joint_grid_target
K562_essential_day7	ACH-000551	VPS54	321.0	10691.0	1.0	310385.0	8563.0	h5ad_obs	supplementary	ctrl	verified_via_num_features_eq_1	num_features	2.727174764086336	0.0209630308250588	0.162644425266678	0.1380913381926267	0.1192543832736542	0.0384641753277056	0.3044289104772488	0.0	-1.3976703045408745	0.9888307183395412	1.0	1.0	both	Q3_dep_excess	0.09139213602550478	0.7603613177470776												joint_grid_target
K562_essential_day7	ACH-000551	VPS72	98.0	10691.0	1.0	310385.0	8563.0	h5ad_obs	supplementary	ctrl	verified_via_num_features_eq_1	num_features	5.866908988821431	0.0455811994997899	0.3197581473584108	0.2733462543009038	0.2415843954842822	0.0350163954017662	1.0599373005333683	30.0	-0.4143813117992324	0.3809255716527141	1.0	1.0	both	Q2_shift_excess	0.7534537725823592	0.1971307120085016												joint_grid_target
K562_essential_day7	ACH-000551	WAC	162.0	10691.0	1.0	310385.0	8563.0	h5ad_obs	supplementary	ctrl	verified_via_num_features_eq_1	num_features	3.1607630310834844	0.0249009190850823	0.1932827326377065	0.1583662031393769	0.1346931283886752	0.0371356634977811	0.1744988201256703	2.0	-0.4444159366630208	0.4320402477061322	1.0	1.0	both	Q4_low_info	0.23273113708820403	0.2199787460148778												joint_grid_target
K562_essential_day7	ACH-000551	WBP1	99.0	10691.0	1.0	310385.0	8563.0	h5ad_obs	supplementary	ctrl	verified_via_num_features_eq_1	num_features	3.152702529223585	0.0260415318074626	0.1322690327865597	0.1189499162400864	0.1094693491395411	0.0266711458477333	0.0857824714097059	0.0	-0.5195167939895333	0.5625653861040669	1.0	1.0	both	middle	0.27577045696068014	0.27151965993623806												joint_grid_target
K562_essential_day7	ACH-000551	WBP11	312.0	10691.0	1.0	310385.0	8563.0	h5ad_obs	supplementary	ctrl	verified_via_num_features_eq_1	num_features	4.809898312086182	0.035354589512016	0.2962525131944195	0.2525778323619592	0.2201997557765008	0.0417151195846123	1.0722660040805163	24.0	-1.5543210491918125	0.9927022532912904	1.0	1.0	both	middle	0.5557917109458024	0.8028692879914984												joint_grid_target
K562_essential_day7	ACH-000551	WBP1L	199.0	10691.0	1.0	310385.0	8563.0	h5ad_obs	supplementary	ctrl	verified_via_num_features_eq_1	num_features	2.3033478998041708	0.019040351098368	0.0998809626582305	0.0898140655900013	0.0817798955865267	0.0275431409039809	0.0759407620529355	0.0	-0.2782109933008883	0.1860074081780539	1.0	1.0	both	Q4_low_info	0.04250797024442083	0.12221041445270989												joint_grid_target
K562_essential_day7	ACH-000551	WDHD1	182.0	10691.0	1.0	310385.0	8563.0	h5ad_obs	supplementary	ctrl	verified_via_num_features_eq_1	num_features	3.178276384971491	0.0238644572282699	0.2591315706302367	0.1798590876015544	0.1431388638248781	0.0440073163269445	0.3434749024535133	7.0	-1.3783549974852536	0.9885156970784578	1.0	1.0	both	Q3_dep_excess	0.19128586609989373	0.7545164718384697												joint_grid_target
K562_essential_day7	ACH-000551	WDR1	102.0	10691.0	1.0	310385.0	8563.0	h5ad_obs	supplementary	ctrl	verified_via_num_features_eq_1	num_features	3.211592081546934	0.0264489427734486	0.1475336170175033	0.1285629421833485	0.1158512016576098	0.0283825587924257	0.1370702764384113	0.0	-1.4085636501691616	0.98900006581042	1.0	1.0	both	middle	0.28852284803400635	0.7635494155154091												joint_grid_target
K562_essential_day7	ACH-000551	WDR12	213.0	10691.0	1.0	310385.0	8563.0	h5ad_obs	supplementary	ctrl	verified_via_num_features_eq_1	num_features	5.362307739067773	0.0381042871291612	0.4008436154031736	0.3205613054257861	0.2660735476187283	0.0491225968129767	1.941296616044479	41.0	-1.3122629266306791	0.9868380838038292	1.0	1.0	both	middle	0.6163655685441021	0.7252922422954304												joint_grid_target
K562_essential_day7	ACH-000551	WDR18	105.0	10691.0	1.0	310385.0	8563.0	h5ad_obs	supplementary	ctrl	verified_via_num_features_eq_1	num_features	3.628048773638583	0.0273232278394763	0.2475366702286379	0.1771548856496656	0.1432626313080552	0.0378586558672918	0.2119678497791568	3.0	-1.936901515567816	0.9999528079508128	1.0	1.0	both	middle	0.3193411264612115	0.8926673751328374												joint_grid_target
K562_essential_day7	ACH-000551	WDR24	82.0	10691.0	1.0	310385.0	8563.0	h5ad_obs	supplementary	ctrl	verified_via_num_features_eq_1	num_features	5.107466593507883	0.0394969105558185	0.2713167772143891	0.239593383580194	0.2148845994442621	0.0354205870339137	0.9870916089186323	17.0	-0.0261501851132262	0.0279826389220277	1.0	1.0	both	middle	0.6402763018065888	0.021785334750265676												joint_grid_target
K562_essential_day7	ACH-000551	WDR25	159.0	10691.0	1.0	310385.0	8563.0	h5ad_obs	supplementary	ctrl	verified_via_num_features_eq_1	num_features	2.680896460089357	0.0217903280229935	0.1419344625962892	0.1180619250946501	0.1031793967934358	0.0316366254436316	0.105047856748289	1.0	-0.3565548241322147	0.2892247344557269	1.0	1.0	both	Q4_low_info	0.12221041445270989	0.1594048884165781												joint_grid_target
K562_essential_day7	ACH-000551	WDR26	226.0	10691.0	1.0	310385.0	8563.0	h5ad_obs	supplementary	ctrl	verified_via_num_features_eq_1	num_features	2.736602116368687	0.0209203336173411	0.2080148583283934	0.1508121275042441	0.1197332673186112	0.0420931784914868	0.1175804452373459	4.0	-0.1345115307047795	0.0682897278514666	1.0	1.0	both	Q4_low_info	0.089798087141339	0.05419766206163656												joint_grid_target
K562_essential_day7	ACH-000551	WDR3	365.0	10691.0	1.0	310385.0	8563.0	h5ad_obs	supplementary	ctrl	verified_via_num_features_eq_1	num_features	6.134483885434234	0.0425880875863893	0.4625101523387456	0.3885995728581992	0.3315044797835507	0.0532792669183534	2.839863222074502	91.0	-0.8452249476453515	0.9068915289311656	1.0	1.0	both	middle	0.6992561105207227	0.4798087141339001												joint_grid_target
K562_essential_day7	ACH-000551	WDR33	103.0	10691.0	1.0	310385.0	8563.0	h5ad_obs	supplementary	ctrl	verified_via_num_features_eq_1	num_features	6.299807513504584	0.0468209435028165	0.4055661700001421	0.3336632096806518	0.2869519447440674	0.0416113899145851	1.4501677671315587	63.0	-1.3643030944562222	0.988257282848373	1.0	1.0	both	middle	0.7763018065887354	0.7481402763018066												joint_grid_target
K562_essential_day7	ACH-000551	WDR4	347.0	10691.0	1.0	310385.0	8563.0	h5ad_obs	supplementary	ctrl	verified_via_num_features_eq_1	num_features	1.879343134975194	0.0150479056279219	0.1121791712237366	0.0879475895309334	0.0741861968844584	0.0341265151442211	0.0494630381844114	1.0	0.0019907471305479	0.0219353166496102	1.0	1.0	both	Q4_low_info	0.006907545164718385	0.015409139213602551												joint_grid_target
K562_essential_day7	ACH-000551	WDR43	86.0	10691.0	1.0	310385.0	8563.0	h5ad_obs	supplementary	ctrl	verified_via_num_features_eq_1	num_features	6.804318561204831	0.0507468720423832	0.4511935330497932	0.3705197236229836	0.3122910362481793	0.0426330215375852	2.293980303936588	77.0	-2.136437595107149	1.0	1.0	1.0	both	Q1_anchor	0.8241232731137088	0.9609458023379384												joint_grid_target
K562_essential_day7	ACH-000551	WDR46	71.0	10691.0	1.0	310385.0	8563.0	h5ad_obs	supplementary	ctrl	verified_via_num_features_eq_1	num_features	5.954593200428454	0.0451277885482513	0.3949228263074343	0.3269695315418036	0.2779682076048849	0.0423065190739117	1.6908896256341492	55.0	-0.5937712270794197	0.6821552857135836	1.0	1.0	both	middle	0.7486716259298618	0.32518597236981933												joint_grid_target
K562_essential_day7	ACH-000551	WDR5	78.0	10691.0	1.0	310385.0	8563.0	h5ad_obs	supplementary	ctrl	verified_via_num_features_eq_1	num_features	8.577425023528102	0.0574746567628604	0.7997967846754467	0.6554379132875436	0.5168225347117581	0.0665885001913291	2.1657558137787927	167.0	-0.8161538210868753	0.8938071460059877	1.0	1.0	both	middle	0.8921360255047821	0.463336875664187												joint_grid_target
K562_essential_day7	ACH-000551	WDR54	208.0	10691.0	1.0	310385.0	8563.0	h5ad_obs	supplementary	ctrl	verified_via_num_features_eq_1	num_features	2.271413184097245	0.0186752173507638	0.0975355691786247	0.087484302499199	0.0805866647750738	0.0273532244331518	0.0550795911127206	0.0	-0.1536024428029614	0.0790536534383175	1.0	1.0	both	Q4_low_info	0.036131774707757705	0.05951115834218916												joint_grid_target
K562_essential_day7	ACH-000551	WDR55	97.0	10691.0	1.0	310385.0	8563.0	h5ad_obs	supplementary	ctrl	verified_via_num_features_eq_1	num_features	3.88609078901162	0.031068557844663	0.2010699990924925	0.1748853911889656	0.153531786852123	0.0328682437237827	0.5394296435459669	0.0	-2.028157858960304	0.9999945228788512	1.0	1.0	both	middle	0.44314558979808716	0.9086078639744952												joint_grid_target
K562_essential_day7	ACH-000551	WDR7	103.0	10691.0	1.0	310385.0	8563.0	h5ad_obs	supplementary	ctrl	verified_via_num_features_eq_1	num_features	3.629083358113947	0.028982902549592	0.2144070649201422	0.1742751469066793	0.1473055114021887	0.035110550692975	0.3389701093988062	2.0	-0.8857440284455713	0.9218511152749178	1.0	1.0	both	middle	0.38150903294367694	0.5074388947927736												joint_grid_target
K562_essential_day7	ACH-000551	WDR74	178.0	10691.0	1.0	310385.0	8563.0	h5ad_obs	supplementary	ctrl	verified_via_num_features_eq_1	num_features	3.0344911333149565	0.0239638511401804	0.1730557544359724	0.1461583688119329	0.1281970610798732	0.0356132111490103	0.3258207583018517	1.0	-2.1194649521948548	1.0	1.0	1.0	both	Q3_dep_excess	0.19500531349628056	0.9609458023379384												joint_grid_target
K562_essential_day7	ACH-000551	WDR75	158.0	10691.0	1.0	310385.0	8563.0	h5ad_obs	supplementary	ctrl	verified_via_num_features_eq_1	num_features	7.220093014389966	0.05236701519762	0.4897174337157297	0.4121821945914382	0.3536223303753341	0.0459595181452733	3.231952225754087	125.0	-1.231373528748756	0.9821065764083248	1.0	1.0	both	middle	0.844845908607864	0.6923485653560042												joint_grid_target
K562_essential_day7	ACH-000551	WDR77	42.0	10691.0	1.0	310385.0	8563.0	h5ad_obs	supplementary	ctrl	verified_via_num_features_eq_1	num_features	5.588951002691632	0.0448177643070845	0.3141267104041533	0.2565857605726829	0.2235931164675474	0.0334292338384574	0.6183220823005353	16.0	-1.6035189576125348	0.9945740767356904	1.0	1.0	both	middle	0.742826780021254	0.8209351753453773												joint_grid_target
K562_essential_day7	ACH-000551	WDR82	99.0	10691.0	1.0	310385.0	8563.0	h5ad_obs	supplementary	ctrl	verified_via_num_features_eq_1	num_features	9.131016307481008	0.0650486731468212	0.5959944086706207	0.526029037009764	0.4505665534188232	0.0472188424190247	3.850835996690975	251.0	-2.751427926853091	1.0	1.0	1.0	both	Q1_anchor	0.9410201912858661	0.9609458023379384												joint_grid_target
K562_essential_day7	ACH-000551	WDR83OS	83.0	10691.0	1.0	310385.0	8563.0	h5ad_obs	supplementary	ctrl	verified_via_num_features_eq_1	num_features	3.829034259825556	0.0307263271238496	0.2107124056602381	0.1684486700502251	0.1463227245589453	0.0320111293925405	0.230608859358643	1.0	-0.3577271941741009	0.290966641234621	1.0	1.0	both	middle	0.43198724760892665	0.16046758767268862												joint_grid_target
K562_essential_day7	ACH-000551	WDTC1	112.0	10691.0	1.0	310385.0	8563.0	h5ad_obs	supplementary	ctrl	verified_via_num_features_eq_1	num_features	6.18602969748624	0.0447009003926973	0.466301346402605	0.3638861775869946	0.3001537939413583	0.0475327945670342	1.113637302491174	61.0	-0.6429414396965405	0.7493764957964001	1.0	1.0	both	middle	0.7385759829968119	0.35972369819341127												joint_grid_target
K562_essential_day7	ACH-000551	WEE1	41.0	10691.0	1.0	310385.0	8563.0	h5ad_obs	supplementary	ctrl	verified_via_num_features_eq_1	num_features	6.260700243815686	0.0500738257736387	0.3083145158599977	0.2729885721840684	0.2435628331949994	0.0318330134996767	0.9371927278915352	36.0	-2.8403697368960006	1.0	1.0	1.0	both	Q1_anchor	0.8166843783209352	0.9609458023379384												joint_grid_target
K562_essential_day7	ACH-000551	WNK1	137.0	10691.0	1.0	310385.0	8563.0	h5ad_obs	supplementary	ctrl	verified_via_num_features_eq_1	num_features	3.339735232625065	0.0265216529790983	0.211235329842672	0.1650663284090815	0.139061342143464	0.0363414259003499	0.1664088120681146	3.0	-0.4801799291105209	0.4943317849185795	1.0	1.0	both	middle	0.2906482465462274	0.2359192348565356												joint_grid_target
K562_essential_day7	ACH-000551	WTAP	165.0	10691.0	1.0	310385.0	8563.0	h5ad_obs	supplementary	ctrl	verified_via_num_features_eq_1	num_features	2.986698291428997	0.0236908867478744	0.1693789465687667	0.1404250037282711	0.1229963539204815	0.0346104453615472	0.1582006017777359	1.0	-0.5914320546789087	0.6787163607699844	1.0	1.0	both	middle	0.18384697130712008	0.32252922422954305												joint_grid_target
K562_essential_day7	ACH-000551	XAB2	153.0	10691.0	1.0	310385.0	8563.0	h5ad_obs	supplementary	ctrl	verified_via_num_features_eq_1	num_features	7.796142778111442	0.0596513235855363	0.4065708666555189	0.3580366750647228	0.3230146909634787	0.0350470518539307	2.6111449017218256	144.0	-2.0783887327440285	0.9999999776792584	1.0	1.0	both	Q1_anchor	0.9107332624867163	0.9181721572794899												joint_grid_target
K562_essential_day7	ACH-000551	XPO1	207.0	10691.0	1.0	310385.0	8563.0	h5ad_obs	supplementary	ctrl	verified_via_num_features_eq_1	num_features	8.491280425641579	0.0568819260979264	0.6834083255431223	0.5338178538084849	0.445500556410662	0.0547977670037784	3.4999804178127096	214.0	-2.111776928471805	1.0	1.0	1.0	both	Q1_anchor	0.8884165781083954	0.9609458023379384												joint_grid_target
K562_essential_day7	ACH-000551	XPO5	221.0	10691.0	1.0	310385.0	8563.0	h5ad_obs	supplementary	ctrl	verified_via_num_features_eq_1	num_features	2.701926643562278	0.0214363128627123	0.1531362755947835	0.1282316433283609	0.1119606340968814	0.0349292436235928	0.1535929744784177	1.0	-0.849049094876157	0.9084580479724476	1.0	1.0	both	middle	0.10839532412327312	0.48459086078639746												joint_grid_target
K562_essential_day7	ACH-000551	XRCC1	254.0	10691.0	1.0	310385.0	8563.0	h5ad_obs	supplementary	ctrl	verified_via_num_features_eq_1	num_features	2.1242073649124213	0.0173359862968685	0.1122412338607516	0.0908846817866524	0.0792462758849651	0.0306116117330361	0.0505206492142438	1.0	-0.3141878135502546	0.2299967174143364	1.0	1.0	both	Q4_low_info	0.021253985122210415	0.14293304994686504												joint_grid_target
K562_essential_day7	ACH-000551	XRCC2	157.0	10691.0	1.0	310385.0	8563.0	h5ad_obs	supplementary	ctrl	verified_via_num_features_eq_1	num_features	2.611169667185858	0.0212450661711659	0.1246027591490306	0.1059217444216304	0.0953286603344384	0.0291119365979977	0.0952809436240826	1.0	-0.3934068286713963	0.346432745901063	1.0	1.0	both	Q4_low_info	0.10095642933049948	0.18012752391073325												joint_grid_target
K562_essential_day7	ACH-000551	XRCC3	53.0	10691.0	1.0	310385.0	8563.0	h5ad_obs	supplementary	ctrl	verified_via_num_features_eq_1	num_features	5.520968307746693	0.0433369673701422	0.3333988287188747	0.2714916004223174	0.2349271367737165	0.0365798517410718	0.881189926661488	22.0	-0.5525219535954489	0.6178335582141469	1.0	1.0	both	middle	0.7136025504782146	0.29914984059511157												joint_grid_target
K562_essential_day7	ACH-000551	XRCC5	88.0	10691.0	1.0	310385.0	8563.0	h5ad_obs	supplementary	ctrl	verified_via_num_features_eq_1	num_features	6.165209336566292	0.0436310273639158	0.557317803858704	0.4044584458588866	0.3167046249306182	0.0541280684651589	1.5387676176830762	55.0	-0.5330192646884788	0.5854866955769412	1.0	1.0	both	middle	0.720510095642933	0.28374070138150903												joint_grid_target
K562_essential_day7	ACH-000551	XRCC6	28.0	10691.0	1.0	310385.0	8563.0	h5ad_obs	supplementary	ctrl	verified_via_num_features_eq_1	num_features	8.648593449958744	0.065470953348043	0.637857836997008	0.4792928642871061	0.3939725988116468	0.0427460863451686	2.6681491015205374	169.0	-1.7191164541200934	0.9981856656854242	1.0	1.0	both	Q1_anchor	0.944739638682253	0.8501594048884166												joint_grid_target
K562_essential_day7	ACH-000551	XRN2	66.0	10691.0	1.0	310385.0	8563.0	h5ad_obs	supplementary	ctrl	verified_via_num_features_eq_1	num_features	5.294997998580796	0.0413029109575904	0.3423206978055912	0.2671686361389041	0.2261147979217308	0.0377701641863659	0.7547315523118314	19.0	-1.5916881466561104	0.994121354234631	1.0	1.0	both	middle	0.6758767268862912	0.8182784272051009												joint_grid_target
K562_essential_day7	ACH-000551	YARS2	190.0	10691.0	1.0	310385.0	8563.0	h5ad_obs	supplementary	ctrl	verified_via_num_features_eq_1	num_features	2.7624239545918625	0.0216188309589511	0.1778379238014142	0.1417329764929213	0.1195200055601211	0.0382809548820854	0.2300366382936545	1.0	-2.287543649468596	1.0	1.0	1.0	both	Q3_dep_excess	0.11583421891604676	0.9609458023379384												joint_grid_target
K562_essential_day7	ACH-000551	YBX1	86.0	10691.0	1.0	310385.0	8563.0	h5ad_obs	supplementary	ctrl	verified_via_num_features_eq_1	num_features	4.3455002325933565	0.0318785103383994	0.29542334901841	0.2118580391057431	0.172751580077234	0.0388052950321087	0.2304987367141162	4.0	-1.522462516216137	0.9915857565830184	1.0	1.0	both	middle	0.4628055260361318	0.7933049946865037												joint_grid_target
K562_essential_day7	ACH-000551	YEATS2	240.0	10691.0	1.0	310385.0	8563.0	h5ad_obs	supplementary	ctrl	verified_via_num_features_eq_1	num_features	3.7336587439701	0.0244992883177242	0.3885761495946315	0.3189246996688093	0.2322616461280337	0.0760114026755586	0.5502016979038569	42.0	-0.4966891513526686	0.5231362534567106	1.0	1.0	both	middle	0.21625929861849097	0.2507970244420829												joint_grid_target
K562_essential_day7	ACH-000551	YEATS4	231.0	10691.0	1.0	310385.0	8563.0	h5ad_obs	supplementary	ctrl	verified_via_num_features_eq_1	num_features	4.534425086771291	0.0331264062886752	0.3522327689423421	0.2715350328215897	0.2239911657046084	0.0478625249153637	0.4377330262243895	21.0	-0.5873942126145251	0.6726201414424731	1.0	1.0	both	middle	0.49787460148777896	0.320403825717322												joint_grid_target
K562_essential_day7	ACH-000551	YJEFN3	179.0	10691.0	1.0	310385.0	8563.0	h5ad_obs	supplementary	ctrl	verified_via_num_features_eq_1	num_features	2.5156991602525363	0.0203496294617305	0.1432975253399185	0.1108975207456639	0.0948802122713226	0.0318206752708987	0.0721806377683389	2.0	-0.2927140039511703	0.202992994207792	1.0	1.0	both	Q4_low_info	0.07279489904357067	0.1312433581296493												joint_grid_target
K562_essential_day7	ACH-000551	YKT6	63.0	10691.0	1.0	310385.0	8563.0	h5ad_obs	supplementary	ctrl	verified_via_num_features_eq_1	num_features	4.832413742759081	0.0385134870431229	0.2724918188403648	0.2205166406195725	0.1902686266150134	0.0334327873724343	0.6592841692123788	8.0	-1.611168735141989	0.9948643927451029	1.0	1.0	both	middle	0.6243358129649309	0.8219978746014878												joint_grid_target
K562_essential_day7	ACH-000551	YPEL1	72.0	10691.0	1.0	310385.0	8563.0	h5ad_obs	supplementary	ctrl	verified_via_num_features_eq_1	num_features	3.679468814449125	0.0306902868371335	0.1548201945868963	0.1396015295861357	0.127532081970884	0.0265603191761836	0.1156588295918634	0.0	-1.4649965906399776	0.9900120926095708	1.0	1.0	both	middle	0.4303931987247609	0.7810839532412327												joint_grid_target
K562_essential_day7	ACH-000551	YPEL5	76.0	10691.0	1.0	310385.0	8563.0	h5ad_obs	supplementary	ctrl	verified_via_num_features_eq_1	num_features	4.32489149760825	0.0349408965696421	0.2098074482846359	0.1845325360900096	0.1653798631741453	0.0308377700819268	0.3668142923054205	2.0	-0.3626095695618429	0.2982607418051165	1.0	1.0	both	middle	0.5456960680127524	0.1647183846971307												joint_grid_target
K562_essential_day7	ACH-000551	YRDC	106.0	10691.0	1.0	310385.0	8563.0	h5ad_obs	supplementary	ctrl	verified_via_num_features_eq_1	num_features	3.291253732889456	0.026829357160815	0.1663577949126592	0.141344889223713	0.1240490589829665	0.0307619529193145	0.1512711076281281	1.0	-2.6715095536444937	1.0	1.0	1.0	both	middle	0.3012752391073326	0.9609458023379384												joint_grid_target
K562_essential_day7	ACH-000551	YTHDC1	237.0	10691.0	1.0	310385.0	8563.0	h5ad_obs	supplementary	ctrl	verified_via_num_features_eq_1	num_features	4.489534622966496	0.0320711647398236	0.3223721644852195	0.2687673159480701	0.227812427848657	0.048933443871645	0.6930093007210161	26.0	-0.3624358175199682	0.2979959509460227	1.0	1.0	both	middle	0.46865037194473963	0.16418703506907545												joint_grid_target
K562_essential_day7	ACH-000551	YY1	82.0	10691.0	1.0	310385.0	8563.0	h5ad_obs	supplementary	ctrl	verified_via_num_features_eq_1	num_features	4.105476124334112	0.0330461066781298	0.2323466326424605	0.1870819219900878	0.1619525801298218	0.0330564021116349	0.200537601651332	6.0	-0.6261517971182733	0.7276949214878715	1.0	1.0	both	middle	0.4957492029755579	0.34643995749202977												joint_grid_target
K562_essential_day7	ACH-000551	ZBTB11	146.0	10691.0	1.0	310385.0	8563.0	h5ad_obs	supplementary	ctrl	verified_via_num_features_eq_1	num_features	3.075113189993969	0.0237017214705542	0.2446524028489853	0.1738243389077457	0.1376658443785332	0.0428227700127512	0.0815639285544929	7.0	-1.9536624799787927	0.9999673925959748	1.0	1.0	both	Q3_dep_excess	0.1849096705632306	0.8953241232731137												joint_grid_target
K562_essential_day7	ACH-000551	ZBTB17	160.0	10691.0	1.0	310385.0	8563.0	h5ad_obs	supplementary	ctrl	verified_via_num_features_eq_1	num_features	4.2248614732235685	0.0313449065746916	0.3253289408302136	0.2487920600180328	0.2028241527360216	0.0463461429341069	0.3021053900815147	16.0	-0.4196907745819135	0.3898281460992281	1.0	1.0	both	middle	0.4479277364505845	0.20085015940488843												joint_grid_target
K562_essential_day7	ACH-000551	ZC3H18	32.0	10691.0	1.0	310385.0	8563.0	h5ad_obs	supplementary	ctrl	verified_via_num_features_eq_1	num_features	7.532506360901094	0.0579180655743111	0.5324234110258075	0.4101925978931773	0.3388322871555672	0.0413540292984197	1.028143322016339	98.0	-0.7717776365828043	0.8689773207233691	1.0	1.0	both	middle	0.8985122210414452	0.43730074388947926												joint_grid_target
K562_essential_day7	ACH-000551	ZC3H8	21.0	10691.0	1.0	310385.0	8563.0	h5ad_obs	supplementary	ctrl	verified_via_num_features_eq_1	num_features	7.9985588751025265	0.0649286637172599	0.4056037017820267	0.3416164279900313	0.3029758959261028	0.0307217777324109	1.6191812726569967	96.0	-0.7368836747998212	0.8442216891636423	1.0	1.0	both	middle	0.9394261424017003	0.4160467587672689												joint_grid_target
K562_essential_day7	ACH-000551	ZCCHC9	54.0	10691.0	1.0	310385.0	8563.0	h5ad_obs	supplementary	ctrl	verified_via_num_features_eq_1	num_features	7.159003895511683	0.054799145597383	0.4456397371901917	0.3729110248924314	0.3208558553928642	0.0397352085089501	2.595872717402425	97.0	-0.4547911989349054	0.4500197442372805	1.0	1.0	both	Q2_shift_excess	0.8746014877789585	0.22422954303931988												joint_grid_target
K562_essential_day7	ACH-000551	ZCRB1	146.0	10691.0	1.0	310385.0	8563.0	h5ad_obs	supplementary	ctrl	verified_via_num_features_eq_1	num_features	4.32220211391482	0.0317662247759185	0.3561346686071382	0.2646332598825169	0.2094711851073846	0.0486432834496189	0.6570975064531712	17.0	-0.5116775100515937	0.5491157685531458	1.0	1.0	both	middle	0.4574920297555792	0.26461211477151964												joint_grid_target
K562_essential_day7	ACH-000551	ZFC3H1	117.0	10691.0	1.0	310385.0	8563.0	h5ad_obs	supplementary	ctrl	verified_via_num_features_eq_1	num_features	7.250556325555433	0.041500438229291	0.9450347063114692	0.6283312027788432	0.450748967092478	0.0884056465732429	1.524267822415963	87.0	-0.4418402223656342	0.4275849591739256	1.0	1.0	both	middle	0.6785334750265675	0.21679064824654623												joint_grid_target
K562_essential_day7	ACH-000551	ZFP69B	151.0	10691.0	1.0	310385.0	8563.0	h5ad_obs	supplementary	ctrl	verified_via_num_features_eq_1	num_features	2.6782242569866783	0.0219248585172957	0.1377117729611277	0.1141966333148496	0.1001546367632929	0.0304130909890401	0.0894811678258786	1.0	-0.276225986806793	0.1837614157370194	1.0	1.0	both	Q4_low_info	0.12805526036131776	0.1206163655685441												joint_grid_target
K562_essential_day7	ACH-000551	ZMAT2	436.0	10691.0	1.0	310385.0	8563.0	h5ad_obs	supplementary	ctrl	verified_via_num_features_eq_1	num_features	5.1556347784607865	0.0363385467151835	0.354512794801173	0.2987663906257469	0.2583019018912222	0.0480074066543271	1.400817245006058	43.0	-1.0571045109155128	0.9606490133857992	1.0	1.0	both	middle	0.5818278427205101	0.6089266737513284												joint_grid_target
K562_essential_day7	ACH-000551	ZMAT5	100.0	10691.0	1.0	310385.0	8563.0	h5ad_obs	supplementary	ctrl	verified_via_num_features_eq_1	num_features	4.903561264108992	0.036819740677468	0.3390713985487973	0.2759195844347937	0.2303391767080161	0.0437568310588837	0.6547784379961037	27.0	-0.8832893664289356	0.921045912213932	1.0	1.0	both	middle	0.5924548352816154	0.5047821466524973												joint_grid_target
K562_essential_day7	ACH-000551	ZNF100	95.0	10691.0	1.0	310385.0	8563.0	h5ad_obs	supplementary	ctrl	verified_via_num_features_eq_1	num_features	3.61112602843898	0.0290904626695286	0.2082919906110045	0.1672014783661792	0.1439010760514061	0.0335608958343012	0.2202504221596442	4.0	-0.1422959238797647	0.072500741015705	1.0	1.0	both	middle	0.383634431455898	0.05579171094580234												joint_grid_target
K562_essential_day7	ACH-000551	ZNF131	23.0	10691.0	1.0	310385.0	8563.0	h5ad_obs	supplementary	ctrl	verified_via_num_features_eq_1	num_features	7.145639646295911	0.0575313291552332	0.3959399541595449	0.3253516981875057	0.2828758241452258	0.0330211907917926	0.6382022692798035	63.0	-0.5158082169837435	0.5562026949729784	1.0	1.0	both	middle	0.8942614240170031	0.26726886291179597												joint_grid_target
K562_essential_day7	ACH-000551	ZNF133	102.0	10691.0	1.0	310385.0	8563.0	h5ad_obs	supplementary	ctrl	verified_via_num_features_eq_1	num_features	3.2064286179881742	0.026379998515986	0.1553130347620289	0.1326216106458386	0.1172378172290711	0.0293551018479241	0.1236247810649757	1.0	-0.0323914224151955	0.0295051997470448	1.0	1.0	both	middle	0.2858660998937301	0.023910733262486716												joint_grid_target
K562_essential_day7	ACH-000551	ZNF207	283.0	10691.0	1.0	310385.0	8563.0	h5ad_obs	supplementary	ctrl	verified_via_num_features_eq_1	num_features	2.8452635273991054	0.0220408251240946	0.1748598869529688	0.1430346109674792	0.1227393606075388	0.0378928569723716	0.1904052689906681	1.0	-0.8821732878945321	0.9206798048451328	1.0	1.0	both	middle	0.1339001062699256	0.5037194473963869												joint_grid_target
K562_essential_day7	ACH-000551	ZNF236	85.0	10691.0	1.0	310385.0	8563.0	h5ad_obs	supplementary	ctrl	verified_via_num_features_eq_1	num_features	6.698910894034035	0.0486922138366345	0.5209392929267972	0.3993751539925546	0.3295293664413186	0.047892287692417	2.061177327451679	81.0	-0.2366752052926782	0.1427246625241485	1.0	1.0	both	Q2_shift_excess	0.8018065887353879	0.09776833156216791												joint_grid_target
K562_essential_day7	ACH-000551	ZNF24	59.0	10691.0	1.0	310385.0	8563.0	h5ad_obs	supplementary	ctrl	verified_via_num_features_eq_1	num_features	4.111113280364783	0.0338105362741806	0.1823418906622755	0.1621564829918282	0.1475470327186937	0.0280044029152133	0.2522285217717197	1.0	-0.4300080037949366	0.4073074916318825	1.0	1.0	both	middle	0.5148777895855473	0.20669500531349627												joint_grid_target
K562_essential_day7	ACH-000551	ZNF253	118.0	10691.0	1.0	310385.0	8563.0	h5ad_obs	supplementary	ctrl	verified_via_num_features_eq_1	num_features	2.9123556233718246	0.0239334105756997	0.1319924220559689	0.1182338400806638	0.1065779818057466	0.0288457120762718	0.0797055032051154	0.0	-0.0368394119003418	0.0306681220694517	1.0	1.0	both	Q4_low_info	0.19341126461211477	0.026036131774707757												joint_grid_target
K562_essential_day7	ACH-000551	ZNF284	218.0	10691.0	1.0	310385.0	8563.0	h5ad_obs	supplementary	ctrl	verified_via_num_features_eq_1	num_features	2.1777711415760863	0.0181802204622662	0.0903232197976829	0.081776964567425	0.075164639259107	0.0262649090407835	0.0606303944437005	0.0	-0.0463642077544443	0.0332611478802886	1.0	1.0	both	Q4_low_info	0.02975557917109458	0.0281615302869288												joint_grid_target
K562_essential_day7	ACH-000551	ZNF317	132.0	10691.0	1.0	310385.0	8563.0	h5ad_obs	supplementary	ctrl	verified_via_num_features_eq_1	num_features	3.4660511826270697	0.0249515795931485	0.2451579230685506	0.1688722719457477	0.1355848795480871	0.0395188558269182	0.1598066542207945	2.0	-0.3250493496101583	0.2444488144612878	1.0	1.0	both	Q4_low_info	0.23485653560042508	0.14824654622741765												joint_grid_target
K562_essential_day7	ACH-000551	ZNF335	146.0	10691.0	1.0	310385.0	8563.0	h5ad_obs	supplementary	ctrl	verified_via_num_features_eq_1	num_features	3.574086343140556	0.0268606878749839	0.3004444399083245	0.2162958719474237	0.169100683014911	0.0470191919114491	0.2454237552561817	12.0	-0.6662187587510352	0.777000754554388	1.0	1.0	both	middle	0.3028692879914984	0.3751328374070138												joint_grid_target
K562_essential_day7	ACH-000551	ZNF407	112.0	10691.0	1.0	310385.0	8563.0	h5ad_obs	supplementary	ctrl	verified_via_num_features_eq_1	num_features	3.039504453380062	0.0250601177015624	0.1314957500895702	0.1198514683579046	0.1090257962593923	0.0279257157441657	0.1080811952247682	0.0	-0.4987869468758182	0.5267871704032008	1.0	1.0	both	middle	0.23963868225292242	0.2518597236981934												joint_grid_target
K562_essential_day7	ACH-000551	ZNF468	207.0	10691.0	1.0	310385.0	8563.0	h5ad_obs	supplementary	ctrl	verified_via_num_features_eq_1	num_features	2.253651735963909	0.0184873531309542	0.0993257353799428	0.0887651201713639	0.0809238335416737	0.0280357170887014	0.0792872106494719	0.0	-0.1759849191907928	0.0934196603796468	1.0	1.0	both	Q4_low_info	0.03294367693942614	0.0696068012752391												joint_grid_target
K562_essential_day7	ACH-000551	ZNF492	157.0	10691.0	1.0	310385.0	8563.0	h5ad_obs	supplementary	ctrl	verified_via_num_features_eq_1	num_features	2.668843894663059	0.0219648245939677	0.1173451428217427	0.1062342857925035	0.0964528730954791	0.0282410619431499	0.0881126590605774	0.0	-1.0515497685916484	0.95975966798941	1.0	1.0	both	middle	0.12964930924548354	0.6052072263549415												joint_grid_target
K562_essential_day7	ACH-000551	ZNF506	177.0	10691.0	1.0	310385.0	8563.0	h5ad_obs	supplementary	ctrl	verified_via_num_features_eq_1	num_features	2.512980107450533	0.0206125435679058	0.1215158784956665	0.1046029831973531	0.0934755338488025	0.0296316983669716	0.0893456660433216	0.0	-0.1679937020777601	0.088070833688903	1.0	1.0	both	Q4_low_info	0.0818278427205101	0.06641870350690754												joint_grid_target
K562_essential_day7	ACH-000551	ZNF559	111.0	10691.0	1.0	310385.0	8563.0	h5ad_obs	supplementary	ctrl	verified_via_num_features_eq_1	num_features	3.4577333877107472	0.0275113407573767	0.213312073625058	0.1658617662744714	0.1401937597181104	0.0352029120085998	0.2286080413607027	4.0	-0.4361895959156383	0.4178860346456564	1.0	1.0	both	middle	0.32678002125398514	0.21147715196599362												joint_grid_target
K562_essential_day7	ACH-000551	ZNF574	314.0	10691.0	1.0	310385.0	8563.0	h5ad_obs	supplementary	ctrl	verified_via_num_features_eq_1	num_features	2.207920192819965	0.0172336356822541	0.1445614483393199	0.1148996443658388	0.0962112860034155	0.038930128482139	0.1170214460164338	2.0	-0.4468534732266601	0.4362565261613303	1.0	1.0	both	Q4_low_info	0.019128586609989374	0.22157279489904358												joint_grid_target
K562_essential_day7	ACH-000551	ZNF658	111.0	10691.0	1.0	310385.0	8563.0	h5ad_obs	supplementary	ctrl	verified_via_num_features_eq_1	num_features	3.018883338299174	0.0247927613982135	0.1590788768973598	0.1311204023525561	0.1144320233461678	0.030880863286534	0.1132969540643689	1.0	-0.2569921600915507	0.162895086803669	1.0	1.0	both	Q4_low_info	0.22476089266737515	0.10839532412327312												joint_grid_target
K562_essential_day7	ACH-000551	ZNF674	126.0	10691.0	1.0	310385.0	8563.0	h5ad_obs	supplementary	ctrl	verified_via_num_features_eq_1	num_features	2.98565894558665	0.0246273771385733	0.1324044163070127	0.117177662125738	0.1063049324198566	0.0277824619419346	0.0904751547491287	0.0	-0.1553359968299712	0.0801104273019039	1.0	1.0	both	Q4_low_info	0.22051009564293306	0.06110520722635494												joint_grid_target
K562_essential_day7	ACH-000551	ZNF687	205.0	10691.0	1.0	310385.0	8563.0	h5ad_obs	supplementary	ctrl	verified_via_num_features_eq_1	num_features	2.892131556937015	0.0212799859645028	0.2572115212393794	0.1739055799404142	0.133867837626092	0.0477184403046073	0.248795903609583	5.0	-0.4822811882281358	0.4980043352271477	1.0	1.0	both	Q4_low_info	0.10255047821466524	0.2385759829968119												joint_grid_target
K562_essential_day7	ACH-000551	ZNF763	148.0	10691.0	1.0	310385.0	8563.0	h5ad_obs	supplementary	ctrl	verified_via_num_features_eq_1	num_features	2.615265288764152	0.0216597188717145	0.1287822305824858	0.1089065383660534	0.09553433491035	0.0293592663474899	0.0623603319563468	1.0	-0.0424131281657464	0.0321435324063147	1.0	1.0	both	Q4_low_info	0.11689691817215728	0.02709883103081828												joint_grid_target
K562_essential_day7	ACH-000551	ZNHIT2	96.0	10691.0	1.0	310385.0	8563.0	h5ad_obs	supplementary	ctrl	verified_via_num_features_eq_1	num_features	3.701773057090711	0.0302635255093175	0.1736048377819509	0.1514233065635133	0.1368076337678967	0.0292157652684845	0.3040070279133307	1.0	-1.7391713793644263	0.9985856722017	1.0	1.0	both	middle	0.41498405951115835	0.8565356004250797												joint_grid_target
K562_essential_day7	ACH-000551	ZNHIT3	72.0	10691.0	1.0	310385.0	8563.0	h5ad_obs	supplementary	ctrl	verified_via_num_features_eq_1	num_features	3.775026607861352	0.030783584225143	0.1834071554172127	0.1583039953236007	0.1413375620026598	0.0300273323944709	0.1667140973439842	1.0	-0.9299194377260612	0.9348637348795312	1.0	1.0	both	middle	0.43251859723698194	0.5292242295430393												joint_grid_target
K562_essential_day7	ACH-000551	ZNHIT6	117.0	10691.0	1.0	310385.0	8563.0	h5ad_obs	supplementary	ctrl	verified_via_num_features_eq_1	num_features	5.016533283614392	0.036648261827387	0.3755059083217687	0.3046180464706686	0.2536540345002669	0.0485340247688411	1.3705054784072814	37.0	-0.7708959435738438	0.8684053360840467	1.0	1.0	both	middle	0.5887353878852285	0.43623804463336874												joint_grid_target
K562_essential_day7	ACH-000551	ZRANB2	40.0	10691.0	1.0	310385.0	8563.0	h5ad_obs	supplementary	ctrl	verified_via_num_features_eq_1	num_features	5.693648234103999	0.0458352968762817	0.3005281469418643	0.2518101559865366	0.2207399626643101	0.0320787364664847	0.3212898151665939	15.0	-0.0198069978508933	0.0264853480809519	1.0	1.0	both	Q2_shift_excess	0.7582359192348566	0.020191285866099893												joint_grid_target
K562_essential_day7	ACH-000551	ZRSR2	113.0	10691.0	1.0	310385.0	8563.0	h5ad_obs	supplementary	ctrl	verified_via_num_features_eq_1	num_features	3.812608965389765	0.0302454743993695	0.2313670612253586	0.1844543038678725	0.1567649755511329	0.035610039268351	0.4094948166530336	7.0	-1.2170375321118911	0.9808736726122907	1.0	1.0	both	middle	0.41339001062699254	0.6849096705632306												joint_grid_target
K562_essential_day7	ACH-000551	ZW10	200.0	10691.0	1.0	310385.0	8563.0	h5ad_obs	supplementary	ctrl	verified_via_num_features_eq_1	num_features	2.51914419863581	0.0204027602338521	0.1316695321342572	0.1111097851596133	0.098661096004557	0.0317985591851677	0.1042525795123232	0.0	-0.245692362330093	0.1514399024342671	1.0	1.0	both	Q4_low_info	0.07492029755579172	0.10201912858660998												joint_grid_target
K562_essential_day7	ACH-000551	ZWINT	33.0	10691.0	1.0	310385.0	8563.0	h5ad_obs	supplementary	ctrl	verified_via_num_features_eq_1	num_features	6.38916746515215	0.0517250819568812	0.322993673747049	0.2787863866298644	0.2448898373891597	0.0314712820967499	0.9916554856545208	33.0	-0.2384235065393039	0.144377646478103	1.0	1.0	both	Q2_shift_excess	0.8368756641870351	0.09936238044633369												joint_grid_target
																													real_shift_mean_abs	depmap_gene_dependency	1882.0	0.4018413096087801	0.36325171556244534	0.43905452871832784	fisher_z_transform	0.000999000999000999	1000.0	42.0	target_to_depmap_permutation_within_table	replogle_bridge_correlation_summary
