dataset_id	context	cell_line	depmap_model_id	depmap_id_source	target_gene	n_cells_target	n_cells_control	truth_source_cell_count	gene_universe_size	normalization	min_target_cells	real_shift_L2	real_shift_mean_abs	real_shift_top20_mean	real_shift_top50_mean	real_shift_top100_mean	depmap_gene_effect	depmap_gene_dependency	depmap_effect_found	depmap_dependency_found	depmap_join_status
gse264667_hepg2_day7	HepG2 day 7	HepG2	ACH-000739	DepMap/Harmonizome cell-line mapping; verified row exists in local CRISPRGeneEffect.csv	AATF	51	4976	145473	9624	log1p(raw_counts_per_cell_total * 10000)	50	11.314567713492922	0.0715628966195301	0.896596506225117	0.7321846130257863	0.6053705579460926	-0.929081114163717	0.907845171178866	True	True	both
gse264667_hepg2_day7	HepG2 day 7	HepG2	ACH-000739	DepMap/Harmonizome cell-line mapping; verified row exists in local CRISPRGeneEffect.csv	ABCB7	71	4976	145473	9624	log1p(raw_counts_per_cell_total * 10000)	50	5.849275916673096	0.0405379931074376	0.3912574398582923	0.324895656297311	0.2764963763323289	-1.903404695993684	0.9999999925748538	True	True	both
gse264667_hepg2_day7	HepG2 day 7	HepG2	ACH-000739	DepMap/Harmonizome cell-line mapping; verified row exists in local CRISPRGeneEffect.csv	ABCF1	96	4976	145473	9624	log1p(raw_counts_per_cell_total * 10000)	50	6.342165421928406	0.0421179012599122	0.454372095723291	0.3814116283291043	0.3204114080727697	-1.192750322678107	0.969244194597964	True	True	both
gse264667_hepg2_day7	HepG2 day 7	HepG2	ACH-000739	DepMap/Harmonizome cell-line mapping; verified row exists in local CRISPRGeneEffect.csv	ABCG1	57	4976	145473	9624	log1p(raw_counts_per_cell_total * 10000)	50	4.668271053573154	0.0348320730959253	0.2565824564974773	0.2139810738519565	0.186569339939664	0.0095417285064696	0.032563621364821	True	True	both
gse264667_hepg2_day7	HepG2 day 7	HepG2	ACH-000739	DepMap/Harmonizome cell-line mapping; verified row exists in local CRISPRGeneEffect.csv	ABT1	108	4976	145473	9624	log1p(raw_counts_per_cell_total * 10000)	50	6.700557957374212	0.0428957095853463	0.5243195296258865	0.4283068577064707	0.357384202119369	-1.120933458674963	0.6612077158054532	True	True	both
gse264667_hepg2_day7	HepG2 day 7	HepG2	ACH-000739	DepMap/Harmonizome cell-line mapping; verified row exists in local CRISPRGeneEffect.csv	ACIN1	78	4976	145473	9624	log1p(raw_counts_per_cell_total * 10000)	50	3.962230322323241	0.0295162371884952	0.2268921295346081	0.1848596651033513	0.1594123512649428	-0.8864629096283734	0.9698173367447136	True	True	both
gse264667_hepg2_day7	HepG2 day 7	HepG2	ACH-000739	DepMap/Harmonizome cell-line mapping; verified row exists in local CRISPRGeneEffect.csv	ACOT12	80	4976	145473	9624	log1p(raw_counts_per_cell_total * 10000)	50	3.554479854583817	0.0271166552490282	0.1669854942325448	0.1455410334109314	0.1306355010759373	-0.0242234912334593	0.0257658128586942	True	True	both
gse264667_hepg2_day7	HepG2 day 7	HepG2	ACH-000739	DepMap/Harmonizome cell-line mapping; verified row exists in local CRISPRGeneEffect.csv	ACTR2	79	4976	145473	9624	log1p(raw_counts_per_cell_total * 10000)	50	3.737391886234193	0.0278701104584077	0.2182987235130196	0.1685895903998366	0.1426012527053316	-1.109311064205966	0.967052476736572	True	True	both
gse264667_hepg2_day7	HepG2 day 7	HepG2	ACH-000739	DepMap/Harmonizome cell-line mapping; verified row exists in local CRISPRGeneEffect.csv	ACTR6	51	4976	145473	9624	log1p(raw_counts_per_cell_total * 10000)	50	5.872400151253584	0.0440708042329655	0.3045909232338432	0.2629637317971046	0.2274921118455674	-0.7451401881442884	0.9041841675028016	True	True	both
gse264667_hepg2_day7	HepG2 day 7	HepG2	ACH-000739	DepMap/Harmonizome cell-line mapping; verified row exists in local CRISPRGeneEffect.csv	ACTR8	70	4976	145473	9624	log1p(raw_counts_per_cell_total * 10000)	50	6.457151408920439	0.0448831135336823	0.4156014893937588	0.3471205288973262	0.2979090330432288	-0.6766700102201805	0.8941765381401211	True	True	both
gse264667_hepg2_day7	HepG2 day 7	HepG2	ACH-000739	DepMap/Harmonizome cell-line mapping; verified row exists in local CRISPRGeneEffect.csv	ADAM10	161	4976	145473	9624	log1p(raw_counts_per_cell_total * 10000)	50	4.911960981343486	0.0340224788152926	0.3224921681744334	0.2615506615324742	0.222390244493063	-0.052628744567133	0.03088584185426	True	True	both
gse264667_hepg2_day7	HepG2 day 7	HepG2	ACH-000739	DepMap/Harmonizome cell-line mapping; verified row exists in local CRISPRGeneEffect.csv	ADAT3	119	4976	145473	9624	log1p(raw_counts_per_cell_total * 10000)	50	3.1326006971027973	0.0238761585027596	0.1442634965580988	0.1268981832872	0.1149628145622128	-0.1770769937881903	0.1449790605663635	True	True	both
gse264667_hepg2_day7	HepG2 day 7	HepG2	ACH-000739	DepMap/Harmonizome cell-line mapping; verified row exists in local CRISPRGeneEffect.csv	AGBL5	50	4976	145473	9624	log1p(raw_counts_per_cell_total * 10000)	50	6.319304276534407	0.0444474981377315	0.4549299357966715	0.3593519358648844	0.2946019898465933	-0.2968141657983105	0.1830026671028579	True	True	both
gse264667_hepg2_day7	HepG2 day 7	HepG2	ACH-000739	DepMap/Harmonizome cell-line mapping; verified row exists in local CRISPRGeneEffect.csv	AHCTF1	64	4976	145473	9624	log1p(raw_counts_per_cell_total * 10000)	50	5.739696399795511	0.0410058371704459	0.3608823142492083	0.2972482824202334	0.255710429851897	-1.055193996036356	0.9565335426757314	True	True	both
gse264667_hepg2_day7	HepG2 day 7	HepG2	ACH-000739	DepMap/Harmonizome cell-line mapping; verified row exists in local CRISPRGeneEffect.csv	AKIRIN2	92	4976	145473	9624	log1p(raw_counts_per_cell_total * 10000)	50	4.519681064392254	0.0313980495965071	0.3765639969807239	0.2781601274125947	0.2192282322454441	-0.9058643072447996	0.8921935273135808	True	True	both
gse264667_hepg2_day7	HepG2 day 7	HepG2	ACH-000739	DepMap/Harmonizome cell-line mapping; verified row exists in local CRISPRGeneEffect.csv	ALDOA	98	4976	145473	9624	log1p(raw_counts_per_cell_total * 10000)	50	3.634582882480489	0.0270562715023509	0.206849334502392	0.1694579982158042	0.1446805411686882	-0.340599887332258	0.2752849638067437	True	True	both
gse264667_hepg2_day7	HepG2 day 7	HepG2	ACH-000739	DepMap/Harmonizome cell-line mapping; verified row exists in local CRISPRGeneEffect.csv	ANAPC1	78	4976	145473	9624	log1p(raw_counts_per_cell_total * 10000)	50	4.133809622686787	0.0304902177015237	0.236025932364994	0.1973674069087929	0.1697771113799588	-1.5265331623183114	0.9806628900625164	True	True	both
gse264667_hepg2_day7	HepG2 day 7	HepG2	ACH-000739	DepMap/Harmonizome cell-line mapping; verified row exists in local CRISPRGeneEffect.csv	ANAPC11	80	4976	145473	9624	log1p(raw_counts_per_cell_total * 10000)	50	3.882054427543887	0.0287189461498583	0.2319557180085108	0.1781750041158972	0.1499064926595106	-2.044777909300771	1.0	True	True	both
gse264667_hepg2_day7	HepG2 day 7	HepG2	ACH-000739	DepMap/Harmonizome cell-line mapping; verified row exists in local CRISPRGeneEffect.csv	ANAPC13	56	4976	145473	9624	log1p(raw_counts_per_cell_total * 10000)	50	4.736220989206045	0.0354965646801928	0.2601399196078145	0.2203731947849373	0.1918111180005099	-0.3889999557440831	0.2638834016667142	True	True	both
gse264667_hepg2_day7	HepG2 day 7	HepG2	ACH-000739	DepMap/Harmonizome cell-line mapping; verified row exists in local CRISPRGeneEffect.csv	ANAPC15	200	4976	145473	9624	log1p(raw_counts_per_cell_total * 10000)	50	2.2152930599041403	0.0170185069924495	0.0997081185459695	0.0881388110589667	0.0793756849353114	-0.1086939098573787	0.1359776955179171	True	True	both
gse264667_hepg2_day7	HepG2 day 7	HepG2	ACH-000739	DepMap/Harmonizome cell-line mapping; verified row exists in local CRISPRGeneEffect.csv	ANAPC2	56	4976	145473	9624	log1p(raw_counts_per_cell_total * 10000)	50	6.2322372336113645	0.0432085687123945	0.4547905740181933	0.360121644476722	0.2981196699494566	-1.3312898704324196	0.99800642962313	True	True	both
gse264667_hepg2_day7	HepG2 day 7	HepG2	ACH-000739	DepMap/Harmonizome cell-line mapping; verified row exists in local CRISPRGeneEffect.csv	ANAPC5	61	4976	145473	9624	log1p(raw_counts_per_cell_total * 10000)	50	5.91441743803238	0.0417906600870878	0.4195560508249834	0.3368310339696474	0.2781506512632982	-1.4667991778430154	0.9730555059231274	True	True	both
gse264667_hepg2_day7	HepG2 day 7	HepG2	ACH-000739	DepMap/Harmonizome cell-line mapping; verified row exists in local CRISPRGeneEffect.csv	ANKLE2	102	4976	145473	9624	log1p(raw_counts_per_cell_total * 10000)	50	3.3103110014209336	0.0249292109732918	0.191156984396898	0.1509877084340218	0.1300172187979533	-2.508127342541344	1.0	True	True	both
gse264667_hepg2_day7	HepG2 day 7	HepG2	ACH-000739	DepMap/Harmonizome cell-line mapping; verified row exists in local CRISPRGeneEffect.csv	ANKRD11	102	4976	145473	9624	log1p(raw_counts_per_cell_total * 10000)	50	3.423751342154396	0.0246680899451113	0.2317461275506378	0.17084076020988	0.1397798640796656	-0.0527903201846333	0.0681357668167107	True	True	both
gse264667_hepg2_day7	HepG2 day 7	HepG2	ACH-000739	DepMap/Harmonizome cell-line mapping; verified row exists in local CRISPRGeneEffect.csv	ANKS6	63	4976	145473	9624	log1p(raw_counts_per_cell_total * 10000)	50	3.9419863986611614	0.0303024499724395	0.1936457920287574	0.1626853687908379	0.1431030190811324	-0.1931458037773604	0.1954814330796048	True	True	both
gse264667_hepg2_day7	HepG2 day 7	HepG2	ACH-000739	DepMap/Harmonizome cell-line mapping; verified row exists in local CRISPRGeneEffect.csv	AQP7	56	4976	145473	9624	log1p(raw_counts_per_cell_total * 10000)	50	4.522062884244412	0.0344859906678734	0.207238819617624	0.1814465554892464	0.1625903544475704	-0.3465105862713347	0.6187919705602427	True	True	both
gse264667_hepg2_day7	HepG2 day 7	HepG2	ACH-000739	DepMap/Harmonizome cell-line mapping; verified row exists in local CRISPRGeneEffect.csv	ARCN1	94	4976	145473	9624	log1p(raw_counts_per_cell_total * 10000)	50	10.517412958842865	0.0675864493352838	0.8739362621329996	0.6804644978070463	0.5602924145240259	-1.4952094970119871	0.9934240243142184	True	True	both
gse264667_hepg2_day7	HepG2 day 7	HepG2	ACH-000739	DepMap/Harmonizome cell-line mapping; verified row exists in local CRISPRGeneEffect.csv	ARHGAP6	50	4976	145473	9624	log1p(raw_counts_per_cell_total * 10000)	50	8.677606702321825	0.0582266774664392	0.6255660234375549	0.5099189399891608	0.4279720812177657	-0.013726458011506	0.0162816514538282	True	True	both
gse264667_hepg2_day7	HepG2 day 7	HepG2	ACH-000739	DepMap/Harmonizome cell-line mapping; verified row exists in local CRISPRGeneEffect.csv	ARL2	75	4976	145473	9624	log1p(raw_counts_per_cell_total * 10000)	50	4.322491424242234	0.0315982082774408	0.2846324112755941	0.2215148989907718	0.1851605336900644	-1.23668101412646	0.9738790578902988	True	True	both
gse264667_hepg2_day7	HepG2 day 7	HepG2	ACH-000739	DepMap/Harmonizome cell-line mapping; verified row exists in local CRISPRGeneEffect.csv	ARMC7	66	4976	145473	9624	log1p(raw_counts_per_cell_total * 10000)	50	4.968308035727991	0.0360967708387767	0.3334116904084432	0.2634385985178229	0.2173063498453082	-1.1996417070684422	0.9822785513392626	True	True	both
gse264667_hepg2_day7	HepG2 day 7	HepG2	ACH-000739	DepMap/Harmonizome cell-line mapping; verified row exists in local CRISPRGeneEffect.csv	ARPC2	99	4976	145473	9624	log1p(raw_counts_per_cell_total * 10000)	50	3.5688457378573863	0.0258616303174365	0.237110663602647	0.1833875206384357	0.1513313192142983	-0.2560890273210926	0.1151726553469805	True	True	both
gse264667_hepg2_day7	HepG2 day 7	HepG2	ACH-000739	DepMap/Harmonizome cell-line mapping; verified row exists in local CRISPRGeneEffect.csv	ARPC4	66	4976	145473	9624	log1p(raw_counts_per_cell_total * 10000)	50	5.797719424249716	0.0416759638535586	0.3493327642118162	0.2936527233031503	0.2510060265044178	-0.5518543294596561	0.6305654346644396	True	True	both
gse264667_hepg2_day7	HepG2 day 7	HepG2	ACH-000739	DepMap/Harmonizome cell-line mapping; verified row exists in local CRISPRGeneEffect.csv	ASCC3	62	4976	145473	9624	log1p(raw_counts_per_cell_total * 10000)	50	4.364301367473215	0.0327314013015568	0.2486864790954383	0.1978607208104185	0.1707343211222214	-0.3576481501365441	0.0894370263627928	True	True	both
gse264667_hepg2_day7	HepG2 day 7	HepG2	ACH-000739	DepMap/Harmonizome cell-line mapping; verified row exists in local CRISPRGeneEffect.csv	ATF5	52	4976	145473	9624	log1p(raw_counts_per_cell_total * 10000)	50	10.505410503033149	0.0686349708226364	0.7651045758776356	0.625429127538978	0.5286036591403068	-0.2675202653734302	0.3139654337438952	True	True	both
gse264667_hepg2_day7	HepG2 day 7	HepG2	ACH-000739	DepMap/Harmonizome cell-line mapping; verified row exists in local CRISPRGeneEffect.csv	ATP11B	62	4976	145473	9624	log1p(raw_counts_per_cell_total * 10000)	50	7.7029020142306734	0.0504208528988535	0.5865858847259534	0.4754875936331703	0.4004072370039531	-0.1436928629004551	0.0251807561771756	True	True	both
gse264667_hepg2_day7	HepG2 day 7	HepG2	ACH-000739	DepMap/Harmonizome cell-line mapping; verified row exists in local CRISPRGeneEffect.csv	ATP2A2	74	4976	145473	9624	log1p(raw_counts_per_cell_total * 10000)	50	4.5311392527413865	0.0328714456147675	0.2955922143129433	0.2363181011802542	0.2009646137209663	-1.8892240987842128	0.9999983841099944	True	True	both
gse264667_hepg2_day7	HepG2 day 7	HepG2	ACH-000739	DepMap/Harmonizome cell-line mapping; verified row exists in local CRISPRGeneEffect.csv	ATP5MF	60	4976	145473	9624	log1p(raw_counts_per_cell_total * 10000)	50	7.89289137518932	0.0518442541807896	0.6017120350057975	0.4814082345834155	0.4006022148684879	-1.0569200580280826	0.9668738510714472	True	True	both
gse264667_hepg2_day7	HepG2 day 7	HepG2	ACH-000739	DepMap/Harmonizome cell-line mapping; verified row exists in local CRISPRGeneEffect.csv	ATP6AP1	61	4976	145473	9624	log1p(raw_counts_per_cell_total * 10000)	50	12.76858962932896	0.0807488165370279	0.9606032717488664	0.7961707178920279	0.6703183308740739	-1.2676024125202818	0.9945081233749756	True	True	both
gse264667_hepg2_day7	HepG2 day 7	HepG2	ACH-000739	DepMap/Harmonizome cell-line mapping; verified row exists in local CRISPRGeneEffect.csv	ATP6AP2	128	4976	145473	9624	log1p(raw_counts_per_cell_total * 10000)	50	9.810640146489757	0.0617604635311768	0.7419377423851328	0.6003984786566479	0.5044740023188684	-1.395594705814037	0.9953126420989292	True	True	both
gse264667_hepg2_day7	HepG2 day 7	HepG2	ACH-000739	DepMap/Harmonizome cell-line mapping; verified row exists in local CRISPRGeneEffect.csv	ATP6V0B	53	4976	145473	9624	log1p(raw_counts_per_cell_total * 10000)	50	9.846576420400869	0.0638470666929494	0.7392719212203706	0.6103343020998234	0.5122298003033415	-1.3437472949791445	0.9994328977868558	True	True	both
gse264667_hepg2_day7	HepG2 day 7	HepG2	ACH-000739	DepMap/Harmonizome cell-line mapping; verified row exists in local CRISPRGeneEffect.csv	ATP6V0C	63	4976	145473	9624	log1p(raw_counts_per_cell_total * 10000)	50	10.666324460372174	0.0692618734595377	0.7274919017401782	0.6112386512004863	0.531231747389443	-1.8473651828634523	1.0	True	True	both
gse264667_hepg2_day7	HepG2 day 7	HepG2	ACH-000739	DepMap/Harmonizome cell-line mapping; verified row exists in local CRISPRGeneEffect.csv	ATP6V0D1	56	4976	145473	9624	log1p(raw_counts_per_cell_total * 10000)	50	4.883315199246459	0.0357949100704496	0.3058108621837762	0.2482269235754914	0.2098513394634919	-1.2746510993502975	0.9073900088874128	True	True	both
gse264667_hepg2_day7	HepG2 day 7	HepG2	ACH-000739	DepMap/Harmonizome cell-line mapping; verified row exists in local CRISPRGeneEffect.csv	ATP6V1G1	68	4976	145473	9624	log1p(raw_counts_per_cell_total * 10000)	50	7.488167518983379	0.0491548137955019	0.5909619225500529	0.4699048149860189	0.389220724573633	-1.2047419992275163	0.9958753716054826	True	True	both
gse264667_hepg2_day7	HepG2 day 7	HepG2	ACH-000739	DepMap/Harmonizome cell-line mapping; verified row exists in local CRISPRGeneEffect.csv	ATP6V1H	62	4976	145473	9624	log1p(raw_counts_per_cell_total * 10000)	50	8.24072657358135	0.0549057636025852	0.582504478215802	0.4813790943430455	0.4053676289773829	-1.0365976142400597	0.9333427630620544	True	True	both
gse264667_hepg2_day7	HepG2 day 7	HepG2	ACH-000739	DepMap/Harmonizome cell-line mapping; verified row exists in local CRISPRGeneEffect.csv	ATR	100	4976	145473	9624	log1p(raw_counts_per_cell_total * 10000)	50	6.503569944737465	0.0429165943549947	0.517142499193082	0.4043409437449546	0.3285893652286543	-1.4722772110963338	0.969241816111594	True	True	both
gse264667_hepg2_day7	HepG2 day 7	HepG2	ACH-000739	DepMap/Harmonizome cell-line mapping; verified row exists in local CRISPRGeneEffect.csv	AURKA	114	4976	145473	9624	log1p(raw_counts_per_cell_total * 10000)	50	3.6184552981087887	0.0264051468644512	0.240223884991806	0.1878478292063023	0.155675115203846	-1.039890789238348	0.973690847778552	True	True	both
gse264667_hepg2_day7	HepG2 day 7	HepG2	ACH-000739	DepMap/Harmonizome cell-line mapping; verified row exists in local CRISPRGeneEffect.csv	AURKAIP1	56	4976	145473	9624	log1p(raw_counts_per_cell_total * 10000)	50	5.731750897610663	0.0398231322769827	0.4135706111066621	0.309327292313528	0.2545797844256476	-0.4562996295711857	0.5387363778502973	True	True	both
gse264667_hepg2_day7	HepG2 day 7	HepG2	ACH-000739	DepMap/Harmonizome cell-line mapping; verified row exists in local CRISPRGeneEffect.csv	BANP	57	4976	145473	9624	log1p(raw_counts_per_cell_total * 10000)	50	4.517835183720949	0.0343256972165128	0.2253025277213179	0.1910035991376228	0.1678169073469017	-1.3637165134375877	0.9992864995888128	True	True	both
gse264667_hepg2_day7	HepG2 day 7	HepG2	ACH-000739	DepMap/Harmonizome cell-line mapping; verified row exists in local CRISPRGeneEffect.csv	BAP1	100	4976	145473	9624	log1p(raw_counts_per_cell_total * 10000)	50	5.463890390305838	0.0384335707895532	0.366223751386361	0.290006300470342	0.2449648906065444	-0.055256385134197	0.0628747611864228	True	True	both
gse264667_hepg2_day7	HepG2 day 7	HepG2	ACH-000739	DepMap/Harmonizome cell-line mapping; verified row exists in local CRISPRGeneEffect.csv	BARD1	50	4976	145473	9624	log1p(raw_counts_per_cell_total * 10000)	50	5.225020490160551	0.039070545895343	0.2709992958850487	0.2280083619920818	0.1999479754263858	-0.600712556898896	0.7142121242471793	True	True	both
gse264667_hepg2_day7	HepG2 day 7	HepG2	ACH-000739	DepMap/Harmonizome cell-line mapping; verified row exists in local CRISPRGeneEffect.csv	BCAR1	346	4976	145473	9624	log1p(raw_counts_per_cell_total * 10000)	50	1.7963846538291064	0.013796474427397	0.0837231635900571	0.0732918079513646	0.0653493152904752	-0.0625531012667492	0.0468027366594644	True	True	both
gse264667_hepg2_day7	HepG2 day 7	HepG2	ACH-000739	DepMap/Harmonizome cell-line mapping; verified row exists in local CRISPRGeneEffect.csv	BCL2L1	119	4976	145473	9624	log1p(raw_counts_per_cell_total * 10000)	50	2.9141509219528245	0.0223685279677172	0.140863185075975	0.1194172153000028	0.1057691557397258	-2.269007378915779	1.0	True	True	both
gse264667_hepg2_day7	HepG2 day 7	HepG2	ACH-000739	DepMap/Harmonizome cell-line mapping; verified row exists in local CRISPRGeneEffect.csv	BMS1	114	4976	145473	9624	log1p(raw_counts_per_cell_total * 10000)	50	10.096601397498194	0.0602748244272663	0.8505674263124124	0.6919446588768063	0.5699368162180378	-0.8820660632302351	0.9561143485382724	True	True	both
gse264667_hepg2_day7	HepG2 day 7	HepG2	ACH-000739	DepMap/Harmonizome cell-line mapping; verified row exists in local CRISPRGeneEffect.csv	BOP1	126	4976	145473	9624	log1p(raw_counts_per_cell_total * 10000)	50	7.210070112182093	0.0450892426321463	0.5901663884145896	0.4806839211446481	0.3966695896669989	-1.107644303021817	0.9716796843250178	True	True	both
gse264667_hepg2_day7	HepG2 day 7	HepG2	ACH-000739	DepMap/Harmonizome cell-line mapping; verified row exists in local CRISPRGeneEffect.csv	BORA	56	4976	145473	9624	log1p(raw_counts_per_cell_total * 10000)	50	4.993407440534956	0.0366308488817498	0.3047440237920948	0.24823158851657	0.2115700400286907	-0.8409963280711025	0.9646378729501742	True	True	both
gse264667_hepg2_day7	HepG2 day 7	HepG2	ACH-000739	DepMap/Harmonizome cell-line mapping; verified row exists in local CRISPRGeneEffect.csv	BPTF	242	4976	145473	9624	log1p(raw_counts_per_cell_total * 10000)	50	4.241408913229124	0.02758261879151	0.351816645145413	0.2731773148064856	0.2209111202709347	-1.22729214941479	0.9674438749336646	True	True	both
gse264667_hepg2_day7	HepG2 day 7	HepG2	ACH-000739	DepMap/Harmonizome cell-line mapping; verified row exists in local CRISPRGeneEffect.csv	BRCA2	115	4976	145473	9624	log1p(raw_counts_per_cell_total * 10000)	50	3.788045982439012	0.0271090740887963	0.2548800318009563	0.2013523845636169	0.1694294727868313	-0.8290706226291865	0.8907941876196587	True	True	both
gse264667_hepg2_day7	HepG2 day 7	HepG2	ACH-000739	DepMap/Harmonizome cell-line mapping; verified row exists in local CRISPRGeneEffect.csv	BRD2	51	4976	145473	9624	log1p(raw_counts_per_cell_total * 10000)	50	5.3807947906727565	0.0389072449433493	0.3266556720281841	0.2709552251647037	0.2317360557692868	0.1493862186473403	0.0063885685283106	True	True	both
gse264667_hepg2_day7	HepG2 day 7	HepG2	ACH-000739	DepMap/Harmonizome cell-line mapping; verified row exists in local CRISPRGeneEffect.csv	BRF1	63	4976	145473	9624	log1p(raw_counts_per_cell_total * 10000)	50	4.97072836127703	0.036426031179631	0.2787321237584753	0.242773903075459	0.211416104992709	-1.0852525408952551	0.9537952794203984	True	True	both
gse264667_hepg2_day7	HepG2 day 7	HepG2	ACH-000739	DepMap/Harmonizome cell-line mapping; verified row exists in local CRISPRGeneEffect.csv	BRIP1	58	4976	145473	9624	log1p(raw_counts_per_cell_total * 10000)	50	4.280356989837928	0.0328187514674356	0.2012900115771511	0.1762650776754481	0.1571963234442435	-0.7579327087584095	0.8889270045067982	True	True	both
gse264667_hepg2_day7	HepG2 day 7	HepG2	ACH-000739	DepMap/Harmonizome cell-line mapping; verified row exists in local CRISPRGeneEffect.csv	BRIX1	102	4976	145473	9624	log1p(raw_counts_per_cell_total * 10000)	50	10.363217937755222	0.0636041651996966	0.8363451458317501	0.6863954677215702	0.565966526523341	-1.3893336586502698	0.9863433318292052	True	True	both
gse264667_hepg2_day7	HepG2 day 7	HepG2	ACH-000739	DepMap/Harmonizome cell-line mapping; verified row exists in local CRISPRGeneEffect.csv	BTF3	212	4976	145473	9624	log1p(raw_counts_per_cell_total * 10000)	50	3.9583381216317592	0.0249090309695792	0.3359731993611268	0.239678181017113	0.1889307954383132	-1.0266330125110306	0.9010532262449952	True	True	both
gse264667_hepg2_day7	HepG2 day 7	HepG2	ACH-000739	DepMap/Harmonizome cell-line mapping; verified row exists in local CRISPRGeneEffect.csv	BTF3L4	81	4976	145473	9624	log1p(raw_counts_per_cell_total * 10000)	50	3.660833585380185	0.0275832190689338	0.216349989828116	0.1675048352630668	0.1425852653984668	-0.6736426731652985	0.9251891378788027	True	True	both
gse264667_hepg2_day7	HepG2 day 7	HepG2	ACH-000739	DepMap/Harmonizome cell-line mapping; verified row exists in local CRISPRGeneEffect.csv	BUB1	67	4976	145473	9624	log1p(raw_counts_per_cell_total * 10000)	50	4.4456505477449495	0.0329820898670686	0.268490615452321	0.2149561755251415	0.1838750364804583	-0.7094551996435572	0.7628188971369648	True	True	both
gse264667_hepg2_day7	HepG2 day 7	HepG2	ACH-000739	DepMap/Harmonizome cell-line mapping; verified row exists in local CRISPRGeneEffect.csv	BUB1B	103	4976	145473	9624	log1p(raw_counts_per_cell_total * 10000)	50	3.256711500874243	0.0247931451339149	0.162707820245406	0.1393589119176833	0.1222461553380542	-0.8676420460335956	0.961674824763152	True	True	both
gse264667_hepg2_day7	HepG2 day 7	HepG2	ACH-000739	DepMap/Harmonizome cell-line mapping; verified row exists in local CRISPRGeneEffect.csv	C16orf86	59	4976	145473	9624	log1p(raw_counts_per_cell_total * 10000)	50	4.108329738478214	0.0314198637782591	0.1901718966720009	0.1656016597383746	0.148072776306704	-0.1590386780154755	0.1780965569957755	True	True	both
gse264667_hepg2_day7	HepG2 day 7	HepG2	ACH-000739	DepMap/Harmonizome cell-line mapping; verified row exists in local CRISPRGeneEffect.csv	C17orf58	56	4976	145473	9624	log1p(raw_counts_per_cell_total * 10000)	50	4.823452672642739	0.0357980865667147	0.2693271899888579	0.2180883134327286	0.1888118351392724	-0.3234629465511347	0.4595455047367609	True	True	both
gse264667_hepg2_day7	HepG2 day 7	HepG2	ACH-000739	DepMap/Harmonizome cell-line mapping; verified row exists in local CRISPRGeneEffect.csv	C6orf15	50	4976	145473	9624	log1p(raw_counts_per_cell_total * 10000)	50	4.68798048323306	0.0358518010303542	0.2200090215478745	0.1880761225950476	0.1690095114886634	-0.1783240887119272	0.2056453403114408	True	True	both
gse264667_hepg2_day7	HepG2 day 7	HepG2	ACH-000739	DepMap/Harmonizome cell-line mapping; verified row exists in local CRISPRGeneEffect.csv	CA5A	62	4976	145473	9624	log1p(raw_counts_per_cell_total * 10000)	50	4.068332270458004	0.0313393988874715	0.1739627192243868	0.1574743406850442	0.1449158512239887	-0.4896027416583737	0.6178404827653553	True	True	both
gse264667_hepg2_day7	HepG2 day 7	HepG2	ACH-000739	DepMap/Harmonizome cell-line mapping; verified row exists in local CRISPRGeneEffect.csv	CABIN1	61	4976	145473	9624	log1p(raw_counts_per_cell_total * 10000)	50	4.659911622146336	0.0347955299272205	0.2398460663684727	0.2073629292415705	0.1836368704875574	-0.7249626164925403	0.8255489163612671	True	True	both
gse264667_hepg2_day7	HepG2 day 7	HepG2	ACH-000739	DepMap/Harmonizome cell-line mapping; verified row exists in local CRISPRGeneEffect.csv	CACNB3	75	4976	145473	9624	log1p(raw_counts_per_cell_total * 10000)	50	3.838457865611544	0.0295837404727775	0.1779746305880307	0.1551965272325103	0.1384941748461984	-0.2918916999561625	0.2957345545657123	True	True	both
gse264667_hepg2_day7	HepG2 day 7	HepG2	ACH-000739	DepMap/Harmonizome cell-line mapping; verified row exists in local CRISPRGeneEffect.csv	CADM4	79	4976	145473	9624	log1p(raw_counts_per_cell_total * 10000)	50	3.5314047024984987	0.0272092167577453	0.1532076566530942	0.1370995721448518	0.1241182329030877	-0.4258127911721224	0.4999910030548687	True	True	both
gse264667_hepg2_day7	HepG2 day 7	HepG2	ACH-000739	DepMap/Harmonizome cell-line mapping; verified row exists in local CRISPRGeneEffect.csv	CALR	86	4976	145473	9624	log1p(raw_counts_per_cell_total * 10000)	50	4.758735847998862	0.0300107438879059	0.4241908344181058	0.2868067479259366	0.2196041896453963	-0.3971665447716133	0.3182941063731178	True	True	both
gse264667_hepg2_day7	HepG2 day 7	HepG2	ACH-000739	DepMap/Harmonizome cell-line mapping; verified row exists in local CRISPRGeneEffect.csv	CARF	53	4976	145473	9624	log1p(raw_counts_per_cell_total * 10000)	50	5.751705871992959	0.0415633757323648	0.3557334829425187	0.2835670626844162	0.2440181961861075	-0.1649268817294422	0.0624770715249932	True	True	both
gse264667_hepg2_day7	HepG2 day 7	HepG2	ACH-000739	DepMap/Harmonizome cell-line mapping; verified row exists in local CRISPRGeneEffect.csv	CBLN1	60	4976	145473	9624	log1p(raw_counts_per_cell_total * 10000)	50	4.5474736704665055	0.0339785706896523	0.2704540869894228	0.2098069220808996	0.1777432400999183	0.0030794298427053	0.0483472249128554	True	True	both
gse264667_hepg2_day7	HepG2 day 7	HepG2	ACH-000739	DepMap/Harmonizome cell-line mapping; verified row exists in local CRISPRGeneEffect.csv	CBX1	51	4976	145473	9624	log1p(raw_counts_per_cell_total * 10000)	50	4.351364373354135	0.0331988230778614	0.217765066176504	0.1815337913579478	0.1593638033161307	-0.3250312869941711	0.3250572821379273	True	True	both
gse264667_hepg2_day7	HepG2 day 7	HepG2	ACH-000739	DepMap/Harmonizome cell-line mapping; verified row exists in local CRISPRGeneEffect.csv	CCDC59	127	4976	145473	9624	log1p(raw_counts_per_cell_total * 10000)	50	3.909038388062128	0.0279763421463364	0.2562559043069111	0.2061705541946243	0.1743550219582461	-0.7318999589004068	0.8519435835121958	True	True	both
gse264667_hepg2_day7	HepG2 day 7	HepG2	ACH-000739	DepMap/Harmonizome cell-line mapping; verified row exists in local CRISPRGeneEffect.csv	CCDC6	413	4976	145473	9624	log1p(raw_counts_per_cell_total * 10000)	50	3.116435059231047	0.020786138057571	0.2320034716246251	0.1882477088910427	0.1571571969052657	-0.1648837150412256	0.0793893045333644	True	True	both
gse264667_hepg2_day7	HepG2 day 7	HepG2	ACH-000739	DepMap/Harmonizome cell-line mapping; verified row exists in local CRISPRGeneEffect.csv	CCDC78	198	4976	145473	9624	log1p(raw_counts_per_cell_total * 10000)	50	2.56186783380048	0.0184695474370058	0.1844974495589627	0.135916463269838	0.1103566946569136	-0.0690633501499853	0.1014711407298284	True	True	both
gse264667_hepg2_day7	HepG2 day 7	HepG2	ACH-000739	DepMap/Harmonizome cell-line mapping; verified row exists in local CRISPRGeneEffect.csv	CCNC	52	4976	145473	9624	log1p(raw_counts_per_cell_total * 10000)	50	5.7441287989701495	0.0416822754914551	0.4016294361417755	0.305084507319076	0.251356942710436	-0.6074734413630347	0.7768375854143424	True	True	both
gse264667_hepg2_day7	HepG2 day 7	HepG2	ACH-000739	DepMap/Harmonizome cell-line mapping; verified row exists in local CRISPRGeneEffect.csv	CCNH	98	4976	145473	9624	log1p(raw_counts_per_cell_total * 10000)	50	4.870351485341353	0.0347423953719022	0.2952132804421171	0.2491757737731399	0.214358839134159	-0.8715208406084922	0.8822448662390935	True	True	both
gse264667_hepg2_day7	HepG2 day 7	HepG2	ACH-000739	DepMap/Harmonizome cell-line mapping; verified row exists in local CRISPRGeneEffect.csv	CCNK	96	4976	145473	9624	log1p(raw_counts_per_cell_total * 10000)	50	3.66075833291068	0.0272798688746527	0.2050744901850444	0.1726600670244241	0.1488159566330059	-1.6390805197359988	0.9923814479132166	True	True	both
gse264667_hepg2_day7	HepG2 day 7	HepG2	ACH-000739	DepMap/Harmonizome cell-line mapping; verified row exists in local CRISPRGeneEffect.csv	CCT2	73	4976	145473	9624	log1p(raw_counts_per_cell_total * 10000)	50	11.775200630920075	0.073139578644618	0.9045515601011832	0.7478772723421734	0.6346966548418935	-1.441407634548542	0.9984943901531136	True	True	both
gse264667_hepg2_day7	HepG2 day 7	HepG2	ACH-000739	DepMap/Harmonizome cell-line mapping; verified row exists in local CRISPRGeneEffect.csv	CCT4	87	4976	145473	9624	log1p(raw_counts_per_cell_total * 10000)	50	9.313839019392285	0.0584272957568738	0.7183990811625275	0.5913398424331049	0.5002616158072443	-2.050919846494918	1.0	True	True	both
gse264667_hepg2_day7	HepG2 day 7	HepG2	ACH-000739	DepMap/Harmonizome cell-line mapping; verified row exists in local CRISPRGeneEffect.csv	CCT6A	96	4976	145473	9624	log1p(raw_counts_per_cell_total * 10000)	50	10.48781272992323	0.0647567692798482	0.8331771169090892	0.6700763333437313	0.5692701644586381	-1.3160268702581848	0.9662885222460604	True	True	both
gse264667_hepg2_day7	HepG2 day 7	HepG2	ACH-000739	DepMap/Harmonizome cell-line mapping; verified row exists in local CRISPRGeneEffect.csv	CCT7	111	4976	145473	9624	log1p(raw_counts_per_cell_total * 10000)	50	10.022785940251811	0.0607909340081855	0.8612120642082036	0.679655286969454	0.5594671517664357	-1.119669617831745	0.784050147209153	True	True	both
gse264667_hepg2_day7	HepG2 day 7	HepG2	ACH-000739	DepMap/Harmonizome cell-line mapping; verified row exists in local CRISPRGeneEffect.csv	CCT8	68	4976	145473	9624	log1p(raw_counts_per_cell_total * 10000)	50	6.850479850685426	0.0456145349586869	0.5201735606988105	0.4181366279412111	0.3473407390238606	-1.5002277946477829	0.967785665443519	True	True	both
gse264667_hepg2_day7	HepG2 day 7	HepG2	ACH-000739	DepMap/Harmonizome cell-line mapping; verified row exists in local CRISPRGeneEffect.csv	CDC123	52	4976	145473	9624	log1p(raw_counts_per_cell_total * 10000)	50	5.428858969378094	0.0386449888542368	0.3851872589183691	0.2963788660406843	0.2439775331128589	-1.808664876179738	1.0	True	True	both
gse264667_hepg2_day7	HepG2 day 7	HepG2	ACH-000739	DepMap/Harmonizome cell-line mapping; verified row exists in local CRISPRGeneEffect.csv	CDC20	75	4976	145473	9624	log1p(raw_counts_per_cell_total * 10000)	50	4.288082742525328	0.0314915880722286	0.2709572121080746	0.2110384955726807	0.1772681951280244	-2.1356977035845026	1.0	True	True	both
gse264667_hepg2_day7	HepG2 day 7	HepG2	ACH-000739	DepMap/Harmonizome cell-line mapping; verified row exists in local CRISPRGeneEffect.csv	CDC42	118	4976	145473	9624	log1p(raw_counts_per_cell_total * 10000)	50	4.499567551754286	0.0287378235238218	0.4190526239390599	0.2957506018177037	0.2280500874202068	-0.6827662546543787	0.9105870518680396	True	True	both
gse264667_hepg2_day7	HepG2 day 7	HepG2	ACH-000739	DepMap/Harmonizome cell-line mapping; verified row exists in local CRISPRGeneEffect.csv	CDC6	72	4976	145473	9624	log1p(raw_counts_per_cell_total * 10000)	50	10.227891449347748	0.0656772038594728	0.7852879601577397	0.6493737252828242	0.5372544870473126	-1.8369963866957493	0.9999866563929748	True	True	both
gse264667_hepg2_day7	HepG2 day 7	HepG2	ACH-000739	DepMap/Harmonizome cell-line mapping; verified row exists in local CRISPRGeneEffect.csv	CDC73	66	4976	145473	9624	log1p(raw_counts_per_cell_total * 10000)	50	7.751135974612292	0.0525018497063424	0.5112505914578546	0.4392406184609012	0.3771352289049252	-1.3691275830509602	0.9699324959563304	True	True	both
gse264667_hepg2_day7	HepG2 day 7	HepG2	ACH-000739	DepMap/Harmonizome cell-line mapping; verified row exists in local CRISPRGeneEffect.csv	CDCA5	93	4976	145473	9624	log1p(raw_counts_per_cell_total * 10000)	50	4.75667836897689	0.0333620340799104	0.3232117935254716	0.2666567547531678	0.2240237124563401	-0.9479333026332376	0.9670812524626502	True	True	both
gse264667_hepg2_day7	HepG2 day 7	HepG2	ACH-000739	DepMap/Harmonizome cell-line mapping; verified row exists in local CRISPRGeneEffect.csv	CDIPT	54	4976	145473	9624	log1p(raw_counts_per_cell_total * 10000)	50	4.579512325395217	0.0345739109392847	0.2380383873921743	0.1978568017557778	0.1733608655521717	0.0273257904090467	0.0924031155318761	True	True	both
gse264667_hepg2_day7	HepG2 day 7	HepG2	ACH-000739	DepMap/Harmonizome cell-line mapping; verified row exists in local CRISPRGeneEffect.csv	CDK1	139	4976	145473	9624	log1p(raw_counts_per_cell_total * 10000)	50	7.595407398059225	0.0487867960742392	0.5211003788172499	0.4397123328014873	0.3790566163764411	-2.089147418381313	1.0	True	True	both
gse264667_hepg2_day7	HepG2 day 7	HepG2	ACH-000739	DepMap/Harmonizome cell-line mapping; verified row exists in local CRISPRGeneEffect.csv	CDK2	79	4976	145473	9624	log1p(raw_counts_per_cell_total * 10000)	50	3.8802368084467527	0.029616792831812	0.1816333604543871	0.1610213745255291	0.144311459218235	-0.6748979459151014	0.8548974748975434	True	True	both
gse264667_hepg2_day7	HepG2 day 7	HepG2	ACH-000739	DepMap/Harmonizome cell-line mapping; verified row exists in local CRISPRGeneEffect.csv	CDK6	71	4976	145473	9624	log1p(raw_counts_per_cell_total * 10000)	50	3.92780173520592	0.0299311479815339	0.1864625350680143	0.162803550044917	0.1449743297926036	-1.0055081420364558	0.8604385924518122	True	True	both
gse264667_hepg2_day7	HepG2 day 7	HepG2	ACH-000739	DepMap/Harmonizome cell-line mapping; verified row exists in local CRISPRGeneEffect.csv	CDK9	68	4976	145473	9624	log1p(raw_counts_per_cell_total * 10000)	50	5.85917410235832	0.0419301607054096	0.3627200505445395	0.3085918066862295	0.2660999550551605	-1.5121664964316532	0.9940267574475076	True	True	both
gse264667_hepg2_day7	HepG2 day 7	HepG2	ACH-000739	DepMap/Harmonizome cell-line mapping; verified row exists in local CRISPRGeneEffect.csv	CDT1	99	4976	145473	9624	log1p(raw_counts_per_cell_total * 10000)	50	8.267415632781088	0.0522781318669574	0.6487596858404935	0.5361169786358114	0.4445302668802591	-1.850529406455648	0.999997952626928	True	True	both
gse264667_hepg2_day7	HepG2 day 7	HepG2	ACH-000739	DepMap/Harmonizome cell-line mapping; verified row exists in local CRISPRGeneEffect.csv	CEBPZ	132	4976	145473	9624	log1p(raw_counts_per_cell_total * 10000)	50	9.369524312766336	0.0561796963850501	0.7975581397858992	0.6488431876449411	0.5377204210791219	-0.769595352637095	0.7822818524936124	True	True	both
gse264667_hepg2_day7	HepG2 day 7	HepG2	ACH-000739	DepMap/Harmonizome cell-line mapping; verified row exists in local CRISPRGeneEffect.csv	CENPK	99	4976	145473	9624	log1p(raw_counts_per_cell_total * 10000)	50	3.687295361393081	0.02665764948263	0.2455802795550647	0.1898090917363935	0.1582725665007273	-1.374266351328904	0.9787532274794934	True	True	both
gse264667_hepg2_day7	HepG2 day 7	HepG2	ACH-000739	DepMap/Harmonizome cell-line mapping; verified row exists in local CRISPRGeneEffect.csv	CENPP	59	4976	145473	9624	log1p(raw_counts_per_cell_total * 10000)	50	8.134100638226235	0.0525016957407742	0.6528810878072064	0.5208633581928575	0.4275649462448717	-0.3680582380561087	0.2282958555763192	True	True	both
gse264667_hepg2_day7	HepG2 day 7	HepG2	ACH-000739	DepMap/Harmonizome cell-line mapping; verified row exists in local CRISPRGeneEffect.csv	CENPT	70	4976	145473	9624	log1p(raw_counts_per_cell_total * 10000)	50	4.767422285540635	0.0347859538167514	0.3172679025003088	0.2496748817012408	0.2070097178185998	-0.5950375802990538	0.8422204540182838	True	True	both
gse264667_hepg2_day7	HepG2 day 7	HepG2	ACH-000739	DepMap/Harmonizome cell-line mapping; verified row exists in local CRISPRGeneEffect.csv	CEP85	57	4976	145473	9624	log1p(raw_counts_per_cell_total * 10000)	50	4.619273031997362	0.0345845600140984	0.2669546626984103	0.2133214013869635	0.1829641979361411	-0.4549682907422372	0.466974303827647	True	True	both
gse264667_hepg2_day7	HepG2 day 7	HepG2	ACH-000739	DepMap/Harmonizome cell-line mapping; verified row exists in local CRISPRGeneEffect.csv	CFDP1	52	4976	145473	9624	log1p(raw_counts_per_cell_total * 10000)	50	4.960348083347736	0.0371406905494133	0.2435239919669722	0.2154680323111795	0.1907403658431312	-0.0965178512498731	0.2844214611309151	True	True	both
gse264667_hepg2_day7	HepG2 day 7	HepG2	ACH-000739	DepMap/Harmonizome cell-line mapping; verified row exists in local CRISPRGeneEffect.csv	CHAF1B	54	4976	145473	9624	log1p(raw_counts_per_cell_total * 10000)	50	9.546009470205547	0.0621641573987725	0.7466351391359098	0.5949711389961374	0.4885792750686831	-2.274907184486198	1.0	True	True	both
gse264667_hepg2_day7	HepG2 day 7	HepG2	ACH-000739	DepMap/Harmonizome cell-line mapping; verified row exists in local CRISPRGeneEffect.csv	CHCHD4	63	4976	145473	9624	log1p(raw_counts_per_cell_total * 10000)	50	8.310043357736772	0.053992778472595	0.6171741252062195	0.5064622312282764	0.4306627026584141	-1.0139183350624057	0.9499486724041696	True	True	both
gse264667_hepg2_day7	HepG2 day 7	HepG2	ACH-000739	DepMap/Harmonizome cell-line mapping; verified row exists in local CRISPRGeneEffect.csv	CHEK1	65	4976	145473	9624	log1p(raw_counts_per_cell_total * 10000)	50	6.579590214162584	0.0451279612520045	0.4802598481306036	0.3803124810123961	0.3163900244897519	-1.815645019366155	0.9999961570629492	True	True	both
gse264667_hepg2_day7	HepG2 day 7	HepG2	ACH-000739	DepMap/Harmonizome cell-line mapping; verified row exists in local CRISPRGeneEffect.csv	CHERP	96	4976	145473	9624	log1p(raw_counts_per_cell_total * 10000)	50	6.137373543229296	0.0421354818733222	0.4417639802780006	0.3520681721173397	0.2918469889595204	-1.0287591320969025	0.9628863497509768	True	True	both
gse264667_hepg2_day7	HepG2 day 7	HepG2	ACH-000739	DepMap/Harmonizome cell-line mapping; verified row exists in local CRISPRGeneEffect.csv	CHMP6	67	4976	145473	9624	log1p(raw_counts_per_cell_total * 10000)	50	12.25600903521843	0.075781294578074	1.0289734334157263	0.8238426689607316	0.6804353235014196	-0.8778395113865767	0.9481208731125365	True	True	both
gse264667_hepg2_day7	HepG2 day 7	HepG2	ACH-000739	DepMap/Harmonizome cell-line mapping; verified row exists in local CRISPRGeneEffect.csv	CHORDC1	57	4976	145473	9624	log1p(raw_counts_per_cell_total * 10000)	50	4.845085673808186	0.0360617775727988	0.2672251537288799	0.2204859279940369	0.1922950612807724	-1.043780167235777	0.9860078458443412	True	True	both
gse264667_hepg2_day7	HepG2 day 7	HepG2	ACH-000739	DepMap/Harmonizome cell-line mapping; verified row exists in local CRISPRGeneEffect.csv	CHTF18	95	4976	145473	9624	log1p(raw_counts_per_cell_total * 10000)	50	3.343232920550325	0.0254156336868233	0.1681682663771689	0.1435347586866975	0.126791361355816	-0.0339974045417496	0.0257344700066225	True	True	both
gse264667_hepg2_day7	HepG2 day 7	HepG2	ACH-000739	DepMap/Harmonizome cell-line mapping; verified row exists in local CRISPRGeneEffect.csv	CIAO1	78	4976	145473	9624	log1p(raw_counts_per_cell_total * 10000)	50	4.501516296285752	0.031752890015857	0.3579715853776019	0.2649609434165236	0.2105650338059335	-1.546254332578875	0.9995725431376724	True	True	both
gse264667_hepg2_day7	HepG2 day 7	HepG2	ACH-000739	DepMap/Harmonizome cell-line mapping; verified row exists in local CRISPRGeneEffect.csv	CIAPIN1	99	4976	145473	9624	log1p(raw_counts_per_cell_total * 10000)	50	7.120566735032966	0.0471726411793593	0.5220286287864115	0.4164462014880297	0.3517339494601045	-1.3020686877426613	0.9995676839198008	True	True	both
gse264667_hepg2_day7	HepG2 day 7	HepG2	ACH-000739	DepMap/Harmonizome cell-line mapping; verified row exists in local CRISPRGeneEffect.csv	CKAP5	60	4976	145473	9624	log1p(raw_counts_per_cell_total * 10000)	50	4.253625259841373	0.0321742825574718	0.2114081385455794	0.1822702291556509	0.160945392930388	-1.7693081348022852	0.9999535204403808	True	True	both
gse264667_hepg2_day7	HepG2 day 7	HepG2	ACH-000739	DepMap/Harmonizome cell-line mapping; verified row exists in local CRISPRGeneEffect.csv	CLASRP	152	4976	145473	9624	log1p(raw_counts_per_cell_total * 10000)	50	3.6832289523538777	0.0260482792866641	0.2549772352813419	0.2047485785807009	0.1700737060833566	-0.2474076479123061	0.1797587589761928	True	True	both
gse264667_hepg2_day7	HepG2 day 7	HepG2	ACH-000739	DepMap/Harmonizome cell-line mapping; verified row exists in local CRISPRGeneEffect.csv	CLOCK	228	4976	145473	9624	log1p(raw_counts_per_cell_total * 10000)	50	3.877750028851964	0.0238902296349791	0.4567156112539909	0.2956698295929301	0.21434894493956	0.1123079906582622	0.0036401202757134	True	True	both
gse264667_hepg2_day7	HepG2 day 7	HepG2	ACH-000739	DepMap/Harmonizome cell-line mapping; verified row exists in local CRISPRGeneEffect.csv	CMPK1	64	4976	145473	9624	log1p(raw_counts_per_cell_total * 10000)	50	4.131994971392317	0.0318244407458026	0.1877484432083982	0.1636515528282863	0.1469798617689028	-0.917352248157058	0.9508009680504206	True	True	both
gse264667_hepg2_day7	HepG2 day 7	HepG2	ACH-000739	DepMap/Harmonizome cell-line mapping; verified row exists in local CRISPRGeneEffect.csv	CMTR1	59	4976	145473	9624	log1p(raw_counts_per_cell_total * 10000)	50	5.648337827953709	0.0405645235920118	0.3582932926579016	0.2931138985589491	0.2492936017958304	-0.8463719034105179	0.9633294901445688	True	True	both
gse264667_hepg2_day7	HepG2 day 7	HepG2	ACH-000739	DepMap/Harmonizome cell-line mapping; verified row exists in local CRISPRGeneEffect.csv	CNN2	75	4976	145473	9624	log1p(raw_counts_per_cell_total * 10000)	50	3.581904138811758	0.0268632695595323	0.2015036771186864	0.1550534665948217	0.1339257412617469	-0.1617421716012694	0.3365862432411378	True	True	both
gse264667_hepg2_day7	HepG2 day 7	HepG2	ACH-000739	DepMap/Harmonizome cell-line mapping; verified row exists in local CRISPRGeneEffect.csv	CNOT1	62	4976	145473	9624	log1p(raw_counts_per_cell_total * 10000)	50	10.385280679387249	0.0702989654414845	0.7121748563979158	0.5672025867681	0.4808535964770608	-0.3722809903619547	0.2200120218396973	True	True	both
gse264667_hepg2_day7	HepG2 day 7	HepG2	ACH-000739	DepMap/Harmonizome cell-line mapping; verified row exists in local CRISPRGeneEffect.csv	CNOT10	86	4976	145473	9624	log1p(raw_counts_per_cell_total * 10000)	50	5.918934549632986	0.0393532527431385	0.4924363684499568	0.3746348041478105	0.3067609249933735	0.3313551981729388	0.0024671294064747	True	True	both
gse264667_hepg2_day7	HepG2 day 7	HepG2	ACH-000739	DepMap/Harmonizome cell-line mapping; verified row exists in local CRISPRGeneEffect.csv	CNOT11	57	4976	145473	9624	log1p(raw_counts_per_cell_total * 10000)	50	4.8279795329438855	0.0350670914319766	0.3315535473568171	0.2438167910518694	0.1996944320436477	0.2034047772674677	0.0045748208744087	True	True	both
gse264667_hepg2_day7	HepG2 day 7	HepG2	ACH-000739	DepMap/Harmonizome cell-line mapping; verified row exists in local CRISPRGeneEffect.csv	CNOT9	56	4976	145473	9624	log1p(raw_counts_per_cell_total * 10000)	50	4.5663911150136025	0.034275895185076	0.2704682017675142	0.213861249957172	0.1799495920848908	-0.3509967673883289	0.6453323795258615	True	True	both
gse264667_hepg2_day7	HepG2 day 7	HepG2	ACH-000739	DepMap/Harmonizome cell-line mapping; verified row exists in local CRISPRGeneEffect.csv	COG1	55	4976	145473	9624	log1p(raw_counts_per_cell_total * 10000)	50	4.644103623732312	0.0349342879001272	0.2482437762342343	0.2070763590083046	0.1819313620146215	-0.4177695658807266	0.2019889341430756	True	True	both
gse264667_hepg2_day7	HepG2 day 7	HepG2	ACH-000739	DepMap/Harmonizome cell-line mapping; verified row exists in local CRISPRGeneEffect.csv	COG6	61	4976	145473	9624	log1p(raw_counts_per_cell_total * 10000)	50	4.428085826965183	0.0321145805669252	0.2943730876237366	0.2342264010089754	0.1962922132378906	-0.5012091300681685	0.4276330876927526	True	True	both
gse264667_hepg2_day7	HepG2 day 7	HepG2	ACH-000739	DepMap/Harmonizome cell-line mapping; verified row exists in local CRISPRGeneEffect.csv	COPS2	78	4976	145473	9624	log1p(raw_counts_per_cell_total * 10000)	50	7.879745809302523	0.0500614274447722	0.6592128844999139	0.5235932334437178	0.4296643786084786	-0.9786101570687592	0.889555872967972	True	True	both
gse264667_hepg2_day7	HepG2 day 7	HepG2	ACH-000739	DepMap/Harmonizome cell-line mapping; verified row exists in local CRISPRGeneEffect.csv	COPS4	63	4976	145473	9624	log1p(raw_counts_per_cell_total * 10000)	50	8.108897996295095	0.0531532312034111	0.625693392941932	0.5067788163258249	0.4222319242989485	-0.8853415940187979	0.8841249880915306	True	True	both
gse264667_hepg2_day7	HepG2 day 7	HepG2	ACH-000739	DepMap/Harmonizome cell-line mapping; verified row exists in local CRISPRGeneEffect.csv	COPS8	66	4976	145473	9624	log1p(raw_counts_per_cell_total * 10000)	50	4.058851367109813	0.0306724257695173	0.2114666065224009	0.1772130774976352	0.1553188181657807	-0.7580359320926309	0.8890515689643427	True	True	both
gse264667_hepg2_day7	HepG2 day 7	HepG2	ACH-000739	DepMap/Harmonizome cell-line mapping; verified row exists in local CRISPRGeneEffect.csv	COPZ1	55	4976	145473	9624	log1p(raw_counts_per_cell_total * 10000)	50	5.459260836737512	0.0407161112089487	0.2700662541820769	0.241137868850858	0.2158858195529541	-1.5870569676383344	0.9879468143207766	True	True	both
gse264667_hepg2_day7	HepG2 day 7	HepG2	ACH-000739	DepMap/Harmonizome cell-line mapping; verified row exists in local CRISPRGeneEffect.csv	COQ2	70	4976	145473	9624	log1p(raw_counts_per_cell_total * 10000)	50	3.888754204095599	0.0296109033685254	0.1954763360899823	0.1600483927991605	0.1408270140071837	-0.375731775439987	0.4724758883957015	True	True	both
gse264667_hepg2_day7	HepG2 day 7	HepG2	ACH-000739	DepMap/Harmonizome cell-line mapping; verified row exists in local CRISPRGeneEffect.csv	COTL1	60	4976	145473	9624	log1p(raw_counts_per_cell_total * 10000)	50	5.0006708854763575	0.0366771864410482	0.2834789586790247	0.2394067435258818	0.2078034324414363	-0.1612548089987788	0.0278803173701623	True	True	both
gse264667_hepg2_day7	HepG2 day 7	HepG2	ACH-000739	DepMap/Harmonizome cell-line mapping; verified row exists in local CRISPRGeneEffect.csv	COX10	64	4976	145473	9624	log1p(raw_counts_per_cell_total * 10000)	50	4.546987381822822	0.0341749110566802	0.2269885395804773	0.2010409647783779	0.1772745685696742	-0.4874363664740839	0.5781976666748238	True	True	both
gse264667_hepg2_day7	HepG2 day 7	HepG2	ACH-000739	DepMap/Harmonizome cell-line mapping; verified row exists in local CRISPRGeneEffect.csv	COX11	99	4976	145473	9624	log1p(raw_counts_per_cell_total * 10000)	50	3.853833339031125	0.0270983322654293	0.3273747068060546	0.2377969075625137	0.1841390883832356	-0.6088088296218762	0.8460605451535673	True	True	both
gse264667_hepg2_day7	HepG2 day 7	HepG2	ACH-000739	DepMap/Harmonizome cell-line mapping; verified row exists in local CRISPRGeneEffect.csv	CPAMD8	66	4976	145473	9624	log1p(raw_counts_per_cell_total * 10000)	50	4.237921944032937	0.0320498366152096	0.2279978112803337	0.190910807948531	0.1644217937793433	-0.6341172641681814	0.6987419688582217	True	True	both
gse264667_hepg2_day7	HepG2 day 7	HepG2	ACH-000739	DepMap/Harmonizome cell-line mapping; verified row exists in local CRISPRGeneEffect.csv	CPEB1	100	4976	145473	9624	log1p(raw_counts_per_cell_total * 10000)	50	8.54290987499604	0.0524945410470973	0.7107055189533225	0.5800235918245826	0.4802857967402438	0.0121464508383555	0.0647835724426576	True	True	both
gse264667_hepg2_day7	HepG2 day 7	HepG2	ACH-000739	DepMap/Harmonizome cell-line mapping; verified row exists in local CRISPRGeneEffect.csv	CPNE7	80	4976	145473	9624	log1p(raw_counts_per_cell_total * 10000)	50	4.665504337866341	0.0336952806536549	0.3129942706532752	0.2465301825128064	0.210260365981357	-0.4146332459110102	0.7044912096647113	True	True	both
gse264667_hepg2_day7	HepG2 day 7	HepG2	ACH-000739	DepMap/Harmonizome cell-line mapping; verified row exists in local CRISPRGeneEffect.csv	CPSF1	59	4976	145473	9624	log1p(raw_counts_per_cell_total * 10000)	50	6.476570765112236	0.0461147528832358	0.4072967163688101	0.3426859571570139	0.2887656718529667	-1.3533545380828589	0.9975262299431285	True	True	both
gse264667_hepg2_day7	HepG2 day 7	HepG2	ACH-000739	DepMap/Harmonizome cell-line mapping; verified row exists in local CRISPRGeneEffect.csv	CPSF3	200	4976	145473	9624	log1p(raw_counts_per_cell_total * 10000)	50	6.90719509827676	0.0446314617351461	0.5150289838490678	0.4223627466793995	0.3569609120489479	-1.7998015278976254	0.9974494145155328	True	True	both
gse264667_hepg2_day7	HepG2 day 7	HepG2	ACH-000739	DepMap/Harmonizome cell-line mapping; verified row exists in local CRISPRGeneEffect.csv	CPSF4	65	4976	145473	9624	log1p(raw_counts_per_cell_total * 10000)	50	8.846748180175247	0.0600078100617651	0.5752615979912288	0.4888937025464087	0.4199108196978961	-2.2784694185594803	1.0	True	True	both
gse264667_hepg2_day7	HepG2 day 7	HepG2	ACH-000739	DepMap/Harmonizome cell-line mapping; verified row exists in local CRISPRGeneEffect.csv	CS	77	4976	145473	9624	log1p(raw_counts_per_cell_total * 10000)	50	4.023621736191124	0.0298062150165856	0.2363133125182483	0.1874964795187503	0.1606498192055824	-0.1201936078531994	0.0339640295738389	True	True	both
gse264667_hepg2_day7	HepG2 day 7	HepG2	ACH-000739	DepMap/Harmonizome cell-line mapping; verified row exists in local CRISPRGeneEffect.csv	CSE1L	240	4976	145473	9624	log1p(raw_counts_per_cell_total * 10000)	50	11.334009534312548	0.0728749465454463	0.7945392492395703	0.6674517361311778	0.5740948400715424	-2.009789146069332	0.9998382813698258	True	True	both
gse264667_hepg2_day7	HepG2 day 7	HepG2	ACH-000739	DepMap/Harmonizome cell-line mapping; verified row exists in local CRISPRGeneEffect.csv	CSH2	79	4976	145473	9624	log1p(raw_counts_per_cell_total * 10000)	50	3.698969980351542	0.0279612314187365	0.1939461322104241	0.1669284392345031	0.1450538508164109	-0.2760982940186426	0.2479092004264815	True	True	both
gse264667_hepg2_day7	HepG2 day 7	HepG2	ACH-000739	DepMap/Harmonizome cell-line mapping; verified row exists in local CRISPRGeneEffect.csv	CSNK2B	111	4976	145473	9624	log1p(raw_counts_per_cell_total * 10000)	50	7.72866101106833	0.0468037681958867	0.6938828608142469	0.5760335035935277	0.4648854175095497	-0.1526200294246735	0.1506265657190348	True	True	both
gse264667_hepg2_day7	HepG2 day 7	HepG2	ACH-000739	DepMap/Harmonizome cell-line mapping; verified row exists in local CRISPRGeneEffect.csv	CSTF1	265	4976	145473	9624	log1p(raw_counts_per_cell_total * 10000)	50	5.26084682227161	0.033370203365595	0.4063535032010836	0.3364453585427939	0.2793135171482365	-0.5846116184889913	0.7835480173279696	True	True	both
gse264667_hepg2_day7	HepG2 day 7	HepG2	ACH-000739	DepMap/Harmonizome cell-line mapping; verified row exists in local CRISPRGeneEffect.csv	CSTF3	70	4976	145473	9624	log1p(raw_counts_per_cell_total * 10000)	50	9.738873717522104	0.0637418538322836	0.6888602196108413	0.5782134108346899	0.4890266698741824	-1.2161052087430804	0.970704095781439	True	True	both
gse264667_hepg2_day7	HepG2 day 7	HepG2	ACH-000739	DepMap/Harmonizome cell-line mapping; verified row exists in local CRISPRGeneEffect.csv	CTDP1	83	4976	145473	9624	log1p(raw_counts_per_cell_total * 10000)	50	3.886466390476112	0.0296888961667926	0.1803842549495799	0.1560210969982703	0.1408650184282484	-1.5764009816786928	0.9825472326780496	True	True	both
gse264667_hepg2_day7	HepG2 day 7	HepG2	ACH-000739	DepMap/Harmonizome cell-line mapping; verified row exists in local CRISPRGeneEffect.csv	CTU2	58	4976	145473	9624	log1p(raw_counts_per_cell_total * 10000)	50	5.621776859907214	0.0404096689349814	0.349108424364471	0.2890894296579723	0.2470665656248413	-0.8826149277884264	0.9259986362665236	True	True	both
gse264667_hepg2_day7	HepG2 day 7	HepG2	ACH-000739	DepMap/Harmonizome cell-line mapping; verified row exists in local CRISPRGeneEffect.csv	CUL2	70	4976	145473	9624	log1p(raw_counts_per_cell_total * 10000)	50	7.470450088228436	0.04750414617391	0.5989382810616604	0.4791227362889165	0.3995073677226708	0.0588934033286048	0.0145826011515154	True	True	both
gse264667_hepg2_day7	HepG2 day 7	HepG2	ACH-000739	DepMap/Harmonizome cell-line mapping; verified row exists in local CRISPRGeneEffect.csv	CUL7	54	4976	145473	9624	log1p(raw_counts_per_cell_total * 10000)	50	12.567275289390444	0.0829153953313973	0.8632122936255122	0.7078087983708515	0.6092657596893972	0.1101171633113254	0.0137367178111558	True	True	both
gse264667_hepg2_day7	HepG2 day 7	HepG2	ACH-000739	DepMap/Harmonizome cell-line mapping; verified row exists in local CRISPRGeneEffect.csv	CYS1	53	4976	145473	9624	log1p(raw_counts_per_cell_total * 10000)	50	4.377135789068937	0.0333249189342518	0.2162941955086565	0.1814632799247693	0.1618355932993688	-0.0731558545018312	0.0898011475513313	True	True	both
gse264667_hepg2_day7	HepG2 day 7	HepG2	ACH-000739	DepMap/Harmonizome cell-line mapping; verified row exists in local CRISPRGeneEffect.csv	DAP3	60	4976	145473	9624	log1p(raw_counts_per_cell_total * 10000)	50	4.88531937611595	0.0360098889494538	0.2826872703567045	0.2291992164012044	0.1975440332150048	-0.7525790215146095	0.7370809290233287	True	True	both
gse264667_hepg2_day7	HepG2 day 7	HepG2	ACH-000739	DepMap/Harmonizome cell-line mapping; verified row exists in local CRISPRGeneEffect.csv	DBR1	76	4976	145473	9624	log1p(raw_counts_per_cell_total * 10000)	50	8.636235208946173	0.0574274999889051	0.6727671668619859	0.5523644025987864	0.4506777213536839	-1.1344401072071075	0.982387381782656	True	True	both
gse264667_hepg2_day7	HepG2 day 7	HepG2	ACH-000739	DepMap/Harmonizome cell-line mapping; verified row exists in local CRISPRGeneEffect.csv	DCTN1	70	4976	145473	9624	log1p(raw_counts_per_cell_total * 10000)	50	4.705913770252796	0.0343852357565361	0.3012492947949273	0.2352954540269934	0.1994022510722968	-0.4330840736966129	0.5285486580840478	True	True	both
gse264667_hepg2_day7	HepG2 day 7	HepG2	ACH-000739	DepMap/Harmonizome cell-line mapping; verified row exists in local CRISPRGeneEffect.csv	DCTN2	69	4976	145473	9624	log1p(raw_counts_per_cell_total * 10000)	50	5.695107953295431	0.0397733568208156	0.4053117462015649	0.3257043285118746	0.2743797239967942	-0.7002708102630726	0.879920630178081	True	True	both
gse264667_hepg2_day7	HepG2 day 7	HepG2	ACH-000739	DepMap/Harmonizome cell-line mapping; verified row exists in local CRISPRGeneEffect.csv	DCTN3	80	4976	145473	9624	log1p(raw_counts_per_cell_total * 10000)	50	5.139995406494378	0.0357140135488446	0.3557868013601043	0.2887889340681433	0.2462008382284151	-0.5740727310272834	0.7088877487432775	True	True	both
gse264667_hepg2_day7	HepG2 day 7	HepG2	ACH-000739	DepMap/Harmonizome cell-line mapping; verified row exists in local CRISPRGeneEffect.csv	DCTN4	66	4976	145473	9624	log1p(raw_counts_per_cell_total * 10000)	50	5.563713685978756	0.03931591443695	0.359801194139745	0.3066906163161692	0.2602352084844734	-0.8972423071423042	0.8828166233574254	True	True	both
gse264667_hepg2_day7	HepG2 day 7	HepG2	ACH-000739	DepMap/Harmonizome cell-line mapping; verified row exists in local CRISPRGeneEffect.csv	DCUN1D5	89	4976	145473	9624	log1p(raw_counts_per_cell_total * 10000)	50	8.723630829943293	0.0576993621018661	0.6014537453862069	0.5067219268439241	0.4299917495622798	0.0273066799340713	0.0094329586292936	True	True	both
gse264667_hepg2_day7	HepG2 day 7	HepG2	ACH-000739	DepMap/Harmonizome cell-line mapping; verified row exists in local CRISPRGeneEffect.csv	DDB1	94	4976	145473	9624	log1p(raw_counts_per_cell_total * 10000)	50	6.910036419370744	0.04549478850517	0.5129329791810552	0.4153895807826501	0.3461030860163185	-1.9576272053943968	1.0	True	True	both
gse264667_hepg2_day7	HepG2 day 7	HepG2	ACH-000739	DepMap/Harmonizome cell-line mapping; verified row exists in local CRISPRGeneEffect.csv	DDN	100	4976	145473	9624	log1p(raw_counts_per_cell_total * 10000)	50	3.213830915052066	0.0246384043850789	0.1657722193634562	0.1363771812907584	0.1185520846223818	-0.2754690351920517	0.1737477268964425	True	True	both
gse264667_hepg2_day7	HepG2 day 7	HepG2	ACH-000739	DepMap/Harmonizome cell-line mapping; verified row exists in local CRISPRGeneEffect.csv	DDX1	55	4976	145473	9624	log1p(raw_counts_per_cell_total * 10000)	50	4.560104633477557	0.0344793395350669	0.2362058442675823	0.1954331310883505	0.1730443782761773	-0.3623040337057661	0.2176920435503559	True	True	both
gse264667_hepg2_day7	HepG2 day 7	HepG2	ACH-000739	DepMap/Harmonizome cell-line mapping; verified row exists in local CRISPRGeneEffect.csv	DDX10	90	4976	145473	9624	log1p(raw_counts_per_cell_total * 10000)	50	11.019768091719506	0.0668761195286767	0.8813230003856131	0.7358167795800518	0.6169660834114314	-1.5101635742965736	0.999986424396452	True	True	both
gse264667_hepg2_day7	HepG2 day 7	HepG2	ACH-000739	DepMap/Harmonizome cell-line mapping; verified row exists in local CRISPRGeneEffect.csv	DDX17	62	4976	145473	9624	log1p(raw_counts_per_cell_total * 10000)	50	5.044828720558002	0.0362401187853466	0.3813372243586713	0.2789941030799374	0.2242122093510906	-0.7327103587006388	0.8771732014450527	True	True	both
gse264667_hepg2_day7	HepG2 day 7	HepG2	ACH-000739	DepMap/Harmonizome cell-line mapping; verified row exists in local CRISPRGeneEffect.csv	DDX18	66	4976	145473	9624	log1p(raw_counts_per_cell_total * 10000)	50	13.441197609563869	0.0826738120427548	1.0668579321315943	0.8780517943915257	0.7275420327361529	-1.6869411217012216	0.9983178300134375	True	True	both
gse264667_hepg2_day7	HepG2 day 7	HepG2	ACH-000739	DepMap/Harmonizome cell-line mapping; verified row exists in local CRISPRGeneEffect.csv	DDX19A	175	4976	145473	9624	log1p(raw_counts_per_cell_total * 10000)	50	2.456081348808751	0.018923758741656	0.1216417648467331	0.1018980488124178	0.0901145647118588	-0.4219415452308159	0.6396313315171588	True	True	both
gse264667_hepg2_day7	HepG2 day 7	HepG2	ACH-000739	DepMap/Harmonizome cell-line mapping; verified row exists in local CRISPRGeneEffect.csv	DDX19B	145	4976	145473	9624	log1p(raw_counts_per_cell_total * 10000)	50	2.5470063690761053	0.0195368927387858	0.1102895584889871	0.099036042943775	0.0903129860091323	-0.1002154549716602	0.0560810177056233	True	True	both
gse264667_hepg2_day7	HepG2 day 7	HepG2	ACH-000739	DepMap/Harmonizome cell-line mapping; verified row exists in local CRISPRGeneEffect.csv	DDX21	77	4976	145473	9624	log1p(raw_counts_per_cell_total * 10000)	50	10.946063192285951	0.0668312186278157	0.9305278267563312	0.7441722464276066	0.6091080481222584	-1.0286745341897623	0.9364072846977908	True	True	both
gse264667_hepg2_day7	HepG2 day 7	HepG2	ACH-000739	DepMap/Harmonizome cell-line mapping; verified row exists in local CRISPRGeneEffect.csv	DDX23	167	4976	145473	9624	log1p(raw_counts_per_cell_total * 10000)	50	7.91659094081179	0.0516941575881786	0.5622744905217105	0.4664390138799424	0.3941415133794445	-1.3885137220336856	0.9936152623905296	True	True	both
gse264667_hepg2_day7	HepG2 day 7	HepG2	ACH-000739	DepMap/Harmonizome cell-line mapping; verified row exists in local CRISPRGeneEffect.csv	DDX27	109	4976	145473	9624	log1p(raw_counts_per_cell_total * 10000)	50	8.15863026500706	0.0505043740053064	0.6605732386138488	0.5442916488503016	0.451744685578292	-1.0567358017062984	0.9386480519024047	True	True	both
gse264667_hepg2_day7	HepG2 day 7	HepG2	ACH-000739	DepMap/Harmonizome cell-line mapping; verified row exists in local CRISPRGeneEffect.csv	DDX46	166	4976	145473	9624	log1p(raw_counts_per_cell_total * 10000)	50	4.891548929287458	0.0338691694046604	0.3065264618219429	0.2505141806752994	0.2166239981370094	-0.86662791630831	0.828508627658395	True	True	both
gse264667_hepg2_day7	HepG2 day 7	HepG2	ACH-000739	DepMap/Harmonizome cell-line mapping; verified row exists in local CRISPRGeneEffect.csv	DDX47	217	4976	145473	9624	log1p(raw_counts_per_cell_total * 10000)	50	12.2482531286335	0.0749389365679686	0.9537138584411275	0.7918747304170304	0.6593035017453701	-1.909613057220244	0.9998420409571938	True	True	both
gse264667_hepg2_day7	HepG2 day 7	HepG2	ACH-000739	DepMap/Harmonizome cell-line mapping; verified row exists in local CRISPRGeneEffect.csv	DDX5	99	4976	145473	9624	log1p(raw_counts_per_cell_total * 10000)	50	5.342778644658282	0.0361110314926294	0.4006511619950844	0.3128549473095101	0.2588304281540067	-1.5777385411804263	0.9843073157390302	True	True	both
gse264667_hepg2_day7	HepG2 day 7	HepG2	ACH-000739	DepMap/Harmonizome cell-line mapping; verified row exists in local CRISPRGeneEffect.csv	DDX51	147	4976	145473	9624	log1p(raw_counts_per_cell_total * 10000)	50	9.45079135299719	0.0563133774705479	0.7961351748104317	0.6508677432599052	0.5383902453350735	-1.3081962927896171	0.9929943336283812	True	True	both
gse264667_hepg2_day7	HepG2 day 7	HepG2	ACH-000739	DepMap/Harmonizome cell-line mapping; verified row exists in local CRISPRGeneEffect.csv	DDX52	95	4976	145473	9624	log1p(raw_counts_per_cell_total * 10000)	50	8.4576613512944	0.052979394857862	0.6930933398464235	0.5623537003827916	0.4584792810967411	-0.3447885788702147	0.3030780220683939	True	True	both
gse264667_hepg2_day7	HepG2 day 7	HepG2	ACH-000739	DepMap/Harmonizome cell-line mapping; verified row exists in local CRISPRGeneEffect.csv	DDX54	88	4976	145473	9624	log1p(raw_counts_per_cell_total * 10000)	50	6.943586854227294	0.0441839224876379	0.5533417218827714	0.4568405255200371	0.3780782124707671	-1.4187183912647992	0.994329761793583	True	True	both
gse264667_hepg2_day7	HepG2 day 7	HepG2	ACH-000739	DepMap/Harmonizome cell-line mapping; verified row exists in local CRISPRGeneEffect.csv	DDX55	136	4976	145473	9624	log1p(raw_counts_per_cell_total * 10000)	50	7.434423653004192	0.0468203032749098	0.5932120282373607	0.488407733124942	0.4053546781450984	-0.9113043118268336	0.9713061839122752	True	True	both
gse264667_hepg2_day7	HepG2 day 7	HepG2	ACH-000739	DepMap/Harmonizome cell-line mapping; verified row exists in local CRISPRGeneEffect.csv	DDX56	57	4976	145473	9624	log1p(raw_counts_per_cell_total * 10000)	50	9.631924669439163	0.0607341008372554	0.7903224889812015	0.6365320262867111	0.5243522685283968	-1.6227869877497567	0.9999746322992856	True	True	both
gse264667_hepg2_day7	HepG2 day 7	HepG2	ACH-000739	DepMap/Harmonizome cell-line mapping; verified row exists in local CRISPRGeneEffect.csv	DDX6	53	4976	145473	9624	log1p(raw_counts_per_cell_total * 10000)	50	7.240631912227803	0.0479597303530169	0.6018922036483951	0.4695175208426302	0.379174192826368	-0.490414125524003	0.3936562514923124	True	True	both
gse264667_hepg2_day7	HepG2 day 7	HepG2	ACH-000739	DepMap/Harmonizome cell-line mapping; verified row exists in local CRISPRGeneEffect.csv	DENR	54	4976	145473	9624	log1p(raw_counts_per_cell_total * 10000)	50	5.703410481516277	0.0404562835105707	0.4096563166430803	0.3240036956666551	0.2699176137497374	-1.0091024745944426	0.9728827917100682	True	True	both
gse264667_hepg2_day7	HepG2 day 7	HepG2	ACH-000739	DepMap/Harmonizome cell-line mapping; verified row exists in local CRISPRGeneEffect.csv	DERL2	73	4976	145473	9624	log1p(raw_counts_per_cell_total * 10000)	50	9.34618704353373	0.0599035548465106	0.6911662292656693	0.5640021793818913	0.4795136659862109	-0.9083560144215144	0.9581583308218156	True	True	both
gse264667_hepg2_day7	HepG2 day 7	HepG2	ACH-000739	DepMap/Harmonizome cell-line mapping; verified row exists in local CRISPRGeneEffect.csv	DESI1	55	4976	145473	9624	log1p(raw_counts_per_cell_total * 10000)	50	5.895984466105883	0.040459035709517	0.471429673906393	0.3593847999966158	0.2929360101893372	-0.1284271550350716	0.1019959891029996	True	True	both
gse264667_hepg2_day7	HepG2 day 7	HepG2	ACH-000739	DepMap/Harmonizome cell-line mapping; verified row exists in local CRISPRGeneEffect.csv	DHX16	75	4976	145473	9624	log1p(raw_counts_per_cell_total * 10000)	50	11.583302221711858	0.0791480719905125	0.7388473075786566	0.616975979839408	0.5297035026422013	-1.44624487254219	0.9702631882863216	True	True	both
gse264667_hepg2_day7	HepG2 day 7	HepG2	ACH-000739	DepMap/Harmonizome cell-line mapping; verified row exists in local CRISPRGeneEffect.csv	DHX37	124	4976	145473	9624	log1p(raw_counts_per_cell_total * 10000)	50	3.9640147631306513	0.027769759193002	0.2825725268737514	0.2193913901608863	0.1839291061711905	-1.290835153178311	0.9896339022025372	True	True	both
gse264667_hepg2_day7	HepG2 day 7	HepG2	ACH-000739	DepMap/Harmonizome cell-line mapping; verified row exists in local CRISPRGeneEffect.csv	DHX8	61	4976	145473	9624	log1p(raw_counts_per_cell_total * 10000)	50	12.623085780896838	0.0854058736517903	0.7330880891407209	0.6357607980675012	0.5605478270628318	-1.5054346846797462	0.998360423313424	True	True	both
gse264667_hepg2_day7	HepG2 day 7	HepG2	ACH-000739	DepMap/Harmonizome cell-line mapping; verified row exists in local CRISPRGeneEffect.csv	DIMT1	78	4976	145473	9624	log1p(raw_counts_per_cell_total * 10000)	50	8.9465655472097	0.0580773667351778	0.6852077275185273	0.542702256429597	0.4550896996735045	-0.93245652631648	0.8189410201590624	True	True	both
gse264667_hepg2_day7	HepG2 day 7	HepG2	ACH-000739	DepMap/Harmonizome cell-line mapping; verified row exists in local CRISPRGeneEffect.csv	DLD	102	4976	145473	9624	log1p(raw_counts_per_cell_total * 10000)	50	8.827561020769785	0.0563249942141017	0.6759123881315505	0.5464550104983039	0.4579421425240755	-0.372590008046239	0.2236388759386936	True	True	both
gse264667_hepg2_day7	HepG2 day 7	HepG2	ACH-000739	DepMap/Harmonizome cell-line mapping; verified row exists in local CRISPRGeneEffect.csv	DMRTA2	50	4976	145473	9624	log1p(raw_counts_per_cell_total * 10000)	50	4.449155182068032	0.0339136041449966	0.2317502615598728	0.1898988486138235	0.1652978526867309	-0.4281732248906611	0.5747786019715921	True	True	both
gse264667_hepg2_day7	HepG2 day 7	HepG2	ACH-000739	DepMap/Harmonizome cell-line mapping; verified row exists in local CRISPRGeneEffect.csv	DNAAF3	115	4976	145473	9624	log1p(raw_counts_per_cell_total * 10000)	50	3.117532999868508	0.0234062305824725	0.1777217605925277	0.1387109776302103	0.1175143449084981	0.1281608839579456	0.0074734545483542	True	True	both
gse264667_hepg2_day7	HepG2 day 7	HepG2	ACH-000739	DepMap/Harmonizome cell-line mapping; verified row exists in local CRISPRGeneEffect.csv	DNAJA1	65	4976	145473	9624	log1p(raw_counts_per_cell_total * 10000)	50	4.176778793031965	0.031782063421397	0.2054930089420419	0.1676076531967808	0.1476542070366075	-0.3240414964264351	0.279704665164764	True	True	both
gse264667_hepg2_day7	HepG2 day 7	HepG2	ACH-000739	DepMap/Harmonizome cell-line mapping; verified row exists in local CRISPRGeneEffect.csv	DNAJA3	61	4976	145473	9624	log1p(raw_counts_per_cell_total * 10000)	50	7.884626319170385	0.0480978955845285	0.8675582922626093	0.5298804787224236	0.389927516163187	-0.9073066166117228	0.9283756883506596	True	True	both
gse264667_hepg2_day7	HepG2 day 7	HepG2	ACH-000739	DepMap/Harmonizome cell-line mapping; verified row exists in local CRISPRGeneEffect.csv	DNAJC17	60	4976	145473	9624	log1p(raw_counts_per_cell_total * 10000)	50	11.883971269315518	0.0801365422416936	0.7442730808689728	0.6214084856091158	0.542170401551603	-0.7438197950101755	0.9167822532930204	True	True	both
gse264667_hepg2_day7	HepG2 day 7	HepG2	ACH-000739	DepMap/Harmonizome cell-line mapping; verified row exists in local CRISPRGeneEffect.csv	DNAJC19	52	4976	145473	9624	log1p(raw_counts_per_cell_total * 10000)	50	4.499790457996136	0.03465833414452	0.2169409639354668	0.1823788167689029	0.1607424305269776	-0.2763622625364623	0.1782230099425671	True	True	both
gse264667_hepg2_day7	HepG2 day 7	HepG2	ACH-000739	DepMap/Harmonizome cell-line mapping; verified row exists in local CRISPRGeneEffect.csv	DNAJC8	84	4976	145473	9624	log1p(raw_counts_per_cell_total * 10000)	50	4.04231179916528	0.0296496529610425	0.2504793923104805	0.1992885674740702	0.1676043777584817	-0.7360658032485617	0.907763353314194	True	True	both
gse264667_hepg2_day7	HepG2 day 7	HepG2	ACH-000739	DepMap/Harmonizome cell-line mapping; verified row exists in local CRISPRGeneEffect.csv	DNM1	116	4976	145473	9624	log1p(raw_counts_per_cell_total * 10000)	50	3.2242650048323918	0.0244679214073158	0.1734411700532535	0.1412973639601877	0.1223553818840283	-0.1657633754916974	0.1456118129117091	True	True	both
gse264667_hepg2_day7	HepG2 day 7	HepG2	ACH-000739	DepMap/Harmonizome cell-line mapping; verified row exists in local CRISPRGeneEffect.csv	DNMT1	82	4976	145473	9624	log1p(raw_counts_per_cell_total * 10000)	50	6.560441837332514	0.0439113414500285	0.5004599683690213	0.4023009294225397	0.3301881374401075	-0.7814018962508161	0.7496432055107962	True	True	both
gse264667_hepg2_day7	HepG2 day 7	HepG2	ACH-000739	DepMap/Harmonizome cell-line mapping; verified row exists in local CRISPRGeneEffect.csv	DNTTIP2	55	4976	145473	9624	log1p(raw_counts_per_cell_total * 10000)	50	13.527334718079704	0.0878232962595272	0.9778397744158946	0.8147800512967761	0.6835531402778369	-0.8833888623027565	0.927144628313941	True	True	both
gse264667_hepg2_day7	HepG2 day 7	HepG2	ACH-000739	DepMap/Harmonizome cell-line mapping; verified row exists in local CRISPRGeneEffect.csv	DOHH	86	4976	145473	9624	log1p(raw_counts_per_cell_total * 10000)	50	5.112651307410424	0.0361193544120456	0.330385547249291	0.273656518997058	0.2315961168378472	-0.3688898498587972	0.670189989202247	True	True	both
gse264667_hepg2_day7	HepG2 day 7	HepG2	ACH-000739	DepMap/Harmonizome cell-line mapping; verified row exists in local CRISPRGeneEffect.csv	DOLK	73	4976	145473	9624	log1p(raw_counts_per_cell_total * 10000)	50	4.172192197171787	0.0309770846263912	0.2504465282587816	0.2036483145224119	0.1725217761210233	-0.1028392273684635	0.4048357381480695	True	True	both
gse264667_hepg2_day7	HepG2 day 7	HepG2	ACH-000739	DepMap/Harmonizome cell-line mapping; verified row exists in local CRISPRGeneEffect.csv	DPH1	84	4976	145473	9624	log1p(raw_counts_per_cell_total * 10000)	50	3.699473155967894	0.0281628111354808	0.1857360143843046	0.1596387751171882	0.1400654494321301	-0.4646773961066028	0.5863035584546038	True	True	both
gse264667_hepg2_day7	HepG2 day 7	HepG2	ACH-000739	DepMap/Harmonizome cell-line mapping; verified row exists in local CRISPRGeneEffect.csv	DPH2	52	4976	145473	9624	log1p(raw_counts_per_cell_total * 10000)	50	5.494596906825222	0.0399344389683789	0.3585834116329083	0.2747566456783004	0.2300266987348971	-0.3910247310999439	0.3345091056949005	True	True	both
gse264667_hepg2_day7	HepG2 day 7	HepG2	ACH-000739	DepMap/Harmonizome cell-line mapping; verified row exists in local CRISPRGeneEffect.csv	DPY19L4	87	4976	145473	9624	log1p(raw_counts_per_cell_total * 10000)	50	3.927284733061063	0.0289334369040607	0.2673884422410705	0.2023593070251302	0.1659821734872797	-0.2473950013357757	0.0717625303719239	True	True	both
gse264667_hepg2_day7	HepG2 day 7	HepG2	ACH-000739	DepMap/Harmonizome cell-line mapping; verified row exists in local CRISPRGeneEffect.csv	DRAP1	52	4976	145473	9624	log1p(raw_counts_per_cell_total * 10000)	50	5.100460373553132	0.0377368200639164	0.2983221880831294	0.2415925148998659	0.2075145766681054	0.1057359997875975	0.0075954196024599	True	True	both
gse264667_hepg2_day7	HepG2 day 7	HepG2	ACH-000739	DepMap/Harmonizome cell-line mapping; verified row exists in local CRISPRGeneEffect.csv	DSTYK	69	4976	145473	9624	log1p(raw_counts_per_cell_total * 10000)	50	4.260234054645499	0.0313122214823485	0.2809426405777859	0.2130577008957649	0.1774781377680916	-0.0049024502770225	0.0139343160986351	True	True	both
gse264667_hepg2_day7	HepG2 day 7	HepG2	ACH-000739	DepMap/Harmonizome cell-line mapping; verified row exists in local CRISPRGeneEffect.csv	DTL	64	4976	145473	9624	log1p(raw_counts_per_cell_total * 10000)	50	7.628898998462297	0.0508375866188324	0.5692301917336791	0.4686536968596297	0.3918018068294744	-2.234916562571552	1.0	True	True	both
gse264667_hepg2_day7	HepG2 day 7	HepG2	ACH-000739	DepMap/Harmonizome cell-line mapping; verified row exists in local CRISPRGeneEffect.csv	DYNC1I2	58	4976	145473	9624	log1p(raw_counts_per_cell_total * 10000)	50	5.249840174413158	0.0382844209540654	0.3097196707523461	0.2581292367067957	0.2219921531582251	-2.058480054640984	1.0	True	True	both
gse264667_hepg2_day7	HepG2 day 7	HepG2	ACH-000739	DepMap/Harmonizome cell-line mapping; verified row exists in local CRISPRGeneEffect.csv	DYNLL1	55	4976	145473	9624	log1p(raw_counts_per_cell_total * 10000)	50	5.81987201270272	0.0413340310678476	0.4069880748739454	0.3095564748849937	0.256645485398842	-0.4086220220949779	0.4001455959221625	True	True	both
gse264667_hepg2_day7	HepG2 day 7	HepG2	ACH-000739	DepMap/Harmonizome cell-line mapping; verified row exists in local CRISPRGeneEffect.csv	DYNLL2	81	4976	145473	9624	log1p(raw_counts_per_cell_total * 10000)	50	4.064690025766076	0.0295992399711866	0.2779169013866299	0.2172348773613287	0.1790318249004817	0.0223313461773829	0.009306955526403	True	True	both
gse264667_hepg2_day7	HepG2 day 7	HepG2	ACH-000739	DepMap/Harmonizome cell-line mapping; verified row exists in local CRISPRGeneEffect.csv	DYNLRB1	124	4976	145473	9624	log1p(raw_counts_per_cell_total * 10000)	50	3.614827970857631	0.0260440624738804	0.2375353862497673	0.1894136688815573	0.15870000909105	-1.4511563118121464	0.9999999980453528	True	True	both
gse264667_hepg2_day7	HepG2 day 7	HepG2	ACH-000739	DepMap/Harmonizome cell-line mapping; verified row exists in local CRISPRGeneEffect.csv	E4F1	82	4976	145473	9624	log1p(raw_counts_per_cell_total * 10000)	50	7.411530400604423	0.0474280322434203	0.6376558095162392	0.4929818217985853	0.3952988073191583	-0.1598106844138043	0.0795996194641992	True	True	both
gse264667_hepg2_day7	HepG2 day 7	HepG2	ACH-000739	DepMap/Harmonizome cell-line mapping; verified row exists in local CRISPRGeneEffect.csv	EARS2	51	4976	145473	9624	log1p(raw_counts_per_cell_total * 10000)	50	5.583723433845584	0.0412529340233336	0.2909043624118955	0.2486755768551879	0.2204699146079225	-0.0672640005187197	0.1703532030771272	True	True	both
gse264667_hepg2_day7	HepG2 day 7	HepG2	ACH-000739	DepMap/Harmonizome cell-line mapping; verified row exists in local CRISPRGeneEffect.csv	EBNA1BP2	58	4976	145473	9624	log1p(raw_counts_per_cell_total * 10000)	50	11.815189063012356	0.0719230828672188	0.9807797243547268	0.7948305637473599	0.6639641664233515	-0.9092388764242848	0.9553203768708682	True	True	both
gse264667_hepg2_day7	HepG2 day 7	HepG2	ACH-000739	DepMap/Harmonizome cell-line mapping; verified row exists in local CRISPRGeneEffect.csv	EDC4	50	4976	145473	9624	log1p(raw_counts_per_cell_total * 10000)	50	5.624603956146262	0.0410264700471864	0.3565649262077304	0.2886115210091425	0.2416835655518924	-0.1278093484681143	0.0522739282130572	True	True	both
gse264667_hepg2_day7	HepG2 day 7	HepG2	ACH-000739	DepMap/Harmonizome cell-line mapping; verified row exists in local CRISPRGeneEffect.csv	EEF2	76	4976	145473	9624	log1p(raw_counts_per_cell_total * 10000)	50	7.192118190881716	0.0475680045354453	0.5580214207728551	0.431728445698472	0.3539496199427554	-2.5223792183425644	1.0	True	True	both
gse264667_hepg2_day7	HepG2 day 7	HepG2	ACH-000739	DepMap/Harmonizome cell-line mapping; verified row exists in local CRISPRGeneEffect.csv	EEFSEC	56	4976	145473	9624	log1p(raw_counts_per_cell_total * 10000)	50	5.090364495571412	0.0378505040452321	0.2705499326172282	0.228491375874638	0.2002214129395645	-1.032517637533906	0.9491975142872872	True	True	both
gse264667_hepg2_day7	HepG2 day 7	HepG2	ACH-000739	DepMap/Harmonizome cell-line mapping; verified row exists in local CRISPRGeneEffect.csv	EFR3A	70	4976	145473	9624	log1p(raw_counts_per_cell_total * 10000)	50	4.267533815561581	0.0325853602093447	0.1914947335298853	0.1692225612509161	0.1535184379953383	-0.0671120205422151	0.0370194906879187	True	True	both
gse264667_hepg2_day7	HepG2 day 7	HepG2	ACH-000739	DepMap/Harmonizome cell-line mapping; verified row exists in local CRISPRGeneEffect.csv	EFTUD2	54	4976	145473	9624	log1p(raw_counts_per_cell_total * 10000)	50	11.8264393810022	0.07810420293585	0.8260010501730324	0.6826472769282884	0.5813958855070784	-1.5831646197802636	0.9794641086690956	True	True	both
gse264667_hepg2_day7	HepG2 day 7	HepG2	ACH-000739	DepMap/Harmonizome cell-line mapping; verified row exists in local CRISPRGeneEffect.csv	EGLN2	55	4976	145473	9624	log1p(raw_counts_per_cell_total * 10000)	50	4.395499093952342	0.0338127996444839	0.2069642860365356	0.1762055428789793	0.156477706301494	-0.1833051969541522	0.1385522672706772	True	True	both
gse264667_hepg2_day7	HepG2 day 7	HepG2	ACH-000739	DepMap/Harmonizome cell-line mapping; verified row exists in local CRISPRGeneEffect.csv	EHMT2	101	4976	145473	9624	log1p(raw_counts_per_cell_total * 10000)	50	4.187898199299839	0.028471905640726	0.3863659839429304	0.2729966680750985	0.2103553190139514	-0.3034202343369103	0.0626871493381942	True	True	both
gse264667_hepg2_day7	HepG2 day 7	HepG2	ACH-000739	DepMap/Harmonizome cell-line mapping; verified row exists in local CRISPRGeneEffect.csv	EIF1	60	4976	145473	9624	log1p(raw_counts_per_cell_total * 10000)	50	5.204182319137125	0.0364817692642618	0.3647802721350858	0.2752791998005848	0.2244405297916033	-0.9820332161240384	0.923984545101018	True	True	both
gse264667_hepg2_day7	HepG2 day 7	HepG2	ACH-000739	DepMap/Harmonizome cell-line mapping; verified row exists in local CRISPRGeneEffect.csv	EIF1AX	86	4976	145473	9624	log1p(raw_counts_per_cell_total * 10000)	50	3.922809604184327	0.02897636989806	0.2389073449614721	0.1841264349550852	0.155315399145403	-1.9634533524708284	1.0	True	True	both
gse264667_hepg2_day7	HepG2 day 7	HepG2	ACH-000739	DepMap/Harmonizome cell-line mapping; verified row exists in local CRISPRGeneEffect.csv	EIF2B1	189	4976	145473	9624	log1p(raw_counts_per_cell_total * 10000)	50	7.849232721536035	0.0481647513638274	0.6306996908952127	0.4982836743868081	0.4131830842476109	-0.785571863728633	0.9053713747671672	True	True	both
gse264667_hepg2_day7	HepG2 day 7	HepG2	ACH-000739	DepMap/Harmonizome cell-line mapping; verified row exists in local CRISPRGeneEffect.csv	EIF2B2	180	4976	145473	9624	log1p(raw_counts_per_cell_total * 10000)	50	13.073176717450268	0.0752249652236047	1.156376297106697	0.8945993518163776	0.7334136932105422	-1.6075009039895796	0.9996706115904804	True	True	both
gse264667_hepg2_day7	HepG2 day 7	HepG2	ACH-000739	DepMap/Harmonizome cell-line mapping; verified row exists in local CRISPRGeneEffect.csv	EIF2B3	75	4976	145473	9624	log1p(raw_counts_per_cell_total * 10000)	50	16.504395271149527	0.0964190312626589	1.4768102603006323	1.1290654191033085	0.9231065302962737	-0.916776598473132	0.9495849487752788	True	True	both
gse264667_hepg2_day7	HepG2 day 7	HepG2	ACH-000739	DepMap/Harmonizome cell-line mapping; verified row exists in local CRISPRGeneEffect.csv	EIF2B4	63	4976	145473	9624	log1p(raw_counts_per_cell_total * 10000)	50	13.774957440342206	0.0822375715404113	1.2435433588525415	0.9497025984356832	0.7653911172700962	-1.8136379603196573	0.9990142933188996	True	True	both
gse264667_hepg2_day7	HepG2 day 7	HepG2	ACH-000739	DepMap/Harmonizome cell-line mapping; verified row exists in local CRISPRGeneEffect.csv	EIF2B5	115	4976	145473	9624	log1p(raw_counts_per_cell_total * 10000)	50	13.917010914863765	0.0809847867587425	1.2582086075437775	0.9598264812431592	0.7827925294060571	-0.9831988765984004	0.8702955603946926	True	True	both
gse264667_hepg2_day7	HepG2 day 7	HepG2	ACH-000739	DepMap/Harmonizome cell-line mapping; verified row exists in local CRISPRGeneEffect.csv	EIF2S1	78	4976	145473	9624	log1p(raw_counts_per_cell_total * 10000)	50	20.151531070934592	0.1173040724886599	1.830415638768804	1.4018750128133168	1.1456046787809644	-1.8190701446959552	1.0	True	True	both
gse264667_hepg2_day7	HepG2 day 7	HepG2	ACH-000739	DepMap/Harmonizome cell-line mapping; verified row exists in local CRISPRGeneEffect.csv	EIF2S2	72	4976	145473	9624	log1p(raw_counts_per_cell_total * 10000)	50	10.127436678447312	0.0609418978952864	0.9189246129260124	0.6860054871195175	0.5485065474322683	-1.837227620608438	0.9999998914804712	True	True	both
gse264667_hepg2_day7	HepG2 day 7	HepG2	ACH-000739	DepMap/Harmonizome cell-line mapping; verified row exists in local CRISPRGeneEffect.csv	EIF2S3	53	4976	145473	9624	log1p(raw_counts_per_cell_total * 10000)	50	18.546445731205	0.1106879043672357	1.6604860128462158	1.263815806056462	1.03349557520212	-1.7111263114767286	0.9999999933194564	True	True	both
gse264667_hepg2_day7	HepG2 day 7	HepG2	ACH-000739	DepMap/Harmonizome cell-line mapping; verified row exists in local CRISPRGeneEffect.csv	EIF3A	63	4976	145473	9624	log1p(raw_counts_per_cell_total * 10000)	50	12.363545949546229	0.075426826257982	1.033979100786499	0.8387214754706857	0.6840289794366337	-1.4014380951245964	0.9938737761709304	True	True	both
gse264667_hepg2_day7	HepG2 day 7	HepG2	ACH-000739	DepMap/Harmonizome cell-line mapping; verified row exists in local CRISPRGeneEffect.csv	EIF3B	126	4976	145473	9624	log1p(raw_counts_per_cell_total * 10000)	50	15.167734485009255	0.0918092680521139	1.258685825390718	1.0074263443215414	0.8350755796905021	-1.5009665260641984	0.9943812675439924	True	True	both
gse264667_hepg2_day7	HepG2 day 7	HepG2	ACH-000739	DepMap/Harmonizome cell-line mapping; verified row exists in local CRISPRGeneEffect.csv	EIF3I	94	4976	145473	9624	log1p(raw_counts_per_cell_total * 10000)	50	16.17014334040033	0.0974665282851689	1.329705151956304	1.0796128754393075	0.8982318282921199	-1.6118641381076535	0.9970233622047412	True	True	both
gse264667_hepg2_day7	HepG2 day 7	HepG2	ACH-000739	DepMap/Harmonizome cell-line mapping; verified row exists in local CRISPRGeneEffect.csv	EIF4A3	226	4976	145473	9624	log1p(raw_counts_per_cell_total * 10000)	50	9.586944495606694	0.0585196333350704	0.7788458446462525	0.6356429862981714	0.5308406116885328	-1.909693492925526	0.9972988107520284	True	True	both
gse264667_hepg2_day7	HepG2 day 7	HepG2	ACH-000739	DepMap/Harmonizome cell-line mapping; verified row exists in local CRISPRGeneEffect.csv	EIF4B	217	4976	145473	9624	log1p(raw_counts_per_cell_total * 10000)	50	3.4031846534735863	0.0215548928754327	0.2433759191076533	0.1797287083156233	0.146578788687298	-0.5896083659580583	0.6274292590717929	True	True	both
gse264667_hepg2_day7	HepG2 day 7	HepG2	ACH-000739	DepMap/Harmonizome cell-line mapping; verified row exists in local CRISPRGeneEffect.csv	EIF4E	53	4976	145473	9624	log1p(raw_counts_per_cell_total * 10000)	50	10.35788045626669	0.0661093031020475	0.7263251520297562	0.5979578796338062	0.5196212709646733	-1.5103792845114643	0.993935909458051	True	True	both
gse264667_hepg2_day7	HepG2 day 7	HepG2	ACH-000739	DepMap/Harmonizome cell-line mapping; verified row exists in local CRISPRGeneEffect.csv	EIF4G2	65	4976	145473	9624	log1p(raw_counts_per_cell_total * 10000)	50	4.9021005264970245	0.0349080156815903	0.3320597918630392	0.2574541986756227	0.217044238487107	-0.997634878110111	0.9553885850811632	True	True	both
gse264667_hepg2_day7	HepG2 day 7	HepG2	ACH-000739	DepMap/Harmonizome cell-line mapping; verified row exists in local CRISPRGeneEffect.csv	EIF4H	52	4976	145473	9624	log1p(raw_counts_per_cell_total * 10000)	50	4.739109304000545	0.0354802561835218	0.2822334277975821	0.2245434888465721	0.1901358023024263	-0.2056554080819012	0.1611007901408345	True	True	both
gse264667_hepg2_day7	HepG2 day 7	HepG2	ACH-000739	DepMap/Harmonizome cell-line mapping; verified row exists in local CRISPRGeneEffect.csv	EIF5A	65	4976	145473	9624	log1p(raw_counts_per_cell_total * 10000)	50	8.926328580530258	0.0580573338068447	0.7177796906946414	0.5674072754059738	0.4672270361694434	-1.1489029398802546	0.9746261562364348	True	True	both
gse264667_hepg2_day7	HepG2 day 7	HepG2	ACH-000739	DepMap/Harmonizome cell-line mapping; verified row exists in local CRISPRGeneEffect.csv	EIF6	96	4976	145473	9624	log1p(raw_counts_per_cell_total * 10000)	50	7.488303794963394	0.0460760262869573	0.645108918375912	0.516486111979094	0.4205015542405699	-1.4363454014411612	0.9970500528701384	True	True	both
gse264667_hepg2_day7	HepG2 day 7	HepG2	ACH-000739	DepMap/Harmonizome cell-line mapping; verified row exists in local CRISPRGeneEffect.csv	ELAC2	57	4976	145473	9624	log1p(raw_counts_per_cell_total * 10000)	50	4.552534042769241	0.0339670124192428	0.2751425431055655	0.2095577851049957	0.1774395497075942	-0.8026713770838014	0.871564590682183	True	True	both
gse264667_hepg2_day7	HepG2 day 7	HepG2	ACH-000739	DepMap/Harmonizome cell-line mapping; verified row exists in local CRISPRGeneEffect.csv	ELL	232	4976	145473	9624	log1p(raw_counts_per_cell_total * 10000)	50	3.9879619433910345	0.0275750595528048	0.2440926438837952	0.2035918089107687	0.1784128272951019	-0.7074408669997169	0.9029803815997204	True	True	both
gse264667_hepg2_day7	HepG2 day 7	HepG2	ACH-000739	DepMap/Harmonizome cell-line mapping; verified row exists in local CRISPRGeneEffect.csv	ELOB	64	4976	145473	9624	log1p(raw_counts_per_cell_total * 10000)	50	7.674164238801188	0.0466678065681091	0.7526294771721138	0.5575507596811621	0.4410527958300405	-0.7888108632762616	0.9124220479983772	True	True	both
gse264667_hepg2_day7	HepG2 day 7	HepG2	ACH-000739	DepMap/Harmonizome cell-line mapping; verified row exists in local CRISPRGeneEffect.csv	ELOVL1	62	4976	145473	9624	log1p(raw_counts_per_cell_total * 10000)	50	4.288843542770471	0.0322955976285905	0.2322560499471663	0.1877785752086426	0.1620230686773179	-0.1830223484831803	0.1013204461949695	True	True	both
gse264667_hepg2_day7	HepG2 day 7	HepG2	ACH-000739	DepMap/Harmonizome cell-line mapping; verified row exists in local CRISPRGeneEffect.csv	ELP3	102	4976	145473	9624	log1p(raw_counts_per_cell_total * 10000)	50	5.748148179060549	0.038903657395995	0.4054985132712353	0.3296547481257356	0.2806075248740595	-1.6002495677475	0.999999777247103	True	True	both
gse264667_hepg2_day7	HepG2 day 7	HepG2	ACH-000739	DepMap/Harmonizome cell-line mapping; verified row exists in local CRISPRGeneEffect.csv	EMC1	56	4976	145473	9624	log1p(raw_counts_per_cell_total * 10000)	50	4.585306445938897	0.0342007725813341	0.2574987172554569	0.2093391251134556	0.179095692008898	0.1917335498426325	0.0384095032206034	True	True	both
gse264667_hepg2_day7	HepG2 day 7	HepG2	ACH-000739	DepMap/Harmonizome cell-line mapping; verified row exists in local CRISPRGeneEffect.csv	EMC3	103	4976	145473	9624	log1p(raw_counts_per_cell_total * 10000)	50	3.364081492410212	0.0253685307489365	0.1801959966395186	0.1501199882184608	0.1302846865109316	-0.197053954259453	0.2398392506545586	True	True	both
gse264667_hepg2_day7	HepG2 day 7	HepG2	ACH-000739	DepMap/Harmonizome cell-line mapping; verified row exists in local CRISPRGeneEffect.csv	EMC4	54	4976	145473	9624	log1p(raw_counts_per_cell_total * 10000)	50	4.583451972590302	0.034562511513829	0.2576519175729448	0.2054060529520316	0.1748065361340804	-0.3724904293648067	0.6026423251842594	True	True	both
gse264667_hepg2_day7	HepG2 day 7	HepG2	ACH-000739	DepMap/Harmonizome cell-line mapping; verified row exists in local CRISPRGeneEffect.csv	EMC7	89	4976	145473	9624	log1p(raw_counts_per_cell_total * 10000)	50	3.655086238000944	0.0271752622831942	0.2171344358961699	0.1760480807771998	0.1497248379502802	-0.5956907449368302	0.8327388313432728	True	True	both
gse264667_hepg2_day7	HepG2 day 7	HepG2	ACH-000739	DepMap/Harmonizome cell-line mapping; verified row exists in local CRISPRGeneEffect.csv	ENY2	77	4976	145473	9624	log1p(raw_counts_per_cell_total * 10000)	50	6.592956270360923	0.0449006355130992	0.4527599357888469	0.3739170852661777	0.3163883363556694	-0.5981099157002925	0.4629544028845596	True	True	both
gse264667_hepg2_day7	HepG2 day 7	HepG2	ACH-000739	DepMap/Harmonizome cell-line mapping; verified row exists in local CRISPRGeneEffect.csv	EPS8L1	269	4976	145473	9624	log1p(raw_counts_per_cell_total * 10000)	50	2.631292709586828	0.0193932955003394	0.1336519831628406	0.1162711627409749	0.1035268546822699	0.0781192200516749	0.0145997841937089	True	True	both
gse264667_hepg2_day7	HepG2 day 7	HepG2	ACH-000739	DepMap/Harmonizome cell-line mapping; verified row exists in local CRISPRGeneEffect.csv	ERCC2	57	4976	145473	9624	log1p(raw_counts_per_cell_total * 10000)	50	5.764872829854359	0.0421033266931779	0.3187552701716238	0.2675880769062632	0.2367807001291733	-0.5026040376791268	0.6300812674856058	True	True	both
gse264667_hepg2_day7	HepG2 day 7	HepG2	ACH-000739	DepMap/Harmonizome cell-line mapping; verified row exists in local CRISPRGeneEffect.csv	ERVW-1	60	4976	145473	9624	log1p(raw_counts_per_cell_total * 10000)	50	4.042027651313112	0.0310231046333304	0.1882731265420172	0.1647818787091502	0.1480059118322281	-0.7773296393354798	0.8772589587628687	True	True	both
gse264667_hepg2_day7	HepG2 day 7	HepG2	ACH-000739	DepMap/Harmonizome cell-line mapping; verified row exists in local CRISPRGeneEffect.csv	ESF1	165	4976	145473	9624	log1p(raw_counts_per_cell_total * 10000)	50	3.575012103015791	0.0249059820654171	0.2600112569960137	0.2071645122788689	0.1687337102796458	-1.1856057397040751	0.975372387981178	True	True	both
gse264667_hepg2_day7	HepG2 day 7	HepG2	ACH-000739	DepMap/Harmonizome cell-line mapping; verified row exists in local CRISPRGeneEffect.csv	ESPN	143	4976	145473	9624	log1p(raw_counts_per_cell_total * 10000)	50	2.6422204634500317	0.0201128550152409	0.1362724130005328	0.1091385905928642	0.095285322875971	0.2112303821436815	0.0205631946911024	True	True	both
gse264667_hepg2_day7	HepG2 day 7	HepG2	ACH-000739	DepMap/Harmonizome cell-line mapping; verified row exists in local CRISPRGeneEffect.csv	ESYT1	55	4976	145473	9624	log1p(raw_counts_per_cell_total * 10000)	50	5.63279493658689	0.0400849917286611	0.3885867395775079	0.2985099366377888	0.2449670651241939	-0.2719292057545615	0.1506704132557959	True	True	both
gse264667_hepg2_day7	HepG2 day 7	HepG2	ACH-000739	DepMap/Harmonizome cell-line mapping; verified row exists in local CRISPRGeneEffect.csv	ETF1	97	4976	145473	9624	log1p(raw_counts_per_cell_total * 10000)	50	10.080893070698073	0.0616481934596931	0.7915911980158589	0.6374307923783878	0.5378445178407678	-1.256920972606154	0.9996422912437988	True	True	both
gse264667_hepg2_day7	HepG2 day 7	HepG2	ACH-000739	DepMap/Harmonizome cell-line mapping; verified row exists in local CRISPRGeneEffect.csv	EXOC5	64	4976	145473	9624	log1p(raw_counts_per_cell_total * 10000)	50	4.841799313231476	0.0349047193704021	0.3676537383085347	0.2721189841422046	0.2176423075043078	-0.5131435193315341	0.5109002638597754	True	True	both
gse264667_hepg2_day7	HepG2 day 7	HepG2	ACH-000739	DepMap/Harmonizome cell-line mapping; verified row exists in local CRISPRGeneEffect.csv	EXOC7	66	4976	145473	9624	log1p(raw_counts_per_cell_total * 10000)	50	7.125708022047913	0.0485921551565885	0.5217614387434175	0.4129594778077166	0.3475310195524921	-0.3221972735470136	0.4872379859635758	True	True	both
gse264667_hepg2_day7	HepG2 day 7	HepG2	ACH-000739	DepMap/Harmonizome cell-line mapping; verified row exists in local CRISPRGeneEffect.csv	EXOSC2	116	4976	145473	9624	log1p(raw_counts_per_cell_total * 10000)	50	10.117066323004977	0.06282025014585	0.8193337360783621	0.6550951822971145	0.5500917616503991	-1.1086211498084468	0.963264071195644	True	True	both
gse264667_hepg2_day7	HepG2 day 7	HepG2	ACH-000739	DepMap/Harmonizome cell-line mapping; verified row exists in local CRISPRGeneEffect.csv	EXOSC3	88	4976	145473	9624	log1p(raw_counts_per_cell_total * 10000)	50	9.710149323797102	0.0609106709972479	0.7883044716934813	0.6263026515857743	0.5220953571774679	-0.8632118201827246	0.8448229349512715	True	True	both
gse264667_hepg2_day7	HepG2 day 7	HepG2	ACH-000739	DepMap/Harmonizome cell-line mapping; verified row exists in local CRISPRGeneEffect.csv	EXOSC4	128	4976	145473	9624	log1p(raw_counts_per_cell_total * 10000)	50	8.910415917938028	0.0553807429784966	0.7335481622234815	0.5726324883878074	0.4779569756776361	-0.77424254418348	0.9608237919806774	True	True	both
gse264667_hepg2_day7	HepG2 day 7	HepG2	ACH-000739	DepMap/Harmonizome cell-line mapping; verified row exists in local CRISPRGeneEffect.csv	EXOSC5	134	4976	145473	9624	log1p(raw_counts_per_cell_total * 10000)	50	7.681703669706822	0.0482752331256242	0.6405103913459381	0.4970375234631288	0.4146642149252411	-0.7318624984096269	0.8518207375880096	True	True	both
gse264667_hepg2_day7	HepG2 day 7	HepG2	ACH-000739	DepMap/Harmonizome cell-line mapping; verified row exists in local CRISPRGeneEffect.csv	EXOSC7	55	4976	145473	9624	log1p(raw_counts_per_cell_total * 10000)	50	7.501393536865792	0.0510636418528156	0.5933734584674613	0.4427083572371469	0.361922192779634	-0.9085110745597248	0.928566321003024	True	True	both
gse264667_hepg2_day7	HepG2 day 7	HepG2	ACH-000739	DepMap/Harmonizome cell-line mapping; verified row exists in local CRISPRGeneEffect.csv	EXOSC8	84	4976	145473	9624	log1p(raw_counts_per_cell_total * 10000)	50	9.370459838205496	0.0591481374882875	0.7504293851643341	0.6002059411668978	0.5021971877905921	-0.1481003947530992	0.2937785916218866	True	True	both
gse264667_hepg2_day7	HepG2 day 7	HepG2	ACH-000739	DepMap/Harmonizome cell-line mapping; verified row exists in local CRISPRGeneEffect.csv	FAM136A	291	4976	145473	9624	log1p(raw_counts_per_cell_total * 10000)	50	3.8804467853023192	0.0258577658490425	0.2851471896599692	0.2226969618365255	0.1860013627972412	-0.4182082942872781	0.7035310027118054	True	True	both
gse264667_hepg2_day7	HepG2 day 7	HepG2	ACH-000739	DepMap/Harmonizome cell-line mapping; verified row exists in local CRISPRGeneEffect.csv	FAM229A	72	4976	145473	9624	log1p(raw_counts_per_cell_total * 10000)	50	3.785081950064408	0.0289038298596698	0.1676752194109073	0.1503441677640101	0.1361030918730871	-0.2420475292354063	0.1708067332520142	True	True	both
gse264667_hepg2_day7	HepG2 day 7	HepG2	ACH-000739	DepMap/Harmonizome cell-line mapping; verified row exists in local CRISPRGeneEffect.csv	FAM32A	64	4976	145473	9624	log1p(raw_counts_per_cell_total * 10000)	50	8.094683532845663	0.0561238923004437	0.4893679025061908	0.4148544099743079	0.3572082288702051	-0.7533142502199354	0.8029024749924405	True	True	both
gse264667_hepg2_day7	HepG2 day 7	HepG2	ACH-000739	DepMap/Harmonizome cell-line mapping; verified row exists in local CRISPRGeneEffect.csv	FAU	91	4976	145473	9624	log1p(raw_counts_per_cell_total * 10000)	50	12.077858940061908	0.0790862059909591	0.8725733682309841	0.691487867377392	0.5798415361525091	-2.980478426474522	1.0	True	True	both
gse264667_hepg2_day7	HepG2 day 7	HepG2	ACH-000739	DepMap/Harmonizome cell-line mapping; verified row exists in local CRISPRGeneEffect.csv	FBLIM1	63	4976	145473	9624	log1p(raw_counts_per_cell_total * 10000)	50	3.845351678654737	0.0295298370018028	0.1888347521636423	0.1583240780808745	0.1399503260576305	-0.44321671561936	0.606005963025622	True	True	both
gse264667_hepg2_day7	HepG2 day 7	HepG2	ACH-000739	DepMap/Harmonizome cell-line mapping; verified row exists in local CRISPRGeneEffect.csv	FBRSL1	61	4976	145473	9624	log1p(raw_counts_per_cell_total * 10000)	50	8.311642446901221	0.0570973098686953	0.5408112542184773	0.4487546341124839	0.387382757909736	-0.0590660827261859	0.0252573863793175	True	True	both
gse264667_hepg2_day7	HepG2 day 7	HepG2	ACH-000739	DepMap/Harmonizome cell-line mapping; verified row exists in local CRISPRGeneEffect.csv	FBXL14	106	4976	145473	9624	log1p(raw_counts_per_cell_total * 10000)	50	6.527713537528864	0.0430912990623499	0.4878139954151496	0.4064111906582345	0.3382900924096673	0.2931883961756116	0.0037516657243344	True	True	both
gse264667_hepg2_day7	HepG2 day 7	HepG2	ACH-000739	DepMap/Harmonizome cell-line mapping; verified row exists in local CRISPRGeneEffect.csv	FBXO42	276	4976	145473	9624	log1p(raw_counts_per_cell_total * 10000)	50	2.1901490822878094	0.0163681572203691	0.1213970775455617	0.100627948450633	0.0872464472811428	-0.0510041079816825	0.0440031892819453	True	True	both
gse264667_hepg2_day7	HepG2 day 7	HepG2	ACH-000739	DepMap/Harmonizome cell-line mapping; verified row exists in local CRISPRGeneEffect.csv	FBXW7	55	4976	145473	9624	log1p(raw_counts_per_cell_total * 10000)	50	4.670443505492456	0.0353299988189883	0.2325399206216016	0.2033072246441057	0.1799621774545531	0.0765183860109745	0.0113468263077642	True	True	both
gse264667_hepg2_day7	HepG2 day 7	HepG2	ACH-000739	DepMap/Harmonizome cell-line mapping; verified row exists in local CRISPRGeneEffect.csv	FCF1	65	4976	145473	9624	log1p(raw_counts_per_cell_total * 10000)	50	7.67550523206152	0.0514364140264384	0.5605337117769694	0.4579314925858123	0.3864237989685734	-1.2494724878445127	0.9921734652330272	True	True	both
gse264667_hepg2_day7	HepG2 day 7	HepG2	ACH-000739	DepMap/Harmonizome cell-line mapping; verified row exists in local CRISPRGeneEffect.csv	FKBP9	77	4976	145473	9624	log1p(raw_counts_per_cell_total * 10000)	50	4.821444878685537	0.0346773550515495	0.3334547629782484	0.2538197061124996	0.2100816337331255	-0.1394066083380797	0.0578595837937653	True	True	both
gse264667_hepg2_day7	HepG2 day 7	HepG2	ACH-000739	DepMap/Harmonizome cell-line mapping; verified row exists in local CRISPRGeneEffect.csv	FNBP4	111	4976	145473	9624	log1p(raw_counts_per_cell_total * 10000)	50	3.5777970264104395	0.0264162854650892	0.2065676770940624	0.1709329487340208	0.1477965904253018	-0.4331564098122313	0.3230216193898217	True	True	both
gse264667_hepg2_day7	HepG2 day 7	HepG2	ACH-000739	DepMap/Harmonizome cell-line mapping; verified row exists in local CRISPRGeneEffect.csv	FNTA	166	4976	145473	9624	log1p(raw_counts_per_cell_total * 10000)	50	5.726066684702505	0.0358948670002248	0.4941623459349375	0.3918830047897068	0.3179562148817448	-0.9825535683328894	0.9013465564955564	True	True	both
gse264667_hepg2_day7	HepG2 day 7	HepG2	ACH-000739	DepMap/Harmonizome cell-line mapping; verified row exists in local CRISPRGeneEffect.csv	FOXS1	50	4976	145473	9624	log1p(raw_counts_per_cell_total * 10000)	50	5.331733519659549	0.038990509004927	0.3598742407332698	0.2785204210389477	0.2292785186308768	-0.2882806240792781	0.2830024404515963	True	True	both
gse264667_hepg2_day7	HepG2 day 7	HepG2	ACH-000739	DepMap/Harmonizome cell-line mapping; verified row exists in local CRISPRGeneEffect.csv	FYN	104	4976	145473	9624	log1p(raw_counts_per_cell_total * 10000)	50	4.6480724970950265	0.032863015501041	0.3281817734272583	0.2538016296071034	0.2118369229321237	-0.0892085842671653	0.0338860733334394	True	True	both
gse264667_hepg2_day7	HepG2 day 7	HepG2	ACH-000739	DepMap/Harmonizome cell-line mapping; verified row exists in local CRISPRGeneEffect.csv	GAB2	355	4976	145473	9624	log1p(raw_counts_per_cell_total * 10000)	50	1.7605713470059392	0.0133735414983517	0.0858683771883953	0.0725887695602767	0.0645628040549018	-0.1112660168950452	0.0738958312334405	True	True	both
gse264667_hepg2_day7	HepG2 day 7	HepG2	ACH-000739	DepMap/Harmonizome cell-line mapping; verified row exists in local CRISPRGeneEffect.csv	GABPA	83	4976	145473	9624	log1p(raw_counts_per_cell_total * 10000)	50	4.8684467073047415	0.0342911991460611	0.3576900473734712	0.2689259046636122	0.2215309169829649	-0.9492277378191536	0.8852061946058768	True	True	both
gse264667_hepg2_day7	HepG2 day 7	HepG2	ACH-000739	DepMap/Harmonizome cell-line mapping; verified row exists in local CRISPRGeneEffect.csv	GAPDH	54	4976	145473	9624	log1p(raw_counts_per_cell_total * 10000)	50	4.478906595424259	0.0337840144096302	0.2417524904677565	0.1922958096568034	0.1674381334722818	-0.6212350079336152	0.8949814393775662	True	True	both
gse264667_hepg2_day7	HepG2 day 7	HepG2	ACH-000739	DepMap/Harmonizome cell-line mapping; verified row exists in local CRISPRGeneEffect.csv	GAR1	55	4976	145473	9624	log1p(raw_counts_per_cell_total * 10000)	50	6.370941975539355	0.0440623379386219	0.4263674160514926	0.3542344186059882	0.3040590518412056	-0.8846648799319994	0.8689384236709949	True	True	both
gse264667_hepg2_day7	HepG2 day 7	HepG2	ACH-000739	DepMap/Harmonizome cell-line mapping; verified row exists in local CRISPRGeneEffect.csv	GART	65	4976	145473	9624	log1p(raw_counts_per_cell_total * 10000)	50	4.802818525541441	0.0355902340009239	0.2819225500135965	0.2285946875783695	0.1955599109287243	-0.3544849605703243	0.1320757405959099	True	True	both
gse264667_hepg2_day7	HepG2 day 7	HepG2	ACH-000739	DepMap/Harmonizome cell-line mapping; verified row exists in local CRISPRGeneEffect.csv	GCLC	68	4976	145473	9624	log1p(raw_counts_per_cell_total * 10000)	50	4.0674637427151925	0.0313082155708868	0.1789794570025708	0.1587280551693309	0.143248424569041	-0.0962474182447372	0.0373743250093542	True	True	both
gse264667_hepg2_day7	HepG2 day 7	HepG2	ACH-000739	DepMap/Harmonizome cell-line mapping; verified row exists in local CRISPRGeneEffect.csv	GFM1	749	4976	145473	9624	log1p(raw_counts_per_cell_total * 10000)	50	3.819460040099498	0.0235779397335132	0.2872010225674539	0.2382792939879043	0.2032770263384073	-0.650409325840911	0.7625776650950936	True	True	both
gse264667_hepg2_day7	HepG2 day 7	HepG2	ACH-000739	DepMap/Harmonizome cell-line mapping; verified row exists in local CRISPRGeneEffect.csv	GFOD2	127	4976	145473	9624	log1p(raw_counts_per_cell_total * 10000)	50	3.3726981465872354	0.0234607293690744	0.2741680334861814	0.187482063705799	0.1470545406601536	-0.3627365570283519	0.2745303985731399	True	True	both
gse264667_hepg2_day7	HepG2 day 7	HepG2	ACH-000739	DepMap/Harmonizome cell-line mapping; verified row exists in local CRISPRGeneEffect.csv	GINS1	86	4976	145473	9624	log1p(raw_counts_per_cell_total * 10000)	50	7.784133523027386	0.0506879699187813	0.5898271311762558	0.4807073642667923	0.4044820215491475	-1.9038220581417709	1.0	True	True	both
gse264667_hepg2_day7	HepG2 day 7	HepG2	ACH-000739	DepMap/Harmonizome cell-line mapping; verified row exists in local CRISPRGeneEffect.csv	GINS2	62	4976	145473	9624	log1p(raw_counts_per_cell_total * 10000)	50	5.887824028328084	0.0407831266715341	0.4094596403199912	0.3342972846288233	0.2824551154403903	-2.546051971711917	1.0	True	True	both
gse264667_hepg2_day7	HepG2 day 7	HepG2	ACH-000739	DepMap/Harmonizome cell-line mapping; verified row exists in local CRISPRGeneEffect.csv	GINS4	97	4976	145473	9624	log1p(raw_counts_per_cell_total * 10000)	50	5.494466468019208	0.0374826103140567	0.3697174109141756	0.3069299326274105	0.2605856954618695	-1.117988264956569	0.9582868327020588	True	True	both
gse264667_hepg2_day7	HepG2 day 7	HepG2	ACH-000739	DepMap/Harmonizome cell-line mapping; verified row exists in local CRISPRGeneEffect.csv	GLB1	55	4976	145473	9624	log1p(raw_counts_per_cell_total * 10000)	50	9.463787635906522	0.0618704518116529	0.715799548172662	0.5822544177828013	0.4846008202997404	-0.0802335607825224	0.0393169142555588	True	True	both
gse264667_hepg2_day7	HepG2 day 7	HepG2	ACH-000739	DepMap/Harmonizome cell-line mapping; verified row exists in local CRISPRGeneEffect.csv	GLE1	98	4976	145473	9624	log1p(raw_counts_per_cell_total * 10000)	50	7.802765370042063	0.0509067668892267	0.5810049013545227	0.4737811168887248	0.3972981681529489	-0.7577301693654217	0.9097626123942648	True	True	both
gse264667_hepg2_day7	HepG2 day 7	HepG2	ACH-000739	DepMap/Harmonizome cell-line mapping; verified row exists in local CRISPRGeneEffect.csv	GLRX5	98	4976	145473	9624	log1p(raw_counts_per_cell_total * 10000)	50	3.4508257549981067	0.0251542371036648	0.1975633560232648	0.150966152757327	0.1271737451478548	-0.0793001937200865	0.1365688391312987	True	True	both
gse264667_hepg2_day7	HepG2 day 7	HepG2	ACH-000739	DepMap/Harmonizome cell-line mapping; verified row exists in local CRISPRGeneEffect.csv	GMIP	51	4976	145473	9624	log1p(raw_counts_per_cell_total * 10000)	50	5.165025735558623	0.0381353532995084	0.3061658740276383	0.2430700718822698	0.2068560537241761	0.0305533600220627	0.0150927815101874	True	True	both
gse264667_hepg2_day7	HepG2 day 7	HepG2	ACH-000739	DepMap/Harmonizome cell-line mapping; verified row exists in local CRISPRGeneEffect.csv	GNB1L	55	4976	145473	9624	log1p(raw_counts_per_cell_total * 10000)	50	4.587827055979914	0.0343424903199371	0.2617475491320402	0.2078572208049617	0.1788602221352795	-0.4809104498156828	0.687039817398742	True	True	both
gse264667_hepg2_day7	HepG2 day 7	HepG2	ACH-000739	DepMap/Harmonizome cell-line mapping; verified row exists in local CRISPRGeneEffect.csv	GNL2	76	4976	145473	9624	log1p(raw_counts_per_cell_total * 10000)	50	13.634750472312028	0.0820486964604567	1.11160605966113	0.9165266243534336	0.7579867491996545	-1.357030736120316	0.9791438487930644	True	True	both
gse264667_hepg2_day7	HepG2 day 7	HepG2	ACH-000739	DepMap/Harmonizome cell-line mapping; verified row exists in local CRISPRGeneEffect.csv	GNL3	116	4976	145473	9624	log1p(raw_counts_per_cell_total * 10000)	50	9.874562724564775	0.060546745954042	0.7944373317427733	0.653114307205172	0.5436105644850313	-1.3364889485132427	0.9694587820857764	True	True	both
gse264667_hepg2_day7	HepG2 day 7	HepG2	ACH-000739	DepMap/Harmonizome cell-line mapping; verified row exists in local CRISPRGeneEffect.csv	GNL3L	63	4976	145473	9624	log1p(raw_counts_per_cell_total * 10000)	50	8.352382521359512	0.0544857457643491	0.6264346506832345	0.5126409779073693	0.4282021891440546	-0.9657740658615176	0.9460876280248888	True	True	both
gse264667_hepg2_day7	HepG2 day 7	HepG2	ACH-000739	DepMap/Harmonizome cell-line mapping; verified row exists in local CRISPRGeneEffect.csv	GNPNAT1	84	4976	145473	9624	log1p(raw_counts_per_cell_total * 10000)	50	3.876337865535376	0.0280389634708367	0.2446523132249409	0.1777771658802345	0.1463324279757616	-0.3587400506958383	0.5296091023386666	True	True	both
gse264667_hepg2_day7	HepG2 day 7	HepG2	ACH-000739	DepMap/Harmonizome cell-line mapping; verified row exists in local CRISPRGeneEffect.csv	GOLT1B	71	4976	145473	9624	log1p(raw_counts_per_cell_total * 10000)	50	3.8634011216547	0.0291827408673796	0.2158960872706838	0.1738668618829367	0.1498869958559384	-0.3107398636638306	0.0602153054393784	True	True	both
gse264667_hepg2_day7	HepG2 day 7	HepG2	ACH-000739	DepMap/Harmonizome cell-line mapping; verified row exists in local CRISPRGeneEffect.csv	GON4L	69	4976	145473	9624	log1p(raw_counts_per_cell_total * 10000)	50	4.618528639336142	0.0337740890135477	0.2805494908738483	0.2292259681840427	0.196366954762598	-0.5008348447846636	0.4199282839509465	True	True	both
gse264667_hepg2_day7	HepG2 day 7	HepG2	ACH-000739	DepMap/Harmonizome cell-line mapping; verified row exists in local CRISPRGeneEffect.csv	GPKOW	50	4976	145473	9624	log1p(raw_counts_per_cell_total * 10000)	50	9.285754786141217	0.0652188242950463	0.5553444138753088	0.4736167968045417	0.4147025809197193	-1.1376088022245014	0.9742064751722612	True	True	both
gse264667_hepg2_day7	HepG2 day 7	HepG2	ACH-000739	DepMap/Harmonizome cell-line mapping; verified row exists in local CRISPRGeneEffect.csv	GPN1	60	4976	145473	9624	log1p(raw_counts_per_cell_total * 10000)	50	9.28279700711948	0.0640226399169391	0.5765353811696613	0.4852580996133359	0.4203514600663943	-2.1868752832850467	1.0	True	True	both
gse264667_hepg2_day7	HepG2 day 7	HepG2	ACH-000739	DepMap/Harmonizome cell-line mapping; verified row exists in local CRISPRGeneEffect.csv	GPN3	83	4976	145473	9624	log1p(raw_counts_per_cell_total * 10000)	50	12.719475263779708	0.0840348355704534	0.8392812349045109	0.7128140381169001	0.6151303033997703	-1.0162755995682342	0.9525387614488487	True	True	both
gse264667_hepg2_day7	HepG2 day 7	HepG2	ACH-000739	DepMap/Harmonizome cell-line mapping; verified row exists in local CRISPRGeneEffect.csv	GPS1	317	4976	145473	9624	log1p(raw_counts_per_cell_total * 10000)	50	5.948687241557441	0.0362899164587637	0.4940402914293833	0.4005587844935781	0.3343022565279165	-0.6961197952070051	0.8219837897075983	True	True	both
gse264667_hepg2_day7	HepG2 day 7	HepG2	ACH-000739	DepMap/Harmonizome cell-line mapping; verified row exists in local CRISPRGeneEffect.csv	GRB2	78	4976	145473	9624	log1p(raw_counts_per_cell_total * 10000)	50	3.852519943301495	0.0294053735747399	0.1840539374525527	0.1568114737131427	0.140420345119049	-0.5887467032271678	0.7291927225649704	True	True	both
gse264667_hepg2_day7	HepG2 day 7	HepG2	ACH-000739	DepMap/Harmonizome cell-line mapping; verified row exists in local CRISPRGeneEffect.csv	GRPEL1	80	4976	145473	9624	log1p(raw_counts_per_cell_total * 10000)	50	8.927261020187764	0.0550940256057941	0.7138046878814799	0.575051167016238	0.4773510612728721	-1.0504869341906398	0.9521755223804352	True	True	both
gse264667_hepg2_day7	HepG2 day 7	HepG2	ACH-000739	DepMap/Harmonizome cell-line mapping; verified row exists in local CRISPRGeneEffect.csv	GRSF1	69	4976	145473	9624	log1p(raw_counts_per_cell_total * 10000)	50	4.823513411086624	0.0336075395654489	0.4179114671916339	0.290136133809907	0.2290476587291096	-0.0282642951497137	0.0841369170366568	True	True	both
gse264667_hepg2_day7	HepG2 day 7	HepG2	ACH-000739	DepMap/Harmonizome cell-line mapping; verified row exists in local CRISPRGeneEffect.csv	GRWD1	56	4976	145473	9624	log1p(raw_counts_per_cell_total * 10000)	50	4.260084882003787	0.0325580566010561	0.2187280355431191	0.1790080009204868	0.1564450065021543	-0.7669473611917837	0.9306678114563878	True	True	both
gse264667_hepg2_day7	HepG2 day 7	HepG2	ACH-000739	DepMap/Harmonizome cell-line mapping; verified row exists in local CRISPRGeneEffect.csv	GSK3B	59	4976	145473	9624	log1p(raw_counts_per_cell_total * 10000)	50	5.04308795698633	0.0362922293270165	0.3769070246744057	0.2799954920504306	0.2254257783298325	0.1580934003813646	0.0055787089634849	True	True	both
gse264667_hepg2_day7	HepG2 day 7	HepG2	ACH-000739	DepMap/Harmonizome cell-line mapping; verified row exists in local CRISPRGeneEffect.csv	GSPT1	56	4976	145473	9624	log1p(raw_counts_per_cell_total * 10000)	50	11.070484433180178	0.0694827509189107	0.8321676965176286	0.6903281851797496	0.5799528370899558	-2.142685137128142	1.0	True	True	both
gse264667_hepg2_day7	HepG2 day 7	HepG2	ACH-000739	DepMap/Harmonizome cell-line mapping; verified row exists in local CRISPRGeneEffect.csv	GTF2A1	90	4976	145473	9624	log1p(raw_counts_per_cell_total * 10000)	50	13.68503698538868	0.0834729172556459	1.101617450436586	0.8975018543300625	0.7555160208208307	-1.0916226000422968	0.9671297685178714	True	True	both
gse264667_hepg2_day7	HepG2 day 7	HepG2	ACH-000739	DepMap/Harmonizome cell-line mapping; verified row exists in local CRISPRGeneEffect.csv	GTF2E1	54	4976	145473	9624	log1p(raw_counts_per_cell_total * 10000)	50	5.385756471051821	0.0400805716277032	0.267767070701998	0.2390290025792046	0.2144452426667044	-1.2620252043889657	0.971456673356454	True	True	both
gse264667_hepg2_day7	HepG2 day 7	HepG2	ACH-000739	DepMap/Harmonizome cell-line mapping; verified row exists in local CRISPRGeneEffect.csv	GTF2E2	476	4976	145473	9624	log1p(raw_counts_per_cell_total * 10000)	50	6.928851773339663	0.045879668734864	0.4143429803447794	0.3650889726337648	0.3200654052017663	-1.4644156884100128	0.9721691681473682	True	True	both
gse264667_hepg2_day7	HepG2 day 7	HepG2	ACH-000739	DepMap/Harmonizome cell-line mapping; verified row exists in local CRISPRGeneEffect.csv	GTF2F2	76	4976	145473	9624	log1p(raw_counts_per_cell_total * 10000)	50	7.974548053024497	0.0552482434313135	0.4475172821052154	0.3967590429796164	0.3514292071602578	-0.57712503079699	0.4806432357026222	True	True	both
gse264667_hepg2_day7	HepG2 day 7	HepG2	ACH-000739	DepMap/Harmonizome cell-line mapping; verified row exists in local CRISPRGeneEffect.csv	GTF2H4	50	4976	145473	9624	log1p(raw_counts_per_cell_total * 10000)	50	5.584571359070126	0.0415227658423551	0.2856095563140203	0.2443281956715371	0.2172206441042813	-0.712064415941606	0.9104161994323516	True	True	both
gse264667_hepg2_day7	HepG2 day 7	HepG2	ACH-000739	DepMap/Harmonizome cell-line mapping; verified row exists in local CRISPRGeneEffect.csv	GTF3C1	76	4976	145473	9624	log1p(raw_counts_per_cell_total * 10000)	50	4.052111999123339	0.0304349109327604	0.2325001472576678	0.1908133472447288	0.1622442208291459	-0.8107330543546429	0.6190971613538808	True	True	both
gse264667_hepg2_day7	HepG2 day 7	HepG2	ACH-000739	DepMap/Harmonizome cell-line mapping; verified row exists in local CRISPRGeneEffect.csv	GTF3C2	57	4976	145473	9624	log1p(raw_counts_per_cell_total * 10000)	50	5.0867603473512295	0.0376996798937867	0.2965437416608962	0.2509879285090045	0.2114572441072232	-0.7018063319219355	0.6617637105927515	True	True	both
gse264667_hepg2_day7	HepG2 day 7	HepG2	ACH-000739	DepMap/Harmonizome cell-line mapping; verified row exists in local CRISPRGeneEffect.csv	GTF3C4	536	4976	145473	9624	log1p(raw_counts_per_cell_total * 10000)	50	2.7581039493308634	0.0182465289612694	0.2030987999823141	0.1667313786816395	0.1406136663906969	-0.6627766249516489	0.6260128291984983	True	True	both
gse264667_hepg2_day7	HepG2 day 7	HepG2	ACH-000739	DepMap/Harmonizome cell-line mapping; verified row exists in local CRISPRGeneEffect.csv	GTF3C6	53	4976	145473	9624	log1p(raw_counts_per_cell_total * 10000)	50	4.66256643489807	0.0347477545652243	0.2616715230871261	0.208681836683232	0.1773643737397613	-0.0346877700813636	0.0429966988246224	True	True	both
gse264667_hepg2_day7	HepG2 day 7	HepG2	ACH-000739	DepMap/Harmonizome cell-line mapping; verified row exists in local CRISPRGeneEffect.csv	GTPBP4	145	4976	145473	9624	log1p(raw_counts_per_cell_total * 10000)	50	5.98014946418161	0.0376690500873121	0.4902880519504594	0.40523948697085	0.3283951359061761	-1.9717090404518336	1.0	True	True	both
gse264667_hepg2_day7	HepG2 day 7	HepG2	ACH-000739	DepMap/Harmonizome cell-line mapping; verified row exists in local CRISPRGeneEffect.csv	GYG1	60	4976	145473	9624	log1p(raw_counts_per_cell_total * 10000)	50	4.811454616339345	0.0351930514424948	0.2596199565443549	0.231087003371793	0.2047241168853558	-0.2243167139366275	0.1061094936657606	True	True	both
gse264667_hepg2_day7	HepG2 day 7	HepG2	ACH-000739	DepMap/Harmonizome cell-line mapping; verified row exists in local CRISPRGeneEffect.csv	HAUS8	53	4976	145473	9624	log1p(raw_counts_per_cell_total * 10000)	50	4.6007395554975865	0.0345140484216607	0.2504853180683294	0.213478887348934	0.1833183233475826	-1.0609810090100638	0.9624479820270004	True	True	both
gse264667_hepg2_day7	HepG2 day 7	HepG2	ACH-000739	DepMap/Harmonizome cell-line mapping; verified row exists in local CRISPRGeneEffect.csv	HERC1	85	4976	145473	9624	log1p(raw_counts_per_cell_total * 10000)	50	3.5415886309104523	0.0271061173517283	0.1672555952583245	0.1446003503322317	0.1293543745619483	0.0528395129473106	0.016038137812463	True	True	both
gse264667_hepg2_day7	HepG2 day 7	HepG2	ACH-000739	DepMap/Harmonizome cell-line mapping; verified row exists in local CRISPRGeneEffect.csv	HHEX	64	4976	145473	9624	log1p(raw_counts_per_cell_total * 10000)	50	4.700964674081963	0.0337020858350762	0.342496947233095	0.2643857098062496	0.2161101768425309	-0.2973689411928329	0.4816112840833618	True	True	both
gse264667_hepg2_day7	HepG2 day 7	HepG2	ACH-000739	DepMap/Harmonizome cell-line mapping; verified row exists in local CRISPRGeneEffect.csv	HIRA	129	4976	145473	9624	log1p(raw_counts_per_cell_total * 10000)	50	3.105789875456612	0.0234498163931799	0.1526279279959634	0.1336517989476544	0.1182402025359943	-1.3502570524752455	0.99621502338652	True	True	both
gse264667_hepg2_day7	HepG2 day 7	HepG2	ACH-000739	DepMap/Harmonizome cell-line mapping; verified row exists in local CRISPRGeneEffect.csv	HJURP	78	4976	145473	9624	log1p(raw_counts_per_cell_total * 10000)	50	4.246107560081774	0.030885757414007	0.2889529274137037	0.2239789751058931	0.1834355229770452	-0.6495168990953213	0.6476347930792915	True	True	both
gse264667_hepg2_day7	HepG2 day 7	HepG2	ACH-000739	DepMap/Harmonizome cell-line mapping; verified row exists in local CRISPRGeneEffect.csv	HMBOX1	63	4976	145473	9624	log1p(raw_counts_per_cell_total * 10000)	50	4.298718805298321	0.031380131126959	0.248041571481055	0.1930504604124616	0.1637403242455802	0.0729833330486796	0.010113345879963	True	True	both
gse264667_hepg2_day7	HepG2 day 7	HepG2	ACH-000739	DepMap/Harmonizome cell-line mapping; verified row exists in local CRISPRGeneEffect.csv	HMGB1	59	4976	145473	9624	log1p(raw_counts_per_cell_total * 10000)	50	4.885175941426195	0.0363072335853585	0.253906250324878	0.2195625451597312	0.1927646112259612	-0.3787348310891777	0.6051289281972152	True	True	both
gse264667_hepg2_day7	HepG2 day 7	HepG2	ACH-000739	DepMap/Harmonizome cell-line mapping; verified row exists in local CRISPRGeneEffect.csv	HMGCS1	59	4976	145473	9624	log1p(raw_counts_per_cell_total * 10000)	50	9.0403431663713	0.0604726004325961	0.6376638966186433	0.531458106496388	0.4529442636042858	-1.7846981654182477	0.9987054960105232	True	True	both
gse264667_hepg2_day7	HepG2 day 7	HepG2	ACH-000739	DepMap/Harmonizome cell-line mapping; verified row exists in local CRISPRGeneEffect.csv	HNRNPA1	54	4976	145473	9624	log1p(raw_counts_per_cell_total * 10000)	50	5.95368173337302	0.0402254800110764	0.4487635073914607	0.3244459636130157	0.2597769617074086	-0.071416988449922	0.0070037968728974	True	True	both
gse264667_hepg2_day7	HepG2 day 7	HepG2	ACH-000739	DepMap/Harmonizome cell-line mapping; verified row exists in local CRISPRGeneEffect.csv	HNRNPC	73	4976	145473	9624	log1p(raw_counts_per_cell_total * 10000)	50	7.0880012208118375	0.0486063286345568	0.4901929412204781	0.400528325147164	0.3399265278869775	-1.4890190700084154	0.9918871997341708	True	True	both
gse264667_hepg2_day7	HepG2 day 7	HepG2	ACH-000739	DepMap/Harmonizome cell-line mapping; verified row exists in local CRISPRGeneEffect.csv	HNRNPH1	63	4976	145473	9624	log1p(raw_counts_per_cell_total * 10000)	50	5.149933993757226	0.036408004477898	0.3778176667635919	0.2922948265502158	0.237208579689981	-0.2033316261391018	0.3016611489837152	True	True	both
gse264667_hepg2_day7	HepG2 day 7	HepG2	ACH-000739	DepMap/Harmonizome cell-line mapping; verified row exists in local CRISPRGeneEffect.csv	HNRNPK	57	4976	145473	9624	log1p(raw_counts_per_cell_total * 10000)	50	10.856029929242714	0.0709468844721124	0.8130392028557573	0.647075167637726	0.5413467139381174	-2.667740602120898	1.0	True	True	both
gse264667_hepg2_day7	HepG2 day 7	HepG2	ACH-000739	DepMap/Harmonizome cell-line mapping; verified row exists in local CRISPRGeneEffect.csv	HNRNPL	178	4976	145473	9624	log1p(raw_counts_per_cell_total * 10000)	50	5.088922852575483	0.0330279887841047	0.397149079962721	0.3258630592249403	0.2728203912991888	-1.2465359548137611	0.9601636666541584	True	True	both
gse264667_hepg2_day7	HepG2 day 7	HepG2	ACH-000739	DepMap/Harmonizome cell-line mapping; verified row exists in local CRISPRGeneEffect.csv	HOXA3	62	4976	145473	9624	log1p(raw_counts_per_cell_total * 10000)	50	4.306102433794792	0.0325759030662017	0.233218056513478	0.1901332185457898	0.1654412757121965	-0.0116067212042414	0.0547218107051168	True	True	both
gse264667_hepg2_day7	HepG2 day 7	HepG2	ACH-000739	DepMap/Harmonizome cell-line mapping; verified row exists in local CRISPRGeneEffect.csv	HS6ST1	61	4976	145473	9624	log1p(raw_counts_per_cell_total * 10000)	50	4.191118069988376	0.0317517856406105	0.2349266432773754	0.1913969776476644	0.1635909473966775	-1.007672408187326	0.9677016298729232	True	True	both
gse264667_hepg2_day7	HepG2 day 7	HepG2	ACH-000739	DepMap/Harmonizome cell-line mapping; verified row exists in local CRISPRGeneEffect.csv	HSCB	182	4976	145473	9624	log1p(raw_counts_per_cell_total * 10000)	50	2.431273388842753	0.01835100259188	0.1374343989063988	0.1101757101627069	0.0941457230680375	-0.587262755458656	0.6837315182122872	True	True	both
gse264667_hepg2_day7	HepG2 day 7	HepG2	ACH-000739	DepMap/Harmonizome cell-line mapping; verified row exists in local CRISPRGeneEffect.csv	HSD17B10	229	4976	145473	9624	log1p(raw_counts_per_cell_total * 10000)	50	4.149309477855962	0.02556302328403	0.4201765974198911	0.2777489555560627	0.2128887913631312	-0.4873567194575809	0.5298281423034915	True	True	both
gse264667_hepg2_day7	HepG2 day 7	HepG2	ACH-000739	DepMap/Harmonizome cell-line mapping; verified row exists in local CRISPRGeneEffect.csv	HSD17B12	178	4976	145473	9624	log1p(raw_counts_per_cell_total * 10000)	50	2.69743062542859	0.0198648085532519	0.1815679716541814	0.1374562659855495	0.1131964611669147	-0.4554351935260371	0.6199251208635896	True	True	both
gse264667_hepg2_day7	HepG2 day 7	HepG2	ACH-000739	DepMap/Harmonizome cell-line mapping; verified row exists in local CRISPRGeneEffect.csv	HSP90B1	60	4976	145473	9624	log1p(raw_counts_per_cell_total * 10000)	50	5.32299302209561	0.0356273874985186	0.452722601094917	0.3056559521585986	0.2359465951668937	-0.976992754100251	0.9498146859189516	True	True	both
gse264667_hepg2_day7	HepG2 day 7	HepG2	ACH-000739	DepMap/Harmonizome cell-line mapping; verified row exists in local CRISPRGeneEffect.csv	HSPA5	150	4976	145473	9624	log1p(raw_counts_per_cell_total * 10000)	50	9.635896694922636	0.0542062327702779	0.9486275201173736	0.7218470982616774	0.5715352579880664	-0.788166582659118	0.9592356108907472	True	True	both
gse264667_hepg2_day7	HepG2 day 7	HepG2	ACH-000739	DepMap/Harmonizome cell-line mapping; verified row exists in local CRISPRGeneEffect.csv	HSPA8	59	4976	145473	9624	log1p(raw_counts_per_cell_total * 10000)	50	5.954733404493252	0.0408512070871497	0.4708085619449475	0.3643681212586738	0.2907650470885567	-0.5272645317563197	0.1197163513340945	True	True	both
gse264667_hepg2_day7	HepG2 day 7	HepG2	ACH-000739	DepMap/Harmonizome cell-line mapping; verified row exists in local CRISPRGeneEffect.csv	HSPA9	104	4976	145473	9624	log1p(raw_counts_per_cell_total * 10000)	50	19.07274377302897	0.1055486686016573	1.941458513897304	1.4336844001683604	1.1293552633825763	-2.156287350676508	1.0	True	True	both
gse264667_hepg2_day7	HepG2 day 7	HepG2	ACH-000739	DepMap/Harmonizome cell-line mapping; verified row exists in local CRISPRGeneEffect.csv	HSPE1	87	4976	145473	9624	log1p(raw_counts_per_cell_total * 10000)	50	8.65550795218832	0.0523041429252159	0.7685544499063447	0.5902319309005546	0.4765271502709307	-3.12476435077358	1.0	True	True	both
gse264667_hepg2_day7	HepG2 day 7	HepG2	ACH-000739	DepMap/Harmonizome cell-line mapping; verified row exists in local CRISPRGeneEffect.csv	HUS1	60	4976	145473	9624	log1p(raw_counts_per_cell_total * 10000)	50	4.133636621541792	0.0312853488237709	0.2192305034476743	0.1799796508814728	0.1556124608727623	-0.4714158278154005	0.5151411678449147	True	True	both
gse264667_hepg2_day7	HepG2 day 7	HepG2	ACH-000739	DepMap/Harmonizome cell-line mapping; verified row exists in local CRISPRGeneEffect.csv	HUWE1	58	4976	145473	9624	log1p(raw_counts_per_cell_total * 10000)	50	5.733684140676411	0.0413203892899076	0.3429677889769299	0.2830291766252264	0.2445706652888935	-0.8286088044467597	0.944503642853604	True	True	both
gse264667_hepg2_day7	HepG2 day 7	HepG2	ACH-000739	DepMap/Harmonizome cell-line mapping; verified row exists in local CRISPRGeneEffect.csv	IARS2	59	4976	145473	9624	log1p(raw_counts_per_cell_total * 10000)	50	10.057445404528906	0.0629643121437209	0.8081812369790233	0.6441055696887293	0.5369657902768331	-0.6611667085202297	0.7521037137178425	True	True	both
gse264667_hepg2_day7	HepG2 day 7	HepG2	ACH-000739	DepMap/Harmonizome cell-line mapping; verified row exists in local CRISPRGeneEffect.csv	ICE1	51	4976	145473	9624	log1p(raw_counts_per_cell_total * 10000)	50	10.724879834842207	0.0724616720802875	0.6995166994313613	0.5809403920772948	0.495203691592861	-0.7207182085446792	0.7658001138293503	True	True	both
gse264667_hepg2_day7	HepG2 day 7	HepG2	ACH-000739	DepMap/Harmonizome cell-line mapping; verified row exists in local CRISPRGeneEffect.csv	IGBP1	61	4976	145473	9624	log1p(raw_counts_per_cell_total * 10000)	50	10.364671020809045	0.0666633875806763	0.7935512389064252	0.6449428098265849	0.5388368343156145	-1.8655530400020663	0.999979542747898	True	True	both
gse264667_hepg2_day7	HepG2 day 7	HepG2	ACH-000739	DepMap/Harmonizome cell-line mapping; verified row exists in local CRISPRGeneEffect.csv	IK	176	4976	145473	9624	log1p(raw_counts_per_cell_total * 10000)	50	3.588752279658713	0.0255610027451349	0.2191914485422764	0.184188888215489	0.1593782659505829	-1.6808619918217524	0.9999754150769912	True	True	both
gse264667_hepg2_day7	HepG2 day 7	HepG2	ACH-000739	DepMap/Harmonizome cell-line mapping; verified row exists in local CRISPRGeneEffect.csv	ILF2	52	4976	145473	9624	log1p(raw_counts_per_cell_total * 10000)	50	7.205360169489349	0.0497026209362926	0.5027243893680795	0.4125157630627902	0.3461510004409313	-1.2775653922314838	0.982359494774386	True	True	both
gse264667_hepg2_day7	HepG2 day 7	HepG2	ACH-000739	DepMap/Harmonizome cell-line mapping; verified row exists in local CRISPRGeneEffect.csv	IMP4	56	4976	145473	9624	log1p(raw_counts_per_cell_total * 10000)	50	11.129137504480646	0.069631875970275	0.8933208860240264	0.7327052575907274	0.6056997238705383	-0.9638183675334644	0.9630709829818842	True	True	both
gse264667_hepg2_day7	HepG2 day 7	HepG2	ACH-000739	DepMap/Harmonizome cell-line mapping; verified row exists in local CRISPRGeneEffect.csv	IMPA2	64	4976	145473	9624	log1p(raw_counts_per_cell_total * 10000)	50	7.0497927197472485	0.0466212168746917	0.5657768598371381	0.4529402456914412	0.3672422503060555	0.0612490472290265	0.0119632672472797	True	True	both
gse264667_hepg2_day7	HepG2 day 7	HepG2	ACH-000739	DepMap/Harmonizome cell-line mapping; verified row exists in local CRISPRGeneEffect.csv	IMPDH2	92	4976	145473	9624	log1p(raw_counts_per_cell_total * 10000)	50	4.644594776547256	0.0323863385577065	0.345302495997503	0.2691787446699396	0.2189508381542452	-0.3601777482986187	0.1565858008877789	True	True	both
gse264667_hepg2_day7	HepG2 day 7	HepG2	ACH-000739	DepMap/Harmonizome cell-line mapping; verified row exists in local CRISPRGeneEffect.csv	ING3	59	4976	145473	9624	log1p(raw_counts_per_cell_total * 10000)	50	5.322602982713168	0.0387274395096979	0.3254584990555441	0.2660057733081543	0.2267081654799304	-0.458406225681116	0.3729789779084394	True	True	both
gse264667_hepg2_day7	HepG2 day 7	HepG2	ACH-000739	DepMap/Harmonizome cell-line mapping; verified row exists in local CRISPRGeneEffect.csv	INO80C	52	4976	145473	9624	log1p(raw_counts_per_cell_total * 10000)	50	5.449813481035835	0.0396399606367024	0.3648273613842468	0.2864192233922666	0.2392400548959886	-0.0933940008005037	0.0537444428441323	True	True	both
gse264667_hepg2_day7	HepG2 day 7	HepG2	ACH-000739	DepMap/Harmonizome cell-line mapping; verified row exists in local CRISPRGeneEffect.csv	INTS1	59	4976	145473	9624	log1p(raw_counts_per_cell_total * 10000)	50	4.436852114913156	0.0335370188690076	0.2172107079369438	0.1916080478965896	0.1688898848411462	-1.0109665771690557	0.9693936757393844	True	True	both
gse264667_hepg2_day7	HepG2 day 7	HepG2	ACH-000739	DepMap/Harmonizome cell-line mapping; verified row exists in local CRISPRGeneEffect.csv	INTS11	83	4976	145473	9624	log1p(raw_counts_per_cell_total * 10000)	50	7.476726786440111	0.0470244775887767	0.589404749034512	0.4919238699642926	0.4125131328485248	-1.803821990154289	1.0	True	True	both
gse264667_hepg2_day7	HepG2 day 7	HepG2	ACH-000739	DepMap/Harmonizome cell-line mapping; verified row exists in local CRISPRGeneEffect.csv	INTS12	74	4976	145473	9624	log1p(raw_counts_per_cell_total * 10000)	50	3.997256012462529	0.0299757497722715	0.2217500720252275	0.183903939428332	0.1572017130087232	-0.9730439935865418	0.9612882260591518	True	True	both
gse264667_hepg2_day7	HepG2 day 7	HepG2	ACH-000739	DepMap/Harmonizome cell-line mapping; verified row exists in local CRISPRGeneEffect.csv	INTS13	157	4976	145473	9624	log1p(raw_counts_per_cell_total * 10000)	50	4.023770160124162	0.0277438160216706	0.2783145805228625	0.2310524052144436	0.1943751590870266	-0.4548486677045708	0.4971603243244025	True	True	both
gse264667_hepg2_day7	HepG2 day 7	HepG2	ACH-000739	DepMap/Harmonizome cell-line mapping; verified row exists in local CRISPRGeneEffect.csv	INTS14	132	4976	145473	9624	log1p(raw_counts_per_cell_total * 10000)	50	5.407586910841571	0.0355743318962957	0.4104509581926496	0.3379764217502007	0.2811422946576601	-0.4620076747057286	0.4836686816927023	True	True	both
gse264667_hepg2_day7	HepG2 day 7	HepG2	ACH-000739	DepMap/Harmonizome cell-line mapping; verified row exists in local CRISPRGeneEffect.csv	INTS2	152	4976	145473	9624	log1p(raw_counts_per_cell_total * 10000)	50	13.140879940273395	0.08147741307499	0.9981386290865126	0.8142212557459554	0.6819397016541088	-0.9925323007763636	0.870269505375837	True	True	both
gse264667_hepg2_day7	HepG2 day 7	HepG2	ACH-000739	DepMap/Harmonizome cell-line mapping; verified row exists in local CRISPRGeneEffect.csv	INTS3	74	4976	145473	9624	log1p(raw_counts_per_cell_total * 10000)	50	7.444549255407762	0.0514837992379364	0.4796210535746931	0.3979108452417561	0.3409428537762543	-1.5197733153417068	0.9999999999999308	True	True	both
gse264667_hepg2_day7	HepG2 day 7	HepG2	ACH-000739	DepMap/Harmonizome cell-line mapping; verified row exists in local CRISPRGeneEffect.csv	INTS5	53	4976	145473	9624	log1p(raw_counts_per_cell_total * 10000)	50	13.571539784655576	0.0864484103957095	1.0212883963772943	0.8230632384442237	0.6889764715015329	-1.2498039999041604	0.9773156146614048	True	True	both
gse264667_hepg2_day7	HepG2 day 7	HepG2	ACH-000739	DepMap/Harmonizome cell-line mapping; verified row exists in local CRISPRGeneEffect.csv	INTS8	159	4976	145473	9624	log1p(raw_counts_per_cell_total * 10000)	50	13.649176038883086	0.0838412150829536	1.0695478622554888	0.8535841318493415	0.7177994016385744	-1.2345233815683785	0.9630197884091584	True	True	both
gse264667_hepg2_day7	HepG2 day 7	HepG2	ACH-000739	DepMap/Harmonizome cell-line mapping; verified row exists in local CRISPRGeneEffect.csv	INTS9	89	4976	145473	9624	log1p(raw_counts_per_cell_total * 10000)	50	6.9573432532335495	0.0477438222412881	0.4412155677553919	0.3722643778299263	0.3208773610380662	-1.6147163354216594	0.9996432327275576	True	True	both
gse264667_hepg2_day7	HepG2 day 7	HepG2	ACH-000739	DepMap/Harmonizome cell-line mapping; verified row exists in local CRISPRGeneEffect.csv	IPO11	59	4976	145473	9624	log1p(raw_counts_per_cell_total * 10000)	50	4.9889924239744925	0.0364581067616397	0.3013564403534174	0.2397498227600812	0.2061830384373786	-1.3622725560587945	0.9723995368310824	True	True	both
gse264667_hepg2_day7	HepG2 day 7	HepG2	ACH-000739	DepMap/Harmonizome cell-line mapping; verified row exists in local CRISPRGeneEffect.csv	IPO7	85	4976	145473	9624	log1p(raw_counts_per_cell_total * 10000)	50	5.533482200521182	0.0373747058134627	0.4310878764582451	0.3422053527935274	0.2803504200819617	-0.8107711513229819	0.8698267563435188	True	True	both
gse264667_hepg2_day7	HepG2 day 7	HepG2	ACH-000739	DepMap/Harmonizome cell-line mapping; verified row exists in local CRISPRGeneEffect.csv	ISCA2	69	4976	145473	9624	log1p(raw_counts_per_cell_total * 10000)	50	4.924559315452205	0.0357568921139983	0.2916028693693409	0.2384837560134552	0.2061374365371689	-1.0941832256291133	0.9712418336823684	True	True	both
gse264667_hepg2_day7	HepG2 day 7	HepG2	ACH-000739	DepMap/Harmonizome cell-line mapping; verified row exists in local CRISPRGeneEffect.csv	ISCU	128	4976	145473	9624	log1p(raw_counts_per_cell_total * 10000)	50	3.7111285891595114	0.0253935845473923	0.3376318690545596	0.2360421223017025	0.1809401286647159	-1.8076563139162376	0.9999999999999958	True	True	both
gse264667_hepg2_day7	HepG2 day 7	HepG2	ACH-000739	DepMap/Harmonizome cell-line mapping; verified row exists in local CRISPRGeneEffect.csv	ISG20L2	71	4976	145473	9624	log1p(raw_counts_per_cell_total * 10000)	50	11.452945163806962	0.0695987210474903	0.9554024221954448	0.7743820255645228	0.6368905655240963	-1.1071390081240744	0.961196448272116	True	True	both
gse264667_hepg2_day7	HepG2 day 7	HepG2	ACH-000739	DepMap/Harmonizome cell-line mapping; verified row exists in local CRISPRGeneEffect.csv	IST1	52	4976	145473	9624	log1p(raw_counts_per_cell_total * 10000)	50	4.891744461587304	0.0366851779126788	0.2663385376621212	0.2251891020033946	0.1967649921836254	-0.2666028062868009	0.0516817763077773	True	True	both
gse264667_hepg2_day7	HepG2 day 7	HepG2	ACH-000739	DepMap/Harmonizome cell-line mapping; verified row exists in local CRISPRGeneEffect.csv	JAZF1	153	4976	145473	9624	log1p(raw_counts_per_cell_total * 10000)	50	2.9569098153124664	0.0215994678828286	0.2127542831661554	0.1634676265210625	0.1316852244877416	-0.3161513165087914	0.4382979990807271	True	True	both
gse264667_hepg2_day7	HepG2 day 7	HepG2	ACH-000739	DepMap/Harmonizome cell-line mapping; verified row exists in local CRISPRGeneEffect.csv	JMJD6	63	4976	145473	9624	log1p(raw_counts_per_cell_total * 10000)	50	4.258544351091273	0.0326504093918816	0.2179780543966449	0.1816069729616957	0.1587229003320137	-0.5282120618509317	0.6898368695185625	True	True	both
gse264667_hepg2_day7	HepG2 day 7	HepG2	ACH-000739	DepMap/Harmonizome cell-line mapping; verified row exists in local CRISPRGeneEffect.csv	KDM6A	92	4976	145473	9624	log1p(raw_counts_per_cell_total * 10000)	50	5.00666945052715	0.0332797462419415	0.4574625040234131	0.3438017120805861	0.2651742218950357	-0.3107282571658419	0.1917159736968798	True	True	both
gse264667_hepg2_day7	HepG2 day 7	HepG2	ACH-000739	DepMap/Harmonizome cell-line mapping; verified row exists in local CRISPRGeneEffect.csv	KEAP1	102	4976	145473	9624	log1p(raw_counts_per_cell_total * 10000)	50	8.889959163624317	0.044732521286474	1.093465078018016	0.7812265681791238	0.586156088721983	-0.4697821226836727	0.5327788641095912	True	True	both
gse264667_hepg2_day7	HepG2 day 7	HepG2	ACH-000739	DepMap/Harmonizome cell-line mapping; verified row exists in local CRISPRGeneEffect.csv	KIAA1143	52	4976	145473	9624	log1p(raw_counts_per_cell_total * 10000)	50	4.451700994249558	0.0342910267784757	0.199624387516679	0.176060433666538	0.1579716613068126	-0.2907657150747428	0.4946212800473781	True	True	both
gse264667_hepg2_day7	HepG2 day 7	HepG2	ACH-000739	DepMap/Harmonizome cell-line mapping; verified row exists in local CRISPRGeneEffect.csv	KIF11	96	4976	145473	9624	log1p(raw_counts_per_cell_total * 10000)	50	3.6389557125063874	0.0271431880941131	0.2192389325315376	0.1731069080632415	0.1462469534279523	-2.192805177840175	1.0	True	True	both
gse264667_hepg2_day7	HepG2 day 7	HepG2	ACH-000739	DepMap/Harmonizome cell-line mapping; verified row exists in local CRISPRGeneEffect.csv	KIF18B	80	4976	145473	9624	log1p(raw_counts_per_cell_total * 10000)	50	6.420899114460969	0.0427919502650383	0.4645588051209712	0.3838080564956944	0.3217655511642971	-0.3757041687682624	0.2922576815410468	True	True	both
gse264667_hepg2_day7	HepG2 day 7	HepG2	ACH-000739	DepMap/Harmonizome cell-line mapping; verified row exists in local CRISPRGeneEffect.csv	KIN	73	4976	145473	9624	log1p(raw_counts_per_cell_total * 10000)	50	9.834009314926869	0.061252569439355	0.7741402264257575	0.6338059657104029	0.5346609198237536	-1.1749517693453897	0.9663766066505476	True	True	both
gse264667_hepg2_day7	HepG2 day 7	HepG2	ACH-000739	DepMap/Harmonizome cell-line mapping; verified row exists in local CRISPRGeneEffect.csv	KLHL17	59	4976	145473	9624	log1p(raw_counts_per_cell_total * 10000)	50	4.521116607720444	0.0342331058388479	0.2604421467427768	0.2092007239861421	0.179912429859435	-0.0006652810536844	0.0234148846322471	True	True	both
gse264667_hepg2_day7	HepG2 day 7	HepG2	ACH-000739	DepMap/Harmonizome cell-line mapping; verified row exists in local CRISPRGeneEffect.csv	KPNA6	58	4976	145473	9624	log1p(raw_counts_per_cell_total * 10000)	50	5.8388911272107125	0.0425211907061131	0.3174077181658505	0.2706021328876491	0.2382141878127684	-0.4445416164421639	0.389635412533689	True	True	both
gse264667_hepg2_day7	HepG2 day 7	HepG2	ACH-000739	DepMap/Harmonizome cell-line mapping; verified row exists in local CRISPRGeneEffect.csv	KPNB1	76	4976	145473	9624	log1p(raw_counts_per_cell_total * 10000)	50	8.891035132435542	0.0581258758287468	0.66558897459117	0.5471331199339736	0.4560468813178632	-1.465883894580395	0.9999998225690396	True	True	both
gse264667_hepg2_day7	HepG2 day 7	HepG2	ACH-000739	DepMap/Harmonizome cell-line mapping; verified row exists in local CRISPRGeneEffect.csv	KRI1	63	4976	145473	9624	log1p(raw_counts_per_cell_total * 10000)	50	10.237179609985969	0.0648607277366824	0.8287575778888341	0.6668177563535138	0.5494104061216998	-1.0865150031906263	0.9664424720144944	True	True	both
gse264667_hepg2_day7	HepG2 day 7	HepG2	ACH-000739	DepMap/Harmonizome cell-line mapping; verified row exists in local CRISPRGeneEffect.csv	KRT10	73	4976	145473	9624	log1p(raw_counts_per_cell_total * 10000)	50	4.018413647469843	0.0299329623478714	0.2098514753669773	0.1835174931232322	0.1627197932636781	-0.187263308416558	0.1611224032860379	True	True	both
gse264667_hepg2_day7	HepG2 day 7	HepG2	ACH-000739	DepMap/Harmonizome cell-line mapping; verified row exists in local CRISPRGeneEffect.csv	KRTAP4-2	52	4976	145473	9624	log1p(raw_counts_per_cell_total * 10000)	50	4.529002096034018	0.0349140201964602	0.2044101404843217	0.1803695924875319	0.1623795677994217	-1.093738096706118	0.9770090038921329	True	True	both
gse264667_hepg2_day7	HepG2 day 7	HepG2	ACH-000739	DepMap/Harmonizome cell-line mapping; verified row exists in local CRISPRGeneEffect.csv	KTI12	72	4976	145473	9624	log1p(raw_counts_per_cell_total * 10000)	50	4.337117719407176	0.0318548415214357	0.2588531714823315	0.2111345936472202	0.1820657644513379	-0.7147261215978759	0.9473464491172148	True	True	both
gse264667_hepg2_day7	HepG2 day 7	HepG2	ACH-000739	DepMap/Harmonizome cell-line mapping; verified row exists in local CRISPRGeneEffect.csv	LAMTOR1	126	4976	145473	9624	log1p(raw_counts_per_cell_total * 10000)	50	3.466222943803769	0.0244869893774184	0.2585644094791277	0.1939083827890566	0.1579138022389767	-0.1709705837088769	0.1238560215859955	True	True	both
gse264667_hepg2_day7	HepG2 day 7	HepG2	ACH-000739	DepMap/Harmonizome cell-line mapping; verified row exists in local CRISPRGeneEffect.csv	LAS1L	78	4976	145473	9624	log1p(raw_counts_per_cell_total * 10000)	50	7.799916005301335	0.0498161145080553	0.6158850453713283	0.5044809728674214	0.4185507546958246	-0.8938734056451024	0.8343643597405644	True	True	both
gse264667_hepg2_day7	HepG2 day 7	HepG2	ACH-000739	DepMap/Harmonizome cell-line mapping; verified row exists in local CRISPRGeneEffect.csv	LETM1	70	4976	145473	9624	log1p(raw_counts_per_cell_total * 10000)	50	4.817780076825932	0.034784422507663	0.288183093508269	0.2439174010093603	0.209757911228671	-0.5553386951737214	0.9570476068359474	True	True	both
gse264667_hepg2_day7	HepG2 day 7	HepG2	ACH-000739	DepMap/Harmonizome cell-line mapping; verified row exists in local CRISPRGeneEffect.csv	LIN54	139	4976	145473	9624	log1p(raw_counts_per_cell_total * 10000)	50	3.1208519542496176	0.022509483972619	0.2333712612539435	0.1752133829886771	0.1400071781647132	-0.2957115287331337	0.253251663894796	True	True	both
gse264667_hepg2_day7	HepG2 day 7	HepG2	ACH-000739	DepMap/Harmonizome cell-line mapping; verified row exists in local CRISPRGeneEffect.csv	LMO2	96	4976	145473	9624	log1p(raw_counts_per_cell_total * 10000)	50	3.274707385431317	0.0253030144369161	0.1484090883430794	0.1285728873226328	0.1160617631234404	0.2309116090382793	0.0052788310998574	True	True	both
gse264667_hepg2_day7	HepG2 day 7	HepG2	ACH-000739	DepMap/Harmonizome cell-line mapping; verified row exists in local CRISPRGeneEffect.csv	LONP1	58	4976	145473	9624	log1p(raw_counts_per_cell_total * 10000)	50	6.302377844375116	0.0437102993061252	0.4234807398022284	0.341357068194732	0.2880206142636062	-0.2863649000262072	0.1976542662605773	True	True	both
gse264667_hepg2_day7	HepG2 day 7	HepG2	ACH-000739	DepMap/Harmonizome cell-line mapping; verified row exists in local CRISPRGeneEffect.csv	LPIN1	75	4976	145473	9624	log1p(raw_counts_per_cell_total * 10000)	50	3.682075115362762	0.0282505146558814	0.1697721262887122	0.1488261579073243	0.132228896234643	-0.0358233590419213	0.0183985898471357	True	True	both
gse264667_hepg2_day7	HepG2 day 7	HepG2	ACH-000739	DepMap/Harmonizome cell-line mapping; verified row exists in local CRISPRGeneEffect.csv	LRP5	56	4976	145473	9624	log1p(raw_counts_per_cell_total * 10000)	50	4.721409650918376	0.0332777644395021	0.3367049094742048	0.2435643387671909	0.1968358234217566	-0.143953144657786	0.0799896086044469	True	True	both
gse264667_hepg2_day7	HepG2 day 7	HepG2	ACH-000739	DepMap/Harmonizome cell-line mapping; verified row exists in local CRISPRGeneEffect.csv	LRR1	87	4976	145473	9624	log1p(raw_counts_per_cell_total * 10000)	50	5.13986492074623	0.0364734908279053	0.3246285398871816	0.2762701861819845	0.2361763125391711	-2.1505547044030595	1.0	True	True	both
gse264667_hepg2_day7	HepG2 day 7	HepG2	ACH-000739	DepMap/Harmonizome cell-line mapping; verified row exists in local CRISPRGeneEffect.csv	LRRC37A3	56	4976	145473	9624	log1p(raw_counts_per_cell_total * 10000)	50	4.313385544580883	0.033344689910651	0.1864846368739317	0.1684081835758333	0.1525057483665652	-0.4577623431102132	0.5854515277945305	True	True	both
gse264667_hepg2_day7	HepG2 day 7	HepG2	ACH-000739	DepMap/Harmonizome cell-line mapping; verified row exists in local CRISPRGeneEffect.csv	LSG1	83	4976	145473	9624	log1p(raw_counts_per_cell_total * 10000)	50	10.920135318172257	0.0678806735645326	0.8891223763973803	0.7201179439604083	0.5942851982833584	-0.8813558125478367	0.935592796286973	True	True	both
gse264667_hepg2_day7	HepG2 day 7	HepG2	ACH-000739	DepMap/Harmonizome cell-line mapping; verified row exists in local CRISPRGeneEffect.csv	LSM12	69	4976	145473	9624	log1p(raw_counts_per_cell_total * 10000)	50	5.195359545370832	0.0381016609761819	0.2853518927859886	0.2434851478537062	0.2129813165168407	-1.3219008824733496	0.9867868336858908	True	True	both
gse264667_hepg2_day7	HepG2 day 7	HepG2	ACH-000739	DepMap/Harmonizome cell-line mapping; verified row exists in local CRISPRGeneEffect.csv	LSM4	50	4976	145473	9624	log1p(raw_counts_per_cell_total * 10000)	50	11.304884808317844	0.0759902191612989	0.7623465829024636	0.6292677823788052	0.5403904318739339	-2.043649409148164	0.9999981098899516	True	True	both
gse264667_hepg2_day7	HepG2 day 7	HepG2	ACH-000739	DepMap/Harmonizome cell-line mapping; verified row exists in local CRISPRGeneEffect.csv	LSM5	122	4976	145473	9624	log1p(raw_counts_per_cell_total * 10000)	50	7.899284014881505	0.0523602944209465	0.5317760656952213	0.446900894719253	0.3823577184749785	-1.4735353859494904	0.9725481575808056	True	True	both
gse264667_hepg2_day7	HepG2 day 7	HepG2	ACH-000739	DepMap/Harmonizome cell-line mapping; verified row exists in local CRISPRGeneEffect.csv	LSM6	56	4976	145473	9624	log1p(raw_counts_per_cell_total * 10000)	50	13.100271435905713	0.0866216853697841	0.8883329302711338	0.7395489751193739	0.6360885797389797	-0.764738321540804	0.8660340492556577	True	True	both
gse264667_hepg2_day7	HepG2 day 7	HepG2	ACH-000739	DepMap/Harmonizome cell-line mapping; verified row exists in local CRISPRGeneEffect.csv	LSM7	68	4976	145473	9624	log1p(raw_counts_per_cell_total * 10000)	50	8.868427263986826	0.0601368318425136	0.5895830504986941	0.4913864386160771	0.4188100859938956	-1.6912018195540612	0.9994766861004496	True	True	both
gse264667_hepg2_day7	HepG2 day 7	HepG2	ACH-000739	DepMap/Harmonizome cell-line mapping; verified row exists in local CRISPRGeneEffect.csv	LST1	72	4976	145473	9624	log1p(raw_counts_per_cell_total * 10000)	50	4.208636989254677	0.0314138265903201	0.2338535641519607	0.1987598857587479	0.1726602240082455	-0.6086307216767844	0.8297028255873223	True	True	both
gse264667_hepg2_day7	HepG2 day 7	HepG2	ACH-000739	DepMap/Harmonizome cell-line mapping; verified row exists in local CRISPRGeneEffect.csv	LTBP3	72	4976	145473	9624	log1p(raw_counts_per_cell_total * 10000)	50	3.7568353055322783	0.0288884365830878	0.1648165382796558	0.1460723241580176	0.1325782055208005	-0.1736122426817777	0.1232213158473358	True	True	both
gse264667_hepg2_day7	HepG2 day 7	HepG2	ACH-000739	DepMap/Harmonizome cell-line mapping; verified row exists in local CRISPRGeneEffect.csv	LTV1	53	4976	145473	9624	log1p(raw_counts_per_cell_total * 10000)	50	12.949068826877422	0.0818710620110459	0.9669814953077248	0.7939823516279587	0.671702909136986	-1.2018339684160986	0.9655673465193602	True	True	both
gse264667_hepg2_day7	HepG2 day 7	HepG2	ACH-000739	DepMap/Harmonizome cell-line mapping; verified row exists in local CRISPRGeneEffect.csv	MAD2L1	91	4976	145473	9624	log1p(raw_counts_per_cell_total * 10000)	50	4.576041063300792	0.0329324534225888	0.3197755778593026	0.2474685185089234	0.203263868325814	-1.8992334701255824	0.992247151036294	True	True	both
gse264667_hepg2_day7	HepG2 day 7	HepG2	ACH-000739	DepMap/Harmonizome cell-line mapping; verified row exists in local CRISPRGeneEffect.csv	MAD2L2	88	4976	145473	9624	log1p(raw_counts_per_cell_total * 10000)	50	3.8887434630080633	0.0289079556255476	0.2402949022159259	0.1879410704854985	0.1568088365860898	-1.3268312148369172	0.9869330498592076	True	True	both
gse264667_hepg2_day7	HepG2 day 7	HepG2	ACH-000739	DepMap/Harmonizome cell-line mapping; verified row exists in local CRISPRGeneEffect.csv	MANF	65	4976	145473	9624	log1p(raw_counts_per_cell_total * 10000)	50	3.772587033751776	0.0286750755623279	0.1962293235908822	0.1593865249048772	0.138022711902075	-0.2155983985961376	0.0858041144549986	True	True	both
gse264667_hepg2_day7	HepG2 day 7	HepG2	ACH-000739	DepMap/Harmonizome cell-line mapping; verified row exists in local CRISPRGeneEffect.csv	MAP2K7	56	4976	145473	9624	log1p(raw_counts_per_cell_total * 10000)	50	7.493414432853206	0.0485480843206975	0.6222708354635206	0.5016585047091333	0.4034571293305321	-0.1356902121758915	0.0500251188014907	True	True	both
gse264667_hepg2_day7	HepG2 day 7	HepG2	ACH-000739	DepMap/Harmonizome cell-line mapping; verified row exists in local CRISPRGeneEffect.csv	MAT2A	104	4976	145473	9624	log1p(raw_counts_per_cell_total * 10000)	50	3.589689935238946	0.0270923025221982	0.1857503679379599	0.1558648720696972	0.1361320809653464	-0.893969738203049	0.6498661674381185	True	True	both
gse264667_hepg2_day7	HepG2 day 7	HepG2	ACH-000739	DepMap/Harmonizome cell-line mapping; verified row exists in local CRISPRGeneEffect.csv	MBNL1	105	4976	145473	9624	log1p(raw_counts_per_cell_total * 10000)	50	5.074425619856969	0.0334929331240857	0.4837470576143585	0.339138766670538	0.2630809001503548	-0.0230880422435258	0.0125695408645242	True	True	both
gse264667_hepg2_day7	HepG2 day 7	HepG2	ACH-000739	DepMap/Harmonizome cell-line mapping; verified row exists in local CRISPRGeneEffect.csv	MBTPS1	115	4976	145473	9624	log1p(raw_counts_per_cell_total * 10000)	50	4.707463389645612	0.0311394289079926	0.4393288397842467	0.3239852746946798	0.2502238800985166	-0.3821772040200146	0.5080159514895136	True	True	both
gse264667_hepg2_day7	HepG2 day 7	HepG2	ACH-000739	DepMap/Harmonizome cell-line mapping; verified row exists in local CRISPRGeneEffect.csv	MBTPS2	90	4976	145473	9624	log1p(raw_counts_per_cell_total * 10000)	50	4.536194852769448	0.0309332850088003	0.4000831463433424	0.2986248762061538	0.2297311000977002	-0.165637218577518	0.1659830735769153	True	True	both
gse264667_hepg2_day7	HepG2 day 7	HepG2	ACH-000739	DepMap/Harmonizome cell-line mapping; verified row exists in local CRISPRGeneEffect.csv	MCL1	82	4976	145473	9624	log1p(raw_counts_per_cell_total * 10000)	50	3.480473536373075	0.0266234544238685	0.1620652064526739	0.1410688706996127	0.1264378660522614	-0.7512570473631051	0.8995843793900371	True	True	both
gse264667_hepg2_day7	HepG2 day 7	HepG2	ACH-000739	DepMap/Harmonizome cell-line mapping; verified row exists in local CRISPRGeneEffect.csv	MCM3	155	4976	145473	9624	log1p(raw_counts_per_cell_total * 10000)	50	5.389107673981335	0.0350942647528221	0.423467678383092	0.3366747114095718	0.2830333315429656	-1.0948524889049531	0.9561718160632692	True	True	both
gse264667_hepg2_day7	HepG2 day 7	HepG2	ACH-000739	DepMap/Harmonizome cell-line mapping; verified row exists in local CRISPRGeneEffect.csv	MCM3AP	58	4976	145473	9624	log1p(raw_counts_per_cell_total * 10000)	50	5.40439425178879	0.0394372642230818	0.3215171705514478	0.2738354773621266	0.2368370673141855	-1.4362642208451384	0.9751424126740122	True	True	both
gse264667_hepg2_day7	HepG2 day 7	HepG2	ACH-000739	DepMap/Harmonizome cell-line mapping; verified row exists in local CRISPRGeneEffect.csv	MCM6	126	4976	145473	9624	log1p(raw_counts_per_cell_total * 10000)	50	8.871178815135343	0.0561215397887197	0.6819305032416914	0.5610204364328429	0.470634412776534	-1.2765422352964626	0.9694605590594072	True	True	both
gse264667_hepg2_day7	HepG2 day 7	HepG2	ACH-000739	DepMap/Harmonizome cell-line mapping; verified row exists in local CRISPRGeneEffect.csv	MCM7	63	4976	145473	9624	log1p(raw_counts_per_cell_total * 10000)	50	4.655581120901034	0.034500108025211	0.2814396725016192	0.2292541269871988	0.1944245426109749	-1.9746329565567988	1.0	True	True	both
gse264667_hepg2_day7	HepG2 day 7	HepG2	ACH-000739	DepMap/Harmonizome cell-line mapping; verified row exists in local CRISPRGeneEffect.csv	MCMBP	141	4976	145473	9624	log1p(raw_counts_per_cell_total * 10000)	50	5.657695140341817	0.0381909933374724	0.3965380199404478	0.3229840137617238	0.2747447374808104	-0.8468908452406425	0.9637301582375076	True	True	both
gse264667_hepg2_day7	HepG2 day 7	HepG2	ACH-000739	DepMap/Harmonizome cell-line mapping; verified row exists in local CRISPRGeneEffect.csv	MDN1	74	4976	145473	9624	log1p(raw_counts_per_cell_total * 10000)	50	10.682312539129937	0.0651769626734421	0.906386790840696	0.7372739298260931	0.600102636751236	-1.1071510483039666	0.9588696984063046	True	True	both
gse264667_hepg2_day7	HepG2 day 7	HepG2	ACH-000739	DepMap/Harmonizome cell-line mapping; verified row exists in local CRISPRGeneEffect.csv	MED11	90	4976	145473	9624	log1p(raw_counts_per_cell_total * 10000)	50	7.58813781502365	0.0516436277966907	0.4983819359141326	0.4156669245054104	0.359603318737109	-1.7545655387071342	0.9999965939481804	True	True	both
gse264667_hepg2_day7	HepG2 day 7	HepG2	ACH-000739	DepMap/Harmonizome cell-line mapping; verified row exists in local CRISPRGeneEffect.csv	MED14	211	4976	145473	9624	log1p(raw_counts_per_cell_total * 10000)	50	5.842697794375167	0.0390182769050884	0.3893739317965008	0.3282087615735378	0.2799324159801922	-1.7926194837779768	0.9992855945366336	True	True	both
gse264667_hepg2_day7	HepG2 day 7	HepG2	ACH-000739	DepMap/Harmonizome cell-line mapping; verified row exists in local CRISPRGeneEffect.csv	MED19	112	4976	145473	9624	log1p(raw_counts_per_cell_total * 10000)	50	7.466805874157485	0.0503294894897329	0.5007556837445896	0.4139861279312943	0.3520590293096578	-0.7437007277875514	0.9002248452690882	True	True	both
gse264667_hepg2_day7	HepG2 day 7	HepG2	ACH-000739	DepMap/Harmonizome cell-line mapping; verified row exists in local CRISPRGeneEffect.csv	MED20	74	4976	145473	9624	log1p(raw_counts_per_cell_total * 10000)	50	7.694876882255033	0.0533074933661478	0.464896950310761	0.3969058505556057	0.3441649990237491	-1.15758112409604	0.9349655858965628	True	True	both
gse264667_hepg2_day7	HepG2 day 7	HepG2	ACH-000739	DepMap/Harmonizome cell-line mapping; verified row exists in local CRISPRGeneEffect.csv	MED21	66	4976	145473	9624	log1p(raw_counts_per_cell_total * 10000)	50	9.281172397112252	0.0628703896083664	0.6005549166191664	0.5062387625021314	0.4372075089027832	-0.877844292721809	0.9081530961627476	True	True	both
gse264667_hepg2_day7	HepG2 day 7	HepG2	ACH-000739	DepMap/Harmonizome cell-line mapping; verified row exists in local CRISPRGeneEffect.csv	MED22	53	4976	145473	9624	log1p(raw_counts_per_cell_total * 10000)	50	13.511779609483456	0.085335572376762	1.0010137244342077	0.8296041615398435	0.7011289369688731	-1.664484036474347	0.9975677117115642	True	True	both
gse264667_hepg2_day7	HepG2 day 7	HepG2	ACH-000739	DepMap/Harmonizome cell-line mapping; verified row exists in local CRISPRGeneEffect.csv	MED4	138	4976	145473	9624	log1p(raw_counts_per_cell_total * 10000)	50	12.610922224882447	0.0810718421215433	0.8726766417440832	0.7357497615941836	0.6237956059554649	-1.336777338944545	0.98707323629356	True	True	both
gse264667_hepg2_day7	HepG2 day 7	HepG2	ACH-000739	DepMap/Harmonizome cell-line mapping; verified row exists in local CRISPRGeneEffect.csv	MED7	56	4976	145473	9624	log1p(raw_counts_per_cell_total * 10000)	50	12.481565180174794	0.0826376211081817	0.819590091230506	0.6844999002360944	0.5912289370541286	-0.6397942049518774	0.6050648313050475	True	True	both
gse264667_hepg2_day7	HepG2 day 7	HepG2	ACH-000739	DepMap/Harmonizome cell-line mapping; verified row exists in local CRISPRGeneEffect.csv	MED8	76	4976	145473	9624	log1p(raw_counts_per_cell_total * 10000)	50	8.529791506672208	0.0580945903944292	0.5283349533536263	0.4510389459676448	0.3937315259097027	-0.6812854335668498	0.9555674116065952	True	True	both
gse264667_hepg2_day7	HepG2 day 7	HepG2	ACH-000739	DepMap/Harmonizome cell-line mapping; verified row exists in local CRISPRGeneEffect.csv	MEIS3	51	4976	145473	9624	log1p(raw_counts_per_cell_total * 10000)	50	7.832333777634792	0.0536840940439456	0.5280326346504174	0.4288501029848114	0.370044564168506	-0.2351405855110702	0.1520786780325516	True	True	both
gse264667_hepg2_day7	HepG2 day 7	HepG2	ACH-000739	DepMap/Harmonizome cell-line mapping; verified row exists in local CRISPRGeneEffect.csv	MEN1	58	4976	145473	9624	log1p(raw_counts_per_cell_total * 10000)	50	4.507580415352504	0.0336169136474921	0.2368996608777704	0.2094532821844637	0.1825202818790074	-0.4076994050333183	0.4669697839839447	True	True	both
gse264667_hepg2_day7	HepG2 day 7	HepG2	ACH-000739	DepMap/Harmonizome cell-line mapping; verified row exists in local CRISPRGeneEffect.csv	METTL3	73	4976	145473	9624	log1p(raw_counts_per_cell_total * 10000)	50	5.568793754524705	0.0392958857187372	0.3477035736622467	0.2995330906627572	0.2557250370926879	-0.5202266387891965	0.690710602482837	True	True	both
gse264667_hepg2_day7	HepG2 day 7	HepG2	ACH-000739	DepMap/Harmonizome cell-line mapping; verified row exists in local CRISPRGeneEffect.csv	MFN2	139	4976	145473	9624	log1p(raw_counts_per_cell_total * 10000)	50	3.187821392352157	0.0234046823890846	0.193985498820134	0.1608509475021968	0.1351579159197995	-0.4506228221212436	0.1540976241568619	True	True	both
gse264667_hepg2_day7	HepG2 day 7	HepG2	ACH-000739	DepMap/Harmonizome cell-line mapping; verified row exists in local CRISPRGeneEffect.csv	MICOS10	56	4976	145473	9624	log1p(raw_counts_per_cell_total * 10000)	50	5.2563918070478834	0.036574747598033	0.3904915001363029	0.2869139654244362	0.231987997669383	-1.2979525557137817	0.995509301806578	True	True	both
gse264667_hepg2_day7	HepG2 day 7	HepG2	ACH-000739	DepMap/Harmonizome cell-line mapping; verified row exists in local CRISPRGeneEffect.csv	MIER1	61	4976	145473	9624	log1p(raw_counts_per_cell_total * 10000)	50	4.50128513984829	0.0331189837528777	0.3155425534207584	0.2300686399291293	0.1887537152191388	-0.0619615719666263	0.0621025522635806	True	True	both
gse264667_hepg2_day7	HepG2 day 7	HepG2	ACH-000739	DepMap/Harmonizome cell-line mapping; verified row exists in local CRISPRGeneEffect.csv	MIOS	62	4976	145473	9624	log1p(raw_counts_per_cell_total * 10000)	50	4.571609608858816	0.0341963220542968	0.2533026872012814	0.2101423394068206	0.1823836692488103	-0.3267705310525692	0.2693489580895725	True	True	both
gse264667_hepg2_day7	HepG2 day 7	HepG2	ACH-000739	DepMap/Harmonizome cell-line mapping; verified row exists in local CRISPRGeneEffect.csv	MIS18BP1	81	4976	145473	9624	log1p(raw_counts_per_cell_total * 10000)	50	5.268557378172543	0.0362978649136379	0.3800274474931665	0.3109136221338003	0.2588600695800979	-0.5415214833262828	0.747930463188543	True	True	both
gse264667_hepg2_day7	HepG2 day 7	HepG2	ACH-000739	DepMap/Harmonizome cell-line mapping; verified row exists in local CRISPRGeneEffect.csv	MKRN1	73	4976	145473	9624	log1p(raw_counts_per_cell_total * 10000)	50	3.708707314118785	0.0284697211839922	0.1776477920691436	0.1546941543559564	0.1365322291178541	-0.20723708244355	0.1983237097375023	True	True	both
gse264667_hepg2_day7	HepG2 day 7	HepG2	ACH-000739	DepMap/Harmonizome cell-line mapping; verified row exists in local CRISPRGeneEffect.csv	MLLT6	129	4976	145473	9624	log1p(raw_counts_per_cell_total * 10000)	50	4.997109177442567	0.0341875074888982	0.3457121448238451	0.2855753999840828	0.2422790864312338	-0.2128906316858808	0.0762158200648574	True	True	both
gse264667_hepg2_day7	HepG2 day 7	HepG2	ACH-000739	DepMap/Harmonizome cell-line mapping; verified row exists in local CRISPRGeneEffect.csv	MMP17	56	4976	145473	9624	log1p(raw_counts_per_cell_total * 10000)	50	6.733526229160559	0.0462246305666823	0.4847655845947176	0.3998205261041491	0.3351714018079164	0.0210203612405444	0.0568565269577215	True	True	both
gse264667_hepg2_day7	HepG2 day 7	HepG2	ACH-000739	DepMap/Harmonizome cell-line mapping; verified row exists in local CRISPRGeneEffect.csv	MNAT1	69	4976	145473	9624	log1p(raw_counts_per_cell_total * 10000)	50	5.385797344483195	0.0396648307375656	0.2821954694623412	0.2445063490857961	0.2163850632796686	-0.2303539977692349	0.3777036690024949	True	True	both
gse264667_hepg2_day7	HepG2 day 7	HepG2	ACH-000739	DepMap/Harmonizome cell-line mapping; verified row exists in local CRISPRGeneEffect.csv	MOB4	87	4976	145473	9624	log1p(raw_counts_per_cell_total * 10000)	50	4.795748998495154	0.034247115421858	0.3246261664067253	0.2583736934192185	0.214589537665254	-0.4000516419950963	0.6325705277535254	True	True	both
gse264667_hepg2_day7	HepG2 day 7	HepG2	ACH-000739	DepMap/Harmonizome cell-line mapping; verified row exists in local CRISPRGeneEffect.csv	MPHOSPH10	83	4976	145473	9624	log1p(raw_counts_per_cell_total * 10000)	50	9.922611515724869	0.0616278131648756	0.7881758109620297	0.6605871953778187	0.5448097992013643	-1.5202302381409545	0.9998423862478412	True	True	both
gse264667_hepg2_day7	HepG2 day 7	HepG2	ACH-000739	DepMap/Harmonizome cell-line mapping; verified row exists in local CRISPRGeneEffect.csv	MPHOSPH6	83	4976	145473	9624	log1p(raw_counts_per_cell_total * 10000)	50	5.463896785808871	0.0374781790608316	0.4023355098272002	0.3198247250151155	0.2673356138441224	-0.2222406621369223	0.0648398815958129	True	True	both
gse264667_hepg2_day7	HepG2 day 7	HepG2	ACH-000739	DepMap/Harmonizome cell-line mapping; verified row exists in local CRISPRGeneEffect.csv	MRGBP	118	4976	145473	9624	log1p(raw_counts_per_cell_total * 10000)	50	6.837435906818152	0.043771318785523	0.5756789717960904	0.444324241955102	0.3573985683461393	-1.223851354606462	0.9947208628858224	True	True	both
gse264667_hepg2_day7	HepG2 day 7	HepG2	ACH-000739	DepMap/Harmonizome cell-line mapping; verified row exists in local CRISPRGeneEffect.csv	MRPL16	63	4976	145473	9624	log1p(raw_counts_per_cell_total * 10000)	50	5.878827969804464	0.0416478707333973	0.3723735797731745	0.3096755934589696	0.2647359298150114	-0.6039878410728836	0.9181725099429856	True	True	both
gse264667_hepg2_day7	HepG2 day 7	HepG2	ACH-000739	DepMap/Harmonizome cell-line mapping; verified row exists in local CRISPRGeneEffect.csv	MRPL24	61	4976	145473	9624	log1p(raw_counts_per_cell_total * 10000)	50	6.379609966506941	0.043439558058094	0.4356885421746187	0.3597679289723646	0.3060733419456842	-0.5421730631119129	0.5641797398366024	True	True	both
gse264667_hepg2_day7	HepG2 day 7	HepG2	ACH-000739	DepMap/Harmonizome cell-line mapping; verified row exists in local CRISPRGeneEffect.csv	MRPL27	60	4976	145473	9624	log1p(raw_counts_per_cell_total * 10000)	50	6.805259692177715	0.0462461698528894	0.4838076625218952	0.3970116788133287	0.33446556407222	-0.7558569930373433	0.887447663830513	True	True	both
gse264667_hepg2_day7	HepG2 day 7	HepG2	ACH-000739	DepMap/Harmonizome cell-line mapping; verified row exists in local CRISPRGeneEffect.csv	MRPL3	71	4976	145473	9624	log1p(raw_counts_per_cell_total * 10000)	50	4.8030542851613545	0.0341129450449877	0.3439517026760428	0.2646436427099998	0.2170314196655989	-0.4653063970133047	0.6366703196576383	True	True	both
gse264667_hepg2_day7	HepG2 day 7	HepG2	ACH-000739	DepMap/Harmonizome cell-line mapping; verified row exists in local CRISPRGeneEffect.csv	MRPL34	414	4976	145473	9624	log1p(raw_counts_per_cell_total * 10000)	50	5.557660129362151	0.0328983904504312	0.468903740793035	0.3854584516939605	0.3185378116118729	-0.8537742593518427	0.9093105552199814	True	True	both
gse264667_hepg2_day7	HepG2 day 7	HepG2	ACH-000739	DepMap/Harmonizome cell-line mapping; verified row exists in local CRISPRGeneEffect.csv	MRPL35	333	4976	145473	9624	log1p(raw_counts_per_cell_total * 10000)	50	6.057211599605853	0.0375448761339889	0.4433657237279269	0.3723553775700681	0.3205829864684492	-0.5322522591364031	0.5935884309332916	True	True	both
gse264667_hepg2_day7	HepG2 day 7	HepG2	ACH-000739	DepMap/Harmonizome cell-line mapping; verified row exists in local CRISPRGeneEffect.csv	MRPL36	430	4976	145473	9624	log1p(raw_counts_per_cell_total * 10000)	50	5.147007011333317	0.0318702186958503	0.3981816592428043	0.3267539777019618	0.2733824160891916	-0.3753806980991074	0.5262697255906181	True	True	both
gse264667_hepg2_day7	HepG2 day 7	HepG2	ACH-000739	DepMap/Harmonizome cell-line mapping; verified row exists in local CRISPRGeneEffect.csv	MRPL38	55	4976	145473	9624	log1p(raw_counts_per_cell_total * 10000)	50	5.699924642038433	0.0408199661673255	0.3957147301973715	0.3062948290760258	0.2539791620408983	-0.4098290945466257	0.5170462534554352	True	True	both
gse264667_hepg2_day7	HepG2 day 7	HepG2	ACH-000739	DepMap/Harmonizome cell-line mapping; verified row exists in local CRISPRGeneEffect.csv	MRPL39	57	4976	145473	9624	log1p(raw_counts_per_cell_total * 10000)	50	5.939273414777968	0.0425104872132734	0.3791525444938212	0.309193424533736	0.2611685179477402	-0.6217060498410866	0.7985302228481841	True	True	both
gse264667_hepg2_day7	HepG2 day 7	HepG2	ACH-000739	DepMap/Harmonizome cell-line mapping; verified row exists in local CRISPRGeneEffect.csv	MRPL41	52	4976	145473	9624	log1p(raw_counts_per_cell_total * 10000)	50	7.294304636293412	0.0489195155286075	0.5151995925367697	0.4230864718945427	0.3566483733810796	-0.6087618970696815	0.6238852068398592	True	True	both
gse264667_hepg2_day7	HepG2 day 7	HepG2	ACH-000739	DepMap/Harmonizome cell-line mapping; verified row exists in local CRISPRGeneEffect.csv	MRPL49	51	4976	145473	9624	log1p(raw_counts_per_cell_total * 10000)	50	8.313796944491084	0.0563809497323759	0.5998561995703742	0.4742241808580967	0.3980375406393774	-0.5408677840695952	0.6820882445234704	True	True	both
gse264667_hepg2_day7	HepG2 day 7	HepG2	ACH-000739	DepMap/Harmonizome cell-line mapping; verified row exists in local CRISPRGeneEffect.csv	MRPL54	55	4976	145473	9624	log1p(raw_counts_per_cell_total * 10000)	50	5.695532089555512	0.0407717732366236	0.3563772073856945	0.2956400434970583	0.2529253440796033	-0.4669286064475747	0.6003186032401732	True	True	both
gse264667_hepg2_day7	HepG2 day 7	HepG2	ACH-000739	DepMap/Harmonizome cell-line mapping; verified row exists in local CRISPRGeneEffect.csv	MRPS16	53	4976	145473	9624	log1p(raw_counts_per_cell_total * 10000)	50	4.957034465544922	0.0368853995257436	0.2657935132512887	0.222644230614261	0.1946956521454658	-0.4779936965853974	0.7199611730614647	True	True	both
gse264667_hepg2_day7	HepG2 day 7	HepG2	ACH-000739	DepMap/Harmonizome cell-line mapping; verified row exists in local CRISPRGeneEffect.csv	MRPS17	51	4976	145473	9624	log1p(raw_counts_per_cell_total * 10000)	50	5.52476466470993	0.0405357005720303	0.2855112963164525	0.2519291446565121	0.2254582041284954	-0.4620961104638898	0.6366740406055409	True	True	both
gse264667_hepg2_day7	HepG2 day 7	HepG2	ACH-000739	DepMap/Harmonizome cell-line mapping; verified row exists in local CRISPRGeneEffect.csv	MRPS21	86	4976	145473	9624	log1p(raw_counts_per_cell_total * 10000)	50	5.5485816049928	0.0378444043860656	0.3879806660622956	0.3150537509783856	0.2660205066560269	-0.8586574459906406	0.9349441484195964	True	True	both
gse264667_hepg2_day7	HepG2 day 7	HepG2	ACH-000739	DepMap/Harmonizome cell-line mapping; verified row exists in local CRISPRGeneEffect.csv	MRPS34	52	4976	145473	9624	log1p(raw_counts_per_cell_total * 10000)	50	5.986422113588022	0.042153851658346	0.4162316794923283	0.3254394211004723	0.2729977799997871	-0.297957884424617	0.3339162813361139	True	True	both
gse264667_hepg2_day7	HepG2 day 7	HepG2	ACH-000739	DepMap/Harmonizome cell-line mapping; verified row exists in local CRISPRGeneEffect.csv	MRPS5	58	4976	145473	9624	log1p(raw_counts_per_cell_total * 10000)	50	6.692619835218325	0.046438170350702	0.424208687418521	0.3622861450476381	0.3167400960978195	-0.7963151821206575	0.8872407187046001	True	True	both
gse264667_hepg2_day7	HepG2 day 7	HepG2	ACH-000739	DepMap/Harmonizome cell-line mapping; verified row exists in local CRISPRGeneEffect.csv	MRPS6	64	4976	145473	9624	log1p(raw_counts_per_cell_total * 10000)	50	4.761105529912395	0.0352563967989012	0.2396863167123252	0.211075721380235	0.188852431921212	-0.3440227155270571	0.4332000724683567	True	True	both
gse264667_hepg2_day7	HepG2 day 7	HepG2	ACH-000739	DepMap/Harmonizome cell-line mapping; verified row exists in local CRISPRGeneEffect.csv	MTBP	81	4976	145473	9624	log1p(raw_counts_per_cell_total * 10000)	50	8.738155950757864	0.0570928560638553	0.63983228657885	0.5326020584104006	0.450513514527905	-1.3583092850801664	0.9993791843870384	True	True	both
gse264667_hepg2_day7	HepG2 day 7	HepG2	ACH-000739	DepMap/Harmonizome cell-line mapping; verified row exists in local CRISPRGeneEffect.csv	MTG2	86	4976	145473	9624	log1p(raw_counts_per_cell_total * 10000)	50	3.6000077736798244	0.0275567100792365	0.1733738898425442	0.1481379230705915	0.1308857016530352	-0.2208888678297789	0.1354694917584345	True	True	both
gse264667_hepg2_day7	HepG2 day 7	HepG2	ACH-000739	DepMap/Harmonizome cell-line mapping; verified row exists in local CRISPRGeneEffect.csv	MTOR	81	4976	145473	9624	log1p(raw_counts_per_cell_total * 10000)	50	4.328438946172309	0.0315696193012033	0.2662366676512472	0.2166997488897027	0.1831711794220183	-0.693170895394951	0.9065840227012104	True	True	both
gse264667_hepg2_day7	HepG2 day 7	HepG2	ACH-000739	DepMap/Harmonizome cell-line mapping; verified row exists in local CRISPRGeneEffect.csv	MVK	153	4976	145473	9624	log1p(raw_counts_per_cell_total * 10000)	50	2.881400660126994	0.0208497186363217	0.21493355998756	0.1567461543880544	0.1265280049040412	0.0307377277494745	0.0164271432613324	True	True	both
gse264667_hepg2_day7	HepG2 day 7	HepG2	ACH-000739	DepMap/Harmonizome cell-line mapping; verified row exists in local CRISPRGeneEffect.csv	MYBBP1A	65	4976	145473	9624	log1p(raw_counts_per_cell_total * 10000)	50	9.295179292972708	0.058136138671545	0.7795275406699547	0.6241550538115307	0.5160927433729694	-0.5590930325248763	0.5695992761328814	True	True	both
gse264667_hepg2_day7	HepG2 day 7	HepG2	ACH-000739	DepMap/Harmonizome cell-line mapping; verified row exists in local CRISPRGeneEffect.csv	MYBL2	136	4976	145473	9624	log1p(raw_counts_per_cell_total * 10000)	50	5.042539213099128	0.0332835172735618	0.4004898753537587	0.3234508822350325	0.2681411862054303	-0.334022751801532	0.3336013994046249	True	True	both
gse264667_hepg2_day7	HepG2 day 7	HepG2	ACH-000739	DepMap/Harmonizome cell-line mapping; verified row exists in local CRISPRGeneEffect.csv	MYC	52	4976	145473	9624	log1p(raw_counts_per_cell_total * 10000)	50	11.119932505510231	0.0676131656206929	0.9917681053814272	0.7705667707822677	0.6198456574621883	-2.121049034166192	1.0	True	True	both
gse264667_hepg2_day7	HepG2 day 7	HepG2	ACH-000739	DepMap/Harmonizome cell-line mapping; verified row exists in local CRISPRGeneEffect.csv	NAA25	90	4976	145473	9624	log1p(raw_counts_per_cell_total * 10000)	50	4.6891794181289415	0.0333395731579571	0.2952830386215157	0.2489323254571072	0.2145368878375589	-0.7555608747357184	0.8169567011185598	True	True	both
gse264667_hepg2_day7	HepG2 day 7	HepG2	ACH-000739	DepMap/Harmonizome cell-line mapping; verified row exists in local CRISPRGeneEffect.csv	NAA35	66	4976	145473	9624	log1p(raw_counts_per_cell_total * 10000)	50	4.116609638426209	0.0311064887421939	0.2211744403166849	0.1861147517076766	0.1614256588053	-0.3704388146081637	0.3553847902020733	True	True	both
gse264667_hepg2_day7	HepG2 day 7	HepG2	ACH-000739	DepMap/Harmonizome cell-line mapping; verified row exists in local CRISPRGeneEffect.csv	NAA38	96	4976	145473	9624	log1p(raw_counts_per_cell_total * 10000)	50	10.795268117321196	0.0709408392001929	0.7313778607342203	0.6160092891876098	0.5278327966806612	-0.2815166702009701	0.0787727677493785	True	True	both
gse264667_hepg2_day7	HepG2 day 7	HepG2	ACH-000739	DepMap/Harmonizome cell-line mapping; verified row exists in local CRISPRGeneEffect.csv	NAA50	65	4976	145473	9624	log1p(raw_counts_per_cell_total * 10000)	50	4.803627044396518	0.0348377948198757	0.2807199987834628	0.2326610703696935	0.2029454757656204	-1.63914909324294	0.9991769129781728	True	True	both
gse264667_hepg2_day7	HepG2 day 7	HepG2	ACH-000739	DepMap/Harmonizome cell-line mapping; verified row exists in local CRISPRGeneEffect.csv	NAF1	101	4976	145473	9624	log1p(raw_counts_per_cell_total * 10000)	50	4.726308529839184	0.0331184862235104	0.3283401087299221	0.2677937760433209	0.2235489724876937	-0.4324066347638131	0.5440523082247846	True	True	both
gse264667_hepg2_day7	HepG2 day 7	HepG2	ACH-000739	DepMap/Harmonizome cell-line mapping; verified row exists in local CRISPRGeneEffect.csv	NAGLU	88	4976	145473	9624	log1p(raw_counts_per_cell_total * 10000)	50	3.442926727864966	0.0263016387389331	0.1655218207820062	0.1446314661850996	0.1284040545489561	-0.3213797367389885	0.4411305986205465	True	True	both
gse264667_hepg2_day7	HepG2 day 7	HepG2	ACH-000739	DepMap/Harmonizome cell-line mapping; verified row exists in local CRISPRGeneEffect.csv	NAPG	83	4976	145473	9624	log1p(raw_counts_per_cell_total * 10000)	50	3.998121378683572	0.0295042034044852	0.24380185244796	0.195874694982326	0.1650606994234908	-1.4607119345827655	0.9973594037503274	True	True	both
gse264667_hepg2_day7	HepG2 day 7	HepG2	ACH-000739	DepMap/Harmonizome cell-line mapping; verified row exists in local CRISPRGeneEffect.csv	NARS2	76	4976	145473	9624	log1p(raw_counts_per_cell_total * 10000)	50	3.669293363440006	0.0280076052400019	0.1940007653398067	0.1579901641658917	0.1371106158524851	-0.6006805184178612	0.771741467932833	True	True	both
gse264667_hepg2_day7	HepG2 day 7	HepG2	ACH-000739	DepMap/Harmonizome cell-line mapping; verified row exists in local CRISPRGeneEffect.csv	NBEAL1	75	4976	145473	9624	log1p(raw_counts_per_cell_total * 10000)	50	3.572009482435123	0.0275423408919539	0.1592498971524619	0.1383498071862586	0.1244785869993441	-0.0671274750152668	0.1154164493814759	True	True	both
gse264667_hepg2_day7	HepG2 day 7	HepG2	ACH-000739	DepMap/Harmonizome cell-line mapping; verified row exists in local CRISPRGeneEffect.csv	NCAPD2	61	4976	145473	9624	log1p(raw_counts_per_cell_total * 10000)	50	4.15212946642454	0.0311060141967005	0.2353250703278576	0.1890623516580424	0.1642866232014027	-1.5678036707871208	0.9894632510104756	True	True	both
gse264667_hepg2_day7	HepG2 day 7	HepG2	ACH-000739	DepMap/Harmonizome cell-line mapping; verified row exists in local CRISPRGeneEffect.csv	NCAPH2	55	4976	145473	9624	log1p(raw_counts_per_cell_total * 10000)	50	7.58168858397416	0.0466747799635606	0.6639248670704849	0.4748202681174047	0.3693535479990008	-0.5575245998148569	0.8996606512566435	True	True	both
gse264667_hepg2_day7	HepG2 day 7	HepG2	ACH-000739	DepMap/Harmonizome cell-line mapping; verified row exists in local CRISPRGeneEffect.csv	NCL	87	4976	145473	9624	log1p(raw_counts_per_cell_total * 10000)	50	7.676086447450854	0.0486800804846704	0.6298154068880114	0.5031665967062332	0.4146716893350357	-0.7283024112567682	0.4719083370379957	True	True	both
gse264667_hepg2_day7	HepG2 day 7	HepG2	ACH-000739	DepMap/Harmonizome cell-line mapping; verified row exists in local CRISPRGeneEffect.csv	NDUFAB1	66	4976	145473	9624	log1p(raw_counts_per_cell_total * 10000)	50	8.388310608896795	0.054006341159947	0.6783994889160884	0.5301636426735137	0.433855540102972	-0.0467535376559039	0.0182092220704937	True	True	both
gse264667_hepg2_day7	HepG2 day 7	HepG2	ACH-000739	DepMap/Harmonizome cell-line mapping; verified row exists in local CRISPRGeneEffect.csv	NELFB	107	4976	145473	9624	log1p(raw_counts_per_cell_total * 10000)	50	5.523688338223663	0.0363658966075366	0.4451991322898124	0.356123268643584	0.2905293050266072	-0.8493706953287982	0.9665961024580172	True	True	both
gse264667_hepg2_day7	HepG2 day 7	HepG2	ACH-000739	DepMap/Harmonizome cell-line mapping; verified row exists in local CRISPRGeneEffect.csv	NELFCD	50	4976	145473	9624	log1p(raw_counts_per_cell_total * 10000)	50	6.414154756440695	0.0444406265399269	0.5006278189448101	0.3812557338334308	0.3140211137421003	-0.7248539123610054	0.4702325590716428	True	True	both
gse264667_hepg2_day7	HepG2 day 7	HepG2	ACH-000739	DepMap/Harmonizome cell-line mapping; verified row exists in local CRISPRGeneEffect.csv	NELFE	57	4976	145473	9624	log1p(raw_counts_per_cell_total * 10000)	50	8.438307518555348	0.0537688376339586	0.6832909505915316	0.550229871623788	0.4556538917698784	-0.6294832702033406	0.8180518905570265	True	True	both
gse264667_hepg2_day7	HepG2 day 7	HepG2	ACH-000739	DepMap/Harmonizome cell-line mapping; verified row exists in local CRISPRGeneEffect.csv	NFATC2IP	55	4976	145473	9624	log1p(raw_counts_per_cell_total * 10000)	50	4.150877739420011	0.0321093365415508	0.1801084206568105	0.1576535123323494	0.1421053407797535	-0.4813818000114643	0.4639522720162397	True	True	both
gse264667_hepg2_day7	HepG2 day 7	HepG2	ACH-000739	DepMap/Harmonizome cell-line mapping; verified row exists in local CRISPRGeneEffect.csv	NFRKB	67	4976	145473	9624	log1p(raw_counts_per_cell_total * 10000)	50	5.593441570369767	0.0394090265102391	0.4045567438558459	0.3127586152065132	0.2578951855297792	-0.351280323093674	0.6279415809647397	True	True	both
gse264667_hepg2_day7	HepG2 day 7	HepG2	ACH-000739	DepMap/Harmonizome cell-line mapping; verified row exists in local CRISPRGeneEffect.csv	NFS1	90	4976	145473	9624	log1p(raw_counts_per_cell_total * 10000)	50	6.8494009612601365	0.0455426054731523	0.4713056603319665	0.3981328368322285	0.340427376014447	-1.9756034970363443	1.0	True	True	both
gse264667_hepg2_day7	HepG2 day 7	HepG2	ACH-000739	DepMap/Harmonizome cell-line mapping; verified row exists in local CRISPRGeneEffect.csv	NFYB	105	4976	145473	9624	log1p(raw_counts_per_cell_total * 10000)	50	4.285249250395723	0.0301859382140289	0.2942244505825458	0.2457255212336441	0.2059283172289912	-0.5707506032720087	0.6582349243610922	True	True	both
gse264667_hepg2_day7	HepG2 day 7	HepG2	ACH-000739	DepMap/Harmonizome cell-line mapping; verified row exists in local CRISPRGeneEffect.csv	NFYC	108	4976	145473	9624	log1p(raw_counts_per_cell_total * 10000)	50	6.933876732017043	0.0442726994947906	0.5310123240468386	0.4499736924934666	0.3776011055537721	-0.4110642841050254	0.5107089977180358	True	True	both
gse264667_hepg2_day7	HepG2 day 7	HepG2	ACH-000739	DepMap/Harmonizome cell-line mapping; verified row exists in local CRISPRGeneEffect.csv	NIFK	105	4976	145473	9624	log1p(raw_counts_per_cell_total * 10000)	50	12.28371144448706	0.0728745477446307	1.049685284739554	0.8477198408864709	0.6977737342088091	-1.812594170109621	0.999999793018786	True	True	both
gse264667_hepg2_day7	HepG2 day 7	HepG2	ACH-000739	DepMap/Harmonizome cell-line mapping; verified row exists in local CRISPRGeneEffect.csv	NIP7	50	4976	145473	9624	log1p(raw_counts_per_cell_total * 10000)	50	6.63502824714271	0.0454855892486781	0.4747539950653078	0.3976730857221367	0.3336624888535031	-2.3633924556790467	1.0	True	True	both
gse264667_hepg2_day7	HepG2 day 7	HepG2	ACH-000739	DepMap/Harmonizome cell-line mapping; verified row exists in local CRISPRGeneEffect.csv	NISCH	74	4976	145473	9624	log1p(raw_counts_per_cell_total * 10000)	50	3.790214022814839	0.0288932549876571	0.1849092572596186	0.159913275808789	0.1412602491523313	-0.3837114285247441	0.2948303479265234	True	True	both
gse264667_hepg2_day7	HepG2 day 7	HepG2	ACH-000739	DepMap/Harmonizome cell-line mapping; verified row exists in local CRISPRGeneEffect.csv	NKAPD1	59	4976	145473	9624	log1p(raw_counts_per_cell_total * 10000)	50	4.864342694617245	0.035825660790314	0.2800557691417916	0.2321465363357115	0.2013599283036081	-0.3091250089937015	0.4359859568058498	True	True	both
gse264667_hepg2_day7	HepG2 day 7	HepG2	ACH-000739	DepMap/Harmonizome cell-line mapping; verified row exists in local CRISPRGeneEffect.csv	NLE1	60	4976	145473	9624	log1p(raw_counts_per_cell_total * 10000)	50	12.54631823247222	0.0770794817636432	1.014655364522798	0.8336248744813703	0.6890072461824539	-0.84582744808602	0.8497376132057165	True	True	both
gse264667_hepg2_day7	HepG2 day 7	HepG2	ACH-000739	DepMap/Harmonizome cell-line mapping; verified row exists in local CRISPRGeneEffect.csv	NMD3	87	4976	145473	9624	log1p(raw_counts_per_cell_total * 10000)	50	8.98648862785677	0.0568397492536368	0.7117831140066893	0.5814130894739172	0.4872876362469903	-1.3797907646880991	0.9831969330302596	True	True	both
gse264667_hepg2_day7	HepG2 day 7	HepG2	ACH-000739	DepMap/Harmonizome cell-line mapping; verified row exists in local CRISPRGeneEffect.csv	NOB1	89	4976	145473	9624	log1p(raw_counts_per_cell_total * 10000)	50	5.429323302414004	0.0361657622298898	0.4401407914758965	0.3405514307738703	0.2796153569398504	-1.2298128209716468	0.9794101528132348	True	True	both
gse264667_hepg2_day7	HepG2 day 7	HepG2	ACH-000739	DepMap/Harmonizome cell-line mapping; verified row exists in local CRISPRGeneEffect.csv	NOC3L	89	4976	145473	9624	log1p(raw_counts_per_cell_total * 10000)	50	8.538909956320584	0.0526971391090776	0.7160185324744004	0.5808861865081	0.4751514211477595	-0.6028933593980406	0.9066940375487558	True	True	both
gse264667_hepg2_day7	HepG2 day 7	HepG2	ACH-000739	DepMap/Harmonizome cell-line mapping; verified row exists in local CRISPRGeneEffect.csv	NOC4L	63	4976	145473	9624	log1p(raw_counts_per_cell_total * 10000)	50	9.756742190178562	0.0612572574726794	0.7899848472659193	0.6446525502945499	0.5356129601001648	-1.1305020440765725	0.9733943482639624	True	True	both
gse264667_hepg2_day7	HepG2 day 7	HepG2	ACH-000739	DepMap/Harmonizome cell-line mapping; verified row exists in local CRISPRGeneEffect.csv	NOL11	58	4976	145473	9624	log1p(raw_counts_per_cell_total * 10000)	50	12.718670265291047	0.0787623116566948	1.0323942431610866	0.8432388149832607	0.6949209335107887	-0.638860562710641	0.727198351694454	True	True	both
gse264667_hepg2_day7	HepG2 day 7	HepG2	ACH-000739	DepMap/Harmonizome cell-line mapping; verified row exists in local CRISPRGeneEffect.csv	NOL12	67	4976	145473	9624	log1p(raw_counts_per_cell_total * 10000)	50	8.708004094827976	0.0556132927488856	0.6932667131965492	0.5692287596315855	0.4669532574359897	-0.7120340616824561	0.7839803013495973	True	True	both
gse264667_hepg2_day7	HepG2 day 7	HepG2	ACH-000739	DepMap/Harmonizome cell-line mapping; verified row exists in local CRISPRGeneEffect.csv	NOL6	60	4976	145473	9624	log1p(raw_counts_per_cell_total * 10000)	50	10.770979999949704	0.0672240659303216	0.8657908696906155	0.7186416885835585	0.5936754770095232	-0.8711558796894927	0.9438653687553852	True	True	both
gse264667_hepg2_day7	HepG2 day 7	HepG2	ACH-000739	DepMap/Harmonizome cell-line mapping; verified row exists in local CRISPRGeneEffect.csv	NOL8	124	4976	145473	9624	log1p(raw_counts_per_cell_total * 10000)	50	11.19989656340467	0.0668720604849716	0.9390819596055892	0.776141591030953	0.6371293859234837	-0.8974753971376475	0.9315055351662956	True	True	both
gse264667_hepg2_day7	HepG2 day 7	HepG2	ACH-000739	DepMap/Harmonizome cell-line mapping; verified row exists in local CRISPRGeneEffect.csv	NOLC1	84	4976	145473	9624	log1p(raw_counts_per_cell_total * 10000)	50	6.9879488201538775	0.0458809944004433	0.5513437071147834	0.4402290245520284	0.3635281688989423	-0.3627574055447524	0.5047420772423269	True	True	both
gse264667_hepg2_day7	HepG2 day 7	HepG2	ACH-000739	DepMap/Harmonizome cell-line mapping; verified row exists in local CRISPRGeneEffect.csv	NOM1	131	4976	145473	9624	log1p(raw_counts_per_cell_total * 10000)	50	8.198485053916082	0.05025822975202	0.6650907094371211	0.5452017234770585	0.4519721330204896	-0.900097552026035	0.9256559413196768	True	True	both
gse264667_hepg2_day7	HepG2 day 7	HepG2	ACH-000739	DepMap/Harmonizome cell-line mapping; verified row exists in local CRISPRGeneEffect.csv	NOMO1	61	4976	145473	9624	log1p(raw_counts_per_cell_total * 10000)	50	4.563784462812948	0.0334052536737411	0.3072673597608831	0.2278935876405376	0.1878406835272607	-0.0709876878533995	0.0320540260119555	True	True	both
gse264667_hepg2_day7	HepG2 day 7	HepG2	ACH-000739	DepMap/Harmonizome cell-line mapping; verified row exists in local CRISPRGeneEffect.csv	NOP14	123	4976	145473	9624	log1p(raw_counts_per_cell_total * 10000)	50	9.86767534529836	0.0593688286662925	0.8128510524128594	0.666916705024298	0.5553806681665935	-1.0760400069989031	0.9542713366890888	True	True	both
gse264667_hepg2_day7	HepG2 day 7	HepG2	ACH-000739	DepMap/Harmonizome cell-line mapping; verified row exists in local CRISPRGeneEffect.csv	NOP58	62	4976	145473	9624	log1p(raw_counts_per_cell_total * 10000)	50	10.80235165132455	0.067515555132996	0.856173419092047	0.7022647351391065	0.5849621764587588	-1.693649869157698	0.996088671788545	True	True	both
gse264667_hepg2_day7	HepG2 day 7	HepG2	ACH-000739	DepMap/Harmonizome cell-line mapping; verified row exists in local CRISPRGeneEffect.csv	NPB	75	4976	145473	9624	log1p(raw_counts_per_cell_total * 10000)	50	3.5461751421824563	0.0272303273369468	0.1538391074149701	0.1380025751602339	0.1252172976762048	-0.308126899297539	0.4071313103065604	True	True	both
gse264667_hepg2_day7	HepG2 day 7	HepG2	ACH-000739	DepMap/Harmonizome cell-line mapping; verified row exists in local CRISPRGeneEffect.csv	NPLOC4	54	4976	145473	9624	log1p(raw_counts_per_cell_total * 10000)	50	11.961834877239216	0.0761454149860551	0.9175760555631716	0.7522125236131995	0.6310916322437614	-1.6264638320785736	0.9947274544319444	True	True	both
gse264667_hepg2_day7	HepG2 day 7	HepG2	ACH-000739	DepMap/Harmonizome cell-line mapping; verified row exists in local CRISPRGeneEffect.csv	NRBP1	50	4976	145473	9624	log1p(raw_counts_per_cell_total * 10000)	50	5.663045863646817	0.0408338837183817	0.3649053206551982	0.296578325085082	0.250831233507626	-1.1048272864414377	0.9759247971124276	True	True	both
gse264667_hepg2_day7	HepG2 day 7	HepG2	ACH-000739	DepMap/Harmonizome cell-line mapping; verified row exists in local CRISPRGeneEffect.csv	NRDE2	52	4976	145473	9624	log1p(raw_counts_per_cell_total * 10000)	50	6.822543160347583	0.0485586601710801	0.4230851433064577	0.3521736439381388	0.3013901359725682	-1.2349706736798711	0.9733885507000654	True	True	both
gse264667_hepg2_day7	HepG2 day 7	HepG2	ACH-000739	DepMap/Harmonizome cell-line mapping; verified row exists in local CRISPRGeneEffect.csv	NSA2	83	4976	145473	9624	log1p(raw_counts_per_cell_total * 10000)	50	8.589549771727649	0.0539769160615805	0.6874483367001885	0.5636677418706292	0.4659342129728698	-1.42499354123547	0.990373117802972	True	True	both
gse264667_hepg2_day7	HepG2 day 7	HepG2	ACH-000739	DepMap/Harmonizome cell-line mapping; verified row exists in local CRISPRGeneEffect.csv	NSMCE2	56	4976	145473	9624	log1p(raw_counts_per_cell_total * 10000)	50	4.361914567080884	0.0325294741542182	0.2316230135230149	0.1975121321475033	0.172653683211642	-0.2249762667294525	0.1753172302201716	True	True	both
gse264667_hepg2_day7	HepG2 day 7	HepG2	ACH-000739	DepMap/Harmonizome cell-line mapping; verified row exists in local CRISPRGeneEffect.csv	NSUN4	51	4976	145473	9624	log1p(raw_counts_per_cell_total * 10000)	50	4.106875156225414	0.031626631854393	0.1923589157628531	0.165460628990506	0.1474753903237551	-0.0350375261920452	0.0468331872860078	True	True	both
gse264667_hepg2_day7	HepG2 day 7	HepG2	ACH-000739	DepMap/Harmonizome cell-line mapping; verified row exists in local CRISPRGeneEffect.csv	NUB1	80	4976	145473	9624	log1p(raw_counts_per_cell_total * 10000)	50	4.627583573392875	0.0328531545775759	0.351245599397581	0.2702795518766729	0.2160883703905178	-0.0735758407136987	0.0250004182578704	True	True	both
gse264667_hepg2_day7	HepG2 day 7	HepG2	ACH-000739	DepMap/Harmonizome cell-line mapping; verified row exists in local CRISPRGeneEffect.csv	NUBP2	60	4976	145473	9624	log1p(raw_counts_per_cell_total * 10000)	50	4.5828283111467965	0.0336831207957449	0.2948077121740686	0.226935608037954	0.1902114642005052	-0.5450410062266776	0.6461548428024976	True	True	both
gse264667_hepg2_day7	HepG2 day 7	HepG2	ACH-000739	DepMap/Harmonizome cell-line mapping; verified row exists in local CRISPRGeneEffect.csv	NUDC	67	4976	145473	9624	log1p(raw_counts_per_cell_total * 10000)	50	6.648782171070093	0.044602213411291	0.5119546378274125	0.4051737940681184	0.3329931034668112	-1.0050548518070197	0.9666793825326702	True	True	both
gse264667_hepg2_day7	HepG2 day 7	HepG2	ACH-000739	DepMap/Harmonizome cell-line mapping; verified row exists in local CRISPRGeneEffect.csv	NUDCD3	172	4976	145473	9624	log1p(raw_counts_per_cell_total * 10000)	50	5.724491558300871	0.0388178558112957	0.404172585832719	0.3269355572791277	0.2726976819716075	-0.8632027628898855	0.9488924073012268	True	True	both
gse264667_hepg2_day7	HepG2 day 7	HepG2	ACH-000739	DepMap/Harmonizome cell-line mapping; verified row exists in local CRISPRGeneEffect.csv	NUP107	137	4976	145473	9624	log1p(raw_counts_per_cell_total * 10000)	50	8.017351215530804	0.0526267227278166	0.5781151348041406	0.4696635064123512	0.3993749423886792	-0.9413346063088645	0.8517689205180872	True	True	both
gse264667_hepg2_day7	HepG2 day 7	HepG2	ACH-000739	DepMap/Harmonizome cell-line mapping; verified row exists in local CRISPRGeneEffect.csv	NUP133	217	4976	145473	9624	log1p(raw_counts_per_cell_total * 10000)	50	4.319347479754422	0.0287722381506756	0.3259719765801914	0.2680414684496038	0.2217758277238996	-1.2298503186706793	0.9712711763254022	True	True	both
gse264667_hepg2_day7	HepG2 day 7	HepG2	ACH-000739	DepMap/Harmonizome cell-line mapping; verified row exists in local CRISPRGeneEffect.csv	NUP153	99	4976	145473	9624	log1p(raw_counts_per_cell_total * 10000)	50	6.022613285912929	0.0403586029130086	0.4574870316934701	0.3665408580494968	0.3024759084787581	-0.6172742931048762	0.5119735214735487	True	True	both
gse264667_hepg2_day7	HepG2 day 7	HepG2	ACH-000739	DepMap/Harmonizome cell-line mapping; verified row exists in local CRISPRGeneEffect.csv	NUP160	59	4976	145473	9624	log1p(raw_counts_per_cell_total * 10000)	50	9.036094397935972	0.0607214958178361	0.6045618276042755	0.4975497184916104	0.4250801437328924	-1.3326026988017532	0.9708388423042892	True	True	both
gse264667_hepg2_day7	HepG2 day 7	HepG2	ACH-000739	DepMap/Harmonizome cell-line mapping; verified row exists in local CRISPRGeneEffect.csv	NUP214	106	4976	145473	9624	log1p(raw_counts_per_cell_total * 10000)	50	4.125206893372968	0.0296826549784528	0.2485654125570267	0.2104560638786448	0.1823732319986676	-1.1070160739730288	0.9534569390822007	True	True	both
gse264667_hepg2_day7	HepG2 day 7	HepG2	ACH-000739	DepMap/Harmonizome cell-line mapping; verified row exists in local CRISPRGeneEffect.csv	NUP35	52	4976	145473	9624	log1p(raw_counts_per_cell_total * 10000)	50	4.734270011860412	0.0360353199066795	0.2485773648608972	0.2043173579773293	0.1777559709054241	-0.2886155190672791	0.2894366813964076	True	True	both
gse264667_hepg2_day7	HepG2 day 7	HepG2	ACH-000739	DepMap/Harmonizome cell-line mapping; verified row exists in local CRISPRGeneEffect.csv	NUP43	67	4976	145473	9624	log1p(raw_counts_per_cell_total * 10000)	50	3.967232767393053	0.0304761849706091	0.1757989983115811	0.1566435614125234	0.1424632998842373	0.0979353864217961	0.0211345517261743	True	True	both
gse264667_hepg2_day7	HepG2 day 7	HepG2	ACH-000739	DepMap/Harmonizome cell-line mapping; verified row exists in local CRISPRGeneEffect.csv	NUP62	51	4976	145473	9624	log1p(raw_counts_per_cell_total * 10000)	50	11.296476261959116	0.0737020995100262	0.8261092453464896	0.6791487309218379	0.572799712474923	-0.5844292674656332	0.549285793200068	True	True	both
gse264667_hepg2_day7	HepG2 day 7	HepG2	ACH-000739	DepMap/Harmonizome cell-line mapping; verified row exists in local CRISPRGeneEffect.csv	NUP85	136	4976	145473	9624	log1p(raw_counts_per_cell_total * 10000)	50	4.588638150987165	0.0316767497844232	0.309316099221232	0.2583209146961713	0.2180885066085875	-1.0862861067520393	0.9655104680939774	True	True	both
gse264667_hepg2_day7	HepG2 day 7	HepG2	ACH-000739	DepMap/Harmonizome cell-line mapping; verified row exists in local CRISPRGeneEffect.csv	NUP88	200	4976	145473	9624	log1p(raw_counts_per_cell_total * 10000)	50	4.686259339232867	0.0310951235455017	0.3363163876481939	0.2743161215298021	0.2342957479721067	-1.2142302598030443	0.9677769507520214	True	True	both
gse264667_hepg2_day7	HepG2 day 7	HepG2	ACH-000739	DepMap/Harmonizome cell-line mapping; verified row exists in local CRISPRGeneEffect.csv	NUP98	136	4976	145473	9624	log1p(raw_counts_per_cell_total * 10000)	50	10.951659081871242	0.0678608803887484	0.8525576919285186	0.690611900304618	0.5785679624405541	-0.869675774165171	0.8980844666499472	True	True	both
gse264667_hepg2_day7	HepG2 day 7	HepG2	ACH-000739	DepMap/Harmonizome cell-line mapping; verified row exists in local CRISPRGeneEffect.csv	NUTF2	101	4976	145473	9624	log1p(raw_counts_per_cell_total * 10000)	50	7.006776742556186	0.0473286054887137	0.4812775807628394	0.3930962317034671	0.3339815115681152	-1.9046960630560887	0.9998845779622636	True	True	both
gse264667_hepg2_day7	HepG2 day 7	HepG2	ACH-000739	DepMap/Harmonizome cell-line mapping; verified row exists in local CRISPRGeneEffect.csv	NVL	73	4976	145473	9624	log1p(raw_counts_per_cell_total * 10000)	50	11.731254603835923	0.0713019576333378	0.9568635035463136	0.8005294310204282	0.6602873312356072	-1.2688189502770648	0.9758997744574552	True	True	both
gse264667_hepg2_day7	HepG2 day 7	HepG2	ACH-000739	DepMap/Harmonizome cell-line mapping; verified row exists in local CRISPRGeneEffect.csv	NXF1	79	4976	145473	9624	log1p(raw_counts_per_cell_total * 10000)	50	3.74776790804017	0.0281303741034398	0.1938453079093504	0.1650655174740254	0.145527967361545	-1.064622640801136	0.9604657157897885	True	True	both
gse264667_hepg2_day7	HepG2 day 7	HepG2	ACH-000739	DepMap/Harmonizome cell-line mapping; verified row exists in local CRISPRGeneEffect.csv	OGFOD1	58	4976	145473	9624	log1p(raw_counts_per_cell_total * 10000)	50	6.028741117844853	0.0436793733014404	0.3340440064715769	0.2846061913079925	0.2512722411418711	0.05430122743591	0.0205438914792461	True	True	both
gse264667_hepg2_day7	HepG2 day 7	HepG2	ACH-000739	DepMap/Harmonizome cell-line mapping; verified row exists in local CRISPRGeneEffect.csv	OLFML3	76	4976	145473	9624	log1p(raw_counts_per_cell_total * 10000)	50	3.872103461430661	0.0293391044289105	0.2072443368179412	0.1687737847997399	0.1474632154758977	-0.3681460177488619	0.3635339126516654	True	True	both
gse264667_hepg2_day7	HepG2 day 7	HepG2	ACH-000739	DepMap/Harmonizome cell-line mapping; verified row exists in local CRISPRGeneEffect.csv	OR1E2	72	4976	145473	9624	log1p(raw_counts_per_cell_total * 10000)	50	3.8788270401058367	0.0296003787126518	0.1773394064123886	0.1594622225347352	0.1426722168829907	-0.4409108752749137	0.4779739089008195	True	True	both
gse264667_hepg2_day7	HepG2 day 7	HepG2	ACH-000739	DepMap/Harmonizome cell-line mapping; verified row exists in local CRISPRGeneEffect.csv	ORC1	67	4976	145473	9624	log1p(raw_counts_per_cell_total * 10000)	50	8.233687981726307	0.0544575281135953	0.6016857494175107	0.489449799180233	0.4127232066743248	-1.0504871012627155	0.9436292167151292	True	True	both
gse264667_hepg2_day7	HepG2 day 7	HepG2	ACH-000739	DepMap/Harmonizome cell-line mapping; verified row exists in local CRISPRGeneEffect.csv	ORC4	51	4976	145473	9624	log1p(raw_counts_per_cell_total * 10000)	50	4.520808812733232	0.0345359438034465	0.221632665390405	0.1884197760093305	0.1668145707776613	-0.3357204535443536	0.1029554075082441	True	True	both
gse264667_hepg2_day7	HepG2 day 7	HepG2	ACH-000739	DepMap/Harmonizome cell-line mapping; verified row exists in local CRISPRGeneEffect.csv	ORC5	64	4976	145473	9624	log1p(raw_counts_per_cell_total * 10000)	50	4.030019376814966	0.0306581162539798	0.2041388292364937	0.1683641188377904	0.1478695533169849	-0.2565486164363759	0.075496478110607	True	True	both
gse264667_hepg2_day7	HepG2 day 7	HepG2	ACH-000739	DepMap/Harmonizome cell-line mapping; verified row exists in local CRISPRGeneEffect.csv	ORC6	52	4976	145473	9624	log1p(raw_counts_per_cell_total * 10000)	50	6.741403359323425	0.0469199715359573	0.4669887056554644	0.3789558130040333	0.3170440447035736	-1.9360228158785435	0.9999830825859892	True	True	both
gse264667_hepg2_day7	HepG2 day 7	HepG2	ACH-000739	DepMap/Harmonizome cell-line mapping; verified row exists in local CRISPRGeneEffect.csv	OTOP1	55	4976	145473	9624	log1p(raw_counts_per_cell_total * 10000)	50	4.12866067367454	0.0317451278475784	0.1870176517052273	0.162522495672704	0.1467078710097457	-0.2270781384985759	0.2086635724757462	True	True	both
gse264667_hepg2_day7	HepG2 day 7	HepG2	ACH-000739	DepMap/Harmonizome cell-line mapping; verified row exists in local CRISPRGeneEffect.csv	OTX1	50	4976	145473	9624	log1p(raw_counts_per_cell_total * 10000)	50	4.4712532102854015	0.0340296492143	0.2221933904855491	0.1896070747471028	0.1671303691226306	0.0176730855179967	0.0523031983355421	True	True	both
gse264667_hepg2_day7	HepG2 day 7	HepG2	ACH-000739	DepMap/Harmonizome cell-line mapping; verified row exists in local CRISPRGeneEffect.csv	PABPC1	66	4976	145473	9624	log1p(raw_counts_per_cell_total * 10000)	50	15.417242697459873	0.098315152070376	0.9803843446552992	0.8425155098976244	0.7429560706114167	-0.7514506472775964	0.930320147654604	True	True	both
gse264667_hepg2_day7	HepG2 day 7	HepG2	ACH-000739	DepMap/Harmonizome cell-line mapping; verified row exists in local CRISPRGeneEffect.csv	PABPC4	69	4976	145473	9624	log1p(raw_counts_per_cell_total * 10000)	50	5.243032446806368	0.0355231592213524	0.449873207432528	0.3161252044474983	0.2488761216610751	-0.1797564410946512	0.0426066902546935	True	True	both
gse264667_hepg2_day7	HepG2 day 7	HepG2	ACH-000739	DepMap/Harmonizome cell-line mapping; verified row exists in local CRISPRGeneEffect.csv	PABPN1	62	4976	145473	9624	log1p(raw_counts_per_cell_total * 10000)	50	7.680577109325727	0.0513976905664972	0.5716069750757053	0.4485037229558024	0.3777876646364912	-1.0314776462307715	0.9615407960755018	True	True	both
gse264667_hepg2_day7	HepG2 day 7	HepG2	ACH-000739	DepMap/Harmonizome cell-line mapping; verified row exists in local CRISPRGeneEffect.csv	PAM16	60	4976	145473	9624	log1p(raw_counts_per_cell_total * 10000)	50	11.37348201697795	0.0694513592442597	0.8885362320557079	0.7314543070345778	0.614035844481049	-1.3896768174180016	0.9978986587988984	True	True	both
gse264667_hepg2_day7	HepG2 day 7	HepG2	ACH-000739	DepMap/Harmonizome cell-line mapping; verified row exists in local CRISPRGeneEffect.csv	PARN	94	4976	145473	9624	log1p(raw_counts_per_cell_total * 10000)	50	3.482179412362357	0.0265620980942142	0.1621267409321746	0.143076594226412	0.1277357224309934	-0.2550596444517946	0.2722492950391036	True	True	both
gse264667_hepg2_day7	HepG2 day 7	HepG2	ACH-000739	DepMap/Harmonizome cell-line mapping; verified row exists in local CRISPRGeneEffect.csv	PARS2	66	4976	145473	9624	log1p(raw_counts_per_cell_total * 10000)	50	4.566352494318842	0.033499268924781	0.2830771236982313	0.2225153710448189	0.1884021256224795	-0.7173351244615718	0.9224816907929428	True	True	both
gse264667_hepg2_day7	HepG2 day 7	HepG2	ACH-000739	DepMap/Harmonizome cell-line mapping; verified row exists in local CRISPRGeneEffect.csv	PAXBP1	78	4976	145473	9624	log1p(raw_counts_per_cell_total * 10000)	50	7.076918347206164	0.0479723826203458	0.4876591069817076	0.3919837282222694	0.3330467483506164	-1.2049000334910367	0.9865441021862684	True	True	both
gse264667_hepg2_day7	HepG2 day 7	HepG2	ACH-000739	DepMap/Harmonizome cell-line mapping; verified row exists in local CRISPRGeneEffect.csv	PC	64	4976	145473	9624	log1p(raw_counts_per_cell_total * 10000)	50	4.0344659319962535	0.0308986018001412	0.1934312360162451	0.1646839373384923	0.1461848041960532	-0.6231877009287279	0.811167167797758	True	True	both
gse264667_hepg2_day7	HepG2 day 7	HepG2	ACH-000739	DepMap/Harmonizome cell-line mapping; verified row exists in local CRISPRGeneEffect.csv	PCBP1	75	4976	145473	9624	log1p(raw_counts_per_cell_total * 10000)	50	7.173628331772526	0.0474741793135097	0.5601252550727049	0.4468898487973519	0.3636435970128102	-2.0769071331243896	1.0	True	True	both
gse264667_hepg2_day7	HepG2 day 7	HepG2	ACH-000739	DepMap/Harmonizome cell-line mapping; verified row exists in local CRISPRGeneEffect.csv	PCBP2	96	4976	145473	9624	log1p(raw_counts_per_cell_total * 10000)	50	3.5627319436687324	0.0264431391888965	0.2111044393643229	0.1665017172755895	0.1419325230971012	-2.294884308453764	1.0	True	True	both
gse264667_hepg2_day7	HepG2 day 7	HepG2	ACH-000739	DepMap/Harmonizome cell-line mapping; verified row exists in local CRISPRGeneEffect.csv	PCID2	67	4976	145473	9624	log1p(raw_counts_per_cell_total * 10000)	50	4.2441781343502205	0.0318867195013222	0.2061265853833171	0.1811323617436578	0.1629481851948913	-1.132095359576079	0.9603319247513844	True	True	both
gse264667_hepg2_day7	HepG2 day 7	HepG2	ACH-000739	DepMap/Harmonizome cell-line mapping; verified row exists in local CRISPRGeneEffect.csv	PCNA	86	4976	145473	9624	log1p(raw_counts_per_cell_total * 10000)	50	10.8472727703792	0.0681396600115906	0.8684194800179098	0.6681073450558922	0.5588249163497703	-1.9497167447947568	1.0	True	True	both
gse264667_hepg2_day7	HepG2 day 7	HepG2	ACH-000739	DepMap/Harmonizome cell-line mapping; verified row exists in local CRISPRGeneEffect.csv	PCNX3	62	4976	145473	9624	log1p(raw_counts_per_cell_total * 10000)	50	4.105676881566756	0.0315803655341971	0.1879003791084554	0.1649564105986912	0.1481738479416911	-0.366311654273617	0.2559341383164695	True	True	both
gse264667_hepg2_day7	HepG2 day 7	HepG2	ACH-000739	DepMap/Harmonizome cell-line mapping; verified row exists in local CRISPRGeneEffect.csv	PDCD11	133	4976	145473	9624	log1p(raw_counts_per_cell_total * 10000)	50	12.241450107715902	0.0724282244023076	1.016239246179463	0.8359758150296891	0.6899036172052972	-1.0113860573374422	0.9651012775708638	True	True	both
gse264667_hepg2_day7	HepG2 day 7	HepG2	ACH-000739	DepMap/Harmonizome cell-line mapping; verified row exists in local CRISPRGeneEffect.csv	PDCD5	94	4976	145473	9624	log1p(raw_counts_per_cell_total * 10000)	50	4.002978418704323	0.0283539044408747	0.3088622731368802	0.2219268425049337	0.1774176937442223	0.0418204852337844	0.0253941065690317	True	True	both
gse264667_hepg2_day7	HepG2 day 7	HepG2	ACH-000739	DepMap/Harmonizome cell-line mapping; verified row exists in local CRISPRGeneEffect.csv	PDCD6IP	79	4976	145473	9624	log1p(raw_counts_per_cell_total * 10000)	50	3.677829285444514	0.0281325594318669	0.188701594683101	0.1561780757954501	0.1367128041686252	-0.6690687894870485	0.8591216896917241	True	True	both
gse264667_hepg2_day7	HepG2 day 7	HepG2	ACH-000739	DepMap/Harmonizome cell-line mapping; verified row exists in local CRISPRGeneEffect.csv	PDHA1	59	4976	145473	9624	log1p(raw_counts_per_cell_total * 10000)	50	4.581977367462732	0.0339236601598332	0.2656571732294482	0.2150230491851826	0.1853367474036084	0.0548014875854369	0.0200806303993855	True	True	both
gse264667_hepg2_day7	HepG2 day 7	HepG2	ACH-000739	DepMap/Harmonizome cell-line mapping; verified row exists in local CRISPRGeneEffect.csv	PDRG1	52	4976	145473	9624	log1p(raw_counts_per_cell_total * 10000)	50	7.762761705139783	0.055687726222573	0.4152826454510349	0.3654482938024101	0.3239432174058432	-1.4116729555979215	0.9999926830548054	True	True	both
gse264667_hepg2_day7	HepG2 day 7	HepG2	ACH-000739	DepMap/Harmonizome cell-line mapping; verified row exists in local CRISPRGeneEffect.csv	PELO	59	4976	145473	9624	log1p(raw_counts_per_cell_total * 10000)	50	4.084928962790848	0.0311797584114892	0.1912166324159881	0.1683359507538473	0.1516485732822046	-0.6491599020697001	0.8314020117878347	True	True	both
gse264667_hepg2_day7	HepG2 day 7	HepG2	ACH-000739	DepMap/Harmonizome cell-line mapping; verified row exists in local CRISPRGeneEffect.csv	PELP1	84	4976	145473	9624	log1p(raw_counts_per_cell_total * 10000)	50	11.154691354084266	0.0681332790499355	0.935905116433269	0.7463669954064082	0.622245564865886	-1.072129479045884	0.9885596063978276	True	True	both
gse264667_hepg2_day7	HepG2 day 7	HepG2	ACH-000739	DepMap/Harmonizome cell-line mapping; verified row exists in local CRISPRGeneEffect.csv	PES1	84	4976	145473	9624	log1p(raw_counts_per_cell_total * 10000)	50	11.421041821477433	0.06917898477369	0.952053482945464	0.778389797982697	0.6399619480666257	-1.0822561749062831	0.962215501219506	True	True	both
gse264667_hepg2_day7	HepG2 day 7	HepG2	ACH-000739	DepMap/Harmonizome cell-line mapping; verified row exists in local CRISPRGeneEffect.csv	PET117	51	4976	145473	9624	log1p(raw_counts_per_cell_total * 10000)	50	5.042366248937924	0.0378539246653591	0.2355948273754346	0.2130138502086737	0.1914617993240904	0.047182351605824	0.176079111383205	True	True	both
gse264667_hepg2_day7	HepG2 day 7	HepG2	ACH-000739	DepMap/Harmonizome cell-line mapping; verified row exists in local CRISPRGeneEffect.csv	PEX19	51	4976	145473	9624	log1p(raw_counts_per_cell_total * 10000)	50	5.55756388456958	0.0413957803212837	0.2908079145615969	0.2423999881167482	0.2129010552478374	0.0300422251875951	0.0198856048025683	True	True	both
gse264667_hepg2_day7	HepG2 day 7	HepG2	ACH-000739	DepMap/Harmonizome cell-line mapping; verified row exists in local CRISPRGeneEffect.csv	PFN1	74	4976	145473	9624	log1p(raw_counts_per_cell_total * 10000)	50	4.801438395433323	0.0316311425818881	0.3601674570628305	0.2516758546694743	0.2002075466309761	-0.89123131876845	0.9495956456802817	True	True	both
gse264667_hepg2_day7	HepG2 day 7	HepG2	ACH-000739	DepMap/Harmonizome cell-line mapping; verified row exists in local CRISPRGeneEffect.csv	PGAM5	50	4976	145473	9624	log1p(raw_counts_per_cell_total * 10000)	50	5.768972194082435	0.0407674628257101	0.4022164947233849	0.3252177317042058	0.2703972629638293	0.0812732422036952	0.0094329647386243	True	True	both
gse264667_hepg2_day7	HepG2 day 7	HepG2	ACH-000739	DepMap/Harmonizome cell-line mapping; verified row exists in local CRISPRGeneEffect.csv	PGK1	65	4976	145473	9624	log1p(raw_counts_per_cell_total * 10000)	50	4.013857004664424	0.0295518183129872	0.2141878962929637	0.1684389916274612	0.1452213452386785	0.3659628929405781	0.0033810039125907	True	True	both
gse264667_hepg2_day7	HepG2 day 7	HepG2	ACH-000739	DepMap/Harmonizome cell-line mapping; verified row exists in local CRISPRGeneEffect.csv	PHAX	97	4976	145473	9624	log1p(raw_counts_per_cell_total * 10000)	50	5.583071611491186	0.0389564270415226	0.3364740487084994	0.2849027518486491	0.2482124183493561	-1.1122887061782354	0.968812430664058	True	True	both
gse264667_hepg2_day7	HepG2 day 7	HepG2	ACH-000739	DepMap/Harmonizome cell-line mapping; verified row exists in local CRISPRGeneEffect.csv	PHB2	57	4976	145473	9624	log1p(raw_counts_per_cell_total * 10000)	50	13.887647965150585	0.0832926009411413	1.2086516139365413	0.9338612040939256	0.7697158740761655	-2.374100712940011	1.0	True	True	both
gse264667_hepg2_day7	HepG2 day 7	HepG2	ACH-000739	DepMap/Harmonizome cell-line mapping; verified row exists in local CRISPRGeneEffect.csv	PHF10	79	4976	145473	9624	log1p(raw_counts_per_cell_total * 10000)	50	8.343107739811709	0.0546256554628453	0.6447410367485623	0.5223987459306692	0.4301965634588899	-0.0761673737147547	0.0482303287642753	True	True	both
gse264667_hepg2_day7	HepG2 day 7	HepG2	ACH-000739	DepMap/Harmonizome cell-line mapping; verified row exists in local CRISPRGeneEffect.csv	PHF5A	58	4976	145473	9624	log1p(raw_counts_per_cell_total * 10000)	50	6.964918836229944	0.0482221865369491	0.4368340783440778	0.3753431492080669	0.3267249335113885	-2.3789055113287665	1.0	True	True	both
gse264667_hepg2_day7	HepG2 day 7	HepG2	ACH-000739	DepMap/Harmonizome cell-line mapping; verified row exists in local CRISPRGeneEffect.csv	PI4KA	219	4976	145473	9624	log1p(raw_counts_per_cell_total * 10000)	50	3.361387513266069	0.0226008345505281	0.2550286832021026	0.2147831697873256	0.1795598675694566	-0.4868736789217114	0.6861298297856564	True	True	both
gse264667_hepg2_day7	HepG2 day 7	HepG2	ACH-000739	DepMap/Harmonizome cell-line mapping; verified row exists in local CRISPRGeneEffect.csv	PIAS1	50	4976	145473	9624	log1p(raw_counts_per_cell_total * 10000)	50	4.97392831313135	0.0373410622867578	0.2614520122601121	0.220972175879114	0.1921542331823181	-0.510961365788756	0.6763223008899302	True	True	both
gse264667_hepg2_day7	HepG2 day 7	HepG2	ACH-000739	DepMap/Harmonizome cell-line mapping; verified row exists in local CRISPRGeneEffect.csv	PIAS4	70	4976	145473	9624	log1p(raw_counts_per_cell_total * 10000)	50	6.161529044393986	0.0418447475890031	0.465738190937264	0.3667708052430485	0.302876694785718	-0.1617438615562063	0.0695886041218235	True	True	both
gse264667_hepg2_day7	HepG2 day 7	HepG2	ACH-000739	DepMap/Harmonizome cell-line mapping; verified row exists in local CRISPRGeneEffect.csv	PITRM1	78	4976	145473	9624	log1p(raw_counts_per_cell_total * 10000)	50	3.998786493606593	0.0292411798746789	0.2807663067061648	0.2052509290365801	0.1669255514214217	-0.1576239423174624	0.0508163349060161	True	True	both
gse264667_hepg2_day7	HepG2 day 7	HepG2	ACH-000739	DepMap/Harmonizome cell-line mapping; verified row exists in local CRISPRGeneEffect.csv	PKM	85	4976	145473	9624	log1p(raw_counts_per_cell_total * 10000)	50	3.821107090730413	0.0276323365624749	0.2493308046335487	0.1799051490979625	0.1481928087768531	-0.0725873241324926	0.041350502435711	True	True	both
gse264667_hepg2_day7	HepG2 day 7	HepG2	ACH-000739	DepMap/Harmonizome cell-line mapping; verified row exists in local CRISPRGeneEffect.csv	PLK4	207	4976	145473	9624	log1p(raw_counts_per_cell_total * 10000)	50	4.36535068660206	0.0291070457107125	0.3130396673621966	0.2571275300539906	0.216543911285742	-1.1059971109625446	0.9538041814898388	True	True	both
gse264667_hepg2_day7	HepG2 day 7	HepG2	ACH-000739	DepMap/Harmonizome cell-line mapping; verified row exists in local CRISPRGeneEffect.csv	PMF1	124	4976	145473	9624	log1p(raw_counts_per_cell_total * 10000)	50	6.068982937849777	0.0399454473152756	0.4617121863128797	0.3669215621757565	0.3054304087193868	-1.3465300734155443	0.9761256968689934	True	True	both
gse264667_hepg2_day7	HepG2 day 7	HepG2	ACH-000739	DepMap/Harmonizome cell-line mapping; verified row exists in local CRISPRGeneEffect.csv	PMPCA	51	4976	145473	9624	log1p(raw_counts_per_cell_total * 10000)	50	6.903182069505036	0.0472199049085987	0.4873444129718091	0.4022609978799567	0.3372599306624593	-1.263647566273398	0.9794296661885848	True	True	both
gse264667_hepg2_day7	HepG2 day 7	HepG2	ACH-000739	DepMap/Harmonizome cell-line mapping; verified row exists in local CRISPRGeneEffect.csv	PMPCB	126	4976	145473	9624	log1p(raw_counts_per_cell_total * 10000)	50	7.622043870945689	0.0467197857851154	0.6009084588703446	0.5082297241729904	0.4193468630202557	-1.3432304995166755	0.9741079775155757	True	True	both
gse264667_hepg2_day7	HepG2 day 7	HepG2	ACH-000739	DepMap/Harmonizome cell-line mapping; verified row exists in local CRISPRGeneEffect.csv	PNN	170	4976	145473	9624	log1p(raw_counts_per_cell_total * 10000)	50	7.133313088039083	0.0442432084783169	0.6136812619770813	0.4962983637443652	0.4020280389585839	-0.908464551075486	0.8441702289742656	True	True	both
gse264667_hepg2_day7	HepG2 day 7	HepG2	ACH-000739	DepMap/Harmonizome cell-line mapping; verified row exists in local CRISPRGeneEffect.csv	PNO1	54	4976	145473	9624	log1p(raw_counts_per_cell_total * 10000)	50	11.188162152990792	0.0710955858313414	0.8767559291213193	0.7155651521341175	0.5953663680144764	-0.908526145979072	0.5070099809196575	True	True	both
gse264667_hepg2_day7	HepG2 day 7	HepG2	ACH-000739	DepMap/Harmonizome cell-line mapping; verified row exists in local CRISPRGeneEffect.csv	POGLUT3	386	4976	145473	9624	log1p(raw_counts_per_cell_total * 10000)	50	1.883549505976813	0.0140193275089788	0.1140905788205115	0.090140415755306	0.076138449321802	0.0039502470759588	0.0299893620222089	True	True	both
gse264667_hepg2_day7	HepG2 day 7	HepG2	ACH-000739	DepMap/Harmonizome cell-line mapping; verified row exists in local CRISPRGeneEffect.csv	POLA1	58	4976	145473	9624	log1p(raw_counts_per_cell_total * 10000)	50	10.78867927930539	0.0698564063501329	0.8548048538388091	0.663654493624298	0.5527200235973955	-1.059943899580743	0.958564477735828	True	True	both
gse264667_hepg2_day7	HepG2 day 7	HepG2	ACH-000739	DepMap/Harmonizome cell-line mapping; verified row exists in local CRISPRGeneEffect.csv	POLL	85	4976	145473	9624	log1p(raw_counts_per_cell_total * 10000)	50	7.847610255482063	0.0496700927669282	0.6029518889243084	0.4945413683254204	0.4211525801983118	-0.0601603002077582	0.0451833541218127	True	True	both
gse264667_hepg2_day7	HepG2 day 7	HepG2	ACH-000739	DepMap/Harmonizome cell-line mapping; verified row exists in local CRISPRGeneEffect.csv	POLR1C	188	4976	145473	9624	log1p(raw_counts_per_cell_total * 10000)	50	2.814923976957396	0.0204108193391542	0.1798254381237192	0.1472379698729979	0.123473422570431	-1.8640495138873767	1.0	True	True	both
gse264667_hepg2_day7	HepG2 day 7	HepG2	ACH-000739	DepMap/Harmonizome cell-line mapping; verified row exists in local CRISPRGeneEffect.csv	POLR1D	63	4976	145473	9624	log1p(raw_counts_per_cell_total * 10000)	50	9.555311447164591	0.0597005292872164	0.7844489965400085	0.6373616184381006	0.5244005038606155	-0.6267848216265178	0.2858419947533235	True	True	both
gse264667_hepg2_day7	HepG2 day 7	HepG2	ACH-000739	DepMap/Harmonizome cell-line mapping; verified row exists in local CRISPRGeneEffect.csv	POLR1E	112	4976	145473	9624	log1p(raw_counts_per_cell_total * 10000)	50	10.057341544997133	0.0606178144367631	0.8207421713208134	0.6848808766133803	0.5686364749569652	-0.6371545386782742	0.8314211894611921	True	True	both
gse264667_hepg2_day7	HepG2 day 7	HepG2	ACH-000739	DepMap/Harmonizome cell-line mapping; verified row exists in local CRISPRGeneEffect.csv	POLR2B	133	4976	145473	9624	log1p(raw_counts_per_cell_total * 10000)	50	11.447091731005274	0.0731617220637245	0.7939263791112132	0.6747668489482228	0.5774083606543625	-2.134598513631364	1.0	True	True	both
gse264667_hepg2_day7	HepG2 day 7	HepG2	ACH-000739	DepMap/Harmonizome cell-line mapping; verified row exists in local CRISPRGeneEffect.csv	POLR2C	66	4976	145473	9624	log1p(raw_counts_per_cell_total * 10000)	50	12.833030237936953	0.0840782300198675	0.8494369486488156	0.7273485455066493	0.6281519452885174	-2.300195334017668	1.0	True	True	both
gse264667_hepg2_day7	HepG2 day 7	HepG2	ACH-000739	DepMap/Harmonizome cell-line mapping; verified row exists in local CRISPRGeneEffect.csv	POLR2D	91	4976	145473	9624	log1p(raw_counts_per_cell_total * 10000)	50	9.257122931581128	0.0618525899627203	0.6049181118119359	0.5177077834837281	0.4470708708706092	-1.8028487358083696	0.9999415369102224	True	True	both
gse264667_hepg2_day7	HepG2 day 7	HepG2	ACH-000739	DepMap/Harmonizome cell-line mapping; verified row exists in local CRISPRGeneEffect.csv	POLR2E	143	4976	145473	9624	log1p(raw_counts_per_cell_total * 10000)	50	11.932876614863185	0.0748394871608176	0.8518525554392035	0.7241871535600741	0.6146299148330228	-1.6766185233743478	1.0	True	True	both
gse264667_hepg2_day7	HepG2 day 7	HepG2	ACH-000739	DepMap/Harmonizome cell-line mapping; verified row exists in local CRISPRGeneEffect.csv	POLR2F	80	4976	145473	9624	log1p(raw_counts_per_cell_total * 10000)	50	8.98383004167973	0.0604495689969846	0.5970462683212294	0.5006691505857758	0.4327821736840704	-1.9491923658574688	0.9998878167510068	True	True	both
gse264667_hepg2_day7	HepG2 day 7	HepG2	ACH-000739	DepMap/Harmonizome cell-line mapping; verified row exists in local CRISPRGeneEffect.csv	POLR2I	140	4976	145473	9624	log1p(raw_counts_per_cell_total * 10000)	50	13.795022516711544	0.0889314274949158	0.944161771407762	0.7826351765206064	0.6703607589299857	-1.6712168464626789	0.9999999999999848	True	True	both
gse264667_hepg2_day7	HepG2 day 7	HepG2	ACH-000739	DepMap/Harmonizome cell-line mapping; verified row exists in local CRISPRGeneEffect.csv	POLR2K	97	4976	145473	9624	log1p(raw_counts_per_cell_total * 10000)	50	11.039654446963835	0.0727356042726899	0.7232085875236145	0.619784154290711	0.5330754255879844	-1.0221083040279966	0.942029322019233	True	True	both
gse264667_hepg2_day7	HepG2 day 7	HepG2	ACH-000739	DepMap/Harmonizome cell-line mapping; verified row exists in local CRISPRGeneEffect.csv	POLR2M	80	4976	145473	9624	log1p(raw_counts_per_cell_total * 10000)	50	5.247400792033257	0.0360370748314744	0.4402401980800087	0.325943072131838	0.2589164407870394	-0.554486044073321	0.6165457429155315	True	True	both
gse264667_hepg2_day7	HepG2 day 7	HepG2	ACH-000739	DepMap/Harmonizome cell-line mapping; verified row exists in local CRISPRGeneEffect.csv	POLR3B	51	4976	145473	9624	log1p(raw_counts_per_cell_total * 10000)	50	7.538650423404054	0.0524750543535285	0.514261166637898	0.4183308743329226	0.3531417732222747	-1.9299422852908688	1.0	True	True	both
gse264667_hepg2_day7	HepG2 day 7	HepG2	ACH-000739	DepMap/Harmonizome cell-line mapping; verified row exists in local CRISPRGeneEffect.csv	POLR3D	56	4976	145473	9624	log1p(raw_counts_per_cell_total * 10000)	50	8.849786439288774	0.0589632967777059	0.6280763586276465	0.5201877649543705	0.4432953198481313	-0.4328677471248419	0.3580826149824541	True	True	both
gse264667_hepg2_day7	HepG2 day 7	HepG2	ACH-000739	DepMap/Harmonizome cell-line mapping; verified row exists in local CRISPRGeneEffect.csv	POLR3E	54	4976	145473	9624	log1p(raw_counts_per_cell_total * 10000)	50	4.877136266604022	0.0363394408259051	0.2625444556641401	0.2184645802504319	0.1919698797619009	-0.7073061445303249	0.8920059084429821	True	True	both
gse264667_hepg2_day7	HepG2 day 7	HepG2	ACH-000739	DepMap/Harmonizome cell-line mapping; verified row exists in local CRISPRGeneEffect.csv	POLR3F	56	4976	145473	9624	log1p(raw_counts_per_cell_total * 10000)	50	5.556819929182596	0.0399378440142456	0.3192578959303361	0.2700281192460018	0.2361256700674081	-1.381157370525041	0.9782069263330926	True	True	both
gse264667_hepg2_day7	HepG2 day 7	HepG2	ACH-000739	DepMap/Harmonizome cell-line mapping; verified row exists in local CRISPRGeneEffect.csv	POLRMT	65	4976	145473	9624	log1p(raw_counts_per_cell_total * 10000)	50	7.79414162933287	0.0422772581592664	1.0332874451456495	0.5774185351956149	0.4003883710532896	-0.7758610253035849	0.921737038578555	True	True	both
gse264667_hepg2_day7	HepG2 day 7	HepG2	ACH-000739	DepMap/Harmonizome cell-line mapping; verified row exists in local CRISPRGeneEffect.csv	POP1	58	4976	145473	9624	log1p(raw_counts_per_cell_total * 10000)	50	10.01573807294636	0.0629366795670484	0.8150526516902381	0.6578641476084005	0.5437861807128463	-1.1003057433948589	0.951772688259681	True	True	both
gse264667_hepg2_day7	HepG2 day 7	HepG2	ACH-000739	DepMap/Harmonizome cell-line mapping; verified row exists in local CRISPRGeneEffect.csv	POP4	82	4976	145473	9624	log1p(raw_counts_per_cell_total * 10000)	50	10.018251828466106	0.0622129746700979	0.7999385401999785	0.6417614053812187	0.5362255776993642	-0.9601187030733574	0.90139766688304	True	True	both
gse264667_hepg2_day7	HepG2 day 7	HepG2	ACH-000739	DepMap/Harmonizome cell-line mapping; verified row exists in local CRISPRGeneEffect.csv	POP5	93	4976	145473	9624	log1p(raw_counts_per_cell_total * 10000)	50	5.953587880798397	0.0395188202926628	0.4553723775698292	0.3677206200434188	0.3075411031119431	-1.74257175526304	1.0	True	True	both
gse264667_hepg2_day7	HepG2 day 7	HepG2	ACH-000739	DepMap/Harmonizome cell-line mapping; verified row exists in local CRISPRGeneEffect.csv	POP7	62	4976	145473	9624	log1p(raw_counts_per_cell_total * 10000)	50	9.223158005795936	0.0591639694469638	0.7090676331649467	0.5809809890066729	0.4893350402667561	-0.749663494494133	0.8386556434244244	True	True	both
gse264667_hepg2_day7	HepG2 day 7	HepG2	ACH-000739	DepMap/Harmonizome cell-line mapping; verified row exists in local CRISPRGeneEffect.csv	POU3F1	167	4976	145473	9624	log1p(raw_counts_per_cell_total * 10000)	50	4.61398524180193	0.0296232849498926	0.418666102202041	0.3007015565637679	0.2367338673095064	-0.127911989111284	0.0458820811155641	True	True	both
gse264667_hepg2_day7	HepG2 day 7	HepG2	ACH-000739	DepMap/Harmonizome cell-line mapping; verified row exists in local CRISPRGeneEffect.csv	PPA1	57	4976	145473	9624	log1p(raw_counts_per_cell_total * 10000)	50	4.793737287944378	0.0347451810708283	0.3041278912346042	0.2340402495936853	0.1959420274390595	-0.7117248492400808	0.8942825152034681	True	True	both
gse264667_hepg2_day7	HepG2 day 7	HepG2	ACH-000739	DepMap/Harmonizome cell-line mapping; verified row exists in local CRISPRGeneEffect.csv	PPIA	51	4976	145473	9624	log1p(raw_counts_per_cell_total * 10000)	50	5.314984439892712	0.036877556546573	0.3472558918513964	0.2460510515355847	0.2027489108767072	-0.6116352850410091	0.69055415866256	True	True	both
gse264667_hepg2_day7	HepG2 day 7	HepG2	ACH-000739	DepMap/Harmonizome cell-line mapping; verified row exists in local CRISPRGeneEffect.csv	PPIL2	59	4976	145473	9624	log1p(raw_counts_per_cell_total * 10000)	50	8.446112603994248	0.0550763031136516	0.640829808312094	0.5215996493249392	0.4353899189291305	-1.5723733568143483	0.981190427247004	True	True	both
gse264667_hepg2_day7	HepG2 day 7	HepG2	ACH-000739	DepMap/Harmonizome cell-line mapping; verified row exists in local CRISPRGeneEffect.csv	PPP1R2	104	4976	145473	9624	log1p(raw_counts_per_cell_total * 10000)	50	3.992007197906631	0.0290917438698703	0.2497019252129465	0.2025806672058929	0.1719942955155434	-0.0150069354623161	0.2641870842416056	True	True	both
gse264667_hepg2_day7	HepG2 day 7	HepG2	ACH-000739	DepMap/Harmonizome cell-line mapping; verified row exists in local CRISPRGeneEffect.csv	PPP1R37	284	4976	145473	9624	log1p(raw_counts_per_cell_total * 10000)	50	2.0995513600974034	0.0157767540624488	0.115392703427238	0.0971727358143018	0.082423638327964	-0.1594452324718994	0.0781153360371532	True	True	both
gse264667_hepg2_day7	HepG2 day 7	HepG2	ACH-000739	DepMap/Harmonizome cell-line mapping; verified row exists in local CRISPRGeneEffect.csv	PPP1R8	69	4976	145473	9624	log1p(raw_counts_per_cell_total * 10000)	50	5.287137035480483	0.0380931370544238	0.3285898463933408	0.2666610123828062	0.2271631253693578	-1.0891176092152652	0.9691862044613806	True	True	both
gse264667_hepg2_day7	HepG2 day 7	HepG2	ACH-000739	DepMap/Harmonizome cell-line mapping; verified row exists in local CRISPRGeneEffect.csv	PPP2CA	89	4976	145473	9624	log1p(raw_counts_per_cell_total * 10000)	50	3.666880003232045	0.0278468598729516	0.200555403107273	0.1651365392990627	0.1429937724566284	-0.5842564355676136	0.7622675307819626	True	True	both
gse264667_hepg2_day7	HepG2 day 7	HepG2	ACH-000739	DepMap/Harmonizome cell-line mapping; verified row exists in local CRISPRGeneEffect.csv	PPP2CB	67	4976	145473	9624	log1p(raw_counts_per_cell_total * 10000)	50	4.367365026154371	0.0326545028414755	0.2451615411947912	0.205263634451063	0.176465751016038	0.1827486811609351	0.008602091000032	True	True	both
gse264667_hepg2_day7	HepG2 day 7	HepG2	ACH-000739	DepMap/Harmonizome cell-line mapping; verified row exists in local CRISPRGeneEffect.csv	PPP2R1A	198	4976	145473	9624	log1p(raw_counts_per_cell_total * 10000)	50	3.349117076360375	0.0232087210458249	0.2670080952081302	0.200770491310242	0.161846477822825	-0.5638354711668974	0.8115374352701801	True	True	both
gse264667_hepg2_day7	HepG2 day 7	HepG2	ACH-000739	DepMap/Harmonizome cell-line mapping; verified row exists in local CRISPRGeneEffect.csv	PPP6C	459	4976	145473	9624	log1p(raw_counts_per_cell_total * 10000)	50	4.270970404984198	0.0254567279959413	0.3894704271718414	0.3132087875351289	0.2513288142974199	-0.7077193907333938	0.9348373050479436	True	True	both
gse264667_hepg2_day7	HepG2 day 7	HepG2	ACH-000739	DepMap/Harmonizome cell-line mapping; verified row exists in local CRISPRGeneEffect.csv	PRC1	66	4976	145473	9624	log1p(raw_counts_per_cell_total * 10000)	50	3.826219616377817	0.0293609509131603	0.1804192510993736	0.1555484548030722	0.1398916316497132	-1.460104985992076	0.9994023110017268	True	True	both
gse264667_hepg2_day7	HepG2 day 7	HepG2	ACH-000739	DepMap/Harmonizome cell-line mapping; verified row exists in local CRISPRGeneEffect.csv	PRELID1	56	4976	145473	9624	log1p(raw_counts_per_cell_total * 10000)	50	12.355906301452013	0.0746330151510655	1.0836483303601343	0.8323689513856166	0.6766129342191775	-2.105843554509004	1.0	True	True	both
gse264667_hepg2_day7	HepG2 day 7	HepG2	ACH-000739	DepMap/Harmonizome cell-line mapping; verified row exists in local CRISPRGeneEffect.csv	PRELID3B	81	4976	145473	9624	log1p(raw_counts_per_cell_total * 10000)	50	12.353357932817044	0.0719125033813024	1.1212898830220408	0.8789668793225833	0.7004830490707857	-2.276818313400541	0.9999998522914954	True	True	both
gse264667_hepg2_day7	HepG2 day 7	HepG2	ACH-000739	DepMap/Harmonizome cell-line mapping; verified row exists in local CRISPRGeneEffect.csv	PRKRIP1	83	4976	145473	9624	log1p(raw_counts_per_cell_total * 10000)	50	3.548325252883012	0.027377423600665	0.1540043662862088	0.1366381709899779	0.1252273516720555	-0.0690290393240763	0.0551752073302889	True	True	both
gse264667_hepg2_day7	HepG2 day 7	HepG2	ACH-000739	DepMap/Harmonizome cell-line mapping; verified row exists in local CRISPRGeneEffect.csv	PRMT5	106	4976	145473	9624	log1p(raw_counts_per_cell_total * 10000)	50	4.574553261477214	0.0320297590270449	0.3092368033296703	0.251861963958702	0.212154256719963	-1.1295651790775632	0.9643066594246018	True	True	both
gse264667_hepg2_day7	HepG2 day 7	HepG2	ACH-000739	DepMap/Harmonizome cell-line mapping; verified row exists in local CRISPRGeneEffect.csv	PRODH	111	4976	145473	9624	log1p(raw_counts_per_cell_total * 10000)	50	2.8726041071727297	0.0221033431911718	0.1402684441051861	0.1176062271485044	0.1037969783426942	-0.347473622407572	0.4783490077631981	True	True	both
gse264667_hepg2_day7	HepG2 day 7	HepG2	ACH-000739	DepMap/Harmonizome cell-line mapping; verified row exists in local CRISPRGeneEffect.csv	PRPF18	50	4976	145473	9624	log1p(raw_counts_per_cell_total * 10000)	50	10.093907511114754	0.0675092426778618	0.6953111521087711	0.5373253076069944	0.4579749538595798	-0.9286761823723002	0.8257882397211095	True	True	both
gse264667_hepg2_day7	HepG2 day 7	HepG2	ACH-000739	DepMap/Harmonizome cell-line mapping; verified row exists in local CRISPRGeneEffect.csv	PRPF19	64	4976	145473	9624	log1p(raw_counts_per_cell_total * 10000)	50	8.545997029974396	0.0562040383881476	0.6325733206242733	0.5195459979126631	0.4322257782377143	-2.257819721943066	1.0	True	True	both
gse264667_hepg2_day7	HepG2 day 7	HepG2	ACH-000739	DepMap/Harmonizome cell-line mapping; verified row exists in local CRISPRGeneEffect.csv	PRPF3	53	4976	145473	9624	log1p(raw_counts_per_cell_total * 10000)	50	13.643418967467769	0.0894984707808179	0.9424086006956875	0.7887534622308682	0.6729144414204289	-1.1301882631848583	0.9744435347382476	True	True	both
gse264667_hepg2_day7	HepG2 day 7	HepG2	ACH-000739	DepMap/Harmonizome cell-line mapping; verified row exists in local CRISPRGeneEffect.csv	PRPF31	92	4976	145473	9624	log1p(raw_counts_per_cell_total * 10000)	50	11.4432433352242	0.0751798569943869	0.7893871617994971	0.6569882356245634	0.557610988075128	-1.5987692266884832	0.999903642717068	True	True	both
gse264667_hepg2_day7	HepG2 day 7	HepG2	ACH-000739	DepMap/Harmonizome cell-line mapping; verified row exists in local CRISPRGeneEffect.csv	PRPF39	68	4976	145473	9624	log1p(raw_counts_per_cell_total * 10000)	50	4.943407139066544	0.0364440335948662	0.2720819519301716	0.2337220927538215	0.2057748960372319	-0.1611347458319467	0.025806698619385	True	True	both
gse264667_hepg2_day7	HepG2 day 7	HepG2	ACH-000739	DepMap/Harmonizome cell-line mapping; verified row exists in local CRISPRGeneEffect.csv	PRPF4	78	4976	145473	9624	log1p(raw_counts_per_cell_total * 10000)	50	12.09110457170392	0.0784377105584071	0.8416531881247179	0.708336582493325	0.6078732325502729	-1.4550050393952392	0.975741285736164	True	True	both
gse264667_hepg2_day7	HepG2 day 7	HepG2	ACH-000739	DepMap/Harmonizome cell-line mapping; verified row exists in local CRISPRGeneEffect.csv	PRPF6	119	4976	145473	9624	log1p(raw_counts_per_cell_total * 10000)	50	7.259652765957482	0.0502555620440429	0.4307281069074505	0.3715769397019022	0.3259873309138439	-1.3401262644877772	0.9968533501655849	True	True	both
gse264667_hepg2_day7	HepG2 day 7	HepG2	ACH-000739	DepMap/Harmonizome cell-line mapping; verified row exists in local CRISPRGeneEffect.csv	PRSS50	79	4976	145473	9624	log1p(raw_counts_per_cell_total * 10000)	50	3.585912603888393	0.0273355019037088	0.1708899047597755	0.1502559399422972	0.1336151683930408	-0.3751205035127836	0.5697967944709122	True	True	both
gse264667_hepg2_day7	HepG2 day 7	HepG2	ACH-000739	DepMap/Harmonizome cell-line mapping; verified row exists in local CRISPRGeneEffect.csv	PSAT1	69	4976	145473	9624	log1p(raw_counts_per_cell_total * 10000)	50	4.101607439277556	0.0305292565790191	0.2302497346953022	0.1803637271554778	0.1548023433792231	-0.27765459903222	0.3559734522966715	True	True	both
gse264667_hepg2_day7	HepG2 day 7	HepG2	ACH-000739	DepMap/Harmonizome cell-line mapping; verified row exists in local CRISPRGeneEffect.csv	PSMA3	53	4976	145473	9624	log1p(raw_counts_per_cell_total * 10000)	50	17.89601336025553	0.1134034110528406	1.29575784426843	1.0649250963380057	0.907505501516073	-2.65545432970364	1.0	True	True	both
gse264667_hepg2_day7	HepG2 day 7	HepG2	ACH-000739	DepMap/Harmonizome cell-line mapping; verified row exists in local CRISPRGeneEffect.csv	PSMA4	127	4976	145473	9624	log1p(raw_counts_per_cell_total * 10000)	50	16.899500745414407	0.1046408899887151	1.2483324756872536	1.018101842150862	0.8611229751577679	-2.015557328179634	1.0	True	True	both
gse264667_hepg2_day7	HepG2 day 7	HepG2	ACH-000739	DepMap/Harmonizome cell-line mapping; verified row exists in local CRISPRGeneEffect.csv	PSMB1	61	4976	145473	9624	log1p(raw_counts_per_cell_total * 10000)	50	12.397782480067075	0.0766428214003615	1.0540865535610715	0.818348027507854	0.6679731441709257	-1.941006642468332	0.9963222899240508	True	True	both
gse264667_hepg2_day7	HepG2 day 7	HepG2	ACH-000739	DepMap/Harmonizome cell-line mapping; verified row exists in local CRISPRGeneEffect.csv	PSMB2	68	4976	145473	9624	log1p(raw_counts_per_cell_total * 10000)	50	18.044744158466056	0.1118515030265771	1.3341081074958727	1.090520877860945	0.925648126431117	-2.185605920014251	0.9999999999804988	True	True	both
gse264667_hepg2_day7	HepG2 day 7	HepG2	ACH-000739	DepMap/Harmonizome cell-line mapping; verified row exists in local CRISPRGeneEffect.csv	PSMB3	50	4976	145473	9624	log1p(raw_counts_per_cell_total * 10000)	50	16.94814891450475	0.108151914845794	1.202914797359248	1.0009621587269255	0.8486354883387907	-2.716140111569293	1.0	True	True	both
gse264667_hepg2_day7	HepG2 day 7	HepG2	ACH-000739	DepMap/Harmonizome cell-line mapping; verified row exists in local CRISPRGeneEffect.csv	PSMB4	70	4976	145473	9624	log1p(raw_counts_per_cell_total * 10000)	50	7.192979649563556	0.0479065122332208	0.5549906698259904	0.4306211540949893	0.3585201041137946	-1.7370655428337487	0.9999974734383302	True	True	both
gse264667_hepg2_day7	HepG2 day 7	HepG2	ACH-000739	DepMap/Harmonizome cell-line mapping; verified row exists in local CRISPRGeneEffect.csv	PSMB5	123	4976	145473	9624	log1p(raw_counts_per_cell_total * 10000)	50	19.36124359414049	0.119369995337909	1.4009081843449662	1.1753181966666089	1.0016753086315189	-1.658127913263431	0.9998944515875277	True	True	both
gse264667_hepg2_day7	HepG2 day 7	HepG2	ACH-000739	DepMap/Harmonizome cell-line mapping; verified row exists in local CRISPRGeneEffect.csv	PSMB6	61	4976	145473	9624	log1p(raw_counts_per_cell_total * 10000)	50	9.093535630066386	0.0604243994469227	0.6559047399520848	0.5321846581372147	0.4446995291260734	-2.331817769843589	1.0	True	True	both
gse264667_hepg2_day7	HepG2 day 7	HepG2	ACH-000739	DepMap/Harmonizome cell-line mapping; verified row exists in local CRISPRGeneEffect.csv	PSMC1	55	4976	145473	9624	log1p(raw_counts_per_cell_total * 10000)	50	16.559235739832744	0.10355118176251	1.2302714177600271	1.00906256070163	0.8489129436206498	-1.254856037074178	0.9647440250690246	True	True	both
gse264667_hepg2_day7	HepG2 day 7	HepG2	ACH-000739	DepMap/Harmonizome cell-line mapping; verified row exists in local CRISPRGeneEffect.csv	PSMC4	64	4976	145473	9624	log1p(raw_counts_per_cell_total * 10000)	50	17.891280283120693	0.1091326945861589	1.4182494004468889	1.1203969135377674	0.938556788380017	-1.5425922101221254	0.9763213785327904	True	True	both
gse264667_hepg2_day7	HepG2 day 7	HepG2	ACH-000739	DepMap/Harmonizome cell-line mapping; verified row exists in local CRISPRGeneEffect.csv	PSMC5	117	4976	145473	9624	log1p(raw_counts_per_cell_total * 10000)	50	19.068835734452737	0.1161369168565796	1.4278323983245744	1.179938277067011	0.9987329314494602	-1.2859048282549732	0.9743382725895892	True	True	both
gse264667_hepg2_day7	HepG2 day 7	HepG2	ACH-000739	DepMap/Harmonizome cell-line mapping; verified row exists in local CRISPRGeneEffect.csv	PSMD14	75	4976	145473	9624	log1p(raw_counts_per_cell_total * 10000)	50	15.81450121187549	0.0976514681039105	1.2464371936372107	0.9775475843789112	0.822014089170192	-1.1134382156360632	0.9985282990102852	True	True	both
gse264667_hepg2_day7	HepG2 day 7	HepG2	ACH-000739	DepMap/Harmonizome cell-line mapping; verified row exists in local CRISPRGeneEffect.csv	PSMG1	64	4976	145473	9624	log1p(raw_counts_per_cell_total * 10000)	50	4.511255426956596	0.0334025550308818	0.2675247708566478	0.2074401506984612	0.1751667968789864	-0.6023128872890287	0.7987065504069022	True	True	both
gse264667_hepg2_day7	HepG2 day 7	HepG2	ACH-000739	DepMap/Harmonizome cell-line mapping; verified row exists in local CRISPRGeneEffect.csv	PSMG3	129	4976	145473	9624	log1p(raw_counts_per_cell_total * 10000)	50	4.622369859490817	0.0314168754829174	0.3260036167993548	0.2729543701897535	0.2289799739622453	-1.0605693082239946	0.9671086121366184	True	True	both
gse264667_hepg2_day7	HepG2 day 7	HepG2	ACH-000739	DepMap/Harmonizome cell-line mapping; verified row exists in local CRISPRGeneEffect.csv	PSTK	108	4976	145473	9624	log1p(raw_counts_per_cell_total * 10000)	50	3.298520457838642	0.0250711915551887	0.1613367825116116	0.1400470313483901	0.1240152995804653	-0.7306660573262861	0.8434190782427534	True	True	both
gse264667_hepg2_day7	HepG2 day 7	HepG2	ACH-000739	DepMap/Harmonizome cell-line mapping; verified row exists in local CRISPRGeneEffect.csv	PTBP1	51	4976	145473	9624	log1p(raw_counts_per_cell_total * 10000)	50	6.598226443037724	0.0462342063244325	0.4964991715672054	0.3882257992552459	0.3175591560509384	-0.0890327631561254	0.0444249962862298	True	True	both
gse264667_hepg2_day7	HepG2 day 7	HepG2	ACH-000739	DepMap/Harmonizome cell-line mapping; verified row exists in local CRISPRGeneEffect.csv	PTEN	70	4976	145473	9624	log1p(raw_counts_per_cell_total * 10000)	50	4.294794230625921	0.0322869743173309	0.2233440365395725	0.1906219664385142	0.1683456984798368	0.65444625464103	1.653485361292979e-05	True	True	both
gse264667_hepg2_day7	HepG2 day 7	HepG2	ACH-000739	DepMap/Harmonizome cell-line mapping; verified row exists in local CRISPRGeneEffect.csv	PTMA	64	4976	145473	9624	log1p(raw_counts_per_cell_total * 10000)	50	6.061613135089166	0.0391033995847015	0.4795916720020951	0.3466170462309397	0.2776905065581915	-0.6087251272818888	0.8734369786556583	True	True	both
gse264667_hepg2_day7	HepG2 day 7	HepG2	ACH-000739	DepMap/Harmonizome cell-line mapping; verified row exists in local CRISPRGeneEffect.csv	PTPMT1	51	4976	145473	9624	log1p(raw_counts_per_cell_total * 10000)	50	5.258637597578963	0.0388811487272508	0.331743136608348	0.2627776676812812	0.2196840885293482	0.1602749593493949	0.0083600027841904	True	True	both
gse264667_hepg2_day7	HepG2 day 7	HepG2	ACH-000739	DepMap/Harmonizome cell-line mapping; verified row exists in local CRISPRGeneEffect.csv	PTPN1	66	4976	145473	9624	log1p(raw_counts_per_cell_total * 10000)	50	4.066681776681745	0.0310697091549754	0.2061370556956705	0.1761589493213578	0.1530777469813021	-0.0135712016973623	0.0103146430800347	True	True	both
gse264667_hepg2_day7	HepG2 day 7	HepG2	ACH-000739	DepMap/Harmonizome cell-line mapping; verified row exists in local CRISPRGeneEffect.csv	PTPN11	54	4976	145473	9624	log1p(raw_counts_per_cell_total * 10000)	50	4.260369091896929	0.0325910312065213	0.1975767098592392	0.1678786281036004	0.1506893791799483	-0.7959039502477935	0.8111619348277485	True	True	both
gse264667_hepg2_day7	HepG2 day 7	HepG2	ACH-000739	DepMap/Harmonizome cell-line mapping; verified row exists in local CRISPRGeneEffect.csv	PUF60	78	4976	145473	9624	log1p(raw_counts_per_cell_total * 10000)	50	7.532540879924283	0.0509180124062858	0.5122710533857496	0.4319519659499204	0.3654833054749085	-3.2820561228848426	1.0	True	True	both
gse264667_hepg2_day7	HepG2 day 7	HepG2	ACH-000739	DepMap/Harmonizome cell-line mapping; verified row exists in local CRISPRGeneEffect.csv	PWP2	68	4976	145473	9624	log1p(raw_counts_per_cell_total * 10000)	50	11.26926563190782	0.069400039852913	0.9218339634553192	0.7493069926190014	0.6221390096910631	-1.3215933032620035	0.9949989733375662	True	True	both
gse264667_hepg2_day7	HepG2 day 7	HepG2	ACH-000739	DepMap/Harmonizome cell-line mapping; verified row exists in local CRISPRGeneEffect.csv	PXN	56	4976	145473	9624	log1p(raw_counts_per_cell_total * 10000)	50	5.74126853066628	0.039850855371414	0.4667162385176363	0.3333120589529633	0.2667253552478185	-0.3528189958659216	0.538062847274141	True	True	both
gse264667_hepg2_day7	HepG2 day 7	HepG2	ACH-000739	DepMap/Harmonizome cell-line mapping; verified row exists in local CRISPRGeneEffect.csv	PYROXD1	59	4976	145473	9624	log1p(raw_counts_per_cell_total * 10000)	50	4.764585596671687	0.0347532913800414	0.3027934177035288	0.2466152921363637	0.2059072318510341	-0.7714298523488555	0.8291854213228902	True	True	both
gse264667_hepg2_day7	HepG2 day 7	HepG2	ACH-000739	DepMap/Harmonizome cell-line mapping; verified row exists in local CRISPRGeneEffect.csv	PYURF	63	4976	145473	9624	log1p(raw_counts_per_cell_total * 10000)	50	6.687126084808654	0.0447928433654397	0.503300966997657	0.4111676978897904	0.3456174625244396	-0.2541537972299722	0.2108016481152665	True	True	both
gse264667_hepg2_day7	HepG2 day 7	HepG2	ACH-000739	DepMap/Harmonizome cell-line mapping; verified row exists in local CRISPRGeneEffect.csv	QRSL1	51	4976	145473	9624	log1p(raw_counts_per_cell_total * 10000)	50	4.44978470541462	0.0337860569123926	0.2160444007627583	0.1870610139017385	0.1667542079350634	-0.9351624908312028	0.9425567195280466	True	True	both
gse264667_hepg2_day7	HepG2 day 7	HepG2	ACH-000739	DepMap/Harmonizome cell-line mapping; verified row exists in local CRISPRGeneEffect.csv	RAB4A	79	4976	145473	9624	log1p(raw_counts_per_cell_total * 10000)	50	3.7803849164827374	0.0282382434001266	0.2369769281179497	0.1790315233452403	0.1491157470683907	0.1193246239884448	0.0132269929360032	True	True	both
gse264667_hepg2_day7	HepG2 day 7	HepG2	ACH-000739	DepMap/Harmonizome cell-line mapping; verified row exists in local CRISPRGeneEffect.csv	RAB4B	185	4976	145473	9624	log1p(raw_counts_per_cell_total * 10000)	50	2.682788948463576	0.0195770043593528	0.1890712503136071	0.1402220680812647	0.1158226056495556	-0.0399347876841618	0.0521953436897067	True	True	both
gse264667_hepg2_day7	HepG2 day 7	HepG2	ACH-000739	DepMap/Harmonizome cell-line mapping; verified row exists in local CRISPRGeneEffect.csv	RABGGTA	241	4976	145473	9624	log1p(raw_counts_per_cell_total * 10000)	50	12.05835381307984	0.0748075247532166	0.9234819086646144	0.7516476933967762	0.6376368830561367	-1.389115330247897	0.9955416816312684	True	True	both
gse264667_hepg2_day7	HepG2 day 7	HepG2	ACH-000739	DepMap/Harmonizome cell-line mapping; verified row exists in local CRISPRGeneEffect.csv	RABGGTB	83	4976	145473	9624	log1p(raw_counts_per_cell_total * 10000)	50	8.751518482881353	0.058325006577015	0.5920314092627151	0.5107297409276569	0.4370632631936823	-1.483575409306254	0.999887611698316	True	True	both
gse264667_hepg2_day7	HepG2 day 7	HepG2	ACH-000739	DepMap/Harmonizome cell-line mapping; verified row exists in local CRISPRGeneEffect.csv	RAC3	92	4976	145473	9624	log1p(raw_counts_per_cell_total * 10000)	50	6.6144051480294594	0.0454109674485614	0.3821186775864058	0.3354679996604286	0.2965040829607545	-0.4548193228717987	0.8935818818945702	True	True	both
gse264667_hepg2_day7	HepG2 day 7	HepG2	ACH-000739	DepMap/Harmonizome cell-line mapping; verified row exists in local CRISPRGeneEffect.csv	RAN	66	4976	145473	9624	log1p(raw_counts_per_cell_total * 10000)	50	7.693388655939079	0.0509662137437375	0.6040057284440862	0.4685243321542029	0.3873528894084264	-3.8026516581784766	1.0	True	True	both
gse264667_hepg2_day7	HepG2 day 7	HepG2	ACH-000739	DepMap/Harmonizome cell-line mapping; verified row exists in local CRISPRGeneEffect.csv	RANGAP1	68	4976	145473	9624	log1p(raw_counts_per_cell_total * 10000)	50	6.223333933305665	0.0426867705238927	0.4436425390092396	0.3618477380832723	0.3053632426518874	-1.469186038854058	0.974391029497487	True	True	both
gse264667_hepg2_day7	HepG2 day 7	HepG2	ACH-000739	DepMap/Harmonizome cell-line mapping; verified row exists in local CRISPRGeneEffect.csv	RARS2	85	4976	145473	9624	log1p(raw_counts_per_cell_total * 10000)	50	4.812974069798472	0.0344343418033278	0.2961664453283414	0.2506346686756009	0.2152365031935005	-0.5569993940251411	0.7656780767014589	True	True	both
gse264667_hepg2_day7	HepG2 day 7	HepG2	ACH-000739	DepMap/Harmonizome cell-line mapping; verified row exists in local CRISPRGeneEffect.csv	RBBP5	57	4976	145473	9624	log1p(raw_counts_per_cell_total * 10000)	50	8.860403643508453	0.0582829848544192	0.6775439983671994	0.5562190594185376	0.4613483286699967	-1.0707046696027638	0.9654341709041304	True	True	both
gse264667_hepg2_day7	HepG2 day 7	HepG2	ACH-000739	DepMap/Harmonizome cell-line mapping; verified row exists in local CRISPRGeneEffect.csv	RBM10	171	4976	145473	9624	log1p(raw_counts_per_cell_total * 10000)	50	4.407225880513282	0.0280886391248022	0.401774101713135	0.288009757039862	0.2266069471630732	-0.1210076443412589	0.0965238900868994	True	True	both
gse264667_hepg2_day7	HepG2 day 7	HepG2	ACH-000739	DepMap/Harmonizome cell-line mapping; verified row exists in local CRISPRGeneEffect.csv	RBM15	75	4976	145473	9624	log1p(raw_counts_per_cell_total * 10000)	50	5.1466012080807895	0.0368272550045098	0.3475614020895953	0.2796729517799098	0.2309192491524798	-0.1172793890021259	0.040878672953787	True	True	both
gse264667_hepg2_day7	HepG2 day 7	HepG2	ACH-000739	DepMap/Harmonizome cell-line mapping; verified row exists in local CRISPRGeneEffect.csv	RBM28	75	4976	145473	9624	log1p(raw_counts_per_cell_total * 10000)	50	10.938929873494224	0.0666665421467642	0.917772200120048	0.7394612963021516	0.6121080389667545	-0.7736357118378814	0.9176621175376328	True	True	both
gse264667_hepg2_day7	HepG2 day 7	HepG2	ACH-000739	DepMap/Harmonizome cell-line mapping; verified row exists in local CRISPRGeneEffect.csv	RBM33	50	4976	145473	9624	log1p(raw_counts_per_cell_total * 10000)	50	5.627736616406449	0.0409656705757735	0.3569612544427843	0.287423951105565	0.2428094504181606	-0.2805694505371465	0.0636302616751284	True	True	both
gse264667_hepg2_day7	HepG2 day 7	HepG2	ACH-000739	DepMap/Harmonizome cell-line mapping; verified row exists in local CRISPRGeneEffect.csv	RBM39	84	4976	145473	9624	log1p(raw_counts_per_cell_total * 10000)	50	5.343866657083288	0.0372402868216379	0.3876810591265758	0.3029591259797269	0.2511086077232088	-1.9726169375037328	0.9999208107240476	True	True	both
gse264667_hepg2_day7	HepG2 day 7	HepG2	ACH-000739	DepMap/Harmonizome cell-line mapping; verified row exists in local CRISPRGeneEffect.csv	RBM42	64	4976	145473	9624	log1p(raw_counts_per_cell_total * 10000)	50	7.366332216598391	0.0508620549968348	0.4824481561118167	0.3968003649181923	0.3432090944653806	-0.7591394730026056	0.8737694242004919	True	True	both
gse264667_hepg2_day7	HepG2 day 7	HepG2	ACH-000739	DepMap/Harmonizome cell-line mapping; verified row exists in local CRISPRGeneEffect.csv	RBM48	52	4976	145473	9624	log1p(raw_counts_per_cell_total * 10000)	50	5.3403008564936165	0.0386668627648728	0.3634138287179531	0.2937596279377568	0.240906342617797	-0.7595777163743507	0.9083934106258456	True	True	both
gse264667_hepg2_day7	HepG2 day 7	HepG2	ACH-000739	DepMap/Harmonizome cell-line mapping; verified row exists in local CRISPRGeneEffect.csv	RBMX2	114	4976	145473	9624	log1p(raw_counts_per_cell_total * 10000)	50	10.085853429016264	0.0672474806946182	0.6597814370085311	0.5536111953502847	0.4775473338405658	-1.0630726144837412	0.9555734245114964	True	True	both
gse264667_hepg2_day7	HepG2 day 7	HepG2	ACH-000739	DepMap/Harmonizome cell-line mapping; verified row exists in local CRISPRGeneEffect.csv	RBX1	55	4976	145473	9624	log1p(raw_counts_per_cell_total * 10000)	50	7.286293959270448	0.048598289370315	0.5955515161473498	0.4599990992367778	0.3738842886825642	-1.4718850534378431	0.9562461625805648	True	True	both
gse264667_hepg2_day7	HepG2 day 7	HepG2	ACH-000739	DepMap/Harmonizome cell-line mapping; verified row exists in local CRISPRGeneEffect.csv	RCC1	170	4976	145473	9624	log1p(raw_counts_per_cell_total * 10000)	50	3.115128140803039	0.0225785201520247	0.2017095761013792	0.1600995782847287	0.1342758667652773	-1.136359249991974	0.9641360222270748	True	True	both
gse264667_hepg2_day7	HepG2 day 7	HepG2	ACH-000739	DepMap/Harmonizome cell-line mapping; verified row exists in local CRISPRGeneEffect.csv	RCCD1	52	4976	145473	9624	log1p(raw_counts_per_cell_total * 10000)	50	5.008511615595375	0.0356544256613684	0.4122578514072822	0.2845937395289945	0.2233243070279493	0.1664278904158752	0.0089716471207947	True	True	both
gse264667_hepg2_day7	HepG2 day 7	HepG2	ACH-000739	DepMap/Harmonizome cell-line mapping; verified row exists in local CRISPRGeneEffect.csv	RCL1	109	4976	145473	9624	log1p(raw_counts_per_cell_total * 10000)	50	10.824736899657788	0.0657545386583826	0.868026101499035	0.727495514080176	0.6021212916055848	-1.1330290835912542	0.9542035517783588	True	True	both
gse264667_hepg2_day7	HepG2 day 7	HepG2	ACH-000739	DepMap/Harmonizome cell-line mapping; verified row exists in local CRISPRGeneEffect.csv	RFC2	60	4976	145473	9624	log1p(raw_counts_per_cell_total * 10000)	50	5.984395513636142	0.0412749044415961	0.413207438842654	0.3376601961771044	0.2854975645846307	-1.5034911880301691	1.0	True	True	both
gse264667_hepg2_day7	HepG2 day 7	HepG2	ACH-000739	DepMap/Harmonizome cell-line mapping; verified row exists in local CRISPRGeneEffect.csv	RFC3	62	4976	145473	9624	log1p(raw_counts_per_cell_total * 10000)	50	6.548631770642405	0.0446978356037368	0.4698209719207623	0.3872740514334345	0.3230881759915808	-1.3167296290172985	0.9976478891150566	True	True	both
gse264667_hepg2_day7	HepG2 day 7	HepG2	ACH-000739	DepMap/Harmonizome cell-line mapping; verified row exists in local CRISPRGeneEffect.csv	RFC5	50	4976	145473	9624	log1p(raw_counts_per_cell_total * 10000)	50	5.180293777827763	0.0385357088928567	0.2897476045726543	0.2354111784235206	0.2062943487193064	-1.2679790583243555	0.9696496040896316	True	True	both
gse264667_hepg2_day7	HepG2 day 7	HepG2	ACH-000739	DepMap/Harmonizome cell-line mapping; verified row exists in local CRISPRGeneEffect.csv	RHOQ	149	4976	145473	9624	log1p(raw_counts_per_cell_total * 10000)	50	2.8240122852711367	0.0212526997354557	0.1509496545366249	0.1240716176508133	0.1077749028910534	-0.7967454737303746	0.7328774446476675	True	True	both
gse264667_hepg2_day7	HepG2 day 7	HepG2	ACH-000739	DepMap/Harmonizome cell-line mapping; verified row exists in local CRISPRGeneEffect.csv	RHPN1	62	4976	145473	9624	log1p(raw_counts_per_cell_total * 10000)	50	4.197153809051724	0.0318536718449828	0.2148836598863896	0.1746454307174577	0.1539094088913877	-0.3260769958151713	0.4134949428750658	True	True	both
gse264667_hepg2_day7	HepG2 day 7	HepG2	ACH-000739	DepMap/Harmonizome cell-line mapping; verified row exists in local CRISPRGeneEffect.csv	RIOK1	56	4976	145473	9624	log1p(raw_counts_per_cell_total * 10000)	50	9.682313257886708	0.0647627525516074	0.6636005415032084	0.5579128855983284	0.4781762222239283	-1.0718633666385688	0.9479983685136196	True	True	both
gse264667_hepg2_day7	HepG2 day 7	HepG2	ACH-000739	DepMap/Harmonizome cell-line mapping; verified row exists in local CRISPRGeneEffect.csv	RNASEH2C	132	4976	145473	9624	log1p(raw_counts_per_cell_total * 10000)	50	3.556146747522232	0.0260494866043279	0.2155496985045326	0.1733539195277889	0.1486691533105691	-0.3489777326966286	0.4577356947277596	True	True	both
gse264667_hepg2_day7	HepG2 day 7	HepG2	ACH-000739	DepMap/Harmonizome cell-line mapping; verified row exists in local CRISPRGeneEffect.csv	RNF123	56	4976	145473	9624	log1p(raw_counts_per_cell_total * 10000)	50	4.272918467144531	0.0326306924750034	0.2118255234596485	0.1786533301863708	0.1570937815534556	-0.4067359018138066	0.4674095418903494	True	True	both
gse264667_hepg2_day7	HepG2 day 7	HepG2	ACH-000739	DepMap/Harmonizome cell-line mapping; verified row exists in local CRISPRGeneEffect.csv	RNF14	65	4976	145473	9624	log1p(raw_counts_per_cell_total * 10000)	50	3.861255607007314	0.0296411618694583	0.1889909546936657	0.1569245903466349	0.1375699256363534	-0.0673228365704407	0.0361916425064556	True	True	both
gse264667_hepg2_day7	HepG2 day 7	HepG2	ACH-000739	DepMap/Harmonizome cell-line mapping; verified row exists in local CRISPRGeneEffect.csv	RNF31	76	4976	145473	9624	log1p(raw_counts_per_cell_total * 10000)	50	4.648001119968221	0.0329657198748905	0.3726885852682792	0.2697157001165686	0.2139316530041708	-0.0870926711199691	0.014326769286215	True	True	both
gse264667_hepg2_day7	HepG2 day 7	HepG2	ACH-000739	DepMap/Harmonizome cell-line mapping; verified row exists in local CRISPRGeneEffect.csv	RNF8	122	4976	145473	9624	log1p(raw_counts_per_cell_total * 10000)	50	2.8233338161082235	0.0215639996936146	0.1411019326837512	0.1179189133682606	0.103606444281599	-0.2511808036450558	0.0833868291775336	True	True	both
gse264667_hepg2_day7	HepG2 day 7	HepG2	ACH-000739	DepMap/Harmonizome cell-line mapping; verified row exists in local CRISPRGeneEffect.csv	RNGTT	51	4976	145473	9624	log1p(raw_counts_per_cell_total * 10000)	50	4.856523617856163	0.0372030012825417	0.2181876659132354	0.1893533526303345	0.1714985601286847	-2.3126588299157005	1.0	True	True	both
gse264667_hepg2_day7	HepG2 day 7	HepG2	ACH-000739	DepMap/Harmonizome cell-line mapping; verified row exists in local CRISPRGeneEffect.csv	RNMT	53	4976	145473	9624	log1p(raw_counts_per_cell_total * 10000)	50	6.676398843831697	0.0459927403024253	0.4952170031506969	0.3971752822811242	0.3289192469508286	-0.5999530928963607	0.8414743356035951	True	True	both
gse264667_hepg2_day7	HepG2 day 7	HepG2	ACH-000739	DepMap/Harmonizome cell-line mapping; verified row exists in local CRISPRGeneEffect.csv	RNPS1	61	4976	145473	9624	log1p(raw_counts_per_cell_total * 10000)	50	4.625295710454048	0.034823873709815	0.2382692870752868	0.2026738174748628	0.1772315448204287	-1.0306496458833083	0.9703804608268782	True	True	both
gse264667_hepg2_day7	HepG2 day 7	HepG2	ACH-000739	DepMap/Harmonizome cell-line mapping; verified row exists in local CRISPRGeneEffect.csv	RPA2	52	4976	145473	9624	log1p(raw_counts_per_cell_total * 10000)	50	14.820257878997545	0.0929850658172505	1.1990733110816858	0.938218322653158	0.7800054462429011	-2.5685863741629458	1.0	True	True	both
gse264667_hepg2_day7	HepG2 day 7	HepG2	ACH-000739	DepMap/Harmonizome cell-line mapping; verified row exists in local CRISPRGeneEffect.csv	RPA3	86	4976	145473	9624	log1p(raw_counts_per_cell_total * 10000)	50	9.14201442049739	0.0590033051426113	0.7208153146455589	0.5710064580668907	0.4719321316642381	-2.0165715185126927	0.9999340688064644	True	True	both
gse264667_hepg2_day7	HepG2 day 7	HepG2	ACH-000739	DepMap/Harmonizome cell-line mapping; verified row exists in local CRISPRGeneEffect.csv	RPAP1	53	4976	145473	9624	log1p(raw_counts_per_cell_total * 10000)	50	14.810283324878004	0.0980891196053529	1.0171716483519684	0.8389114726304762	0.7154447287515521	-1.7441444515370146	0.999845514110095	True	True	both
gse264667_hepg2_day7	HepG2 day 7	HepG2	ACH-000739	DepMap/Harmonizome cell-line mapping; verified row exists in local CRISPRGeneEffect.csv	RPAP2	55	4976	145473	9624	log1p(raw_counts_per_cell_total * 10000)	50	13.3307830320706	0.088421332434653	0.8959871533348854	0.7507825158201458	0.64471957063306	-0.9416487197237364	0.9474404912018298	True	True	both
gse264667_hepg2_day7	HepG2 day 7	HepG2	ACH-000739	DepMap/Harmonizome cell-line mapping; verified row exists in local CRISPRGeneEffect.csv	RPAP3	51	4976	145473	9624	log1p(raw_counts_per_cell_total * 10000)	50	6.982855640629747	0.050308291482094	0.3919914798634323	0.342131079394579	0.2981415648704655	-0.7577287081616728	0.8451263753372856	True	True	both
gse264667_hepg2_day7	HepG2 day 7	HepG2	ACH-000739	DepMap/Harmonizome cell-line mapping; verified row exists in local CRISPRGeneEffect.csv	RPF1	56	4976	145473	9624	log1p(raw_counts_per_cell_total * 10000)	50	11.156992595952248	0.0692065145819943	0.9097784917119917	0.741378940621119	0.6092712784828199	-1.0702347869568352	0.9470350958824756	True	True	both
gse264667_hepg2_day7	HepG2 day 7	HepG2	ACH-000739	DepMap/Harmonizome cell-line mapping; verified row exists in local CRISPRGeneEffect.csv	RPL10	71	4976	145473	9624	log1p(raw_counts_per_cell_total * 10000)	50	14.147620561364526	0.0875529136295023	1.0743601625349857	0.8880971932127655	0.7475458333442017	-1.0498226429815898	0.9973071165130698	True	True	both
gse264667_hepg2_day7	HepG2 day 7	HepG2	ACH-000739	DepMap/Harmonizome cell-line mapping; verified row exists in local CRISPRGeneEffect.csv	RPL10A	116	4976	145473	9624	log1p(raw_counts_per_cell_total * 10000)	50	14.872292470928423	0.0905121185567879	1.1772953271610065	0.9502743500389744	0.798555224148298	-1.7537352473887995	0.999975045681773	True	True	both
gse264667_hepg2_day7	HepG2 day 7	HepG2	ACH-000739	DepMap/Harmonizome cell-line mapping; verified row exists in local CRISPRGeneEffect.csv	RPL12	103	4976	145473	9624	log1p(raw_counts_per_cell_total * 10000)	50	9.91134532675222	0.0602582070711848	0.8528338158422546	0.6572659379864878	0.542749901386234	-2.7954617088990736	1.0	True	True	both
gse264667_hepg2_day7	HepG2 day 7	HepG2	ACH-000739	DepMap/Harmonizome cell-line mapping; verified row exists in local CRISPRGeneEffect.csv	RPL13	73	4976	145473	9624	log1p(raw_counts_per_cell_total * 10000)	50	13.697867305394553	0.0826483425816912	1.161551025280517	0.91419649614889	0.7435271238678687	-2.678849403060114	1.0	True	True	both
gse264667_hepg2_day7	HepG2 day 7	HepG2	ACH-000739	DepMap/Harmonizome cell-line mapping; verified row exists in local CRISPRGeneEffect.csv	RPL14	60	4976	145473	9624	log1p(raw_counts_per_cell_total * 10000)	50	16.895542730418548	0.1029303515132264	1.3505536468310075	1.0850371360333388	0.8987129174540834	-1.93821211355789	1.0	True	True	both
gse264667_hepg2_day7	HepG2 day 7	HepG2	ACH-000739	DepMap/Harmonizome cell-line mapping; verified row exists in local CRISPRGeneEffect.csv	RPL17	77	4976	145473	9624	log1p(raw_counts_per_cell_total * 10000)	50	16.69595863225308	0.1012623145574758	1.359523890564744	1.0946265588567146	0.902707069045776	-3.200641883294402	1.0	True	True	both
gse264667_hepg2_day7	HepG2 day 7	HepG2	ACH-000739	DepMap/Harmonizome cell-line mapping; verified row exists in local CRISPRGeneEffect.csv	RPL18	81	4976	145473	9624	log1p(raw_counts_per_cell_total * 10000)	50	16.016203831450465	0.0974067798057589	1.3021839696354736	1.0396714949299948	0.8612697835901373	-1.820806361139068	1.0	True	True	both
gse264667_hepg2_day7	HepG2 day 7	HepG2	ACH-000739	DepMap/Harmonizome cell-line mapping; verified row exists in local CRISPRGeneEffect.csv	RPL18A	57	4976	145473	9624	log1p(raw_counts_per_cell_total * 10000)	50	12.334271014106037	0.0768588550329449	0.9827641341744948	0.789686279084941	0.6617369448322807	-2.2421576946351327	1.0	True	True	both
gse264667_hepg2_day7	HepG2 day 7	HepG2	ACH-000739	DepMap/Harmonizome cell-line mapping; verified row exists in local CRISPRGeneEffect.csv	RPL23	142	4976	145473	9624	log1p(raw_counts_per_cell_total * 10000)	50	15.51600488065407	0.0929007654649416	1.2563675223166186	1.0172567993078223	0.847609978884941	-2.9592674447712746	1.0	True	True	both
gse264667_hepg2_day7	HepG2 day 7	HepG2	ACH-000739	DepMap/Harmonizome cell-line mapping; verified row exists in local CRISPRGeneEffect.csv	RPL24	60	4976	145473	9624	log1p(raw_counts_per_cell_total * 10000)	50	15.052337037486698	0.0938104597269679	1.1496639313959862	0.9518683838173088	0.7992951115408965	-2.2918833407340906	1.0	True	True	both
gse264667_hepg2_day7	HepG2 day 7	HepG2	ACH-000739	DepMap/Harmonizome cell-line mapping; verified row exists in local CRISPRGeneEffect.csv	RPL26	86	4976	145473	9624	log1p(raw_counts_per_cell_total * 10000)	50	12.979135602598229	0.0772751671568658	1.112748557923804	0.882047670443703	0.7192343557764268	-2.0736664238574964	1.0	True	True	both
gse264667_hepg2_day7	HepG2 day 7	HepG2	ACH-000739	DepMap/Harmonizome cell-line mapping; verified row exists in local CRISPRGeneEffect.csv	RPL27A	50	4976	145473	9624	log1p(raw_counts_per_cell_total * 10000)	50	13.929926610584229	0.0861014253340079	1.0733214647296716	0.883121939213012	0.7431596070273015	-2.251438193287358	1.0	True	True	both
gse264667_hepg2_day7	HepG2 day 7	HepG2	ACH-000739	DepMap/Harmonizome cell-line mapping; verified row exists in local CRISPRGeneEffect.csv	RPL31	54	4976	145473	9624	log1p(raw_counts_per_cell_total * 10000)	50	16.269379550131426	0.1011647880265855	1.2536124459537896	1.027859380666033	0.852454962078326	-2.6690590675460384	1.0	True	True	both
gse264667_hepg2_day7	HepG2 day 7	HepG2	ACH-000739	DepMap/Harmonizome cell-line mapping; verified row exists in local CRISPRGeneEffect.csv	RPL32	108	4976	145473	9624	log1p(raw_counts_per_cell_total * 10000)	50	14.747053539165936	0.08965326197377	1.2030238305914986	0.9657054406162188	0.7930145699746575	-2.396434758044216	1.0	True	True	both
gse264667_hepg2_day7	HepG2 day 7	HepG2	ACH-000739	DepMap/Harmonizome cell-line mapping; verified row exists in local CRISPRGeneEffect.csv	RPL35	82	4976	145473	9624	log1p(raw_counts_per_cell_total * 10000)	50	15.76604919109604	0.0953243037099575	1.3030260819088753	1.0454234695703946	0.8526967454350242	-1.4691408196126348	0.9987983384398702	True	True	both
gse264667_hepg2_day7	HepG2 day 7	HepG2	ACH-000739	DepMap/Harmonizome cell-line mapping; verified row exists in local CRISPRGeneEffect.csv	RPL36	89	4976	145473	9624	log1p(raw_counts_per_cell_total * 10000)	50	16.595398205981827	0.1000089996821085	1.377400540639519	1.0970325361772624	0.9014527622290416	-2.5516497293524285	1.0	True	True	both
gse264667_hepg2_day7	HepG2 day 7	HepG2	ACH-000739	DepMap/Harmonizome cell-line mapping; verified row exists in local CRISPRGeneEffect.csv	RPL37	55	4976	145473	9624	log1p(raw_counts_per_cell_total * 10000)	50	8.527730262726571	0.0553142396278843	0.6912439043973595	0.5515754874544743	0.4496711736421156	-2.1664417884881275	1.0	True	True	both
gse264667_hepg2_day7	HepG2 day 7	HepG2	ACH-000739	DepMap/Harmonizome cell-line mapping; verified row exists in local CRISPRGeneEffect.csv	RPL37A	76	4976	145473	9624	log1p(raw_counts_per_cell_total * 10000)	50	14.91252893448227	0.0913252888222347	1.2000470237950416	0.961337752213913	0.797526001068356	-2.20306311330119	1.0	True	True	both
gse264667_hepg2_day7	HepG2 day 7	HepG2	ACH-000739	DepMap/Harmonizome cell-line mapping; verified row exists in local CRISPRGeneEffect.csv	RPL4	95	4976	145473	9624	log1p(raw_counts_per_cell_total * 10000)	50	15.42223901267358	0.0936323709085995	1.2373920046636258	1.009128165035954	0.8389517490089531	-2.712977416031365	1.0	True	True	both
gse264667_hepg2_day7	HepG2 day 7	HepG2	ACH-000739	DepMap/Harmonizome cell-line mapping; verified row exists in local CRISPRGeneEffect.csv	RPL41	109	4976	145473	9624	log1p(raw_counts_per_cell_total * 10000)	50	4.577974100555898	0.0254081886727619	0.3525214870461745	0.2208662345746771	0.1656014229042471	-0.5194340111690761	0.5844924061225454	True	True	both
gse264667_hepg2_day7	HepG2 day 7	HepG2	ACH-000739	DepMap/Harmonizome cell-line mapping; verified row exists in local CRISPRGeneEffect.csv	RPL5	52	4976	145473	9624	log1p(raw_counts_per_cell_total * 10000)	50	12.996809370641998	0.0839116969628253	0.9465442406115538	0.7895771588248828	0.6671398677359568	-2.7481878855706805	1.0	True	True	both
gse264667_hepg2_day7	HepG2 day 7	HepG2	ACH-000739	DepMap/Harmonizome cell-line mapping; verified row exists in local CRISPRGeneEffect.csv	RPL7	122	4976	145473	9624	log1p(raw_counts_per_cell_total * 10000)	50	15.240490607714882	0.0919383233550786	1.273939944763645	1.017100142806436	0.8334869986907268	-1.5786769961446017	0.9999743162646856	True	True	both
gse264667_hepg2_day7	HepG2 day 7	HepG2	ACH-000739	DepMap/Harmonizome cell-line mapping; verified row exists in local CRISPRGeneEffect.csv	RPL8	73	4976	145473	9624	log1p(raw_counts_per_cell_total * 10000)	50	15.38603334808184	0.0945821844247544	1.2566003644452797	0.9779924992988416	0.8087998307842006	-2.786176458229914	1.0	True	True	both
gse264667_hepg2_day7	HepG2 day 7	HepG2	ACH-000739	DepMap/Harmonizome cell-line mapping; verified row exists in local CRISPRGeneEffect.csv	RPL9	63	4976	145473	9624	log1p(raw_counts_per_cell_total * 10000)	50	15.07616954361935	0.0915253086632533	1.223269356005369	0.9888175236802432	0.8207800309649192	-2.747787692957835	1.0	True	True	both
gse264667_hepg2_day7	HepG2 day 7	HepG2	ACH-000739	DepMap/Harmonizome cell-line mapping; verified row exists in local CRISPRGeneEffect.csv	RPLP0	95	4976	145473	9624	log1p(raw_counts_per_cell_total * 10000)	50	13.299766464353096	0.0827001535626114	1.0461750670856331	0.8464105660408989	0.7060549024146373	-1.802873465690809	0.9999675057384528	True	True	both
gse264667_hepg2_day7	HepG2 day 7	HepG2	ACH-000739	DepMap/Harmonizome cell-line mapping; verified row exists in local CRISPRGeneEffect.csv	RPP14	73	4976	145473	9624	log1p(raw_counts_per_cell_total * 10000)	50	10.342730321569162	0.0652395243176477	0.8233401074458513	0.6718027924520498	0.5550272953559715	-1.2087581911296383	0.9740715098783445	True	True	both
gse264667_hepg2_day7	HepG2 day 7	HepG2	ACH-000739	DepMap/Harmonizome cell-line mapping; verified row exists in local CRISPRGeneEffect.csv	RPP21	82	4976	145473	9624	log1p(raw_counts_per_cell_total * 10000)	50	3.81726198460983	0.0289346506997887	0.1903428985999529	0.1632411288612843	0.1440440301537463	-0.3555836622513346	0.6594990218966585	True	True	both
gse264667_hepg2_day7	HepG2 day 7	HepG2	ACH-000739	DepMap/Harmonizome cell-line mapping; verified row exists in local CRISPRGeneEffect.csv	RPP30	85	4976	145473	9624	log1p(raw_counts_per_cell_total * 10000)	50	9.28815195631712	0.0580338328140283	0.7412028958578263	0.6014062281570454	0.5010085823561796	-0.6480851212705444	0.829572032136209	True	True	both
gse264667_hepg2_day7	HepG2 day 7	HepG2	ACH-000739	DepMap/Harmonizome cell-line mapping; verified row exists in local CRISPRGeneEffect.csv	RPS13	148	4976	145473	9624	log1p(raw_counts_per_cell_total * 10000)	50	13.503203680879963	0.087774323405974	0.9783298696591316	0.7822904523256092	0.6542548840037576	-2.21929264708829	1.0	True	True	both
gse264667_hepg2_day7	HepG2 day 7	HepG2	ACH-000739	DepMap/Harmonizome cell-line mapping; verified row exists in local CRISPRGeneEffect.csv	RPS14	76	4976	145473	9624	log1p(raw_counts_per_cell_total * 10000)	50	10.052868416642424	0.0647161986022953	0.7708485620601351	0.6192892099416079	0.5089396941979003	-2.284751988742819	1.0	True	True	both
gse264667_hepg2_day7	HepG2 day 7	HepG2	ACH-000739	DepMap/Harmonizome cell-line mapping; verified row exists in local CRISPRGeneEffect.csv	RPS15	57	4976	145473	9624	log1p(raw_counts_per_cell_total * 10000)	50	11.77113693152348	0.0783389747558512	0.8559354405845705	0.6661848131727823	0.5554076264078557	-2.3610902266068297	1.0	True	True	both
gse264667_hepg2_day7	HepG2 day 7	HepG2	ACH-000739	DepMap/Harmonizome cell-line mapping; verified row exists in local CRISPRGeneEffect.csv	RPS19	79	4976	145473	9624	log1p(raw_counts_per_cell_total * 10000)	50	16.131561070914373	0.0967043637180262	1.3385173964367527	1.0718721624479115	0.885587493073993	-2.441627026930121	1.0	True	True	both
gse264667_hepg2_day7	HepG2 day 7	HepG2	ACH-000739	DepMap/Harmonizome cell-line mapping; verified row exists in local CRISPRGeneEffect.csv	RPS19BP1	68	4976	145473	9624	log1p(raw_counts_per_cell_total * 10000)	50	8.957171603334558	0.0568068312427109	0.7009205914427806	0.5807086095118521	0.484561856218458	-0.7403945087425664	0.7404662569101296	True	True	both
gse264667_hepg2_day7	HepG2 day 7	HepG2	ACH-000739	DepMap/Harmonizome cell-line mapping; verified row exists in local CRISPRGeneEffect.csv	RPS20	59	4976	145473	9624	log1p(raw_counts_per_cell_total * 10000)	50	11.61040317613455	0.0767424076837108	0.8323766893641004	0.6715860240459741	0.5632979446631566	-2.724206855482279	1.0	True	True	both
gse264667_hepg2_day7	HepG2 day 7	HepG2	ACH-000739	DepMap/Harmonizome cell-line mapping; verified row exists in local CRISPRGeneEffect.csv	RPS24	66	4976	145473	9624	log1p(raw_counts_per_cell_total * 10000)	50	13.061596833312173	0.0844637594112544	1.0101395647180476	0.7865100168006504	0.645922095243592	-1.9614562241763844	1.0	True	True	both
gse264667_hepg2_day7	HepG2 day 7	HepG2	ACH-000739	DepMap/Harmonizome cell-line mapping; verified row exists in local CRISPRGeneEffect.csv	RPS27A	116	4976	145473	9624	log1p(raw_counts_per_cell_total * 10000)	50	12.98714015113239	0.0822238885510598	1.0273054660264809	0.7998053922018813	0.6511059974213015	-1.7585451216582195	0.999192403969478	True	True	both
gse264667_hepg2_day7	HepG2 day 7	HepG2	ACH-000739	DepMap/Harmonizome cell-line mapping; verified row exists in local CRISPRGeneEffect.csv	RPS29	99	4976	145473	9624	log1p(raw_counts_per_cell_total * 10000)	50	8.11183084846857	0.0539990705686434	0.5874012727577527	0.4632540747049016	0.3889743979098797	-2.888244315242304	1.0	True	True	both
gse264667_hepg2_day7	HepG2 day 7	HepG2	ACH-000739	DepMap/Harmonizome cell-line mapping; verified row exists in local CRISPRGeneEffect.csv	RPS3	54	4976	145473	9624	log1p(raw_counts_per_cell_total * 10000)	50	12.52124453444013	0.0821434821343304	0.943928188664968	0.7257756367573358	0.6005485747707381	-2.769166935690176	1.0	True	True	both
gse264667_hepg2_day7	HepG2 day 7	HepG2	ACH-000739	DepMap/Harmonizome cell-line mapping; verified row exists in local CRISPRGeneEffect.csv	RPS3A	53	4976	145473	9624	log1p(raw_counts_per_cell_total * 10000)	50	13.536372216041451	0.0870576222738332	1.0231350322744144	0.8106981492066458	0.6805830925483894	-3.0447272781770165	1.0	True	True	both
gse264667_hepg2_day7	HepG2 day 7	HepG2	ACH-000739	DepMap/Harmonizome cell-line mapping; verified row exists in local CRISPRGeneEffect.csv	RPS6	68	4976	145473	9624	log1p(raw_counts_per_cell_total * 10000)	50	13.377512241291685	0.0871249935542528	1.0135014785902472	0.7865764625935426	0.6509227512024905	-2.6433183886995497	1.0	True	True	both
gse264667_hepg2_day7	HepG2 day 7	HepG2	ACH-000739	DepMap/Harmonizome cell-line mapping; verified row exists in local CRISPRGeneEffect.csv	RPS7	71	4976	145473	9624	log1p(raw_counts_per_cell_total * 10000)	50	12.50171155986512	0.0786666492390124	0.988878965940332	0.7878222048225291	0.6510706671034674	-2.0298867444853803	0.9999850633517487	True	True	both
gse264667_hepg2_day7	HepG2 day 7	HepG2	ACH-000739	DepMap/Harmonizome cell-line mapping; verified row exists in local CRISPRGeneEffect.csv	RPS8	60	4976	145473	9624	log1p(raw_counts_per_cell_total * 10000)	50	13.523927161169922	0.0885276470168902	1.0023949534769918	0.7843639523056651	0.6501631046813202	-2.976717510828258	1.0	True	True	both
gse264667_hepg2_day7	HepG2 day 7	HepG2	ACH-000739	DepMap/Harmonizome cell-line mapping; verified row exists in local CRISPRGeneEffect.csv	RPS9	72	4976	145473	9624	log1p(raw_counts_per_cell_total * 10000)	50	12.302605742259002	0.0793159287306795	0.9430085595260618	0.7334540523757055	0.6043846854095678	-2.052803914612096	1.0	True	True	both
gse264667_hepg2_day7	HepG2 day 7	HepG2	ACH-000739	DepMap/Harmonizome cell-line mapping; verified row exists in local CRISPRGeneEffect.csv	RPUSD3	76	4976	145473	9624	log1p(raw_counts_per_cell_total * 10000)	50	4.881216137172224	0.0353282578522064	0.2858403005532889	0.2404551962911351	0.2076282345628995	-0.0077263667439589	0.0457504947361197	True	True	both
gse264667_hepg2_day7	HepG2 day 7	HepG2	ACH-000739	DepMap/Harmonizome cell-line mapping; verified row exists in local CRISPRGeneEffect.csv	RRM2	54	4976	145473	9624	log1p(raw_counts_per_cell_total * 10000)	50	10.258692906126363	0.0672553413294521	0.7303371592790736	0.60296753382407	0.5142621895927784	-2.6780318936819367	1.0	True	True	both
gse264667_hepg2_day7	HepG2 day 7	HepG2	ACH-000739	DepMap/Harmonizome cell-line mapping; verified row exists in local CRISPRGeneEffect.csv	RRP12	69	4976	145473	9624	log1p(raw_counts_per_cell_total * 10000)	50	11.547832922136712	0.0702111518414053	0.9431594648699017	0.7818730475471466	0.6449123343118052	-0.9690153160019316	0.9514484531220908	True	True	both
gse264667_hepg2_day7	HepG2 day 7	HepG2	ACH-000739	DepMap/Harmonizome cell-line mapping; verified row exists in local CRISPRGeneEffect.csv	RRP7A	68	4976	145473	9624	log1p(raw_counts_per_cell_total * 10000)	50	10.08520619791944	0.0627513921601776	0.8055642270990926	0.6654841900285592	0.5581491187025205	-0.7666773056387529	0.9184337903168328	True	True	both
gse264667_hepg2_day7	HepG2 day 7	HepG2	ACH-000739	DepMap/Harmonizome cell-line mapping; verified row exists in local CRISPRGeneEffect.csv	RRP9	84	4976	145473	9624	log1p(raw_counts_per_cell_total * 10000)	50	4.877929169396702	0.0342709386814499	0.338608164657636	0.2735616281739009	0.2295419697506306	-0.7653740930912747	0.7494109994055008	True	True	both
gse264667_hepg2_day7	HepG2 day 7	HepG2	ACH-000739	DepMap/Harmonizome cell-line mapping; verified row exists in local CRISPRGeneEffect.csv	RRS1	137	4976	145473	9624	log1p(raw_counts_per_cell_total * 10000)	50	12.219803045951222	0.0725413186976891	1.0128293573835483	0.8281441533741026	0.6875508121087242	-1.2873258450531615	0.9805011124984322	True	True	both
gse264667_hepg2_day7	HepG2 day 7	HepG2	ACH-000739	DepMap/Harmonizome cell-line mapping; verified row exists in local CRISPRGeneEffect.csv	RSL1D1	166	4976	145473	9624	log1p(raw_counts_per_cell_total * 10000)	50	5.508958207385029	0.0345586945943592	0.4631112469509945	0.3682135146166062	0.3018829847601981	-1.365325491652745	0.9851867007135888	True	True	both
gse264667_hepg2_day7	HepG2 day 7	HepG2	ACH-000739	DepMap/Harmonizome cell-line mapping; verified row exists in local CRISPRGeneEffect.csv	RTEL1	263	4976	145473	9624	log1p(raw_counts_per_cell_total * 10000)	50	2.3768134125669445	0.0168638099252396	0.1814531115055062	0.1294662512775296	0.103993569261228	-0.5298323204858683	0.7199910403054715	True	True	both
gse264667_hepg2_day7	HepG2 day 7	HepG2	ACH-000739	DepMap/Harmonizome cell-line mapping; verified row exists in local CRISPRGeneEffect.csv	RTRAF	112	4976	145473	9624	log1p(raw_counts_per_cell_total * 10000)	50	3.881200740352029	0.0270873941000728	0.3044143987566187	0.2199882699598865	0.1755535983471123	-0.2215763452580197	0.1073549388826838	True	True	both
gse264667_hepg2_day7	HepG2 day 7	HepG2	ACH-000739	DepMap/Harmonizome cell-line mapping; verified row exists in local CRISPRGeneEffect.csv	RUVBL1	53	4976	145473	9624	log1p(raw_counts_per_cell_total * 10000)	50	16.21223473383318	0.1059384598332675	1.111650056783893	0.9164976658316192	0.7900115604805731	-1.270317682493033	0.9999826933627048	True	True	both
gse264667_hepg2_day7	HepG2 day 7	HepG2	ACH-000739	DepMap/Harmonizome cell-line mapping; verified row exists in local CRISPRGeneEffect.csv	SAE1	56	4976	145473	9624	log1p(raw_counts_per_cell_total * 10000)	50	6.887889075983159	0.045398916780414	0.5612542502615762	0.4516672692767725	0.3691178857073827	-1.4017087969055655	0.9992231927140311	True	True	both
gse264667_hepg2_day7	HepG2 day 7	HepG2	ACH-000739	DepMap/Harmonizome cell-line mapping; verified row exists in local CRISPRGeneEffect.csv	SART1	113	4976	145473	9624	log1p(raw_counts_per_cell_total * 10000)	50	15.229582231930657	0.0970569619607885	1.0903000984390296	0.8998659747029006	0.7628857264035013	-0.8290640240175301	0.967496893421536	True	True	both
gse264667_hepg2_day7	HepG2 day 7	HepG2	ACH-000739	DepMap/Harmonizome cell-line mapping; verified row exists in local CRISPRGeneEffect.csv	SART3	355	4976	145473	9624	log1p(raw_counts_per_cell_total * 10000)	50	6.08879534284943	0.0401076135779054	0.4015718778782056	0.3421635910113387	0.296155430243069	-1.7695293169874893	0.9944585613456944	True	True	both
gse264667_hepg2_day7	HepG2 day 7	HepG2	ACH-000739	DepMap/Harmonizome cell-line mapping; verified row exists in local CRISPRGeneEffect.csv	SASS6	63	4976	145473	9624	log1p(raw_counts_per_cell_total * 10000)	50	4.794442446806384	0.03515624289749	0.2988801443314449	0.2516917948284293	0.2126515398135685	-0.5987929233597082	0.8071614883791983	True	True	both
gse264667_hepg2_day7	HepG2 day 7	HepG2	ACH-000739	DepMap/Harmonizome cell-line mapping; verified row exists in local CRISPRGeneEffect.csv	SBNO1	65	4976	145473	9624	log1p(raw_counts_per_cell_total * 10000)	50	4.593865465710387	0.0342428179682546	0.2596506434467266	0.2122417196800415	0.1827317516224307	-1.1834735894400583	0.9747202770066428	True	True	both
gse264667_hepg2_day7	HepG2 day 7	HepG2	ACH-000739	DepMap/Harmonizome cell-line mapping; verified row exists in local CRISPRGeneEffect.csv	SCAF1	82	4976	145473	9624	log1p(raw_counts_per_cell_total * 10000)	50	7.862950083794242	0.0529251959685587	0.5500704443127333	0.4593143023276423	0.3910511555945281	-0.1903356676944613	0.0468875230920822	True	True	both
gse264667_hepg2_day7	HepG2 day 7	HepG2	ACH-000739	DepMap/Harmonizome cell-line mapping; verified row exists in local CRISPRGeneEffect.csv	SCAP	98	4976	145473	9624	log1p(raw_counts_per_cell_total * 10000)	50	5.103208196862823	0.034045305051861	0.4016971993360084	0.3243736117598606	0.2662325438231465	-0.0922842875508214	0.0429916858066458	True	True	both
gse264667_hepg2_day7	HepG2 day 7	HepG2	ACH-000739	DepMap/Harmonizome cell-line mapping; verified row exists in local CRISPRGeneEffect.csv	SCD	74	4976	145473	9624	log1p(raw_counts_per_cell_total * 10000)	50	7.181307883876997	0.0461197072122339	0.6284560834427261	0.4756560504399716	0.3835264725622576	-0.9174698938841742	0.9441426022344624	True	True	both
gse264667_hepg2_day7	HepG2 day 7	HepG2	ACH-000739	DepMap/Harmonizome cell-line mapping; verified row exists in local CRISPRGeneEffect.csv	SCFD1	54	4976	145473	9624	log1p(raw_counts_per_cell_total * 10000)	50	9.017190930356511	0.0605259238506909	0.6128848310341493	0.5209334071580081	0.4398785271107207	-1.8037008137946176	0.9998413889249056	True	True	both
gse264667_hepg2_day7	HepG2 day 7	HepG2	ACH-000739	DepMap/Harmonizome cell-line mapping; verified row exists in local CRISPRGeneEffect.csv	SDAD1	68	4976	145473	9624	log1p(raw_counts_per_cell_total * 10000)	50	11.859136450650896	0.0726989258384751	0.9774505446558416	0.7980989293217925	0.6564828425287884	-1.2791608761141686	0.9535549527892332	True	True	both
gse264667_hepg2_day7	HepG2 day 7	HepG2	ACH-000739	DepMap/Harmonizome cell-line mapping; verified row exists in local CRISPRGeneEffect.csv	SDC1	67	4976	145473	9624	log1p(raw_counts_per_cell_total * 10000)	50	6.724119427209192	0.0453961427497495	0.4713321394904799	0.3919850069000251	0.3327074714632946	-0.1288767031343321	0.0416153344745646	True	True	both
gse264667_hepg2_day7	HepG2 day 7	HepG2	ACH-000739	DepMap/Harmonizome cell-line mapping; verified row exists in local CRISPRGeneEffect.csv	SDHAF2	79	4976	145473	9624	log1p(raw_counts_per_cell_total * 10000)	50	3.760849761524784	0.0280117252589952	0.2294222278769813	0.1769975816578998	0.1493635710686066	-0.3957333852919827	0.4833735661658303	True	True	both
gse264667_hepg2_day7	HepG2 day 7	HepG2	ACH-000739	DepMap/Harmonizome cell-line mapping; verified row exists in local CRISPRGeneEffect.csv	SEC16A	102	4976	145473	9624	log1p(raw_counts_per_cell_total * 10000)	50	3.3667392244666616	0.0256457547234129	0.1724841122163295	0.1467641819878883	0.1275217187678847	-0.257252545953643	0.3442893257993309	True	True	both
gse264667_hepg2_day7	HepG2 day 7	HepG2	ACH-000739	DepMap/Harmonizome cell-line mapping; verified row exists in local CRISPRGeneEffect.csv	SEC61A1	110	4976	145473	9624	log1p(raw_counts_per_cell_total * 10000)	50	9.892883769362674	0.0618792684955348	0.7338309466856342	0.611786409336472	0.5151847326111577	-1.9452722057986984	0.9999921694677432	True	True	both
gse264667_hepg2_day7	HepG2 day 7	HepG2	ACH-000739	DepMap/Harmonizome cell-line mapping; verified row exists in local CRISPRGeneEffect.csv	SEC61G	74	4976	145473	9624	log1p(raw_counts_per_cell_total * 10000)	50	12.985236678617134	0.0806780170492619	0.9707428105917912	0.8042096958832878	0.6767022145136464	-1.065129574600402	0.9475467701122926	True	True	both
gse264667_hepg2_day7	HepG2 day 7	HepG2	ACH-000739	DepMap/Harmonizome cell-line mapping; verified row exists in local CRISPRGeneEffect.csv	SEH1L	83	4976	145473	9624	log1p(raw_counts_per_cell_total * 10000)	50	5.205079823528712	0.0369202735352491	0.3310229224649867	0.2742863722880415	0.2346199455864555	-0.5915146837328117	0.5161653857855352	True	True	both
gse264667_hepg2_day7	HepG2 day 7	HepG2	ACH-000739	DepMap/Harmonizome cell-line mapping; verified row exists in local CRISPRGeneEffect.csv	SEM1	100	4976	145473	9624	log1p(raw_counts_per_cell_total * 10000)	50	6.008088709353896	0.040193124703626	0.4231308891888637	0.3521912114030978	0.2962715666775535	-1.271438476585321	0.975831669676147	True	True	both
gse264667_hepg2_day7	HepG2 day 7	HepG2	ACH-000739	DepMap/Harmonizome cell-line mapping; verified row exists in local CRISPRGeneEffect.csv	SEPHS2	56	4976	145473	9624	log1p(raw_counts_per_cell_total * 10000)	50	4.497659525614976	0.033064479202793	0.3022487248498117	0.2117039772676459	0.1723838597994604	-0.9324366249985756	0.9654057704556172	True	True	both
gse264667_hepg2_day7	HepG2 day 7	HepG2	ACH-000739	DepMap/Harmonizome cell-line mapping; verified row exists in local CRISPRGeneEffect.csv	SEPSECS	51	4976	145473	9624	log1p(raw_counts_per_cell_total * 10000)	50	4.583721133918378	0.0352003227507628	0.237739908560236	0.1972003882247452	0.1713259051265856	-1.4620951782135516	0.9980086419157316	True	True	both
gse264667_hepg2_day7	HepG2 day 7	HepG2	ACH-000739	DepMap/Harmonizome cell-line mapping; verified row exists in local CRISPRGeneEffect.csv	SERPINB1	67	4976	145473	9624	log1p(raw_counts_per_cell_total * 10000)	50	4.531278584778934	0.0318751425132686	0.345295339932031	0.248065163215366	0.1990233220911226	-0.0552596211208811	0.0112423618759087	True	True	both
gse264667_hepg2_day7	HepG2 day 7	HepG2	ACH-000739	DepMap/Harmonizome cell-line mapping; verified row exists in local CRISPRGeneEffect.csv	SETD1A	81	4976	145473	9624	log1p(raw_counts_per_cell_total * 10000)	50	11.3497259991105	0.0705098568243297	0.9400219726906596	0.732435509484397	0.6024974515587249	-0.6277315475098448	0.7552332415243221	True	True	both
gse264667_hepg2_day7	HepG2 day 7	HepG2	ACH-000739	DepMap/Harmonizome cell-line mapping; verified row exists in local CRISPRGeneEffect.csv	SETD5	52	4976	145473	9624	log1p(raw_counts_per_cell_total * 10000)	50	5.301645992937627	0.038215059366218	0.3597792661379396	0.2876601563236508	0.2377466312891659	-0.4007488574499566	0.3617734714823605	True	True	both
gse264667_hepg2_day7	HepG2 day 7	HepG2	ACH-000739	DepMap/Harmonizome cell-line mapping; verified row exists in local CRISPRGeneEffect.csv	SETDB1	62	4976	145473	9624	log1p(raw_counts_per_cell_total * 10000)	50	4.476711282044997	0.032855179658585	0.301090061426346	0.232957806621292	0.1918792183781971	0.1374375278700237	0.0054075581552865	True	True	both
gse264667_hepg2_day7	HepG2 day 7	HepG2	ACH-000739	DepMap/Harmonizome cell-line mapping; verified row exists in local CRISPRGeneEffect.csv	SETX	92	4976	145473	9624	log1p(raw_counts_per_cell_total * 10000)	50	4.211790958276928	0.0295096348113572	0.3610548147303348	0.2619629939493871	0.2019697053294603	-0.1500800773230358	0.1033704724885575	True	True	both
gse264667_hepg2_day7	HepG2 day 7	HepG2	ACH-000739	DepMap/Harmonizome cell-line mapping; verified row exists in local CRISPRGeneEffect.csv	SF3A2	103	4976	145473	9624	log1p(raw_counts_per_cell_total * 10000)	50	7.212957980164969	0.0482389601676324	0.4941745117940629	0.4068130513348026	0.3483166202160357	-1.347169736832893	0.9983657695767392	True	True	both
gse264667_hepg2_day7	HepG2 day 7	HepG2	ACH-000739	DepMap/Harmonizome cell-line mapping; verified row exists in local CRISPRGeneEffect.csv	SF3B1	77	4976	145473	9624	log1p(raw_counts_per_cell_total * 10000)	50	8.282404143435159	0.0555635606527987	0.5435186522189125	0.4585309447028539	0.3948254545207871	-1.1589452117684411	0.9616724171430064	True	True	both
gse264667_hepg2_day7	HepG2 day 7	HepG2	ACH-000739	DepMap/Harmonizome cell-line mapping; verified row exists in local CRISPRGeneEffect.csv	SF3B3	326	4976	145473	9624	log1p(raw_counts_per_cell_total * 10000)	50	15.787684268322549	0.1037050182791276	1.004013669607884	0.8510430970748832	0.7332784493127043	-2.254025248915676	1.0	True	True	both
gse264667_hepg2_day7	HepG2 day 7	HepG2	ACH-000739	DepMap/Harmonizome cell-line mapping; verified row exists in local CRISPRGeneEffect.csv	SF3B5	103	4976	145473	9624	log1p(raw_counts_per_cell_total * 10000)	50	15.695354242046948	0.1034141101421077	1.032277298360576	0.8501398858777204	0.7313201112250962	-2.740926562069143	1.0	True	True	both
gse264667_hepg2_day7	HepG2 day 7	HepG2	ACH-000739	DepMap/Harmonizome cell-line mapping; verified row exists in local CRISPRGeneEffect.csv	SFPQ	78	4976	145473	9624	log1p(raw_counts_per_cell_total * 10000)	50	14.358448423519636	0.0913955775055264	1.1495952734668935	0.9275241224618804	0.7602561277743064	-1.3810662365446462	0.9923415076501674	True	True	both
gse264667_hepg2_day7	HepG2 day 7	HepG2	ACH-000739	DepMap/Harmonizome cell-line mapping; verified row exists in local CRISPRGeneEffect.csv	SHC1	65	4976	145473	9624	log1p(raw_counts_per_cell_total * 10000)	50	3.8300634723208575	0.0291646507175393	0.1889047157486708	0.155566894195063	0.1375611686363936	-0.1270350439800495	0.0236268031743132	True	True	both
gse264667_hepg2_day7	HepG2 day 7	HepG2	ACH-000739	DepMap/Harmonizome cell-line mapping; verified row exists in local CRISPRGeneEffect.csv	SHOC2	61	4976	145473	9624	log1p(raw_counts_per_cell_total * 10000)	50	5.932196314340024	0.0407053504088096	0.4680122788081585	0.3704248424963968	0.301615137650316	-1.1094066765416692	0.9551703101372304	True	True	both
gse264667_hepg2_day7	HepG2 day 7	HepG2	ACH-000739	DepMap/Harmonizome cell-line mapping; verified row exists in local CRISPRGeneEffect.csv	SHQ1	171	4976	145473	9624	log1p(raw_counts_per_cell_total * 10000)	50	2.842254677798529	0.02154364357872	0.1397470564293692	0.1212645366292574	0.1073608369417537	-0.589029623039564	0.8242182582662669	True	True	both
gse264667_hepg2_day7	HepG2 day 7	HepG2	ACH-000739	DepMap/Harmonizome cell-line mapping; verified row exists in local CRISPRGeneEffect.csv	SIN3A	90	4976	145473	9624	log1p(raw_counts_per_cell_total * 10000)	50	4.2904004228387045	0.0312995657208364	0.2840542755403335	0.2184863886693728	0.1826396599694608	-1.0666865249104445	0.9256991671635836	True	True	both
gse264667_hepg2_day7	HepG2 day 7	HepG2	ACH-000739	DepMap/Harmonizome cell-line mapping; verified row exists in local CRISPRGeneEffect.csv	SIRT7	242	4976	145473	9624	log1p(raw_counts_per_cell_total * 10000)	50	3.07420563392437	0.0210389915830198	0.252256655103819	0.1883952575833985	0.1492023378919856	-0.0974305229138879	0.0334862771545031	True	True	both
gse264667_hepg2_day7	HepG2 day 7	HepG2	ACH-000739	DepMap/Harmonizome cell-line mapping; verified row exists in local CRISPRGeneEffect.csv	SKA3	57	4976	145473	9624	log1p(raw_counts_per_cell_total * 10000)	50	6.662804084872378	0.0467012043414957	0.4582120780540999	0.3646134468644766	0.3060536652724901	-0.5382549292863862	0.441344323267036	True	True	both
gse264667_hepg2_day7	HepG2 day 7	HepG2	ACH-000739	DepMap/Harmonizome cell-line mapping; verified row exists in local CRISPRGeneEffect.csv	SKP1	54	4976	145473	9624	log1p(raw_counts_per_cell_total * 10000)	50	7.44046905258227	0.049788345902708	0.5607055231391099	0.4489176441636934	0.3745733433087183	-1.465728096091294	0.9779500024558108	True	True	both
gse264667_hepg2_day7	HepG2 day 7	HepG2	ACH-000739	DepMap/Harmonizome cell-line mapping; verified row exists in local CRISPRGeneEffect.csv	SLC16A5	54	4976	145473	9624	log1p(raw_counts_per_cell_total * 10000)	50	8.076255003257767	0.054345702466254	0.5701393615827098	0.4738387001389856	0.401124475154462	-0.3028643405248915	0.2075776993777446	True	True	both
gse264667_hepg2_day7	HepG2 day 7	HepG2	ACH-000739	DepMap/Harmonizome cell-line mapping; verified row exists in local CRISPRGeneEffect.csv	SLC1A5	631	4976	145473	9624	log1p(raw_counts_per_cell_total * 10000)	50	1.41451352835999	0.0103393919555968	0.0815963210364691	0.0635494185316566	0.0539334302228044	0.0277504994483582	0.0944867914504033	True	True	both
gse264667_hepg2_day7	HepG2 day 7	HepG2	ACH-000739	DepMap/Harmonizome cell-line mapping; verified row exists in local CRISPRGeneEffect.csv	SLC25A10	54	4976	145473	9624	log1p(raw_counts_per_cell_total * 10000)	50	6.304850490698902	0.0439082706977834	0.4255641650264876	0.3468510193526942	0.2933251137039619	-0.2832153745458421	0.3732327551376557	True	True	both
gse264667_hepg2_day7	HepG2 day 7	HepG2	ACH-000739	DepMap/Harmonizome cell-line mapping; verified row exists in local CRISPRGeneEffect.csv	SLC25A42	73	4976	145473	9624	log1p(raw_counts_per_cell_total * 10000)	50	12.70601025199113	0.0760311848650799	1.1475029310910854	0.8647988732508227	0.7096412207725831	-0.2385753207477651	0.1178716308383987	True	True	both
gse264667_hepg2_day7	HepG2 day 7	HepG2	ACH-000739	DepMap/Harmonizome cell-line mapping; verified row exists in local CRISPRGeneEffect.csv	SLC2A8	66	4976	145473	9624	log1p(raw_counts_per_cell_total * 10000)	50	6.556676934921085	0.044772310140372	0.4561836152468618	0.376853277815411	0.319094792248781	0.140069459778121	0.0064029703812629	True	True	both
gse264667_hepg2_day7	HepG2 day 7	HepG2	ACH-000739	DepMap/Harmonizome cell-line mapping; verified row exists in local CRISPRGeneEffect.csv	SLC35G2	174	4976	145473	9624	log1p(raw_counts_per_cell_total * 10000)	50	2.568313920539124	0.0192566917518905	0.141358938053743	0.1153299048606775	0.0992879047655421	0.0923532080856157	0.0090818381515436	True	True	both
gse264667_hepg2_day7	HepG2 day 7	HepG2	ACH-000739	DepMap/Harmonizome cell-line mapping; verified row exists in local CRISPRGeneEffect.csv	SLC7A5	137	4976	145473	9624	log1p(raw_counts_per_cell_total * 10000)	50	2.9110127678463056	0.0218344830390625	0.1659682297229533	0.1332168724360375	0.1146434719093085	0.3612702577025945	0.0005043741881874	True	True	both
gse264667_hepg2_day7	HepG2 day 7	HepG2	ACH-000739	DepMap/Harmonizome cell-line mapping; verified row exists in local CRISPRGeneEffect.csv	SLC7A6OS	51	4976	145473	9624	log1p(raw_counts_per_cell_total * 10000)	50	10.463616232217452	0.0720322493630954	0.6748326501698054	0.5611408767041344	0.4785371701704634	-0.8328591019809495	0.9582736881958972	True	True	both
gse264667_hepg2_day7	HepG2 day 7	HepG2	ACH-000739	DepMap/Harmonizome cell-line mapping; verified row exists in local CRISPRGeneEffect.csv	SLU7	342	4976	145473	9624	log1p(raw_counts_per_cell_total * 10000)	50	7.479759780843273	0.0487795193397317	0.4975733492944651	0.4171950895383957	0.3599087337560668	-1.471171785248435	0.9828894183620224	True	True	both
gse264667_hepg2_day7	HepG2 day 7	HepG2	ACH-000739	DepMap/Harmonizome cell-line mapping; verified row exists in local CRISPRGeneEffect.csv	SMAGP	50	4976	145473	9624	log1p(raw_counts_per_cell_total * 10000)	50	4.430664854326933	0.0340003787745549	0.2040775409897436	0.176397504394033	0.1580229125190143	-0.0188944545535866	0.0190472318101413	True	True	both
gse264667_hepg2_day7	HepG2 day 7	HepG2	ACH-000739	DepMap/Harmonizome cell-line mapping; verified row exists in local CRISPRGeneEffect.csv	SMARCB1	81	4976	145473	9624	log1p(raw_counts_per_cell_total * 10000)	50	4.565080777068393	0.0321939104338784	0.3487782842315304	0.2649330621241114	0.2125393790269869	-0.0117239157063447	0.0105156822544931	True	True	both
gse264667_hepg2_day7	HepG2 day 7	HepG2	ACH-000739	DepMap/Harmonizome cell-line mapping; verified row exists in local CRISPRGeneEffect.csv	SMC1A	76	4976	145473	9624	log1p(raw_counts_per_cell_total * 10000)	50	8.752799165615501	0.0551674155085461	0.7421532572090974	0.5939099037787253	0.4826798155913958	-1.5297126904486589	0.9971750496050972	True	True	both
gse264667_hepg2_day7	HepG2 day 7	HepG2	ACH-000739	DepMap/Harmonizome cell-line mapping; verified row exists in local CRISPRGeneEffect.csv	SMC5	75	4976	145473	9624	log1p(raw_counts_per_cell_total * 10000)	50	3.664178025592915	0.0281088416696755	0.172208020523408	0.1499156974086356	0.1328501129847279	-0.7434451256815593	0.4298297429254251	True	True	both
gse264667_hepg2_day7	HepG2 day 7	HepG2	ACH-000739	DepMap/Harmonizome cell-line mapping; verified row exists in local CRISPRGeneEffect.csv	SMG5	165	4976	145473	9624	log1p(raw_counts_per_cell_total * 10000)	50	8.48167121876048	0.047270793631707	1.0737920460944153	0.6756670445026447	0.4943937654041136	-1.3748965621206068	0.9863666964581432	True	True	both
gse264667_hepg2_day7	HepG2 day 7	HepG2	ACH-000739	DepMap/Harmonizome cell-line mapping; verified row exists in local CRISPRGeneEffect.csv	SNAPC3	86	4976	145473	9624	log1p(raw_counts_per_cell_total * 10000)	50	3.5839326491255483	0.0268788667236242	0.1986088548362261	0.1608253838290508	0.1385389410549403	-1.0106008523204038	0.968808606592736	True	True	both
gse264667_hepg2_day7	HepG2 day 7	HepG2	ACH-000739	DepMap/Harmonizome cell-line mapping; verified row exists in local CRISPRGeneEffect.csv	SNAPC5	58	4976	145473	9624	log1p(raw_counts_per_cell_total * 10000)	50	4.47407093418869	0.0335526052800804	0.2592166306866283	0.2061286504920456	0.1748916705177457	-0.5022723276921359	0.8486708652776024	True	True	both
gse264667_hepg2_day7	HepG2 day 7	HepG2	ACH-000739	DepMap/Harmonizome cell-line mapping; verified row exists in local CRISPRGeneEffect.csv	SNRNP200	116	4976	145473	9624	log1p(raw_counts_per_cell_total * 10000)	50	10.465873793086978	0.0679847926265279	0.7398684827551707	0.6184695731090079	0.5225678710841158	-1.6752423001060497	1.0	True	True	both
gse264667_hepg2_day7	HepG2 day 7	HepG2	ACH-000739	DepMap/Harmonizome cell-line mapping; verified row exists in local CRISPRGeneEffect.csv	SNRNP40	65	4976	145473	9624	log1p(raw_counts_per_cell_total * 10000)	50	4.984889685734711	0.0363948265928376	0.2790271047794453	0.2411570409207176	0.2103320950765714	-0.990879089970744	0.9697104210645254	True	True	both
gse264667_hepg2_day7	HepG2 day 7	HepG2	ACH-000739	DepMap/Harmonizome cell-line mapping; verified row exists in local CRISPRGeneEffect.csv	SNRNP48	59	4976	145473	9624	log1p(raw_counts_per_cell_total * 10000)	50	7.611360601022236	0.0513033615196383	0.5296268246948905	0.4495870162281312	0.3828189578162556	-0.4802074487362997	0.4075340061956519	True	True	both
gse264667_hepg2_day7	HepG2 day 7	HepG2	ACH-000739	DepMap/Harmonizome cell-line mapping; verified row exists in local CRISPRGeneEffect.csv	SNRNP70	70	4976	145473	9624	log1p(raw_counts_per_cell_total * 10000)	50	12.565682186295344	0.0830666557413777	0.8726152874974188	0.7265191742596471	0.6217579216325008	-1.3825868143933882	0.993644294870592	True	True	both
gse264667_hepg2_day7	HepG2 day 7	HepG2	ACH-000739	DepMap/Harmonizome cell-line mapping; verified row exists in local CRISPRGeneEffect.csv	SNRPC	112	4976	145473	9624	log1p(raw_counts_per_cell_total * 10000)	50	8.982967439060403	0.0587827210699139	0.6086571962738194	0.5211092131574786	0.44781166738792	-0.795076332114605	0.9659883895590126	True	True	both
gse264667_hepg2_day7	HepG2 day 7	HepG2	ACH-000739	DepMap/Harmonizome cell-line mapping; verified row exists in local CRISPRGeneEffect.csv	SNW1	53	4976	145473	9624	log1p(raw_counts_per_cell_total * 10000)	50	4.903473696280615	0.0371462284672259	0.2493130843289815	0.2148067114604194	0.1878687230768972	-1.546287501995665	0.995027809863578	True	True	both
gse264667_hepg2_day7	HepG2 day 7	HepG2	ACH-000739	DepMap/Harmonizome cell-line mapping; verified row exists in local CRISPRGeneEffect.csv	SNX15	125	4976	145473	9624	log1p(raw_counts_per_cell_total * 10000)	50	3.0352881574020065	0.0229634087896768	0.1523258679994145	0.1283810469198615	0.1133042092514132	-0.1796001082572054	0.1169961576757327	True	True	both
gse264667_hepg2_day7	HepG2 day 7	HepG2	ACH-000739	DepMap/Harmonizome cell-line mapping; verified row exists in local CRISPRGeneEffect.csv	SON	61	4976	145473	9624	log1p(raw_counts_per_cell_total * 10000)	50	8.539525583095308	0.0578495020269485	0.5754382062121668	0.4810403757423981	0.4128485130395334	-0.9339137686497422	0.9228178964222216	True	True	both
gse264667_hepg2_day7	HepG2 day 7	HepG2	ACH-000739	DepMap/Harmonizome cell-line mapping; verified row exists in local CRISPRGeneEffect.csv	SP1	78	4976	145473	9624	log1p(raw_counts_per_cell_total * 10000)	50	5.36296056998988	0.0378105491586032	0.3644035822659057	0.2972460681558697	0.2486701196994169	-0.1625225512824968	0.0756076522112888	True	True	both
gse264667_hepg2_day7	HepG2 day 7	HepG2	ACH-000739	DepMap/Harmonizome cell-line mapping; verified row exists in local CRISPRGeneEffect.csv	SPCS3	52	4976	145473	9624	log1p(raw_counts_per_cell_total * 10000)	50	5.332899785252902	0.0389068048390617	0.3158318974197946	0.2694069297971089	0.231310675620938	-0.8320154687875658	0.8180429755976945	True	True	both
gse264667_hepg2_day7	HepG2 day 7	HepG2	ACH-000739	DepMap/Harmonizome cell-line mapping; verified row exists in local CRISPRGeneEffect.csv	SPG7	62	4976	145473	9624	log1p(raw_counts_per_cell_total * 10000)	50	4.747892800377478	0.0349296886077907	0.2978824126356613	0.2333750786178896	0.195792209056173	0.0997864098370806	0.025325244648594	True	True	both
gse264667_hepg2_day7	HepG2 day 7	HepG2	ACH-000739	DepMap/Harmonizome cell-line mapping; verified row exists in local CRISPRGeneEffect.csv	SRA1	134	4976	145473	9624	log1p(raw_counts_per_cell_total * 10000)	50	2.879723666597155	0.0219084703116314	0.1514330438861728	0.124252361365975	0.1075726729662	-0.0207193373697908	0.0155990800219618	True	True	both
gse264667_hepg2_day7	HepG2 day 7	HepG2	ACH-000739	DepMap/Harmonizome cell-line mapping; verified row exists in local CRISPRGeneEffect.csv	SRBD1	137	4976	145473	9624	log1p(raw_counts_per_cell_total * 10000)	50	4.143582311071658	0.0288998367430324	0.2951101142355439	0.2353173412213274	0.1943547551352198	-0.8867895228202262	0.9553579661389388	True	True	both
gse264667_hepg2_day7	HepG2 day 7	HepG2	ACH-000739	DepMap/Harmonizome cell-line mapping; verified row exists in local CRISPRGeneEffect.csv	SRCAP	61	4976	145473	9624	log1p(raw_counts_per_cell_total * 10000)	50	4.158727911241218	0.0316975544375713	0.2188034507497513	0.1795532738654731	0.1559330418341209	-1.485498606303114	0.9853339940575332	True	True	both
gse264667_hepg2_day7	HepG2 day 7	HepG2	ACH-000739	DepMap/Harmonizome cell-line mapping; verified row exists in local CRISPRGeneEffect.csv	SRP14	93	4976	145473	9624	log1p(raw_counts_per_cell_total * 10000)	50	4.573943849167714	0.0316149801252245	0.3463021898001569	0.2477957865643013	0.1975861475037431	-0.8484153743427533	0.9689537728943636	True	True	both
gse264667_hepg2_day7	HepG2 day 7	HepG2	ACH-000739	DepMap/Harmonizome cell-line mapping; verified row exists in local CRISPRGeneEffect.csv	SRP54	118	4976	145473	9624	log1p(raw_counts_per_cell_total * 10000)	50	10.837729325708684	0.0657024664849224	0.8844423865204822	0.6948355375387153	0.5828225991356232	-2.64164497755569	1.0	True	True	both
gse264667_hepg2_day7	HepG2 day 7	HepG2	ACH-000739	DepMap/Harmonizome cell-line mapping; verified row exists in local CRISPRGeneEffect.csv	SRP68	131	4976	145473	9624	log1p(raw_counts_per_cell_total * 10000)	50	8.452549080487323	0.0515070640996693	0.6931302383482849	0.559283329616613	0.4655413706137131	-1.0556032480173796	0.9482578201346956	True	True	both
gse264667_hepg2_day7	HepG2 day 7	HepG2	ACH-000739	DepMap/Harmonizome cell-line mapping; verified row exists in local CRISPRGeneEffect.csv	SRP72	189	4976	145473	9624	log1p(raw_counts_per_cell_total * 10000)	50	5.485084178013329	0.0344036192522039	0.448934927605875	0.3634104953489208	0.2987150775550664	-1.2753100659230503	0.9732228359460496	True	True	both
gse264667_hepg2_day7	HepG2 day 7	HepG2	ACH-000739	DepMap/Harmonizome cell-line mapping; verified row exists in local CRISPRGeneEffect.csv	SRP9	87	4976	145473	9624	log1p(raw_counts_per_cell_total * 10000)	50	4.1173729265628936	0.0292339062214029	0.3043001934802242	0.2254881581518744	0.1810638094961689	-1.1864552032296185	0.9645982805453336	True	True	both
gse264667_hepg2_day7	HepG2 day 7	HepG2	ACH-000739	DepMap/Harmonizome cell-line mapping; verified row exists in local CRISPRGeneEffect.csv	SRPRB	80	4976	145473	9624	log1p(raw_counts_per_cell_total * 10000)	50	4.911055629054462	0.0340848425038968	0.3540801302674361	0.2815926806268573	0.2379935753468597	-0.6198496621983591	0.6557568586530631	True	True	both
gse264667_hepg2_day7	HepG2 day 7	HepG2	ACH-000739	DepMap/Harmonizome cell-line mapping; verified row exists in local CRISPRGeneEffect.csv	SRRM1	53	4976	145473	9624	log1p(raw_counts_per_cell_total * 10000)	50	5.656618220766761	0.0406480802872474	0.3767169633797199	0.3003251287952243	0.2502976302559779	-0.8573617035601372	0.9377709858615432	True	True	both
gse264667_hepg2_day7	HepG2 day 7	HepG2	ACH-000739	DepMap/Harmonizome cell-line mapping; verified row exists in local CRISPRGeneEffect.csv	SRSF11	118	4976	145473	9624	log1p(raw_counts_per_cell_total * 10000)	50	3.0984304690023707	0.0234217575931632	0.1553399004635448	0.1312279816263414	0.1167639698453401	-1.3709559392345114	0.996284855779794	True	True	both
gse264667_hepg2_day7	HepG2 day 7	HepG2	ACH-000739	DepMap/Harmonizome cell-line mapping; verified row exists in local CRISPRGeneEffect.csv	SRSF6	119	4976	145473	9624	log1p(raw_counts_per_cell_total * 10000)	50	3.8933572917408727	0.0281694110005673	0.2496637616567395	0.2001308660831292	0.1677374333386239	-0.3994131233872666	0.4326002809671476	True	True	both
gse264667_hepg2_day7	HepG2 day 7	HepG2	ACH-000739	DepMap/Harmonizome cell-line mapping; verified row exists in local CRISPRGeneEffect.csv	SRSF7	75	4976	145473	9624	log1p(raw_counts_per_cell_total * 10000)	50	7.729243399867696	0.0507910927477625	0.6006136765421386	0.4748256738250271	0.3930101917175019	-2.5045991108740884	1.0	True	True	both
gse264667_hepg2_day7	HepG2 day 7	HepG2	ACH-000739	DepMap/Harmonizome cell-line mapping; verified row exists in local CRISPRGeneEffect.csv	SSBP3	182	4976	145473	9624	log1p(raw_counts_per_cell_total * 10000)	50	2.5643935982446893	0.0191321675592229	0.1500995571313526	0.1206329399994848	0.1044712742303294	-0.2903034965624893	0.2971789411041153	True	True	both
gse264667_hepg2_day7	HepG2 day 7	HepG2	ACH-000739	DepMap/Harmonizome cell-line mapping; verified row exists in local CRISPRGeneEffect.csv	SSU72	212	4976	145473	9624	log1p(raw_counts_per_cell_total * 10000)	50	6.113330053526093	0.0376651791506765	0.5438031114111239	0.4159642225821609	0.3351526592136627	-1.8448362349483456	1.0	True	True	both
gse264667_hepg2_day7	HepG2 day 7	HepG2	ACH-000739	DepMap/Harmonizome cell-line mapping; verified row exists in local CRISPRGeneEffect.csv	STAT5B	92	4976	145473	9624	log1p(raw_counts_per_cell_total * 10000)	50	6.00373173472522	0.0380155136198732	0.521108058171917	0.3854222575444717	0.3074569803713161	-0.2079216902843076	0.0934457843127416	True	True	both
gse264667_hepg2_day7	HepG2 day 7	HepG2	ACH-000739	DepMap/Harmonizome cell-line mapping; verified row exists in local CRISPRGeneEffect.csv	STIL	115	4976	145473	9624	log1p(raw_counts_per_cell_total * 10000)	50	4.53065214994127	0.0313614898964482	0.3323744285647641	0.2681685075087809	0.2207208589470014	-0.660017518784282	0.6570279866527331	True	True	both
gse264667_hepg2_day7	HepG2 day 7	HepG2	ACH-000739	DepMap/Harmonizome cell-line mapping; verified row exists in local CRISPRGeneEffect.csv	STT3B	54	4976	145473	9624	log1p(raw_counts_per_cell_total * 10000)	50	4.729695157956217	0.0357699486095054	0.2760782842630935	0.2163968622870965	0.182986376263557	0.1105936207016998	0.0497431283053739	True	True	both
gse264667_hepg2_day7	HepG2 day 7	HepG2	ACH-000739	DepMap/Harmonizome cell-line mapping; verified row exists in local CRISPRGeneEffect.csv	STX5	55	4976	145473	9624	log1p(raw_counts_per_cell_total * 10000)	50	6.157223176455194	0.0439801930865019	0.397126143851649	0.3157919475038467	0.2697387477908031	-1.6321129232355522	0.992778346444388	True	True	both
gse264667_hepg2_day7	HepG2 day 7	HepG2	ACH-000739	DepMap/Harmonizome cell-line mapping; verified row exists in local CRISPRGeneEffect.csv	STXBP4	58	4976	145473	9624	log1p(raw_counts_per_cell_total * 10000)	50	4.21482640817874	0.0319297280934806	0.2211114259700329	0.1815949541623303	0.157511624500405	-0.0646173012391018	0.0313444529083732	True	True	both
gse264667_hepg2_day7	HepG2 day 7	HepG2	ACH-000739	DepMap/Harmonizome cell-line mapping; verified row exists in local CRISPRGeneEffect.csv	SUPT16H	60	4976	145473	9624	log1p(raw_counts_per_cell_total * 10000)	50	6.576368820950711	0.0450557516661388	0.4561143549359459	0.3815842386257514	0.319624732745425	-2.2682700519391035	1.0	True	True	both
gse264667_hepg2_day7	HepG2 day 7	HepG2	ACH-000739	DepMap/Harmonizome cell-line mapping; verified row exists in local CRISPRGeneEffect.csv	SUPT20H	81	4976	145473	9624	log1p(raw_counts_per_cell_total * 10000)	50	6.039290706361824	0.042234198249772	0.44158736408862	0.3472186308762707	0.2850748017231764	-0.0271220721079721	0.024792743317666	True	True	both
gse264667_hepg2_day7	HepG2 day 7	HepG2	ACH-000739	DepMap/Harmonizome cell-line mapping; verified row exists in local CRISPRGeneEffect.csv	SURF6	66	4976	145473	9624	log1p(raw_counts_per_cell_total * 10000)	50	10.37712248779438	0.0651187130353954	0.8419197345059937	0.6851849184687553	0.5645307546746231	-0.565098949955241	0.7151775359313065	True	True	both
gse264667_hepg2_day7	HepG2 day 7	HepG2	ACH-000739	DepMap/Harmonizome cell-line mapping; verified row exists in local CRISPRGeneEffect.csv	SYMPK	92	4976	145473	9624	log1p(raw_counts_per_cell_total * 10000)	50	12.938539233051811	0.0814903720787441	0.9463409804300412	0.7770028083966376	0.6668806413417099	-1.5334159267874643	0.9992411890212274	True	True	both
gse264667_hepg2_day7	HepG2 day 7	HepG2	ACH-000739	DepMap/Harmonizome cell-line mapping; verified row exists in local CRISPRGeneEffect.csv	SYNGR3	107	4976	145473	9624	log1p(raw_counts_per_cell_total * 10000)	50	3.756449843875984	0.026495982841865	0.2954765210804623	0.2225536383330099	0.1788427604170229	0.0028643526107378	0.0096840081251492	True	True	both
gse264667_hepg2_day7	HepG2 day 7	HepG2	ACH-000739	DepMap/Harmonizome cell-line mapping; verified row exists in local CRISPRGeneEffect.csv	SYS1	59	4976	145473	9624	log1p(raw_counts_per_cell_total * 10000)	50	6.438400977124652	0.0443063383845109	0.4690884616965562	0.3763585203667954	0.3121174896542611	-1.1912882197475418	0.9992494090673412	True	True	both
gse264667_hepg2_day7	HepG2 day 7	HepG2	ACH-000739	DepMap/Harmonizome cell-line mapping; verified row exists in local CRISPRGeneEffect.csv	TACC3	68	4976	145473	9624	log1p(raw_counts_per_cell_total * 10000)	50	5.718071648786515	0.0407608021173385	0.3605932383208433	0.304266012585085	0.2608102284579255	-0.3895062513640297	0.2489577733859689	True	True	both
gse264667_hepg2_day7	HepG2 day 7	HepG2	ACH-000739	DepMap/Harmonizome cell-line mapping; verified row exists in local CRISPRGeneEffect.csv	TADA1	63	4976	145473	9624	log1p(raw_counts_per_cell_total * 10000)	50	6.196691367520987	0.0439685887848787	0.4164362541894018	0.3310866682655781	0.2781048947563957	-0.2273690199673168	0.0902814851800514	True	True	both
gse264667_hepg2_day7	HepG2 day 7	HepG2	ACH-000739	DepMap/Harmonizome cell-line mapping; verified row exists in local CRISPRGeneEffect.csv	TAF10	50	4976	145473	9624	log1p(raw_counts_per_cell_total * 10000)	50	10.024719705772846	0.0673930334221284	0.692281597116408	0.5796079340102769	0.4976489366741379	-0.9547612959191456	0.9384224820934152	True	True	both
gse264667_hepg2_day7	HepG2 day 7	HepG2	ACH-000739	DepMap/Harmonizome cell-line mapping; verified row exists in local CRISPRGeneEffect.csv	TAF11	61	4976	145473	9624	log1p(raw_counts_per_cell_total * 10000)	50	5.214629299056425	0.0372399927872192	0.3620574106420805	0.288164932970046	0.236594036815221	-0.0703794982326566	0.0110129968731846	True	True	both
gse264667_hepg2_day7	HepG2 day 7	HepG2	ACH-000739	DepMap/Harmonizome cell-line mapping; verified row exists in local CRISPRGeneEffect.csv	TAF12	53	4976	145473	9624	log1p(raw_counts_per_cell_total * 10000)	50	11.606686302271086	0.075087539182068	0.8395262285224734	0.6922492077132012	0.5949950187631523	-0.8815892275626926	0.8570499562919262	True	True	both
gse264667_hepg2_day7	HepG2 day 7	HepG2	ACH-000739	DepMap/Harmonizome cell-line mapping; verified row exists in local CRISPRGeneEffect.csv	TAF13	134	4976	145473	9624	log1p(raw_counts_per_cell_total * 10000)	50	6.166459657545804	0.0378588869999718	0.5669155672015112	0.4475513387888805	0.3601235327228989	-0.5797526272291154	0.5840722142688722	True	True	both
gse264667_hepg2_day7	HepG2 day 7	HepG2	ACH-000739	DepMap/Harmonizome cell-line mapping; verified row exists in local CRISPRGeneEffect.csv	TAF1D	114	4976	145473	9624	log1p(raw_counts_per_cell_total * 10000)	50	4.287209689819564	0.0296492156851437	0.3088285475516433	0.2486337071982053	0.2053205283191486	-0.521742294915072	0.2343845389936289	True	True	both
gse264667_hepg2_day7	HepG2 day 7	HepG2	ACH-000739	DepMap/Harmonizome cell-line mapping; verified row exists in local CRISPRGeneEffect.csv	TAF3	68	4976	145473	9624	log1p(raw_counts_per_cell_total * 10000)	50	6.64283647588204	0.0446548701261897	0.4990848956612987	0.4117816378900308	0.3454895964062848	-0.4339992822365673	0.4877911465442904	True	True	both
gse264667_hepg2_day7	HepG2 day 7	HepG2	ACH-000739	DepMap/Harmonizome cell-line mapping; verified row exists in local CRISPRGeneEffect.csv	TAF5	60	4976	145473	9624	log1p(raw_counts_per_cell_total * 10000)	50	10.956187959243382	0.0683295540634948	0.8808271592314227	0.7130894375861685	0.6022311014663997	-0.7271390238058013	0.9173005535451424	True	True	both
gse264667_hepg2_day7	HepG2 day 7	HepG2	ACH-000739	DepMap/Harmonizome cell-line mapping; verified row exists in local CRISPRGeneEffect.csv	TAF7	53	4976	145473	9624	log1p(raw_counts_per_cell_total * 10000)	50	10.503699447743315	0.0701262603873336	0.7209399880827065	0.5870847328095341	0.5072456098106981	-0.6814427166103454	0.8659973915981141	True	True	both
gse264667_hepg2_day7	HepG2 day 7	HepG2	ACH-000739	DepMap/Harmonizome cell-line mapping; verified row exists in local CRISPRGeneEffect.csv	TAF8	68	4976	145473	9624	log1p(raw_counts_per_cell_total * 10000)	50	12.885134544537223	0.0804120071370672	0.9698106806931538	0.7950559871484153	0.6834980094136535	-0.8398738292384709	0.9551391381985004	True	True	both
gse264667_hepg2_day7	HepG2 day 7	HepG2	ACH-000739	DepMap/Harmonizome cell-line mapping; verified row exists in local CRISPRGeneEffect.csv	TANGO6	99	4976	145473	9624	log1p(raw_counts_per_cell_total * 10000)	50	10.775993767317717	0.0717378188919319	0.6903601240459653	0.583645118554003	0.5039375291079552	-1.3781959131417056	0.9725964077514097	True	True	both
gse264667_hepg2_day7	HepG2 day 7	HepG2	ACH-000739	DepMap/Harmonizome cell-line mapping; verified row exists in local CRISPRGeneEffect.csv	TARDBP	262	4976	145473	9624	log1p(raw_counts_per_cell_total * 10000)	50	4.709016867107306	0.0297733124187389	0.3824053405595976	0.3098448317416766	0.2538427033314248	-1.0365867457089637	0.9715804189955468	True	True	both
gse264667_hepg2_day7	HepG2 day 7	HepG2	ACH-000739	DepMap/Harmonizome cell-line mapping; verified row exists in local CRISPRGeneEffect.csv	TARS2	62	4976	145473	9624	log1p(raw_counts_per_cell_total * 10000)	50	6.543857885919317	0.0470650601052588	0.3600973740826525	0.3096624607582958	0.2719480777642151	-0.572263104596916	0.9098434301869665	True	True	both
gse264667_hepg2_day7	HepG2 day 7	HepG2	ACH-000739	DepMap/Harmonizome cell-line mapping; verified row exists in local CRISPRGeneEffect.csv	TBC1D28	61	4976	145473	9624	log1p(raw_counts_per_cell_total * 10000)	50	4.015450221593785	0.0307861720789785	0.1818815801238104	0.1587626762165439	0.1434334154162726	-0.3082042610794427	0.220119676333452	True	True	both
gse264667_hepg2_day7	HepG2 day 7	HepG2	ACH-000739	DepMap/Harmonizome cell-line mapping; verified row exists in local CRISPRGeneEffect.csv	TBCA	72	4976	145473	9624	log1p(raw_counts_per_cell_total * 10000)	50	4.026828971685321	0.0295750886171485	0.2517261898846732	0.1897496014725844	0.1584822508339344	-1.0735197164103127	0.9773361090875644	True	True	both
gse264667_hepg2_day7	HepG2 day 7	HepG2	ACH-000739	DepMap/Harmonizome cell-line mapping; verified row exists in local CRISPRGeneEffect.csv	TBCB	55	4976	145473	9624	log1p(raw_counts_per_cell_total * 10000)	50	8.155731730701234	0.0566199270194634	0.4839723880635234	0.4203912000080739	0.3665781124691882	-0.2798394530316956	0.4516916966516299	True	True	both
gse264667_hepg2_day7	HepG2 day 7	HepG2	ACH-000739	DepMap/Harmonizome cell-line mapping; verified row exists in local CRISPRGeneEffect.csv	TBCD	64	4976	145473	9624	log1p(raw_counts_per_cell_total * 10000)	50	4.445291079533634	0.0327953906127251	0.2867535268863921	0.2245086193386274	0.1855133071110563	-0.9356759212673572	0.9438515062031058	True	True	both
gse264667_hepg2_day7	HepG2 day 7	HepG2	ACH-000739	DepMap/Harmonizome cell-line mapping; verified row exists in local CRISPRGeneEffect.csv	TBCE	87	4976	145473	9624	log1p(raw_counts_per_cell_total * 10000)	50	3.7749817884090944	0.0286579952475178	0.1894459588074425	0.1619397753606446	0.1430871540894676	-0.8670416234160131	0.8559022402188836	True	True	both
gse264667_hepg2_day7	HepG2 day 7	HepG2	ACH-000739	DepMap/Harmonizome cell-line mapping; verified row exists in local CRISPRGeneEffect.csv	TBP	76	4976	145473	9624	log1p(raw_counts_per_cell_total * 10000)	50	4.96149865001561	0.0346209369619282	0.3910226406201361	0.2972769443221427	0.2373901300385681	-0.696479440603929	0.5687311867271666	True	True	both
gse264667_hepg2_day7	HepG2 day 7	HepG2	ACH-000739	DepMap/Harmonizome cell-line mapping; verified row exists in local CRISPRGeneEffect.csv	TBPL1	74	4976	145473	9624	log1p(raw_counts_per_cell_total * 10000)	50	4.168319709677362	0.0303774847185228	0.2628518854348001	0.2023894657136948	0.168217702241135	0.1808146138640284	0.0040056603706683	True	True	both
gse264667_hepg2_day7	HepG2 day 7	HepG2	ACH-000739	DepMap/Harmonizome cell-line mapping; verified row exists in local CRISPRGeneEffect.csv	TBX1	167	4976	145473	9624	log1p(raw_counts_per_cell_total * 10000)	50	2.8924138808268416	0.020823332992253	0.2186759460567081	0.1652578992701255	0.1303946124484863	-0.0757389141234163	0.0290013878466841	True	True	both
gse264667_hepg2_day7	HepG2 day 7	HepG2	ACH-000739	DepMap/Harmonizome cell-line mapping; verified row exists in local CRISPRGeneEffect.csv	TCOF1	117	4976	145473	9624	log1p(raw_counts_per_cell_total * 10000)	50	5.399437347555833	0.0353021761137768	0.4702002686109928	0.3574078065897507	0.2865083694380908	-0.3541856335135918	0.4088097470896497	True	True	both
gse264667_hepg2_day7	HepG2 day 7	HepG2	ACH-000739	DepMap/Harmonizome cell-line mapping; verified row exists in local CRISPRGeneEffect.csv	TEAD3	76	4976	145473	9624	log1p(raw_counts_per_cell_total * 10000)	50	3.901696578389806	0.0293575612292868	0.2046009521276575	0.1689369679003891	0.1477419739622461	-0.1940064227603508	0.1189838047994235	True	True	both
gse264667_hepg2_day7	HepG2 day 7	HepG2	ACH-000739	DepMap/Harmonizome cell-line mapping; verified row exists in local CRISPRGeneEffect.csv	TERF2	79	4976	145473	9624	log1p(raw_counts_per_cell_total * 10000)	50	9.164597016948838	0.0587050943510884	0.7403442415371451	0.5934122112993461	0.4871720718175125	-1.1733970491316938	0.9663062333047836	True	True	both
gse264667_hepg2_day7	HepG2 day 7	HepG2	ACH-000739	DepMap/Harmonizome cell-line mapping; verified row exists in local CRISPRGeneEffect.csv	TEX10	156	4976	145473	9624	log1p(raw_counts_per_cell_total * 10000)	50	9.214376453158987	0.0558142420914439	0.7912963834760923	0.6291837248669213	0.5134315762133528	-0.7443860303732169	0.8770118485294575	True	True	both
gse264667_hepg2_day7	HepG2 day 7	HepG2	ACH-000739	DepMap/Harmonizome cell-line mapping; verified row exists in local CRISPRGeneEffect.csv	TFAM	1213	4976	145473	9624	log1p(raw_counts_per_cell_total * 10000)	50	2.190754968023344	0.011340345338583	0.2997815399814055	0.1557527519351976	0.1035725455324037	-0.5838334640790934	0.8124470539517837	True	True	both
gse264667_hepg2_day7	HepG2 day 7	HepG2	ACH-000739	DepMap/Harmonizome cell-line mapping; verified row exists in local CRISPRGeneEffect.csv	TFDP1	149	4976	145473	9624	log1p(raw_counts_per_cell_total * 10000)	50	3.4750837659494835	0.0245526456965644	0.2511359275115175	0.198021793107377	0.1612516536730366	-0.5787698950226383	0.7804707489515086	True	True	both
gse264667_hepg2_day7	HepG2 day 7	HepG2	ACH-000739	DepMap/Harmonizome cell-line mapping; verified row exists in local CRISPRGeneEffect.csv	TFRC	70	4976	145473	9624	log1p(raw_counts_per_cell_total * 10000)	50	6.234804974934743	0.0429000202911164	0.4272967437469346	0.3534485845759718	0.2989336981100228	-1.391681414566153	0.996586095380605	True	True	both
gse264667_hepg2_day7	HepG2 day 7	HepG2	ACH-000739	DepMap/Harmonizome cell-line mapping; verified row exists in local CRISPRGeneEffect.csv	TGS1	55	4976	145473	9624	log1p(raw_counts_per_cell_total * 10000)	50	5.20571621856078	0.0388423525113257	0.2634389607237163	0.230833839501046	0.205056251262158	-1.0858305974951517	0.9566869535143986	True	True	both
gse264667_hepg2_day7	HepG2 day 7	HepG2	ACH-000739	DepMap/Harmonizome cell-line mapping; verified row exists in local CRISPRGeneEffect.csv	THAP1	187	4976	145473	9624	log1p(raw_counts_per_cell_total * 10000)	50	9.307511528029329	0.0571283054207074	0.7466247725186425	0.5881216130031575	0.4903879099551582	-1.3780577938505978	0.9976961434014034	True	True	both
gse264667_hepg2_day7	HepG2 day 7	HepG2	ACH-000739	DepMap/Harmonizome cell-line mapping; verified row exists in local CRISPRGeneEffect.csv	THAP11	86	4976	145473	9624	log1p(raw_counts_per_cell_total * 10000)	50	4.368354826981464	0.0307509630882064	0.3398072573179718	0.2555725211658323	0.204953730926208	0.4202926111705887	0.0015714755557846	True	True	both
gse264667_hepg2_day7	HepG2 day 7	HepG2	ACH-000739	DepMap/Harmonizome cell-line mapping; verified row exists in local CRISPRGeneEffect.csv	THOC2	52	4976	145473	9624	log1p(raw_counts_per_cell_total * 10000)	50	10.783539209380486	0.0734558560485207	0.689969892763729	0.5859594881371162	0.5043956843288011	-1.8413471947804965	0.9916879393183708	True	True	both
gse264667_hepg2_day7	HepG2 day 7	HepG2	ACH-000739	DepMap/Harmonizome cell-line mapping; verified row exists in local CRISPRGeneEffect.csv	THOC5	78	4976	145473	9624	log1p(raw_counts_per_cell_total * 10000)	50	6.50732026921057	0.0452358854915281	0.4082473472098238	0.3451360422439697	0.3001599853369605	-1.0439141202445146	0.9457403956198108	True	True	both
gse264667_hepg2_day7	HepG2 day 7	HepG2	ACH-000739	DepMap/Harmonizome cell-line mapping; verified row exists in local CRISPRGeneEffect.csv	THOC6	59	4976	145473	9624	log1p(raw_counts_per_cell_total * 10000)	50	4.631540215419767	0.0346717423620987	0.2559382617150324	0.2193603667776365	0.1898511647452502	-0.5572677579556282	0.8063393952948782	True	True	both
gse264667_hepg2_day7	HepG2 day 7	HepG2	ACH-000739	DepMap/Harmonizome cell-line mapping; verified row exists in local CRISPRGeneEffect.csv	THOC7	229	4976	145473	9624	log1p(raw_counts_per_cell_total * 10000)	50	2.941417978378336	0.0210305619953977	0.2004787666773959	0.156847583527725	0.1314428247037066	-1.020699299391853	0.9682938154953076	True	True	both
gse264667_hepg2_day7	HepG2 day 7	HepG2	ACH-000739	DepMap/Harmonizome cell-line mapping; verified row exists in local CRISPRGeneEffect.csv	TIMM10	65	4976	145473	9624	log1p(raw_counts_per_cell_total * 10000)	50	4.49240136167094	0.0335881414379378	0.2402815922431144	0.2043970861062043	0.1784822721370249	-1.8555076289847925	1.0	True	True	both
gse264667_hepg2_day7	HepG2 day 7	HepG2	ACH-000739	DepMap/Harmonizome cell-line mapping; verified row exists in local CRISPRGeneEffect.csv	TIMM13	70	4976	145473	9624	log1p(raw_counts_per_cell_total * 10000)	50	5.945836401689643	0.0397475471002585	0.4858039717560594	0.3603417707848019	0.2929082610184291	-0.5738598259341936	0.4150777384991139	True	True	both
gse264667_hepg2_day7	HepG2 day 7	HepG2	ACH-000739	DepMap/Harmonizome cell-line mapping; verified row exists in local CRISPRGeneEffect.csv	TIMM8A	56	4976	145473	9624	log1p(raw_counts_per_cell_total * 10000)	50	4.278390482589955	0.0330141531263337	0.2032817910141732	0.1741718756633421	0.1539035010139736	0.0948344847860368	0.0275433277983154	True	True	both
gse264667_hepg2_day7	HepG2 day 7	HepG2	ACH-000739	DepMap/Harmonizome cell-line mapping; verified row exists in local CRISPRGeneEffect.csv	TINF2	50	4976	145473	9624	log1p(raw_counts_per_cell_total * 10000)	50	6.566923428574337	0.0459194536785836	0.4630973596449198	0.3677017963543821	0.310136674894953	-1.5270877988544742	0.9995165486747324	True	True	both
gse264667_hepg2_day7	HepG2 day 7	HepG2	ACH-000739	DepMap/Harmonizome cell-line mapping; verified row exists in local CRISPRGeneEffect.csv	TKT	89	4976	145473	9624	log1p(raw_counts_per_cell_total * 10000)	50	3.647445384782732	0.0270975888539819	0.1986317526572006	0.1581177519009166	0.1359124221819145	-0.4047596576123842	0.3933942942245548	True	True	both
gse264667_hepg2_day7	HepG2 day 7	HepG2	ACH-000739	DepMap/Harmonizome cell-line mapping; verified row exists in local CRISPRGeneEffect.csv	TLCD1	74	4976	145473	9624	log1p(raw_counts_per_cell_total * 10000)	50	4.103739373585404	0.0309711678095035	0.2210725479291146	0.1831980871289709	0.1592997264757326	-0.4285200164507654	0.2642402845737038	True	True	both
gse264667_hepg2_day7	HepG2 day 7	HepG2	ACH-000739	DepMap/Harmonizome cell-line mapping; verified row exists in local CRISPRGeneEffect.csv	TMEM214	249	4976	145473	9624	log1p(raw_counts_per_cell_total * 10000)	50	2.9057930100354348	0.0199123317503351	0.236518381507357	0.1833425798420134	0.1464838637441873	0.1560119900928779	0.0062576991563819	True	True	both
gse264667_hepg2_day7	HepG2 day 7	HepG2	ACH-000739	DepMap/Harmonizome cell-line mapping; verified row exists in local CRISPRGeneEffect.csv	TMEM242	215	4976	145473	9624	log1p(raw_counts_per_cell_total * 10000)	50	3.7727354494271226	0.025274105664822	0.2751836082906841	0.2273385383480859	0.189622105200186	-0.5447791047672315	0.6624262526823044	True	True	both
gse264667_hepg2_day7	HepG2 day 7	HepG2	ACH-000739	DepMap/Harmonizome cell-line mapping; verified row exists in local CRISPRGeneEffect.csv	TMSB10	54	4976	145473	9624	log1p(raw_counts_per_cell_total * 10000)	50	5.960579299978805	0.0396645808613541	0.5029008349957269	0.3568942839161839	0.2780032509191604	-0.8050776908246753	0.9318514696156456	True	True	both
gse264667_hepg2_day7	HepG2 day 7	HepG2	ACH-000739	DepMap/Harmonizome cell-line mapping; verified row exists in local CRISPRGeneEffect.csv	TMX2	70	4976	145473	9624	log1p(raw_counts_per_cell_total * 10000)	50	6.433310838123574	0.0453937162669084	0.4060553415928961	0.3387392966342618	0.2895616772867795	-0.5490385688820284	0.7872102226322476	True	True	both
gse264667_hepg2_day7	HepG2 day 7	HepG2	ACH-000739	DepMap/Harmonizome cell-line mapping; verified row exists in local CRISPRGeneEffect.csv	TNNT2	62	4976	145473	9624	log1p(raw_counts_per_cell_total * 10000)	50	3.98696619202842	0.0306461924459814	0.17259537758171	0.1564405526748563	0.1415562824475105	-0.5742379800206447	0.7395597972213092	True	True	both
gse264667_hepg2_day7	HepG2 day 7	HepG2	ACH-000739	DepMap/Harmonizome cell-line mapping; verified row exists in local CRISPRGeneEffect.csv	TNPO3	56	4976	145473	9624	log1p(raw_counts_per_cell_total * 10000)	50	9.158898193227042	0.0622820207834734	0.5813184398685685	0.4982349776125482	0.4338690958261344	-1.8639535903510365	0.9999958902697252	True	True	both
gse264667_hepg2_day7	HepG2 day 7	HepG2	ACH-000739	DepMap/Harmonizome cell-line mapping; verified row exists in local CRISPRGeneEffect.csv	TNRC6A	89	4976	145473	9624	log1p(raw_counts_per_cell_total * 10000)	50	4.89558318626348	0.0337989751087254	0.380128158423534	0.2934104810954493	0.2382329318121707	-0.1522233513666881	0.1225953207566439	True	True	both
gse264667_hepg2_day7	HepG2 day 7	HepG2	ACH-000739	DepMap/Harmonizome cell-line mapping; verified row exists in local CRISPRGeneEffect.csv	TOMM22	75	4976	145473	9624	log1p(raw_counts_per_cell_total * 10000)	50	6.698652232205358	0.0442630938241418	0.5562859120699801	0.4119335825793098	0.335292980742516	-1.0146484571866172	0.9653668809903342	True	True	both
gse264667_hepg2_day7	HepG2 day 7	HepG2	ACH-000739	DepMap/Harmonizome cell-line mapping; verified row exists in local CRISPRGeneEffect.csv	TONSL	91	4976	145473	9624	log1p(raw_counts_per_cell_total * 10000)	50	6.459113715048281	0.0426490423617319	0.4977140037916899	0.3982980938741716	0.3337016188435684	-1.4430840430997556	0.9877812910216008	True	True	both
gse264667_hepg2_day7	HepG2 day 7	HepG2	ACH-000739	DepMap/Harmonizome cell-line mapping; verified row exists in local CRISPRGeneEffect.csv	TPR	93	4976	145473	9624	log1p(raw_counts_per_cell_total * 10000)	50	6.185769953161737	0.0409573467184378	0.5291775615445438	0.4020396712367711	0.3205510457516371	-1.0699120844450565	0.9622266842799536	True	True	both
gse264667_hepg2_day7	HepG2 day 7	HepG2	ACH-000739	DepMap/Harmonizome cell-line mapping; verified row exists in local CRISPRGeneEffect.csv	TPT1	239	4976	145473	9624	log1p(raw_counts_per_cell_total * 10000)	50	9.464689253549642	0.0512825434223688	0.995517891731802	0.7507467265476704	0.59074325941114	-1.2930902195955665	0.9823966467281592	True	True	both
gse264667_hepg2_day7	HepG2 day 7	HepG2	ACH-000739	DepMap/Harmonizome cell-line mapping; verified row exists in local CRISPRGeneEffect.csv	TPX2	124	4976	145473	9624	log1p(raw_counts_per_cell_total * 10000)	50	8.650414990119778	0.0536986733148443	0.6920046310391809	0.5542405022140667	0.4645299791693349	-0.9290889698290092	0.9444784687198778	True	True	both
gse264667_hepg2_day7	HepG2 day 7	HepG2	ACH-000739	DepMap/Harmonizome cell-line mapping; verified row exists in local CRISPRGeneEffect.csv	TRAIP	87	4976	145473	9624	log1p(raw_counts_per_cell_total * 10000)	50	3.5214712005022903	0.0264135708633785	0.2024949954678738	0.1634188185921298	0.1397381517688792	-0.4448131798044824	0.6646055376796663	True	True	both
gse264667_hepg2_day7	HepG2 day 7	HepG2	ACH-000739	DepMap/Harmonizome cell-line mapping; verified row exists in local CRISPRGeneEffect.csv	TRAPPC11	237	4976	145473	9624	log1p(raw_counts_per_cell_total * 10000)	50	2.6491534404085133	0.0192555416343581	0.1566722697861424	0.1315402502678834	0.1125145277558729	-1.1194877589660548	0.9685589832692896	True	True	both
gse264667_hepg2_day7	HepG2 day 7	HepG2	ACH-000739	DepMap/Harmonizome cell-line mapping; verified row exists in local CRISPRGeneEffect.csv	TRAPPC3	72	4976	145473	9624	log1p(raw_counts_per_cell_total * 10000)	50	4.147793979948518	0.0308150573112011	0.2357212854806076	0.1973620816785842	0.1707787629666882	-1.6187086474523311	0.9978952243757352	True	True	both
gse264667_hepg2_day7	HepG2 day 7	HepG2	ACH-000739	DepMap/Harmonizome cell-line mapping; verified row exists in local CRISPRGeneEffect.csv	TRAPPC5	101	4976	145473	9624	log1p(raw_counts_per_cell_total * 10000)	50	5.414233705630467	0.0374728755034748	0.3326848233832259	0.2852869241550232	0.2473361991967345	-0.6290343492580214	0.7335072787412844	True	True	both
gse264667_hepg2_day7	HepG2 day 7	HepG2	ACH-000739	DepMap/Harmonizome cell-line mapping; verified row exists in local CRISPRGeneEffect.csv	TREX2	51	4976	145473	9624	log1p(raw_counts_per_cell_total * 10000)	50	8.369967709235148	0.05594525744065	0.6073435589759593	0.5034053647310079	0.4250644210325058	0.1146025885872504	0.0129417927196463	True	True	both
gse264667_hepg2_day7	HepG2 day 7	HepG2	ACH-000739	DepMap/Harmonizome cell-line mapping; verified row exists in local CRISPRGeneEffect.csv	TRMT112	63	4976	145473	9624	log1p(raw_counts_per_cell_total * 10000)	50	9.561473154444943	0.0618668996177319	0.7518229645737575	0.5948408159270959	0.4969974453499763	-2.1752713042721328	1.0	True	True	both
gse264667_hepg2_day7	HepG2 day 7	HepG2	ACH-000739	DepMap/Harmonizome cell-line mapping; verified row exists in local CRISPRGeneEffect.csv	TRNT1	228	4976	145473	9624	log1p(raw_counts_per_cell_total * 10000)	50	6.102981919644294	0.0379190334951208	0.475173944397614	0.3926695347581211	0.3316583492855339	-1.5072496617698234	0.9996226343074536	True	True	both
gse264667_hepg2_day7	HepG2 day 7	HepG2	ACH-000739	DepMap/Harmonizome cell-line mapping; verified row exists in local CRISPRGeneEffect.csv	TSEN2	58	4976	145473	9624	log1p(raw_counts_per_cell_total * 10000)	50	6.132258581283897	0.0426877880371406	0.4325078969406762	0.3496453273488992	0.2964130660201715	-0.5681760681733117	0.7466007473064523	True	True	both
gse264667_hepg2_day7	HepG2 day 7	HepG2	ACH-000739	DepMap/Harmonizome cell-line mapping; verified row exists in local CRISPRGeneEffect.csv	TSEN34	68	4976	145473	9624	log1p(raw_counts_per_cell_total * 10000)	50	3.763873024928841	0.0287977605924877	0.1711905657211595	0.1494751004506035	0.1356334481229167	-0.011723530000876	0.0276593049521521	True	True	both
gse264667_hepg2_day7	HepG2 day 7	HepG2	ACH-000739	DepMap/Harmonizome cell-line mapping; verified row exists in local CRISPRGeneEffect.csv	TSPYL5	58	4976	145473	9624	log1p(raw_counts_per_cell_total * 10000)	50	5.67389523465619	0.0406628521848078	0.3782596176449166	0.3009517576792242	0.2521545273265539	-0.1970332844526703	0.1361152102750402	True	True	both
gse264667_hepg2_day7	HepG2 day 7	HepG2	ACH-000739	DepMap/Harmonizome cell-line mapping; verified row exists in local CRISPRGeneEffect.csv	TSR1	182	4976	145473	9624	log1p(raw_counts_per_cell_total * 10000)	50	6.6921124512879855	0.0421137371665387	0.5249201822563621	0.4324571243011386	0.3573700104760439	-1.6108937198073967	0.9999941317776716	True	True	both
gse264667_hepg2_day7	HepG2 day 7	HepG2	ACH-000739	DepMap/Harmonizome cell-line mapping; verified row exists in local CRISPRGeneEffect.csv	TSR2	78	4976	145473	9624	log1p(raw_counts_per_cell_total * 10000)	50	13.300778616071568	0.0871191004870588	0.9541033194683324	0.7635843120852347	0.6383491267893193	-1.5902436159145448	0.9990951344685688	True	True	both
gse264667_hepg2_day7	HepG2 day 7	HepG2	ACH-000739	DepMap/Harmonizome cell-line mapping; verified row exists in local CRISPRGeneEffect.csv	TTC1	76	4976	145473	9624	log1p(raw_counts_per_cell_total * 10000)	50	3.877576302153287	0.0291066895046188	0.225337548062379	0.1834284203870224	0.1546747612966724	-1.417378460711386	0.9927230259965454	True	True	both
gse264667_hepg2_day7	HepG2 day 7	HepG2	ACH-000739	DepMap/Harmonizome cell-line mapping; verified row exists in local CRISPRGeneEffect.csv	TTK	72	4976	145473	9624	log1p(raw_counts_per_cell_total * 10000)	50	10.658005677191442	0.0687168848997001	0.7236289023063017	0.6212689939756665	0.5369621159050384	-0.8776534735388897	0.9099419208040364	True	True	both
gse264667_hepg2_day7	HepG2 day 7	HepG2	ACH-000739	DepMap/Harmonizome cell-line mapping; verified row exists in local CRISPRGeneEffect.csv	TUBA1B	81	4976	145473	9624	log1p(raw_counts_per_cell_total * 10000)	50	4.981262718466353	0.0320809215384931	0.3975316079707436	0.2712151134541458	0.2132064841084406	-1.0190937827024773	0.8368490584014817	True	True	both
gse264667_hepg2_day7	HepG2 day 7	HepG2	ACH-000739	DepMap/Harmonizome cell-line mapping; verified row exists in local CRISPRGeneEffect.csv	TUBB	97	4976	145473	9624	log1p(raw_counts_per_cell_total * 10000)	50	4.57719765224769	0.0304745322253734	0.3638549874866023	0.2559718693278158	0.2035831271838414	-0.9779667868967556	0.9693117354006544	True	True	both
gse264667_hepg2_day7	HepG2 day 7	HepG2	ACH-000739	DepMap/Harmonizome cell-line mapping; verified row exists in local CRISPRGeneEffect.csv	TUBB2A	91	4976	145473	9624	log1p(raw_counts_per_cell_total * 10000)	50	4.073414669427634	0.0301550300110987	0.2244833499343588	0.1899281239110269	0.1663136128645283	0.0509891339214978	0.0314831267859483	True	True	both
gse264667_hepg2_day7	HepG2 day 7	HepG2	ACH-000739	DepMap/Harmonizome cell-line mapping; verified row exists in local CRISPRGeneEffect.csv	TUBD1	55	4976	145473	9624	log1p(raw_counts_per_cell_total * 10000)	50	4.747539815720982	0.035446639698601	0.2565736917269957	0.2192097049639673	0.1880076003945292	-0.358170983969589	0.5032316867483531	True	True	both
gse264667_hepg2_day7	HepG2 day 7	HepG2	ACH-000739	DepMap/Harmonizome cell-line mapping; verified row exists in local CRISPRGeneEffect.csv	TUBE1	52	4976	145473	9624	log1p(raw_counts_per_cell_total * 10000)	50	4.421467725228708	0.0339877378325906	0.1893689215289221	0.1726250934711331	0.1575410972961374	-0.3864080205062077	0.5929467344177072	True	True	both
gse264667_hepg2_day7	HepG2 day 7	HepG2	ACH-000739	DepMap/Harmonizome cell-line mapping; verified row exists in local CRISPRGeneEffect.csv	TUBG1	129	4976	145473	9624	log1p(raw_counts_per_cell_total * 10000)	50	3.148142992601156	0.0227258270381796	0.2022250457594979	0.1553912409152616	0.1289830066400044	-1.560202597880829	0.9975359841905372	True	True	both
gse264667_hepg2_day7	HepG2 day 7	HepG2	ACH-000739	DepMap/Harmonizome cell-line mapping; verified row exists in local CRISPRGeneEffect.csv	TUBGCP2	64	4976	145473	9624	log1p(raw_counts_per_cell_total * 10000)	50	5.246005036971115	0.0376932929520423	0.3649475141136437	0.2797434537995522	0.230713534515068	-0.8331018555904509	0.9583215119624032	True	True	both
gse264667_hepg2_day7	HepG2 day 7	HepG2	ACH-000739	DepMap/Harmonizome cell-line mapping; verified row exists in local CRISPRGeneEffect.csv	TUBGCP5	82	4976	145473	9624	log1p(raw_counts_per_cell_total * 10000)	50	4.869515980183908	0.0342987392740992	0.3595352344805712	0.280802245203256	0.2289834062584762	-1.108568021374965	0.9540248013355292	True	True	both
gse264667_hepg2_day7	HepG2 day 7	HepG2	ACH-000739	DepMap/Harmonizome cell-line mapping; verified row exists in local CRISPRGeneEffect.csv	TUT1	114	4976	145473	9624	log1p(raw_counts_per_cell_total * 10000)	50	4.602500692484306	0.0326494748561875	0.2841360499289065	0.23663595208792	0.2036050453838445	-2.356229438185797	1.0	True	True	both
gse264667_hepg2_day7	HepG2 day 7	HepG2	ACH-000739	DepMap/Harmonizome cell-line mapping; verified row exists in local CRISPRGeneEffect.csv	TWF1	248	4976	145473	9624	log1p(raw_counts_per_cell_total * 10000)	50	2.089597829408333	0.0159401863589111	0.1021400413434271	0.0854206367731195	0.07611225372734	-0.3567802509043371	0.5101232126007981	True	True	both
gse264667_hepg2_day7	HepG2 day 7	HepG2	ACH-000739	DepMap/Harmonizome cell-line mapping; verified row exists in local CRISPRGeneEffect.csv	TXNL4B	75	4976	145473	9624	log1p(raw_counts_per_cell_total * 10000)	50	3.734205710602392	0.0288829302628159	0.1682660547206607	0.1453182430452109	0.1316558907230257	-0.7219545979533852	0.3236721140059599	True	True	both
gse264667_hepg2_day7	HepG2 day 7	HepG2	ACH-000739	DepMap/Harmonizome cell-line mapping; verified row exists in local CRISPRGeneEffect.csv	U2SURP	59	4976	145473	9624	log1p(raw_counts_per_cell_total * 10000)	50	8.926089389593848	0.0592792177470563	0.6741831009632786	0.5276444846938534	0.4424034926388575	-1.9603070416332105	1.0	True	True	both
gse264667_hepg2_day7	HepG2 day 7	HepG2	ACH-000739	DepMap/Harmonizome cell-line mapping; verified row exists in local CRISPRGeneEffect.csv	UBA2	119	4976	145473	9624	log1p(raw_counts_per_cell_total * 10000)	50	6.273158519633333	0.0399456959402514	0.5028504306348853	0.4095184891319362	0.338986925576992	-1.3526927632452892	0.9835190728495165	True	True	both
gse264667_hepg2_day7	HepG2 day 7	HepG2	ACH-000739	DepMap/Harmonizome cell-line mapping; verified row exists in local CRISPRGeneEffect.csv	UBA52	106	4976	145473	9624	log1p(raw_counts_per_cell_total * 10000)	50	6.367034832397366	0.0419877245334159	0.4807594295360347	0.3877307426722598	0.3184153524060982	-1.542390061698333	0.9759378296219324	True	True	both
gse264667_hepg2_day7	HepG2 day 7	HepG2	ACH-000739	DepMap/Harmonizome cell-line mapping; verified row exists in local CRISPRGeneEffect.csv	UBE2I	74	4976	145473	9624	log1p(raw_counts_per_cell_total * 10000)	50	6.973194749335396	0.0458652454108643	0.5633201029518458	0.4427294640158283	0.3601657695128705	-2.0245111676702767	0.9999948980262408	True	True	both
gse264667_hepg2_day7	HepG2 day 7	HepG2	ACH-000739	DepMap/Harmonizome cell-line mapping; verified row exists in local CRISPRGeneEffect.csv	UBE2L3	53	4976	145473	9624	log1p(raw_counts_per_cell_total * 10000)	50	5.426140139484875	0.0384454154792256	0.3988248213307894	0.3019508119617989	0.248496125390132	-1.123127926129763	0.9832984596738654	True	True	both
gse264667_hepg2_day7	HepG2 day 7	HepG2	ACH-000739	DepMap/Harmonizome cell-line mapping; verified row exists in local CRISPRGeneEffect.csv	UBE2M	74	4976	145473	9624	log1p(raw_counts_per_cell_total * 10000)	50	4.0066418626308655	0.029697064428931	0.2465217735769681	0.1935836058456086	0.1601849225646999	-0.9061327425625714	0.9689114260562632	True	True	both
gse264667_hepg2_day7	HepG2 day 7	HepG2	ACH-000739	DepMap/Harmonizome cell-line mapping; verified row exists in local CRISPRGeneEffect.csv	UBE3D	62	4976	145473	9624	log1p(raw_counts_per_cell_total * 10000)	50	4.366555618836424	0.0329894511871488	0.2377239807322689	0.1933398134469031	0.1669110299642159	-0.0176687909671325	0.0248523956629227	True	True	both
gse264667_hepg2_day7	HepG2 day 7	HepG2	ACH-000739	DepMap/Harmonizome cell-line mapping; verified row exists in local CRISPRGeneEffect.csv	UBL5	85	4976	145473	9624	log1p(raw_counts_per_cell_total * 10000)	50	9.755768897233173	0.0652643507536948	0.6798260936020631	0.5580565230910622	0.4678637675850847	-2.9149429170585424	1.0	True	True	both
gse264667_hepg2_day7	HepG2 day 7	HepG2	ACH-000739	DepMap/Harmonizome cell-line mapping; verified row exists in local CRISPRGeneEffect.csv	UBQLN4	76	4976	145473	9624	log1p(raw_counts_per_cell_total * 10000)	50	10.475957766582152	0.0686900625244515	0.7214375424514343	0.608107454582395	0.517492695805958	-0.3258663886712502	0.238409747819702	True	True	both
gse264667_hepg2_day7	HepG2 day 7	HepG2	ACH-000739	DepMap/Harmonizome cell-line mapping; verified row exists in local CRISPRGeneEffect.csv	UBTF	102	4976	145473	9624	log1p(raw_counts_per_cell_total * 10000)	50	3.2740867602346277	0.0249458253991408	0.1740072916250137	0.14321868518171	0.1246026059400581	-1.4035221925511558	0.9869512347233756	True	True	both
gse264667_hepg2_day7	HepG2 day 7	HepG2	ACH-000739	DepMap/Harmonizome cell-line mapping; verified row exists in local CRISPRGeneEffect.csv	UFL1	58	4976	145473	9624	log1p(raw_counts_per_cell_total * 10000)	50	5.735046367251675	0.0403683170007732	0.3658096937345098	0.3179292125107566	0.2704319595459575	-0.6668380113687963	0.8078469549892271	True	True	both
gse264667_hepg2_day7	HepG2 day 7	HepG2	ACH-000739	DepMap/Harmonizome cell-line mapping; verified row exists in local CRISPRGeneEffect.csv	UNC45A	67	4976	145473	9624	log1p(raw_counts_per_cell_total * 10000)	50	4.056040842622164	0.0308899907938852	0.2052719266198757	0.1727490050287403	0.1507475053209281	-0.3036586239901623	0.4455017991889101	True	True	both
gse264667_hepg2_day7	HepG2 day 7	HepG2	ACH-000739	DepMap/Harmonizome cell-line mapping; verified row exists in local CRISPRGeneEffect.csv	UQCRC1	53	4976	145473	9624	log1p(raw_counts_per_cell_total * 10000)	50	5.3511355884258105	0.0391348654617249	0.2999426868810414	0.260180694462144	0.2248073415766949	-0.6959617328672807	0.8283332366029013	True	True	both
gse264667_hepg2_day7	HepG2 day 7	HepG2	ACH-000739	DepMap/Harmonizome cell-line mapping; verified row exists in local CRISPRGeneEffect.csv	URB1	76	4976	145473	9624	log1p(raw_counts_per_cell_total * 10000)	50	8.094800291369852	0.0508518428726935	0.6720036132931673	0.5474764505419599	0.4520873951148719	-0.9387505631047276	0.9692287640001986	True	True	both
gse264667_hepg2_day7	HepG2 day 7	HepG2	ACH-000739	DepMap/Harmonizome cell-line mapping; verified row exists in local CRISPRGeneEffect.csv	URB2	94	4976	145473	9624	log1p(raw_counts_per_cell_total * 10000)	50	8.652860033751455	0.0541473073776143	0.7015711504583587	0.5653057526857611	0.4712405131811464	-0.8900267057106853	0.9039563025643288	True	True	both
gse264667_hepg2_day7	HepG2 day 7	HepG2	ACH-000739	DepMap/Harmonizome cell-line mapping; verified row exists in local CRISPRGeneEffect.csv	URI1	133	4976	145473	9624	log1p(raw_counts_per_cell_total * 10000)	50	8.448122015215185	0.0574440868124149	0.5113028534933293	0.4440680830469214	0.3890348012386065	-1.068548162914805	0.9376770538741784	True	True	both
gse264667_hepg2_day7	HepG2 day 7	HepG2	ACH-000739	DepMap/Harmonizome cell-line mapping; verified row exists in local CRISPRGeneEffect.csv	UROD	52	4976	145473	9624	log1p(raw_counts_per_cell_total * 10000)	50	4.501187613177903	0.0344563018601201	0.2187522713321158	0.1840124608996855	0.1621087460233704	-0.2114113342423218	0.3540060557303323	True	True	both
gse264667_hepg2_day7	HepG2 day 7	HepG2	ACH-000739	DepMap/Harmonizome cell-line mapping; verified row exists in local CRISPRGeneEffect.csv	USF2	54	4976	145473	9624	log1p(raw_counts_per_cell_total * 10000)	50	5.018163688179989	0.0367853916700217	0.3129670164369682	0.2452325574322464	0.2075524918100864	0.0485447541741241	0.0142559031572883	True	True	both
gse264667_hepg2_day7	HepG2 day 7	HepG2	ACH-000739	DepMap/Harmonizome cell-line mapping; verified row exists in local CRISPRGeneEffect.csv	USP14	93	4976	145473	9624	log1p(raw_counts_per_cell_total * 10000)	50	3.749404700397981	0.0271883825681958	0.2784359577424731	0.1982593886781548	0.1582618530927108	0.2684262776490775	0.0044745708136049	True	True	both
gse264667_hepg2_day7	HepG2 day 7	HepG2	ACH-000739	DepMap/Harmonizome cell-line mapping; verified row exists in local CRISPRGeneEffect.csv	USP37	50	4976	145473	9624	log1p(raw_counts_per_cell_total * 10000)	50	6.174022796464142	0.0438850693316961	0.4045365052154869	0.3317909990450229	0.2830130795091906	-1.022304622432422	0.8216189207887252	True	True	both
gse264667_hepg2_day7	HepG2 day 7	HepG2	ACH-000739	DepMap/Harmonizome cell-line mapping; verified row exists in local CRISPRGeneEffect.csv	USP39	77	4976	145473	9624	log1p(raw_counts_per_cell_total * 10000)	50	9.472029779301971	0.0627897177204156	0.6471438016829487	0.5342315426421278	0.4615851240347725	-1.816806623289052	0.9870963387010652	True	True	both
gse264667_hepg2_day7	HepG2 day 7	HepG2	ACH-000739	DepMap/Harmonizome cell-line mapping; verified row exists in local CRISPRGeneEffect.csv	USP5	98	4976	145473	9624	log1p(raw_counts_per_cell_total * 10000)	50	4.504332130352458	0.0321948543624345	0.2975907176853365	0.2422493065775613	0.2038862540104344	-1.3772225652830008	0.9867371255952454	True	True	both
gse264667_hepg2_day7	HepG2 day 7	HepG2	ACH-000739	DepMap/Harmonizome cell-line mapping; verified row exists in local CRISPRGeneEffect.csv	UTP15	64	4976	145473	9624	log1p(raw_counts_per_cell_total * 10000)	50	13.492551454939823	0.0827904500363262	1.077900240987156	0.9008837018780996	0.7449305826784155	-1.6508748020793478	0.9999708553109008	True	True	both
gse264667_hepg2_day7	HepG2 day 7	HepG2	ACH-000739	DepMap/Harmonizome cell-line mapping; verified row exists in local CRISPRGeneEffect.csv	UTP18	95	4976	145473	9624	log1p(raw_counts_per_cell_total * 10000)	50	7.084671919197389	0.0457844008649602	0.5477851293726431	0.4481606265778612	0.371304090524106	-0.9001288721718548	0.8726328711897824	True	True	both
gse264667_hepg2_day7	HepG2 day 7	HepG2	ACH-000739	DepMap/Harmonizome cell-line mapping; verified row exists in local CRISPRGeneEffect.csv	UTP20	86	4976	145473	9624	log1p(raw_counts_per_cell_total * 10000)	50	8.976671857483899	0.0565951684303519	0.7322278192886879	0.5950678817977255	0.4892549551311303	-1.5242417666118595	0.9920678752530092	True	True	both
gse264667_hepg2_day7	HepG2 day 7	HepG2	ACH-000739	DepMap/Harmonizome cell-line mapping; verified row exists in local CRISPRGeneEffect.csv	UTP23	88	4976	145473	9624	log1p(raw_counts_per_cell_total * 10000)	50	7.538162653524164	0.0477150896646854	0.6007084177729726	0.4945470597421343	0.412416189149654	-0.76227884848295	0.910890295038026	True	True	both
gse264667_hepg2_day7	HepG2 day 7	HepG2	ACH-000739	DepMap/Harmonizome cell-line mapping; verified row exists in local CRISPRGeneEffect.csv	UTP6	79	4976	145473	9624	log1p(raw_counts_per_cell_total * 10000)	50	6.8009312199997325	0.0452109101829407	0.5070621632612891	0.4108453582129855	0.3433975033360091	-0.8014846524507387	0.6014989743766458	True	True	both
gse264667_hepg2_day7	HepG2 day 7	HepG2	ACH-000739	DepMap/Harmonizome cell-line mapping; verified row exists in local CRISPRGeneEffect.csv	VPS35	102	4976	145473	9624	log1p(raw_counts_per_cell_total * 10000)	50	4.109680955889562	0.0294732155477748	0.2727360016784624	0.2112723035320512	0.1773303162094123	-1.0468655197247825	0.9728097117409896	True	True	both
gse264667_hepg2_day7	HepG2 day 7	HepG2	ACH-000739	DepMap/Harmonizome cell-line mapping; verified row exists in local CRISPRGeneEffect.csv	VPS41	71	4976	145473	9624	log1p(raw_counts_per_cell_total * 10000)	50	5.142206211402409	0.0374087569782296	0.2973940903308719	0.2530706800455491	0.2195204351046153	-1.0879463758205037	0.9782821903434602	True	True	both
gse264667_hepg2_day7	HepG2 day 7	HepG2	ACH-000739	DepMap/Harmonizome cell-line mapping; verified row exists in local CRISPRGeneEffect.csv	VPS54	101	4976	145473	9624	log1p(raw_counts_per_cell_total * 10000)	50	3.408724249383976	0.0263707567997797	0.151219713532547	0.131563889688914	0.1186027844704827	-0.3378941044222812	0.2796713219371492	True	True	both
gse264667_hepg2_day7	HepG2 day 7	HepG2	ACH-000739	DepMap/Harmonizome cell-line mapping; verified row exists in local CRISPRGeneEffect.csv	WBP11	62	4976	145473	9624	log1p(raw_counts_per_cell_total * 10000)	50	6.234488809662899	0.0443075942092784	0.3629729018066996	0.3101203612367787	0.2726153146719227	-1.0634078308919774	0.9712214883733452	True	True	both
gse264667_hepg2_day7	HepG2 day 7	HepG2	ACH-000739	DepMap/Harmonizome cell-line mapping; verified row exists in local CRISPRGeneEffect.csv	WDHD1	57	4976	145473	9624	log1p(raw_counts_per_cell_total * 10000)	50	5.273405363176851	0.0383967236631591	0.3074889559167306	0.2592830879071964	0.2253723018731459	-1.5420708965872405	0.989331138684394	True	True	both
gse264667_hepg2_day7	HepG2 day 7	HepG2	ACH-000739	DepMap/Harmonizome cell-line mapping; verified row exists in local CRISPRGeneEffect.csv	WDR1	109	4976	145473	9624	log1p(raw_counts_per_cell_total * 10000)	50	7.159829875953797	0.0435187921379114	0.6650892275415868	0.5053741499735463	0.4059135794716024	-0.9971038518434108	0.9572165908179054	True	True	both
gse264667_hepg2_day7	HepG2 day 7	HepG2	ACH-000739	DepMap/Harmonizome cell-line mapping; verified row exists in local CRISPRGeneEffect.csv	WDR12	110	4976	145473	9624	log1p(raw_counts_per_cell_total * 10000)	50	9.895256638695743	0.0593910863369457	0.8509071720663695	0.6858187323621897	0.5655223679468379	-1.13993095164797	0.9697907888288269	True	True	both
gse264667_hepg2_day7	HepG2 day 7	HepG2	ACH-000739	DepMap/Harmonizome cell-line mapping; verified row exists in local CRISPRGeneEffect.csv	WDR18	170	4976	145473	9624	log1p(raw_counts_per_cell_total * 10000)	50	5.0446075690870416	0.0323482147329486	0.4379173271350104	0.3424610110205798	0.2725414046893426	-0.7583381798200368	0.9276361641041012	True	True	both
gse264667_hepg2_day7	HepG2 day 7	HepG2	ACH-000739	DepMap/Harmonizome cell-line mapping; verified row exists in local CRISPRGeneEffect.csv	WDR26	84	4976	145473	9624	log1p(raw_counts_per_cell_total * 10000)	50	4.132583644492254	0.030015367397237	0.2820750592785501	0.2201070088579255	0.1816216930964825	-0.7809100334912248	0.8536534618644126	True	True	both
gse264667_hepg2_day7	HepG2 day 7	HepG2	ACH-000739	DepMap/Harmonizome cell-line mapping; verified row exists in local CRISPRGeneEffect.csv	WDR3	77	4976	145473	9624	log1p(raw_counts_per_cell_total * 10000)	50	9.07941127032673	0.057216816282537	0.7249046335216893	0.591096672903116	0.4910265202703743	-1.3366824047487946	0.976925955381069	True	True	both
gse264667_hepg2_day7	HepG2 day 7	HepG2	ACH-000739	DepMap/Harmonizome cell-line mapping; verified row exists in local CRISPRGeneEffect.csv	WDR33	63	4976	145473	9624	log1p(raw_counts_per_cell_total * 10000)	50	9.489032649264686	0.0632070997342484	0.6565960461956892	0.5380432708739225	0.4586332592094409	-2.0013125411419024	0.987691548053794	True	True	both
gse264667_hepg2_day7	HepG2 day 7	HepG2	ACH-000739	DepMap/Harmonizome cell-line mapping; verified row exists in local CRISPRGeneEffect.csv	WDR4	108	4976	145473	9624	log1p(raw_counts_per_cell_total * 10000)	50	3.251979701018727	0.0248028801832909	0.1590410072771409	0.1362415946494566	0.1204787495959531	-0.2503390429374278	0.2964713441093745	True	True	both
gse264667_hepg2_day7	HepG2 day 7	HepG2	ACH-000739	DepMap/Harmonizome cell-line mapping; verified row exists in local CRISPRGeneEffect.csv	WDR43	82	4976	145473	9624	log1p(raw_counts_per_cell_total * 10000)	50	12.272302980023476	0.0747910926936279	0.9848950491185324	0.8130775080845208	0.6821560395805218	-2.359668453627222	1.0	True	True	both
gse264667_hepg2_day7	HepG2 day 7	HepG2	ACH-000739	DepMap/Harmonizome cell-line mapping; verified row exists in local CRISPRGeneEffect.csv	WDR46	92	4976	145473	9624	log1p(raw_counts_per_cell_total * 10000)	50	7.001012363399624	0.0453086528385413	0.5683701074797728	0.4536226537356232	0.371988096416482	-0.9486833152166416	0.8408662394176696	True	True	both
gse264667_hepg2_day7	HepG2 day 7	HepG2	ACH-000739	DepMap/Harmonizome cell-line mapping; verified row exists in local CRISPRGeneEffect.csv	WDR54	77	4976	145473	9624	log1p(raw_counts_per_cell_total * 10000)	50	3.6426218203853535	0.0279570289873751	0.1674364415775976	0.1470283081604689	0.1319963434856303	-0.0760948935429542	0.058276700129082	True	True	both
gse264667_hepg2_day7	HepG2 day 7	HepG2	ACH-000739	DepMap/Harmonizome cell-line mapping; verified row exists in local CRISPRGeneEffect.csv	WDR74	79	4976	145473	9624	log1p(raw_counts_per_cell_total * 10000)	50	6.736623703123429	0.0440430624841453	0.5256022924071984	0.433180085281398	0.3562358468392175	-1.6818509556055423	0.999435686021719	True	True	both
gse264667_hepg2_day7	HepG2 day 7	HepG2	ACH-000739	DepMap/Harmonizome cell-line mapping; verified row exists in local CRISPRGeneEffect.csv	WDR75	50	4976	145473	9624	log1p(raw_counts_per_cell_total * 10000)	50	12.937146942382226	0.0804579243827072	1.0320745617674478	0.8490549509503786	0.7032196112030208	-2.3345606610817624	1.0	True	True	both
gse264667_hepg2_day7	HepG2 day 7	HepG2	ACH-000739	DepMap/Harmonizome cell-line mapping; verified row exists in local CRISPRGeneEffect.csv	WDR77	50	4976	145473	9624	log1p(raw_counts_per_cell_total * 10000)	50	4.899697890088558	0.0365993612718845	0.2573611441848865	0.2211254853967888	0.1940979063509703	-1.4613463113592144	0.998019795216684	True	True	both
gse264667_hepg2_day7	HepG2 day 7	HepG2	ACH-000739	DepMap/Harmonizome cell-line mapping; verified row exists in local CRISPRGeneEffect.csv	WDTC1	55	4976	145473	9624	log1p(raw_counts_per_cell_total * 10000)	50	5.851831901957644	0.0422292398248919	0.3685800550011545	0.2952592780289562	0.251078108558621	-0.1941052436357571	0.2462131215935309	True	True	both
gse264667_hepg2_day7	HepG2 day 7	HepG2	ACH-000739	DepMap/Harmonizome cell-line mapping; verified row exists in local CRISPRGeneEffect.csv	WTAP	181	4976	145473	9624	log1p(raw_counts_per_cell_total * 10000)	50	3.070433185442357	0.0217723253755282	0.2224293748395275	0.1676831491296545	0.1373844961089761	-0.9123821615841424	0.9135627228037362	True	True	both
gse264667_hepg2_day7	HepG2 day 7	HepG2	ACH-000739	DepMap/Harmonizome cell-line mapping; verified row exists in local CRISPRGeneEffect.csv	XPO1	51	4976	145473	9624	log1p(raw_counts_per_cell_total * 10000)	50	14.684943019031325	0.0878650041908594	1.2377294340541298	1.0000160696407516	0.8211228814164366	-2.0314541432305644	1.0	True	True	both
gse264667_hepg2_day7	HepG2 day 7	HepG2	ACH-000739	DepMap/Harmonizome cell-line mapping; verified row exists in local CRISPRGeneEffect.csv	XPO5	58	4976	145473	9624	log1p(raw_counts_per_cell_total * 10000)	50	4.425574747759166	0.0332797504780949	0.2457735980383481	0.2021545922556888	0.1751634067712674	-0.4747295535135145	0.7720379479357488	True	True	both
gse264667_hepg2_day7	HepG2 day 7	HepG2	ACH-000739	DepMap/Harmonizome cell-line mapping; verified row exists in local CRISPRGeneEffect.csv	YJEFN3	98	4976	145473	9624	log1p(raw_counts_per_cell_total * 10000)	50	3.55206263606326	0.0263240416111913	0.2145621134360313	0.1732307288327396	0.1460233980276447	-0.4405207664908394	0.5404736537609471	True	True	both
gse264667_hepg2_day7	HepG2 day 7	HepG2	ACH-000739	DepMap/Harmonizome cell-line mapping; verified row exists in local CRISPRGeneEffect.csv	YRDC	96	4976	145473	9624	log1p(raw_counts_per_cell_total * 10000)	50	3.477255990303368	0.0262385584115999	0.2001661719017665	0.1560869874733341	0.133026776407423	-1.763785060887772	1.0	True	True	both
gse264667_hepg2_day7	HepG2 day 7	HepG2	ACH-000739	DepMap/Harmonizome cell-line mapping; verified row exists in local CRISPRGeneEffect.csv	YTHDC1	56	4976	145473	9624	log1p(raw_counts_per_cell_total * 10000)	50	9.64653972786882	0.0633969542182865	0.7270917648691998	0.5781078907791063	0.4831069593955337	-0.5313130006721685	0.1971786728653576	True	True	both
gse264667_hepg2_day7	HepG2 day 7	HepG2	ACH-000739	DepMap/Harmonizome cell-line mapping; verified row exists in local CRISPRGeneEffect.csv	YY1	51	4976	145473	9624	log1p(raw_counts_per_cell_total * 10000)	50	6.026045507981358	0.0431440147322313	0.4022939293061183	0.3213128127770325	0.2677343793679624	-0.7611654516960025	0.900340622291101	True	True	both
gse264667_hepg2_day7	HepG2 day 7	HepG2	ACH-000739	DepMap/Harmonizome cell-line mapping; verified row exists in local CRISPRGeneEffect.csv	ZBTB17	130	4976	145473	9624	log1p(raw_counts_per_cell_total * 10000)	50	3.51663230005435	0.0253367117220365	0.2211046526500874	0.1844868065679532	0.1556735652629926	-0.495090903451223	0.3678012366949014	True	True	both
gse264667_hepg2_day7	HepG2 day 7	HepG2	ACH-000739	DepMap/Harmonizome cell-line mapping; verified row exists in local CRISPRGeneEffect.csv	ZC3H13	73	4976	145473	9624	log1p(raw_counts_per_cell_total * 10000)	50	10.244302958643104	0.0683176806936518	0.7114631510372105	0.5853979601549744	0.4895516889701502	-0.3580822584643152	0.1219765426958011	True	True	both
gse264667_hepg2_day7	HepG2 day 7	HepG2	ACH-000739	DepMap/Harmonizome cell-line mapping; verified row exists in local CRISPRGeneEffect.csv	ZC3H3	70	4976	145473	9624	log1p(raw_counts_per_cell_total * 10000)	50	4.850474133311758	0.0345607928199593	0.3554347685664776	0.2723057512995155	0.2218385716155749	-0.3035428469458939	0.2917051031906135	True	True	both
gse264667_hepg2_day7	HepG2 day 7	HepG2	ACH-000739	DepMap/Harmonizome cell-line mapping; verified row exists in local CRISPRGeneEffect.csv	ZC3H4	60	4976	145473	9624	log1p(raw_counts_per_cell_total * 10000)	50	6.206435182331557	0.0448388762692627	0.4080490360530951	0.3172036236121388	0.2676313087560769	0.1470327008849131	0.0096344619124385	True	True	both
gse264667_hepg2_day7	HepG2 day 7	HepG2	ACH-000739	DepMap/Harmonizome cell-line mapping; verified row exists in local CRISPRGeneEffect.csv	ZCCHC9	74	4976	145473	9624	log1p(raw_counts_per_cell_total * 10000)	50	12.768763884774136	0.0780544744874738	1.020644358706429	0.839217611430818	0.7002679158670198	-0.5850189842983827	0.67647850311592	True	True	both
gse264667_hepg2_day7	HepG2 day 7	HepG2	ACH-000739	DepMap/Harmonizome cell-line mapping; verified row exists in local CRISPRGeneEffect.csv	ZDHHC7	466	4976	145473	9624	log1p(raw_counts_per_cell_total * 10000)	50	3.970775700220072	0.0248300984797929	0.3517881212544153	0.2688253465102673	0.2170299853120613	0.0614801708733927	0.0272260829496422	True	True	both
gse264667_hepg2_day7	HepG2 day 7	HepG2	ACH-000739	DepMap/Harmonizome cell-line mapping; verified row exists in local CRISPRGeneEffect.csv	ZFP69B	81	4976	145473	9624	log1p(raw_counts_per_cell_total * 10000)	50	3.7040154237193352	0.0283202650900787	0.1848120604334945	0.1561547162484014	0.1368059030043906	0.0613066148584977	0.0172422714234888	True	True	both
gse264667_hepg2_day7	HepG2 day 7	HepG2	ACH-000739	DepMap/Harmonizome cell-line mapping; verified row exists in local CRISPRGeneEffect.csv	ZMAT2	164	4976	145473	9624	log1p(raw_counts_per_cell_total * 10000)	50	7.070618310234614	0.0462194950938397	0.471438755695692	0.4053273110309372	0.3538867652608655	-1.1885601476105063	0.9958655766906692	True	True	both
gse264667_hepg2_day7	HepG2 day 7	HepG2	ACH-000739	DepMap/Harmonizome cell-line mapping; verified row exists in local CRISPRGeneEffect.csv	ZNF100	50	4976	145473	9624	log1p(raw_counts_per_cell_total * 10000)	50	4.395236168796926	0.0341234389980468	0.1825013042633538	0.1642330144657858	0.1505379654047214	-0.0240407077260041	0.0523789416672457	True	True	both
gse264667_hepg2_day7	HepG2 day 7	HepG2	ACH-000739	DepMap/Harmonizome cell-line mapping; verified row exists in local CRISPRGeneEffect.csv	ZNF133	84	4976	145473	9624	log1p(raw_counts_per_cell_total * 10000)	50	3.7446297966684408	0.0284886905601464	0.1724038203966951	0.1542336590942354	0.1384493202079166	0.0513807012822984	0.0223287720866702	True	True	both
gse264667_hepg2_day7	HepG2 day 7	HepG2	ACH-000739	DepMap/Harmonizome cell-line mapping; verified row exists in local CRISPRGeneEffect.csv	ZNF207	86	4976	145473	9624	log1p(raw_counts_per_cell_total * 10000)	50	6.073202263081152	0.0426051961253504	0.3986381741038171	0.3236982683974344	0.2782309887904977	-0.7961764670377836	0.8756456984617937	True	True	both
gse264667_hepg2_day7	HepG2 day 7	HepG2	ACH-000739	DepMap/Harmonizome cell-line mapping; verified row exists in local CRISPRGeneEffect.csv	ZNF236	202	4976	145473	9624	log1p(raw_counts_per_cell_total * 10000)	50	9.172419242752746	0.0542598697691314	0.7870103544515503	0.6416220198634041	0.5325200119641709	-0.563737932161888	0.4527365405251089	True	True	both
gse264667_hepg2_day7	HepG2 day 7	HepG2	ACH-000739	DepMap/Harmonizome cell-line mapping; verified row exists in local CRISPRGeneEffect.csv	ZNF253	74	4976	145473	9624	log1p(raw_counts_per_cell_total * 10000)	50	3.847677783374068	0.0294673188433018	0.1780531114038907	0.1544308754531118	0.1390547225337451	-0.0689042139983929	0.1762537820803426	True	True	both
gse264667_hepg2_day7	HepG2 day 7	HepG2	ACH-000739	DepMap/Harmonizome cell-line mapping; verified row exists in local CRISPRGeneEffect.csv	ZNF292	78	4976	145473	9624	log1p(raw_counts_per_cell_total * 10000)	50	4.138977063083737	0.0305549743020739	0.2673199959961931	0.2045814632327338	0.1706092845201494	0.0222070529085722	0.0205116005719422	True	True	both
gse264667_hepg2_day7	HepG2 day 7	HepG2	ACH-000739	DepMap/Harmonizome cell-line mapping; verified row exists in local CRISPRGeneEffect.csv	ZNF335	62	4976	145473	9624	log1p(raw_counts_per_cell_total * 10000)	50	6.755671878934195	0.0459949137705926	0.4685346289858415	0.3984919703308378	0.3327231216269418	-0.7026207218086238	0.750586104120645	True	True	both
gse264667_hepg2_day7	HepG2 day 7	HepG2	ACH-000739	DepMap/Harmonizome cell-line mapping; verified row exists in local CRISPRGeneEffect.csv	ZNF574	64	4976	145473	9624	log1p(raw_counts_per_cell_total * 10000)	50	5.602590287392574	0.0398651914899839	0.3740713567926676	0.2992101889865629	0.2547358307608933	-0.95146077123314	0.9625448210412892	True	True	both
gse264667_hepg2_day7	HepG2 day 7	HepG2	ACH-000739	DepMap/Harmonizome cell-line mapping; verified row exists in local CRISPRGeneEffect.csv	ZNF674	55	4976	145473	9624	log1p(raw_counts_per_cell_total * 10000)	50	4.5028714149142335	0.0345113401202177	0.2063138138513562	0.1805007449370029	0.1608023787059728	-0.0534922641612204	0.2320048138847384	True	True	both
gse264667_hepg2_day7	HepG2 day 7	HepG2	ACH-000739	DepMap/Harmonizome cell-line mapping; verified row exists in local CRISPRGeneEffect.csv	ZNF706	84	4976	145473	9624	log1p(raw_counts_per_cell_total * 10000)	50	3.5861687527244777	0.027373044625971	0.1676627954355726	0.1443868665160693	0.1292037652507819	-0.1104077518846474	0.0422088299512026	True	True	both
gse264667_hepg2_day7	HepG2 day 7	HepG2	ACH-000739	DepMap/Harmonizome cell-line mapping; verified row exists in local CRISPRGeneEffect.csv	ZNF763	52	4976	145473	9624	log1p(raw_counts_per_cell_total * 10000)	50	4.452630913834412	0.0337349931279227	0.2232710841327566	0.1886832837961524	0.1678792977782409	-0.0284907258590887	0.0574903755726485	True	True	both
gse264667_hepg2_day7	HepG2 day 7	HepG2	ACH-000739	DepMap/Harmonizome cell-line mapping; verified row exists in local CRISPRGeneEffect.csv	ZNF787	58	4976	145473	9624	log1p(raw_counts_per_cell_total * 10000)	50	6.939119088471504	0.0463261787172205	0.5378822128717399	0.4314531668997934	0.3523746475460532	0.269809805239687	0.0034006403661641	True	True	both
gse264667_hepg2_day7	HepG2 day 7	HepG2	ACH-000739	DepMap/Harmonizome cell-line mapping; verified row exists in local CRISPRGeneEffect.csv	ZNF84	88	4976	145473	9624	log1p(raw_counts_per_cell_total * 10000)	50	8.81247450486648	0.0557422947281411	0.7279158676948341	0.5523151211931815	0.4509227178376578	0.0286106584612128	0.0199004270280592	True	True	both
gse264667_hepg2_day7	HepG2 day 7	HepG2	ACH-000739	DepMap/Harmonizome cell-line mapping; verified row exists in local CRISPRGeneEffect.csv	ZNHIT2	71	4976	145473	9624	log1p(raw_counts_per_cell_total * 10000)	50	7.612790780919234	0.0527120899572724	0.4580989754241911	0.4004066359364996	0.3474209574486174	-2.270829422577177	1.0	True	True	both
gse264667_hepg2_day7	HepG2 day 7	HepG2	ACH-000739	DepMap/Harmonizome cell-line mapping; verified row exists in local CRISPRGeneEffect.csv	ZNHIT3	137	4976	145473	9624	log1p(raw_counts_per_cell_total * 10000)	50	3.6849073652445	0.0259113586071152	0.2462590765828621	0.1988901256657602	0.1680554532083863	-0.3207720044779415	0.386084233100347	True	True	both
gse264667_hepg2_day7	HepG2 day 7	HepG2	ACH-000739	DepMap/Harmonizome cell-line mapping; verified row exists in local CRISPRGeneEffect.csv	ZNHIT6	51	4976	145473	9624	log1p(raw_counts_per_cell_total * 10000)	50	8.156950888428382	0.0535930298582794	0.6685890692469744	0.5301964875961164	0.4296024840519299	-0.5269888735292212	0.2585379663712102	True	True	both
