pathway	ES	NES	pval	direction	n_genes_in_set	n_genes_after_intersection	padj	log2err	leading_edge	context	target	n_perturbed	n_control	n_genes_ranked	ranking_method	gene_filter	msigdb_collection
HALLMARK_ADIPOGENESIS	-0.524635966671031	-1.40351146299751	0.0067443286327406	down	200	188	0.112405477212344	0.194887297433682	APOE;SLC25A1;IDH3G;CD151;CYC1;APLP2;ALDOA;CMPK1;GPX4;SDHC;STAT5A;NDUFB7;REEP6;UQCRC1;PEMT;IDH1;DECR1;PTCD3;ESRRA;GHITM;PFKL;CMBL;TALDO1;YWHAG;ESYT1;COQ9;BCL2L13;DLD;AK2;SLC5A6;SLC1A5;NDUFAB1;JAGN1;G3BP2;ALDH2;COX6A1;PTGER3;MDH2;RREB1;ACAA2;DHRS7B;SDPR;CHCHD10;ECHS1;GRPEL1;AGPAT6;NDUFA5;UQCR10;DBT;CRAT;PREB;RNF11;ELMOD3;MRPL15;SCP2;PHYH;TOB1;UQCRQ;DGAT1;ACOX1;ELOVL6;MAP4K3;TANK;HADH;SNCG;GADD45A;QDPR;RETSAT	K562_13d	CREB1	1568	3491	21713	mean_log_expr_perturbed_minus_control	False	H
HALLMARK_ALLOGRAFT_REJECTION	-0.376217915464631	-0.99414455430772	0.475346398701785	down	200	165	0.819562756382388	0.0183990018875178	SPI1;EIF5A;UBE2D1;UBE2N;PTPRC;CAPG;B2M;NME1;RPS9;WAS;HLA-E;BCAT1;FLNA;MTIF2;BRCA1;EIF3A;CCND3;FYB;RPL9;MAP3K7;FCGR2B;PSMB10;HCLS1;LYN;SOCS1;CCND2;AARS;CD3D;LCP2;TGFB1;JAK2;F2R	K562_13d	CREB1	1568	3491	21713	mean_log_expr_perturbed_minus_control	False	H
HALLMARK_ANDROGEN_RESPONSE	0.460912028380421	1.29490924983793	0.0454201362604088	up	101	93	0.283875851627555	0.131183404131763	SAT1;SEPP1;LMAN1;CENPN;PDLIM5;UAP1;SPCS3;SRP19;PGM3;HMGCS1;INSIG1;ELOVL5;MYL12A;DBI;UBE2J1;TSC22D1;TMEM50A;HMGCR;DHCR24;DNAJB9;CCND1;XRCC5;PIAS1;NCOA4;CDK6;ARID5B;ACTN1;ZBTB10	K562_13d	CREB1	1568	3491	21713	mean_log_expr_perturbed_minus_control	False	H
HALLMARK_ANGIOGENESIS	0.394816494763537	0.900386038437412	0.611931976582102	up	36	28	0.825337819128316	0.0272088482181238	TIMP1;PTK2;PDGFA;MSX1	K562_13d	CREB1	1568	3491	21713	mean_log_expr_perturbed_minus_control	False	H
HALLMARK_APICAL_JUNCTION	-0.45885116143785	-1.21902547548144	0.0846784206605414	down	200	176	0.38490191209337	0.0533476589218	PFN1;ARPC2;ACTB;GAMT;RAC2;CNN2;INPPL1;PTPRC;MVD;MSN;VASP;ICAM5;BMP1;PBX2;EPB41L2;VCL;CAP1;ARHGEF6;YWHAH;DLG1;NF1;PTEN;ACTG1;FYB;KCNH2;ITGB1;STX4;CRAT;ADAM9;CERCAM;HRAS;SYMPK;GTF2F1;NF2;ICAM4;ZYX;ACTN4;TAOK2;RSU1;HADH;B4GALT1;LDLRAP1	K562_13d	CREB1	1568	3491	21713	mean_log_expr_perturbed_minus_control	False	H
HALLMARK_APICAL_SURFACE	-0.493807034609325	-1.07405309890258	0.350160134207717	down	44	36	0.73276740237691	0.0264308634155429	PCSK9;BRCA1;FLOT2;HSPB1;DCBLD2;LYN;AKAP7;B4GALT1;ADIPOR2;PLAUR	K562_13d	CREB1	1568	3491	21713	mean_log_expr_perturbed_minus_control	False	H
HALLMARK_APOPTOSIS	-0.340378572310872	-0.891005760920355	0.727203839353372	down	161	149	0.865718856373062	0.0123846353366712	HMGB2;RHOT2;TSPO;BAX;GPX4;DAP3;GSR;IFITM3;LMNA;ANXA1;DFFA;EBP;BCL2L2;DNAJC3;BRCA1;DAP;KRT18;HSPB1;BTG2;SOD2;CDC25B;CREBBP;TGFBR3;PSEN1;CCND2;BCAP31;LEF1;PPT1;CFLAR;DNAJA1;GADD45A;CASP3;RETSAT;BTG3	K562_13d	CREB1	1568	3491	21713	mean_log_expr_perturbed_minus_control	False	H
HALLMARK_BILE_ACID_METABOLISM	-0.314125716063921	-0.789454886552491	0.89855460385439	down	112	102	0.974585571162983	0.0100945981820735	GSTK1;PXMP2;FADS1;IDH1;SLC27A5;ISOC1;ABCA8;SLC35B2;PEX16;ABCA3;SCP2;PHYH;HSD17B6;ACSL1;RETSAT;PAOX;PEX6;IDI1;PFKM;CAT;FADS2;RXRA;PEX19;PRDX5;ABCA5;ACSL5	K562_13d	CREB1	1568	3491	21713	mean_log_expr_perturbed_minus_control	False	H
HALLMARK_CHOLESTEROL_HOMEOSTASIS	0.383498906119834	1.02876098583806	0.366383701188455	up	74	66	0.73276740237691	0.0414939423465147	SQLE;ECH1;HMGCS1;TRIB3;ANXA5;HMGCR;ALDOC;ATXN2;CLU;ANTXR2;TM7SF2;STARD4	K562_13d	CREB1	1568	3491	21713	mean_log_expr_perturbed_minus_control	False	H
HALLMARK_COAGULATION	-0.362490350125412	-0.920018890066563	0.638250066085118	down	138	111	0.825337819128316	0.0149309286722731	APOC1;CFD;RABIF;ANXA1;SIRT2;BMP1;ARF4;PROS1;FURIN;ADAM9;CFH;PREP	K562_13d	CREB1	1568	3491	21713	mean_log_expr_perturbed_minus_control	False	H
HALLMARK_COMPLEMENT	-0.364123051186883	-0.962906634211163	0.554502369668246	down	200	167	0.825337819128316	0.0161266962023766	APOC1;PFN1;CD55;PPP4C;ATOX1;RABIF;CALM1;PCSK9;USP14;WAS;CEBPB;KIF2A;CALM3;GRB2;LAP3;STX4;ADAM9;XPNPEP1;CFH;SH2B3;USP8;CTSD;PRKCD;PREP;LYN;DGKH;PLSCR1;RNF4;PSEN1;RHOG;KCNIP2;LCP2;CASP3;FYN;CSRP1;JAK2;GPD2;DOCK4	K562_13d	CREB1	1568	3491	21713	mean_log_expr_perturbed_minus_control	False	H
HALLMARK_DNA_REPAIR	-0.521111308446319	-1.35868964316633	0.0222053038954447	down	150	142	0.185044199128706	0.108256440008936	NME4;NME3;ZNRD1;SURF1;NT5C;TAF12;POLR2E;GPX4;RFC4;GTF2H5;ARL6IP1;ADRM1;MPG;POLR1C;IMPDH2;GTF2H1;PRIM1;GTF2B;RFC3;AK3;RBX1;CANT1;LIG1;DUT;ZWINT;NME1;SEC61A1;POLR2G;TYMS;POLR2H;RAE1;TARBP2;POLR2I;SSRP1;TAF10;EDF1;POLR1D;UMPS;TAF1C;RFC5;NUDT21;POLL;SDCBP;RAD51;DGCR8;SUPT4H1;POLR2F;GTF2F1;POM121;UPF3B;ADA;HCLS1;POLR2D;RALA	K562_13d	CREB1	1568	3491	21713	mean_log_expr_perturbed_minus_control	False	H
HALLMARK_E2F_TARGETS	-0.475473824261978	-1.2777645826117	0.0363172598080894	down	200	198	0.25940899862921	0.0822473549270266	CKS1B;PA2G4;CDK1;HMGB2;POLD2;TUBB;TRA2B;HMGA1;SRSF2;LYAR;RAD1;ASF1B;RANBP1;SMC4;DCTPP1;UBE2S;PLK1;ANP32E;MYBL2;TBRG4;CDK4;TRIP13;CCNB2;STMN1;XRCC6;DSCC1;NOP56;DDX39A;PAICS;DNMT1;RFC3;LIG1;ILF3;DUT;MAD2L1;NME1;RAD51AP1;MCM2;CCNE1;NOLC1;RAN;SNRPB;H2AFX;AK2;RBBP7;KIF2C;PRKDC;PRPS1;TFRC;SMC3;SSRP1;BRCA1;HNRNPD;ZW10;GSPT1;MCM6;KIF22;DIAPH3;MTHFD2;NUDT21;RAD50;SYNCRIP;CSE1L;AURKB;MKI67	K562_13d	CREB1	1568	3491	21713	mean_log_expr_perturbed_minus_control	False	H
HALLMARK_EPITHELIAL_MESENCHYMAL_TRANSITION	0.306303722500259	0.916471095306335	0.74706457925636	up	200	155	0.868679743321349	0.0339906522393914	SAT1;TIMP1;JUN;TPM1;PCOLCE;DAB2;PPIB;QSOX1;CALU;ITGA5;ID2;ECM1;TPM4;CRLF1;ENO2;MSX1;SLC6A8;TPM2;FGF2;ITGB5;FUCA1	K562_13d	CREB1	1568	3491	21713	mean_log_expr_perturbed_minus_control	False	H
HALLMARK_ESTROGEN_RESPONSE_EARLY	-0.409317057890779	-1.0915845942785	0.257555199210559	down	200	182	0.643887998026397	0.0280880129991969	FKBP4;KRT8;SLC9A3R1;PPIF;IGFBP4;KRT19;CHPT1;UGCG;CANT1;XBP1;MED13L;MYB;SYNGR1;FASN;KRT18;MED24;NADSYN1;SLC39A6;ENDOD1;AKAP1;AQP3;RHOBTB3;ABCA3;SLC7A5;KLF10;SLC37A1;TOB1;GAB2;GLA;TGM2;MAPT;HES1;FKBP5;B4GALT1;SIAH2;ISG20L2;DHRS2;ARL3;DYNLT3;ABHD2;JAK2;TMEM164;FDFT1;MYBBP1A;CD44;KRT15;RAPGEFL1;TUBB2B;OPN3;NXT1;SNX24;SYBU;IL17RB;NRIP1;TFF1	K562_13d	CREB1	1568	3491	21713	mean_log_expr_perturbed_minus_control	False	H
HALLMARK_ESTROGEN_RESPONSE_LATE	-0.413773439747538	-1.10080145063396	0.242450495049505	down	200	178	0.638027618551329	0.0292337091963034	GAL;DCXR;FKBP4;PKP3;CKB;METTL3;SLC9A3R1;PPIF;IGFBP4;NMU;KRT19;CHPT1;XBP1;MYB;GALE;PTGER3;LSR;LLGL2;ABCA3;SLC7A5;CDC20;DNAJC1;TOB1;TSTA3;GLA;MAPT;JAK1;ST6GALNAC2;FKBP5;SIAH2;BTG3;DHRS2;ARL3;DYNLT3;ABHD2;JAK2;DLG5	K562_13d	CREB1	1568	3491	21713	mean_log_expr_perturbed_minus_control	False	H
HALLMARK_FATTY_ACID_METABOLISM	-0.481921763253277	-1.25450841074212	0.0689304336767137	down	158	140	0.344652168383569	0.060295791275842	IDH3G;NTHL1;RDH11;UROD;GLUL;ALDOA;ODC1;SDHC;REEP6;MDH1;MIF;IDH1;CCDC58;DECR1;SDHD;CBR1;SDHA;SMS;HSDL2;FH;DLD;NCAPH2;HSPH1;FASN;YWHAH;MDH2;ACAA2;CPOX;ECHS1;ACSM3;GRHPR;LDHA;ADSL;CRAT;PDHB;LGALS1;METAP1;AUH;PPARA;HPGD;G0S2;HSD17B7;ACOX1;BLVRA;NSDHL;HADH;ACSL4;ACSL1;RETSAT;HSD17B10;ADIPOR2;GPD2;IDI1;DLST	K562_13d	CREB1	1568	3491	21713	mean_log_expr_perturbed_minus_control	False	H
HALLMARK_G2M_CHECKPOINT	-0.429561873052784	-1.15425176412373	0.153360834748847	down	200	196	0.589849364418644	0.0379364958949899	CKS1B;CDK1;TRA2B;HMGA1;SRSF2;CDC45;H2AFV;SMC4;ODC1;KIF5B;UBE2S;PLK1;SMC2;MYBL2;RAD23B;CDK4;CCNB2;PAFAH1B1;STMN1;HSPA8;DDX39A;MTF2;SMARCC1;PRC1;ILF3;DKC1;MAD2L1;MCM2;NOLC1;H2AFX;CUL3;TLE3;NCL;CCNA2;KIF2C;SNRPD1;HNRNPD;GSPT1;DBF4;MCM6;KIF22;SLC7A1;BUB1;TROAP;MNAT1;SYNCRIP;TPX2;AURKB;MKI67;SFPQ;CDC27;SS18;ODF2;SLC7A5;TRAIP;INCENP;SRSF10;CDC20;PURA;CDC25B;E2F1;CENPA	K562_13d	CREB1	1568	3491	21713	mean_log_expr_perturbed_minus_control	False	H
HALLMARK_GLYCOLYSIS	-0.467802121191268	-1.24948029072192	0.0599655935119194	down	200	184	0.33314218617733	0.063728697179177	CDK1;TPI1;FKBP4;NDUFV3;ALDOA;ENO1;DDIT4;SDHC;MDH1;MIF;B3GAT3;IDH1;G6PD;STMN1;AK3;TALDO1;FAM162A;DLD;HOMER1;GALK1;KIF2A;PRPS1;SLC16A3;CHST2;GALE;GOT1;MDH2;LHPP;GOT2;PGM2;MED24;ANKZF1;LDHA;BPNT1;CHPF;MPI;PGAM1;CLN6;CENPA;TSTA3;SLC37A4;ARPP19;NSDHL;B4GALT7;SRD5A3;DSC2;NANP;GYS1;PHKA2;B4GALT1	K562_13d	CREB1	1568	3491	21713	mean_log_expr_perturbed_minus_control	False	H
HALLMARK_HEDGEHOG_SIGNALING	0.300677066713216	0.691872302809264	0.960640989597976	up	36	29	0.980245907753037	0.0200270913221196	PML;CDK6;LDB1;CDK5R1;MYH9;HEY1	K562_13d	CREB1	1568	3491	21713	mean_log_expr_perturbed_minus_control	False	H
HALLMARK_HEME_METABOLISM	0.464712151485232	1.42203835038358	0.0034278411140986	up	200	195	0.0856960278524657	0.431707695803346	SLC25A37;HBZ;ALAS2;GCLM;HTATIP2;CAST;CLIC2;RBM38;GYPA;MPP1;SEC14L1;ADD1;KLF1;TNRC6B;GYPB;LMO2;CLCN3;GYPE;MYL4;TFDP2;CDR2;HEBP1;KLF3;BACH1;DAAM1;BLVRB;CROCCP2;TCEA1;RAD23A;RHCE;RIOK3;UROS;MARK3;RCL1;ASNS;AHSP;NCOA4;SIDT2;OPTN;USP15;NFE2;UBAC1;MGST3;HBQ1;ISCA1;ALAD;RHD;ARHGEF12;TAL1;EPOR;ERMAP;FOXO3;FECH;SLC11A2;RNF123;VEZF1;DCUN1D1;RNF19A;SLC10A3;PICALM;LPIN2;YPEL5;BNIP3L	K562_13d	CREB1	1568	3491	21713	mean_log_expr_perturbed_minus_control	False	H
HALLMARK_HYPOXIA	-0.341541562010746	-0.910837943861673	0.688910817811768	down	200	182	0.86113852226471	0.0128288009137175	SLC25A1;HK1;TPI1;ALDOA;ENO1;DDIT4;MIF;HEXA;GPI;PFKL;FAM162A;GALK1;TPST2;CHST2;PNRC1;PGM2;ANXA2;ANKZF1;GRHPR;S100A4;LDHA;VHL;XPNPEP1;NDST1;NR3C1;KLHL24;SLC37A4;HOXB9;TGM2;DUSP1;GYS1;KDM3A;SIAH2	K562_13d	CREB1	1568	3491	21713	mean_log_expr_perturbed_minus_control	False	H
HALLMARK_IL2_STAT5_SIGNALING	-0.323154373733396	-0.861135402442959	0.81546442687747	down	200	181	0.926664121451671	0.0103518495019241	GPX4;ODC1;IFITM3;SNX14;GALM;XBP1;CAPG;CDC42SE2;POU2F1;CCNE1;PUS1;SLC1A5;TNFRSF1B;RHOH;AHNAK;CTSZ;SLC29A2;CCND3;MAPKAPK2;UMPS;PRNP;PHTF2;FURIN;RABGAP1L;SYNGR2;PLSCR1;SOCS1;TGM2;CCND2;SOCS2;AHCY;ETV4;PTRH2;SCN9A;TNFRSF21;CASP3	K562_13d	CREB1	1568	3491	21713	mean_log_expr_perturbed_minus_control	False	H
HALLMARK_IL6_JAK_STAT3_SIGNALING	-0.420991049686335	-1.0240348350799	0.417730299667037	down	87	76	0.760550665763936	0.0219827970887542	STAT3;BAK1;TNFRSF1B;GRB2;TNFRSF1A;IL10RB;PTPN11;PTPN1;LEPR;STAM2;IFNAR1;IL17RA;SOCS1;IL15RA;TNFRSF21;TGFB1;CBL;CD44;TNFRSF12A	K562_13d	CREB1	1568	3491	21713	mean_log_expr_perturbed_minus_control	False	H
HALLMARK_INFLAMMATORY_RESPONSE	-0.296021844150931	-0.782566305252706	0.952969061876247	down	200	166	0.980245907753037	0.0080223127008659	BST2;CD55;ADRM1;EMP3;TNFRSF1B;SLC31A1;CHST2;SLC7A1;NFKBIA;DCBLD2;BTG2;IFNAR1;BEST1;ICAM4;LYN;LY6E;PSEN1;RHOG;IL15RA;LCP2;KIF1B	K562_13d	CREB1	1568	3491	21713	mean_log_expr_perturbed_minus_control	False	H
HALLMARK_INTERFERON_ALPHA_RESPONSE	-0.321837843571133	-0.792971618124888	0.881409377570606	down	97	86	0.974585571162983	0.0107538650432684	IFITM2;BST2;IFITM3;B2M;LAP3;PSMA3;PLSCR1;LY6E;CNP;PNPT1;IFI35;NCOA7;TRIM21;LGALS3BP	K562_13d	CREB1	1568	3491	21713	mean_log_expr_perturbed_minus_control	False	H
HALLMARK_INTERFERON_GAMMA_RESPONSE	-0.351115114515835	-0.931172788973979	0.629588154784123	down	200	173	0.825337819128316	0.0142566440784238	IFITM2;STAT3;BST2;IFITM3;NUP93;ISOC1;B2M;TOR1B;MTHFD2;LAP3;NFKBIA;PTPN1;BPGM;RNF213;SOD2;CFH;PSMA3;PSMB10;LYSMD2;PLSCR1;LY6E;SOCS1;IL15RA;VAMP5;LCP2;PNPT1;CASP3;IFI35;JAK2;TRIM21;MVP;LGALS3BP;PTPN6	K562_13d	CREB1	1568	3491	21713	mean_log_expr_perturbed_minus_control	False	H
HALLMARK_KRAS_SIGNALING_DN	0.255394895742989	0.749924181149773	0.998229305002213	up	200	132	0.998229305002213	0.026740979054125	SEPP1;TNNI3;SPTBN2;FGGY;BARD1;SLC25A23;MTHFR;STAG3	K562_13d	CREB1	1568	3491	21713	mean_log_expr_perturbed_minus_control	False	H
HALLMARK_KRAS_SIGNALING_UP	-0.340669978115842	-0.89821608287386	0.713999248026068	down	200	162	0.865718856373062	0.0125399487417962	LAPTM5;GYPC;TFPI;WDR33;TNFRSF1B;DOCK2;TRIB2;ZNF277;TOR1AIP2;DCBLD2;BPGM;ATG10;CFH;RABGAP1L;ADAM17;MMD;EVI5;G0S2;CCND2;ETV4;AMMECR1;CBX8;CBL;CAB39L;MAP7;LCP1;SPRY2;ADAM8;PLAUR;NIN	K562_13d	CREB1	1568	3491	21713	mean_log_expr_perturbed_minus_control	False	H
HALLMARK_MITOTIC_SPINDLE	-0.398907419346936	-1.07233307543653	0.3	down	200	199	0.681818181818182	0.0251797850949631	CDK1;RHOT2;SMC4;CSNK1D;KIF5B;PLK1;CCNB2;PAFAH1B1;STAU1;CDC42BPA;PRC1;DYNC1H1;KATNB1;RALBP1;KIF2C;CNTRL;DOCK2;EPB41L2;VCL;SMC3;SPTBN1;FLNA;TBCD;CDC42EP1;PPP4R2;RANBP9;ATG4B;DLG1;NF1;PCGF5;KIF22;BUB1;CEP192;ARHGAP4;ARHGAP5;SEPT9;CTTN;CNTROB;TPX2;CDC27;RAB3GAP1;INCENP;AZI1;ACTN4;ALS2;MYO9B;KIF3B;TAOK2;ARF6;PLEKHG2;ARAP3;ARHGDIA;SAC3D1;KIF20B;EPB41;LRPPRC;KIF1B;PIF1	K562_13d	CREB1	1568	3491	21713	mean_log_expr_perturbed_minus_control	False	H
HALLMARK_MTORC1_SIGNALING	-0.362702209587038	-0.97470778368226	0.531762419531155	down	200	198	0.825337819128316	0.0163506357883362	TPI1;RDH11;TOMM40;SSR1;ALDOA;PPA1;ENO1;ARPC5L;FADS1;CCT6A;GSR;DDIT4;SLC9A3R1;HSPD1;COPS5;PLK1;IDH1;G6PD;GTF2H1;M6PR;GPI;CACYBP;DDX39A;PFKL;HMBS;PSMC2;XBP1;EPRS;MCM2;EBP;SLC1A5;TFRC;NFYC;BCAT1;SEC11A;PSAT1;ATP5G1;GOT1;PSMD14;ACACA;MTHFD2;SHMT2;BUB1;SERPINH1;PSMB5;CYP51A1;HSPE1;LDHA;POLR3G;BTG2;TMEM97;SCD;RRP9;SLC7A5;RPA1;PSMA3;PSMG1	K562_13d	CREB1	1568	3491	21713	mean_log_expr_perturbed_minus_control	False	H
HALLMARK_MYC_TARGETS_V1	-0.599170623432494	-1.61067567604649	1.88108054948099e-05	down	200	199	0.0009405402747404	0.575610261071129	SRM;TXNL4A;SRSF3;PA2G4;RPS2;RNPS1;POLD2;RPS10;EIF1AX;HNRNPR;PPM1G;PSMA7;TRA2B;NOP16;SET;PSMD3;EIF4G2;PSMB3;SRSF2;FBL;U2AF1;CYC1;CDC45;HDAC2;EIF4A1;C1QBP;CCT4;RANBP1;PRPF31;RFC4;NHP2;ODC1;CNBP;CCT5;SNRPD2;RPL6;HSPD1;COPS5;RSL1D1;CAD;RPS6;SNRPA1;RAD23B;CDK4;IMPDH2;RPL14;HNRNPA2B1;PHB2;XRCC6;NOP56;HNRNPC;PHB;COX5A;GNB2L1;LSM2;SMARCC1;DUT;MAD2L1;SRSF7;EPRS;NME1;PCBP1;MCM2;DDX21;SF3B3;NOLC1;RAN;CCNA2;PTGES3;PABPC1;PSMD8;VBP1;TYMS;SNRPD1;NDUFAB1;EIF3B;TRIM28;HDGF;PSMD14;HNRNPD;TARDBP;PSMD7;GSPT1;MCM6;UBE2E1;GOT2;KARS;SYNCRIP;HSPE1;CCT2;TCP1;LDHA	K562_13d	CREB1	1568	3491	21713	mean_log_expr_perturbed_minus_control	False	H
HALLMARK_MYC_TARGETS_V2	-0.640257416509353	-1.50265914723714	0.0091861633414669	down	58	58	0.114827041768336	0.180467893079923	SRM;PA2G4;NOP16;LAS1L;DCTPP1;FARSA;HSPD1;PLK1;TBRG4;CDK4;NOP56;PHB;SUPV3L1;PUS1;NOLC1;NOC4L;SLC29A2;IMP4;GRWD1;HSPE1;TMEM97;RRP9;UTP20;MAP3K6;TCOF1;UNG	K562_13d	CREB1	1568	3491	21713	mean_log_expr_perturbed_minus_control	False	H
HALLMARK_MYOGENESIS	-0.420988733075517	-1.11929248414536	0.210565476190476	down	200	177	0.619310224089636	0.0319062895292908	TNNT1;EIF4A2;CFD;CKB;OCEL1;SIRT2;NQO1;TPM3;TEAD4;PDLIM7;MAPK12;FKBP1B;DES;PRNP;KCNH2;ITGB1;SCD;CRAT;MEF2C;SYNGR2;RB1;MAPRE3;ACSL1;TGFB1;FLII;MEF2A;CKM;MEF2D;AGRN;PFKM;AK1;ACHE	K562_13d	CREB1	1568	3491	21713	mean_log_expr_perturbed_minus_control	False	H
HALLMARK_NOTCH_SIGNALING	-0.570845331659823	-1.20325671965767	0.203531598513011	down	32	30	0.619310224089636	0.0371008228654284	APH1A;PSENEN;RBX1;MAML2;DTX2;KAT2A;HES1;ARRB1	K562_13d	CREB1	1568	3491	21713	mean_log_expr_perturbed_minus_control	False	H
HALLMARK_OXIDATIVE_PHOSPHORYLATION	-0.378588810749296	-1.01740064134844	0.423175027329042	down	200	198	0.760550665763936	0.0197323873767823	ATP5A1;ATP5B;NDUFS7;IDH3G;RHOT2;CYC1;SURF1;UQCRC2;BAX;NDUFV1;UQCRFS1;NDUFS6;GPX4;NDUFA9;SDHC;MRPS12;COX11;NDUFB7;SLC25A5;UQCRC1;TIMM13;MDH1;IDH1;DECR1;SDHD;SLC25A11;GPI;PHB2;COX5A;SDHA;ATP5D;SUPV3L1;COX5B;FH;DLD;PMPCA;ATP5F1;MFN2;MRPS11;NDUFAB1;ATP6V1H;LDHB;COX6A1;NDUFB2;ATP5G1;MDH2;ACAA2;ATP6V0B;GOT2;ECHS1;CYB5R3;GRPEL1;COX6B1;OGDH;LDHA;NDUFA5;UQCR10;NDUFS2;PDHB;POLR2F;SLC25A3;MRPL15;HTRA2;PHYH;OPA1;MRPL11	K562_13d	CREB1	1568	3491	21713	mean_log_expr_perturbed_minus_control	False	H
HALLMARK_P53_PATHWAY	-0.350369237479855	-0.939405159749988	0.623351245725452	down	200	192	0.825337819128316	0.014131708584212	DCXR;EI24;IRAK1;BAX;DDIT4;TRIAP1;GNB2L1;MKNK2;WRAP73;BAK1;NOL8;SEC61A1;FAM162A;RCHY1;CCNK;LDHB;SLC3A2;CCND3;SP1;TPRKB;MXD4;S100A4;SERTAD3;BTG2;HRAS;POM121;IP6K2;ADA;AEN;CTSD;APAF1;TAX1BP3;TOB1;RPL18;DEF6;SOCS1;SLC7A11;RB1;CCND2;ERCC5;HDAC3;CCP110;FBXW7;ADCK3;TCN2;GADD45A;RETSAT;RAD9A;TGFB1;MAPKAPK3;F2R	K562_13d	CREB1	1568	3491	21713	mean_log_expr_perturbed_minus_control	False	H
HALLMARK_PANCREAS_BETA_CELLS	-0.447416575556721	-0.900935954537893	0.616909061850727	down	40	23	0.825337819128316	0.0181977504878872	ELP4;SEC11A;SRP14;SRP9;PKLR;PAX6	K562_13d	CREB1	1568	3491	21713	mean_log_expr_perturbed_minus_control	False	H
HALLMARK_PEROXISOME	-0.39341372678907	-0.980879324570766	0.498649013780059	down	104	96	0.825337819128316	0.0188640854345587	GSTK1;RDH11;TSPO;FADS1;ITGB1BP1;CNBP;IDH1;SMARCC1;ISOC1;SLC25A19;PABPC1;YWHAH;SLC35B2;PEX2;SOD2;CRAT;HRAS;NUDT19;SIAH1;CLN6;SCP2;ACOX1;ACSL4;CDK7;ACSL1;RETSAT;CRABP2;PEX6;IDI1;MVP;CAT;PEX11B	K562_13d	CREB1	1568	3491	21713	mean_log_expr_perturbed_minus_control	False	H
HALLMARK_PI3K_AKT_MTOR_SIGNALING	-0.36508929325596	-0.911354665834689	0.643763498920086	down	105	97	0.825337819128316	0.0151114679602407	PFN1;CDK1;CFL1;UBE2N;MAPK1;CDK4;MKNK2;CLTC;ARPC3;MAPK8;GRB2;TNFRSF1A;PAK4;PTEN;ACACA;MAP3K7;PTPN11;SMAD2;HRAS;PRKAG1;E2F1;PRKAR2A;GSK3B;RPTOR;ARHGDIA;EIF4E;AKT1S1;CAB39;YWHAB;TBK1;THEM4;AP2M1;CAB39L	K562_13d	CREB1	1568	3491	21713	mean_log_expr_perturbed_minus_control	False	H
HALLMARK_PROTEIN_SECRETION	0.377956697394362	1.06040718495767	0.281531531531532	up	96	92	0.67031317031317	0.0506841501632225	GOLGA4;LMAN1;ARF1;NAPG;CLTA;COPB1;COG2;CTSC;VAMP7;TSG101;GNAS;AP3S1;BNIP3;CLCN3;COPB2;ADAM10;RAB9A;VPS4B;TMED2;BET1;SNAP23;ARCN1;ARFGEF1;COPE;AP3B1	K562_13d	CREB1	1568	3491	21713	mean_log_expr_perturbed_minus_control	False	H
HALLMARK_REACTIVE_OXIGEN_SPECIES_PATHWAY	0.409454001169232	1.03801894400416	0.362132352941176	up	49	47	0.73276740237691	0.0394145411934656	GCLM;NDUFA6;TXN;GLRX;PDLIM1;PRDX1;TXNRD1;NDUFB4;HHEX;PFKP;FES;OXSR1;MGST1;ABCC1;SBNO2;MSRA;PPP2R4;SOD1;SCAF4;PRDX6;STK25	K562_13d	CREB1	1568	3491	21713	mean_log_expr_perturbed_minus_control	False	H
HALLMARK_SPERMATOGENESIS	0.326737824170515	0.936755687940371	0.618323746918652	up	135	110	0.825337819128316	0.0342826850032942	HBZ;TNNI3;CDKN3;ARL4A;RPL39L;SCG3;LPIN1;GSTM3;MLF1;NEFH;IP6K1;PHKG2;BRAF;CSNK2A2;CLGN;COIL	K562_13d	CREB1	1568	3491	21713	mean_log_expr_perturbed_minus_control	False	H
HALLMARK_TGF_BETA_SIGNALING	0.389010337718767	1.00461686366365	0.425908372827804	up	54	52	0.760550665763936	0.0365580174075411	FNTA;TJP1;RAB31;PPP1CA;ID3;NCOR2;CDKN1C;PPP1R15A;ID2;XIAP;HDAC1;TGFBR1;TRIM33;CTNNB1	K562_13d	CREB1	1568	3491	21713	mean_log_expr_perturbed_minus_control	False	H
HALLMARK_TNFA_SIGNALING_VIA_NFKB	0.350050353946069	1.06687106839445	0.240301724137931	up	200	186	0.638027618551329	0.0668120931524977	SAT1;PDLIM5;SQSTM1;MYC;JUN;SLC2A3;BHLHE40;TUBB2A;TSC22D1;KLF6;CD69;CCND1;PPP1R15A;FOSL1;ID2;RCAN1;KYNU;MXD1;CXCL3;BCL6;KDM6B;TIPARP;CSF1;ZBTB10;SOCS3;FJX1;NAMPT;RIPK2;TNFSF9;RELA;CDKN1A;EGR1;MCL1;BIRC2;IL6ST;NR4A2;TNFAIP3;TRIB1;MAP3K8;LAMB3;CXCL11;NFAT5;CCRL2;SPHK1;PER1;IRF1;YRDC;GPR183;SIK1;ICAM1	K562_13d	CREB1	1568	3491	21713	mean_log_expr_perturbed_minus_control	False	H
HALLMARK_UNFOLDED_PROTEIN_RESPONSE	-0.451305230540801	-1.14543556025624	0.200898757599789	down	113	111	0.619310224089636	0.0340829244633745	CKS1B;EIF4A2;EIF4A1;SSR1;EIF4G1;LSM4;NHP2;DDIT4;KIF5B;EIF4EBP1;PDIA6;CNOT4;NOP56;YIF1A;IMP3;XBP1;DKC1;NOLC1;KHSRP;H2AFX;CEBPB;ATF4;POP4;DCP2;YWHAZ;SEC11A;EXOSC10;PSAT1;DNAJC3;CXXC1;MTHFD2	K562_13d	CREB1	1568	3491	21713	mean_log_expr_perturbed_minus_control	False	H
HALLMARK_UV_RESPONSE_DN	0.39150578126059	1.1485953166668	0.132661996497373	up	144	130	0.552758318739054	0.0816849181752493	PDLIM5;YTHDC1;INSIG1;MYC;TJP1;FHL2;DAB2;BHLHE40;MRPS31;SLC22A18;CELF2;SYNJ2;PRKAR2B;DYRK1A;NIPBL;ANXA4;SCAF8;PEX14;ABCC1;ATRX;NR1D2;DBP;ERBB2;MAP1B;FAM179B;SPOP	K562_13d	CREB1	1568	3491	21713	mean_log_expr_perturbed_minus_control	False	H
HALLMARK_UV_RESPONSE_UP	-0.518566485189753	-1.35571365162698	0.0208755060728745	down	158	147	0.185044199128706	0.111555069436528	GAL;AP2S1;TMBIM6;FKBP4;SEPW1;UROD;CLTB;ALDOA;BSG;RFC4;EPCAM;PSMC3;PPIF;PPP1R2;MARK2;BAK1;APOM;DDX21;CCNE1;SIGMAR1;H2AFX;JUNB;POLR2H;STARD3;TFRC;GGH;CCND3;NFKBIA;GRPEL1;NXF1;FURIN;KCNH2;AQP3;BTG2;SOD2;PARP2;PRKCD;RAB27A;LYN;TYRO3;DGAT1;AMD1;PPT1;DNAJB1;HNRNPU;CNP;DNAJA1;CASP3;BTG3	K562_13d	CREB1	1568	3491	21713	mean_log_expr_perturbed_minus_control	False	H
HALLMARK_WNT_BETA_CATENIN_SIGNALING	-0.330013333637883	-0.725013804900613	0.916110436893204	down	42	38	0.974585571162983	0.0116857443550769	HDAC2;SKP2;WNT5B;KAT2A;ADAM17;CSNK1E;CCND2;LEF1;NUMB;AXIN1;DVL2	K562_13d	CREB1	1568	3491	21713	mean_log_expr_perturbed_minus_control	False	H
HALLMARK_XENOBIOTIC_METABOLISM	-0.42532965923408	-1.12476468948699	0.205412821152407	down	200	167	0.619310224089636	0.0324960101604024	APOE;COMT;DCXR;PTGDS;TMBIM6;HES6;LONP1;GSR;IGFBP4;PEMT;PGD;IDH1;MTHFD1;CBR1;ACP2;NQO1;PTGES3;SLC1A5;BCAT1;PROS1;TNFRSF1A;ALDH2;ADH5;AP4B1;ARG2;SHMT2;KARS;DHRS1	K562_13d	CREB1	1568	3491	21713	mean_log_expr_perturbed_minus_control	False	H
HALLMARK_ADIPOGENESIS	-0.42163066883911	-1.22268180463697	0.0635848083863207	down	200	188	0.281862745098039	0.0736532668184816	APOE;SLC25A1;TALDO1;ECH1;COX6A1;APLP2;CD151;CAT;CHCHD10;CMBL;DECR1;VEGFB;HIBCH;UQCRC1;AGPAT3;DGAT1;ATP1B3;ALDOA;ABCB8;FAH;SLC5A6;SNCG;GPX4;ACAA2;QDPR;NDUFAB1;PRDX3;STAT5A;CYC1;ALDH2;MDH2;UBC;SLC1A5;ETFB;ELMOD3;PQLC3;DBT;AK2;IMMT;IDH3G;GHITM;LPCAT3;ESRRA;ITIH5;MRPL15;COQ5;TKT	K562_13d	E2F4	840	3491	21713	mean_log_expr_perturbed_minus_control	False	H
HALLMARK_ALLOGRAFT_REJECTION	-0.318646015158776	-0.912199861426829	0.696400895470983	down	200	165	0.809768483105795	0.0175105084356887	FLNA;NME1;B2M;HLA-E;RPS9;MAP3K7;BCAT1;CCND2;EIF5A;MTIF2;FCGR2B;WARS;CD3D;ABI1;PRKCB;DARS;MRPL3;IFNGR2;TGFB1;ICAM1;AARS;EIF4G3	K562_13d	E2F4	840	3491	21713	mean_log_expr_perturbed_minus_control	False	H
HALLMARK_ANDROGEN_RESPONSE	0.462335027133278	1.26942006831762	0.0620454545454545	up	101	93	0.281862745098039	0.0861969619137114	SAT1;ELOVL5;FADS1;UAP1;SPCS3;IDI1;CENPN;HPGD;UBE2I;PIAS1;DNAJB9;TSC22D1;SRP19;SEPP1;ABCC4;PDLIM5;CCND3;ACTN1;UBE2J1;NCOA4;ABHD2;B4GALT1;PTK2B;DHCR24;HERC3;GSR;INSIG1;SRF;CDK6;ARID5B;HMGCS1;HMGCR	K562_13d	E2F4	840	3491	21713	mean_log_expr_perturbed_minus_control	False	H
HALLMARK_ANGIOGENESIS	0.424168467304701	0.951687333890997	0.524888794746876	up	36	28	0.690643150982731	0.025139253499649	VEGFA;TIMP1;LRPAP1;PTK2;JAG2	K562_13d	E2F4	840	3491	21713	mean_log_expr_perturbed_minus_control	False	H
HALLMARK_APICAL_JUNCTION	0.311436208540367	0.924094976226638	0.687708432586946	up	200	176	0.809768483105795	0.0226482592878794	SKAP2;CLDN7;ARPC2;PVRL2;CD99;CTNNA1;CTNND1;PLCG1;MPZL1;YWHAH;FSCN1;TSPAN4;PIK3R3;GNAI2;PIK3CB;DHX16;NLGN2;ACTN1;SYMPK;PTK2;MPP5;B4GALT1;ACTG1;PKD1;TAOK2;VASP;INSIG1;DLG1;HADH;WNK4;PTPRC;MAP4K2;GTF2F1;TSC1	K562_13d	E2F4	840	3491	21713	mean_log_expr_perturbed_minus_control	False	H
HALLMARK_APICAL_SURFACE	0.493037865877128	1.16265386371103	0.212438555246848	up	44	36	0.461822946188799	0.0434379986196493	HSPB1;PLAUR;GSTM3;ADIPOR2;B4GALT1;NCOA6;BRCA1;FLOT2;ADAM10;AKAP7	K562_13d	E2F4	840	3491	21713	mean_log_expr_perturbed_minus_control	False	H
HALLMARK_APOPTOSIS	0.411711739701814	1.20082658867454	0.0874407582938389	up	161	149	0.312288422477996	0.0737569644215925	SAT1;SQSTM1;LMNA;TOP2A;ETF1;DDIT3;IFNGR1;PDCD4;ENO2;XIAP;TIMP1;PPT1;HSPB1;JUN;CREBBP;BNIP3L;CDC25B;PSEN2;RARA;IER3;VDAC2;ERBB3;EBP;IL6;PTK2;RELA;CFLAR;ATF3;CASP7;CASP6;FEZ1;GSR;BTG3;KRT18;IRF1;BCL10;F2R	K562_13d	E2F4	840	3491	21713	mean_log_expr_perturbed_minus_control	False	H
HALLMARK_BILE_ACID_METABOLISM	-0.366057520698531	-0.986952196796663	0.472539229671897	down	112	102	0.680629563844484	0.0240300640219702	GSTK1;CAT;PEX16;ISOC1;PXMP2;HSD17B11;HSD3B7;FDXR;SLC27A2;ABCA8;PFKM;HACL1	K562_13d	E2F4	840	3491	21713	mean_log_expr_perturbed_minus_control	False	H
HALLMARK_CHOLESTEROL_HOMEOSTASIS	-0.334914334659222	-0.849826943963192	0.769399707174231	down	74	66	0.854888563526924	0.0169418099085665	ECH1;MVD;PCYT2;TMEM97;ACSS2;ACAT2;SCD;GUSB;TM7SF2;PMVK;LSS;TNFRSF12A;CYP51A1;NSDHL	K562_13d	E2F4	840	3491	21713	mean_log_expr_perturbed_minus_control	False	H
HALLMARK_COAGULATION	-0.374830672154191	-1.02347037400641	0.389172985364133	down	138	111	0.608082789631458	0.027113895130706	CTSB;S100A13;RABIF;BMP1;SIRT2;CFD;FYN;FURIN;F12;WDR1;MAFF;GSN;ANXA1;CTSH;P2RY1;LAMP2;PROS1;LRP1;LTA4H;MMP14	K562_13d	E2F4	840	3491	21713	mean_log_expr_perturbed_minus_control	False	H
HALLMARK_COMPLEMENT	-0.3436943277241	-0.984578129150828	0.479820627802691	down	200	167	0.680629563844484	0.0232414204542851	PPP4C;CTSB;S100A13;CEBPB;PFN1;ATOX1;RABIF;CTSD;USP16;RCE1;RAF1;PRDM4;CASP3;SIRT6;CALM3;PSEN1;FYN;DYRK2;GRB2;ZEB1;KIF2A;STX4;PCSK9;VCPIP1;MAFF;CD46;JAK2;PRKCD;SCG3;ZFYVE20;CTSH;ME1;GNB4;LAMP2	K562_13d	E2F4	840	3491	21713	mean_log_expr_perturbed_minus_control	False	H
HALLMARK_DNA_REPAIR	-0.417479259710697	-1.17529678515825	0.125173370319001	down	150	142	0.353466156685886	0.0517363831268346	POLR1C;TYMS;POLR2F;IMPDH2;POLR2K;NT5C;SAC3D1;NME1;FEN1;NME3;ARL6IP1;SSRP1;POLA2;TARBP2;DUT;AAAS;RFC2;SNAPC4;MRPL40;PRIM1;POLR2E;PCNA;GPX4;GTF3C5;TAF1C;NUDT21;SF3A3;CLP1;ZNRD1;ERCC8;GTF2H1;RBX1;POLR2G;GTF2B;VPS28;ZWINT;DDB2;HPRT1;POLE4;SUPT5H;UMPS;BRF2;APRT;TP53;POLA1;DGUOK	K562_13d	E2F4	840	3491	21713	mean_log_expr_perturbed_minus_control	False	H
HALLMARK_E2F_TARGETS	-0.548583949714162	-1.59744114975318	3.8503121915714e-05	down	200	198	0.0009625780478928	0.557332238758646	STMN1;CDK1;PA2G4;PAICS;DNMT1;RAN;SMC3;SNRPB;SRSF2;MYBL2;NME1;XRCC6;RANBP1;SSRP1;RNASEH2A;RAD1;TUBB;NOLC1;CDK4;POLA2;HMGA1;LUC7L3;DDX39A;ASF1B;MCM6;DUT;PSMC3IP;MCM3;RFC2;TACC3;CENPM;CSE1L;DCTPP1;TRA2B;PCNA;XPO1;HELLS;RBBP7;MSH2;MYC;POP7;MAD2L1;TUBG1;CCNE1;PDS5B;IPO7;NUDT21;UNG;CDC25A;ORC6;EIF2S1;SPC24;DCK;MMS22L;PRDX4;RAD50;POLD2;SPAG5;CIT;SHMT1;AURKB;PPM1D;LBR;ATAD2;NOP56;AK2;CBX5;POLE4;SMC1A;NCAPD2;H2AFX;ORC2;PRIM2;BUB1B;CKS1B;CDC20;LYAR;PHF5A;TMPO;WEE1;SYNCRIP;TP53;CDKN3;CCNB2;KIF22;NAA38;PMS2	K562_13d	E2F4	840	3491	21713	mean_log_expr_perturbed_minus_control	False	H
HALLMARK_EPITHELIAL_MESENCHYMAL_TRANSITION	0.366589328497151	1.07379653760411	0.258156703977137	up	200	155	0.516313407954275	0.0413864895014492	SAT1;COPA;ENO2;TPM4;VEGFA;TIMP1;TPM1;JUN;CD59;PLOD3;PLAUR;PPIB;IL6;IL8	K562_13d	E2F4	840	3491	21713	mean_log_expr_perturbed_minus_control	False	H
HALLMARK_ESTROGEN_RESPONSE_EARLY	0.354598704870224	1.05713816310606	0.284831193533048	up	200	182	0.51647489539749	0.0391148129212067	ELOVL5;FHL2;CBFA2T3;MICB;CLDN7;FDFT1;BHLHE40;AFF1;SLC1A4;TIPARP;FKBP4;ISG20L2;RAB31;ITPK1;SNX24;RARA;TSKU;KAZN;FASN;ABHD2;MED24;B4GALT1;SYNGR1;SLC16A1;CANT1;CLIC3;TGM2;DHCR7;KRT18;DHRS2;IL17RB;KDM4B;TOB1;ASB13;STC2;ELF3;ENDOD1	K562_13d	E2F4	840	3491	21713	mean_log_expr_perturbed_minus_control	False	H
HALLMARK_ESTROGEN_RESPONSE_LATE	-0.395657999700874	-1.14066810347958	0.157423355149845	down	200	178	0.393558387874612	0.0455008642931611	CKB;NMU;DCXR;DNAJC12;NXT1;IGFBP4;PKP3;DNAJC1;RNASEH2A;KRT19;TSPAN13;BAG1;SLC9A3R1;GINS2;MDK;SLC27A2;GALE;CISH;ETFB;COX6C;XBP1;TSTA3;HPRT1;SLC7A5;RBBP8;ATP2B4;CDC20;CXCL14;CD44;MAPT;CHPT1;BLVRB;NAB2;SGK1;JAK2;JAK1	K562_13d	E2F4	840	3491	21713	mean_log_expr_perturbed_minus_control	False	H
HALLMARK_FATTY_ACID_METABOLISM	-0.380190856795139	-1.06739028912147	0.289225941422594	down	158	140	0.51647489539749	0.0323549720388035	ODC1;UROD;ECH1;LDHA;DECR1;PDHB;HIBCH;GRHPR;HSD17B11;ALDOA;NCAPH2;ACSM3;ACAT2;NTHL1;METAP1;SUCLA2;ACAA2;CCDC58;SMS;ADSL;PSME1;HSPH1;APEX1;MDH2;HADHB;BLVRA;FH;PDHA1;ERP29;BPHL;RDH11;MIF;IDH3G;NSDHL	K562_13d	E2F4	840	3491	21713	mean_log_expr_perturbed_minus_control	False	H
HALLMARK_G2M_CHECKPOINT	-0.480953357275158	-1.39988655547717	0.0065012831479897	down	200	196	0.0812660393498717	0.235141995561108	STMN1;CDK1;ODC1;PRPF4B;E2F4;SNRPD1;SRSF2;MYBL2;CDC45;NUSAP1;MNAT1;CUL4A;CENPA;NOLC1;SMC2;CDK4;FBXO5;POLA2;HMGA1;DDX39A;MCM6;GINS2;MCM3;TACC3;AMD1;H2AFV;NUMA1;SLC7A1;TNPO2;TRA2B;E2F1;XPO1;SMARCC1;KIF5B;MYC;DTYMK;MAD2L1;NCL;PDS5B;HMGN2;CDC25A;ORC6;KATNA1;MTF2;TLE3;AURKB;LBR;ODF2;DKC1;SLC7A5;CDC27;SMC1A;H2AFX;PRIM2;TGFB1;CCNF;E2F2;EWSR1;CCNA2;CKS1B;BUB1;CDC20;TMPO;BUB3;EXO1;ORC5;SYNCRIP;SMAD3;NUP50;DBF4;CDKN3;KIF23;HIF1A;SFPQ;CCNB2;KIF20B;KIF22	K562_13d	E2F4	840	3491	21713	mean_log_expr_perturbed_minus_control	False	H
HALLMARK_GLYCOLYSIS	-0.35606369788015	-1.03070820606832	0.364590502408809	down	200	184	0.588049197433564	0.0278270813660263	STMN1;TALDO1;CDK1;ENO1;LDHA;GOT2;TPI1;CENPA;ARPP19;ALDOA;HDLBP;GALE;B3GAT3;GUSB;CHST12;DDIT4;LHPP;POLR3K;MDH2;CHST2;GALK1;TSTA3;HOMER1;ME2;PYGL;KIF2A;CHPF;PSMC4;MIF;NSDHL;PGM2;PGLS;CD44;EXT2;RPE;AK4;DLD;ZNF292;B3GALT6;PHKA2;HK2;NANP	K562_13d	E2F4	840	3491	21713	mean_log_expr_perturbed_minus_control	False	H
HALLMARK_HEDGEHOG_SIGNALING	0.276048535115652	0.623724511073158	0.989561141883255	up	36	29	0.989561141883255	0.015492249443265	VEGFA;CDK6;HEY1;RASA1	K562_13d	E2F4	840	3491	21713	mean_log_expr_perturbed_minus_control	False	H
HALLMARK_HEME_METABOLISM	0.386862704820594	1.16072074365985	0.105882352941176	up	200	195	0.330882352941176	0.067207783715993	SLC25A37;TFDP2;SDCBP;HDGF;ALAS2;GCLM;BMP2K;RIOK3;HTATIP2;HBZ;SEC14L1;ISCA1;BACH1;GLRX5;SLC10A3;BNIP3L;KLF3;MKRN1;ADIPOR1;MYL4;EIF2AK1;RCL1;FAM46C;CLIC2;HAGH;GYPB;NR3C1;MGST3;CROCCP2;CCND3;PICALM;RNF19A;NCOA4;CPOX;ATP6V0A1;MARK3;TRIM58;KHNYN;DAAM1;UCP2;TAL1;NFE2;AHSP;XPO7;EPOR;HMBS;EZH1;MOSPD1;UBAC1;MARCH2;ATG4A;UROS;KAT2B;LMO2;GCLC;RBM5;CDR2;ERMAP;DCAF10;YPEL5;ENDOD1;KEL;ACSL6	K562_13d	E2F4	840	3491	21713	mean_log_expr_perturbed_minus_control	False	H
HALLMARK_HYPOXIA	0.331287515649617	0.987642286742078	0.470280551592962	up	200	182	0.680629563844484	0.0290585424141521	DDIT3;PIM1;SLC2A3;HSPA5;P4HA1;WSB1;PLIN2;ENO2;SLC6A6;VEGFA;GLRX;BHLHE40;JUN;BNIP3L;TIPARP;PLAUR;IER3;PPP1R15A;NR3C1;ERO1L;IL6;PRDX5;MT2A;NDST2;ATF3;PFKFB3;PGK1;CDKN1C;FAM162A;VHL;KDELR3;SAP30;PKLR;MT1E;CASP6;BTG1;TGM2;XPNPEP1;STC2;ALDOC;ENO3;HEXA;UGP2;GPI;SLC37A4;CDKN1B;CITED2;EFNA3;IDS;CSRP2	K562_13d	E2F4	840	3491	21713	mean_log_expr_perturbed_minus_control	False	H
HALLMARK_IL2_STAT5_SIGNALING	-0.336208883060891	-0.970449981234285	0.523842432619212	down	200	181	0.690643150982731	0.0218735929051576	IFITM3;ODC1;GSTO1;AHCY;BCL2L1;PTRH2;ST3GAL4;ITGAE;CCND2;KLF6;FAH;PHTF2;MYC;GPX4;CCNE1;GALM;CASP3;CISH;SLC1A5;SNX14;NOP2;RNH1;XBP1;MAPKAPK2;CTSZ;FURIN;P2RX4;PRNP;UMPS;ECM1;CD44;ITIH5;PUS1;DHRS3;PTCH1;MAFF;HK2;GADD45B;BATF3;TNFRSF21;SLC29A2;PLAGL1;CAPG;N6AMT2;LRRC8C;TNFRSF8;IGF2R;APLP1	K562_13d	E2F4	840	3491	21713	mean_log_expr_perturbed_minus_control	False	H
HALLMARK_IL6_JAK_STAT3_SIGNALING	0.418554822258085	1.12030232752469	0.222541436464088	up	87	76	0.463627992633518	0.0431254077181047	IFNGR1;PIM1;TNFRSF1B;CSF1;JUN;HAX1;PTPN2;MYD88;IL6;STAT1;CD9;MAP3K8;SOCS1;SOCS3;IRF1;IL17RB;IL4R;CXCL3	K562_13d	E2F4	840	3491	21713	mean_log_expr_perturbed_minus_control	False	H
HALLMARK_INFLAMMATORY_RESPONSE	-0.305959716981568	-0.875781185288729	0.809219613259669	down	200	166	0.879586536151814	0.0153620843297468	LY6E;SLC31A1;KLF6;BST2;SLC7A1;DCBLD2;MYC;RAF1;EMP3;ABI1;ICAM4;SRI;PSEN1;CHST2;P2RX4;IFNGR2;SLC11A2;ICAM1;KIF1B	K562_13d	E2F4	840	3491	21713	mean_log_expr_perturbed_minus_control	False	H
HALLMARK_INTERFERON_ALPHA_RESPONSE	-0.525464592360661	-1.38846026589514	0.0255813953488372	down	97	86	0.213178294573643	0.119991298354729	IFITM3;ISG15;LY6E;PSME2;PNPT1;IFITM2;GMPR;B2M;TXNIP;BST2;TRIM14;WARS;PSME1;NCOA7	K562_13d	E2F4	840	3491	21713	mean_log_expr_perturbed_minus_control	False	H
HALLMARK_INTERFERON_GAMMA_RESPONSE	-0.446995897868253	-1.28490091889045	0.0367812122258677	down	200	173	0.248558887302343	0.0979108420486795	IFITM3;ISG15;LY6E;SOD2;PSME2;PNPT1;STAT3;IFITM2;ISOC1;B2M;RNF213;TXNIP;BPGM;BST2;TRIM14;NUP93;PSMB2;WARS;ST3GAL5;PSME1;CASP3;SRI	K562_13d	E2F4	840	3491	21713	mean_log_expr_perturbed_minus_control	False	H
HALLMARK_KRAS_SIGNALING_DN	-0.289637769503593	-0.806945039636294	0.93835857696372	down	200	132	0.977456851003875	0.0135113841558872	GAMT;GTF3C5;CCDC106;CDKAL1;CHST2;SPHK2;MSH5;PNMT;SNN;THRB;SLC29A3;SGK1;BTG2;PLAG1;MAGIX;SHOX2;HSD11B2;TEX15	K562_13d	E2F4	840	3491	21713	mean_log_expr_perturbed_minus_control	False	H
HALLMARK_KRAS_SIGNALING_UP	-0.272471466620936	-0.778403212204935	0.986416781292985	down	200	162	0.989561141883255	0.012437949233326	LAPTM5;TSPAN13;BPGM;CCND2;ZNF277;WDR33;DCBLD2;AVL9;KCNN4;GYPC;STRN;PTPRR;DOCK2;VWA5A;ADAM17;SCG3;AKT2;ST6GAL1;USP12;JUP;ETV1;CBX8;FUCA1;MAP3K1;FBXO4;ALDH1A2;PTBP2;YRDC;RBM4	K562_13d	E2F4	840	3491	21713	mean_log_expr_perturbed_minus_control	False	H
HALLMARK_MITOTIC_SPINDLE	-0.430636500181867	-1.25397136180751	0.0408233276157804	down	200	199	0.248558887302343	0.0924960508813	CDK1;CAPZB;RALBP1;FLNA;WASF2;TUBA4A;SMC3;SAC3D1;NUSAP1;FBXO5;CDC42EP1;EZR;NUMA1;EPB41L2;CENPJ;KIF5B;CEP250;PCNT;ARHGEF2;KATNA1;CEP72;CNTRL;ABI1;ARF6;ARFGEF1;ACTN4;TUBGCP6;SEPT9;KNTC1;ATG4B;CDC27;NET1;MAPRE1;ANLN;SMC1A;RHOT2;CYTH2;MYH10;BCAR1;ARHGEF12;KIF3B;KIF1B;BUB1;DYNC1H1;ALMS1;BCL2L11;KIF23;CCNB2;PCGF5;KIF20B;DOCK2;KIF22;SPTBN1;GSN;TUBD1;STAU1;PRC1;CDC42EP2;CENPF;KIF4A;SUN2;APC;SASS6;TPX2;WASF1;ESPL1;MARK4;SPTAN1;MID1;CDC42EP4;ROCK1;ARHGEF7;NF1;VCL;RAPGEF6;CLIP2;BIRC5;MYH9;MID1IP1;WASL	K562_13d	E2F4	840	3491	21713	mean_log_expr_perturbed_minus_control	False	H
HALLMARK_MTORC1_SIGNALING	0.388764079517886	1.1683666726804	0.096805188565938	up	200	198	0.32268396188646	0.0704483776028406	UBE2D3;SQLE;ATP2A2;ELOVL5;IFRD1;HSPA9;SQSTM1;MTHFD2L;FADS1;CALR;ETF1;DDIT3;G6PD;USO1;SKAP2;HSPA4;EEF1E1;SLC2A3;HSPA5;IDI1;P4HA1;SERP1;NMT1;SLC6A6;CCNG1;GLRX;ARPC5L;PPIA;HSP90B1;NUPR1;BHLHE40;EIF2S2;SLC1A4;PSME3;PSMD12;M6PR;CTSC;RPA1;GSK3B;PIK3R3;SEC11A;PPP1R15A;MTHFD2;LDLR;ERO1L;EBP;GGA2;MLLT11;CD9;ADIPOR2;PGK1;PHGDH;EPRS;NAMPT;DHCR24;MCM4;HMBS;GSR;INSIG1	K562_13d	E2F4	840	3491	21713	mean_log_expr_perturbed_minus_control	False	H
HALLMARK_MYC_TARGETS_V1	-0.613686234814492	-1.7869942823422	1.5021097307829e-07	down	200	199	7.51054865391451e-06	0.690132458796796	SRSF7;CNBP;C1QBP;PA2G4;FBL;ODC1;TRIM28;HDAC2;TYMS;EXOSC7;RPL6;PPM1G;RAN;UBE2E1;SNRPD1;RPS2;NOP16;LDHA;PHB2;MRPL23;RRP9;IMPDH2;PSMD3;GOT2;NHP2;SRSF2;PHB;HNRNPA2B1;VBP1;CDC45;GNL3;NME1;XRCC6;RANBP1;YWHAQ;CCT5;NOLC1;CDK4;SNRPA;LSM2;HSP90AB1;MCM6;U2AF1;AIMP2;RNPS1;DUT;CCT7;SNRPD2;RPL14;EIF1AX;SERBP1;SET;STARD7;CBX3;TRA2B;CANX;PCNA;SRM;RUVBL2;XPO1;SMARCC1;EIF4A1;PSMA7;MYC;SRSF3;PSMB2;MAD2L1;RSL1D1;NDUFAB1;PABPC4;PRDX3;SRPK1;EIF3B;CYC1;APEX1;UBA2;EIF2S1;TARDBP;PRDX4;POLD2;NCBP1;GNB2L1;HSPD1;SF3B3;NOP56;HPRT1;UBE2L3;PSMD14;PSMC4;LSM7;ORC2;SF3A1;SSBP1;PSMA1;CCNA2;PRPS2;TXNL4A;EIF4G2;CDC20;HSPE1;CSTF2;BUB3;SNRPA1;SYNCRIP	K562_13d	E2F4	840	3491	21713	mean_log_expr_perturbed_minus_control	False	H
HALLMARK_MYC_TARGETS_V2	-0.720514650558616	-1.79192271298968	0.0001498788270962	down	58	58	0.002497980451604	0.518848077743792	FARSA;PA2G4;MRTO4;NOP16;RRP9;PHB;GNL3;NOLC1;CDK4;UTP20;AIMP2;TMEM97;DCTPP1;CBX3;NOC4L;SRM;MYC;GRWD1;LAS1L;UNG;RABEPK;IMP4;NOP2;BYSL;NDUFAF4;HSPD1;NOP56;PES1;HSPE1;WDR74;PUS1	K562_13d	E2F4	840	3491	21713	mean_log_expr_perturbed_minus_control	False	H
HALLMARK_MYOGENESIS	-0.315017949440065	-0.907850889318766	0.71522151353215	down	200	177	0.812751719922897	0.0171344548595025	CKB;TNNT1;OCEL1;PDLIM7;BAG1;PTP4A3;SLC6A8;SCD;GAA;SIRT2;PFKM;PLXNB2;FKBP1B;CFD;PRNP;TGFB1;LPIN1;RB1;ITGB1;GSN;SORBS1;TEAD4;FDPS;GADD45B	K562_13d	E2F4	840	3491	21713	mean_log_expr_perturbed_minus_control	False	H
HALLMARK_NOTCH_SIGNALING	0.320044435364313	0.727710897691176	0.91606459838504	up	32	30	0.974536806792596	0.0165750935700881	PSENEN;PSEN2;ARRB1;LFNG;SAP30;CUL1	K562_13d	E2F4	840	3491	21713	mean_log_expr_perturbed_minus_control	False	H
HALLMARK_OXIDATIVE_PHOSPHORYLATION	-0.396253085126748	-1.153863477464	0.127247816406919	down	200	198	0.353466156685886	0.0509417670628642	NDUFV1;NDUFV2;NDUFS8;COX5B;ECH1;COX6A1;MRPS22;ATP5A1;NDUFC2;POLR2F;LDHA;PHB2;NDUFA3;GOT2;ETFA;SLC25A5;MRPL11;DECR1;NDUFS7;PDHB;ATP5D;UQCRC1;UQCRFS1;TIMM13;NDUFA7;COX4I1;CYB5R3;NDUFA4;GPX4;SUCLA2;ACAA2;NDUFAB1;ATP5F1;PRDX3;ATP5J2;CYC1;ATP5B;FXN;NDUFS2;MDH2;ETFB;HADHB;COX6C;HTRA2;ATP6V1H;FH;PDHA1;ALAS1;NDUFB8;HADHA;OAT;MRPL34;IMMT;RHOT2;IDH3G;COX15	K562_13d	E2F4	840	3491	21713	mean_log_expr_perturbed_minus_control	False	H
HALLMARK_P53_PATHWAY	0.394352505771852	1.18030941032391	0.0849328214971209	up	200	192	0.312288422477996	0.0753641771859303	SAT1;TPRKB;HIST1H1C;DDIT3;PRMT2;RPS27L;ADCK3;PRKAB1;DNTTIP2;CD81;CCNG1;CCNK;NUPR1;TRAFD1;WWP1;JUN;TSC22D1;MAPKAPK3;DRAM1;RPS12;TRIAP1;MXD4;IER3;PPP1R15A;XPC;VAMP8;CCND3;PROCR;EI24;ANKRA2;RPL36;RAB40C;ATF3;RPL18;HEXIM1;SOCS1;FAM162A;HSPA4L;CDKN2AIP;MXD1;BTG1;FBXW7;JAG2;RXRA;PIDD;SPHK1;KLK8;CTSF;TOB1;F2R;OSGIN1;ISCU	K562_13d	E2F4	840	3491	21713	mean_log_expr_perturbed_minus_control	False	H
HALLMARK_PANCREAS_BETA_CELLS	0.511112640235971	1.10324038901566	0.306482064191315	up	40	23	0.528417352053992	0.0348852489571245	SRPRB;SRP9;SPCS1;SEC11A;PKLR;LMO2;STXBP1	K562_13d	E2F4	840	3491	21713	mean_log_expr_perturbed_minus_control	False	H
HALLMARK_PEROXISOME	-0.335293010819259	-0.89754724982234	0.686267543080476	down	104	96	0.809768483105795	0.0181862382308062	CNBP;ECH1;GSTK1;SOD2;CAT;ISOC1;HSD17B11;HSD3B7;SLC27A2;SMARCC1;MSH2;TSPO	K562_13d	E2F4	840	3491	21713	mean_log_expr_perturbed_minus_control	False	H
HALLMARK_PI3K_AKT_MTOR_SIGNALING	-0.364740206060178	-0.977780073834479	0.490053285968028	down	105	97	0.680629563844484	0.0233752597077374	CDK1;CFL1;AP2M1;PPP1CA;CDK4;PFN1;TNFRSF1A;MAP3K7;TBK1;YWHAB;E2F1;PAK4;ACTR2;SLC2A1;RAF1;MAP2K3;MKNK2;PRKCB;THEM4;GRB2;HRAS;AKT1;CAB39;PTPN11;ACTR3;PTEN;IRAK4	K562_13d	E2F4	840	3491	21713	mean_log_expr_perturbed_minus_control	False	H
HALLMARK_PROTEIN_SECRETION	0.381044149337267	1.0431244230328	0.350285062713797	up	96	92	0.583808437856328	0.033872889366735	TMED2;GOLGA4;RER1;SNX2;YIPF6;USO1;BET1;AP2B1;ARF1;GOSR2;GNAS;PPT1;ARCN1;SNAP23;ICA1;VAMP7;M6PR;CTSC;RAB5A;GALC;CLTC;NAPG;VPS4B;RAB22A;BNIP3;KRT18;COG2	K562_13d	E2F4	840	3491	21713	mean_log_expr_perturbed_minus_control	False	H
HALLMARK_REACTIVE_OXIGEN_SPECIES_PATHWAY	0.379021362489192	0.937637428793984	0.564097058191969	up	49	47	0.723201356656371	0.0241727768246263	TXN;FTL;GCLM;NDUFA6;G6PD;GLRX;HHEX;GLRX2;MGST1;GSR;GCLC;EGLN2;MSRA	K562_13d	E2F4	840	3491	21713	mean_log_expr_perturbed_minus_control	False	H
HALLMARK_SPERMATOGENESIS	-0.417891182855608	-1.13904527942004	0.191327433628319	down	135	110	0.434835076427997	0.0414508753284105	TALDO1;CDK1;PSMG1;NCAPH;CLPB;SIRT1;NEFH;MLLT10;STAM2;PGS1;PARP2;AGFG1;LPIN1;PCSK4;TOPBP1;BUB1;DBF4;CDKN3;CCNB2;VDAC3;PEBP1;PHKG2	K562_13d	E2F4	840	3491	21713	mean_log_expr_perturbed_minus_control	False	H
HALLMARK_TGF_BETA_SIGNALING	0.368693310449299	0.930023449069986	0.582868183769858	up	54	52	0.728585229712323	0.0236354208121768	UBE2D3;XIAP;TRIM33;FNTA;TGIF1;ID1;RAB31;RHOA;PPP1R15A;CDKN1C;SMURF1;ACVR1	K562_13d	E2F4	840	3491	21713	mean_log_expr_perturbed_minus_control	False	H
HALLMARK_TNFA_SIGNALING_VIA_NFKB	0.416576107136339	1.24492257117503	0.0447405997144217	up	200	186	0.248558887302343	0.104367053045525	SAT1;SQSTM1;SLC2A3;CSF1;VEGFA;TUBB2A;EIF1;BHLHE40;JUN;TSC22D1;G0S2;TIPARP;DRAM1;CCNL1;TGIF1;BCL6;PLAUR;IER3;PPP1R15A;LDLR;PDLIM5;IL6;IER2;RELA;CFLAR;REL;ATF3;PFKFB3;B4GALT1;TNIP1;MAP3K8;TANK;MXD1;NAMPT;BTG1;SOCS3;BTG3;SPHK1;IRF1;DENND5A;PER1;SIK1;CXCL3;IL23A;CD80;NFKB2;GADD45A;EGR1;RHOB;IER5	K562_13d	E2F4	840	3491	21713	mean_log_expr_perturbed_minus_control	False	H
HALLMARK_UNFOLDED_PROTEIN_RESPONSE	0.408781107130755	1.14882765519842	0.165550681135996	up	113	111	0.394168288419039	0.0519305727398163	HSPA9;CALR;SPCS3;HSPA5;HYOU1;ARFGAP1;EIF4EBP1;SERP1;SRPRB;GOSR2;VEGFA;TUBB2A;SPCS1;NOP14;SLC30A5;HSP90B1;DNAJB9;YIF1A;EXOSC9;SLC1A4;ATP6V0D1;YWHAZ;EXOSC1;POP4;SEC11A;MTHFD2;EIF4A2;LSM1;ERO1L;ALDH18A1;ATF4;TTC37;XPOT;EIF4E;ATF3	K562_13d	E2F4	840	3491	21713	mean_log_expr_perturbed_minus_control	False	H
HALLMARK_UV_RESPONSE_DN	0.403368001854597	1.15742503659919	0.14338833372066	up	144	130	0.377337720317526	0.0562847952048854	FHL2;PHF3;ANXA4;YTHDC1;BHLHE40;ICA1;ID1;MAP1B;CDK13;CELF2;PIK3R3;ATRX;NR3C1;LDLR;PDLIM5;SIPA1L1;SCAF8;NIPBL;CDC42BPA;FAM179B;MT1E;INSIG1;RXRA;DLG1;TFPI;PEX14;CDKN1B;CITED2;NR1D2;ERBB2;WDR37;ATP2B1	K562_13d	E2F4	840	3491	21713	mean_log_expr_perturbed_minus_control	False	H
HALLMARK_UV_RESPONSE_UP	-0.439042058102601	-1.24115042633646	0.0676470588235294	down	158	147	0.281862745098039	0.0715673164948964	UROD;AP2S1;KLHDC3;TUBA4A;STIP1;SOD2;MRPL23;EPCAM;PSMC3;BID;FEN1;BSG;DGAT1;ALDOA;JUNB;CEBPG;AMD1;PDAP1;SIGMAR1;SLC6A8;DNAJA1;CCNE1;CASP3;SPR;NXF1;BAK1;ALAS1;PLCL1;FURIN;TARS;PARP2;H2AFX;ICAM1;APOM;HSPA13;PPP1R2;TGFBRAP1;ARRB2;CLTB;PRPF3;BCL2L11;E2F5;CHKA;HYAL2;NFKBIA;SLC25A4;DDX21;POLG2;PRKACA;BTG2;PRKCD	K562_13d	E2F4	840	3491	21713	mean_log_expr_perturbed_minus_control	False	H
HALLMARK_WNT_BETA_CATENIN_SIGNALING	-0.481518384242388	-1.11677942764965	0.280744640842422	down	42	38	0.51647489539749	0.0344445284087729	HDAC2;DVL2;CCND2;SKP2;MYC;WNT5B;TP53;PTCH1;ADAM17	K562_13d	E2F4	840	3491	21713	mean_log_expr_perturbed_minus_control	False	H
HALLMARK_XENOBIOTIC_METABOLISM	-0.466936111526735	-1.33762778735472	0.0222490513970335	down	200	167	0.213178294573643	0.126448470699906	APOE;DCXR;SHMT2;ECH1;PGD;HES6;CAT;GSTO1;IGFBP4;MTHFD1;COMT;AHCY;ARPP19;CNDP2;GSS;TNFRSF1A;DHRS1;TMEM97;BCAT1;NDRG2;PTGDS;FAH;ACP2;LPIN2;ALDH2;PYCR1;SLC1A5;HACL1;ALAS1;RAP1GAP;BPHL;HPRT1	K562_13d	E2F4	840	3491	21713	mean_log_expr_perturbed_minus_control	False	H
HALLMARK_ADIPOGENESIS	-0.483896035112992	-1.41796556822382	0.0042347247428917	down	200	188	0.0529340592861464	0.318279675040437	ALDOA;APOE;NDUFA5;ETFB;TKT;NDUFB7;SOD1;GHITM;NDUFAB1;GPX4;ATP5O;RIOK3;COQ3;COX7B;CAT;BCL2L13;DGAT1;CYC1;SNCG;MTCH2;HIBCH;PEMT;SLC1A5;MRPL15;ECHS1;CDKN2C;GADD45A;UQCRQ;REEP6;SLC25A1;SDHC;UQCRC1;JAGN1;COX6A1;CHCHD10;ATP1B3;UBC;IDH3G;IMMT;DLD;SCP2;IDH1;DHCR7;MDH2;GRPEL1;UQCR11;ALDH2;PEX14;PHYH;BAZ2A	K562_13d	EGR1	1246	3491	21713	mean_log_expr_perturbed_minus_control	False	H
HALLMARK_ALLOGRAFT_REJECTION	-0.35260227310963	-1.01935629264347	0.387668748740681	down	200	165	0.587376892031335	0.0295625996473468	NPM1;UBE2N;TGFB1;RPS9;DARS;EIF5A;FCGR2B;MRPL3;JAK2;ABI1;CCND2;WAS;HLA-E;NME1;RIPK2;NCF4;EREG;HCLS1;FYB;EIF3D;SOCS1;MTIF2;SPI1;IL7;ABCE1	K562_13d	EGR1	1246	3491	21713	mean_log_expr_perturbed_minus_control	False	H
HALLMARK_ANDROGEN_RESPONSE	0.513207802795176	1.38200212853039	0.0214073339940535	up	101	93	0.178394449950446	0.138395468894856	SAT1;SEPP1;DBI;LMAN1;SRP19;FADS1;INSIG1;PDLIM5;TSC22D1;UBE2I;PGM3;ACTN1;VAPA;SCD;ELOVL5;NGLY1;XRCC5;FKBP5;HMGCS1;KRT19;B2M;CAMKK2	K562_13d	EGR1	1246	3491	21713	mean_log_expr_perturbed_minus_control	False	H
HALLMARK_ANGIOGENESIS	0.609473114919231	1.34530295611132	0.0879828326180258	up	36	28	0.33839551006933	0.06642290670214	PTK2;TIMP1;LRPAP1;JAG2;VEGFA;MSX1;PDGFA	K562_13d	EGR1	1246	3491	21713	mean_log_expr_perturbed_minus_control	False	H
HALLMARK_APICAL_JUNCTION	0.353306997167592	1.02639219153551	0.367010718539103	up	200	176	0.573454247717348	0.0302960517152992	MDK;JUP;ACTN4;TUBG1;INSIG1;YWHAH;PTK2;ZYX;VCL;SYMPK;ACTN1;PKD1;ADAM15;DLG1;PIK3CB;CD99;PTEN;MYH9;KCNH2;ICAM4;LDLRAP1;MVD;ICAM2;SKAP2;CTNND1;MSN;ICAM5;WASL;AKT2;ICAM1;SORBS3;CLDN7;PTPRC;TSC1;PBX2;MPZL1;GNAI2	K562_13d	EGR1	1246	3491	21713	mean_log_expr_perturbed_minus_control	False	H
HALLMARK_APICAL_SURFACE	0.60662435994536	1.40452118987628	0.0484884177463683	up	44	36	0.242442088731841	0.0907499282531725	LYN;EPHB4;ADIPOR2;GSTM3;PCSK9;ADAM10	K562_13d	EGR1	1246	3491	21713	mean_log_expr_perturbed_minus_control	False	H
HALLMARK_APOPTOSIS	0.397960637069117	1.13770274551576	0.159601990049751	up	161	149	0.469417617793386	0.0488744853554749	SAT1;SQSTM1;SLC20A1;XIAP;PPT1;DDIT3;FDXR;ENO2;PTK2;TIMP1;MCL1;JUN;PMAIP1;BNIP3L;BCAP31;BCL2L1;CASP2;DFFA;IER3;IFNGR1;IGF2R;CLU;ADD1;TXNIP;ROCK1;PAK1;LGALS3;PPP3R1;RELA;CASP8;RETSAT;IRF1;PDCD4;CASP3;DIABLO;F2R;RARA;BCL10;FEZ1;CAV1;CTNNB1;CDC25B;CASP9;CASP7	K562_13d	EGR1	1246	3491	21713	mean_log_expr_perturbed_minus_control	False	H
HALLMARK_BILE_ACID_METABOLISM	-0.357207612006343	-0.971406264427775	0.506165352739034	down	112	102	0.646743527508091	0.024965118718487	SOD1;GSTK1;CAT;HACL1;PXMP2;HSD3B7;ACSL1;SCP2;PRDX5;KLF1;IDH1;PEX7;PHYH;PEX6;RXRA;ISOC1;PEX13;ABCD3;PECR	K562_13d	EGR1	1246	3491	21713	mean_log_expr_perturbed_minus_control	False	H
HALLMARK_CHOLESTEROL_HOMEOSTASIS	-0.449369437221594	-1.15018646842169	0.195819805194805	down	74	66	0.496642969984202	0.0441571113824828	ACTG1;ACAT2;ALDOC;FASN;ACSS2;ATF5;PMVK;NSDHL;STX5;PCYT2;ETHE1;MVK;FDPS;FAM129A;DHCR7;LSS;EBP;ECH1	K562_13d	EGR1	1246	3491	21713	mean_log_expr_perturbed_minus_control	False	H
HALLMARK_COAGULATION	0.306888393077641	0.84594155072024	0.85186656076251	up	138	111	0.946518400847233	0.0166462504417904	CTSB;TIMP1;USP11;GNB2;ISCU;MSRB2;WDR1;CLU;CTSH;FYN;CAPN2;CD9;CSRP1;GDA;CASP9	K562_13d	EGR1	1246	3491	21713	mean_log_expr_perturbed_minus_control	False	H
HALLMARK_COMPLEMENT	-0.29333219662229	-0.849385748860056	0.900882825040128	down	200	167	0.958385984085243	0.0159837948921306	GRB2;PFN1;PPP4C;USP14;JAK2;RCE1;PREP;PRDM4;EHD1;WAS;ADAM9;SH2B3;KIF2A;VCPIP1;CFH;ATOX1;KYNU;XPNPEP1;GPD2;BRPF3;RAF1;APOC1;PRKCD;MAFF;CEBPB;SCG3;DOCK9;DYRK2;PSEN1;CD59;FDX1;PRCP;PLSCR1;MMP15;RABIF;DOCK4	K562_13d	EGR1	1246	3491	21713	mean_log_expr_perturbed_minus_control	False	H
HALLMARK_DNA_REPAIR	0.369411475507818	1.04973931292416	0.317146282973621	up	150	142	0.558707119485811	0.0332234622685563	POLE4;EIF1B;TMED2;POLR2J;GTF2A2;POLR2K;POLR2A;STX3;BCAP31;SDCBP;SNAPC5;USP11;ZWINT;REV3L;GUK1;POLR2I;TAF6;DGCR8;ERCC1;TAF9;SF3A3;SMAD5;NCBP2;ELL;TSG101;POLD3;RBX1;TCEB3;PRIM1;ARL6IP1;GTF2H3;GTF2H5;VPS37B;RPA2;SRSF6;ERCC2;TAF10;PCNA;AK3;POLR2C;RPA3;RAE1;POLL;POLA1	K562_13d	EGR1	1246	3491	21713	mean_log_expr_perturbed_minus_control	False	H
HALLMARK_E2F_TARGETS	-0.430167474544244	-1.26647019724434	0.0336354481369587	down	200	198	0.221802977768713	0.110871775183071	RNASEH2A;RAN;DDX39A;PAICS;XRCC6;CKS1B;POLD2;DCTPP1;RBBP7;PA2G4;PLK1;TUBB;RANBP1;CCNB2;CDK1;MTHFD2;SSRP1;MCM6;UBE2T;CDC20;PTTG1;TMPO;TRIP13;MCM7;SRSF2;CDKN2C;MCM3;CKS2;SNRPB;CSE1L;DNMT1;HMGA1;MXD3;STAG1;NUDT21;RFC3;RAD50;TRA2B;CBX5;DCK;CENPM;KIF2C;EXOSC8;DLGAP5;TK1;STMN1;GINS3;NME1;NOLC1;PRDX4;NUP107;SPC24;PDS5B;EZH2;H2AFZ;ASF1A;PPM1D;HELLS;KIF22;BRMS1L;DCLRE1B;ILF3;WDR90;POLA2;HUS1;ING3;LYAR;TIMELESS;IPO7;ORC2;SMC6;GINS4;DSCC1	K562_13d	EGR1	1246	3491	21713	mean_log_expr_perturbed_minus_control	False	H
HALLMARK_EPITHELIAL_MESENCHYMAL_TRANSITION	-0.286597706974907	-0.822206847675752	0.946966653274407	down	200	155	0.959491660047657	0.0152790580168221	VIM;TGFB1;IGFBP4;MCM7;GADD45A;CALU;ECM1;QSOX1;PDLIM4;CRLF1;COPA;TGFBR3;PLOD3	K562_13d	EGR1	1246	3491	21713	mean_log_expr_perturbed_minus_control	False	H
HALLMARK_ESTROGEN_RESPONSE_EARLY	-0.333513186665486	-0.973587393268116	0.511003432263275	down	200	182	0.646743527508091	0.0247868197293139	KRT18;FASN;BLVRB;IGFBP4;TPD52L1;SYNGR1;KRT8;JAK2;XBP1;AKAP1;MYBBP1A;UNC119;OPN3;DHRS2;SLC9A3R1;DHCR7;SLC2A1;CCND1;CISH;TUBB2B;KLF10;CHPT1;NXT1;FLNB;MAST4;CELSR2;AQP3;MED13L;CANT1;SLC22A5;TFF1;SLC1A4;B4GALT1;CD44;BHLHE40	K562_13d	EGR1	1246	3491	21713	mean_log_expr_perturbed_minus_control	False	H
HALLMARK_ESTROGEN_RESPONSE_LATE	-0.35284681855384	-1.02845787208831	0.359566352138125	down	200	178	0.573454247717348	0.030892146868861	CKB;RNASEH2A;ETFB;DCXR;BLVRB;IGFBP4;DNAJC1;TSTA3;CDC20;TPD52L1;JAK2;GALE;XBP1;COX6C;OPN3;CXCL14;DHRS2;SLC9A3R1;DHCR7;NMU;CCND1;IMPA2;CISH;CHPT1;NXT1;FLNB;CELSR2;SLC22A5;TFF1;SLC1A4	K562_13d	EGR1	1246	3491	21713	mean_log_expr_perturbed_minus_control	False	H
HALLMARK_FATTY_ACID_METABOLISM	-0.546665515402326	-1.55158374165727	0.0005514464721012	down	158	140	0.0091907745350204	0.477270815362862	ALDOA;LDHA;GLUL;PDHA1;ACAT2;ECI1;FASN;ACADVL;ODC1;MDH1;PDHB;NTHL1;PSME1;GRHPR;NSDHL;FH;IDH3B;METAP1;CCDC58;PRDX6;APEX1;HIBCH;ECHS1;REEP6;SDHC;CBR1;HSPH1;RDH11;UROD;MCEE;IDH3G;DLD;ACSL1;IDH1;SDHD;HSD17B10;MDH2;SDHA;ACSM3;NCAPH2;AUH;H2AFZ;MIF;ECH1;CPOX;GPD2;ACAA2;DLST;HADH;CRAT;SLC22A5;GCDH	K562_13d	EGR1	1246	3491	21713	mean_log_expr_perturbed_minus_control	False	H
HALLMARK_G2M_CHECKPOINT	0.374625608349143	1.10113174653338	0.198657187993681	up	200	196	0.496642969984202	0.0431492457223638	MT2A;YTHDC1;E2F4;CDC6;KPNB1;RAD21;SMC4;KATNA1;SQLE;GINS2;ORC6;HNRNPU;MYC;CUL1;CHEK1;SFPQ;ABL1;CASC5;POLE;CBX1;E2F3;HMGN2;PRIM2;RBM14;NCL;HSPA8;HIRA;CCNA2;WHSC1;MAD2L1;ATRX;CDC25A;SAP30;CUL4A;SLC38A1;CDK4;WRN;BIRC5;HN1;TFDP1;HIF1A;NUP50;CDC27;GSPT1;XPO1;CTCF;RPA2;SUV39H1;SMC1A;SETD8;CUL3;ODF2;ORC5;NUP98;H2AFX;MCM5;HIST1H2BK;DBF4	K562_13d	EGR1	1246	3491	21713	mean_log_expr_perturbed_minus_control	False	H
HALLMARK_GLYCOLYSIS	-0.456458914253268	-1.33425035917933	0.0176042088223391	down	200	184	0.176042088223391	0.154446348855961	ALDOA;LDHA;FAM162A;TPI1;SOD1;GOT2;CENPA;PGK1;MDH1;PGLS;CDK1;TSTA3;NDUFV3;HAX1;COPB2;NSDHL;B3GAT3;GALE;SDHC;DDIT4;PSMC4;AK4;QSOX1;HS2ST1;DLD;GALK1;IDH1;STMN1;MDH2;KIF2A;PGAM1;RPE;POLR3K;HK2;LHPP;MIF;ANKZF1;SLC16A3;TALDO1;CASP6;ALG1;B4GALT7;P4HA2;AURKA;BPNT1;CTH;KDELR3;GYS1;DSC2;SLC37A4;B4GALT1	K562_13d	EGR1	1246	3491	21713	mean_log_expr_perturbed_minus_control	False	H
HALLMARK_HEDGEHOG_SIGNALING	-0.332538871893421	-0.737176416899391	0.89738348323794	down	36	29	0.958385984085243	0.0163108385142793	LDB1;TLE3;CDK6;PTCH1;HEY1	K562_13d	EGR1	1246	3491	21713	mean_log_expr_perturbed_minus_control	False	H
HALLMARK_HEME_METABOLISM	0.422230881313762	1.24044044526098	0.0483330045373841	up	200	195	0.242442088731841	0.0911296779883595	HBZ;SLC25A37;TCEA1;TFRC;EPB41;MARK3;RAD23A;ALAS2;SEC14L1;BMP2K;CTSB;TNRC6B;RHAG;BNIP3L;SDCBP;ARL2BP;HTATIP2;RBM5;NFE2;HMBS;GDE1;KLF3;EZH1;MGST3;CAST;CLIC2;RHCE;RHD;BSG;MFHAS1;NNT;AHSP;CLCN3;VEZF1;MOSPD1;USP15;ADD1;CDC27;FAM46C;MKRN1;UCP2;BACH1;SLC10A3;ICAM4;SLC6A9;MBOAT2;RNF19A;NFE2L1;TAL1;KEL	K562_13d	EGR1	1246	3491	21713	mean_log_expr_perturbed_minus_control	False	H
HALLMARK_HYPOXIA	-0.309528327388369	-0.903571101393781	0.745204926307289	down	200	182	0.846823779894646	0.0188640854345587	ALDOA;LDHA;FAM162A;TPI1;ALDOC;PGK1;TPST2;GRHPR;GAPDH;SLC2A3;SLC25A1;DDIT4;AK4;GALK1;PRDX5;NDST1;SLC2A1;HK2;SELENBP1;VHL;MIF;ANKZF1;DUSP1;XPNPEP1;BTG1;CASP6;P4HA2;KDELR3;GYS1;EFNA1;SLC37A4;PNRC1;NFIL3;MAFF;HEXA;BHLHE40;SLC6A6	K562_13d	EGR1	1246	3491	21713	mean_log_expr_perturbed_minus_control	False	H
HALLMARK_IL2_STAT5_SIGNALING	-0.336488617357953	-0.982075378120913	0.486497380088674	down	200	181	0.646743527508091	0.0255784997481603	GALM;GPX4;ODC1;NOP2;SERPINB6;AHNAK;PHTF2;SNX14;SLC2A3;MAP3K8;SLC1A5;ECM1;XBP1;IFITM3;AHCY;CCND2;TNFRSF1B;GATA1;PNP;RABGAP1L;HK2;CISH;PTRH2;GSTO1;RNH1;PRNP;UMPS;ANXA4;ITGAV;SPRY4;SOCS1;SYNGR2;PTCH1;TTC39B;NFIL3;MAFF;CD44;BHLHE40;IL10RA;TNFRSF21;S100A1;DCPS;PHLDA1;CDC42SE2;UCK2;PDCD2L;BATF3;DENND5A;P2RX4;PLSCR1	K562_13d	EGR1	1246	3491	21713	mean_log_expr_perturbed_minus_control	False	H
HALLMARK_IL6_JAK_STAT3_SIGNALING	-0.410292637775871	-1.07128617080255	0.309669522643819	down	87	76	0.558707119485811	0.0341093981326914	GRB2;STAT3;TGFB1;IL10RB;HAX1;MAP3K8;TNFRSF1A;TNFRSF1B;TYK2;SOCS1;STAM2;IL7;TNFRSF12A;CD44;ACVR1B;TNFRSF21	K562_13d	EGR1	1246	3491	21713	mean_log_expr_perturbed_minus_control	False	H
HALLMARK_INFLAMMATORY_RESPONSE	0.378046464586906	1.09235657822962	0.230708035003978	up	200	166	0.531002118755363	0.0398362991887894	ATP2A2;SRI;MYC;TIMP1;LYN;IFNAR1;RHOG;KLF6;TAPBP;SLC31A1;HIF1A;EIF2AK2;LCP2;ICAM4;LDLR;SPHK1;RELA;NMI;IRF1;KIF1B;MXD1;SLC11A2;ICAM1;CSF1;SCN1B	K562_13d	EGR1	1246	3491	21713	mean_log_expr_perturbed_minus_control	False	H
HALLMARK_INTERFERON_ALPHA_RESPONSE	-0.342354146710565	-0.910887404627916	0.655996758508914	down	97	86	0.79999604696209	0.0208510766396599	PSMA3;IFITM2;PNPT1;PSME1;LY6E;PSME2;IFITM3;BST2;TRIM5;ISG15;RIPK2	K562_13d	EGR1	1246	3491	21713	mean_log_expr_perturbed_minus_control	False	H
HALLMARK_INTERFERON_GAMMA_RESPONSE	-0.334553081036575	-0.970923381018674	0.517394822006473	down	200	173	0.646743527508091	0.0246110343467826	PSMB2;PSMA3;IFITM2;STAT3;PSMA2;PNPT1;MTHFD2;PSME1;NFKBIA;LY6E;ST3GAL5;JAK2;NUP93;PSME2;IFITM3;BST2;PNP;ISG15;BPGM;RIPK2;CFH;BTG1;VAMP5;LYSMD2;ISOC1;SOCS1;IL7;ITGB7;TRIM14;IFNAR2;SLC25A28;IL10RA;MVP	K562_13d	EGR1	1246	3491	21713	mean_log_expr_perturbed_minus_control	False	H
HALLMARK_KRAS_SIGNALING_DN	0.289435322066155	0.814712998555053	0.93935790725327	up	200	132	0.959491660047657	0.0151995793019956	SEPP1;TNNI3;MTHFR;ADCK3;FAM46C;FGGY;SLC25A23;YPEL1;PLAG1;GPR3;NR4A2;SHOX2;NR6A1;CHST2;THRB;CLSTN3;SPTBN2;MFSD6;FGF22;KCNN1;KRT15;SNN;RSAD2;LFNG;ASB7	K562_13d	EGR1	1246	3491	21713	mean_log_expr_perturbed_minus_control	False	H
HALLMARK_KRAS_SIGNALING_UP	0.283994649520577	0.818261630174875	0.959491660047657	up	200	162	0.959491660047657	0.0149219628586776	JUP;PPP1R15A;AMMECR1;IKZF1;CDADC1;ZNF639;YRDC;TRIB2;TMEM158;ETV5;ALDH1A2;FUCA1;GLRX;RELN;AKT2;SCN1B	K562_13d	EGR1	1246	3491	21713	mean_log_expr_perturbed_minus_control	False	H
HALLMARK_MITOTIC_SPINDLE	0.416490775011599	1.22416972127759	0.0567502986857826	up	200	199	0.257955903117193	0.0843074724832269	CEP57;EPB41;CCDC88A;ACTN4;WASF2;NCK1;CD2AP;CTTN;ARHGEF2;SMC4;KATNA1;PCM1;LRPPRC;SSH2;LATS1;CDC42EP1;PDLIM5;VCL;ABL1;MID1IP1;CDK5RAP2;EZR;ATG4B;TUBGCP2;PPP4R2;SPTBN1;DLG1;TUBA4A;PXN;BIRC5;SHROOM1;MYH9;CDC27;CYTH2;ROCK1;TUBD1;SMC1A;MAP3K11;RAPGEF6;YWHAE;WASL;KIF3C;KIF1B;KPTN;CDC42EP2;FLNA;PREX1;LLGL1;STAU1;FGD6;NET1;TSC1;KIF5B;DST	K562_13d	EGR1	1246	3491	21713	mean_log_expr_perturbed_minus_control	False	H
HALLMARK_MTORC1_SIGNALING	-0.359604283479827	-1.05872278770292	0.288016112789527	down	200	198	0.558707119485811	0.0353254204221753	ALDOA;LDHA;CCT6A;DDX39A;CCNG1;PSMA3;PLK1;TPI1;ACTR3;PRDX1;PPA1;PGK1;MTHFD2;CACYBP;PSMB5;PNO1;GAPDH;ATP5G1;SLC2A3;SLC1A5;YKT6;PSMC2;PSME3;RDH11;DDIT4;PSMC4;COPS5;XBP1;GTF2H1;AK4;GGA2;IMMT;BTG2;CANX;IDH1;FAM129A;SLC9A3R1;ARPC5L;DHCR7;PNP;GMPS;SLC2A1;ACACA;HSPA9;HK2;ETF1;PSMA4;GSR;UCHL5;EBP	K562_13d	EGR1	1246	3491	21713	mean_log_expr_perturbed_minus_control	False	H
HALLMARK_MYC_TARGETS_V1	-0.639301244119013	-1.88356022971453	2.4439953497547802e-09	down	200	199	1.22199767487739e-07	0.774939030136436	NPM1;CCT4;GNB2L1;PSMB3;LDHA;RAN;RPS2;PSMA1;XRCC6;PHB2;PSMB2;PTGES3;POLD2;CCT5;SNRPA1;EIF4A1;RPL14;HDAC2;VBP1;VDAC1;PSMA7;ILF2;MRPL23;PA2G4;PSMD8;CCT3;PSMA2;SNRPA;COX5A;GOT2;LSM7;RANBP1;FBL;NDUFAB1;SNRPD2;CCT7;TUFM;ODC1;CNBP;RPL6;PGK1;SNRPB2;SLC25A3;RAD23B;YWHAQ;UBE2E1;EXOSC7;NOP16;SSBP1;MCM6;CDC45;CDC20;CYC1;RPS10;C1QBP;APEX1;TRIM28;MCM7;TYMS;RPL22;SRSF2;HNRNPA1;IMPDH2;SNRPD1;PHB;BUB3;SRSF7;TXNL4A;CSTF2;MRPL9;SF3A1;PSMC4;COPS5;NHP2;DHX15;RFC4;U2AF1;PSMD3;TRA2B;PRPF31;GLO1;PRPS2;CANX;PABPC4;RPS5;MRPS18B;SRSF3;HDDC2;NME1;TOMM70A;NOLC1;PRDX4;G3BP1;ETF1;H2AFZ;PSMA4;SNRPG	K562_13d	EGR1	1246	3491	21713	mean_log_expr_perturbed_minus_control	False	H
HALLMARK_MYC_TARGETS_V2	-0.501827635269976	-1.25855773801879	0.100469675311415	down	58	58	0.343580470162749	0.0634554993001747	NPM1;DCTPP1;PA2G4;PLK1;IMP4;NOP2;FARSA;NOP16;WDR74;LAS1L;PHB;MYBBP1A;BYSL;EXOSC5;NOC4L;SUPV3L1;NOLC1;HK2	K562_13d	EGR1	1246	3491	21713	mean_log_expr_perturbed_minus_control	False	H
HALLMARK_MYOGENESIS	-0.384247609583767	-1.11906217137246	0.179585262734045	down	200	177	0.496642969984202	0.0461145881357585	CKB;TNNT1;TGFB1;PDE4DIP;TPD52L1;EIF4A2;DES;OCEL1;PTP4A3;NOTCH1;GSN;FDPS;ACSL1;MAPK12;MYL4;PICK1;PRNP;SLC6A8;FLII;CKM;RB1;CRAT;SYNGR2;CRYAB;HDAC5	K562_13d	EGR1	1246	3491	21713	mean_log_expr_perturbed_minus_control	False	H
HALLMARK_NOTCH_SIGNALING	0.477524348010812	1.06747681857794	0.353079639074147	up	32	30	0.573454247717348	0.0307979036194709	CUL1;PRKCA;SKP1;RBX1;HES1;SAP30;PPARD	K562_13d	EGR1	1246	3491	21713	mean_log_expr_perturbed_minus_control	False	H
HALLMARK_OXIDATIVE_PHOSPHORYLATION	-0.639620593302154	-1.88312800687492	9.643709551756271e-09	down	200	198	2.41092738793907e-07	0.747739663149885	LDHB;SLC25A5;ATP5B;LDHA;ATP5F1;NDUFC2;NDUFV1;PHB2;VDAC2;ATP5D;NDUFA3;NDUFA5;NDUFS7;ETFB;ATP5C1;VDAC1;PDHA1;NDUFA7;NDUFB7;COX5A;ECI1;HADHA;GOT2;NDUFAB1;ACADVL;GPX4;ATP5O;COX4I1;NDUFS8;MDH1;SLC25A3;ATP6V1C1;ATP5A1;ATP6V0B;CYB5R3;COX7B;SURF1;NQO2;NDUFS2;BAX;PDHB;OXA1L;FH;CYC1;UQCRC2;IDH3B;NDUFB4;COX6B1;ATP5G2;ATP5G1;NDUFA4;MRPL15;ECHS1;NDUFB2;UQCRQ;SDHC;UQCRC1;ALAS1;COX6A1;MTX2;COX6C;NDUFC1;NDUFS4;COX17;HTRA2;MRPS30;TIMM50;IDH3G;COX5B;UQCRFS1;OPA1;ATP5J2;NDUFA2;IMMT;NDUFB1;DLD;ISCA1;NDUFA9;MRPS22;IDH1;SDHD;SLC25A11;HSD17B10;MDH2;SDHA;GRPEL1;UQCR11;ATP5G3;MRPL35;SUPV3L1;HSPA9;TOMM70A;NDUFV2;ACADSB;NDUFB5;PHYH;ATP6V0E1;RHOT2;NDUFS6;ECH1;NDUFA8;MRPL34;MRPL11;ATP6V1F;RHOT1;ACAA2;DLST;CYCS	K562_13d	EGR1	1246	3491	21713	mean_log_expr_perturbed_minus_control	False	H
HALLMARK_P53_PATHWAY	0.359704063065791	1.05476017221054	0.298204065522005	up	200	192	0.558707119485811	0.0342024449747538	SAT1;DNTTIP2;EI24;PPP1R15A;DDIT3;FDXR;RRP8;TSC22D1;JUN;WRAP73;TRIAP1;CD81;PRKAB1;MAPKAPK3;ISCU;BLCAP;IP6K2;NUDT15;RPS12;RPS27L;CCNK;IER3;NINJ1;TRIB3;ADCK3;MDM2;TOB1;TAX1BP3;JAG2;TXNIP;GM2A;OSGIN1;SP1;PLXNB2;PCNA;TRAFD1;FGF13;FUCA1;SPHK1;ABCC5;RETSAT;EPHX1;CYFIP2;MXD1;S100A10;F2R	K562_13d	EGR1	1246	3491	21713	mean_log_expr_perturbed_minus_control	False	H
HALLMARK_PANCREAS_BETA_CELLS	-0.592797561543094	-1.25593607679314	0.158983814792051	down	40	23	0.469417617793386	0.0497572002748371	SRP9;ELP4;LMO2;SRP14;PAX6;SPCS1	K562_13d	EGR1	1246	3491	21713	mean_log_expr_perturbed_minus_control	False	H
HALLMARK_PEROXISOME	-0.364101981001974	-0.98316994241429	0.475617098133654	down	104	96	0.646743527508091	0.0258896421711394	SOD1;PRDX1;GSTK1;CNBP;CAT;RDH11;HSD3B7;FIS1;CDK7;FDPS;ACSL1;SCP2;PRDX5;IDH1;CTBP1;PEX14;PEX6;ECH1;SMARCC1;ISOC1;HSD11B2;SLC25A17;CRAT;TSPO;NUDT19;PEX13;ABCD3;CRABP2;HRAS;ACOT8;MVP	K562_13d	EGR1	1246	3491	21713	mean_log_expr_perturbed_minus_control	False	H
HALLMARK_PI3K_AKT_MTOR_SIGNALING	-0.451840674360392	-1.22167132857115	0.103074141048825	down	105	97	0.343580470162749	0.0620731825163625	AP2M1;UBE2N;GRB2;PFN1;ECSIT;MAPK1;PIN1;ACTR3;PPP1CA;CDK1;MAPK8;ARF1;CFL1;ARPC3;CSNK2B;TNFRSF1A;RAC1;MKNK2;CAB39;ARHGDIA;E2F1;SLC2A1;ACACA	K562_13d	EGR1	1246	3491	21713	mean_log_expr_perturbed_minus_control	False	H
HALLMARK_PROTEIN_SECRETION	0.371286905759384	0.997786900660809	0.462591784084144	up	96	92	0.646743527508091	0.0261719936295095	TMED2;GNAS;GOLGA4;AP2B1;LMAN1;PPT1;VAMP7;CAV2;CLTA;STX16;CLTC;TMED10;ATP6V1H;IGF2R;TSG101;SNAP23;STX7;CLCN3;ARFGAP3;BET1;AP3S1;M6PR;NAPG;SGMS1;ANP32E;YIPF6;ADAM10;GLA;ARCN1;KIF1B;VAMP4;VPS4B;DST;GALC	K562_13d	EGR1	1246	3491	21713	mean_log_expr_perturbed_minus_control	False	H
HALLMARK_REACTIVE_OXIGEN_SPECIES_PATHWAY	-0.585161847641285	-1.41788336069758	0.0354884764429941	down	49	47	0.221802977768713	0.108573492628993	HMOX2;SOD1;PRDX1;GPX4;PRDX2;NDUFS2;CAT;NDUFB4;PRDX6;HHEX;PDLIM1;JUNB;TXNRD2;GLRX2;PRDX4;ATOX1;GSR;PRNP	K562_13d	EGR1	1246	3491	21713	mean_log_expr_perturbed_minus_control	False	H
HALLMARK_SPERMATOGENESIS	-0.32927720016696	-0.904835292736974	0.691173500302969	down	135	110	0.822825595598773	0.0200048523645377	CCNB2;CDK1;CSNK2A2;TOPBP1;RFC4;TSN;CLPB;KIF2C;NF2;EZH2;NCAPH;TALDO1;COIL;MLF1;SIRT1;AURKA;TTK;GAD1;STAM2;IFT88;DMC1;SLC12A2;MLLT10;VDAC3;SCG3;PHKG2;MAST2;BUB1;PGS1;MTOR	K562_13d	EGR1	1246	3491	21713	mean_log_expr_perturbed_minus_control	False	H
HALLMARK_TGF_BETA_SIGNALING	0.443465782250874	1.0941891967201	0.286555446516192	up	54	52	0.558707119485811	0.0348992411072775	ID1;TRIM33;SLC20A1;XIAP;PPP1R15A;RAB31;ID3;SPTBN1;UBE2D3;CDKN1C;FKBP1A	K562_13d	EGR1	1246	3491	21713	mean_log_expr_perturbed_minus_control	False	H
HALLMARK_TNFA_SIGNALING_VIA_NFKB	0.371053440468106	1.08470321139648	0.233755942947702	up	200	186	0.531002118755363	0.039452416158292	SAT1;SQSTM1;PPP1R15A;MYC;PDLIM5;MCL1;TSC22D1;JUN;TNIP1;IER3;KLF6;NINJ1;ETS2;TNFAIP2;KDM6B;HES1;YRDC;IER2;STAT5A;RCAN1;VEGFA;TIPARP;LDLR;SPHK1;RELA;NFKB2;IRF1;CCNL1;MXD1;NFAT5;ICAM1;CSF1;IRS2;NR4A2;DRAM1	K562_13d	EGR1	1246	3491	21713	mean_log_expr_perturbed_minus_control	False	H
HALLMARK_UNFOLDED_PROTEIN_RESPONSE	-0.399049833813679	-1.09896313123169	0.244260974627467	down	113	111	0.531002118755363	0.0388389802276081	NPM1;CKS1B;EIF4A1;HERPUD1;LSM4;MTHFD2;RPS14;YWHAZ;EIF4A2;SLC30A5;DDIT4;NHP2;XBP1;SEC31A;TUBB2A;EXOSC1;EXOSC5;DNAJC3;SRPR;HSPA9;NOLC1;EEF2;CNOT4;GEMIN4;EXOSC4;SPCS1;ATF6;CEBPG;EIF4EBP1;ARFGAP1;EDEM1;KDELR3;SLC1A4;SKIV2L2;EIF2S1	K562_13d	EGR1	1246	3491	21713	mean_log_expr_perturbed_minus_control	False	H
HALLMARK_UV_RESPONSE_DN	0.44293691779063	1.24475406316849	0.066281847133758	up	144	130	0.276174363057325	0.0777921919210674	YTHDC1;ID1;SRI;INSIG1;ANXA2;MYC;PDLIM5;PRKCA;MRPS31;ATRX;DLG1;PTEN;RUNX1;NFIB;MAP1B;MT1E;LDLR;FYN;MAP2K5;NR1D2;CITED2;ABCC1;CAV1;CDK13;WDR37;PIK3R3;CELF2;PMP22;MTA1;ATRN;DLC1;PIAS3;ICA1;BCKDHB;SYNJ2	K562_13d	EGR1	1246	3491	21713	mean_log_expr_perturbed_minus_control	False	H
HALLMARK_UV_RESPONSE_UP	0.366694470343647	1.04696244875775	0.32405012930177	up	158	147	0.558707119485811	0.0327102905769373	TFRC;SQSTM1;GAL;PPT1;DDX21;PDAP1;HNRNPU;ENO2;TMBIM6;LYN;TARS;POLE3;SPR;CYB5R1;TST;SLC25A4;CYB5B;CDKN1C;BSG;TUBA4A;PPIF;WIZ;GRINA;CNP;KCNH2;STK25;MGAT1;RPN1;TYRO3;H2AFX;EPCAM;IRF1;EPHX1;CASP3;ICAM1;MSX1;ASNS;DNAJB1;GLS;PARP2;CDC5L;SULT1A1;SHOX2;STIP1;CREG1;IL6ST;PRKACA	K562_13d	EGR1	1246	3491	21713	mean_log_expr_perturbed_minus_control	False	H
HALLMARK_WNT_BETA_CATENIN_SIGNALING	0.36334383846294	0.849347294527219	0.73013698630137	up	42	38	0.846823779894646	0.0187031143080358	MYC;CUL1;RBPJ;JAG2;HDAC11;NCOR2;CSNK1E;PPARD;SKP2;CTNNB1;PSEN2;NCSTN	K562_13d	EGR1	1246	3491	21713	mean_log_expr_perturbed_minus_control	False	H
HALLMARK_XENOBIOTIC_METABOLISM	-0.340283454013454	-0.985339897018113	0.476926163723917	down	200	167	0.646743527508091	0.0258396253325069	APOE;PTGES3;DCXR;BLVRB;IGFBP4;CAT;MTHFD1;DDAH2;HACL1;ASL;PGD;PTGDS;PEMT;SLC1A5;HES6;CBR1;ALAS1;TNFRSF1A;AHCY;IDH1;ARG2;GART;ALDH2;GSTO1;GSR;KYNU;ACP2;DHRS1;ECH1;CASP6;GSTM4;AP4B1;GAD1	K562_13d	EGR1	1246	3491	21713	mean_log_expr_perturbed_minus_control	False	H
HALLMARK_ADIPOGENESIS	0.445403566238502	1.31900498074089	0.0167785234899329	up	200	188	0.107872026941696	0.161159145661682	MTCH2;UCP2;RTN3;DDT;APOE;MDH2;SNCG;DLAT;CMPK1;NDUFA5;UBC;UQCR10;IFNGR1;ARL4A;ALDH2;MGST3;TKT;TALDO1;SDHB;DNAJB9;PRDX3;ACO2;DLD;PLIN2;ATP1B3;COQ3;ECHS1;TST;PDCD4;CDKN2C;UCK1;ANGPT1;CS;BCKDHA;CHCHD10;SCP2;ACADS;ACADM;NMT1;HIBCH;FAM73B;POR;ADIPOR2;UQCRC1;APLP2;STAT5A;IMMT;ARAF;COX6A1;GBE1;JAGN1;ECH1;UBQLN1;COQ9;UQCRQ;PPM1B;SDHC;ACLY;DBT;SORBS1;SAMM50;DHCR7;CAT;ME1;AGPAT6	K562_13d	ELF1	2347	3491	21713	mean_log_expr_perturbed_minus_control	False	H
HALLMARK_ALLOGRAFT_REJECTION	0.372056988480321	1.08565860188679	0.240920608108108	up	200	165	0.573741640267512	0.0402098897493978	TIMP1;NPM1;SPI1;RARS;CAPG;IFNGR1;FYB;EIF5A;EIF3J;GALNT1;B2M;DYRK3;EIF3D;AARS;RIPK2;MRPL3;IL27RA;DEGS1;PRKCB;IRF7;LYN;IL2RG;CCND3;NME1;CSF1;CTSS;CD96;NCK1	K562_13d	ELF1	2347	3491	21713	mean_log_expr_perturbed_minus_control	False	H
HALLMARK_ANDROGEN_RESPONSE	0.44921775321845	1.22303664439364	0.0947237224761113	up	101	93	0.369510135135135	0.0660400458643362	MYL12A;LMAN1;SAT1;ADRM1;PDLIM5;INSIG1;DNAJB9;HMGCR;ARID5B;HMGCS1;B2M;KRT8;SMS;TSC22D1;TMEM50A;DBI;VAPA;SRP19;DHCR24;NGLY1;B4GALT1;PIAS1;SLC38A2;CCND3;SEPP1;ABCC4;ZMIZ1;UBE2J1	K562_13d	ELF1	2347	3491	21713	mean_log_expr_perturbed_minus_control	False	H
HALLMARK_ANGIOGENESIS	0.748933202110528	1.66954999512481	0.0029070457112092	up	36	28	0.107872026941696	0.431707695803346	TIMP1;S100A4;PTK2;PDGFA	K562_13d	ELF1	2347	3491	21713	mean_log_expr_perturbed_minus_control	False	H
HALLMARK_APICAL_JUNCTION	-0.313249342676134	-0.914593706800014	0.702265372168285	down	200	176	0.868187764825337	0.0188721891660856	PFN1;ITGB1;NF1;PVRL2;PIK3CB;NF2;INPPL1;TIAL1;MSN;MYH10;EXOC4;ACTN4;ZYX;HRAS;BAIAP2;CTNNA1;SYK;TJP1;HADH;MAP4K2;RHOF;PTPRC;MAPK11;BMP1;PLCG1;ARPC2;MPZL1;GNAI2;TSPAN4;GTF2F1;NLGN2;ITGB4;MAPK14;ICAM5	K562_13d	ELF1	2347	3491	21713	mean_log_expr_perturbed_minus_control	False	H
HALLMARK_APICAL_SURFACE	0.475029838025564	1.11151164482083	0.278481012658228	up	44	36	0.632911392405063	0.03630927349455	HSPB1;GSTM3;ADIPOR2;LYN;B4GALT1;IL2RG;PLAUR;NCOA6;TMEM8B	K562_13d	ELF1	2347	3491	21713	mean_log_expr_perturbed_minus_control	False	H
HALLMARK_APOPTOSIS	0.495255020585167	1.43117548156661	0.0061284868977176	up	161	149	0.107872026941696	0.269842314478839	TIMP1;ANXA1;SAT1;SQSTM1;HSPB1;SLC20A1;JUN;DDIT3;IFNGR1;PPT1;DNM1L;BNIP3L;CREBBP;MCL1;FDXR;ETF1;IER3;BAX;CASP2;LGALS3;DFFA;IRF1;BCL2L11;PDCD4;ROCK1;PTK2;DNAJA1;BTG2;ADD1;PMAIP1;PSEN2;SMAD7;IGF2R;XIAP;ENO2;RHOT2;DIABLO;CDK2	K562_13d	ELF1	2347	3491	21713	mean_log_expr_perturbed_minus_control	False	H
HALLMARK_BILE_ACID_METABOLISM	0.300757790711556	0.828893834137586	0.87965854674162	up	112	102	0.916310986189187	0.0168690107619999	PRDX5;PEX19;IDH2;HSD17B4;FDXR;SLC35B2;SLC29A1;HSD17B11;KLF1;GNPAT;ALDH1A1;SCP2;DHCR24;PEX12;PAOX;CAT;PEX7;ABCA2;PEX26;RETSAT;PEX13;PECR;OPTN	K562_13d	ELF1	2347	3491	21713	mean_log_expr_perturbed_minus_control	False	H
HALLMARK_CHOLESTEROL_HOMEOSTASIS	0.339582210223107	0.881437238263343	0.712348469282926	up	74	66	0.868187764825337	0.0198064956296607	SQLE;FDPS;ACTG1;ANXA5;TRIB3;ACAT2;HMGCR;LGALS3;HMGCS1;PLSCR1;CYP51A1;GUSB;HSD17B7;PLAUR;ECH1;ACSS2;CD9;LDLR;ETHE1;ATXN2;DHCR7;ABCA2	K562_13d	ELF1	2347	3491	21713	mean_log_expr_perturbed_minus_control	False	H
HALLMARK_COAGULATION	0.511792029160613	1.42550783637248	0.0100397406400335	up	138	111	0.107872026941696	0.208826601974224	TIMP1;ANXA1;CTSH;ISCU;CFD;USP11;PEF1;CAPN2;CFH;S100A1;MSRB2;PLAU;DUSP14;MMP15	K562_13d	ELF1	2347	3491	21713	mean_log_expr_perturbed_minus_control	False	H
HALLMARK_COMPLEMENT	0.315933076802143	0.921807334864204	0.676370590735232	up	200	167	0.868187764825337	0.0211158209905609	TIMP1;HSPA1A;CTSH;RHOG;HSPA5;ANXA5;GMFB;LAP3;LGALS3;CD55;CFH;CTSC;IRF1;PIM1;PLSCR1;KIF2A;KYNU;IRF7;LYN;PIK3CA;MMP15;PLAUR;IRF2;CTSS;CD46;CASP10;SRC;ME1;PRSS36;WAS;CBLB;CASP9;ERAP2;GRB2;PRCP;APOBEC3G;BRPF3;MAFF	K562_13d	ELF1	2347	3491	21713	mean_log_expr_perturbed_minus_control	False	H
HALLMARK_DNA_REPAIR	0.378964819426041	1.08881429002926	0.240971488912355	up	150	142	0.573741640267512	0.0402098897493978	HPRT1;TMED2;EIF1B;POLR2G;SDCBP;GMPR2;ADRM1;IMPDH2;GTF2A2;VPS28;USP11;TSG101;RALA;NUDT21;DDB1;RAE1;CETN2;SF3A3;TAF12;PCNA;POLB;POLR2C;ERCC1;SRSF6;ELL;AK1;MRPL40;SUPT4H1;POLR2A;DCTN4;POLL;SNAPC5;PRIM1;COX17;POLR2I;RNMT;CMPK2;TARBP2;SMAD5;RPA2;UPF3B;NME1;RFC2	K562_13d	ELF1	2347	3491	21713	mean_log_expr_perturbed_minus_control	False	H
HALLMARK_E2F_TARGETS	0.395580323304265	1.17631273319873	0.0960726351351351	up	200	198	0.369510135135135	0.0661161203199431	KPNA2;NASP;SRSF1;SLBP;NAP1L1;DONSON;HN1;RAD21;SMC4;BIRC5;CKS2;DDX39A;RFC1;CENPE;TFRC;USP1;ASF1A;HMGB3;CDC20;MCM3;SRSF2;NUDT21;CDK4;LMNB1;UBE2T;PHF5A;EIF2S1;SYNCRIP;PCNA;PTTG1;EED;LUC7L3;STMN1;KIF4A;TUBG1;ORC2;MCM5;RBBP7;SMC6;SPC25;CDKN2C;DEPDC1;NUP205;CHEK1;RAD51C;HMMR;MYC;KIF18B;MCM4;MLH1;UBR7;MELK;MCM7;PSIP1;EZH2;RPA2;RRM2;BRCA2;BARD1;ZW10;NME1;RFC2;HMGB2;MAD2L1;ING3;GINS1;PNN	K562_13d	ELF1	2347	3491	21713	mean_log_expr_perturbed_minus_control	False	H
HALLMARK_EPITHELIAL_MESENCHYMAL_TRANSITION	0.352022464763083	1.02226769696726	0.382638010956595	up	200	155	0.729148381695675	0.0306319673508428	TIMP1;SAT1;CAPG;JUN;COPA;CALU;TPM1;PPIB;ID2;MCM7;SERPINH1;ENO2;PLOD3;PLAUR;LEPRE1;QSOX1;TPM4;MYL9	K562_13d	ELF1	2347	3491	21713	mean_log_expr_perturbed_minus_control	False	H
HALLMARK_ESTROGEN_RESPONSE_EARLY	-0.340992954237648	-0.9984850712246	0.43838229683327	down	200	182	0.729148381695675	0.0264159276456378	IGFBP4;NXT1;ELF1;FASN;FHL2;PPIF;FLNB;BAG1;ISG20L2;GLA;KRT18;TGM2;FKBP5;CBFA2T3;UGCG;SLC39A6;INPP5F;SIAH2;ABCA3;MYBBP1A;SULT2B1;RRP12;SLC19A2;JAK2;CHPT1;SLC2A1;ABHD2	K562_13d	ELF1	2347	3491	21713	mean_log_expr_perturbed_minus_control	False	H
HALLMARK_ESTROGEN_RESPONSE_LATE	-0.319059925740594	-0.931686471171815	0.648498756932492	down	200	178	0.868187764825337	0.02014338877967	IGFBP4;COX6C;NXT1;NMU;TSPAN13;PRKAR2B;RABEP1;PKP3;PPIF;FLNB;BAG1;RNASEH2A;CKB;TSTA3;LSR;DCXR;GLA;FKBP5;SIAH2;ABCA3;DLG5;SULT2B1;JAK2;METTL3;CHPT1	K562_13d	ELF1	2347	3491	21713	mean_log_expr_perturbed_minus_control	False	H
HALLMARK_FATTY_ACID_METABOLISM	0.474243577488327	1.36182887549318	0.0170168067226891	up	158	140	0.107872026941696	0.160146983509279	ACSM3;YWHAH;PTS;MDH2;HSPH1;HSP90AA1;GLUL;RAP1GDS1;HSD17B4;ERP29;BLVRA;SUCLA2;FH;ACAT2;ACO2;HSD17B11;DLD;UROD;SUCLG2;HMGCS1;PDHA1;SMS;ECI2;PRDX6;UBE2L6;ECHS1;G0S2;PDHB;HMGCL;HSDL2;ENO3;ADSL;ALDH1A1;ACADS;ACADM;APEX1;HIBCH;IDH3B;ADIPOR2;DHCR24;ENO2;GCDH;HADHB;CRYZ;METAP1;SETD8;HSD17B7;ECH1	K562_13d	ELF1	2347	3491	21713	mean_log_expr_perturbed_minus_control	False	H
HALLMARK_G2M_CHECKPOINT	0.443353127562803	1.31785203705695	0.0172595243106714	up	200	196	0.107872026941696	0.159153456855406	BUB3;KPNA2;NASP;SRSF1;HSPA8;HN1;RAD21;SQLE;SMC4;BIRC5;CKS2;DDX39A;CENPE;SFPQ;PRPF4B;E2F3;HMGB3;CDC20;MCM3;PBK;CUL1;SRSF2;NUSAP1;CDK4;LMNB1;SLC38A1;SYNCRIP;MT2A;PTTG1;STMN1;KIF4A;NCL;ORC5;MCM5;DKC1;CDKN2C;CDC6;KIF5B;CHEK1;EWSR1;NUP50;HMMR;CASC5;CENPF;MYC;CHMP1A;WRN;E2F4;PRMT5;DBF4;TPX2;TROAP;MNAT1;EZH2;KPNB1;CBX1;PML;RPA2;SETD8;BRCA2;BARD1;G3BP1;RBM14;NDC80;ARID4A;MEIS2;MAD2L1;ATRX	K562_13d	ELF1	2347	3491	21713	mean_log_expr_perturbed_minus_control	False	H
HALLMARK_GLYCOLYSIS	0.449124219270972	1.32686937629912	0.0155625657202944	up	200	184	0.107872026941696	0.167658528065765	AKR1A1;PSMC4;NASP;PGK1;RARS;MDH2;G6PD;CITED2;NDUFV3;FKBP4;HSPA5;KDELR3;GNPDA1;PPIA;TALDO1;IER3;DLD;MPI;STMN1;GALE;GLRX;DEPDC1;TXN;SLC25A13;ME2;HMMR;HAX1;BPNT1;KIF2A;HDLBP;GOT1;GALK2;CHST12;B3GALT6;ENO2;KIF20A;ARPP19;AGL;B4GALT1;GUSB;AK4;CASP6;CTH;AGRN;QSOX1;GAL3ST1;SAP30;SDHC;EFNA3;PC;SPAG4;PAXIP1;ME1;SRD5A3;AK3;GMPPA	K562_13d	ELF1	2347	3491	21713	mean_log_expr_perturbed_minus_control	False	H
HALLMARK_HEDGEHOG_SIGNALING	-0.463006937013273	-1.03015540649376	0.404450517275034	down	36	29	0.729148381695675	0.0282247703314138	NF1;TLE3	K562_13d	ELF1	2347	3491	21713	mean_log_expr_perturbed_minus_control	False	H
HALLMARK_HEME_METABOLISM	0.432567420583121	1.28555236440083	0.0257915705598658	up	200	195	0.139830508474576	0.129547467550097	UCP2;CAST;SLC25A37;MARK3;TFDP2;SDCBP;ARL2BP;BLVRB;RHAG;PSMD9;TFRC;MYL4;GYPB;UBAC1;BNIP3L;MGST3;ALAS2;BLVRA;VEZF1;GAPVD1;MKRN1;UROD;RBM5;GATA1;FAM46C;HTATIP2;SEC14L1;FBXO9;KLF1;BTG2;ADD1;FBXO7;KLF3;CROCCP2;GYPC;RCL1;SLC6A9;MBOAT2;AHSP;ERMAP;HAGH;ICAM4;SLC11A2;HBQ1;KAT2B;FOXO3;FN3K;CCND3;OSBP2;SLC25A38;MOSPD1;CDR2;BSG;SIDT2;ADD2;CLCN3;DAAM1;GLRX5;SYNJ1;ATP6V0A1;HBD;PC;NEK7;ALAD;MARCH2;CAT;KEL;CTNS;NR3C1;RHCE;HEBP1;UROS;NFE2;CLIC2;BPGM;PPOX;OPTN	K562_13d	ELF1	2347	3491	21713	mean_log_expr_perturbed_minus_control	False	H
HALLMARK_HYPOXIA	0.319013875669492	0.941051350492775	0.622899159663866	up	200	182	0.868187764825337	0.0222254655651192	PGK1;ANXA2;S100A4;CITED2;PRDX5;JUN;DDIT3;BNIP3L;PPP1R15A;HSPA5;BTG1;KDELR3;MT2A;IDS;IER3;PLIN2;KLF6;PIM1;GLRX;ENO3;HDLBP;CHST3;B3GALT6;ENO2;FOXO3;PKLR;GBE1;PLAUR;NEDD4L;TIPARP;AK4;CASP6;DUSP1;SAP30;MT1E;KDM3A;EFNA3;PRKCA;EFNA1;CDKN1A;NR3C1;GAA;SLC2A3;MYH9;CDKN1C;JMJD6;PFKP;MAFF;TES	K562_13d	ELF1	2347	3491	21713	mean_log_expr_perturbed_minus_control	False	H
HALLMARK_IL2_STAT5_SIGNALING	0.306550533927899	0.903843786697112	0.74664147774979	up	200	181	0.868187764825337	0.0194191420728089	GSTO1;CAPG;HUWE1;SOCS2;SERPINB6;IFNGR1;ARL4A;GATA1;PLIN2;KLF6;PIM1;CDC6;ENO3;S100A1;TNFRSF8;MYC;PLSCR1;IGF2R;PUS1;POU2F1;SPRED2;SWAP70;CCND3;CSF1;ANXA4;TTC39B;CYFIP1;P2RX4;RABGAP1L;METTL20;PNP;PTCH1;LCLAT1;FAM126B;SLC2A3;CD83;CDKN1C;MAFF;GABARAPL1;COCH;ECM1;MXD1;GLIPR2;CD44;CISH;RGS16;SOCS1;PLAGL1;FLT3LG;NDRG1	K562_13d	ELF1	2347	3491	21713	mean_log_expr_perturbed_minus_control	False	H
HALLMARK_IL6_JAK_STAT3_SIGNALING	0.335731454274802	0.889903957183065	0.695589743589744	up	87	76	0.868187764825337	0.02014338877967	LTBR;JUN;IFNGR1;MYD88;PTPN2;IRF1;PIM1;HAX1;CBL;ACVRL1;IL2RG;SOCS3;CD9;CSF1;IL6ST;LEPR	K562_13d	ELF1	2347	3491	21713	mean_log_expr_perturbed_minus_control	False	H
HALLMARK_INFLAMMATORY_RESPONSE	0.403478941182399	1.17751000674969	0.107513227513228	up	200	166	0.383975812547241	0.0623946459917812	TIMP1;ADRM1;RHOG;CD55;KLF6;ATP2C1;IRF1;NMI;BTG2;RIPK2;ATP2A2;MYC;ATP2B1;KIF1B;CD82;ICAM4;SLC11A2;IRF7;LYN;NAMPT;TNFSF9;PLAUR;CSF1;CD69;P2RX4;ICAM1;LDLR;CDKN1A;ACVR2A;GCH1;SCN1B;EMP3;SEMA4D;C3AR1;MXD1;PSEN1;APLNR	K562_13d	ELF1	2347	3491	21713	mean_log_expr_perturbed_minus_control	False	H
HALLMARK_INTERFERON_ALPHA_RESPONSE	-0.351784855652325	-0.939281412926691	0.581744656268053	down	97	86	0.85550684745302	0.0219306735573259	IFITM2;PNPT1;PSMA3;ISG15;ELF1;TXNIP;LY6E;ADAR;BST2;CD47;PSME2;NCOA7	K562_13d	ELF1	2347	3491	21713	mean_log_expr_perturbed_minus_control	False	H
HALLMARK_INTERFERON_GAMMA_RESPONSE	-0.313980219270653	-0.915188927086527	0.697890936728102	down	200	173	0.868187764825337	0.0189372107695888	STAT3;VAMP8;IFITM2;PNPT1;PSMA3;ISG15;SOD2;TXNIP;NFKBIA;LY6E;ADAR;MTHFD2;BST2;PTPN1;PSME2;TAPBP;ST3GAL5;SAMHD1;CASP3;NOD1;IFNAR2;STAT1;HIF1A;JAK2	K562_13d	ELF1	2347	3491	21713	mean_log_expr_perturbed_minus_control	False	H
HALLMARK_KRAS_SIGNALING_DN	-0.228657934691397	-0.645567987880029	1.0	down	200	132	1.0	0.0137962324085588	MTHFR;CHST2;SKIL;MAGIX;CDKAL1;MAST3;SNN;TNNI3;ASB7;IDUA;GTF3C5;RYR1;P2RX6;SLC25A23;NR6A1;SLC29A3;THRB;EFHD1;MSH5;ADRA2C;SGK1	K562_13d	ELF1	2347	3491	21713	mean_log_expr_perturbed_minus_control	False	H
HALLMARK_KRAS_SIGNALING_UP	0.30126019279958	0.877234771728223	0.819180397127165	up	200	162	0.871468507582091	0.0181288354275764	RBM4;ZNF639;PPP1R15A;JUP;WDR33;CFH;G0S2;GLRX;IKZF1;ID2;CBL;RELN;GYPC;PLAU;ATG10;SDCCAG8;IL2RG;PLAUR;ADAM8;MMD;CTSS;AVL9;ETV5;RABGAP1L;CAB39L;YRDC	K562_13d	ELF1	2347	3491	21713	mean_log_expr_perturbed_minus_control	False	H
HALLMARK_MITOTIC_SPINDLE	0.34626331767014	1.02949480235604	0.355296610169492	up	200	199	0.729148381695675	0.0321460733293198	CAPZB;SMC4;BIRC5;RFC1;CENPE;FSCN1;NUSAP1;CEP57;LMNB1;PDLIM5;MID1IP1;KPTN;EZR;TUBA4A;KIF4A;CDC42;YWHAE;BCL2L11;PREX1;KLC1;KIF5B;LRPPRC;SSH2;CD2AP;ROCK1;CENPF;AZI1;TAOK2;KIF1B;CYTH2;ALS2;RALBP1;TBCD;BIN1;ECT2;TPX2;RAPGEF6;CDK5RAP2;TSC1;SHROOM1;CDC42BPA;RHOT2;KIF3C;PPP4R2;TUBGCP3;BRCA2;BCAR1;NDC80;RASA1;WASF2;NCK1;PCM1;CNTROB;SOS1	K562_13d	ELF1	2347	3491	21713	mean_log_expr_perturbed_minus_control	False	H
HALLMARK_MTORC1_SIGNALING	0.420927611766692	1.25168639668472	0.0418074324324324	up	200	198	0.190033783783784	0.101638713652309	PSMC4;PGK1;HPRT1;SQSTM1;HSPA9;PSMD13;G6PD;SQLE;HSPA4;DDX39A;PRDX1;EPRS;TFRC;PSMD12;DDIT3;CACYBP;PSMA4;PPP1R15A;HSPA5;INSIG1;EEF1E1;PPIA;FDXR;IFRD1;CCNG1;TRIB3;ACTR2;ETF1;PNO1;HMGCR;CCT6A;MLLT11;TUBA4A;PSMB5;NUPR1;HMGCS1;TUBG1;PHGDH;CTSC;NFYC;GLRX;NUP205;PSMD14;BTG2;ATP2A2;CALR;CYP51A1;MCM4;ADD3;GOT1;NMT1;PPA1;ADIPOR2;DHCR24;SERPINH1;EIF2S2;IMMT;NAMPT;GBE1;RRM2;GSK3B;AK4;USO1;STIP1;CD9;CTH	K562_13d	ELF1	2347	3491	21713	mean_log_expr_perturbed_minus_control	False	H
HALLMARK_MYC_TARGETS_V1	0.430429982487773	1.2797354127228	0.0279661016949153	up	200	199	0.139830508474576	0.124978791119589	PSMC4;BUB3;KPNA2;SSB;TUFM;NPM1;SRSF1;NAP1L1;PGK1;HPRT1;PWP1;DDX18;ERH;PSMD8;PSMB2;UBE2L3;YWHAQ;VDAC3;IMPDH2;EPRS;USP1;HSP90AB1;RSL1D1;ILF2;CLNS1A;CDC20;CUL1;HNRNPR;SRSF2;PSMA4;EXOSC7;PSMA2;CDK4;PPIA;SNRPD3;PRPF31;EIF3J;IFRD1;ETF1;VDAC1;EIF2S1;SYNCRIP;PRDX3;SLC25A3;SRPK1;PCNA;AP3S1;SNRPB2;YWHAE;ORC2;EIF3D;MCM5;POLE3;XPOT;SF3A1;HNRNPC;PSMD14;TOMM70A;MYC;MCM4;HDDC2;PTGES3;SRSF7;DHX15;SSBP1;SNRPG;APEX1;MCM7	K562_13d	ELF1	2347	3491	21713	mean_log_expr_perturbed_minus_control	False	H
HALLMARK_MYC_TARGETS_V2	-0.382279083564569	-0.960453986549228	0.525323910482921	down	58	58	0.820818610129564	0.0238706923384388	SRM;NOP16;PA2G4;NOLC1;IMP4;DCTPP1;PPAN;FARSA;PHB;HSPE1;LAS1L;TMEM97;SUPV3L1;MAP3K6;GNL3;RRP9;SLC29A2;CBX3;NOP2;MYBBP1A;RRP12;HK2;PLK1	K562_13d	ELF1	2347	3491	21713	mean_log_expr_perturbed_minus_control	False	H
HALLMARK_MYOGENESIS	0.300657253895522	0.883982948376798	0.80978374973756	up	200	177	0.871468507582091	0.0182092733606427	NQO1;SH3BGR;GABARAPL2;FDPS;MYL4;CFD;MEF2C;IFRD1;HDAC5;TPD52L1;TSC2;ENO3;CKM;AK1;IGF1;PSEN2;BIN1;AGL;KCNH2;DMPK;DMD;AGRN;SIRT2;PC;FXYD1;SORBS1;CDKN1A;MYLPF;CRAT;GAA;MYH9;KIFC3;TPM2;SORBS3;CRYAB;MRAS;APLNR;COL6A2;COL15A1	K562_13d	ELF1	2347	3491	21713	mean_log_expr_perturbed_minus_control	False	H
HALLMARK_NOTCH_SIGNALING	0.317625902579785	0.71656529558413	0.925903119868637	up	32	30	0.944799101906773	0.0159161311476013	SKP1;CUL1;PSEN2;PSENEN;SAP30;PRKCA;HES1	K562_13d	ELF1	2347	3491	21713	mean_log_expr_perturbed_minus_control	False	H
HALLMARK_OXIDATIVE_PHOSPHORYLATION	0.387355612414419	1.15185541928132	0.123099662162162	up	200	198	0.38693245824558	0.058008949856548	NDUFB3;MDH2;HSPA9;TIMM9;TIMM17A;DLAT;NDUFC2;NDUFA2;NDUFA5;ATP6V0E1;NDUFS4;MTX2;UQCRB;VDAC3;COX11;SLC25A6;ISCU;IDH2;UQCR10;NDUFA6;NDUFS1;ATP5G3;MGST3;ATP6V1E1;ACAT1;SUCLA2;SDHB;FH;VDAC1;OAT;PRDX3;SLC25A3;ACO2;NDUFS2;BAX;DLD;COX7A2L;ATP5J2;PDHA1;NDUFB5;ATP5H;ECHS1;COX15;PDHB;NDUFB6;ATP6V1G1;MRPS11;LRPPRC;CS;ATP6V1C1;TOMM70A;ATP5G2;BCKDHA;ETFA;PDHX;ABCB7;ATP5E;SLC25A20;ACADM;ATP5L;IDH3B;ATP6V0B;POR;UQCRC1;COX17;RHOT2;NDUFB1;HADHB;IMMT;ATP5B	K562_13d	ELF1	2347	3491	21713	mean_log_expr_perturbed_minus_control	False	H
HALLMARK_P53_PATHWAY	0.340466279019915	1.00922506198054	0.41109709962169	up	200	192	0.729148381695675	0.0292615811881865	SAT1;S100A4;RPS27L;ISCU;JUN;DDIT3;PPP1R15A;BTG1;PRKAB1;FDXR;CCNG1;TRIB3;WRAP73;ABCC5;IER3;PCNA;BAX;NUPR1;TAX1BP3;NUDT15;HINT1;RAD51C;TPD52L1;TRAFD1;AK1;BTG2;PDGFA;DNTTIP2;TSC22D1;NINJ1;ADCK3;CD82;MDM2;CGRRF1;HEXIM1;SLC3A2;ABHD4;SLC35D1;FOXO3;HDAC3;TNFSF9;CYFIP2;CCND3;FGF13;PROCR	K562_13d	ELF1	2347	3491	21713	mean_log_expr_perturbed_minus_control	False	H
HALLMARK_PANCREAS_BETA_CELLS	-0.373637566410954	-0.793553413491891	0.782232704402516	down	40	23	0.871468507582091	0.0177453160699555	ELP4;SEC11A;SRP9	K562_13d	ELF1	2347	3491	21713	mean_log_expr_perturbed_minus_control	False	H
HALLMARK_PEROXISOME	0.365022609204887	0.997436615713709	0.452071996651319	up	104	96	0.729148381695675	0.0274898771930395	YWHAH;PRDX5;PRDX1;FDPS;IDH2;SLC25A19;HSD17B4;ABCC5;SLC35B2;HSD17B11;ERCC1;ECI2;SLC25A17;VPS4B;HMGCL;FIS1;GNPAT;ALDH1A1;SCP2;DHCR24;PABPC1	K562_13d	ELF1	2347	3491	21713	mean_log_expr_perturbed_minus_control	False	H
HALLMARK_PI3K_AKT_MTOR_SIGNALING	-0.367742193135912	-0.997237175598147	0.443466615649512	down	105	97	0.729148381695675	0.0262675291401633	AP2M1;PFN1;UBE2N;MAPK1;HSP90B1;CDK1;MKNK2;ARHGDIA;RPS6KA1;HRAS;RAF1;MAP2K3;PRKAR2A;AKT1;PRKAG1;RIT1;MAPKAP1;PTPN11;CAB39;ADRBK1;PPP2R1B;PDK1;E2F1;IRAK4;NOD1;TNFRSF1A;SLC2A1;PLCG1;PAK4;MAPK9;TBK1;CDKN1B;SMAD2;AKT1S1	K562_13d	ELF1	2347	3491	21713	mean_log_expr_perturbed_minus_control	False	H
HALLMARK_PROTEIN_SECRETION	0.436797940321153	1.18658666985586	0.131557035803497	up	96	92	0.38693245824558	0.0555678476762568	ARF1;SNAP23;LMAN1;CLTA;TMED2;COPE;NAPG;CAV2;PPT1;TSG101;DNM1L;VAMP7;GOLGA4;AP3S1;CTSC;VPS4B;RAB2A;SNX2;KIF1B;VAMP3;STX7;IGF2R;CLTC;ARCN1;ARFGEF2;ZW10;USO1;CD63;CLCN3;RAB9A	K562_13d	ELF1	2347	3491	21713	mean_log_expr_perturbed_minus_control	False	H
HALLMARK_REACTIVE_OXIGEN_SPECIES_PATHWAY	0.445094697999208	1.0902140429314	0.295055169595423	up	49	47	0.64142428172918	0.0351249766034131	NQO1;G6PD;PRDX1;NDUFA6;MGST1;NDUFS2;PRDX6;GLRX;TXN;EGLN2;TXNRD2;SCAF4;STK25	K562_13d	ELF1	2347	3491	21713	mean_log_expr_perturbed_minus_control	False	H
HALLMARK_SPERMATOGENESIS	0.340349149002665	0.9462340504511	0.571069709022399	up	135	110	0.85550684745302	0.0235579823866944	RPL39L;MLF1;PEBP1;VDAC3;ARL4A;GSTM3;TALDO1;ACRBP;TSN;PHKG2;DBF4;PARP2;BRAF;MTOR;EZH2	K562_13d	ELF1	2347	3491	21713	mean_log_expr_perturbed_minus_control	False	H
HALLMARK_TGF_BETA_SIGNALING	0.491733248746801	1.22871004078273	0.126497461928934	up	54	52	0.38693245824558	0.0559949767165323	ID1;SLC20A1;FKBP1A;PPP1R15A;FNTA;ARID4B;PPP1CA;TRIM33;TGIF1;ID2;SMAD7;RAB31;XIAP	K562_13d	ELF1	2347	3491	21713	mean_log_expr_perturbed_minus_control	False	H
HALLMARK_TNFA_SIGNALING_VIA_NFKB	0.445848625640235	1.31844235240708	0.0170168067226891	up	200	186	0.107872026941696	0.160146983509279	SAT1;SQSTM1;TUBB2A;JUN;EIF1;PPP1R15A;BTG1;PDLIM5;MCL1;IER3;KLF6;TGIF1;IRF1;G0S2;PER1;BTG2;RIPK2;MYC;TSC22D1;NINJ1;ATP2B1;ID2;FUT4;KYNU;PLAU;SIK1;B4GALT1;IER2;STAT5A;NAMPT;REL;TNFSF9;PLAUR;TIPARP;SOCS3;CSF1;NR4A2;DNAJB4;IL6ST;KDM6B;DUSP1;CD69;TNFAIP2;ICAM1;TNIP1;FJX1;LDLR;EFNA1;LAMB3;CDKN1A;DRAM1;YRDC;HES1;GCH1;SLC2A3;CD83;TANK;BCL6;MAFF;EGR1;CYR61;MXD1;CD44;BCL3;CXCL3	K562_13d	ELF1	2347	3491	21713	mean_log_expr_perturbed_minus_control	False	H
HALLMARK_UNFOLDED_PROTEIN_RESPONSE	0.397925766306355	1.10835313143616	0.227985777034093	up	113	111	0.573741640267512	0.0412584842934089	NPM1;HSPA9;BANF1;POP4;EXOSC4;TUBB2A;SRPRB;PDIA6;EXOSC9;YIF1A;HSPA5;KDELR3;FUS;LSM1;DNAJB9;EIF2S1;EXOSC5;DKC1;NFYB;XPOT;ATP6V0D1;EIF4A3;KIF5B;ERN1;HERPUD1;ALDH18A1;CALR;SPCS1;TTC37;EXOSC2;TATDN2;RPS14;CNOT6	K562_13d	ELF1	2347	3491	21713	mean_log_expr_perturbed_minus_control	False	H
HALLMARK_UV_RESPONSE_DN	0.352624160960941	1.00159805746555	0.435924369747899	up	144	130	0.729148381695675	0.0281990184071865	ID1;ANXA2;CITED2;PDLIM5;INSIG1;ATP2C1;SCAF8;NIPBL;MYC;ATP2B1;ADD3;SMAD7;CDC42BPA;DLC1;CELF2;MAP2K5;PTEN;CDK13;ATRX;ANXA4;SPOP;DUSP1;MT1E;ZMIZ1;ERBB2;NEK7;LDLR;PRKCA;YTHDC1;ACVR2A;NR3C1;GRK5;PRDM2	K562_13d	ELF1	2347	3491	21713	mean_log_expr_perturbed_minus_control	False	H
HALLMARK_UV_RESPONSE_UP	-0.312122243317601	-0.8936355799794	0.746350710900474	down	158	147	0.868187764825337	0.0179055699061551	SEPW1;AP2S1;RFC4;MRPL23;SOD2;ALDOA;YKT6;SLC6A8;CDC5L;NFKBIA;PPIF;PPP1R2;APOM;CLTB;AMD1;RAB27A;H2AFX;PSMC3;GRINA;PRKCD;ALAS1;FURIN;CASP3;DLG4;CCNE1;CLCN2;SIGMAR1;CNP;BID;GLS;JUNB;POLG2;POLR2H;AQP3;TMBIM6;CDC34;SLC25A4	K562_13d	ELF1	2347	3491	21713	mean_log_expr_perturbed_minus_control	False	H
HALLMARK_WNT_BETA_CATENIN_SIGNALING	-0.345815857877913	-0.808873573053638	0.80203841630733	down	42	38	0.871468507582091	0.0173372174933725	NUMB;ADAM17;LEF1;NCSTN;HDAC2;NOTCH1	K562_13d	ELF1	2347	3491	21713	mean_log_expr_perturbed_minus_control	False	H
HALLMARK_XENOBIOTIC_METABOLISM	0.390101381287181	1.13821040282016	0.155971100722482	up	200	167	0.43325305756245	0.051278246769292	GSTO1;DDT;HPRT1;PTS;APOE;NQO1;DHPS;BLVRB;ADH5;GART;ALDH2;PGRMC1;PDLIM5;JUP;SAR1B;MT2A;ACO2;SSR3;DHRS1;ATP2A2;NINJ1;ID2;IGF1;PTGES3;KYNU;NMT1;POR;ARPP19;NFS1;SLC35D1;CYFIP2;DDAH2;BCAR1;ECH1;CASP6;ACP1;AKR1C2;ARG2	K562_13d	ELF1	2347	3491	21713	mean_log_expr_perturbed_minus_control	False	H
HALLMARK_ADIPOGENESIS	-0.488856231928983	-1.33903612658904	0.017530390275112	down	200	188	0.10956493921945	0.122637391177921	NDUFB7;FAH;ALDOA;GHITM;NDUFAB1;TKT;BCL2L13;IMMT;APOE;SLC25A1;IDH3G;CD151;TALDO1;GPX4;SOD1;AIFM1;PFKL;CHCHD10;CAT;UQCR11;NDUFA5;MDH2;PTRF;UBC;UQCRC1;MGST3;MRPL15;UBQLN1;SDHC;COX7B;CDKN2C;APLP2;PEMT;EPHX2;ACLY;AK2;PHLDB1;ESYT1;UQCRQ;UQCR10;POR;ESRRA;JAGN1;ACAA2;MTCH2;LPCAT3;GRPEL1;CYC1;ECHS1;DLD;ETFB;MCCC1;ALDH2;TOB1;CMPK1	K562_13d	ELK1	1507	3491	21713	mean_log_expr_perturbed_minus_control	False	H
HALLMARK_ALLOGRAFT_REJECTION	0.342323222826316	1.03918754747057	0.303896103896104	up	200	165	0.506493506493507	0.0525252258532999	RPL39;SRGN;NPM1;AARS;IFNGR1;EIF3D;GALNT1;BCL10;RIPK2;DARS;TRAF2;CD47;CSF1;F2R;NCK1;DEGS1;RPS3A;CD40;LCP2;MAP3K7;ELF4;HLA-E;IL27RA;BCAT1;DYRK3;ABCE1;RPL9;BRCA1;CCND3;CD7;ACVR2A;SOCS1;EIF4G3;IL2RG;IL7;RPS9;GLMN;HCLS1;BCL3;ICAM1	K562_13d	ELK1	1507	3491	21713	mean_log_expr_perturbed_minus_control	False	H
HALLMARK_ANDROGEN_RESPONSE	0.422665243375366	1.19671399560577	0.0995921142080218	up	101	93	0.331973714026739	0.0831123213823906	LMAN1;INSIG1;SEPP1;ELOVL5;SPCS3;PDLIM5;DBI;MYL12A;HMGCR;PGM3;HMGCS1;SAT1;TMEM50A;ABHD2;SRP19;IQGAP2;CCND1;VAPA;ARID5B;ABCC4;SRF;CCND3	K562_13d	ELK1	1507	3491	21713	mean_log_expr_perturbed_minus_control	False	H
HALLMARK_ANGIOGENESIS	-0.366815076487997	-0.779842837505575	0.807586318690225	down	36	28	0.897318131878028	0.0144807885211238	LRPAP1;PRG2;TIMP1;MSX1	K562_13d	ELK1	1507	3491	21713	mean_log_expr_perturbed_minus_control	False	H
HALLMARK_APICAL_JUNCTION	-0.428778425713349	-1.16747613781	0.139759969028262	down	200	176	0.349399922570654	0.0414079229047718	ACTB;PFN1;TIAL1;FSCN1;HRAS;INPPL1;LDLRAP1;ARPC2;CAP1;BAIAP2;ICAM2;STX4;MVD;YWHAH;CERCAM;EXOC4;NF1;GNAI2;PVRL2;ITGB1;BMP1;TAOK2;EVL;ACTG1;TSPAN4;PIK3CB;FLNC;GTF2F1;NF2	K562_13d	ELK1	1507	3491	21713	mean_log_expr_perturbed_minus_control	False	H
HALLMARK_APICAL_SURFACE	0.286308046746684	0.691909255592166	0.974986405655247	up	44	36	0.974986405655247	0.0192968822467904	ADIPOR2;ADAM10;BRCA1;GSTM3;IL2RG;LYN	K562_13d	ELK1	1507	3491	21713	mean_log_expr_perturbed_minus_control	False	H
HALLMARK_APOPTOSIS	-0.337709070351084	-0.905268908624667	0.68835436382755	down	161	149	0.83052914820195	0.0137603348756177	DAP;HMGB2;TSPO;BID;LMNA;IFITM3;TOP2A;GPX4;SOD1;KRT18;DNAJA1;CDC25B;DNAJC3;GSR;ETF1;CFLAR;MCL1;DNM1L;HSPB1;SOD2;CTNNB1;CASP6;ANXA1;TNFRSF12A;BAX;DAP3;EBP;TIMP1;WEE1;TGFBR3;BCL2L2;NEFH;PSEN1;CYLD	K562_13d	ELK1	1507	3491	21713	mean_log_expr_perturbed_minus_control	False	H
HALLMARK_BILE_ACID_METABOLISM	-0.445167789085908	-1.14359086219849	0.206559665038381	down	112	102	0.413119330076762	0.0346219456356085	GSTK1;ISOC1;SOD1;KLF1;PXMP2;CAT;SLC27A5;HACL1;IDI1;EPHX2;ALDH9A1;IDH2;LONP2;HSD3B7;PRDX5;PEX19	K562_13d	ELK1	1507	3491	21713	mean_log_expr_perturbed_minus_control	False	H
HALLMARK_CHOLESTEROL_HOMEOSTASIS	0.419707374002986	1.13408018617313	0.198522622345337	up	74	66	0.413119330076762	0.0549663983626419	SQLE;ATF5;ATF3;ATXN2;TRIB3;HMGCR;HMGCS1;ANXA5;LDLR;GUSB;TMEM97;FAM129A;CLU;LGALS3;HSD17B7;CBS;ETHE1	K562_13d	ELK1	1507	3491	21713	mean_log_expr_perturbed_minus_control	False	H
HALLMARK_COAGULATION	-0.383576984035576	-0.996390951192886	0.467453996154903	down	138	111	0.664972240248035	0.0200851021188089	ARF4;F12;SIRT2;APOC1;FURIN;BMP1;ANXA1;ISCU;RABIF;CSRP1;CTSB;TIMP1;MSRB2;LAMP2;MMP15;PLAU;FYN;CAPN2;PROS1;S100A13;KLK8;RAC1;LRP1;CRIP2;MAFF	K562_13d	ELK1	1507	3491	21713	mean_log_expr_perturbed_minus_control	False	H
HALLMARK_COMPLEMENT	-0.30392073896287	-0.823576713903894	0.895522388059702	down	200	167	0.973393900064893	0.0096717654224783	PPP4C;PFN1;CALM3;USP14;ATOX1;CD59;EHD1;STX4;RCE1;WAS;KIF2A;APOC1;SCG3;GNAI2;PCSK9;RAF1;RNF4;RABIF;CSRP1;CTSB;TIMP1;LAMP2;MMP15;SIRT6;PSEN1;FYN	K562_13d	ELK1	1507	3491	21713	mean_log_expr_perturbed_minus_control	False	H
HALLMARK_DNA_REPAIR	-0.481142646234	-1.2849532936471	0.0495519240906695	down	150	142	0.206466350377789	0.0730396943187741	POLR2H;NME4;POLR2E;TARBP2;DUT;NME1;RPA3;TYMS;GTF2H1;CLP1;ADRM1;GPX4;SUPT5H;TCEB3;AK1;UPF3B;ZWINT;EDF1;SNAPC5;GTF2A2;POLD1;NFX1;RFC4;DGUOK;POLR1C;POLR2D;GTF3C5;RPA2;RAE1;POLR2F;SURF1;IMPDH2;NUDT9;SSRP1;POM121;NCBP2;RFC5;RFC3;SF3A3;POLA2;ARL6IP1;RFC2;ERCC2;DDB1;AAAS;ERCC8;NME3;GTF2H5;SRSF6;ERCC4;POLR2I;GTF2F1;TAF10;GUK1;POLE4;DDB2	K562_13d	ELK1	1507	3491	21713	mean_log_expr_perturbed_minus_control	False	H
HALLMARK_E2F_TARGETS	-0.582294837983154	-1.60278094471709	2.67312317516934e-05	down	200	198	0.0006682807937923	0.575610261071129	RANBP1;CKS2;HN1;AURKA;PAICS;POLD2;PLK1;CDC20;DCTPP1;CCNB2;DDX39A;SMC1A;DUT;HMGB2;NME1;RPA3;PRDX4;RAN;CDK1;TBRG4;ASF1B;MCM7;TOP2A;BIRC5;KIF22;UBE2T;RBBP7;H2AFZ;DNMT1;RAD51C;EIF2S1;CDK4;SPC24;STMN1;HNRNPD;RNASEH2A;CKS1B;MYBL2;TACC3;SRSF2;POLD1;MKI67;RRM2;CDC25B;SMC3;TRIP13;RAD1;HMMR;EXOSC8;PA2G4;HMGA1;RPA2;SNRPB;MCM6;XRCC6;CDKN2C;DEK;UBE2S;SSRP1;CDKN3;HELLS;MMS22L;AK2;RFC3;MAD2L1;TCF19;CIT;POLA2;TRA2B;DCK;RFC2;MRE11A;MSH2;PSMC3IP;MCM2;SRSF1;LBR;UBR7;KPNA2;GINS4;SUV39H1;RAD51AP1;MCM4;HUS1;NOLC1;BRMS1L;WEE1;SPAG5;RQCD1;EZH2;POLE4;ORC2;SHMT1;TK1;PRPS1	K562_13d	ELK1	1507	3491	21713	mean_log_expr_perturbed_minus_control	False	H
HALLMARK_EPITHELIAL_MESENCHYMAL_TRANSITION	-0.459019984101715	-1.2353035742829	0.077003529873186	down	200	155	0.296167422589177	0.0576940932334375	EMP3;TGFB1;IGFBP4;TGM2;MCM7;CD59;LGALS1;CALU;LEPRE1;SLC6A8;ITGB1;BMP1;CRLF1;TNFRSF12A;FLNA;TPM4;TIMP1;PLOD1;MSX1;TGFBR3	K562_13d	ELK1	1507	3491	21713	mean_log_expr_perturbed_minus_control	False	H
HALLMARK_ESTROGEN_RESPONSE_EARLY	-0.288592417247287	-0.788204742207602	0.959393472115137	down	200	182	0.974986405655247	0.0084066547724101	KRT19;IGFBP4;BAG1;TGM2;KRT18;NXT1;BLVRB;MED24;NADSYN1;MYBBP1A;KRT8;SYNGR1;SLC9A3R1;ISG20L2;RRP12;FDFT1;DHRS3;TOB1;SIAH2;FAM102A;MAST4;NRIP1;BHLHE40;DHRS2;SLC7A5;KLF10;KRT15;MAPT;CELSR2;CHPT1;OPN3;SLC37A1;IL6ST;SLC26A2	K562_13d	ELK1	1507	3491	21713	mean_log_expr_perturbed_minus_control	False	H
HALLMARK_ESTROGEN_RESPONSE_LATE	-0.333149703269012	-0.908026443988194	0.697644484489638	down	200	178	0.83052914820195	0.0132636855211744	CKB;KRT19;CDC20;IGFBP4;BAG1;TOP2A;NXT1;RNASEH2A;TSPAN13;PKP3;BLVRB;LSR;IDH2;COX6C;SLC9A3R1;DNAJC12;JAK1;ETFB;FDFT1;METTL3;FABP5;XRCC3;TOB1;SIAH2;FAM102A;CDC6;NRIP1;DHRS2;ATP2B4;SLC7A5;MDK;GINS2;MAPT;CELSR2;CHPT1;OPN3;IL6ST;SLC26A2;PDCD4;GALE;ST6GALNAC2;DCXR	K562_13d	ELK1	1507	3491	21713	mean_log_expr_perturbed_minus_control	False	H
HALLMARK_FATTY_ACID_METABOLISM	-0.436749564133411	-1.16492754184339	0.15591610605461	down	158	140	0.356569363120715	0.0394145411934656	LDHA;ALDOA;ECI1;SMS;ECI2;NTHL1;IDH3G;GRHPR;PDHA1;PDHB;ODC1;H2AFZ;HSD17B10;ACADVL;UROD;LGALS1;MIF;MDH2;HSP90AA1;SDHC;MDH1;IDI1;YWHAH;HCCS;RDH11;METAP1;ALDH9A1;UROS;ACAA2;SDHA;BPHL;HSPH1;ADSL;ECHS1;DLD	K562_13d	ELK1	1507	3491	21713	mean_log_expr_perturbed_minus_control	False	H
HALLMARK_G2M_CHECKPOINT	-0.531526748203592	-1.46069032507555	0.0013017759028379	down	200	196	0.0130177590283795	0.45505986738723	SNRPD1;CKS2;HN1;AURKA;TGFB1;PLK1;CDC20;HSPA8;CCNB2;DDX39A;SMC1A;CENPA;H2AFV;CDK1;ODC1;TOP2A;TLE3;BIRC5;KIF22;TROAP;H2AFZ;CDK4;TPX2;STMN1;HNRNPD;EWSR1;CKS1B;MYBL2;TACC3;E2F1;SRSF2;CCNA2;MKI67;PRC1;SMC2;CDC25B;CHAF1A;HIST1H2BK;HMMR;DR1;HMGA1;RPA2;NDC80;TNPO2;CENPF;MCM6;MNAT1;CDKN2C;UBE2S;DTYMK;CDKN3;NEK2;MAD2L1;POLA2;TRA2B;MT2A;AMD1;NCL;NUP98;MCM2;BUB3;SLC12A2;SRSF1;LBR;KPNA2;UPF1;SUV39H1;CUL3;HNRNPU;E2F4;DBF4;PAPD7;DKC1;KIF11;FBXO5;HUS1;WHSC1;CDC45;NOLC1;EZH2;FANCC;RAD54L;CCNF;CASC5;CDC6;RBL1;PRMT5;CDC7;KIF23;SLC7A5;ODF2;KIF2C;PURA;NUP50;BUB1;GINS2;ESPL1	K562_13d	ELK1	1507	3491	21713	mean_log_expr_perturbed_minus_control	False	H
HALLMARK_GLYCOLYSIS	-0.462509533576202	-1.2644736131969	0.0482608137594661	down	200	184	0.206466350377789	0.0730396943187741	LDHA;ALDOA;TPI1;AURKA;ENO1;B3GAT3;CENPA;AK4;CDK1;TALDO1;CHPF;CHST2;SOD1;UGP2;STMN1;BPNT1;SLC37A4;PGK1;MIF;MDH2;HMMR;MED24;SDHC;MDH1;NDUFV3;GOT2;GOT1;KIF2A;ALDH9A1;GMPPA;PGAM1;MXI1;ERO1L;CASP6;DLD;FAM162A;ANKZF1;EGLN3;PFKP;HDLBP;B3GALT6;SLC16A3;PLOD1;B4GALT2;RARS;PAXIP1;PRPS1	K562_13d	ELK1	1507	3491	21713	mean_log_expr_perturbed_minus_control	False	H
HALLMARK_HEDGEHOG_SIGNALING	-0.495055188616101	-1.05801631068681	0.374234118026443	down	36	29	0.584740809416317	0.02624541843463	TLE3;NF1;LDB1;PTCH1;ACHE;VEGFA;DPYSL2;CDK5R1;GLI1	K562_13d	ELK1	1507	3491	21713	mean_log_expr_perturbed_minus_control	False	H
HALLMARK_HEME_METABOLISM	-0.339493377112313	-0.932188902480359	0.640986329372684	down	200	195	0.801232911715855	0.01437978157026	MYL4;FBXO7;PRDX2;GLRX5;ADIPOR1;HBZ;HBQ1;MPP1;DCAF11;KLF1;HDGF;UROD;CAT;GYPC;GATA1;BLVRB;MGST3;FBXO9;ISCA1;ATP6V0A1;MBOAT2;RHCE;UROS;GYPB;SLC6A8;GDE1;TAL1;AGPAT4;ATG4A;MAP2K3;EIF2AK1;MXI1;UBAC1;AHSP;CCDC28A;CA1;NUDT4;ARL2BP;NARF;TFDP2;BLVRA;SLC22A4;SLC30A1;HMBS;CTSB;RANBP10;PSMD9;BPGM;SLC25A38;PICALM;LPIN2;CIR1;NEK7;ACP5;FN3K;PQLC1;LAMP2	K562_13d	ELK1	1507	3491	21713	mean_log_expr_perturbed_minus_control	False	H
HALLMARK_HYPOXIA	-0.395118165524546	-1.07914828383019	0.278977126702647	down	200	182	0.506493506493507	0.0274008896033539	LDHA;HK1;ALDOA;TPI1;GAPDH;ENO1;GPI;SLC25A1;GRHPR;AK4;TGM2;CHST2;ANXA2;UGP2;PFKL;SLC37A4;PGK1;MIF;PTRF;MT2A;MXI1;ERO1L;SLC6A6;CASP6;PRDX5;FAM162A;ANKZF1;RBPJ;PFKP;HDLBP;SIAH2;B3GALT6;ALDOC	K562_13d	ELK1	1507	3491	21713	mean_log_expr_perturbed_minus_control	False	H
HALLMARK_IL2_STAT5_SIGNALING	-0.357134634735879	-0.974865898345281	0.523270763692466	down	200	181	0.707122653638468	0.0174163488781561	FAH;GALM;TGM2;IFITM3;ODC1;GPX4;CTSZ;ITGAE;SERPINB6;GATA1;PTRH2;SNX14;RNH1;PLAGL1;PRNP;PLEC;TNFRSF8;FURIN;DENND5A;TNFRSF1B;AHNAK;AHCY;N6AMT2;ETV4;DHRS3;SLC29A2;CYFIP1;PDCD2L;CDC6;BHLHE40;GSTO1;LRRC8C;PHTF2;SYNGR2;LCLAT1;BATF3;PTCH1;NFIL3;SPRY4	K562_13d	ELK1	1507	3491	21713	mean_log_expr_perturbed_minus_control	False	H
HALLMARK_IL6_JAK_STAT3_SIGNALING	0.338463322111842	0.932365442380996	0.610431423052157	up	87	76	0.782604388528407	0.0298317197809657	PIM1;IFNGR1;JUN;CXCL3;STAT2;PTPN2;SOCS3;CSF1;PTPN1;LTBR;IL15RA;SOCS1;ACVRL1;MYD88;IL2RG;CBL;IL7;IRF1	K562_13d	ELK1	1507	3491	21713	mean_log_expr_perturbed_minus_control	False	H
HALLMARK_INFLAMMATORY_RESPONSE	-0.28892985623473	-0.78270292169187	0.960275217447748	down	200	166	0.974986405655247	0.008559946301607	EMP3;LY6E;BST2;ADRM1;CHST2;BEST1;NFKBIA;ATP2C1;RAF1;IFITM1;TNFRSF1B;ATP2B1	K562_13d	ELK1	1507	3491	21713	mean_log_expr_perturbed_minus_control	False	H
HALLMARK_INTERFERON_ALPHA_RESPONSE	-0.380724238602491	-0.958748525191052	0.544222539229672	down	97	86	0.716082288460095	0.0183717204394817	LY6E;BST2;PSMA3;IFITM3;PSME2;IFITM2;PNPT1;ADAR;IFI35;ISG15;IFITM1;B2M;NCOA7	K562_13d	ELK1	1507	3491	21713	mean_log_expr_perturbed_minus_control	False	H
HALLMARK_INTERFERON_GAMMA_RESPONSE	-0.366313057848205	-0.995776408430108	0.471097892150524	down	200	173	0.664972240248035	0.0190600555213734	LY6E;BST2;NUP93;STAT3;ISOC1;PSMA3;VAMP8;IFITM3;PSME2;IFITM2;LYSMD2;PNPT1;ADAR;IFI35;NFKBIA;IFNAR2;SOD2;MT2A;ISG15;STAT1;B2M	K562_13d	ELK1	1507	3491	21713	mean_log_expr_perturbed_minus_control	False	H
HALLMARK_KRAS_SIGNALING_DN	-0.295021503535724	-0.781424333763928	0.942635035518027	down	200	132	0.974986405655247	0.0093721829775763	CHST2;CCDC106;GTF3C5;TNNI3;THRB;SKIL;SPHK2;EFHD1;HSD11B2;MSH5;SHOX2;GAMT;KRT15;CELSR2;TEX15;CCDC132;PNMT;KLK8;IDUA;MAGIX;RSAD2;MAST3	K562_13d	ELK1	1507	3491	21713	mean_log_expr_perturbed_minus_control	False	H
HALLMARK_KRAS_SIGNALING_UP	-0.322539841467868	-0.871205225294625	0.781082844096543	down	200	162	0.897318131878028	0.0118131541613501	TFPI;LAPTM5;WDR33;TSPAN13;GYPC;DOCK2;SCG3;PTBP2;TNFRSF1B;ERO1L;RBM4;ETV4;PTCD2;BPGM;PLAU;USP12;TOR1AIP2;PTPRR;STRN	K562_13d	ELK1	1507	3491	21713	mean_log_expr_perturbed_minus_control	False	H
HALLMARK_MITOTIC_SPINDLE	-0.388691435871442	-1.06999263131775	0.301394169835235	down	200	199	0.506493506493507	0.0258324962371929	AURKA;PLK1;FSCN1;CCNB2;SMC1A;CDK1;TOP2A;BIRC5;DYNLL2;KIF22;TPX2;SHROOM1;WASF2;DOCK2;PRC1;SMC3;HOOK3;ARHGAP4;PIF1;NDC80;CEP192;CENPF;NEK2;SASS6;MAP1S;CEP57;NF1;MID1;MAPRE1;TAOK2;FLNA;PCGF5;KNTC1;ARF6;KIF11;MYO9B;FBXO5;CDC42BPA;HDAC6;TUBA4A;STK38L;ABI1;ALMS1;KIF23;KIF2C;ARAP3;SAC3D1;TUBGCP2;BUB1;ESPL1;VCL;KIF4A;TUBGCP3;ANLN;ARFIP2;RHOF;SUN2;MID1IP1;UXT;BCL2L11;KIFAP3;KIF3B;YWHAE;RABGAP1;APC;CENPJ	K562_13d	ELK1	1507	3491	21713	mean_log_expr_perturbed_minus_control	False	H
HALLMARK_MTORC1_SIGNALING	0.363768054000203	1.12667074565377	0.12961210974456	up	200	198	0.349399922570654	0.0860348143217779	DDIT3;SQLE;INSIG1;ELOVL5;IFRD1;TFRC;PPIA;SEC11A;HSPA9;SQSTM1;HPRT1;ADIPOR2;PSMD12;HSP90B1;TRIB3;PSMC4;HSPA5;HMGCR;PSMD13;EIF2S2;MLLT11;HMGCS1;PSMC2;NUPR1;P4HA1;FDXR;NFYC;CCNG1;FKBP2;ATP2A2;PPP1R15A;GLA;DDIT4;ACTR2;GMPS;SSR1;ADD3;SHMT2;PHGDH;SLC2A3;CTSC;NAMPT;LDLR;HSPA4;TMEM97;PSME3;FAM129A;ATP5G1;IDH1;ME1;UBE2D3;NMT1;POLR3G;SRD5A1;GSK3B;SLC7A11	K562_13d	ELK1	1507	3491	21713	mean_log_expr_perturbed_minus_control	False	H
HALLMARK_MYC_TARGETS_V1	-0.629593725288635	-1.73315021791614	5.77393938577381e-07	down	200	199	2.88696969288691e-05	0.659444398037935	SRM;LDHA;SSBP1;C1QBP;SNRPD1;RANBP1;PHB;SRSF3;SNRPA;RPS2;EIF3B;POLD2;SNRPD2;NDUFAB1;EIF1AX;CDC20;PSMD8;PSMB3;MRPL23;EIF4G2;SERBP1;VDAC3;COPS5;ACP1;SNRPG;DUT;UBE2E1;NME1;PRDX4;CCT7;RAN;TRIM28;TYMS;COX5A;RPL14;CBX3;HSPE1;PSMA1;MCM7;CAD;PSMA7;ODC1;PSMD14;PCBP1;TCP1;SRSF7;CNBP;HNRNPC;H2AFZ;EIF2S1;CDK4;EEF1B2;HNRNPD;HDGF;FBL;PHB2;LSM7;SRSF2;CCNA2;AIMP2;RUVBL2;HDDC2;PABPC4;PGK1;RFC4;CCT5;TXNL4A;CCT3;PTGES3;YWHAQ;RSL1D1;HNRNPA2B1;PA2G4;PPM1G;ETF1;RPL22;IMPDH2;MCM6;EIF4A1;XRCC6;GOT2;ERH;DEK;NCBP2;HDAC2;MAD2L1;PSMD3;TRA2B;PRPS2;NCBP1;MCM2;TARDBP;TOMM70A;BUB3;SRSF1;CYC1;KPNA2;SNRPA1;HSPD1;RPS10;HNRNPU;PSMC6;NOP16;PSMD1;MCM4;SF3B3;EIF3J;CDC45;CSTF2;NOLC1;U2AF1	K562_13d	ELK1	1507	3491	21713	mean_log_expr_perturbed_minus_control	False	H
HALLMARK_MYC_TARGETS_V2	-0.569386327068596	-1.36219245621974	0.0459925093632959	down	58	58	0.206466350377789	0.0811334140842608	SRM;PHB;PLK1;DCTPP1;IMP4;CBX3;TBRG4;HSPE1;MRTO4;FARSA;CDK4;NDUFAF4;AIMP2;GRWD1;PA2G4;BYSL;MYBBP1A;LAS1L;RABEPK;RRP12;HSPD1;NOP16;MCM4;SLC29A2;PPAN;NOLC1;UTP20	K562_13d	ELK1	1507	3491	21713	mean_log_expr_perturbed_minus_control	False	H
HALLMARK_MYOGENESIS	-0.395025999146316	-1.07635504620608	0.286008760628704	down	200	177	0.506493506493507	0.0270118177076338	TNNT1;CKB;TGFB1;MYL4;PDLIM7;BAG1;FDPS;OCEL1;AK1;KIFC3;SIRT2;SH3BGR;PRNP;MAPK12;SLC6A8;ITGB1;PDE4DIP;MAPRE3;PTP4A3;DES;TEAD4	K562_13d	ELK1	1507	3491	21713	mean_log_expr_perturbed_minus_control	False	H
HALLMARK_NOTCH_SIGNALING	0.559262423834994	1.29924035911604	0.108724476266242	up	32	30	0.339763988332007	0.0698181861471991	CUL1;HES1;SKP1;RBX1;FBXW11;PSENEN;PRKCA;SAP30;DTX2;CCND1	K562_13d	ELK1	1507	3491	21713	mean_log_expr_perturbed_minus_control	False	H
HALLMARK_OXIDATIVE_PHOSPHORYLATION	-0.541658645690364	-1.4909288202876	0.0007489960655254	down	200	198	0.0093624508190682	0.477270815362862	NDUFS7;LDHA;NDUFB7;ECI1;NDUFS6;TIMM13;NDUFV2;NQO2;NDUFAB1;COX11;IMMT;ATP6V1E1;GPI;VDAC3;IDH3G;ATP5D;ATP5A1;MRPL11;PDHA1;PDHB;MRPS12;COX5A;ATP6V1F;MRPS22;GPX4;UQCRFS1;NDUFA7;AIFM1;HSD17B10;ACADVL;COX5B;PHB2;NDUFC2;LDHB;NDUFV1;ATP5F1;UQCR11;NDUFA5;MDH2;COX7A2;UQCRC1;MGST3;POLR2F;ISCA1;FXN;SURF1;MRPL15;SDHC;MDH1;NDUFA4;COX7B;CYB5R3;GOT2;ATP6V1G1;HCCS;ATP5G3;UQCRQ;UQCR10;POR;IDH2;ACAA2;COX6B1;NDUFA1;SDHA;COX6C;TIMM10;GRPEL1;TOMM70A;CYC1;NDUFA8;ECHS1;BAX;ISCU;DLD;ETFB;NDUFA9;ATP6V0B;SLC25A12	K562_13d	ELK1	1507	3491	21713	mean_log_expr_perturbed_minus_control	False	H
HALLMARK_P53_PATHWAY	0.424057774696072	1.31326258313541	0.0100273473108478	up	200	192	0.0716239093631983	0.310776919977249	DDIT3;BTG1;ZFP36L1;ATF3;TXNIP;JUN;TRIB3;PRKAB1;NUPR1;PROCR;FDXR;CCNG1;VWA5A;FBXW7;OSGIN1;TRIAP1;PPP1R15A;S100A4;DDIT4;ADCK3;SAT1;DRAM1;CCNK;CCP110;RAP2B;RPL36;ABCC5;EPHX1;RPS12;SLC3A2;F2R;CD81;CGRRF1;MDM2;SLC7A11;IRAK1;IER5;MXD1;PLXNB2;HEXIM1;CTSD;LRMP;CDKN1A;RB1;HSPA4L;IER3;CTSF;CSRNP2;MXD4;TSPYL2;IFI30;PDGFA;TPD52L1;CCND3;CYFIP2;PIDD;CDKN2AIP;PRMT2;SOCS1;SFN;FOXO3;DNTTIP2;NINJ1;VDR;EPS8L2;ABHD4;GNB2L1	K562_13d	ELK1	1507	3491	21713	mean_log_expr_perturbed_minus_control	False	H
HALLMARK_PANCREAS_BETA_CELLS	0.478278842754654	1.05520531658748	0.361466968098468	up	40	23	0.583011238868496	0.0351962464722988	SEC11A;SRP14;SRPRB;STXBP1;FOXA2;VDR	K562_13d	ELK1	1507	3491	21713	mean_log_expr_perturbed_minus_control	False	H
HALLMARK_PEROXISOME	-0.462682828536017	-1.17965121814084	0.164021907035529	down	104	96	0.356569363120715	0.0396816148434397	GSTK1;PRDX1;ECI2;ISOC1;TSPO;FDPS;HRAS;TOP2A;SOD1;CNBP;CAT;CTBP1;IDI1;YWHAH;EPHX2;RDH11;ALDH9A1;IDH2;SOD2;LONP2;MSH2;HSD3B7;PRDX5	K562_13d	ELK1	1507	3491	21713	mean_log_expr_perturbed_minus_control	False	H
HALLMARK_PI3K_AKT_MTOR_SIGNALING	-0.397678758715778	-1.01461250720595	0.428792352031492	down	105	97	0.649685381865896	0.0217807587437876	PFN1;CFL1;PPP1CA;CDK1;HRAS;ARPC3;PIN1;CDK4;MAPK1;E2F1;TNFRSF1A;PRKCB;PRKAG1;ADRBK1;MKNK1;PAK4;RAF1;MAP2K3;YWHAB	K562_13d	ELK1	1507	3491	21713	mean_log_expr_perturbed_minus_control	False	H
HALLMARK_PROTEIN_SECRETION	0.401896890239177	1.13631272058339	0.16256323777403	up	96	92	0.356569363120715	0.0641447501054599	LMAN1;GOLGA4;TSG101;SNAP23;NAPG;CAV2;VAMP7;COPB1;RER1;RAB9A;ARCN1;GLA;ADAM10;CLCN3;SNX2;VAMP4;COG2;PPT1;CTSC;TMED10;VPS4B;RAB2A;YIPF6;SCAMP1;GOSR2;ATP7A;ERGIC3;GALC;CD63	K562_13d	ELK1	1507	3491	21713	mean_log_expr_perturbed_minus_control	False	H
HALLMARK_REACTIVE_OXIGEN_SPECIES_PATHWAY	-0.562049798541737	-1.30094837225404	0.095201357815152	down	49	47	0.331973714026739	0.0562847952048854	PRDX1;PRDX2;FTL;PRDX4;ATOX1;HMOX2;GPX4;SOD1;HHEX;CAT;GSR;PDLIM1;PRNP;SOD2;ERCC2	K562_13d	ELK1	1507	3491	21713	mean_log_expr_perturbed_minus_control	False	H
HALLMARK_SPERMATOGENESIS	-0.558084545215041	-1.44819383523728	0.0071467839472237	down	135	110	0.0595565328935313	0.200513180400413	AURKA;HBZ;CCNB2;VDAC3;CDK1;TALDO1;TSN;RFC4;ACRBP;TNNI3;CDKN3;NEK2;TOPBP1;SCG3;IFT88;STAM2;MLLT10;NCAPH;SLC12A2;DBF4;PIAS2;ZC3H14;EZH2;NF2;MLF1;NEFH;PCSK4;RPL39L;SIRT1;KIF2C;BUB1	K562_13d	ELK1	1507	3491	21713	mean_log_expr_perturbed_minus_control	False	H
HALLMARK_TGF_BETA_SIGNALING	0.472783127586612	1.22856201610565	0.116815690798962	up	54	52	0.343575561173417	0.0702666782298212	FKBP1A;SLC20A1;RAB31;CDKN1C;PPP1R15A;HDAC1;TGIF1;FNTA;TJP1;XIAP;SMAD6;ARID4B;JUNB;UBE2D3;SMURF1;ID2;MAP3K7;SKI	K562_13d	ELK1	1507	3491	21713	mean_log_expr_perturbed_minus_control	False	H
HALLMARK_TNFA_SIGNALING_VIA_NFKB	0.511563702133949	1.5763575510353	0.0002278356986734	up	200	186	0.003797261644557	0.518848077743792	PDLIM5;BTG1;SQSTM1;MYC;ATF3;EIF1;HES1;CCNL1;JUN;KLF6;TIPARP;CXCL3;PPP1R15A;PER1;TGIF1;RIPK2;SAT1;DRAM1;SOCS3;SLC2A3;LITAF;FOSL1;NAMPT;LDLR;BIRC2;CSF1;IRS2;NFAT5;JUNB;DNAJB4;KDM6B;TANK;GADD45B;ID2;YRDC;IER5;MXD1;REL;NR4A2;CCND1;B4GALT5;CDKN1A;TRIP10;DUSP1;FUT4;IER3;NFE2L2;GCH1;NFKBIE;CD69;IL15RA	K562_13d	ELK1	1507	3491	21713	mean_log_expr_perturbed_minus_control	False	H
HALLMARK_UNFOLDED_PROTEIN_RESPONSE	0.398586044703711	1.1536284401187	0.134558823529412	up	113	111	0.349399922570654	0.0740705739921772	SPCS3;ATF4;SEC11A;NPM1;HSPA9;SKIV2L2;ATF3;HSP90B1;ARFGAP1;XPOT;HSPA5;EIF4A2;EEF2;CXXC1;DDIT4;KDELR3;SSR1;CNOT6;EXOSC5;PARN;ERN1;HERPUD1;SRPRB;WIPI1;NFYB;EXOSC9;TTC37;YWHAZ;GOSR2;TATDN2	K562_13d	ELK1	1507	3491	21713	mean_log_expr_perturbed_minus_control	False	H
HALLMARK_UV_RESPONSE_DN	0.43492094349812	1.28285784040886	0.0333857030636292	up	144	130	0.185476128131273	0.15627914647544	INSIG1;PDLIM5;MYC;CITED2;NR3C1;ATRX;YTHDC1;SLC22A18;CELF2;ADD3;FAM179B;TJP1;ATP5S;LDLR;NIPBL;CDK13;PRKCA;DBP;PRKAR2B;RASA2;DLG1;DUSP1;ATRN;SMAD7;ANXA4;DLC1;MAP2K5;MT1E;ACVR2A;NR1D2;MTA1;VLDLR;PEX14;PIK3R3;PTEN	K562_13d	ELK1	1507	3491	21713	mean_log_expr_perturbed_minus_control	False	H
HALLMARK_UV_RESPONSE_UP	-0.415231732814594	-1.11184176568183	0.233026315789474	down	158	147	0.448127530364372	0.0311039558609716	AP2S1;TARS;POLR2H;ALDOA;MRPL23;KLHDC3;BID;ATP6V1F;UROD;SEPW1;DNAJA1;RFC4;NUPL1;GGH;MGAT1;NFKBIA;PSMC3;SLC6A8;MARK2;FURIN;CYB5B;SOD2;AMD1;GRPEL1;GLS;HNRNPU;PPAT;YKT6;CLTB;HYAL2;TUBA4A;MSX1;NXF1;SHOX2;PLCL1;DGAT1;ALAS1;TGFBRAP1;KCNH2;DLG4;APOM;PRKCD;STIP1;BCL2L11;EPCAM;IL6ST;ATP6V1C1;CLCN2;CCNE1;EIF5	K562_13d	ELK1	1507	3491	21713	mean_log_expr_perturbed_minus_control	False	H
HALLMARK_WNT_BETA_CATENIN_SIGNALING	0.33857869718518	0.825552966331397	0.798792204227285	up	42	38	0.897318131878028	0.022522066727351	CUL1;MYC;HDAC5;HEY1;CSNK1E;TCF7;AXIN2;MAML1;ADAM17;SKP2;PPARD;FRAT1	K562_13d	ELK1	1507	3491	21713	mean_log_expr_perturbed_minus_control	False	H
HALLMARK_XENOBIOTIC_METABOLISM	-0.365552605598681	-0.990589239501515	0.478780012978585	down	200	167	0.664972240248035	0.0188721891660856	FAH;HES6;PYCR1;IGFBP4;APOE;ACP1;ADH5;CAT;TNFRSF1A;BLVRB;COMT;PTGES3;GSR;MCCC2;ARG2;AKR1C2;HACL1;PEMT;ACP2;ALDH9A1;POR;MT2A;SSR3;BPHL;SLC6A6;CASP6;MTHFD1;AHCY;LEAP2;ALDH2;ABHD6	K562_13d	ELK1	1507	3491	21713	mean_log_expr_perturbed_minus_control	False	H
HALLMARK_ADIPOGENESIS	-0.522058935342406	-1.27350940764881	0.029901707190895	down	200	188	0.17293784718583	0.0837037443963104	GADD45A;APOE;SLC25A1;BCL2L13;SOD1;CAT;MTCH2;ATP1B3;NDUFB7;IMMT;CDKN2C;CYC1;DHRS7;ETFB;GRPEL1;DHCR7;AGPAT3;UQCR11;PREB;APLP2;CD151;NDUFAB1;COQ9;UQCRQ;ECH1;BAZ2A;SLC19A1;UQCRC1;PTRF;SUCLG1;CS;IDH1;UCP2;CHCHD10;GPD2;DGAT1;QDPR;VEGFB;ALDH2;UBQLN1;SDHB;MRPL15;AK2;DLD;ECHS1;DLAT;REEP6;PIM3;AIFM1;SAMM50;HADH;ABCB8;PTCD3;RETSAT;YWHAG;DRAM2;STAT5A;ACO2;ESRRA;ESYT1;JAGN1;ARL4A;TOB1;SLC5A6;PTGER3;IFNGR1;COX8A;SDPR;PLIN2;DBT;PEMT;ADIPOR2;ANGPT1	K562_13d	ETS1	1029	3491	21713	mean_log_expr_perturbed_minus_control	False	H
HALLMARK_ALLOGRAFT_REJECTION	-0.45372610551771	-1.09960612779914	0.263141426783479	down	200	165	0.548211305798915	0.0248393839799471	EIF5A;FLNA;DARS;BCAT1;MRPL3;PRKCB;CAPG;CD3D;MTIF2;TGFB1;RPS3A;SRGN;CD47;CCND3;ABI1;IFNGR2;EIF3J;IFNAR2;SPI1;AKT1;FCGR2B;UBE2D1;EIF3A;IFNGR1;HCLS1;NCF4;IL2RG;TAP2	K562_13d	ETS1	1029	3491	21713	mean_log_expr_perturbed_minus_control	False	H
HALLMARK_ANDROGEN_RESPONSE	-0.410523129123198	-0.956725294302971	0.571807628524046	down	101	93	0.797008111181584	0.0139406819421855	ADRM1;SMS;MYL12A;GNAI3;FADS1;PA2G4;KRT8;VAPA;KRT19;CCND3;ABHD2;XRCC6;RRP12;UBE2I;FKBP5;UAP1;AKT1;SPCS3;SEC24D;PGM3;NCOA4;ZMIZ1;RPS6KA3	K562_13d	ETS1	1029	3491	21713	mean_log_expr_perturbed_minus_control	False	H
HALLMARK_ANGIOGENESIS	0.478573237442271	1.15632326258598	0.220155709342561	up	36	28	0.500353884869456	0.0623299809682921	VEGFA;TIMP1;JAG2;TNFRSF21	K562_13d	ETS1	1029	3491	21713	mean_log_expr_perturbed_minus_control	False	H
HALLMARK_APICAL_JUNCTION	-0.5231040278345	-1.27246041003761	0.035076795350768	down	200	176	0.17293784718583	0.0771938352436617	PFN1;FSCN1;PBX2;HRAS;MDK;ACTB;TIAL1;GAMT;ARPC2;ACTN4;GNAI2;GTF2F1;MVD;BMP1;EXOC4;VASP;CNN2;RAC2;MAP4K2;RRAS;DHX16;SHC1;PVRL2;CLDN7;HADH;ICAM2;KCNH2;ITGB1;SDC3;TSPAN4;FLNC;CTNND1;DLG1;LIMA1;TMEM8B;SPEG;PIK3CB;MSN;CLDN15;CTNNA1;PKD1;CDK8;STX4;MYH10;INSIG1;SYMPK;ICAM5	K562_13d	ETS1	1029	3491	21713	mean_log_expr_perturbed_minus_control	False	H
HALLMARK_APICAL_SURFACE	-0.381570865978652	-0.80010643431236	0.792173585852251	down	44	36	0.834706162708774	0.0110199229325565	HSPB1;PCSK9;GSTM3;EPHB4;FLOT2;TMEM8B;IL2RG;ADIPOR2	K562_13d	ETS1	1029	3491	21713	mean_log_expr_perturbed_minus_control	False	H
HALLMARK_APOPTOSIS	-0.328529493864159	-0.79080025571255	0.90463645943098	down	161	149	0.90463645943098	0.0058591930223031	GADD45A;CFLAR;SOD1;LMNA;KRT18;TSPO;MCL1;DNAJA1;ETF1;SOD2;TXNIP;RELA;DAP3;BCL2L2;HSPB1;RETSAT;DFFA;ATF3;MADD;IFITM3;IFNGR1;PLCB2;CD44;ANXA1;BTG2;BTG3;DIABLO;EBP;CASP6;GPX4;LEF1;DNM1L	K562_13d	ETS1	1029	3491	21713	mean_log_expr_perturbed_minus_control	False	H
HALLMARK_BILE_ACID_METABOLISM	-0.521572304163368	-1.22315817805238	0.111111111111111	down	112	102	0.412696654110348	0.0430067286602703	PRDX5;PEX16;SOD1;CAT;FADS1;PXMP2;GSTK1;ALDH9A1;PFKM;ISOC1;IDH1;LONP2;HACL1;RETSAT;PNPLA8;KLF1;HSD3B7;RXRA	K562_13d	ETS1	1029	3491	21713	mean_log_expr_perturbed_minus_control	False	H
HALLMARK_CHOLESTEROL_HOMEOSTASIS	-0.369863996499699	-0.836319810994953	0.772805705740251	down	74	66	0.834706162708774	0.0100854500969402	FASN;ALDOC;DHCR7;MVD;ANXA5;PLSCR1;ECH1;SREBF2;CBS;ACSS2;TMEM97;LSS;ACAT2;FDPS;ATF3;FAM129A;FABP5;S100A11;FBXO6;SCD;EBP	K562_13d	ETS1	1029	3491	21713	mean_log_expr_perturbed_minus_control	False	H
HALLMARK_COAGULATION	-0.433263795175014	-1.02340422237617	0.442105263157895	down	138	111	0.766937566459061	0.0174019246342755	GNB2;S100A13;SIRT2;BMP1;ARF4;WDR1;F12;LAMP2;RABIF;CTSB;DUSP14;MMP15;FYN;FURIN;MSRB2;ANXA1	K562_13d	ETS1	1029	3491	21713	mean_log_expr_perturbed_minus_control	False	H
HALLMARK_COMPLEMENT	-0.462758454696609	-1.12249756391176	0.21865889212828	down	200	167	0.500353884869456	0.0279863826695388	GNB2;PFN1;S100A13;PPP4C;GNAI3;USP16;CEBPB;KIF2A;RHOG;CTSD;GNAI2;GRB2;ANXA5;PLSCR1;EHD1;GPD2;LAMP2;RABIF;SCG3;PCSK9;USP15;GNB4;CTSB;MMP15;FYN	K562_13d	ETS1	1029	3491	21713	mean_log_expr_perturbed_minus_control	False	H
HALLMARK_DNA_REPAIR	-0.586207758998713	-1.40692109087519	0.004343220338983	down	150	142	0.0756481672512207	0.22623238004642	ADRM1;POLR2E;TYMS;POLR2H;DDB1;RPA2;AK1;TARBP2;POLR2J;POLR3GL;RFC4;NME4;NME3;POLR2F;NCBP2;PCNA;ZWINT;POLR2C;TMED2;MPG;GTF2F1;RFC2;XPC;SF3A3;TAF9;DGUOK;RPA3;DUT;FEN1;POLD1;DFNA5;MRPL40;AAAS;UMPS;POLD4;SAC3D1;POLA2;TAF1C;SURF1;SRSF6;SSRP1;EIF1B;DAD1;GTF2H1;APRT;RAD51;ERCC5;CLP1;POM121;TSG101;RFC3;TAF12;ERCC4;HCLS1;POLA1;SUPT5H;NME1;ZNRD1;GPX4;NUDT21;RAE1;LIG1;POLR2A;CSTF3;SEC61A1;POLR1C;GUK1;SNAPC4	K562_13d	ETS1	1029	3491	21713	mean_log_expr_perturbed_minus_control	False	H
HALLMARK_E2F_TARGETS	-0.557173133356793	-1.36200229588556	0.0045388900350732	down	200	198	0.0756481672512207	0.218259775284787	MCM7;POLD2;TFRC;CDK4;RPA2;PAICS;EIF2S1;SRSF2;STMN1;DNMT1;POP7;PA2G4;SMC3;AURKB;PCNA;TBRG4;CDKN2C;RANBP1;NAA38;ILF3;RAN;NASP;TRIP13;CSE1L;AURKA;SPAG5;CKS1B;TACC3;MSH2;HELLS;RFC2;PRDX4;DDX39A;HMGA1;RPA3;RRM2;HMGB3;DUT;ATAD2;POLD1;RNASEH2A;H2AFZ;SNRPB;MCM3;PPM1D;CBX5;DSCC1;DCLRE1B;TRA2B;XRCC6;MMS22L;MKI67;LYAR;POLA2;PDS5B;SPC24;RAD51C;PSMC3IP;MYBL2;GINS4;AK2;SSRP1;RAD51AP1;TCF19;STAG1;ING3;MXD3;CDK1;CCP110;RPA1;SPC25;TMPO;GINS1;TIPIN;PRKDC;ORC6;RFC3;NBN;BUB1B;HMMR;SYNCRIP;PSIP1;EZH2;DCK;IPO7;BRMS1L;CDCA8;ANP32E;TK1;BARD1;MTHFD2;CCNB2;RAD1;NME1	K562_13d	ETS1	1029	3491	21713	mean_log_expr_perturbed_minus_control	False	H
HALLMARK_EPITHELIAL_MESENCHYMAL_TRANSITION	-0.529678231433028	-1.27854237196865	0.0380463263808825	down	200	155	0.17293784718583	0.0743880192035108	VIM;GADD45A;EMP3;MCM7;FLNA;IGFBP4;CAPG;SLC6A8;TGFB1;PPIB;BMP1;LGALS1;PMP22;PDLIM4;TPM1;LEPRE1;PLOD1;ITGB1;CRLF1;FUCA1;TGM2	K562_13d	ETS1	1029	3491	21713	mean_log_expr_perturbed_minus_control	False	H
HALLMARK_ESTROGEN_RESPONSE_EARLY	-0.45929225849961	-1.11877847873762	0.215714729967866	down	200	182	0.500353884869456	0.0281476671868756	IGFBP4;BLVRB;FASN;KRT8;KRT18;XBP1;DHCR7;GLA;KRT19;SLC9A3R1;ABHD2;CHPT1;RRP12;FKBP5;KLF10;RAB31;DHRS3;CLDN7;PPIF;SLC16A1;AKAP1;ISG20L2;ENDOD1;FLNB;ELF1;MYB;SLC2A1;GAB2;TGM2;TOB1;CD44;BAG1;NXT1;BHLHE40;RHOBTB3;TGIF2;SYBU;MED24;SLC22A5;FAM102A;MYBBP1A;UGCG;FAM63A;CBFA2T3;ITPK1;SLC39A6;RPS6KA2;DHRS2;MAST4;KRT15;KDM4B;FOS;SYNGR1;ARL3;SLC1A4;SLC26A2;SH3BP5;TUBB2B;KAZN;MAPT;CANT1;NRIP1	K562_13d	ETS1	1029	3491	21713	mean_log_expr_perturbed_minus_control	False	H
HALLMARK_ESTROGEN_RESPONSE_LATE	-0.398952212353927	-0.970845770405833	0.576081319365211	down	200	178	0.797008111181584	0.012909631847888	DCXR;TSPAN13;IGFBP4;BLVRB;MDK;COX6C;PKP3;XBP1;ETFB;DHCR7;GLA;KRT19;TSTA3;SLC9A3R1;RNASEH2A;LSR;ABHD2;CHPT1;FKBP5;CKB;RAB31;STIL;PPIF;SLC16A1;SNX10;FLNB;MYB;FABP5;TOB1;PTGER3;IMPA2;METTL3;CD44;BAG1;BTG3;NXT1	K562_13d	ETS1	1029	3491	21713	mean_log_expr_perturbed_minus_control	False	H
HALLMARK_FATTY_ACID_METABOLISM	-0.549523405978149	-1.31806850111612	0.0242559050947993	down	158	140	0.17293784718583	0.0943434935405217	SMS;LDHA;FASN;HSP90AA1;HSPH1;ECI1;PDHB;ADSL;NTHL1;ALDH9A1;ACAA1;MDH1;GRHPR;SDHD;ECH1;PDHA1;LGALS1;SDHA;ODC1;MIF;H2AFZ;SUCLG1;IDH1;GPD2;APEX1;GLUL;SERINC1;PSME1;DLD;ECHS1;REEP6;ACAT2;HADH;RETSAT;ACO2;XIST;CBR1;HSDL2;ETFDH;NCAPH2;NBN;MCEE;RDH11;D2HGDH;HADHB;ADIPOR2;UROD;HCCS;SLC22A5	K562_13d	ETS1	1029	3491	21713	mean_log_expr_perturbed_minus_control	False	H
HALLMARK_G2M_CHECKPOINT	-0.403481409050528	-0.985914135988491	0.535397316821466	down	200	196	0.797008111181584	0.013896088029713	NCL;CDK4;RPA2;H2AFV;SRSF2;STMN1;SMARCC1;PRC1;AURKB;CDKN2C;TGFB1;ILF3;KIF5B;NASP;CCNA2;AURKA;PRMT5;CKS1B;TACC3;CDC27;AMD1;DDX39A;HMGA1;HMGB3;CDC45;ODC1;H2AFZ;DTYMK;MCM3;KATNA1;KIF23;TRA2B;RAD23B;NUMA1;TLE3;MKI67;SRSF10;POLA2;PDS5B;SS18;MYBL2;CHAF1A;CCNT1;STAG1;STIL;FBXO5;DBF4;CDK1;TNPO2;E2F1;TMPO;PAPD7;ORC6;SLC7A1;TROAP;EWSR1;NUP98;HMMR;CHMP1A;SYNCRIP;HMGN2;EZH2;KIF15;UCK2;RAD54L;BARD1;MTF2;CCNB2;CENPA;DMD;CDC7;SLC38A1;PLK4;CDC25A;GINS2;LIG3;ORC5;PRPF4B;KIF2C;TRAIP;SETD8;SLC12A2;G3BP1;CENPF	K562_13d	ETS1	1029	3491	21713	mean_log_expr_perturbed_minus_control	False	H
HALLMARK_GLYCOLYSIS	-0.383659124613195	-0.935050454746294	0.667598633115875	down	200	184	0.834706162708774	0.0107117492851259	LDHA;ENO1;SOD1;STMN1;TPI1;NDUFV3;GOT2;KIF2A;CHPF;NASP;ALDH9A1;AURKA;TSTA3;MDH1;DDIT4;HDLBP;PGM2;MIF;IDH1;HAX1;MXI1;RBCK1;COG2;BPNT1;PGLS;PMM2;AK4;DLD;B4GALT7;PLOD1;GOT1;GFPT1;ERO1L;CDK1;SDC3;ECD;CHST12;HMMR;CD44;ANKZF1;B3GAT3;PHKA2;P4HA2;ALG1;CASP6;FAM162A;MED24;CENPA;GALK1;NOL3;SLC37A4;PRPS1;GALE;SPAG4;PYGB	K562_13d	ETS1	1029	3491	21713	mean_log_expr_perturbed_minus_control	False	H
HALLMARK_HEDGEHOG_SIGNALING	0.42182436755115	1.02655598304883	0.38194753223655	up	36	29	0.763895064473099	0.0470775782332911	VEGFA;NF1;PML;LDB1;CDK5R1	K562_13d	ETS1	1029	3491	21713	mean_log_expr_perturbed_minus_control	False	H
HALLMARK_HEME_METABOLISM	-0.410138493509018	-1.00188016186833	0.491894682498709	down	200	195	0.797008111181584	0.015126619501126	HIST1H4C;EPB41;TFRC;NARF;BLVRB;CAT;HMBS;PRDX2;GMPS;GLRX5;UBAC1;HBQ1;SLC6A8;AGPAT4;CDC27;CCND3;PIGQ;SLC25A37;LMO2;GYPC;CA1;HTRA2;UCP2;MXI1;RBM38;ISCA1;LAMP2;FBXO7;CDR2;TMEM9B;PGLS;HEBP1;MPP1;USP15;XPO7;DCAF11;CTSB;ENDOD1;PICALM;SLC2A1;KLF3;NCOA4;PPOX;ATG4A;GDE1;KLF1;LRP10;BTRC;TAL1;SELENBP1;NR3C1;PSMD9;GYPB;BTG2;P4HA2;CLCN3;RAD23A;RHCE;UROD;MARK3;SPTA1;CIR1	K562_13d	ETS1	1029	3491	21713	mean_log_expr_perturbed_minus_control	False	H
HALLMARK_HYPOXIA	-0.372763448758629	-0.908005123999975	0.720431222141598	down	200	182	0.834706162708774	0.0095589019140374	SLC25A1;LDHA;PRDX5;ENO1;HK1;TPI1;ALDOC;GAPDH;GRHPR;DDIT4;HDLBP;PGM2;MIF;GPI;PTRF;MXI1;TPST2;AK4;JMJD6;ERO1L;SDC3;ATF3;SLC2A1;TGM2;DUSP1;PKLR;SELENBP1;NR3C1;ANKZF1;PLIN2;KLHL24;ANXA2;BHLHE40;P4HA2;XPNPEP1;AMPD3;CASP6;FAM162A;CHST3;SDC4;EFNA1;GALK1;NDST2;SLC37A4;ADORA2B;PFKL;PGF;TNFAIP3;NFIL3;KIF5A;HK2;CHST2;GAA;FOS;HEXA;PFKFB3	K562_13d	ETS1	1029	3491	21713	mean_log_expr_perturbed_minus_control	False	H
HALLMARK_IL2_STAT5_SIGNALING	-0.377050543519482	-0.918180603823384	0.701845324486834	down	200	181	0.834706162708774	0.0099667568601805	CTSZ;CAPG;AHNAK;XBP1;CCND3;CD81;PLSCR1;DENND5A;ODC1;GSTO1;ANXA4;PRNP;GALM;COCH;UMPS;ITGAE;MAPKAPK2;DHRS3;PLEC;RNH1;NOP2;TGM2;FURIN;ARL4A;IFITM3;IFNGR1;PDCD2L;CD44;SOCS2;PLIN2;SLC29A2;BHLHE40;SNX14;UCK2;TNFRSF1B;SPRY4;GPX4;ECM1;SERPINB6;AGER;DCPS;RHOH;CASP3;N6AMT2;AHCY;PLAGL1;SLC39A8;NFIL3;GADD45B;BATF3;HK2;P2RX4	K562_13d	ETS1	1029	3491	21713	mean_log_expr_perturbed_minus_control	False	H
HALLMARK_IL6_JAK_STAT3_SIGNALING	-0.451631186046201	-1.03463173695127	0.424784775713638	down	87	76	0.766937566459061	0.0186273789748907	TGFB1;GRB2;IFNGR2;HAX1;TNFRSF1A;PTPN1;STAM2;CBL;STAT3;IFNAR1;IFNGR1;PTPN2;CD44;TYK2;IL2RG;TNFRSF1B;LTBR	K562_13d	ETS1	1029	3491	21713	mean_log_expr_perturbed_minus_control	False	H
HALLMARK_INFLAMMATORY_RESPONSE	-0.364639539062491	-0.884272931163485	0.763878762628893	down	200	166	0.834706162708774	0.0087000057726975	ADRM1;EMP3;GNAI3;LY6E;NFKBIA;RHOG;ABI1;IFNGR2;RELA;IFITM1;ATP2C1;IFNAR1;SPHK1;ATP2A2;SLC7A1	K562_13d	ETS1	1029	3491	21713	mean_log_expr_perturbed_minus_control	False	H
HALLMARK_INTERFERON_ALPHA_RESPONSE	-0.489595196789779	-1.13315136098256	0.241094360692351	down	97	86	0.524118175418154	0.027497997582489	LY6E;PSMA3;PSME2;IFITM2;CD47;PLSCR1;GMPR;TXNIP;PNPT1;IFI35;IFITM1;PSME1;ISG15;ELF1;ADAR;IFITM3	K562_13d	ETS1	1029	3491	21713	mean_log_expr_perturbed_minus_control	False	H
HALLMARK_INTERFERON_GAMMA_RESPONSE	-0.380550698111976	-0.92440561405558	0.683860232945091	down	200	173	0.834706162708774	0.010411890159306	VAMP8;LY6E;PSMA3;PSME2;IFITM2;NFKBIA;PLSCR1;SOD2;TXNIP;ISOC1;PNPT1;IFNAR2;IFI35;RBCK1;PSME1;PTPN1;ST3GAL5;STAT3;ISG15;NUP93;ADAR;ARL4A;IFITM3;PTPN2;MTHFD2;NMI;OGFR;RNF213;MVP;PSMB10;TRIM21;TOR1B;CASP3;TNFAIP3;B2M;ITGB7;SLC25A28;BPGM;CFH;IFI30;TRAFD1;STAT1;IL7	K562_13d	ETS1	1029	3491	21713	mean_log_expr_perturbed_minus_control	False	H
HALLMARK_KRAS_SIGNALING_DN	-0.348139638936028	-0.832430579034748	0.83609006509444	down	200	132	0.853153127647388	0.007585553310138	GAMT;CCDC132;MSH5;TNNI3;BTG2;TEX15;CCDC106;SKIL;MAST3;BARD1;SPTBN2;MTHFR;TLX1;FGFR3;EFHD1;NR6A1;SLC25A23;HSD11B2;MAGIX;PTPRJ;KRT15;ENTPD7;CHST2;CLSTN3;GPR3;KLK8;SNN;ASB7;SGK1;IDUA;FGGY;FAM46C	K562_13d	ETS1	1029	3491	21713	mean_log_expr_perturbed_minus_control	False	H
HALLMARK_KRAS_SIGNALING_UP	-0.378802708372801	-0.917171629900912	0.693183004488986	down	200	162	0.834706162708774	0.0102643215714911	LAPTM5;TSPAN13;WDR33;ZNF277;ST6GAL1;ZNF639;SDCCAG8;ETV1;GYPC;MMD;SCG3;CBL;ERO1L;FUCA1;AVL9;CD37;USP12;TOR1AIP2;IL2RG;TNFRSF1B;PTBP2;PTCD2;CTSS;DOCK2;CDADC1;TFPI;TNFAIP3;BPGM;CFH;DCBLD2;CCND2;CAB39L;GPRC5B	K562_13d	ETS1	1029	3491	21713	mean_log_expr_perturbed_minus_control	False	H
HALLMARK_MITOTIC_SPINDLE	-0.409274970630928	-1.00067173325884	0.501289058471692	down	200	199	0.797008111181584	0.014835588078687	EPB41;FSCN1;FLNA;PRC1;SMC3;PCGF5;CDC42BPA;KIF5B;ACTN4;CLIP1;MAP3K11;NET1;UXT;AURKA;CDC42EP1;SASS6;CDC27;RALBP1;EZR;WASF2;ABI1;PPP4R2;LRPPRC;PCM1;CCDC88A;STAU1;ARHGAP4;KATNA1;KIF23;NUMA1;SAC3D1;CEP192;FBXO5;CDK1;CNTRL;MID1IP1;FLNB;DLG1;CDC42;CDC42EP2;HOOK3;ARL8A;AZI1;ARFIP2;CENPJ;MYO9B;KIF15;ARF6;RASA2	K562_13d	ETS1	1029	3491	21713	mean_log_expr_perturbed_minus_control	False	H
HALLMARK_MTORC1_SIGNALING	-0.459292041032617	-1.12273327071534	0.206106870229008	down	200	198	0.500353884869456	0.0288766421326233	FKBP2;LDHA;TFRC;HSP90B1;BCAT1;ENO1;FADS1;CCT6A;PSMA3;SSR1;HMBS;PSMC2;GMPS;TPI1;ABCF2;PSME3;ARPC5L;IMMT;RPN1;SERP1;GAPDH;XBP1;AURKA;DHCR7;TXNRD1;GLA;DDIT4;TOMM40;DDX39A;ETF1;SLC9A3R1;RRM2;SHMT2;PSAT1;SDF2L1;GPI;PRDX1;IDH1;UFM1;QDPR;ACTR3;SEC11A;AK4;TMEM97;GOT1;GTF2H1;ERO1L;USO1;PSMD14;COPS5;PHGDH;ATP5G1;RPA1;FAM129A;SLC2A1;ATP2A2	K562_13d	ETS1	1029	3491	21713	mean_log_expr_perturbed_minus_control	False	H
HALLMARK_MYC_TARGETS_V1	-0.578591215733014	-1.41464764826286	0.000722619215188	down	200	199	0.0361309607594025	0.477270815362862	PPM1G;PHB2;SNRPG;HDAC2;LDHA;MCM7;POLD2;TYMS;HNRNPC;CDK4;PCBP1;RUVBL2;EIF2S1;CCT4;TXNL4A;PHB;SRSF2;RFC4;TARDBP;VBP1;FBL;RPL6;SMARCC1;SNRPA1;SRSF7;CCT7;PSMD1;PA2G4;NCBP2;SNRPA;RPS2;EIF4E;RSL1D1;GOT2;STARD7;PCNA;RANBP1;SERBP1;CYC1;HNRNPA2B1;PSMD7;RAN;SNRPD3;CCNA2;EIF1AX;EIF4A1;SRM;SRSF3;SNRPD2;EIF3B;NDUFAB1;PRDX4;ETF1;ERH;EIF3J;CDC45;DUT;PSMA7;ODC1;RNPS1;AP3S1;DDX18;AIMP2;H2AFZ;EXOSC7;HDDC2;CCT2;TRA2B;RAD23B;XRCC6;UBE2L3;APEX1;XPOT;NHP2;PSMD3;PSMA6;MRPL23;RPL22;FAM120A;VDAC3;CBX3;RPL14;TRIM28;TCP1;PSMD14;COPS5;PSMA1	K562_13d	ETS1	1029	3491	21713	mean_log_expr_perturbed_minus_control	False	H
HALLMARK_MYC_TARGETS_V2	-0.544320575275396	-1.21375937906413	0.157407407407407	down	58	58	0.491898148148148	0.0366366127360231	CDK4;PHB;FARSA;PA2G4;LAS1L;TBRG4;IMP4;SRM;NIP7;IPO4;SLC19A1;DDX18;AIMP2;RRP12;WDR74;TCOF1;TMEM97;CBX3;RABEPK;SUPV3L1;MRTO4;NOP2;GNL3;GRWD1	K562_13d	ETS1	1029	3491	21713	mean_log_expr_perturbed_minus_control	False	H
HALLMARK_MYOGENESIS	-0.463469679799908	-1.12758175657745	0.201370147394644	down	200	177	0.500353884869456	0.0294112338693492	TNNT1;AK1;MYL6B;PDLIM7;OCEL1;SLC6A8;TGFB1;SIRT2;PFKM;PTP4A3;PRNP;DES;LPIN1;PDE4DIP;MAPRE3;CKB;FDPS;FKBP1B;KCNH2;ITGB1;MAPK12;SPHK1;SMTN;BAG1;TSC2;SPEG;BHLHE40;SCD;ATP6AP1;FLII;FXYD1;TPM3;DMD;NQO1;IFRD1;EIF4A2;CRYAB;RB1;NOTCH1;GADD45B;ERBB3;MEF2A;GAA;MEF2D;TAGLN;CTF1;MRAS	K562_13d	ETS1	1029	3491	21713	mean_log_expr_perturbed_minus_control	False	H
HALLMARK_NOTCH_SIGNALING	0.368187497448828	0.905452939334599	0.62589605734767	up	32	30	0.823547443878514	0.0358090996736562	SKP1;KAT2A;RBX1;PRKCA;HES1;FBXW11;CCND1;FZD7;SAP30;FZD1;CUL1;DTX2;LFNG	K562_13d	ETS1	1029	3491	21713	mean_log_expr_perturbed_minus_control	False	H
HALLMARK_OXIDATIVE_PHOSPHORYLATION	-0.520534571699703	-1.27243982040463	0.0266144006602022	down	200	198	0.17293784718583	0.0887403498066145	PHB2;NDUFS8;LDHA;NDUFV1;CYB5R3;ATP5A1;TIMM13;MRPS12;TIMM10;NDUFV2;NDUFC2;ECI1;ATP6V1F;POLR2F;NDUFB7;PDHB;NDUFS7;GOT2;MRPL34;COX6C;IMMT;CYC1;ATP6V1G1;ETFB;GRPEL1;PMPCA;ATP6V0B;ACAA1;UQCR11;NDUFB8;MRPL35;MDH1;NDUFB1;LDHB;NDUFAB1;SDHD;UQCRQ;ECH1;NDUFB2;PDHA1;SDHA;OXA1L;LRPPRC;UQCRC1;NDUFS6;GPI;ALAS1;SUCLG1;ATP6V1H;COX11;SLC25A12;CS;ETFA;IDH1;HTRA2;ACAT1;MRPS22;NDUFB4;ISCA1;UQCRFS1;SURF1;SDHB;MRPL15;MRPL11;ATP5B;DLD;ECHS1;DLAT;VDAC3;AIFM1;OPA1;SUPV3L1;NDUFA9;RETSAT;ACO2;ATP5G1;COX7A2L;NQO2;ETFDH;UQCRC2;NDUFS2	K562_13d	ETS1	1029	3491	21713	mean_log_expr_perturbed_minus_control	False	H
HALLMARK_P53_PATHWAY	-0.395139250071321	-0.964681529018009	0.589786002274372	down	200	192	0.797008111181584	0.0125195011652794	GADD45A;DCXR;VAMP8;AK1;HRAS;HDAC3;PCNA;TGFB1;TRAF4;SLC3A2;CTSD;IRAK1;CCND3;XPC;DDIT4;LDHB;CD81;HEXIM1;TXNIP;PPM1D;BLCAP;RAD51C;RALGDS;STEAP3;RCHY1;MKNK2;NOL8;DEF6;RETSAT;CCP110;SPHK1;ATF3;FUCA1;ERCC5;APAF1;POM121;RPS27L;TOB1;MAPKAPK3;FBXW7;IKBKAP;BTG2;RXRA;PMM1;TM7SF3;ANKRA2;FAM162A;CD82;TCN2;SLC7A11;NUDT15;SEC61A1;TSPYL2;IP6K2;DDB2;POLH;CDKN2AIP;MDM2;RB1;AEN;NOTCH1	K562_13d	ETS1	1029	3491	21713	mean_log_expr_perturbed_minus_control	False	H
HALLMARK_PANCREAS_BETA_CELLS	-0.670582448828378	-1.31554038512212	0.101362179487179	down	40	23	0.412696654110348	0.05035804219297	SPCS1;SRP14;LMO2;SEC11A;SRP9;PKLR	K562_13d	ETS1	1029	3491	21713	mean_log_expr_perturbed_minus_control	False	H
HALLMARK_PEROXISOME	-0.596503562631537	-1.39261174696261	0.0133348027330835	down	104	96	0.133348027330835	0.13063133623686	PRDX5;SOD1;CAT;FADS1;HRAS;SMARCC1;TSPO;GSTK1;FIS1;ALDH9A1;ITGB1BP1;PEX11B;ACAA1;MSH2;ECH1;SOD2;ISOC1;PRDX1;IDH1;CDK7;DHRS3;FDPS;LONP2;RETSAT;NUDT19;CNBP;HSD3B7;RDH11;CRABP2;MVP;DLG4;EHHADH;PEX5	K562_13d	ETS1	1029	3491	21713	mean_log_expr_perturbed_minus_control	False	H
HALLMARK_PI3K_AKT_MTOR_SIGNALING	-0.436616041929855	-1.02023082853826	0.444823788546255	down	105	97	0.766937566459061	0.0175286965341817	CFL1;PFN1;AP2M1;HSP90B1;CDK4;HRAS;PRKCB;EIF4E;GRB2;ADRBK1;AKT1S1;CLTC;PPP1CA;ACTR3;TNFRSF1A;PAK4;MKNK2;ARF1;AKT1;THEM4;CDK1;E2F1;CAB39;SLC2A1;MAPK8	K562_13d	ETS1	1029	3491	21713	mean_log_expr_perturbed_minus_control	False	H
HALLMARK_PROTEIN_SECRETION	-0.526755629798982	-1.22652781806662	0.115555063150897	down	96	92	0.412696654110348	0.0422893646614475	COPE;AP2M1;CD63;SOD1;AP2S1;KRT18;ATP1A1;GNAS;TMED2;RER1;RAB14;GLA;ICA1;TOM1L1;TMX1;AP2B1;AP3S1;ATP6V1H;CLTC;SNX2;BET1;COPB1;LAMP2;COG2;BNIP3;SCAMP1;ARF1;VAMP4;SEC24D;USO1	K562_13d	ETS1	1029	3491	21713	mean_log_expr_perturbed_minus_control	False	H
HALLMARK_REACTIVE_OXIGEN_SPECIES_PATHWAY	-0.446411475820775	-0.97015369443716	0.530444256143324	down	49	47	0.797008111181584	0.0163373565903899	SOD1;CAT;PRDX2;STK25;TXNRD1;PRDX4;SOD2;PRNP;PRDX1;NDUFB4;OXSR1;NDUFS2;TXNRD2;PDLIM1;HMOX2;GPX4;NQO1	K562_13d	ETS1	1029	3491	21713	mean_log_expr_perturbed_minus_control	False	H
HALLMARK_SPERMATOGENESIS	-0.437128175860616	-1.03175884082335	0.425048881164458	down	135	110	0.766937566459061	0.0179959105846637	RFC4;PHF7;PEBP1;TSN;AURKA;COIL;LPIN1;CHFR;SIRT1;SCG3;MLLT10;VDAC3;STAM2;GSTM3;DBF4;CDK1;ARL4A;MAST2;BRAF;NCAPH;ZC3H14;TNNI3;EZH2	K562_13d	ETS1	1029	3491	21713	mean_log_expr_perturbed_minus_control	False	H
HALLMARK_TGF_BETA_SIGNALING	-0.383581170821015	-0.845014071610545	0.744498632092304	down	54	52	0.834706162708774	0.0111552791930988	FKBP1A;TGFB1;IFNGR2;FNTA;HDAC1;PPP1CA;KLF10;RAB31;ARID4B;FURIN;RHOA;SMURF2;SKIL;SMAD1;SLC20A1;TGFBR1;TRIM33;MAP3K7;JUNB;ID3;SPTBN1	K562_13d	ETS1	1029	3491	21713	mean_log_expr_perturbed_minus_control	False	H
HALLMARK_TNFA_SIGNALING_VIA_NFKB	0.365953137978222	1.18936725120785	0.0319359365281336	up	200	186	0.17293784718583	0.321775918075361	SAT1;SQSTM1;EIF1;DRAM1;PDLIM5;BTG1;VEGFA;B4GALT5;TUBB2A;NAMPT;MYC;IL23A;CSF1;TNFAIP2;JUN;ATP2B1;TIPARP;PLAUR;IER3;G0S2;KLF6;HES1;PPP1R15A;CXCL3;ZFP36;PNRC1;ICAM1;CCNL1;TGIF1;YRDC;IER5;PER1;CD69;SLC2A3;GCH1;DNAJB4;B4GALT1;IRF1;REL;IER2;BIRC2;CCND1;TANK;PLEK;FUT4;MAFF;TAP1;ID2;IL6ST;RIPK2;HBEGF;LAMB3;TNFSF9;CCRL2;NR4A2;KLF2;RHOB;RCAN1;NINJ1;MAP2K3;MXD1	K562_13d	ETS1	1029	3491	21713	mean_log_expr_perturbed_minus_control	False	H
HALLMARK_UNFOLDED_PROTEIN_RESPONSE	-0.509298123638906	-1.20300347267598	0.127618014107434	down	113	111	0.425393380358112	0.0395284429316276	SPCS1;EIF4EBP1;HSP90B1;EIF2S1;SSR1;IMP3;CEBPB;EIF4E;SERP1;LSM4;KIF5B;XBP1;LSM1;CKS1B;PREB;EIF4A1;FUS;DDIT4;PSAT1;EXOSC4;HYOU1;XPOT;NHP2;KHSRP;SEC11A;EXOSC10;ATP6V0D1;SHC1;NFYA;EIF4G1;NOP14;ALDH18A1;ERO1L;CNOT2;SPCS3;EXOSC1;ATF3;CXXC1	K562_13d	ETS1	1029	3491	21713	mean_log_expr_perturbed_minus_control	False	H
HALLMARK_UV_RESPONSE_DN	0.308528116323493	0.965559481225666	0.565149136577708	up	144	130	0.797008111181584	0.0747093797274478	PDLIM5;SRI;PRKAR2B;MIOS;NIPBL;PRKCA;MYC;MAPK14;MT1E;DAB2;ATP2B1;CELF2;SPOP;PTEN;MAP2K5;SYNJ2;NFIB;SFMBT1;NR1D2;BMPR1A;SLC22A18;CDK13;SMAD7	K562_13d	ETS1	1029	3491	21713	mean_log_expr_perturbed_minus_control	False	H
HALLMARK_UV_RESPONSE_UP	-0.469420617431843	-1.12895626498293	0.213991769547325	down	158	147	0.500353884869456	0.0286084367290118	TFRC;POLR2H;AP2S1;RFC4;NFKBIA;ATP6V1F;RPN1;SLC6A8;STK25;PSMC3;DNAJB1;EPCAM;GRPEL1;CLTB;DNAJA1;MGAT1;ACAA1;EIF5;AMD1;CCND3;FEN1;SOD2;ALAS1;SIGMAR1;DGAT1;RAB27A;MRPL23;KLHDC3;PPIF;GRINA;KCNH2;ARRB2;ATF3;MARK2;FURIN;WIZ;SPR;BTG2;TMBIM6;BTG3;APOM;CDC34	K562_13d	ETS1	1029	3491	21713	mean_log_expr_perturbed_minus_control	False	H
HALLMARK_WNT_BETA_CATENIN_SIGNALING	-0.377087468476639	-0.797899798570652	0.801317916200423	down	42	38	0.834706162708774	0.0107164253516257	HDAC2;SKP2;NUMB;DVL2;NCSTN	K562_13d	ETS1	1029	3491	21713	mean_log_expr_perturbed_minus_control	False	H
HALLMARK_XENOBIOTIC_METABOLISM	-0.563225642743233	-1.36619743085279	0.0077051228654727	down	200	167	0.096314035818409	0.167658528065765	COMT;APOE;DCXR;IGFBP4;BLVRB;BCAT1;CAT;HES6;LONP1;DHRS7;ALDH9A1;CNDP2;PTGDS;NDRG2;PYCR1;ECH1;SHMT2;GSTO1;ALAS1;DDAH2;IDH1;PGD;ARG2;ALDH2;GART;TNFRSF1A;MTHFD1;MCCC2;TMEM97;ASL;HACL1;SERTAD1;GSS;AKR1C2;RETSAT;ACO2;CBR1;ATP2A2;ETFDH;LEAP2	K562_13d	ETS1	1029	3491	21713	mean_log_expr_perturbed_minus_control	False	H
HALLMARK_ADIPOGENESIS	0.365955353707127	1.04630558634384	0.326360574366247	up	200	188	0.655736725439	0.0303767176068476	COX7B;ARL4A;PTCD3;YWHAG;MDH2;AIFM1;SDPR;HIBCH;SDHB;COX8A;UQCR11;ETFB;UCP2;SLC1A5;HADH;PPM1B;ALDH2;TST;UQCRQ;NDUFAB1;NMT1;PFKL;RTN3;PLIN2;ADIPOR2;PIM3;NDUFA5;RNF11;COX6A1;IFNGR1;PPP1R15B;ACADM;GHITM;DLD;DHCR7;PREB;UQCR10;LPCAT3;STAT5A;ANGPT1;PDCD4;CHCHD10;PRDX3;PQLC3;COQ5;GRPEL1;ACLY;DLAT;DDT;FZD4;RIOK3;CYC1;CMPK1;ITIH5;REEP5;VEGFB;LPL;DNAJB9;MTCH2	K562_13d	GABPA	1173	3491	21713	mean_log_expr_perturbed_minus_control	False	H
HALLMARK_ALLOGRAFT_REJECTION	0.361836634327089	1.02033597487955	0.386673850574713	up	200	165	0.655736725439	0.0275468277926559	PRKCB;ABCE1;NME1;EIF3J;EIF3A;EIF3D;UBE2N;RPL39;PTPRC;BCAT1;NPM1;WARS;GALNT1;IFNGR1;RARS;FYB	K562_13d	GABPA	1173	3491	21713	mean_log_expr_perturbed_minus_control	False	H
HALLMARK_ANDROGEN_RESPONSE	0.33555886768598	0.882986649658653	0.715495031284505	up	101	93	0.83197096660989	0.0180907127115338	DBI;LMAN1;XRCC5;SAT1;CENPN;MYL12A;HMGCR;UAP1;FKBP5;UBE2I;NCOA4;FADS1;CDK6;ZMIZ1;HERC3;INSIG1;PDLIM5;SRF;TMEM50A;B4GALT1;ABCC4	K562_13d	GABPA	1173	3491	21713	mean_log_expr_perturbed_minus_control	False	H
HALLMARK_ANGIOGENESIS	0.445621786983977	0.964273591188322	0.512873911397198	up	36	28	0.712324876940553	0.0236713261107972	MSX1;LRPAP1;JAG2;LPL;S100A4	K562_13d	GABPA	1173	3491	21713	mean_log_expr_perturbed_minus_control	False	H
HALLMARK_APICAL_JUNCTION	-0.342377171408315	-0.994624719699175	0.442977464147507	down	200	176	0.680984976670256	0.029354915243757	ACTB;RAC2;ICAM4;ACTG1;GTF2F1;ARPC2;CD99;CTNNA1;ITGB1;ICAM2;MVD;PFN1;NF1;EXOC4;CNN2;MPZL1;NF2;EVL;TSPAN4;BMP1;RSU1;TUBG1;MYH9;ARHGEF6;SYK;BAIAP2;MAPK14;HRAS	K562_13d	GABPA	1173	3491	21713	mean_log_expr_perturbed_minus_control	False	H
HALLMARK_APICAL_SURFACE	0.521086532859534	1.18125512599996	0.200113271663206	up	44	36	0.655736725439	0.0419088969982131	HSPB1;ADIPOR2;FLOT2;PLAUR;B4GALT1;ADAM10;LYN;PCSK9;BRCA1	K562_13d	GABPA	1173	3491	21713	mean_log_expr_perturbed_minus_control	False	H
HALLMARK_APOPTOSIS	0.434194748686746	1.21320456305315	0.0902877697841727	up	161	149	0.451438848920863	0.0627866166785788	TOP2A;PPT1;ANXA1;HMGB2;TXNIP;XIAP;BNIP3L;WEE1;DNAJA1;DDIT3;SAT1;JUN;SQSTM1;ETF1;HSPB1;MCL1;CTNNB1;SLC20A1;ROCK1;DFFA;CDK2;IFNGR1;CREBBP;CDKN1B;PPP3R1;BCL2L1;CLU;PDCD4;CD69;PLCB2;VDAC2;CASP6;IGF2R;CASP8;CCND1;ADD1;PPP2R5B;CASP2;ENO2;ERBB3;BCL10;BCL2L11	K562_13d	GABPA	1173	3491	21713	mean_log_expr_perturbed_minus_control	False	H
HALLMARK_BILE_ACID_METABOLISM	-0.399557986926065	-1.08390693508455	0.271387728172421	down	112	102	0.655736725439	0.0384609134616318	SCP2;PXMP2;ISOC1;PEX16;CAT;HACL1;SOD1;HSD17B4;GSTK1;BCAR3;NPC1;SLC35B2;FDXR;IDI1;RXRA;RETSAT;PEX1;SLC27A2;PFKM;ABCA8;ACSL1;EFHC1;HSD17B11	K562_13d	GABPA	1173	3491	21713	mean_log_expr_perturbed_minus_control	False	H
HALLMARK_CHOLESTEROL_HOMEOSTASIS	-0.447191940129401	-1.14062932291157	0.206836867157075	down	74	66	0.655736725439	0.0443866736274428	FDFT1;ACTG1;ANTXR2;TRIB3;SCD;PCYT2;ACAT2;SREBF2;MVD;FDPS;TNFRSF12A;PMVK;STX5;ALDOC;LSS;PNRC1;IDI1;CYP51A1;MVK	K562_13d	GABPA	1173	3491	21713	mean_log_expr_perturbed_minus_control	False	H
HALLMARK_COAGULATION	0.33298380788658	0.895892009446321	0.703894195444526	up	138	111	0.83197096660989	0.0183057130428006	CFD;APOC1;ANXA1;GNB2;S100A13;S100A1;ISCU;CLU;WDR1;CFH	K562_13d	GABPA	1173	3491	21713	mean_log_expr_perturbed_minus_control	False	H
HALLMARK_COMPLEMENT	0.300224242840257	0.847773134576132	0.880351065735268	up	200	167	0.936543686952412	0.0146761515848687	APOC1;USP15;KLK1;HSPA1A;LAP3;GNB2;CD59;ANXA5;CD55;PIK3CA;S100A13;USP14;PIM1;PPP2CB;HSPA5;PLAUR;ZFYVE20;VCPIP1;CASP10;CLU;LCP2;ZEB1;CFH;SH2B3;FDX1;CDK5R1	K562_13d	GABPA	1173	3491	21713	mean_log_expr_perturbed_minus_control	False	H
HALLMARK_DNA_REPAIR	-0.362678179084264	-1.02889792817779	0.363332590777456	down	150	142	0.655736725439	0.032686317971351	TYMS;POLR2H;TAF9;DUT;TCEB3;GTF2H1;ERCC1;GTF2F1;RFC2;POLR1C;NME3;NT5C;TARBP2;EDF1;SURF1;HPRT1;POLR2C;GUK1;POLR2I;TAF12;CSTF3;POLR2E;NUDT21;APRT;GPX4;ADRM1;POLD1;HCLS1;GTF2B;ERCC8;DGCR8;RPA2;CANT1;POM121;DAD1;TP53;CLP1;IMPDH2;SEC61A1;GTF2A2;BRF2	K562_13d	GABPA	1173	3491	21713	mean_log_expr_perturbed_minus_control	False	H
HALLMARK_E2F_TARGETS	0.516895706703044	1.48402951169637	0.0016490168802646	up	200	198	0.0412254220066168	0.45505986738723	TOP2A;NAP1L1;KPNA2;NAA38;SMC4;SMC6;H2AFZ;ANP32E;CDKN3;HMGB2;NME1;PRDX4;PCNA;LUC7L3;EIF2S1;RAD21;HMMR;ASF1A;SLBP;HN1;CENPE;RPA3;SSRP1;NASP;CDC20;WEE1;SMC1A;HMGB3;STMN1;RFC1;CBX5;HNRNPD;PTTG1;USP1;DEK;TFRC;NBN;LMNB1;CDK1;CENPM;ORC6;XPO1;MAD2L1;DONSON;RAD50;NUP107;MKI67;CHEK1;MCM3;TK1;KIF22;CDCA8;NUP153;BRCA2;SPAG5;SYNCRIP;ING3;NCAPD2;CDKN1B;CTCF;DEPDC1;PRKDC;POLD3;LBR;TACC3;GINS1;BIRC5;TRA2B;SRSF2;AURKA;PSIP1;KIF18B;MTHFD2	K562_13d	GABPA	1173	3491	21713	mean_log_expr_perturbed_minus_control	False	H
HALLMARK_EPITHELIAL_MESENCHYMAL_TRANSITION	-0.440114485209017	-1.2615866334875	0.0505819158460161	down	200	155	0.296598478577904	0.0949835566636969	VIM;LGALS1;FLNA;IGFBP4;CALU;ITGB1;ITGA5;TNFRSF12A;COPA;LEPRE1;CD44;ID2;CRLF1;BMP1;PDLIM4;PPIB;COL6A3;TGFBR3;IL8;EMP3;PLOD3;TGFB1;DAB2;VEGFA;TPM2;GLIPR1;ITGAV;SLC6A8;TPM4;NNMT;TNFAIP3;APLP1;SDC4	K562_13d	GABPA	1173	3491	21713	mean_log_expr_perturbed_minus_control	False	H
HALLMARK_ESTROGEN_RESPONSE_EARLY	-0.314806711966663	-0.917481978703721	0.703296703296703	down	200	182	0.83197096660989	0.0216682431320772	KRT8;FDFT1;NXT1;KRT19;CHPT1;IGFBP4;HES1;SYNGR1;UNC119;CISH;SLC7A5;AKAP1;TUBB2B;KRT18;CD44;CANT1;RHOBTB3;ENDOD1;BHLHE40;OPN3;SLC39A6;FLNB;GLA;MAPT;NRIP1;PMAIP1;SLC27A2;RRP12;AQP3;IGF1R;CLDN7;FASN;ELOVL5;TFF1;ABHD2;TOB1	K562_13d	GABPA	1173	3491	21713	mean_log_expr_perturbed_minus_control	False	H
HALLMARK_ESTROGEN_RESPONSE_LATE	0.396730939290566	1.12662881925415	0.178131141683044	up	200	178	0.655736725439	0.0433653397528181	TOP2A;GAL;NMU;SLC16A1;CDC20;BLVRB;TSTA3;TPD52L1;MOCS2;ETFB;CDC6;SLC29A1;AMFR;TST;IDH2;MICB;FKBP5;FKBP4;RAB31;HSPA4L;ADD3;DHCR7;GALE;DNAJC12;SLC2A8;PDCD4;CXCL14;KIF20A;CCND1;ASS1;KCNK5;PLXNB1;RABEP1;MYB;DHRS2;SIAH2;PTGER3;RAPGEFL1;FAM102A;SULT2B1;SLC9A3R1;PPIF;CLIC3;ABCA3;CELSR2;ARL3;XRCC3;NAB2	K562_13d	GABPA	1173	3491	21713	mean_log_expr_perturbed_minus_control	False	H
HALLMARK_FATTY_ACID_METABOLISM	-0.36420568060842	-1.03100698513977	0.358351893095768	down	158	140	0.655736725439	0.0329523110569487	ECI1;LGALS1;SDHC;ECHS1;LDHA;ALDOA;ACADVL;ACAA2;HADHB;CBR1;ACAT2;PSME1;GRHPR;ADSL;HCCS;MDH1;REEP6;SERINC1;SDHD;APEX1;ACOX1;PPARA;ACAA1;AUH;DLST;GPD2;GSTZ1;SUCLA2;HSD17B4;SMS;RDH11;IDI1;RETSAT;DECR1;MCEE;HPGD;D2HGDH;HSPH1;NCAPH2;HSD17B10;BPHL	K562_13d	GABPA	1173	3491	21713	mean_log_expr_perturbed_minus_control	False	H
HALLMARK_G2M_CHECKPOINT	0.545189253434538	1.56345783559279	0.0002957082407181	up	200	196	0.0147854120359088	0.49849310876659	TOP2A;KPNB1;SFPQ;KPNA2;SMC4;H2AFZ;CENPF;SNRPD1;TPX2;CDKN3;YTHDC1;HNRNPU;RAD21;HMMR;G3BP1;HN1;CENPE;PRMT5;HMGN2;H2AFV;NASP;CDC20;SMC1A;HMGB3;KIF5B;CDC6;STMN1;PRC1;HNRNPD;PTTG1;KIF20B;NCL;NUSAP1;LMNB1;ATRX;CDK1;ORC6;TOP1;XPO1;SQLE;MAD2L1;DKC1;PRPF4B;HIST1H2BK;NDC80;EWSR1;ORC5;MKI67;CHEK1;MCM3;CUL4A;ODC1;MTF2;KIF22;PBK;SETD8;CBX1;WRN;BRCA2;RBM14;SYNCRIP;CDKN1B;UPF1;CUL1;SRSF10;CCNA2;CTCF;NEK2;MNAT1;SAP30;BUB1;LBR;PML;TACC3;BIRC5;BUB3;TRA2B;SRSF2;AURKA	K562_13d	GABPA	1173	3491	21713	mean_log_expr_perturbed_minus_control	False	H
HALLMARK_GLYCOLYSIS	0.376422719000962	1.07393299983473	0.267530623113794	up	200	184	0.655736725439	0.0342558882216025	POLR3K;PSMC4;PPIA;HMMR;MDH2;NASP;TSTA3;STMN1;P4HA1;NDUFV3;B4GALT2;CDK1;RBCK1;FKBP4;ZNF292;MED24;RARS;PPP2CB;HDLBP;CITED2;MIF;AK3;HSPA5;SRD5A3;PAXIP1;DLD;GALE;GMPPA;AGL;B4GALT1;PGM2;SAP30;DEPDC1;SLC37A4;AURKA;NANP;KIF20A;EFNA3;B3GALT6;CASP6;FUT8;SLC25A13;GAL3ST1;ENO2;PMM2;G6PD;IRS2;GCLC;PHKA2;COPB2;PYGB;AKR1A1;GLRX	K562_13d	GABPA	1173	3491	21713	mean_log_expr_perturbed_minus_control	False	H
HALLMARK_HEDGEHOG_SIGNALING	-0.452238210130926	-0.997204554926414	0.449450084602369	down	36	29	0.680984976670256	0.02777718062218	TLE3;ETS2;NF1;MYH9;ACHE;VEGFA;GLI1;LDB1;HEY2;PTCH1;OPHN1	K562_13d	GABPA	1173	3491	21713	mean_log_expr_perturbed_minus_control	False	H
HALLMARK_HEME_METABOLISM	0.457791271738855	1.31145967492133	0.0208036984352774	up	200	195	0.173364153627312	0.132881872272143	HBZ;KLF1;USP15;NFE2;CLIC2;BMP2K;FBXO9;BNIP3L;BLVRB;NARF;HAGH;UCP2;UROS;GDE1;HBQ1;TFRC;SEC14L1;HIST1H4C;CAST;MOSPD1;SLC2A1;FECH;KLF3;TOP1;XPO7;RAD23A;ADD2;NCOA4;CLCN3;GYPB;HDGF;AHSP;BLVRA;SLC25A38;ALAS2;ANK1;HTATIP2;SLC25A37;BACH1;VEZF1;GMPS;SLC10A3;GYPA;FAM46C;TNRC6B;EIF2AK1;RNF19A;FN3K;UBAC1;RCL1;LPIN2;GYPE;MARK3;GCLM;ARL2BP;FBXO34;EPB41;ALAD;SPTB;OSBP2;HMBS;EPOR;PPOX;ALDH6A1;XK;RIOK3;ADD1;PPP2R5B;KAT2B	K562_13d	GABPA	1173	3491	21713	mean_log_expr_perturbed_minus_control	False	H
HALLMARK_HYPOXIA	-0.364947507526155	-1.06361379411614	0.272664835164835	down	200	182	0.655736725439	0.0392452338933764	MT2A;SLC25A1;LDHA;ALDOA;TPI1;DDIT4;GAPDH;FAM162A;GRHPR;UGP2;KLHL24;BTG1;SELENBP1;HEXA;PFKP;GALK1;WSB1;FOXO3;HOXB9;CHST2;NEDD4L;SLC2A3;GYS1;IER3;ALDOC;NAGK;BHLHE40;ENO1;PNRC1;MYH9;CHST3;PDK1;PRKCA;MAFF;MXI1;JMJD6;ADORA2B;AK4	K562_13d	GABPA	1173	3491	21713	mean_log_expr_perturbed_minus_control	False	H
HALLMARK_IL2_STAT5_SIGNALING	-0.308978761736766	-0.900350629989539	0.764893859849349	down	200	181	0.869197568010624	0.0203244916072417	IFITM3;PTRH2;ITGAE;SNX14;AHCY;SNX9;RNH1;GALM;CISH;SERPINB6;GPX4;MAPKAPK2;MAP3K8;SLC29A2;COCH;RHOH;CCND3;GATA1;N6AMT2;PRNP;CD44;PLEC;SLC2A3;SPRY4;BHLHE40;CYFIP1;BATF3;FURIN;UCK2;MAFF;LRRC8C;TNFRSF8;SLC39A8;IL10RA	K562_13d	GABPA	1173	3491	21713	mean_log_expr_perturbed_minus_control	False	H
HALLMARK_IL6_JAK_STAT3_SIGNALING	0.289227861345429	0.740980903977847	0.970971890501562	up	87	76	0.985457809694794	0.0136285178644195	JUN;CBL;TNFRSF1B;PIM1;IFNGR1;CXCL3;SOCS3;IFNAR1;LTBR;PTPN2;STAT2;TYK2	K562_13d	GABPA	1173	3491	21713	mean_log_expr_perturbed_minus_control	False	H
HALLMARK_INFLAMMATORY_RESPONSE	0.276726333597937	0.780785397902116	0.985457809694794	up	200	166	0.985457809694794	0.0130804110538033	SRI;ATP2A2;LDLR;CD55;ATP2B1;TNFRSF1B;ATP2C1;PLAUR;KLF6;NFKB1;IFNAR1;IFITM1;TAPBP;LCP2;CD69;KIF1B;FZD5;TNFSF9;LYN;GCH1;PVR;SLC31A2;NAMPT;CSF1	K562_13d	GABPA	1173	3491	21713	mean_log_expr_perturbed_minus_control	False	H
HALLMARK_INTERFERON_ALPHA_RESPONSE	-0.437802971060099	-1.16147932868531	0.167213114754098	down	97	86	0.655736725439	0.0501437564723626	IFITM2;IFITM3;CD47;LY6E;PNPT1;IFI35;BST2;PSME1;FAM46A;NMI;EIF2AK2;TRAFD1;ISG15;NCOA7	K562_13d	GABPA	1173	3491	21713	mean_log_expr_perturbed_minus_control	False	H
HALLMARK_INTERFERON_GAMMA_RESPONSE	-0.383595877345692	-1.1115282544136	0.1854802002731	down	200	173	0.655736725439	0.0484486107620495	MT2A;IFITM2;IFITM3;BPGM;ISOC1;LY6E;LYSMD2;PNPT1;IFI35;BST2;SOD2;PSME1;IFNAR2;NUP93;BTG1;VAMP8;PFKP;RIPK1;NFKBIA;NMI;EIF2AK2;VAMP5;PSMB10;TRAFD1;ISG15	K562_13d	GABPA	1173	3491	21713	mean_log_expr_perturbed_minus_control	False	H
HALLMARK_KRAS_SIGNALING_DN	-0.359748277404789	-1.01131491990296	0.40323653291953	down	200	132	0.655736725439	0.0306010804122317	TNNI3;MAGIX;NR6A1;CHST2;THRB;GPRC5C;MAST3;SPHK2;SLC25A23;CKM;CCDC106;BTG2;RYR1;SHOX2;EFHD1;SGK1;IDUA;CD80;CCDC132;RSAD2;FGFR3;MSH5;SKIL;CDKAL1	K562_13d	GABPA	1173	3491	21713	mean_log_expr_perturbed_minus_control	False	H
HALLMARK_KRAS_SIGNALING_UP	-0.335530343149104	-0.966761804230091	0.532703978422117	down	200	162	0.717580122298147	0.0258896421711394	LAPTM5;BPGM;SCG3;TSPAN13;TFPI;ST6GAL1;SLMO2;ZNF277;PTBP2;ID2;AVL9;CTSS;RBM4;PLAU;CBX8;IL10RA;DCBLD2;MMD;TRIB2;GPRC5B;EREG;TMEM100;DOCK2;TNFAIP3;MTMR10;G0S2	K562_13d	GABPA	1173	3491	21713	mean_log_expr_perturbed_minus_control	False	H
HALLMARK_MITOTIC_SPINDLE	0.469886013387473	1.34914016480543	0.0135063088679581	up	200	199	0.168828860849476	0.165406383146814	TOP2A;SMC4;CENPF;TPX2;ACTN4;PCM1;WASF2;CENPE;EPB41L2;SMC1A;CLIP1;KIF5B;PRC1;RFC1;CKAP5;KIF20B;EZR;PPP4R2;NUSAP1;LMNB1;CDK1;AZI1;CDC42;NDC80;DYNC1H1;ROCK1;CDK5RAP2;RALBP1;HDAC6;RAPGEF6;ARHGEF2;MID1IP1;KIF22;DLG1;CDC42EP1;CAPZB;CD2AP;SSH2;SAC3D1;ANLN;KPTN;BRCA2;PDLIM5;CEP57;STAU1;CNTRL;PXN;ARHGAP5;PREX1;NEK2;TUBA4A;CYTH2;CENPJ;BUB1;LRPPRC;CTTN;KIF1B;SOS1;KIF3C;BIRC5;EPB41;AURKA;CCDC88A;STK38L	K562_13d	GABPA	1173	3491	21713	mean_log_expr_perturbed_minus_control	False	H
HALLMARK_MTORC1_SIGNALING	0.441947950703054	1.2688513233364	0.0390209294075913	up	200	198	0.278720924339938	0.0963025229566543	PSMC4;PDAP1;HSPA9;HSP90B1;PPIA;IFRD1;EPRS;STIP1;ACTR2;HSPE1;PSMD12;PSME3;CALR;EIF2S2;P4HA1;DDIT3;SLC1A5;ATP2A2;SQSTM1;CANX;ETF1;ATP5G1;LDLR;SERPINH1;SHMT2;TFRC;BCAT1;USO1;NMT1;HMGCR;PFKL;SLC2A1;RPN1;SQLE;RRP9;ADIPOR2;NUFIP1;EEF1E1;WARS;PRDX1;SKAP2;PPP1R15A;SERP1;HSPD1;PSMA4;GGA2;TXNRD1;M6PR;FADS1;GMPS;HSPA5;ADD3;PPA1;INSIG1;SSR1;DHCR7;ACACA;PSMB5;TUBA4A;BUB1;DHCR24;FAM129A;ACLY;SLC37A4;AURKA;TES;MTHFD2;HMBS	K562_13d	GABPA	1173	3491	21713	mean_log_expr_perturbed_minus_control	False	H
HALLMARK_MYC_TARGETS_V1	0.487058025442966	1.39844457164992	0.0049760085303003	up	200	199	0.0829334755050057	0.274717458595242	HSP90AB1;KPNB1;NAP1L1;DDX21;PSMC4;KPNA2;HNRNPR;EEF1B2;EIF4E;SSBP1;SET;H2AFZ;SNRPD1;HDDC2;GNL3;KARS;ABCE1;SSB;SERBP1;PPIA;NCBP2;NME1;PRDX4;PCNA;EIF2S1;EIF3J;HNRNPU;IFRD1;EPRS;ERH;G3BP1;DDX18;RRM1;HSPE1;CDC20;SRPK1;HNRNPA2B1;EIF3D;CCT5;EIF2S2;PABPC1;HNRNPD;USP1;PABPC4;CANX;XPOT;ETF1;DEK;NDUFAB1;PSMB2;COX5A;TOMM70A;NPM1;PSMD1;PWP1;XPO1;MAD2L1;RRP9;SF3B3;HNRNPA1;NCBP1;HSPD1;HDGF;PSMA4;PTGES3;ODC1;CDK2	K562_13d	GABPA	1173	3491	21713	mean_log_expr_perturbed_minus_control	False	H
HALLMARK_MYC_TARGETS_V2	0.382611893791683	0.943394708590077	0.559712495392554	up	58	58	0.717580122298147	0.0218477349088295	GNL3;TCOF1;DDX18;HSPE1;PES1;WDR43;PPAN;NPM1;RRP9;HSPD1;TFB2M;WDR74;MPHOSPH10;RCL1;PUS1;GRWD1;MYBBP1A;SUPV3L1	K562_13d	GABPA	1173	3491	21713	mean_log_expr_perturbed_minus_control	False	H
HALLMARK_MYOGENESIS	-0.298282711914606	-0.867066581566727	0.869278068777044	down	200	177	0.936543686952412	0.018363936698651	TNNT1;MYL6B;EIF4A2;SCD;PDLIM7;PTP4A3;ITGB1;FDPS;DES;NOTCH1;CKB;PRNP;BHLHE40;COL6A3;MYH9;HRC;SIRT2;FXYD1;ACHE;RB1;CKM;GSN;RYR1;PFKM;LPIN1;PDE4DIP;TGFB1;GAA;CTF1;ACSL1;TPM2;SMTN;AGRN;SLC6A8;ATP2A1;CDKN1A	K562_13d	GABPA	1173	3491	21713	mean_log_expr_perturbed_minus_control	False	H
HALLMARK_NOTCH_SIGNALING	0.349107879998913	0.765500990550773	0.851515151515152	up	32	30	0.936543686952412	0.0159644272099392	SKP1;RBX1;PSENEN;CUL1;SAP30;FZD5;CCND1	K562_13d	GABPA	1173	3491	21713	mean_log_expr_perturbed_minus_control	False	H
HALLMARK_OXIDATIVE_PHOSPHORYLATION	0.431872237969869	1.23992352445257	0.0533877261440227	up	200	198	0.296598478577904	0.0819647472921866	ATP5I;ATP5J2;TIMM17A;COX7B;HSPA9;NDUFA7;NDUFB3;NDUFS6;NDUFA1;ATP5H;CYCS;MDH2;AIFM1;OXA1L;SDHB;NDUFA6;COX17;ATP5G3;UQCRB;COX8A;NDUFB8;UQCR11;ETFB;MTX2;AFG3L2;ATP5G1;UQCRQ;ATP5C1;NDUFAB1;TIMM10;MRPL35;COX5A;TOMM70A;NDUFA2;IDH2;FXN;TIMM9;NDUFB1;ATP5L;ATP5J;SLC25A6;NDUFB6;FH;ATP5E;NDUFA5;NDUFC2;POLR2F;ATP5G2;COX6A1;NDUFS8;SLC25A4;ACADM;MRPS15;DLD;TOMM22;VDAC3;ISCU;UQCR10;ATP6V0E1;VDAC1;ATP5F1;UQCRC2;ATP6V1C1;LRPPRC;NDUFS2;MRPS12;PRDX3;SLC25A11;GRPEL1;ATP6V1G1;RHOT1;VDAC2;ALDH6A1;DLAT;COX7A2L;NDUFS1;SUPV3L1;ABCB7;NDUFB4;IDH3B;OAT;ATP6V1F;CYC1;FDX1;MFN2	K562_13d	GABPA	1173	3491	21713	mean_log_expr_perturbed_minus_control	False	H
HALLMARK_P53_PATHWAY	-0.322170179500797	-0.944396745809253	0.623996329433356	down	200	192	0.779995411791695	0.0236055792829118	GNB2L1;HIST1H1C;LDHB;TRIB3;DDIT4;ZFP36L1;FAM162A;SERTAD3;CTSD;RCHY1;BTG1;VAMP8;TRIAP1;PRMT2;IKBKAP;NOTCH1;IP6K2;NUPR1;FOXO3;STEAP3;BAK1;CCND3;RPS12;IER3;POM121;PPM1D;RPL18;NOL8;TP53;FDXR;RXRA;TRAFD1;STOM;SLC3A2;SEC61A1;HEXIM1;RETSAT;CGRRF1;NUDT15;BAIAP2;HINT1;TSPYL2;HRAS;RPL36;RAD9A;RB1;MDM2;SLC35D1;RPS27L;CCNG1;BTG2	K562_13d	GABPA	1173	3491	21713	mean_log_expr_perturbed_minus_control	False	H
HALLMARK_PANCREAS_BETA_CELLS	-0.510757593024911	-1.07477823226839	0.359272573482766	down	40	23	0.655736725439	0.0318949747934007	SEC11A;ELP4;SRP9;PAX6	K562_13d	GABPA	1173	3491	21713	mean_log_expr_perturbed_minus_control	False	H
HALLMARK_PEROXISOME	-0.382981015708568	-1.03221432688859	0.363951473136915	down	104	96	0.655736725439	0.0321115619760952	CNBP;FIS1;SCP2;ERCC1;ISOC1;CAT;CDK7;SOD2;TSPO;SLC25A17;FDPS;SOD1;ACOX1;ACAA1;HSD17B4;GSTK1;SLC35B2;RDH11;IDI1;PEX14;RETSAT;HRAS;CLN8;IDE;SLC27A2;NUDT19;YWHAH;ELOVL5;ACSL1;PEX2;HSD17B11	K562_13d	GABPA	1173	3491	21713	mean_log_expr_perturbed_minus_control	False	H
HALLMARK_PI3K_AKT_MTOR_SIGNALING	0.386060375422572	1.01997626163275	0.40655676977218	up	105	97	0.655736725439	0.0272088482181238	PRKCB;EIF4E;HSP90B1;ACTR2;YWHAB;CALR;MKNK1;DDIT3;UBE2N;SQSTM1;MAPK1;CDK1;SLC2A1;ATF1;PPP1CA;CDK2;THEM4;CDKN1B;RALB;MAPK9;PLA2G12A;ACACA;CAB39;MKNK2;RPTOR	K562_13d	GABPA	1173	3491	21713	mean_log_expr_perturbed_minus_control	False	H
HALLMARK_PROTEIN_SECRETION	0.410659944620481	1.07858967620068	0.302282768777614	up	96	92	0.655736725439	0.0325552018895575	GOLGA4;PPT1;ANP32E;GNAS;LMAN1;RER1;RAB2A;NAPG;AP3B1;MAPK1;USO1;CLTA;ARFGEF2;SGMS1;COPB1;BET1;CLCN3;VPS4B;SNAP23;CAV2;M6PR;AP2B1;TMED2;AP1G1;RAB9A;STX7;KIF1B;ATP1A1;ADAM10;IGF2R;ATP7A	K562_13d	GABPA	1173	3491	21713	mean_log_expr_perturbed_minus_control	False	H
HALLMARK_REACTIVE_OXIGEN_SPECIES_PATHWAY	-0.408692979904625	-0.98494418738701	0.463939720129171	down	49	47	0.682264294307605	0.0275305304690147	GSR;CAT;HMOX2;SOD2;MGST1;JUNB;SOD1;FTL;TXN;ATOX1;PFKP;GPX4;PRNP;PPP2R4;HHEX	K562_13d	GABPA	1173	3491	21713	mean_log_expr_perturbed_minus_control	False	H
HALLMARK_SPERMATOGENESIS	0.35414208859526	0.951100792130502	0.55815668202765	up	135	110	0.717580122298147	0.021894318714952	HBZ;CDKN3;ARL4A;PIAS2;CDK1;COIL;GMCL1;RAD17;HSPA4L;MLF1;RPL39L;VDAC3;PEBP1;NEK2;BUB1;CHFR;PARP2;AURKA;MAST2;PGS1;CSNK2A2;RFC4	K562_13d	GABPA	1173	3491	21713	mean_log_expr_perturbed_minus_control	False	H
HALLMARK_TGF_BETA_SIGNALING	-0.421217553875411	-1.03262694953958	0.389213775178687	down	54	52	0.655736725439	0.0308292450742902	ID3;ID1;RHOA;JUNB;FNTA;TGIF1;UBE2D3;SPTBN1;TGFBR1;APC;ID2;BCAR3;SMAD3;FURIN;SMURF1	K562_13d	GABPA	1173	3491	21713	mean_log_expr_perturbed_minus_control	False	H
HALLMARK_TNFA_SIGNALING_VIA_NFKB	-0.362900531085275	-1.05960157834796	0.277841561423651	down	200	186	0.655736725439	0.0388937547614518	PHLDA2;IER2;TRIP10;SOD2;JUNB;TANK;HES1;MAP2K3;TGIF1;BTG1;LITAF;ETS2;CEBPB;MAP3K8;REL;EHD1;CFLAR;CD44;TNFAIP8;ID2;ZC3H12A;SLC2A3;IER3;NFKBIA;BHLHE40;SMAD3;IL18;PNRC1;NFKBIE;PLAU;TNIP2;MAFF;BTG3;BTG2;DUSP1;NR4A1;ICAM1;EFNA1;VEGFA;RNF19B;SGK1;IFNGR2;RELA;IL15RA;MXD1;CDKN1A;KYNU;CD80;RELB;TSC22D1;FOSL1;TNFAIP3;SDC4;G0S2	K562_13d	GABPA	1173	3491	21713	mean_log_expr_perturbed_minus_control	False	H
HALLMARK_UNFOLDED_PROTEIN_RESPONSE	-0.370778897601538	-1.01933571998638	0.395129442738043	down	113	111	0.655736725439	0.0307874726068993	LSM1;H2AFX;NHP2;SEC11A;ATF4;EXOSC1;BANF1;DDIT4;CKS1B;RPS14;SLC30A5;EXOSC4;EIF4A2;EIF4EBP1;CNOT4;POP4;IMP3;CNOT2;EXOSC2;CEBPB;PDIA5;SLC7A5;IARS;EIF4A1;EEF2;EDEM1;EXOSC10;CNOT6;NOP56;ARFGAP1;HERPUD1	K562_13d	GABPA	1173	3491	21713	mean_log_expr_perturbed_minus_control	False	H
HALLMARK_UV_RESPONSE_DN	0.389805215741897	1.06991385748478	0.295413178012377	up	144	130	0.655736725439	0.0327824569051147	SRI;YTHDC1;MAP1B;LDLR;ATRX;ATP2B1;FAM179B;CDK13;SPOP;DLG1;CITED2;ATP2C1;ADD3;ZMIZ1;INSIG1;PDLIM5;CDKN1B;ANXA2;DYRK1A;NFKB1;PHF3;SIPA1L1;NFIB;MT1E;DLC1;SFMBT1;TJP1;NIPBL;ABCC1;PMP22;ATRN;RASA2;PTEN;LTBP1	K562_13d	GABPA	1173	3491	21713	mean_log_expr_perturbed_minus_control	False	H
HALLMARK_UV_RESPONSE_UP	0.350991009866953	0.978912194050929	0.495219195381562	up	158	147	0.707455993402232	0.0234574445337431	GAL;DDX21;PDAP1;PPT1;HNRNPU;STIP1;TMBIM6;EIF2S3;DNAJA1;SQSTM1;TST;TFRC;CREG1;RPN1;TARS;MSX1;FKBP4;CDK2;STK25;SLC25A4;KCNH2;SPR;KLHDC3;DNAJB1;EIF5;CNP;TUBA4A;ATP6V1C1;WIZ;PPAT;MRPL23;PARP2;GRPEL1;HSPA13;RXRB;ATP6V1F;ENO2;ALAS1;BCL2L11;TYRO3;TGFBRAP1;RFC4;LYN;GCH1;NAT1;FEN1;CHKA;EPHX1;ATF3;CASP3	K562_13d	GABPA	1173	3491	21713	mean_log_expr_perturbed_minus_control	False	H
HALLMARK_WNT_BETA_CATENIN_SIGNALING	-0.281630513094669	-0.653674428622348	0.983543492199188	down	42	38	0.985457809694794	0.0156268207663589	WNT5B;HDAC2;NOTCH1;SKP2;TP53;PPARD;DVL2;MAML1;LEF1;KAT2A;FRAT1	K562_13d	GABPA	1173	3491	21713	mean_log_expr_perturbed_minus_control	False	H
HALLMARK_XENOBIOTIC_METABOLISM	-0.461530610518355	-1.33388071574836	0.0205928943199819	down	200	167	0.173364153627312	0.150964206987421	MT2A;PYCR1;DDAH2;GSR;HES6;ACP1;COMT;AHCY;CAT;HACL1;CBR1;SERTAD1;HPRT1;IGFBP4;PEMT;MTHFD1;ACOX1;NFS1;ARG2;ETS2;POR;CNDP2;AKR1C2;TNFRSF1A;GART;PGD;APOE;DHRS1;GSTM4;DHPS;SLC35B1;ACP2;ID2;PTGDS;NPC1;CSAD;GAD1;PSMB10;RETSAT	K562_13d	GABPA	1173	3491	21713	mean_log_expr_perturbed_minus_control	False	H
HALLMARK_ADIPOGENESIS	-0.477899604987761	-1.34806479413472	0.0153216019417476	down	200	188	0.090425257066088	0.143184642183776	MDH2;CYC1;NDUFS3;ATP5O;TKT;APOE;CMBL;AK2;DLD;SDHC;MRPL15;SOD1;ECH1;GHITM;SLC5A6;PRDX3;GRPEL1;BCL2L13;UQCRC1;CD151;UBC;BAZ2A;AGPAT3;PTCD3;ECHS1;ALDOA;PEMT;CAT;NDUFB7;IDH1;SUCLG1;PEX14;NDUFA5;IDH3G;CDKN2C;PTGER3;ATL2;COX6A1;IMMT;ETFB;ACLY;BCKDHA;JAGN1;NDUFAB1;MTCH2;ESYT1;QDPR;UBQLN1;COX7B;COQ5;SCARB1;STOM;DLAT;PHYH;APLP2;ITIH5;CPT2;COQ3;ELMOD3;ABCB8;STAT5A;LPCAT3;DHRS7B;DHCR7;ACOX1;ACO2;SAMM50	K562_13d	IRF1	813	3491	21713	mean_log_expr_perturbed_minus_control	False	H
HALLMARK_ALLOGRAFT_REJECTION	-0.353477122096737	-0.984169805153127	0.486415963161934	down	200	165	0.688455136934483	0.0211841358304768	EIF5A;MRPL3;MTIF2;ABI1;UBE2N;DEGS1;NPM1;CD3D;B2M;SRGN;UBE2D1;CCND3;HCLS1;AARS;CD47;NME1;CSK;HLA-E	K562_13d	IRF1	813	3491	21713	mean_log_expr_perturbed_minus_control	False	H
HALLMARK_ANDROGEN_RESPONSE	0.412484665438773	1.1310055575186	0.181770697310003	up	101	93	0.395153689804354	0.0527683194655535	DBI;SCD;UBE2I;LMAN1;FADS1;INSIG1;SRP19;UBE2J1;SAT1;PDLIM5;ABHD2;HMGCS1;ELOVL5;RPS6KA3;GSR;SMS;KRT8;NGLY1;TMEM50A;ZMIZ1;SRF;AKT1;CAMKK2;SEPP1;ARID5B;PGM3;CENPN;HPGD;ELK4	K562_13d	IRF1	813	3491	21713	mean_log_expr_perturbed_minus_control	False	H
HALLMARK_ANGIOGENESIS	0.422009623343672	0.943571726494914	0.536995006808897	up	36	28	0.688455136934483	0.0259183125173421	PTK2;S100A4;TIMP1;MSX1;JAG2;ITGAV	K562_13d	IRF1	813	3491	21713	mean_log_expr_perturbed_minus_control	False	H
HALLMARK_APICAL_JUNCTION	0.362419862509435	1.07567229777468	0.238356956899045	up	200	176	0.458378763267395	0.0481595274507768	GNAI2;YWHAH;STX4;TJP1;CNN2;EVL;INSIG1;PBX2;CD99;MPZL1;PTK2;CTNND1;FYB;EPB41L2;VCL;MYH10;DHX16;RRAS;CDK8;ICAM5;AKT2;ADAM15;LIMA1;TSPAN4;TSC1;MYL12B;AMH;PKD1;LAMB3;BAIAP2;ADAM9;CRAT;SORBS3;MPP5;TIAL1;CERCAM;LDLRAP1;NRTN;NLGN2;SYMPK	K562_13d	IRF1	813	3491	21713	mean_log_expr_perturbed_minus_control	False	H
HALLMARK_APICAL_SURFACE	-0.359942324000174	-0.808817037476009	0.794351279788173	down	44	36	0.898221055701371	0.0159515310943624	HSPB1;FLOT2;EPHB4;PCSK9	K562_13d	IRF1	813	3491	21713	mean_log_expr_perturbed_minus_control	False	H
HALLMARK_APOPTOSIS	0.332403059716063	0.968683342260619	0.527588168373151	up	161	149	0.688455136934483	0.0302358693091482	JUN;RELA;SAT1;TOP2A;TNFRSF12A;PTK2;SQSTM1;BNIP3L;DDIT3;GSR;CREBBP;ATF3;IFNGR1;FDXR;RETSAT;CASP9;BTG2;TIMP1;DIABLO;LGALS3;IGF2R;GADD45A;SLC20A1;WEE1;PSEN2;IER3;DAP;MADD;BRCA1;BCL10	K562_13d	IRF1	813	3491	21713	mean_log_expr_perturbed_minus_control	False	H
HALLMARK_BILE_ACID_METABOLISM	0.312877369590276	0.870339188835709	0.808398950131234	up	112	102	0.898221055701371	0.0216275836082358	PRDX5;FADS1;PEX26;SLC29A1;SCP2;FDXR;RETSAT;ALDH1A1;LONP2;SLC35B2;PEX13;SLC27A5;KLF1;NPC1;SLC22A18;PNPLA8;SLC27A2	K562_13d	IRF1	813	3491	21713	mean_log_expr_perturbed_minus_control	False	H
HALLMARK_CHOLESTEROL_HOMEOSTASIS	0.478098420899069	1.25230992758897	0.0927657480314961	up	74	66	0.216634130584386	0.0729388423496436	SQLE;ETHE1;SCD;S100A11;ANXA5;HMGCS1;TNFRSF12A;TRIB3;ATXN2;PMVK;ATF3;SREBF2;TM7SF2;CYP51A1;ATF5;FDFT1;LGALS3;PLAUR;FASN;ACSS2	K562_13d	IRF1	813	3491	21713	mean_log_expr_perturbed_minus_control	False	H
HALLMARK_COAGULATION	0.436591164270675	1.2289837735111	0.0779427359490986	up	138	111	0.216634130584386	0.0829663391489805	S100A13;CFD;ARF4;CAPN2;SIRT2;S100A1;GNB2;PREP;CASP9;TIMP1;APOC1;PEF1;RABIF;USP11;CTSH;ADAM9;FYN;C2;MSRB2;WDR1;PROS1;GDA;FN1;MAFF	K562_13d	IRF1	813	3491	21713	mean_log_expr_perturbed_minus_control	False	H
HALLMARK_COMPLEMENT	0.347608271223211	1.02624824054495	0.358166189111748	up	200	167	0.59694364851958	0.0381789851736003	S100A13;GNAI2;STX4;RAF1;CD55;ANXA5;HSPA1A;HSPA5;XPNPEP1;KLK1;GNB2;PREP;CASP9;TIMP1;LGALS3;ZEB1;SH2B3;APOC1;PLAUR;DGKH;LCP2;RABIF;IRF2;PIK3CA;CTSH;ADAM9;FYN;PPP2CB;C2;CBLB;GMFB;EHD1;FN1;SIRT6;CCL5;MAFF;CALM3;GNB4	K562_13d	IRF1	813	3491	21713	mean_log_expr_perturbed_minus_control	False	H
HALLMARK_DNA_REPAIR	-0.505861007304787	-1.38690924577505	0.0162765462718958	down	150	142	0.090425257066088	0.140389202001749	POLR2F;POLR2E;TCEB3;MRPL40;POLR1C;TYMS;TAF9;ARL6IP1;UPF3B;PCNA;DAD1;NT5C;ADRM1;POLE4;SF3A3;STX3;NME3;AK3;RPA2;VPS28;HCLS1;NFX1;VPS37B;ERCC5;TAF12;APRT;POLR2D;POLR2G;TAF6;RFC2;HPRT1;TAF1C;DDB1;ERCC1;POLA2;NME1;ZWINT;RFC5;SUPT4H1;PNP;POLB;ADA;DUT;ZNRD1;UMPS;FEN1;TARBP2;RFC4;TSG101;RPA3;TAF13;SSRP1;CSTF3;ITPA;POLD4;NUDT9;ERCC8;DGUOK	K562_13d	IRF1	813	3491	21713	mean_log_expr_perturbed_minus_control	False	H
HALLMARK_E2F_TARGETS	-0.570426470206535	-1.61293540181076	3.46917367530678e-05	down	200	198	0.0005781956125511	0.557332238758646	STMN1;TUBB;TBRG4;SRSF2;RANBP1;RRM2;RAN;MCM7;CKS1B;CDK1;CSE1L;PA2G4;AK2;POLD2;DDX39A;PTTG1;PRDX4;PCNA;TK1;TRIP13;DCTPP1;POLE4;SPC24;LYAR;HNRNPD;TUBG1;H2AFZ;HMGA1;H2AFX;SLBP;RAD50;PNN;TCF19;UBE2S;DLGAP5;SPC25;CCNB2;NASP;XRCC6;CDK4;RPA2;PRPS1;SHMT1;PPP1R8;SNRPB;AURKA;MYBL2;STAG1;PSMC3IP;MMS22L;MLH1;SPAG5;PSIP1;NOLC1;RFC2;POP7;RQCD1;CDKN2C;MAD2L1;CIT;RAD51AP1;SMC3;NBN;POLA2;NME1;EXOSC8;CTCF;PRKDC;PDS5B;MSH2;LMNB1;CKS2;GINS3;GINS4;EED;RAD1;DUT;CDKN3;HMGB2;HMGB3;GSPT1;MCM4;MCM6;RPA3;MXD3;WDR90;DNMT1;SSRP1	K562_13d	IRF1	813	3491	21713	mean_log_expr_perturbed_minus_control	False	H
HALLMARK_EPITHELIAL_MESENCHYMAL_TRANSITION	0.318617541623321	0.933978998267257	0.647727272727273	up	200	155	0.789911308203991	0.0265509861006362	JUN;TPM4;SAT1;SERPINH1;TNFRSF12A;DAB2;ITGA5;TPM1;TIMP1;GADD45A;CALU;PLAUR;CYR61;ITGB5;MSX1	K562_13d	IRF1	813	3491	21713	mean_log_expr_perturbed_minus_control	False	H
HALLMARK_ESTROGEN_RESPONSE_EARLY	0.270161839558908	0.806362595671664	0.989340247767214	up	200	182	0.996679841897233	0.0199516428457096	RHOBTB3;DHRS2;ABHD2;ELOVL5;TPD52L1;NADSYN1;KDM4B;KRT8;SH3BP5;MYC;FDFT1;NCOR2;ELF1;FASN;UNC119;CANT1;SLC2A1;CISH;TIPARP;SLC27A2;MED13L;TSKU;NRIP1;SYNGR1;MYBBP1A;KAZN	K562_13d	IRF1	813	3491	21713	mean_log_expr_perturbed_minus_control	False	H
HALLMARK_ESTROGEN_RESPONSE_LATE	-0.341522831029068	-0.957203169900071	0.565737051792829	down	200	178	0.707171314741036	0.0188600355573247	CKB;FKBP4;IGFBP4;TSTA3;GINS2;GAL;XBP1;KRT19;SLC16A1;LSR;SGK1;GALE;DCXR;DYNLT3;HPRT1;RAB31;PTGER3;BLVRB;ETFB;FLNB;DNAJC12;ITPK1;NMU;MYB;NAB2;FAM102A;SCARB1;SLC22A5;STIL;CXCL14;SLC2A8;RNASEH2A;SORD	K562_13d	IRF1	813	3491	21713	mean_log_expr_perturbed_minus_control	False	H
HALLMARK_FATTY_ACID_METABOLISM	-0.524606572404149	-1.43578965278822	0.0068397326286336	down	158	140	0.0488552330616686	0.218259775284787	MDH1;MDH2;PDHA1;ACADVL;PSME1;FH;LGALS1;DLD;SDHA;PRDX6;HCCS;SDHD;SDHC;HSPH1;ECH1;GRHPR;LDHA;PDHB;GLUL;H2AFZ;MIF;HSP90AA1;ECHS1;ALDOA;ODC1;BPHL;IDH1;NTHL1;UBE2L6;SUCLG1;ACAA1;IDH3G;UROD;NBN;DLST;SUCLA2;HSD17B10;OSTC;HSD17B4;ECI1;ACSL1;SLC22A5;NCAPH2;IDH3B;CPOX;DHCR24;AUH;CPT2;PPARA;NSDHL;ETFDH;IDI1;GCDH;ACAT2;SERINC1;ACOX1;ALDH9A1;ACO2;CBR1	K562_13d	IRF1	813	3491	21713	mean_log_expr_perturbed_minus_control	False	H
HALLMARK_G2M_CHECKPOINT	-0.464461554051395	-1.31267823456278	0.0201035638135851	down	200	196	0.100517819067926	0.124978791119589	STMN1;DTYMK;SRSF2;CKS1B;CDK1;H2AFV;CDC45;DDX39A;PTTG1;HSPA8;AMD1;TLE3;HNRNPD;H2AFZ;HMGA1;H2AFX;GINS2;UBE2S;MNAT1;CCNB2;NASP;ODC1;HMGN2;CDK4;RPA2;CCNA2;KIF5B;NDC80;E2F4;SNRPD1;AURKA;MYBL2;TPX2;STAG1;KIF20B;TFDP1;UCK2;CENPA;HNRNPU;NOLC1;SS18;CDKN2C;MAD2L1;E2F1;PAFAH1B1;SMARCC1;SFPQ;POLA2;CUL3;CTCF;PRMT5;SLC12A2;CENPF;TOP1;PDS5B;LMNB1;BUB3;CKS2;CDKN3;KIF11;CDC7;CHMP1A;NCL;HMGB3;GSPT1;EWSR1;PRC1;MCM6;STIL	K562_13d	IRF1	813	3491	21713	mean_log_expr_perturbed_minus_control	False	H
HALLMARK_GLYCOLYSIS	-0.537124355163127	-1.51251467332238	0.0004884408037898	down	200	184	0.0048844080378981	0.477270815362862	STMN1;MDH1;MDH2;ENO1;TPI1;PSMC4;CDK1;FKBP4;RBCK1;DLD;SDHC;FAM162A;TSTA3;B3GAT3;GALK1;SOD1;LDHA;DDIT4;MIF;GOT2;ALDOA;PFKP;NASP;AK3;PRPS1;COPB2;CHPF;AURKA;IDH1;KIF2A;AK4;MED24;CENPA;GALE;GOT1	K562_13d	IRF1	813	3491	21713	mean_log_expr_perturbed_minus_control	False	H
HALLMARK_HEDGEHOG_SIGNALING	-0.519120523675417	-1.12509786162591	0.290563355251466	down	36	29	0.535090273733256	0.032638496259634	TLE3;NF1;MYH9;VEGFA;CDK6;DPYSL2;GLI1	K562_13d	IRF1	813	3491	21713	mean_log_expr_perturbed_minus_control	False	H
HALLMARK_HEME_METABOLISM	0.346599823576002	1.04228573318408	0.299650553290623	up	200	195	0.535090273733256	0.0426094714733257	HBZ;HDGF;GLRX5;MGST3;TFDP2;KLF3;EPB41;HTATIP2;ALAS2;RCL1;BNIP3L;PSMD9;SLC25A37;CAST;MXI1;GYPB;CDR2;EIF2AK1;ADIPOR1;BTG2;FECH;ASNS;ATP6V0A1;MARK3;UCP2;NFE2;NUDT4;LPIN2;HIST1H4C;MARCH2;FN3K;EZH1;DCUN1D1;OSBP2;RNF19A;SLC2A1;KLF1;GYPA;AHSP;NR3C1;SMOX;RANBP10;UROS;GDE1;CLIC2;ANK1;RBM38;DCAF11;EPOR;SEC14L1	K562_13d	IRF1	813	3491	21713	mean_log_expr_perturbed_minus_control	False	H
HALLMARK_HYPOXIA	0.344584383952331	1.02849447103774	0.346585998271392	up	200	182	0.59694364851958	0.0390223216136609	JUN;PRDX5;MT2A;HOXB9;BTG1;GLRX;UGP2;BNIP3L;PTRF;DDIT3;SLC6A6;PPP1R15A;HSPA5;XPNPEP1;PGK1;ATF3;JMJD6;KDELR3;MXI1;HDLBP;S100A4;B3GALT6;TES;PRKCA;PLAUR;KDM3A;SAP30;KLF6;IER3;CYR61;CDKN1C;ZNF292;SLC2A1;P4HA1;PDK1;HEXA;TIPARP;NFIL3;NR3C1;ZFP36;CHST3;PNRC1;SLC25A1;NEDD4L;ENO2;CASP6;SLC2A3	K562_13d	IRF1	813	3491	21713	mean_log_expr_perturbed_minus_control	False	H
HALLMARK_IL2_STAT5_SIGNALING	-0.347117355113501	-0.974874454880603	0.515290519877676	down	200	181	0.688455136934483	0.0202381338153399	IFITM3;BCL2L1;PIM1;SERPINB6;GSTO1;PTRH2;PDCD2L;XBP1;AHCY;ODC1;CCND3;MAP3K8;AHNAK;UCK2;RNH1;TNFRSF1B;DCPS;ETV4;NOP2;PRNP;SOCS2;PNP;GALM;CDCP1;UMPS;TGM2;MAPKAPK2;SLC39A8;POU2F1;ITIH5;FAM126B;N6AMT2;FURIN;SPRY4	K562_13d	IRF1	813	3491	21713	mean_log_expr_perturbed_minus_control	False	H
HALLMARK_IL6_JAK_STAT3_SIGNALING	0.37921550657651	1.01588413112376	0.402884854513803	up	87	76	0.649814281473875	0.0328186806430492	JUN;MYD88;TNFRSF12A;CSF1;CXCL3;IFNGR1;BAK1;IL17RA;LTBR;SOCS1;IFNAR1;PTPN11;HAX1	K562_13d	IRF1	813	3491	21713	mean_log_expr_perturbed_minus_control	False	H
HALLMARK_INFLAMMATORY_RESPONSE	-0.317156868288598	-0.883448948926549	0.77477753912243	down	200	166	0.898221055701371	0.0142851878431205	LY6E;EMP3;BST2;ABI1;GNAI3;ADRM1;SRI;SPHK1;TNFRSF1B;NMI;NAMPT;ATP2B1;IRF1;SLC11A2;CHST2	K562_13d	IRF1	813	3491	21713	mean_log_expr_perturbed_minus_control	False	H
HALLMARK_INTERFERON_ALPHA_RESPONSE	-0.600311906673017	-1.54686878209821	0.0034319333224383	down	97	86	0.0285994443536526	0.318279675040437	PSME2;IFITM3;LY6E;PSME1;BST2;PNPT1;NUB1;ISG15;IFITM2;B2M;PSMA3;UBE2L6;CD47;NMI;IRF1;TRIM14;IFI35;LGALS3BP	K562_13d	IRF1	813	3491	21713	mean_log_expr_perturbed_minus_control	False	H
HALLMARK_INTERFERON_GAMMA_RESPONSE	-0.563797404282848	-1.57625620668378	0.0001321880683737	down	200	173	0.0016523508546723	0.518848077743792	PSME2;IFITM3;LY6E;RBCK1;PSME1;BST2;PNPT1;ISG15;SOD2;IFITM2;PTPN2;PIM1;SRI;ISOC1;B2M;PFKP;PSMA3;STAT3;RNF213;UBE2L6;ST3GAL5;BPGM;LYSMD2;NMI;NAMPT;NUP93;IRF1;VAMP8;TRIM14;PNP;TNFAIP2;IFI35;LGALS3BP;PSMB2;RIPK1;IFI27;PTPN1;CD69;TAPBP;LAP3;STAT1;RIPK2;CASP8;IL15RA;PSMB10;MTHFD2;STAT2	K562_13d	IRF1	813	3491	21713	mean_log_expr_perturbed_minus_control	False	H
HALLMARK_KRAS_SIGNALING_DN	-0.263997622096176	-0.716560693200737	0.996679841897233	down	200	132	0.996679841897233	0.011048352642322	GAMT;SLC25A23;SGK1;THRB;TEX15;CHST2;PNMT;SHOX2;GTF3C5;SKIL;CDKAL1;MAST3;EFHD1;CCDC132;MSH5;CD80;MTHFR;STAG3;SPHK2;FAM46C;NR6A1;GPRC5C;HSD11B2	K562_13d	IRF1	813	3491	21713	mean_log_expr_perturbed_minus_control	False	H
HALLMARK_KRAS_SIGNALING_UP	0.404600378076908	1.1911023375809	0.0779960148021634	up	200	162	0.216634130584386	0.0860348143217779	SLMO2;G0S2;ETV5;GLRX;ZNF277;TOR1AIP2;AMMECR1;PPP1R15A;CD37;RBM4;SDCCAG8;ALDH1A2;WDR33;PLAUR;AKT2;RABGAP1L;EVI5;ZNF639;ST6GAL1;SPRY2;TSPAN13;FBXO4;MTMR10;FUCA1	K562_13d	IRF1	813	3491	21713	mean_log_expr_perturbed_minus_control	False	H
HALLMARK_MITOTIC_SPINDLE	-0.314673472389508	-0.890134994046643	0.775205604629912	down	200	199	0.898221055701371	0.014171345565289	CDK1;MAPRE1;ABI1;SEPT9;TUBA4A;DLGAP5;ACTN4;CCNB2;KIF5B;NDC80;ARHGAP4;AURKA;TPX2;KIF20B;NF1;SHROOM1;SMC3;MID1IP1;PAFAH1B1;KATNB1;CLASP1;PLEKHG2;FLNB;CENPF;SASS6;CDC42BPA;PCGF5;LMNB1;DYNLL2;KIF3B;MYH9;TUBGCP6;PPP4R2;CDK5RAP2;CTTN;KIF11;MYO9B;CEP192;MAP1S;BCL2L11;MID1;PRC1;CDC42EP2;DLG1;HDAC6;SPTBN1;GEMIN4;ROCK1	K562_13d	IRF1	813	3491	21713	mean_log_expr_perturbed_minus_control	False	H
HALLMARK_MTORC1_SIGNALING	-0.461536360581535	-1.30503820226877	0.0225575369608291	down	200	198	0.10253425891286	0.117910116623497	ENO1;GPI;CCT6A;PDAP1;TOMM40;TPI1;RRM2;CACYBP;PSMC4;PRDX1;PSMG1;TCEA1;DDX39A;RRP9;ACTR3;HSPD1;PSMC6;LDHA;ARPC5L;TUBA4A;DDIT4;GAPDH;TUBG1;UBE2D3;COPS5;HSPA4;XBP1;HMBS;ALDOA;PSMA3;PSMA4;ETF1;PSMC2;AURKA;IDH1;AK4;EEF1E1;GOT1;SRD5A1;ACSL3;PNO1;HSPA9;HPRT1;CANX;ATP5G1;NFKBIB;IMMT;ABCF2;TXNRD1;UCHL5;IFRD1;EBP;ACLY;NAMPT;PSMD14;PNP;GSK3B;QDPR;SLC37A4;UFM1;TBK1;DHFR;FAM129A	K562_13d	IRF1	813	3491	21713	mean_log_expr_perturbed_minus_control	False	H
HALLMARK_MYC_TARGETS_V1	-0.627039757785548	-1.77374351522253	7.58955469857208e-08	down	200	199	3.79477734928604e-06	0.704975715167238	EIF4A1;PSMA7;PSMB3;PSMD3;CCT5;NHP2;SRSF7;CNBP;CYC1;C1QBP;HNRNPA2B1;PPM1G;SRSF2;RANBP1;PSMD8;U2AF1;HDAC2;RAN;PTGES3;MCM7;TCP1;PSMC4;SLC25A3;TYMS;PA2G4;SNRPD2;RPL6;CDC45;SNRPA;PHB;GNB2L1;POLD2;CCT3;CBX3;PRDX4;GLO1;PHB2;RRP9;ILF2;PCNA;VDAC1;HSP90AB1;HSPD1;PSMC6;LDHA;SRM;PRDX3;NPM1;HNRNPD;H2AFZ;RPS2;PSMA1;MRPS18B;COPS5;UBA2;GOT2;EIF1AX;CCT7;PRPF31;PRPS2;TXNL4A;FBL;ODC1;XRCC6;CDK4;PSMA4;CCNA2;ETF1;SSBP1;SERBP1;SRSF3;EIF4E;SNRPD1;PSMD7;TRIM28;CCT2;DHX15;TFDP1;HNRNPU;PSMA6;NOLC1;KARS;TUFM;MAD2L1;HPRT1;CANX;EIF4H;CSTF2;RNPS1;SMARCC1;SF3A1;NME1;IFRD1;UBE2E1;RPS10;BUB3;PSMD14;NDUFAB1;DUT;YWHAQ;LSM2;EXOSC7;PABPC4;PSMB2;EIF4G2;RFC4;GSPT1	K562_13d	IRF1	813	3491	21713	mean_log_expr_perturbed_minus_control	False	H
HALLMARK_MYC_TARGETS_V2	-0.556853032768431	-1.35603432966776	0.0480900409276944	down	58	58	0.20037517053206	0.0847686054189199	TBRG4;PA2G4;PPAN;IMP4;PHB;CBX3;RRP9;MRTO4;DCTPP1;HSPD1;SRM;NPM1;PES1;NOC4L;LAS1L;CDK4;GRWD1;NOLC1;BYSL;TFB2M;SUPV3L1;NOP2;FARSA;MCM4;TMEM97;IPO4;AIMP2;NOP56;SORD	K562_13d	IRF1	813	3491	21713	mean_log_expr_perturbed_minus_control	False	H
HALLMARK_MYOGENESIS	-0.307199219967814	-0.860898812914425	0.84435261707989	down	200	177	0.898247464978606	0.0130066265688478	CKB;EIF4A2;GABARAPL2;PDLIM7;MAPRE3;SPHK1;TNNT1;NQO1;KCNH2;IFRD1;OCEL1;PRNP;DES;MYH9;ITGB1;FXYD1;SMTN;NOTCH1;FDPS;ACSL1;PFKM;PTP4A3;MRAS;MAPK12	K562_13d	IRF1	813	3491	21713	mean_log_expr_perturbed_minus_control	False	H
HALLMARK_NOTCH_SIGNALING	-0.351202242029152	-0.764221052081762	0.844144304247379	down	32	30	0.898247464978606	0.0151691324578637	APH1A;SKP1;PSENEN;ARRB1;DTX2;NOTCH1	K562_13d	IRF1	813	3491	21713	mean_log_expr_perturbed_minus_control	False	H
HALLMARK_OXIDATIVE_PHOSPHORYLATION	-0.581148681533518	-1.64325347984232	1.59899280614267e-05	down	200	198	0.0003997482015356	0.575610261071129	ATP5B;MDH1;ATP5F1;MDH2;POLR2F;GPI;PDHA1;CYC1;NDUFS7;NDUFV1;LDHB;NDUFS3;SLC25A3;ATP5O;ATP5A1;NDUFA9;ACADVL;FH;DLD;SDHA;HCCS;SDHD;SDHC;MRPL15;MRPS12;ECH1;PHB2;NDUFC2;VDAC1;COX6B1;NDUFS2;LDHA;UQCRC2;PDHB;FDX1;SLC25A4;PRDX3;ACAT1;GRPEL1;SLC25A5;CYCS;UQCRC1;NDUFA4;BAX;NDUFA8;NDUFC1;GOT2;NDUFB6;ECHS1;SLC25A11;TIMM13;ATP5L;VDAC2;NDUFB7;IDH1;ETFA;ATP5D;SUCLG1;NDUFA5;ACAA1;CYB5R3;ATP5H;IDH3G;ATP5G3;HSPA9;HTRA2;ATP5G1;MTRR;COX6A1;IMMT;NDUFB4;PMPCA;COX5B;DLST;SUCLA2;SLC25A12;ETFB;ATP6V1C1;HSD17B10;SUPV3L1;BCKDHA;COX4I1;ATP6V1H;MRPS11;NDUFAB1;ATP5J;MRPS15;UQCRFS1;COX7B	K562_13d	IRF1	813	3491	21713	mean_log_expr_perturbed_minus_control	False	H
HALLMARK_P53_PATHWAY	0.403051378385951	1.21030304690242	0.0601329864122579	up	200	192	0.21357519016969	0.0991087684263433	CCNG1;JUN;RPS12;ADCK3;RPL36;AK1;SAT1;BTG1;MAPKAPK3;TRIB3;OSGIN1;RPS27L;TPD52L1;DDIT3;PPP1R15A;ATF3;BAK1;HINT1;GM2A;S100A4;FDXR;RETSAT;RRP8;BTG2;HIST1H1C;TAX1BP3;GADD45A;SOCS1;SERTAD3;RPL18;CYFIP2;NUPR1;RAD51C;DEF6;EPS8L2;MKNK2;IER3;IER5;TRIAP1;FGF13;BLCAP;ZMAT3;RCHY1;CD81;BAIAP2;WWP1;SESN1;F2R;PROCR;HSPA4L;PLK3;TNFSF9;NINJ1;MXD1;IKBKAP;HEXIM1;FUCA1;ANKRA2;CSRNP2;UPP1;XPC;KIF13B;TRAFD1;JAG2;MDM2	K562_13d	IRF1	813	3491	21713	mean_log_expr_perturbed_minus_control	False	H
HALLMARK_PANCREAS_BETA_CELLS	0.551383048525122	1.18857288724477	0.21165780141844	up	40	23	0.440953752955083	0.0444123736809969	SEC11A;SPCS1;ELP4;SRP14;SRPRB;STXBP1;PKLR	K562_13d	IRF1	813	3491	21713	mean_log_expr_perturbed_minus_control	False	H
HALLMARK_PEROXISOME	-0.384606478856955	-1.00434508513011	0.438207699773536	down	104	96	0.68469953089615	0.0236713261107972	CNBP;PRDX1;FIS1;ITGB1BP1;SOD2;SOD1;ECH1;SLC25A4;ISOC1;GSTK1;HSD3B7;CAT;IDH1;PEX14;ACAA1;SLC25A17;ERCC1;SMARCC1;MSH2;ABCD1;HSD17B4	K562_13d	IRF1	813	3491	21713	mean_log_expr_perturbed_minus_control	False	H
HALLMARK_PI3K_AKT_MTOR_SIGNALING	-0.378695881033528	-0.989787237234295	0.468512222761859	down	105	97	0.688455136934483	0.0226097152737021	CFL1;CDK1;UBE2N;ARPC3;ACTR3;TNFRSF1A;UBE2D3;PIN1;CSNK2B;CDK4;EIF4E;GRB2;CAB39;RAC1;NFKBIB;E2F1;PLA2G12A;ADRBK1;AP2M1;GSK3B;PAK4;TBK1;RIPK1;PFN1;CDK2;PIK3R3	K562_13d	IRF1	813	3491	21713	mean_log_expr_perturbed_minus_control	False	H
HALLMARK_PROTEIN_SECRETION	0.35710514378437	0.977096583176625	0.502602811035919	up	96	92	0.688455136934483	0.02949616406587	GOLGA4;GNAS;LMAN1;SEC31A;BET1;RPS6KA3;AP3S1;VAMP7;VAMP4;VPS4B;SCAMP1;RER1;KIF1B;ARCN1;YIPF6;ARFGEF1;IGF2R;AP2B1;TMED2;YKT6;ADAM10;COG2;NAPG;COPB1;CAV2;ANP32E;BNIP3	K562_13d	IRF1	813	3491	21713	mean_log_expr_perturbed_minus_control	False	H
HALLMARK_REACTIVE_OXIGEN_SPECIES_PATHWAY	-0.556612832061981	-1.30942809227502	0.0880153070099148	down	49	47	0.216634130584386	0.0625245409501155	PRDX1;PRDX6;PRDX2;PRDX4;SOD2;SOD1;NDUFS2;ATOX1;PFKP;CAT;NQO1;EGLN2;PDLIM1;NDUFB4;TXNRD1;PRNP;STK25;SCAF4	K562_13d	IRF1	813	3491	21713	mean_log_expr_perturbed_minus_control	False	H
HALLMARK_SPERMATOGENESIS	0.343756197818718	0.966505934886644	0.520232742660672	up	135	110	0.688455136934483	0.0291596706476492	HBZ;MLLT10;LPIN1;PRKAR2A;MLF1;GMCL1;CLPB;RPL39L;CSNK2A2;TTK;GSTM3;PARP2;SIRT1;HSPA4L;IDE	K562_13d	IRF1	813	3491	21713	mean_log_expr_perturbed_minus_control	False	H
HALLMARK_TGF_BETA_SIGNALING	0.512329761235088	1.29229188957277	0.0791774994091231	up	54	52	0.216634130584386	0.0775512583160702	ARID4B;ID3;TJP1;SMAD6;TRIM33;ID1;PPP1R15A;FNTA;TGIF1;NCOR2;SLC20A1;CDKN1C;FKBP1A;PPM1A;TGFBR1;APC;BMPR2;SKI;PPP1CA;JUNB;TGFB1;BMPR1A	K562_13d	IRF1	813	3491	21713	mean_log_expr_perturbed_minus_control	False	H
HALLMARK_TNFA_SIGNALING_VIA_NFKB	0.403625154751807	1.20582639623872	0.064072557050907	up	200	186	0.21357519016969	0.0965275765869161	JUN;RELA;CCNL1;G0S2;SAT1;PDLIM5;BTG1;TANK;TRIP10;SQSTM1;PPP1R15A;CSF1;ATF3;CXCL3;MYC;TGIF1;BTG2;PER1;GADD45A;PLAUR;KLF6;IER3;CYR61;IER5;FUT4;LAMB3;TIPARP;NFIL3;ZFP36;B4GALT5;TNFSF9;BCL6;PNRC1;NINJ1;MXD1;SLC2A3;CFLAR;LITAF;CEBPD;EHD1;CCL5;MAFF;JUNB;FOSB	K562_13d	IRF1	813	3491	21713	mean_log_expr_perturbed_minus_control	False	H
HALLMARK_UNFOLDED_PROTEIN_RESPONSE	-0.421085725398136	-1.11939251766116	0.223595505617978	down	113	111	0.447191011235955	0.0358688289733687	EIF4A1;NHP2;EXOSC4;CKS1B;LSM4;EIF4A2;EIF4EBP1;RRP9;DDIT4;NPM1;H2AFX;PDIA6;XBP1;KIF5B;EIF4E;EXOSC9;SHC1;CEBPB;LSM1;POP4;DNAJC3;NOLC1;HSPA9;EXOSC10;NOP14;SPCS3;GOSR2;EIF4A3;PARN;ZBTB17;YWHAZ;DCP1A;DCTN1;BANF1;CNOT4;PSAT1;GEMIN4;VEGFA;NOP56;IMP3;SLC30A5;PDIA5	K562_13d	IRF1	813	3491	21713	mean_log_expr_perturbed_minus_control	False	H
HALLMARK_UV_RESPONSE_DN	0.41908600501673	1.20321704224036	0.0880829015544041	up	144	130	0.216634130584386	0.0790299034720993	NIPBL;YTHDC1;TJP1;INSIG1;ID1;PDLIM5;DAB2;MYC;SLC7A1;ATRX;ZMIZ1;PRKCA;MAP2K5;NR1D2;CYR61;MIOS;AGGF1;SLC22A18;NR3C1;DBP;FYN;PRKAR2B;ATP5S;PRDM2;SYNJ2;PHF3;CDK13;CELF2;ANXA4;LTBP1;MAPK14;PIK3CD;ACVR2A;BMPR1A;FAM179B;GRK5;PTEN;FHL2	K562_13d	IRF1	813	3491	21713	mean_log_expr_perturbed_minus_control	False	H
HALLMARK_UV_RESPONSE_UP	-0.439117528513806	-1.20850234829013	0.0953190174571296	down	158	147	0.216634130584386	0.0562847952048854	PDAP1;GGH;FKBP4;DNAJA1;AP2S1;SOD2;PSMC3;AMD1;CLTB;TUBA4A;SLC25A4;GRPEL1;H2AFX;STARD3;GAL;NXF1;ALDOA;SIGMAR1;CCND3;CDC34;KCNH2;EIF5;HYAL2;TGFBRAP1;GLS;HNRNPU;ACAA1;UROD;BID;TMBIM6;ATP6V1C1;SPR;IRF1;STK25;FEN1;BCL2L11;RFC4;PPAT;CDK2;AQP3;E2F5;RPN1;GRINA;CHKA;POLG2;HSPA13;SHOX2;FURIN	K562_13d	IRF1	813	3491	21713	mean_log_expr_perturbed_minus_control	False	H
HALLMARK_WNT_BETA_CATENIN_SIGNALING	0.307438166247104	0.732210351729987	0.941948859709744	up	42	38	0.981196728864317	0.0173479791618071	MYC;KAT2A;CSNK1E;NCOR2;NCSTN;PSEN2;MAML1;FRAT1;SKP2;TCF7;JAG2;ADAM17;NUMB;CUL1	K562_13d	IRF1	813	3491	21713	mean_log_expr_perturbed_minus_control	False	H
HALLMARK_XENOBIOTIC_METABOLISM	-0.443717160154742	-1.2362104194696	0.0634213759213759	down	200	167	0.21357519016969	0.0695529583952141	PTGES3;APOE;HES6;IGFBP4;SAR1B;ECH1;PGD;GART;TNFRSF1A;GSTO1;COMT;SLC35B1;DDAH2;LONP1;AHCY;PEMT;MTHFD1;CAT;NQO1;BPHL;IDH1;ACP2;DCXR;KARS;MCCC2;HPRT1;ADH5;BLVRB;TMBIM6;LEAP2;GSS;TMEM97;PGRMC1;CNDP2;GAD1;DAK;ETFDH;AP4B1;PSMB10;ACOX1;NFS1;ALDH9A1;ACO2;CBR1;ALDH2;PYCR1	K562_13d	IRF1	813	3491	21713	mean_log_expr_perturbed_minus_control	False	H
HALLMARK_ADIPOGENESIS	-0.458160358450114	-1.18161731153562	0.123181919892593	down	200	188	0.409226190476191	0.0410264221970887	NDUFB7;APOE;SLC25A1;ALDOA;NDUFS3;NDUFAB1;UQCRC1;NDUFA5;GPX4;UQCR11;SOD1;GHITM;VEGFB;CYC1;SCP2;ETFB;MTCH2;ESRRA;REEP6;SDHC;SDPR;UCP2;PFKL;CDKN2C;PRDX3;BAZ2A;ACADM;ACLY;ANGPT1;COX8A;REEP5;DGAT1;ATP5O;TALDO1;CMBL;AK2;CAT;DRAM2;CHUK;FAH;PEMT;ABCB8;GBE1;ITSN1;MCCC1	K562_13d	NR2C2	1011	3491	21713	mean_log_expr_perturbed_minus_control	False	H
HALLMARK_ALLOGRAFT_REJECTION	0.32133054198781	0.990577589271675	0.455144032921811	up	200	165	0.703324808184143	0.0596578256057473	SRGN;TIMP1;PRKCB;EIF3D;RPL39;EIF3J;DEGS1;ELF4;EIF3A;WAS;SOCS1;NCK1;RPS3A;NPM1;IFNAR2;IFNGR1;GALNT1;IL4R;FLNA;TAPBP;CCND2;ICAM1;CSF1;PTPRC;HIF1A	K562_13d	NR2C2	1011	3491	21713	mean_log_expr_perturbed_minus_control	False	H
HALLMARK_ANDROGEN_RESPONSE	-0.38335792786869	-0.92739762000155	0.61720297029703	down	101	93	0.752686549142719	0.01446631553994	VAPA;KRT8;RAB4A;FADS1;PA2G4;SMS;B2M;SCD;UBE2I;CCND3;CAMKK2;SEC24D;ADRM1;XRCC5;ABHD2;SPCS3;RRP12;SLC38A2;CDK6;RPS6KA3;NGLY1;CENPN;ZBTB10;ZMIZ1	K562_13d	NR2C2	1011	3491	21713	mean_log_expr_perturbed_minus_control	False	H
HALLMARK_ANGIOGENESIS	0.669159431360418	1.55117526777086	0.0147625160462131	up	36	28	0.169172932330827	0.213387923018053	TIMP1;S100A4;PDGFA;JAG2;CCND2	K562_13d	NR2C2	1011	3491	21713	mean_log_expr_perturbed_minus_control	False	H
HALLMARK_APICAL_JUNCTION	-0.406301696514274	-1.0418658749845	0.381593841974191	down	200	176	0.635989736623651	0.0202336054922336	PFN1;HRAS;ACTB;TIAL1;MDK;GAMT;ACTG1;MYL12B;PVRL2;CNN2;ARPC2;NF2;ACTN4;FSCN1;MVD;MYH10;PIK3CB;SDC3;SYK;JUP;MAP4K2;NF1;GTF2F1;MPZL1;TUBG1;PBX2;RHOF;EXOC4;TAOK2;BMP1;FYB;ZYX;PLCG1;INPPL1;ADAM9;KCNH2;NRTN;ARHGEF6;RSU1;CAP1;SHC1;ICAM5;SPEG;TMEM8B;ADAM15	K562_13d	NR2C2	1011	3491	21713	mean_log_expr_perturbed_minus_control	False	H
HALLMARK_APICAL_SURFACE	0.305999784479306	0.75151618211351	0.925207756232687	up	44	36	0.944089547176211	0.0238950778648558	ADIPOR2;EPHB4;PCSK9;B4GALT1;IL2RG;LYPD3;NCOA6	K562_13d	NR2C2	1011	3491	21713	mean_log_expr_perturbed_minus_control	False	H
HALLMARK_APOPTOSIS	0.413149491126886	1.25794633024328	0.030511060259344	up	161	149	0.254258835494533	0.229089382980959	TOP2A;DFFA;TIMP1;SAT1;TNFRSF12A;TXNIP;RETSAT;PMAIP1;DDIT3;JUN;IGF2R;DNM1L;CASP2;SLC20A1;ADD1;MADD;DNAJA1;CLU;LMNA;RELA;WEE1;PPP2R5B;IFNGR1;ENO2;CDK2;CD69;ROCK1;FDXR;IFITM3;CCND2;CDKN1A;PSEN2;PPT1;IGFBP6;BCL2L11;SMAD7;LGALS3;BTG3	K562_13d	NR2C2	1011	3491	21713	mean_log_expr_perturbed_minus_control	False	H
HALLMARK_BILE_ACID_METABOLISM	-0.409101715949141	-0.999976509191588	0.471289537712895	down	112	102	0.703324808184143	0.0181441170965448	SOD1;FADS1;SLC27A5;HSD3B7;SCP2;KLF1;GSTK1;ISOC1;ACSL1;HSD17B4;CAT;GCLM;HACL1;MLYCD;GNPAT;PFKM;PXMP2;ABCA3;RXRA;ABCA8;HSD17B11;SULT2B1;LONP2;PRDX5;EPHX2;NEDD4;PECR;OPTN	K562_13d	NR2C2	1011	3491	21713	mean_log_expr_perturbed_minus_control	False	H
HALLMARK_CHOLESTEROL_HOMEOSTASIS	-0.350210134751438	-0.816355969431614	0.806188503366132	down	74	66	0.875840908108731	0.0112316259765883	TMEM97;SCD;NSDHL;ACSS2;ALDOC;ACTG1;FBXO6;ACAT2;FDFT1;PCYT2;MVD;PNRC1;EBP;CHKA;LSS;SREBF2;HMGCR;FABP5;PMVK;ETHE1	K562_13d	NR2C2	1011	3491	21713	mean_log_expr_perturbed_minus_control	False	H
HALLMARK_COAGULATION	0.367650744279067	1.08173551837189	0.222619047619048	up	138	111	0.504383526097272	0.0732425961656048	TIMP1;GNB2;CTSH;PEF1;CTSB;S100A13;USP11;CLU;CFD;FYN;C2;CD9;WDR1;SH2B2;MAFF;SIRT2;CSRP1;PLAU;LTA4H;PLEK;TIMP3;GSN	K562_13d	NR2C2	1011	3491	21713	mean_log_expr_perturbed_minus_control	False	H
HALLMARK_COMPLEMENT	0.388049280166492	1.19948989707874	0.0580539656582175	up	200	167	0.362837285363859	0.171214318379654	TIMP1;HSPA1A;GNAI2;GNB2;HSPA5;CTSH;USP14;PIM1;CD46;ANXA5;CTSB;S100A13;CTSC;USP16;WAS;KYNU;GNAI3;PCSK9;PRCP;PRDM4;CLU;LAP3;AKAP10;PLSCR1;DOCK9;XPNPEP1;CDK5R1;FYN;PIK3CG;SCG3;GNB4;RHOG;BRPF3;GMFB;C2;LGALS3;CDA	K562_13d	NR2C2	1011	3491	21713	mean_log_expr_perturbed_minus_control	False	H
HALLMARK_DNA_REPAIR	-0.512246538736679	-1.2915469963312	0.043805771236528	down	150	142	0.3128983659752	0.0728383861629769	POLR2F;DUT;NME4;NME1;DAD1;TYMS;TCEB3;GPX4;AK1;TAF10;RPA3;POLR2H;AK3;ZWINT;ITPA;POLD1;SAC3D1;APRT;RFC2;ZNRD1;EDF1;POLR2K;GTF2A2;PNP;NT5C;ERCC8;GUK1;RFC4;POLR1D;POLR2I;SURF1;RBX1;TAF9;DGUOK;POLR2C;ADRM1;POLR2E;PCNA;BRF2;RALA;POLD3;SUPT5H;IMPDH2;HPRT1;NCBP2;MRPL40;DFNA5;CANT1;HCLS1	K562_13d	NR2C2	1011	3491	21713	mean_log_expr_perturbed_minus_control	False	H
HALLMARK_E2F_TARGETS	-0.41181958351097	-1.06556734870655	0.322731316725979	down	200	198	0.556433304699963	0.0225658127229911	RANBP1;DUT;POLD2;NME1;TRA2B;POP7;CKS1B;RPA3;ILF3;CDK1;PA2G4;EED;HMGA1;POLD1;PRDX4;UBE2S;RAN;H2AFX;SLBP;CDK4;RFC2;ASF1B;DSCC1;STMN1;POLE;SMC1A;DCTPP1;EXOSC8;DEK;CDKN2C;TACC3;TBRG4;SUV39H1;HMGB2;H2AFZ;MSH2;TCF19;MMS22L;SHMT1;PCNA;AURKB;SNRPB;KIF4A;AK2;SRSF2;POLD3;SMC4;GSPT1;SYNCRIP;AURKA;NOLC1;PAICS;TUBB;CDC25B;PLK1;MYBL2;TRIP13;DLGAP5;GINS3;E2F8;LYAR;TUBG1;HMGB3;NUP153;KIF2C;SRSF1;PPM1D;PAN2	K562_13d	NR2C2	1011	3491	21713	mean_log_expr_perturbed_minus_control	False	H
HALLMARK_EPITHELIAL_MESENCHYMAL_TRANSITION	0.449922346885238	1.3768058868358	0.0041900616606446	up	200	155	0.0698343610107447	0.407017918923954	VIM;TIMP1;SAT1;TNFRSF12A;COPA;QSOX1;PLOD1;JUN;PPIB;EMP3;FGF2;ENO2;ITGB5;FLNA;MCM7	K562_13d	NR2C2	1011	3491	21713	mean_log_expr_perturbed_minus_control	False	H
HALLMARK_ESTROGEN_RESPONSE_EARLY	-0.356343346916233	-0.916618677441932	0.680647700438547	down	200	182	0.787713032864699	0.0116515808703196	CHPT1;KRT8;KRT18;ARL3;NXT1;IGFBP4;BLVRB;TPD52L1;FKBP4;NADSYN1;FDFT1;UNC119;XBP1;SYNGR1;ABHD2;SIAH2;RRP12;MYBBP1A;CANT1;PPIF;MED13L;OPN3;AQP3;TMEM164;TGM2;AKAP1;ELF1;NCOR2;FHL2;SCARB1;ENDOD1;SLC16A1;BAG1;KDM4B;FAM102A;ABCA3;TOB1;TFF1;FAM63A;MED24;SLC9A3R1;SULT2B1;KRT15;FKBP5;TUBB2B	K562_13d	NR2C2	1011	3491	21713	mean_log_expr_perturbed_minus_control	False	H
HALLMARK_ESTROGEN_RESPONSE_LATE	-0.331631264013952	-0.851330236478013	0.823290453622207	down	200	178	0.875840908108731	0.0087845553767436	DCXR;CHPT1;COX6C;CKB;ARL3;ETFB;NXT1;GALE;IGFBP4;BLVRB;MDK;TPD52L1;CXCL14;PRKAR2B;FKBP4;FDFT1;RABEP1;XBP1;DNAJC12;ABHD2;SIAH2;HPRT1;PPIF;OPN3	K562_13d	NR2C2	1011	3491	21713	mean_log_expr_perturbed_minus_control	False	H
HALLMARK_FATTY_ACID_METABOLISM	-0.344589220905886	-0.867827334693942	0.770284387695879	down	158	140	0.85587154188431	0.0102735227865112	NTHL1;ALDOA;ODC1;SMS;HSPH1;ADSL;PCBD1;NSDHL;SDHD;REEP6;SDHC;MIF;PDHB;ACAT2;ACADM;LDHA;ACSL1;MDH1;H2AFZ;HSD17B4;PDHA1;SERINC1;ACADVL;CBR1;GRHPR;FH;HSDL2;NCAPH2;RDH11;UROS;MLYCD	K562_13d	NR2C2	1011	3491	21713	mean_log_expr_perturbed_minus_control	False	H
HALLMARK_G2M_CHECKPOINT	0.366347396297359	1.14868756462236	0.0822596630327057	up	200	196	0.369283690813436	0.158177999589196	MYC;TOP2A;TMPO;NASP;CUL1;MCM3;E2F3;KPNB1;SQLE;TOP1;HNRNPU;ORC6;MT2A;SLC7A5;KPNA2;MAD2L1;SFPQ;DR1;ABL1;CENPF;ORC5;RBM14;KIF22;TROAP;CDC6;SRSF10;CDC20;CASC5;EWSR1;BRCA2;BIRC5;HNRNPD;ATF5;PRIM2;CBX1;RAD21;CENPE;PURA;YTHDC1;PTTG1;HIRA;MTF2;CHEK1;PBK;BARD1;EZH2;NUP98;DTYMK;NCL;TPX2;CCNF;WHSC1;DKC1;CHMP1A;MCM5;KIF15;ATRX;KIF20B;HIF1A	K562_13d	NR2C2	1011	3491	21713	mean_log_expr_perturbed_minus_control	False	H
HALLMARK_GLYCOLYSIS	-0.465447348304049	-1.19847383662267	0.102512337371018	down	200	184	0.369283690813436	0.0455008642931611	FAM162A;ALDOA;TPI1;B3GAT3;SOD1;AK3;CDK1;RBCK1;GOT1;ANKZF1;NSDHL;GALK1;CITED2;GALE;SDHC;MIF;STMN1;PPIA;PGLS;AK4;HAX1;FKBP4;LDHA;HDLBP;HS2ST1;MDH1;CHPF;TALDO1;GOT2;ERO1L;AURKA;CASP6;DDIT4;LHPP;SDC3;POLR3K;HOMER1;PFKP;RPE;SLC37A4;CHST2;DSC2;KIF2A;MPI;ALG1;PGK1;PAXIP1;AGRN	K562_13d	NR2C2	1011	3491	21713	mean_log_expr_perturbed_minus_control	False	H
HALLMARK_HEDGEHOG_SIGNALING	-0.439573275293683	-0.90961397490585	0.614551754006063	down	36	29	0.752686549142719	0.0167588640147525	CDK6;PML;NF1;TLE3;HEY1;RASA1;OPHN1;ACHE;DPYSL2;HEY2;GPR56	K562_13d	NR2C2	1011	3491	21713	mean_log_expr_perturbed_minus_control	False	H
HALLMARK_HEME_METABOLISM	-0.367630496247527	-0.950821131994404	0.601267934601268	down	200	195	0.752686549142719	0.0133011289171704	HIST1H4C;HMBS;NARF;PRDX2;HBQ1;PSMD9;GYPC;GLRX5;GYPB;HTRA2;KLF1;BPGM;BLVRB;CCND3;TMEM9B;UCP2;PGLS;LMO2;MINPP1;TCEA1;FBXO7;FECH;ADIPOR1;NR3C1;FBXO9;EIF2AK1;HEBP1;RHAG;FBXO34;MYL4;CAT;GYPE;GCLM;NNT;CA1;FN3K;SELENBP1;MAP2K3;BNIP3L;HBD;NEK7;UROS;AQP3;RAP1GAP;UBAC1;GDE1;EZH1;SLC6A8;ATG4A	K562_13d	NR2C2	1011	3491	21713	mean_log_expr_perturbed_minus_control	False	H
HALLMARK_HYPOXIA	-0.419982039286082	-1.08031589401406	0.293714157202294	down	200	182	0.529931218885781	0.024266743325205	FAM162A;SLC25A1;ALDOA;TPI1;GAPDH;ANKZF1;GALK1;SLC6A6;CITED2;GPI;HK1;ALDOC;MIF;AK4;PFKL;NR3C1;LDHA;HDLBP;KLHL24;ERO1L;GRHPR;PNRC1;SIAH2;CASP6;DDIT4;SELENBP1;SDC3;BNIP3L;VHL;PFKP;GBE1;SLC37A4;ANXA2;HOXB9;CHST2;TGM2;SLC2A3;WSB1;DUSP1;PGK1;SCARB1;PRKCA;BCAN	K562_13d	NR2C2	1011	3491	21713	mean_log_expr_perturbed_minus_control	False	H
HALLMARK_IL2_STAT5_SIGNALING	0.338054790448819	1.05358001694713	0.255813953488372	up	200	181	0.511627906976744	0.0841553633643137	MYC;P4HA1;PLIN2;BHLHE40;GSTO1;PIM1;IGF2R;POU2F1;CDC6;MUC1;KLF6;COCH;SOCS1;ETV4;CDC42SE2;HUWE1;MYO1C;PDCD2L;N6AMT2;IFNGR1;PLEC;TNFRSF1B;PLSCR1;IL4R;IFITM3;CCND2;CSF1;SLC1A5;CD81;TWSG1;IKZF4;AHNAK;DHRS3;ARL4A;CYFIP1;ITIH5;CDKN1C;ENO3;PRNP;SPRED2;MAFF;CISH;NFKBIZ;HIPK2;MXD1;ANXA4;RNH1	K562_13d	NR2C2	1011	3491	21713	mean_log_expr_perturbed_minus_control	False	H
HALLMARK_IL6_JAK_STAT3_SIGNALING	0.4300347670737	1.20312515721213	0.103399433427762	up	87	76	0.369283690813436	0.0965275765869161	TNFRSF12A;PTPN1;PIM1;MYD88;JUN;ACVRL1;SOCS1;IL13RA1;IFNGR1;TNFRSF1B;STAT2;IL4R;CBL;CSF1;IL6ST;IL2RG;CD9;PTPN2;CXCL3	K562_13d	NR2C2	1011	3491	21713	mean_log_expr_perturbed_minus_control	False	H
HALLMARK_INFLAMMATORY_RESPONSE	0.376081052374552	1.16070252972217	0.0790123456790123	up	200	166	0.369283690813436	0.146922135732098	MYC;TIMP1;ATP2A2;NMI;KLF6;SPHK1;EIF2AK2;SLC11A2;GNAI3;IFITM1;EMP3;RELA;GABBR1;TNFRSF1B;CD69;IL4R;TAPBP;ICAM1;CSF1;HIF1A;RHOG;CDKN1A;C3AR1;ADORA2B;STAB1;CD82;BTG2;SCARF1;MXD1;SCN1B;IRF7;CCL2;IL8;CCRL2;KIF1B	K562_13d	NR2C2	1011	3491	21713	mean_log_expr_perturbed_minus_control	False	H
HALLMARK_INTERFERON_ALPHA_RESPONSE	0.320397474113096	0.913527276935738	0.693187468920935	up	97	86	0.787713032864699	0.0358538738431883	TXNIP;NMI;TRIM25;PROCR;ADAR;UBE2L6;EIF2AK2;PSME1;OGFR;IFITM1;LAP3;PLSCR1;STAT2;IL4R;IFITM3;PARP14;SLC25A28;CSF1;CMPK2;SP110;PARP12;NCOA7	K562_13d	NR2C2	1011	3491	21713	mean_log_expr_perturbed_minus_control	False	H
HALLMARK_INTERFERON_GAMMA_RESPONSE	-0.319788186177746	-0.818947296109239	0.880866016776241	down	200	173	0.917568767475251	0.0077284362748914	BST2;ISG15;RBCK1;B2M;PNPT1;BPGM;ISOC1;PNP;SRI;LY6E;STAT3;PSME2;PSMB2;PSMA3;NUP93;SOD2;NAMPT;PML;PFKP;WARS;ST3GAL5;IFI27;NOD1;IFI35;RAPGEF6;LCP2;IFI30;SOCS3;LYSMD2	K562_13d	NR2C2	1011	3491	21713	mean_log_expr_perturbed_minus_control	False	H
HALLMARK_KRAS_SIGNALING_DN	-0.301056886425111	-0.754307880196621	0.953332549664982	down	200	132	0.953332549664982	0.0069664641499995	TNNI3;CCDC106;GAMT;MTHFR;MAST3;SKIL;SPHK2;CHST2;CKM;THRB;SLC29A3;PLAG1;NR6A1;SGK1;MFSD6;KRT15	K562_13d	NR2C2	1011	3491	21713	mean_log_expr_perturbed_minus_control	False	H
HALLMARK_KRAS_SIGNALING_UP	0.344829577626021	1.06144902042159	0.232142857142857	up	200	162	0.504383526097272	0.0841553633643137	PPP1R15A;G0S2;ZNF277;TFPI;AKT2;ZNF639;ETV4;RBM4;TNFRSF1B;LCP1;CCND2;SLMO2;CBL;SCG3;C3AR1;GABRA3;ETV5;GLRX;IL2RG;NIN;PSMB8;FUCA1;IKZF1;SCN1B;STRN;PLAU;CDADC1;ANKH	K562_13d	NR2C2	1011	3491	21713	mean_log_expr_perturbed_minus_control	False	H
HALLMARK_MITOTIC_SPINDLE	0.309720309194891	0.973977068897059	0.538916256157636	up	200	199	0.738402145168292	0.060003465477807	TOP2A;PDLIM5;MID1IP1;LRPPRC;EPB41;PCM1;CYTH2;ABL1;CENPF;CLIP1;KIF22;DYNC1H1;HOOK3;UXT;KPTN;PCNT;BRCA2;BIRC5;RFC1;PREX1;NCK1;CENPE;MAP3K11;EPB41L2;SPTBN1;CD2AP;ANLN;CDK5RAP2;TUBGCP5;TPX2;ROCK1;APC;ECT2;FLNA;KIF15;KIF20B;ARHGEF7;LLGL1;ARHGEF12;ARHGEF2;KIF5B;BCL2L11;GEMIN4;TTK;NIN;CCDC88A;CDC42BPA;VCL;KNTC1;HDAC6;ARHGAP5;TLK1	K562_13d	NR2C2	1011	3491	21713	mean_log_expr_perturbed_minus_control	False	H
HALLMARK_MTORC1_SIGNALING	-0.427266502566884	-1.10553565823609	0.24210409252669	down	200	198	0.504383526097272	0.0273526093026244	PSMB5;ARPC5L;ALDOA;HMBS;TPI1;GAPDH;BCAT1;PSMD14;SERP1;RRP9;FADS1;YKT6;TMEM97;GOT1;COPS5;ABCF2;PSMG1;SCD;ATP5G1;PSMC2;SLC6A6;EEF1E1;GPI;PNP;SERPINH1;FKBP2;PPIA;AK4;PFKL;TCEA1;ACLY;LDHA;CCNG1;PPA1;UCHL5;PRDX1;PSMA3;ACTR3;XBP1;ERO1L;AURKA;DDIT4;HPRT1;MAP2K3;NAMPT;EBP;RDH11;PLK1;NFYC;PSAT1;USO1;UFM1;GBE1;SLC37A4;PSMA4;WARS;PSPH;STIP1;PNO1;TUBG1;TBK1;SLC7A11;SLC2A3;EPRS;RIT1;POLR3G;PGK1;IMMT;NMT1;GGA2;IFI30;EGLN3;MCM2;HMGCR	K562_13d	NR2C2	1011	3491	21713	mean_log_expr_perturbed_minus_control	False	H
HALLMARK_MYC_TARGETS_V1	-0.630218602564873	-1.63057115455566	2.58357321435104e-06	down	200	199	0.0001291786607175	0.627256739718528	EEF1B2;RANBP1;NHP2;NOP16;EIF4G2;LSM7;DUT;POLD2;NME1;TRA2B;RPS2;C1QBP;NDUFAB1;TCP1;MRPL9;SRSF3;TYMS;VBP1;EIF1AX;RNPS1;HNRNPA3;PSMD14;EXOSC7;SRSF7;ODC1;ERH;TARDBP;RRP9;ILF2;FBL;ACP1;PPM1G;PA2G4;CBX3;PSMD8;RAD23B;SRM;CDC45;MRPL23;CYC1;PHB;PRDX4;COPS5;RAN;CNBP;MRPS18B;KARS;RPS10;RSL1D1;VDAC1;AIMP2;SNRPA;CDK4;TXNL4A;RPS5;SNRPA1;EIF4A1;RFC4;PPIA;DEK;VDAC3;RPL14;SNRPD2;SNRPD1;PRDX3;LDHA;PTGES3;PHB2;G3BP1;TRIM28;SERBP1;CCT7;H2AFZ;PSMB2;RPLP0;SF3A1;PCNA;HDDC2;HNRNPA2B1;PCBP1;GOT2;SRSF2;TUFM;PSMB3;GSPT1;SYNCRIP;RUVBL2;IMPDH2;NOLC1;HPRT1;NCBP2;SET;UBA2;U2AF1;PRPF31	K562_13d	NR2C2	1011	3491	21713	mean_log_expr_perturbed_minus_control	False	H
HALLMARK_MYC_TARGETS_V2	-0.573502669258025	-1.31713118646893	0.0710906701708279	down	58	58	0.369283690813436	0.0603547333389437	NOP16;FARSA;RRP9;PA2G4;CBX3;SRM;TMEM97;PHB;AIMP2;CDK4;MRTO4;DCTPP1;TBRG4;PPAN;NIP7;NOLC1;RRP12;MYBBP1A;PLK1;RABEPK;TFB2M;GNL3;LAS1L;SUPV3L1;IMP4;EXOSC5;NOC4L;GRWD1;NOP2;MAP3K6	K562_13d	NR2C2	1011	3491	21713	mean_log_expr_perturbed_minus_control	False	H
HALLMARK_MYOGENESIS	-0.390582005101014	-1.00221842732855	0.469251639158942	down	200	177	0.703324808184143	0.017127398564942	TNNT1;MYL6B;AK1;GABARAPL2;OCEL1;CKB;MEF2C;IGF1;PTP4A3;SCD;SYNGR2;NOTCH1;TPD52L1;EIF4A2;ACSL1;MYL4;PDE4DIP;DES;MAPRE3;RB1;PFKM;SLC6A8;MRAS;RIT1;CKM;TEAD4;AGRN;SPTAN1	K562_13d	NR2C2	1011	3491	21713	mean_log_expr_perturbed_minus_control	False	H
HALLMARK_NOTCH_SIGNALING	-0.480798510635956	-0.99843604911906	0.478260869565217	down	32	30	0.703324808184143	0.0204574864805362	APH1A;NOTCH1;RBX1;DTX2;MAML2;ARRB1;PPARD;PRKCA	K562_13d	NR2C2	1011	3491	21713	mean_log_expr_perturbed_minus_control	False	H
HALLMARK_OXIDATIVE_PHOSPHORYLATION	-0.561205926518318	-1.4520987712635	0.0011567766603663	down	200	198	0.0289194165091579	0.45505986738723	NDUFB7;NDUFV2;TIMM8B;NDUFA3;POLR2F;ATP6V1F;NDUFA7;NDUFS3;TIMM13;SLC25A4;NDUFAB1;COX6C;UQCRC1;NDUFA5;ATP5F1;GPX4;UQCRFS1;UQCR11;NDUFB2;NDUFS7;ATP5E;CYB5R3;NDUFS6;HTRA2;CYC1;ETFB;NDUFC1;ATP5G2;TOMM22;SDHD;NDUFA4;ATP5G1;VDAC1;NDUFA8;ATP6V1E1;COX7A2;CYCS;COX6B1;GPI;ATP5J;SDHC;MTX2;NDUFA9;PDHB;LDHB;ATP6V1G1;HADHA;ATP5B;MRPS15;VDAC3;SURF1;ALAS1;PRDX3;ACADM;SLC25A5;LDHA;PHB2;RHOT2;COX8A;MDH1;VDAC2;OXA1L;ETFA;NDUFS8;ATP5O;GOT2;PDHA1;ACADVL;ATP5A1;NNT;FH;NDUFB8;FDX1;MRPL34;PDHX;TIMM10;COX5B;COX5A;UQCRB;GLUD1;SUPV3L1;HCCS;NDUFV1;COX7A2L	K562_13d	NR2C2	1011	3491	21713	mean_log_expr_perturbed_minus_control	False	H
HALLMARK_P53_PATHWAY	0.342965357853199	1.07158962310839	0.2198233562316	up	200	192	0.504383526097272	0.0954173509538673	PPP1R15A;SAT1;SLC3A2;EPHX1;TXNIP;RETSAT;TRAF4;DDIT3;JUN;TSC22D1;ZFP36L1;TM7SF3;ADCK3;PROCR;WRAP73;PRKAB1;S100A4;SPHK1;SOCS1;FGF13;BTG1;RAD51C;SERTAD3;ABCC5;HSPA4L;MDM2;PDGFA;GM2A;FDXR;DNTTIP2;TRIB3;HDAC3;MAPKAPK3;JAG2;CDK5R1;CCND2;POLH;SLC19A2;PLXNB2;DRAM1;RAD9A;CD81;TAX1BP3;CDKN1A;HEXIM1;STOM;ZMAT3;AEN;POM121;CCP110;PIDD;VAMP8;CD82;TAP1;BAIAP2;BTG2;CEBPA;FUCA1;SLC35D1;RPL18	K562_13d	NR2C2	1011	3491	21713	mean_log_expr_perturbed_minus_control	False	H
HALLMARK_PANCREAS_BETA_CELLS	-0.458774939078174	-0.911943144856969	0.602452886628777	down	40	23	0.752686549142719	0.017568802589474	SRP14;ELP4;LMO2	K562_13d	NR2C2	1011	3491	21713	mean_log_expr_perturbed_minus_control	False	H
HALLMARK_PEROXISOME	-0.449997302459251	-1.09143267838605	0.296761482576037	down	104	96	0.529931218885781	0.0256064697418265	SLC25A4;SOD1;FADS1;HRAS;HSD3B7;SCP2;CNBP;TSPO;GSTK1;ISOC1;NUDT19;CDK7;ACSL1;MSH2;ITGB1BP1;PRDX1;HSD17B4;CAT;PEX5;SOD2;CTBP1;RDH11;IDE;MLYCD;GNPAT;CRABP2;SLC25A17;ERCC1;PABPC1;DLG4;MVP;ABCB9;HSD17B11;PEX2;SULT2B1;LONP2;PRDX5;EPHX2;ACAA1	K562_13d	NR2C2	1011	3491	21713	mean_log_expr_perturbed_minus_control	False	H
HALLMARK_PI3K_AKT_MTOR_SIGNALING	-0.456298810034474	-1.10855814964345	0.267493248219985	down	105	97	0.514410092730741	0.027336556106222	PFN1;UBE2N;YWHAB;PLA2G12A;CDK1;MAPK1;PPP1CA;HRAS;AP2M1;CFL1;ARPC3;CDK4;AKT1S1;E2F1;MKNK1;ACTR3;TNFRSF1A;MAP2K3;PTPN11;SMAD2;PPP2R1B;RPS6KA3;MAP3K7;PRKAG1;MKNK2;NOD1;TBK1;RIT1;RPS6KA1;PLCG1;RAF1;RAC1	K562_13d	NR2C2	1011	3491	21713	mean_log_expr_perturbed_minus_control	False	H
HALLMARK_PROTEIN_SECRETION	-0.371779779143625	-0.897752210680766	0.677487562189055	down	96	92	0.787713032864699	0.0131917204632651	COPE;KRT18;SOD1;RAB2A;MAPK1;AP2S1;YKT6;AP2M1;CD63;ATP1A1;AP2B1;SEC24D;TMX1;TMED10;STX12;COPB1;AP3B1;VAMP3;USO1;ERGIC3;ARCN1;RPS6KA3;STX7;TSG101;AP1G1	K562_13d	NR2C2	1011	3491	21713	mean_log_expr_perturbed_minus_control	False	H
HALLMARK_REACTIVE_OXIGEN_SPECIES_PATHWAY	-0.531547792159436	-1.18403272857691	0.202179836512262	down	49	47	0.504383526097272	0.0345671218497702	ATOX1;PRDX2;PDLIM1;GPX4;SOD1;PRDX4;JUNB;FTL;PRDX1;GLRX2;CAT;GCLM;STK25;SOD2;PFKP;ABCC1	K562_13d	NR2C2	1011	3491	21713	mean_log_expr_perturbed_minus_control	False	H
HALLMARK_SPERMATOGENESIS	-0.478227049763606	-1.17802380455342	0.163719475520269	down	135	110	0.481527869177263	0.0363555960049805	TNNI3;CDK1;TSN;PSMG1;MLF1;MLLT10;PHF7;RFC4;VDAC3;RAD17;NF2;CHFR;SIRT1;TALDO1;AURKA;TOPBP1;PEBP1;IDE;IP6K1;SLC12A2;STAM2;NCAPH;KIF2C;PIAS2;GMCL1	K562_13d	NR2C2	1011	3491	21713	mean_log_expr_perturbed_minus_control	False	H
HALLMARK_TGF_BETA_SIGNALING	0.438948251377665	1.15785321378921	0.175217048145225	up	54	52	0.486714022625625	0.0669695786521622	PPP1R15A;ID3;HDAC1;ID1;TJP1;TGIF1;SLC20A1;ARID4B;RAB31;SPTBN1;APC;SMAD7;CDKN1C;KLF10;SKI;XIAP;HIPK2	K562_13d	NR2C2	1011	3491	21713	mean_log_expr_perturbed_minus_control	False	H
HALLMARK_TNFA_SIGNALING_VIA_NFKB	0.401364590240988	1.25096717276274	0.0169172932330827	up	200	186	0.169172932330827	0.34452128726268	MYC;PPP1R15A;SAT1;PDLIM5;G0S2;BHLHE40;JUN;CCNL1;TSC22D1;KLF6;TNIP1;LITAF;TGIF1;SPHK1;BTG1;KYNU;RELA;KDM6B;B4GALT1;STAT5A;CD69;IER2;PER1;ICAM1;DRAM1;CSF1;HES1;TNFAIP8;IL6ST;TIPARP;NR4A2;CDKN1A;FOSL2;ETS2;BIRC2;BTG3;KLF10;TAP1;BTG2;MAFF;LAMB3;IL23A;CXCL3;MXD1;CXCL2;PLAU;CCL2;B4GALT5;CCRL2;DDX58;PLEK	K562_13d	NR2C2	1011	3491	21713	mean_log_expr_perturbed_minus_control	False	H
HALLMARK_UNFOLDED_PROTEIN_RESPONSE	0.391013552529218	1.15047570151135	0.130952380952381	up	113	111	0.409226190476191	0.0963025229566543	EIF4G1;SEC11A;ATF4;HERPUD1;TARS;HSPA5;NFYB;PDIA6;YIF1A;HSPA9;KDELR3;SLC7A5;SKIV2L2;SRPR;EIF4A3;EEF2;IARS;EIF4E;PAIP1;ATF6;TATDN2;SPCS1;BAG3;NOP56;BANF1;CALR;HYOU1;NPM1;CNOT6;ALDH18A1;CXXC1;DNAJB9;DKC1;HSP90B1;DCP2;ZBTB17;KIF5B;EXOSC10;MTHFD2;GEMIN4;WIPI1;KHSRP	K562_13d	NR2C2	1011	3491	21713	mean_log_expr_perturbed_minus_control	False	H
HALLMARK_UV_RESPONSE_DN	0.387741162176538	1.1608115898918	0.100472016183412	up	144	130	0.369283690813436	0.117506481856722	MYC;PDLIM5;INSIG1;ADD3;ID1;BHLHE40;TFPI;MT1E;TJP1;MRPS31;SPOP;ICA1;YTHDC1;DYRK1A;DBP;PEX14;FYN;ATRX;MAPK14;SCAF8;SYNJ2;SMAD7;ADORA2B;CDC42BPA;PAPD7;DAB2	K562_13d	NR2C2	1011	3491	21713	mean_log_expr_perturbed_minus_control	False	H
HALLMARK_UV_RESPONSE_UP	-0.442313900137869	-1.11828172902038	0.231541301338256	down	158	147	0.504383526097272	0.0287956022589584	ATP6V1F;ALDOA;SLC25A4;SEPW1;EIF5;POLR2H;PSMC3;PPP1R2;AP2S1;YKT6;MRPL23;H2AFX;CCND3;DNAJB1;JUNB;RFC4;RAB27A;FKBP4;ALAS1;KLHDC3;GGH;SIGMAR1;DGAT1;STK25;SOD2;MARK2;APOM;PPIF;TMBIM6;BID;AQP3;CHKA;STIP1;SLC6A8;PRKACA;HYAL2;AMD1;NUPL1;PRKCD;DLG4;MGAT1;KCNH2;NAT1;POLG2;BAK1;GRPEL1;CDC34;NFKBIA	K562_13d	NR2C2	1011	3491	21713	mean_log_expr_perturbed_minus_control	False	H
HALLMARK_WNT_BETA_CATENIN_SIGNALING	0.380950356642915	0.944585856450299	0.540407589599438	up	42	38	0.738402145168292	0.0338468518961559	MYC;CUL1;CSNK1E;JAG2;CCND2;PSEN2;DVL2;KAT2A;HDAC5;TCF7;TP53	K562_13d	NR2C2	1011	3491	21713	mean_log_expr_perturbed_minus_control	False	H
HALLMARK_XENOBIOTIC_METABOLISM	-0.380420287343509	-0.971354529925479	0.546417587424536	down	200	167	0.738402145168292	0.0150269243504847	APOE;DCXR;BCAT1;ACP1;HES6;TMEM97;IGF1;AHCY;KARS;SLC6A6;SSR3;IGFBP4;BLVRB;PTGDS;ALAS1;PTGES3;LONP1;CAT;TNFRSF1A;ARG2;CBR1;ACP2;CASP6;HPRT1;DDAH2;HACL1;JUP;TMBIM6;LEAP2;ENTPD5;FAH;PEMT;PPARD;RAP1GAP;GSTM4;GSS;DHRS1	K562_13d	NR2C2	1011	3491	21713	mean_log_expr_perturbed_minus_control	False	H
HALLMARK_ADIPOGENESIS	-0.430375439164417	-1.23241247305573	0.0575611712795828	down	200	188	0.296088373777617	0.0840040435343081	NDUFB7;SLC25A1;NDUFA5;ECH1;CHCHD10;IMMT;REEP5;ESRRA;ALDOA;AK2;MRPL15;GPX4;GHITM;RIOK3;GADD45A;CMPK1;SLC5A6;CAT;SLC19A1;PEMT;REEP6;COX7B;NDUFS3;MDH2;UQCRC1;ECHS1;IDH3G;HIBCH;NDUFAB1;SDHC;TALDO1;CYC1;CMBL;PEX14;ABCB8;AGPAT6;CD151;VEGFB;CHUK;PHLDB1;COX8A;MCCC1;BCL2L13;DDT;UBQLN1;PRDX3;SDPR;EPHX2;SCARB1	K562_13d	YY1	824	3491	21713	mean_log_expr_perturbed_minus_control	False	H
HALLMARK_ALLOGRAFT_REJECTION	0.521620945928174	1.47453758049072	0.0037713378324732	up	200	165	0.037713378324732	0.335068558717014	B2M;TIMP1;EIF3D;FYB;WARS;PTPRC;RPL39;IFNGR1;CD47;NPM1;ICAM1;BCAT1;GALNT1;FLNA;LYN;F2R;CTSS;AKT1;IL4R;SPI1;ABCE1;EIF3J;FCGR2B;IL18;AARS;DEGS1;TRAF2;CD96;BRCA1;EIF4G3;ELF4;PRKCB	K562_13d	YY1	824	3491	21713	mean_log_expr_perturbed_minus_control	False	H
HALLMARK_ANDROGEN_RESPONSE	0.491617615277134	1.29398747293079	0.0539789640801746	up	101	93	0.296088373777617	0.0863599961425958	B2M;LMAN1;NGLY1;SAT1;UBE2J1;UBE2I;PGM3;ARID5B;TMEM50A;ELOVL5;DNAJB9;ABHD2;PDLIM5;ABCC4;SEC24D;HPGD;ELK4;AKT1;XRCC5;CCND1;NCOA4;HMGCS1;SPCS3;FADS1;SMS;SRF	K562_13d	YY1	824	3491	21713	mean_log_expr_perturbed_minus_control	False	H
HALLMARK_ANGIOGENESIS	0.560778397634008	1.21056227787741	0.195339805825243	up	36	28	0.452594996187741	0.0431492457223638	TIMP1;PDGFA;PRG2;LRPAP1;MSX1;PTK2;S100A4;JAG2	K562_13d	YY1	824	3491	21713	mean_log_expr_perturbed_minus_control	False	H
HALLMARK_APICAL_JUNCTION	-0.34354851706011	-0.976449558201126	0.49667807529696	down	200	176	0.636766763201231	0.0252136619638632	KCNH2;INSIG1;PFN1;MDK;ACTB;YWHAH;TIAL1;FSCN1;TUBG1;SHC1;AKT2;HRAS;VCL;NF2;PTEN;ACTN1;PIK3CB;ZYX;INPPL1;DHX16;RRAS;GNAI2;NEXN;WASL;PBX2;ICAM5	K562_13d	YY1	824	3491	21713	mean_log_expr_perturbed_minus_control	False	H
HALLMARK_APICAL_SURFACE	0.522001773135176	1.18272111935453	0.199141798322606	up	44	36	0.452594996187741	0.0427952262098946	ADIPOR2;PLAUR;LYN;ADAM10;HSPB1;BRCA1;GSTM3;B4GALT1	K562_13d	YY1	824	3491	21713	mean_log_expr_perturbed_minus_control	False	H
HALLMARK_APOPTOSIS	0.441791131979099	1.23551842122945	0.0723972875947347	up	161	149	0.301655364978061	0.0743880192035108	DDIT3;TIMP1;TOP2A;SQSTM1;SAT1;IFNGR1;ANXA1;IFITM3;PMAIP1;LMNA;IER3;MCL1;BNIP3L;RHOB;LGALS3;F2R;CD69;CCND1;JUN;DNM1L;PDCD4;TSPO;IL18;XIAP;SLC20A1;SPTAN1;BCL2L1;PSEN1;CASP9;EBP;HSPB1;BRCA1;TIMP3;SOD2;CASP2;IGFBP6;WEE1;FEZ1;PPP2R5B;DAP;ENO2;RARA;ADD1;GCH1;PSEN2;LEF1;CTNNB1;CDK2	K562_13d	YY1	824	3491	21713	mean_log_expr_perturbed_minus_control	False	H
HALLMARK_BILE_ACID_METABOLISM	0.411337503585844	1.09661862762633	0.257222002374357	up	112	102	0.459325004239923	0.037330182403031	HSD17B11;IDH2;PRDX5;HSD17B4;PNPLA8;SLC27A2;SLC22A18;ALDH1A1;SLC35B2;PEX1;ABCA3;SLC29A1;FADS1;SCP2;PHYH;ABCA8;EFHC1;IDI1;PEX26;GNPAT;PEX7;PEX6;PEX13;PECR	K562_13d	YY1	824	3491	21713	mean_log_expr_perturbed_minus_control	False	H
HALLMARK_CHOLESTEROL_HOMEOSTASIS	0.445961125820618	1.11875482298557	0.23938679245283	up	74	66	0.459325004239923	0.0387481189630765	ATF5;S100A11;ATXN2;ANXA5;FBXO6;SQLE;TM7SF2;ETHE1;GUSB;ACSS2;PMVK;PLAUR;LGALS3;HMGCS1;CHKA;ANTXR2;ACTG1;CYP51A1;EBP;TRIB3;IDI1;STX5;SREBF2;HSD17B7;ERRFI1;FDPS	K562_13d	YY1	824	3491	21713	mean_log_expr_perturbed_minus_control	False	H
HALLMARK_COAGULATION	0.385206679066438	1.03747458844687	0.36020754340451	up	138	111	0.534999471750385	0.030745828955149	TIMP1;CTSB;ANXA1;CTSH;APOC1;S100A13;CFH;DUSP14;RAC1;PREP;CSRP1;CASP9;TIMP3;PEF1;MSRB2;MMP15	K562_13d	YY1	824	3491	21713	mean_log_expr_perturbed_minus_control	False	H
HALLMARK_COMPLEMENT	0.402234551885292	1.13779400810138	0.162221337579618	up	200	167	0.405553343949045	0.0484486107620495	TIMP1;HSPA1A;CTSB;RHOG;CD55;ANXA5;CTSH;HSPA5;APOC1;USP8;CTSC;S100A13;KIF2A;GMFB;CFH;PLAUR;LGALS3;LYN;CTSS;VCPIP1;PREP;CSRP1;PSEN1;CASP9;CDK5R1;LAP3;JAK2;DOCK9;MMP15;ZFYVE20;CALM1	K562_13d	YY1	824	3491	21713	mean_log_expr_perturbed_minus_control	False	H
HALLMARK_DNA_REPAIR	-0.506279325616182	-1.40533667493417	0.0113931641015391	down	150	142	0.0949430341794923	0.191387828756382	ADRM1;POLE4;TAF9;NT5C;APRT;NME4;GUK1;ZWINT;SUPT4H1;DUT;GPX4;ITPA;TSG101;POLR2E;POLR2H;NME1;HPRT1;RPA2;MRPL40;MPG;BCAP31;POLR2D;DDB1;TCEB3;COX17;PCNA;POLR1C;SF3A3;RAE1;TARBP2;RFC2;ERCC8;ERCC4;EDF1;POLR2K;TAF1C;AAAS;IMPDH2;SAC3D1;POLA2;POLR2F;POLR2I;SDCBP;FEN1;CLP1;NUDT21;RFC5;ADA;DGCR8;TAF13;ZNRD1	K562_13d	YY1	824	3491	21713	mean_log_expr_perturbed_minus_control	False	H
HALLMARK_E2F_TARGETS	-0.407578084145595	-1.17223276397113	0.0997591328783621	down	200	198	0.376325892388298	0.0631185759587299	CKS1B;POLE4;DCTPP1;HMGA1;POLD2;UBE2T;RAN;HMGB3;RANBP1;DUT;STMN1;AK2;SRSF1;PA2G4;NME1;RPA2;RAD1;CENPM;NOLC1;SRSF2;XRCC6;ASF1B;TUBG1;UBE2S;BIRC5;SPC24;ILF3;CKS2;CDC20;PLK1;TK1;NASP;TBRG4;MCM5;MCM2;PCNA;HN1;RBBP7;MYBL2;NUP107;RFC2;CSE1L;PRPS1;LYAR;H2AFX;BUB1B;PHF5A;PPP1R8;CCNB2;POLA2;ING3;GINS1;TRA2B;H2AFZ;CCNE1;MXD3;TUBB;RNASEH2A;SYNCRIP;MCM6;NUDT21;AURKA	K562_13d	YY1	824	3491	21713	mean_log_expr_perturbed_minus_control	False	H
HALLMARK_EPITHELIAL_MESENCHYMAL_TRANSITION	0.540003098101871	1.51603634903514	0.0009793212471451	up	200	155	0.0122415155893142	0.45505986738723	LGALS1;VIM;TIMP1;PPIB;SAT1;COPA;SERPINH1;CALU;TPM1;FLNA;ITGA5;RHOB;TPM4;PLAUR;PCOLCE;QSOX1;JUN;WIPF1;ID2	K562_13d	YY1	824	3491	21713	mean_log_expr_perturbed_minus_control	False	H
HALLMARK_ESTROGEN_RESPONSE_EARLY	-0.36567637412443	-1.0431565823817	0.327905106554081	down	200	182	0.512351728990752	0.032686317971351	FASN;CHPT1;FDFT1;BLVRB;SLC9A3R1;KRT18;BAG1;UGCG;PPIF;UNC119;TGM2;DHRS3;MYBBP1A;NADSYN1;IGFBP4;KRT8;DHRS2;CD44;FKBP4;BHLHE40;AQP3;KRT19;SLC2A1;SLC39A6;OPN3;CISH;TUBB2B;ENDOD1;KLF10;FLNB;AMFR;SCARB1;SIAH2;FHL2;DHCR7	K562_13d	YY1	824	3491	21713	mean_log_expr_perturbed_minus_control	False	H
HALLMARK_ESTROGEN_RESPONSE_LATE	0.368078244438092	1.04709704254921	0.317447657028913	up	200	178	0.512012350046634	0.0331613748753957	DNAJC1;TOP2A;IDH2;DNAJC12;SLC16A1;NMU;MYB;SNX10;ELOVL5;SLC27A2;ABHD2;JAK1;TPD52L1;CDC6;CELSR2;STIL;ARL3;ABCA3;CCND1;SLC29A1;ID2;PDCD4;ZFP36;TST;RBBP8;TSTA3;MOCS2;KCNK5;TFF1;SLC2A8;SGK1;KIF20A;NCOR2	K562_13d	YY1	824	3491	21713	mean_log_expr_perturbed_minus_control	False	H
HALLMARK_FATTY_ACID_METABOLISM	-0.371699877919255	-1.03015232896549	0.363799640790261	down	158	140	0.534999471750385	0.0305600077370596	LDHA;FASN;ECH1;IDH3B;ALDOA;SDHD;ECI1;GLUL;YWHAH;ODC1;APEX1;ACAA1;ADSL;REEP6;PDHA1;CBR1;MIF;MDH2;ECHS1;IDH3G;HIBCH;FH;BLVRA;SDHC;HSD17B10;NSDHL;MDH1	K562_13d	YY1	824	3491	21713	mean_log_expr_perturbed_minus_control	False	H
HALLMARK_G2M_CHECKPOINT	-0.369450833091023	-1.06105502814464	0.283816425120773	down	200	196	0.486151840990551	0.0356166436155702	CKS1B;HIST1H2BK;HMGA1;HMGB3;HMGN2;STMN1;SRSF1;GINS2;MNAT1;RPA2;ODC1;NOLC1;SRSF2;TFDP1;UBE2S;BIRC5;ILF3;SFPQ;CKS2;CDC20;PLK1;NASP;NCL;TROAP;CDC45;MCM5;RAD23B;MCM2;TTK;HN1;SNRPD1;MYBL2;SMARCC1;DBF4;PRPF4B;KIF11;PURA;PML;H2AFX;CCNB2;MTF2;POLA2;CUL3;BUB1;TNPO2;FBXO5;SS18;TRA2B;H2AFZ;NUP50;SYNCRIP;WHSC1;MCM6;AURKA;DTYMK;E2F1;TLE3;KIF5B;AMD1;DKC1;SLC38A1;ESPL1;TMPO	K562_13d	YY1	824	3491	21713	mean_log_expr_perturbed_minus_control	False	H
HALLMARK_GLYCOLYSIS	-0.334697404362429	-0.956271802649154	0.562613065326633	down	200	184	0.686113494300772	0.0231434223848057	LDHA;TPI1;STMN1;ALDOA;ENO1;CITED2;SLC25A13;HAX1;FAM162A;GOT1;MIF;MDH2;NASP;SDHC;TXN;TALDO1;NSDHL;MDH1;GYS1;PRPS1;ECD;LHPP;CD44;FKBP4;PGAM1;NDUFV3;PMM2;CASP6;GALK1;CHST2;SLC37A4;SLC16A3;MPI;POLR3K;AURKA;ERO1L;MXI1	K562_13d	YY1	824	3491	21713	mean_log_expr_perturbed_minus_control	False	H
HALLMARK_HEDGEHOG_SIGNALING	-0.367675091948584	-0.797600873308916	0.802380463780012	down	36	29	0.83581298310418	0.0180072490464697	CDK6;PML;ETS2;TLE3	K562_13d	YY1	824	3491	21713	mean_log_expr_perturbed_minus_control	False	H
HALLMARK_HEME_METABOLISM	-0.403149044733465	-1.15668672126416	0.120581700666532	down	200	195	0.376325892388298	0.0572815437800962	HBZ;PRDX2;HMBS;KLF1;RAD23A;ISCA1;BLVRB;GATA1;GYPA;GYPB;ADIPOR1;PSMD9;NARF;RIOK3;GCLM;CA1;CAT;AGPAT4;SLC25A37;HDGF;BLVRA;TMEM9B;HBQ1;OPTN;NFE2;CROCCP2;MINPP1;EZH1;CCND3;TAL1;DCAF11;SLC6A8;DAAM1;UBAC1;DCUN1D1;OSBP2;BPGM;MAP2K3;AQP3;CDR2;RCL1;LMO2;SLC2A1;MPP1;YPEL5;ATG4A;ERMAP;LPIN2;SMOX;CCDC28A;SPTB;SDCBP;ENDOD1;PPOX;FECH	K562_13d	YY1	824	3491	21713	mean_log_expr_perturbed_minus_control	False	H
HALLMARK_HYPOXIA	-0.381454635928392	-1.08816686695027	0.233011660635304	down	200	182	0.459325004239923	0.0398557423668398	SLC25A1;LDHA;TPI1;GAPDH;ANXA2;GPI;ALDOA;ENO1;HK1;WSB1;CITED2;FAM162A;ALDOC;MIF;TGM2;GYS1;HOXB9;XPNPEP1;BHLHE40;NDST2;NDST1;CASP6;SLC2A1;GALK1;GRHPR;CHST2;SLC37A4;SLC6A6;ERO1L;MXI1;ILVBL;HEXA;SCARB1;MAFF;KDM3A;BTG1;SIAH2;PKLR;TPST2;CDKN1C;KLHL24	K562_13d	YY1	824	3491	21713	mean_log_expr_perturbed_minus_control	False	H
HALLMARK_IL2_STAT5_SIGNALING	0.325969576832854	0.929190468707409	0.655796380990257	up	200	181	0.760001455418706	0.0205686546818017	SLC1A5;IFNGR1;SERPINB6;PLIN2;IFITM3;UCK2;CDC6;SWAP70;RHOB;CTSZ;PNP;CD81;ITGAE;IL4R;ANXA4;P4HA1;HUWE1;KLF6;COCH;BCL2L1;SLC39A8;CYFIP1;SNX9;RHOH;MUC1;SLC2A3;ENO3;PLEC;TWSG1;UMPS;CAPG;CSF1;N6AMT2;ETV4;SPRED2;BMPR2;PIM1;SOCS2;SCN9A;TTC39B;IL10RA;RGS16;GABARAPL1;TNFRSF1B;LRRC8C;PLAGL1;AHCY;HIPK2	K562_13d	YY1	824	3491	21713	mean_log_expr_perturbed_minus_control	False	H
HALLMARK_IL6_JAK_STAT3_SIGNALING	0.304894761329117	0.780830625989615	0.932493603621334	up	87	76	0.932493603621334	0.0152056767576851	IFNGR1;IL4R;JUN;MYD88;CBL;PTPN2;SOCS3;TYK2;IL17RA;LEPR;CSF1;PIM1;INHBE;IL6ST;IL7;TNFRSF1B;STAT2	K562_13d	YY1	824	3491	21713	mean_log_expr_perturbed_minus_control	False	H
HALLMARK_INFLAMMATORY_RESPONSE	0.360898494516771	1.02061551772316	0.385685884691849	up	200	166	0.55097983527407	0.0294112338693492	TIMP1;ATP2A2;NMI;RHOG;CD55;SRI;SLC7A1;ICAM1;ITGA5;PLAUR;LYN;CD69;IL4R;ATP2B1;IL18;KLF6;PSEN1;ATP2C1;TNFSF9;CSF1;LCP2;ACVR2A;GCH1;IL10RA;RGS16;CD40;NFKB1;SLC31A2;TNFRSF1B;BST2;HIF1A;CDKN1A;GABBR1;SCARF1;ABI1;IRF7;IL6;CCRL2;TAPBP;P2RX7;IL8;IL15RA;EIF2AK2	K562_13d	YY1	824	3491	21713	mean_log_expr_perturbed_minus_control	False	H
HALLMARK_INTERFERON_ALPHA_RESPONSE	0.494217847150256	1.28646519010092	0.0645097260817785	up	97	86	0.296088373777617	0.078777842678775	B2M;IFITM2;NUB1;WARS;NMI;IFITM3;CD47;ELF1;IFI35;LGALS3BP;TRAFD1;IL4R;MOV10;CMPK2;UBE2L6;PSME2;LAP3;SP110;CSF1;IRF2;PROCR;OGFR;TRIM25;IL7;NCOA7;BST2;PSMB8;STAT2;IFI27;CASP8	K562_13d	YY1	824	3491	21713	mean_log_expr_perturbed_minus_control	False	H
HALLMARK_INTERFERON_GAMMA_RESPONSE	0.409100212038394	1.16108593468523	0.127950803412021	up	200	173	0.376325892388298	0.0549663983626419	B2M;IFITM2;WARS;NMI;ARID5B;SRI;IFITM3;MTHFD2;ICAM1;CFH;RBCK1;IFI35;PNP;LGALS3BP;CD69;TRAFD1;IL4R;PSMA2;CMPK2;RNF213;MYD88;PTPN2;SOCS3;UBE2L6;VAMP8;PSME2;SAMHD1;SOD2;LAP3;SP110;JAK2;IRF2;LCP2;PIM1;OGFR;GCH1;TRIM25;IL10RA;CD40;NFKB1;IL7;BST2;PSMB8;STAT2;UPP1;IFI27;CASP8;HIF1A;CDKN1A	K562_13d	YY1	824	3491	21713	mean_log_expr_perturbed_minus_control	False	H
HALLMARK_KRAS_SIGNALING_DN	0.430104735706558	1.18503553302816	0.125123542202016	up	200	132	0.376325892388298	0.0555209399162646	MTHFR;CCDC106;CELSR2;CKM;FGGY;BARD1;TNNI3;CLSTN3;ADCK3;SGK1;SPTBN2;GPR3;PTPRJ;MFSD6;KCNN1;TFCP2L1;CD80;NR4A2;MAGIX;GAMT	K562_13d	YY1	824	3491	21713	mean_log_expr_perturbed_minus_control	False	H
HALLMARK_KRAS_SIGNALING_UP	0.339522682143423	0.956735475224668	0.556818181818182	up	200	162	0.686113494300772	0.0231779209216441	LAPTM5;AVL9;SDCCAG8;FBXO4;GLRX;CFH;ZNF639;PLAUR;CTSS;DOCK2;ID2;ATG10;CBL;CBX8;IKZF1;PPP1R15A;ETV5;CDADC1;JUP;PTPRR;ETV4;STRN;IL10RA;RGS16;TNFRSF1B;DNMBP;PLAU;PSMB8;KCNN4;GPRC5B;TMEM158;ARG1;SCG3;MMD;ADAM8	K562_13d	YY1	824	3491	21713	mean_log_expr_perturbed_minus_control	False	H
HALLMARK_MITOTIC_SPINDLE	0.445929955068053	1.28164850280524	0.0308370044052863	up	200	199	0.220264317180617	0.115547533922279	CEP57;TOP2A;SMC4;CENPF;EPB41;LMNB1;RFC1;SMC1A;YWHAE;DLGAP5;STAU1;ARHGEF12;RICTOR;CDC42BPA;PDLIM5;SHROOM1;SPTBN1;FLNA;CENPE;KIF15;EZR;CKAP5;CDC42;ARHGEF2;HOOK3;MID1IP1;RACGAP1;TPX2;ABL1;CDK5RAP2;DOCK2;CAPZB;SOS1;CD2AP;DLG1;NCK2;LLGL1;BCAR1;ANLN;SPTAN1;RANBP9;PCGF5;EPB41L2;AZI1;NDC80;TUBGCP3;INCENP;MYH9;CNTRL;TUBA4A;NUMA1;CCDC88A;WASF2;ARHGEF7;CNTROB;RASA1;PCM1;TBCD;CEP250;ITSN1;SUN2;LRPPRC;CLIP1;KIF23;CLIP2	K562_13d	YY1	824	3491	21713	mean_log_expr_perturbed_minus_control	False	H
HALLMARK_MTORC1_SIGNALING	0.423196253063064	1.2170137762283	0.0651394422310757	up	200	198	0.296088373777617	0.0785280756545386	DDIT3;HSP90B1;WARS;PSMA4;ATP2A2;SQSTM1;SLC1A5;CANX;EPRS;NMT1;HSPA9;EEF1E1;G6PD;SSR1;ASNS;SERPINH1;SQLE;PHGDH;ADIPOR2;PGK1;TM7SF2;PSMG1;EIF2S2;SHMT2;ELOVL5;CALR;TFRC;GLRX;MTHFD2;TCEA1;DDX39A;ACTR2;PSAT1;HSPA5;GMPS;BCAT1;NFYC;HSPA4;IFRD1;CTSC;M6PR;CCNG1;FKBP2;RPA1;HSPD1;PNP;ACACA;SERP1;HMGCS1;FADS1;USO1;P4HA1;PSMD12;RPN1;CYP51A1;EBP;TES;RAB1A;PPP1R15A;TUBA4A;TRIB3;SLC2A3;IDI1;UCHL5;UNG	K562_13d	YY1	824	3491	21713	mean_log_expr_perturbed_minus_control	False	H
HALLMARK_MYC_TARGETS_V1	-0.586485662922417	-1.68864355403323	9.87057282898779e-06	down	200	199	0.0002467643207246	0.593325476396405	SRM;RPS2;RPL22;CNBP;LDHA;PHB;RUVBL2;SRSF7;POLD2;SNRPA;GLO1;EIF4A1;NHP2;RPL6;ACP1;PSMA7;LSM7;RAN;VBP1;RANBP1;RPL14;C1QBP;NOP16;DUT;EXOSC7;MRPL9;SRSF1;PPM1G;PA2G4;RPS10;NME1;HPRT1;CBX3;CCT3;HDDC2;TXNL4A;EIF1AX;EIF4G2;ODC1;NOLC1;PHB2;SRSF2;XRCC6;MRPS18B;TFDP1;U2AF1;ETF1;VDAC1;APEX1;RNPS1;SNRPG;PSMB2;PCBP1;STARD7;HDAC2;CDC20;UBA2;ILF2;HDGF;EEF1B2;CDC45;MCM5;RAD23B;YWHAQ;RSL1D1;MCM2;NDUFAB1;CCT5;PCNA;SRSF3;CYC1;KARS;SNRPD1;HSPE1;RPS5;GNL3;SMARCC1;CAD;AIMP2;COX5A;TOMM70A;EIF4E;HNRNPA3;PRPF31;SSBP1;PSMD14;SNRPA1;IMPDH2;TRA2B;PSMA6;H2AFZ;COPS5;PSMD3;TCP1;SF3A1;SYNCRIP;MCM6;MRPL23	K562_13d	YY1	824	3491	21713	mean_log_expr_perturbed_minus_control	False	H
HALLMARK_MYC_TARGETS_V2	-0.715419278478059	-1.75189510471876	0.0003094375750597	down	58	58	0.005157292917663	0.49849310876659	SRM;DCTPP1;PHB;IMP4;NOP16;NOC4L;MRTO4;FARSA;PA2G4;CBX3;BYSL;PPAN;NOLC1;GRWD1;TMEM97;SLC19A1;PLK1;TBRG4;MCM5;NDUFAF4;PES1;MAP3K6;HSPE1;GNL3;NOP2;AIMP2;PUS1;SLC29A2;MPHOSPH10;MYBBP1A	K562_13d	YY1	824	3491	21713	mean_log_expr_perturbed_minus_control	False	H
HALLMARK_MYOGENESIS	0.312537691726271	0.889168984004286	0.785515873015873	up	200	177	0.835655184059439	0.0178233245722316	MEF2C;SH3BGR;MYL6B;GABARAPL2;TSC2;IFRD1;TPD52L1;AGL;TPM3;AK1;CKM;SH2B1;NQO1;DMPK;SPTAN1;COL15A1;ATP6AP1;ITGB5;IGF1;CRAT;MYH9;AGRN;HDAC5;TPM2;ENO3;SORBS3	K562_13d	YY1	824	3491	21713	mean_log_expr_perturbed_minus_control	False	H
HALLMARK_NOTCH_SIGNALING	0.571265739250303	1.24911888525776	0.154206519617412	up	32	30	0.405553343949045	0.0492766271990659	CUL1;SKP1;PSENEN;KAT2A;HES1;CCND1;PRKCA;FBXW11;PSEN2;DTX2;SAP30;FZD7	K562_13d	YY1	824	3491	21713	mean_log_expr_perturbed_minus_control	False	H
HALLMARK_OXIDATIVE_PHOSPHORYLATION	-0.58688508930434	-1.68793651359065	5.62709672626638e-06	down	200	198	0.0002467643207246	0.610526878385931	NDUFV1;MRPL11;NDUFB7;TIMM13;ATP5F1;LDHA;NDUFA5;ECH1;IDH3B;IMMT;NDUFV2;TIMM8B;NDUFB5;MRPS12;CYB5R3;NDUFC1;NDUFA3;ATP5D;GPI;ISCA1;MRPL15;GPX4;SDHD;ECI1;TOMM22;PHB2;TIMM10;SLC25A5;COX5B;NDUFS7;VDAC1;ATP6V1F;COX7A2L;ACAA1;NDUFS2;NDUFA4;PDHA1;COX7B;NDUFB2;NDUFB6;BAX;NDUFS3;MDH2;UQCRC1;COX11;ECHS1;IDH3G;FH;COX17;NDUFC2;NDUFB8;ATP5J;NDUFAB1;SDHC;MRPS15;HSD17B10;CYC1;ATP6V1G1;ATP6V1H;MDH1;RHOT2;VDAC2;COX5A;TOMM70A;UQCRC2;NDUFA6;ATP5J2;NDUFS6;MRPL34;NDUFA9;NDUFS8;FDX1;ATP6V0B;COX6C;SLC25A11;OAT;COX7A2;POLR2F;UQCRFS1;ACAT1;COX8A;MTRR;NDUFB4;ATP5G3;SUPV3L1;ATP5C1;PDHB;SLC25A12;NDUFB3;MRPL35	K562_13d	YY1	824	3491	21713	mean_log_expr_perturbed_minus_control	False	H
HALLMARK_P53_PATHWAY	-0.303400818829473	-0.869709599629836	0.86022589753933	down	200	192	0.877781528101357	0.0167314735893782	HIST1H1C;GADD45A;FAM162A;BAX;NOL8;FDXR;HDAC3;IRAK1;SPHK1;RCHY1;PCNA;SERTAD3;WRAP73;HRAS;CCNK;CCND3;DCXR;RAD9A;RPS12;HSPA4L;DEF6;RPL36;STEAP3;PRMT2;RB1;TRAF4;FUCA1;PMM1;PLK3;SP1;ADA;RXRA;TAX1BP3;BTG1;BLCAP;IKBKAP;IFI30;MXD4;DNTTIP2;HBEGF;NUPR1;CD82;CTSD;RPS27L;CCP110;TSC22D1	K562_13d	YY1	824	3491	21713	mean_log_expr_perturbed_minus_control	False	H
HALLMARK_PANCREAS_BETA_CELLS	-0.38832430345696	-0.805311866711439	0.762308647083161	down	40	23	0.835655184059439	0.0188884125634743	SRP9;ELP4;LMO2;PKLR	K562_13d	YY1	824	3491	21713	mean_log_expr_perturbed_minus_control	False	H
HALLMARK_PEROXISOME	-0.342603435545415	-0.904010140564527	0.668801280768461	down	104	96	0.760001455418706	0.020365611474106	CNBP;ECH1;FIS1;ITGB1BP1;YWHAH;CAT;HSD3B7;ACAA1;LONP2;SMARCC1;PEX14;HRAS;PRDX1;GSTK1;DHRS3;ISOC1;CDK7;ACOT8;CLN8;CRABP2;EPHX2	K562_13d	YY1	824	3491	21713	mean_log_expr_perturbed_minus_control	False	H
HALLMARK_PI3K_AKT_MTOR_SIGNALING	0.353995661179062	0.936250176022556	0.589467384799521	up	105	97	0.701746886666097	0.0222788618908992	DDIT3;HSP90B1;SQSTM1;CSNK2B;ATF1;RALB;MKNK2;CALR;ARPC3;ACTR2;TSC2;PRKAR2A;THEM4;AKT1;ACACA;RAC1;ADRBK1;MYD88;IRAK4;TRAF2;PRKCB;TRIB3;CFL1	K562_13d	YY1	824	3491	21713	mean_log_expr_perturbed_minus_control	False	H
HALLMARK_PROTEIN_SECRETION	0.389545126421864	1.02271209633064	0.406492730531767	up	96	92	0.564573236849676	0.028493900981703	LMAN1;CD63;TMED2;SEC31A;ERGIC3;SNAP23;ICA1;YIPF6;SNX2;BET1;RER1;GOLGA4;SEC24D;CTSC;M6PR;ADAM10;VAMP7;DNM1L;USO1;ARFGAP3;COPB2;MON2;AP2B1;CLCN3;AP3B1;COG2;GOSR2;CAV2;ATP7A;SCAMP1	K562_13d	YY1	824	3491	21713	mean_log_expr_perturbed_minus_control	False	H
HALLMARK_REACTIVE_OXIGEN_SPECIES_PATHWAY	-0.542488881552051	-1.28379473006995	0.105446355446355	down	49	47	0.376325892388298	0.061945887634562	PRDX2;FTL;GPX4;HMOX2;GCLM;TXNRD2;CAT;NDUFS2;TXN;PRDX1;HHEX;NDUFA6;NDUFB4;GLRX2;FES;CDKN2D;ATOX1;SCAF4;STK25;SBNO2	K562_13d	YY1	824	3491	21713	mean_log_expr_perturbed_minus_control	False	H
HALLMARK_SPERMATOGENESIS	-0.362974263008561	-0.975040455867937	0.492366412213741	down	135	110	0.636766763201231	0.0253226877800246	HBZ;TSN;MAST2;TTK;TALDO1;PHKG2;DBF4;ZC3H14;NEFH;NF2;CCNB2;HSPA4L;BUB1;GMCL1;STAM2;BRAF;TOPBP1;AURKA;LPIN1;MLLT10	K562_13d	YY1	824	3491	21713	mean_log_expr_perturbed_minus_control	False	H
HALLMARK_TGF_BETA_SIGNALING	0.452767206307225	1.09223717583898	0.29169110459433	up	54	52	0.486151840990551	0.0344580982777182	ARID4B;ID3;HDAC1;SPTBN1;JUNB;ID2;FNTA;XIAP;SLC20A1;TJP1;NCOR2;PPP1R15A;RAB31;ID1;SMAD6;BMPR2;CTNNB1;TGFBR1;HIPK2;SMAD3;PPM1A;MAP3K7;SKI;TRIM33	K562_13d	YY1	824	3491	21713	mean_log_expr_perturbed_minus_control	False	H
HALLMARK_TNFA_SIGNALING_VIA_NFKB	0.396476659457404	1.13335274003709	0.158606965174129	up	200	186	0.405553343949045	0.0490409715974691	EIF1;SQSTM1;SAT1;LITAF;ICAM1;IER3;PDLIM5;MCL1;RHOB;PLAUR;HES1;CD69;CCND1;JUN;IER2;JUNB;ID2;ATP2B1;IL18;TIPARP;ZFP36;KLF6;DRAM1;IL23A;SIK1;SGK1;IER5;SOCS3;PER1;PPP1R15A;B4GALT1;SOD2;SLC2A3;STAT5A;BIRC2;EGR1;TNFSF9;TNFAIP8;CSF1;NFKB2;DUSP1;SDC4;GCH1;FOSL2;IL6ST;NFKB1;RCAN1;CEBPD;PLAU;SMAD3;CD80	K562_13d	YY1	824	3491	21713	mean_log_expr_perturbed_minus_control	False	H
HALLMARK_UNFOLDED_PROTEIN_RESPONSE	0.415846671917365	1.11999707754304	0.21392935541808	up	113	111	0.459325004239923	0.0416455870120122	PDIA6;HSP90B1;HERPUD1;SEC31A;SRPR;HSPA9;SSR1;ASNS;DCP2;KDELR3;NPM1;CALR;MTHFD2;CEBPG;PSAT1;HSPA5;ATF4;DNAJB9;SRPRB;SLC30A5;IARS;EEF2;NOP56;SERP1;SPCS3;EXOSC10;LSM1;ERN1;FUS;EXOC2;PDIA5;ALDH18A1;CHAC1;HYOU1	K562_13d	YY1	824	3491	21713	mean_log_expr_perturbed_minus_control	False	H
HALLMARK_UV_RESPONSE_DN	0.40011491986427	1.09956354224128	0.239035087719298	up	144	130	0.459325004239923	0.0390962704702094	ICA1;NIPBL;SRI;SLC7A1;CDC42BPA;PDLIM5;SLC22A18;PHF3;ATRX;ANXA4;DLG1;ATP2B1;PRKCA;YTHDC1;CELF2;MAP2K5;TJP1;ABCC1;AGGF1;MRPS31;ATP2C1;DYRK1A;MAPK14;MAP1B;PMP22;ATP5S;ID1;DLC1;SCAF8;SYNJ2;DUSP1;ACVR2A;SIPA1L1;NR3C1;PAPD7;NFKB1;ADD3;SMAD3;CDK13;TGFBR3;MT1E;KIT;DAB2	K562_13d	YY1	824	3491	21713	mean_log_expr_perturbed_minus_control	False	H
HALLMARK_UV_RESPONSE_UP	-0.389226486588877	-1.08419560490994	0.252460333400281	down	158	147	0.459325004239923	0.0380572582047922	PSMC3;KCNH2;GGH;ALDOA;EIF5;POLR2H;CLTB;ATP6V1F;ACAA1;KLHDC3;DNAJA1;YKT6;PPIF;NFKBIA;BCL2L11;CCND3;BID;SLC6A8;PPT1;H2AFX;FKBP4;GAL;STARD3;AQP3;CCNE1;PDAP1;HYAL2;FEN1;MRPL23;PRPF3;CYB5B;SIGMAR1;MARK2;AMD1;BTG1;NUPL1;PRKACA	K562_13d	YY1	824	3491	21713	mean_log_expr_perturbed_minus_control	False	H
HALLMARK_WNT_BETA_CATENIN_SIGNALING	0.357830282662267	0.817720379243866	0.7853515625	up	42	38	0.835655184059439	0.0175943909926015	CUL1;RBPJ;KAT2A;HEY1;NCOR2;HDAC5;NCSTN;PSEN2;LEF1;CTNNB1	K562_13d	YY1	824	3491	21713	mean_log_expr_perturbed_minus_control	False	H
HALLMARK_XENOBIOTIC_METABOLISM	-0.349636184650138	-0.988427388064615	0.46444355162716	down	200	167	0.627626421117783	0.0263118666274004	ECH1;ACP1;HES6;PGD;BLVRB;ADH5;HPRT1;CAT;TMEM97;PEMT;PTGDS;CBR1;KARS;DCXR;ACP2;IGFBP4;TNFRSF1A;CASP6;LPIN2;SMOX;PMM1;ETS2;GSS;SLC6A6;DDT;ETFDH;AKR1C2;CSAD;SAR1B;DDAH2;MCCC2;PROS1;PSMB10;POR;BPHL	K562_13d	YY1	824	3491	21713	mean_log_expr_perturbed_minus_control	False	H
