pathway	ES	NES	pval	direction	n_genes_in_set	n_genes_after_intersection	padj	log2err	leading_edge	context	target	n_perturbed	n_control	n_genes_ranked	ranking_method	gene_filter	msigdb_collection	display_group	display_name	exact_gs_name	context_target	row_order	selection_tier	selection_reason	pathway_order	partner_context	spearman_rho	sign_agree_fraction	n_pathways
HALLMARK_APOPTOSIS	0.58593902130022	1.42510771631265	0.0076684614129548	up	161	158	0.0479278838309675	0.211070537868325	SOD2;TIMP2;PMAIP1;LGALS3;GADD45A;ISG20;KRT18;TIMP1;ANXA1;CCND1;IRF1;BID;DDIT3;CDKN1A;BTG3;JUN;SQSTM1;CLU;ATF3;CD44;IGFBP6;GSN;SPTAN1;IGF2R;TNFRSF12A;ETF1;SAT1;SOD1;DFFA;VDAC2;BCL2L1;IL6;HSPB1;PEA15;H1F0;HMOX1;CDKN1B;TNF;MADD;BIK;IL18;DNAJA1;BCL2L11;BCL10;TSPO;CYLD;MCL1;RELA;SLC20A1	HCC1143	PFDN5	57	1325	36601	mean_log_expr_perturbed_minus_control	False	H	Cell death / stress	Apoptosis	HALLMARK_APOPTOSIS	HCC1143 / PFDN5	0	Tier 1	benchmark-relevant anchor	0	HCC38	-0.016950780312124852	0.32	50
HALLMARK_P53_PATHWAY	0.513585309282728	1.27358433026369	0.0387127608730285	up	200	196	0.132256824298347	0.0915140765993025	KRT17;SLC3A2;GADD45A;NUPR1;UPP1;RPS27L;VAMP8;PERP;PPP1R15A;TRIB3;BTG1;DDIT3;CDKN1A;KLF4;JUN;AK1;HINT1;ATF3;TGFA;TM4SF1;TPRKB;RAP2B;MKNK2;SAT1;EPHA2;TPD52L1;SPHK1;HBEGF;KLK8;PMM1;MXD4;TSC22D1;NDRG1;CD81;HIST3H2A;CD82;MXD1;PTPN14;HMOX1;SDC1;CDKN2B;FOXO3;BLCAP;MAPKAPK3;RCHY1;SOCS1;FAM162A;RHBDF2;TM7SF3;SERPINB5;TCN2;PHLDA3;CSRNP2;AEN;GM2A;CDKN2AIP;APP;ZFP36L1;TSPYL2;ST14;RAB40C;CGRRF1;TGFB1;CTSF;PLK3;FGF13;RRAD;ZMAT3;S100A10;TAX1BP3;TRAFD1;NINJ1;SLC7A11;TAP1;CDK5R1;IP6K2	HCC1143	PFDN5	57	1325	36601	mean_log_expr_perturbed_minus_control	False	H	Cell death / stress	P53 Pathway	HALLMARK_P53_PATHWAY	HCC1143 / PFDN5	0	Tier 1	benchmark-relevant anchor	1	HCC38	-0.016950780312124852	0.32	50
HALLMARK_TNFA_SIGNALING_VIA_NFKB	0.661515035486909	1.64146597029667	2.99990370875331e-05	up	200	197	0.0010046770322261	0.575610261071129	SOD2;LAMB3;AREG;TUBB2A;KLF6;GADD45A;IRS2;IFIT2;CCND1;IRF1;SDC4;PLAUR;PPP1R15A;BTG1;EDN1;CDKN1A;BTG3;PNRC1;IFIH1;KLF4;EIF1;JUN;SQSTM1;YRDC;MARCKS;ATF3;CD44;VEGFA;MYC;CEBPB;DUSP5;SAT1;DUSP4;RCAN1;SERPINB8;CXCL1;PHLDA2;LITAF;NFIL3;SPHK1;HBEGF;DUSP1;SGK1;NFKBIE;IL6;TGIF1;TNC;TSC22D1;TANK;TNIP1;MXD1;CCNL1;MAP2K3;TNF;SPSB1;IL18;ZBTB10;NAMPT;PTX3;TNFAIP3;EHD1;TNFRSF9;REL;MCL1;RELA;NFKB1;GEM;TRIB1;DDX58;MAFF;IL6ST;F2RL1;MAP3K8;PANX1	HCC1143	PFDN5	57	1325	36601	mean_log_expr_perturbed_minus_control	False	H	Cell death / stress	Tnfa Signaling Via Nfkb	HALLMARK_TNFA_SIGNALING_VIA_NFKB	HCC1143 / PFDN5	0	Tier 1	benchmark-relevant anchor	2	HCC38	-0.016950780312124852	0.32	50
HALLMARK_INTERFERON_ALPHA_RESPONSE	0.468266964074448	1.07183500703194	0.31841475913905	up	97	93	0.430290215052771	0.0301460999658088	HLA-C;ISG20;ISG15;NCOA7;IFIT2;IRF1;B2M;WARS;IFIH1;IFIT3;CD47;IL4R;PLSCR1;IFI44;SP110;ELF1;PSMB8;TRIM26;GMPR;GBP2;OASL;SAMD9;DDX60;OGFR;PARP12;TRAFD1;TAP1;CMPK2;IRF9;CD74;MOV10;C1S;TRIM25	HCC1143	PFDN5	57	1325	36601	mean_log_expr_perturbed_minus_control	False	H	Inflammatory / interferon	Interferon Alpha Response	HALLMARK_INTERFERON_ALPHA_RESPONSE	HCC1143 / PFDN5	0	Tier 1	benchmark-relevant anchor	3	HCC38	-0.016950780312124852	0.32	50
HALLMARK_INTERFERON_GAMMA_RESPONSE	0.50677461525848	1.2581289225848	0.0458088118339431	up	200	198	0.139052755772796	0.0838535061362348	SOD2;HLA-B;ISG20;HLA-A;IFIT1;ISG15;IFIT2;IRF1;RBCK1;UPP1;B2M;VAMP8;WARS;BTG1;CDKN1A;IFIH1;CFB;IFIT3;IL4R;PIM1;PLSCR1;LATS2;PML;IL6;IFI44;SP110;MVP;PSMB8;APOL6;NAMPT;SOCS1;TRIM26;ARID5B;TNFAIP3;IFNAR2;NFKB1;PNP;DDX58;CASP3;XAF1;OASL;RIPK1;LYSMD2;NCOA3;DDX60;OGFR;ISOC1;IDO1;SPPL2A;PARP12	HCC1143	PFDN5	57	1325	36601	mean_log_expr_perturbed_minus_control	False	H	Inflammatory / interferon	Interferon Gamma Response	HALLMARK_INTERFERON_GAMMA_RESPONSE	HCC1143 / PFDN5	0	Tier 1	benchmark-relevant anchor	4	HCC38	-0.016950780312124852	0.32	50
HALLMARK_GLYCOLYSIS	-0.412601523489453	-1.06580746918994	0.262987886944818	down	200	198	0.410918573351279	0.0438558043137023	IGFBP3;ENO1;NASP;LDHA;HMMR;TSTA3;PMM2;HDLBP;TALDO1;EXT1;MIF;PAM;ADORA2B;CDK1;GALK2;TPI1;HSPA5;HS2ST1;PLOD2;FUT8;GALE;PSMC4;STMN1;SLC16A3;G6PD;POLR3K;PGAM1;PPIA;P4HA1;PGLS;GALK1;GOT2;GYS1;EGFR;HS6ST2;TGFBI;DEPDC1;ALDH7A1;DDIT4;AURKA;COG2;KIF2A;NSDHL;CASP6;GLCE;LHPP;COL5A1;B4GALT2;COPB2;GPC1;GCLC;CHST12;PDK3;ME1;XYLT2;ECD;CAPN5;PAXIP1;CTH;B4GALT1;PLOD1	HCC1143	PFDN5	57	1325	36601	mean_log_expr_perturbed_minus_control	False	H	Metabolic state	Glycolysis	HALLMARK_GLYCOLYSIS	HCC1143 / PFDN5	0	Tier 1	benchmark-relevant anchor	5	HCC38	-0.016950780312124852	0.32	50
HALLMARK_MTORC1_SIGNALING	-0.430975186209676	-1.11309551358947	0.182013422818792	down	200	196	0.313816246239296	0.0535163927028445	ENO1;HSP90B1;CALR;SDF2L1;HSPD1;HSPE1;PDAP1;GAPDH;LDHA;PSMD12;IFI30;PPA1;FDXR;PSMD13;PSMA4;CCT6A;HMBS;TPI1;HSPA5;PSMD14;SLC7A5;PSMA3;TXNRD1;PLOD2;PLK1;IDI1;PSMC4;UNG;TM7SF2;SLC9A3R1;IMMT;G6PD;PPIA;P4HA1;SHMT2;FADS1;PSPH;HPRT1;SERPINH1;POLR3G;CANX;STIP1;DDIT4;AURKA;CYP51A1;EBP;ACLY;DDX39A;ACTR2;HMGCS1;NMT1;ACACA;PFKL;TBK1;MCM4;LDLR;PSME3;ATP2A2;BHLHE40;GCLC;DHCR7;TOMM40;ME1;CTSC;TCEA1;SORD;CCNG1;CTH;ADD3;PRDX1;CYB5B;HSPA4;FADS2;SRD5A1;PIK3R3;SLC6A6	HCC1143	PFDN5	57	1325	36601	mean_log_expr_perturbed_minus_control	False	H	Metabolic state	Mtorc1 Signaling	HALLMARK_MTORC1_SIGNALING	HCC1143 / PFDN5	0	Tier 1	benchmark-relevant anchor	6	HCC38	-0.016950780312124852	0.32	50
HALLMARK_OXIDATIVE_PHOSPHORYLATION	0.556764076554698	1.3736936002262	0.0121872995509942	up	200	183	0.0677072197277457	0.165406383146814	ATP6V0E1;MGST3;NDUFB5;NDUFA6;NDUFS6;MRPS30;MDH1;ATP6V1G1;CYCS;ATP6V0C;MRPL15;NDUFA4;NDUFA8;COX7A2;COX7A2L;SUCLA2;ATP6V0B;HTRA2;COX5B;TIMM10;MRPS22;NDUFS4;NDUFB8;ATP6V1D;NDUFS2;NDUFC2;TIMM50;NDUFB4;NDUFA1;HSPA9;MRPL35;OXA1L;POLR2F;UQCRB;UQCRC1;TIMM9;CYB5A;MFN2;VDAC2;TIMM17A;NDUFA2;OGDH;MRPS15;PDHA1;IDH3B;COX4I1;COX6C;NDUFAB1;COX17;PDP1;SDHC;HADHA;NDUFS3;ISCA1;NDUFB2;SUPV3L1;UQCR11;SLC25A4;GRPEL1;NDUFV1;NDUFB3;SDHA;COX5A;ALAS1;CYB5R3;HCCS;TCIRG1;SDHB;NDUFA9;NDUFB1;ATP6V1F;NDUFS7;PHYH;MRPL11;UQCRQ;COX11;ETFDH;ATP6V1C1;NDUFV2;RHOT1;COX6B1	HCC1143	PFDN5	57	1325	36601	mean_log_expr_perturbed_minus_control	False	H	Metabolic state	Oxidative Phosphorylation	HALLMARK_OXIDATIVE_PHOSPHORYLATION	HCC1143 / PFDN5	0	Tier 1	benchmark-relevant anchor	7	HCC38	-0.016950780312124852	0.32	50
HALLMARK_E2F_TARGETS	-0.60699158267975	-1.56769955460659	0.0009726503857423	down	200	196	0.0121581298217788	0.477270815362862	NAP1L1;DNMT1;NASP;TMPO;TK1;RANBP1;HELLS;HMMR;STAG1;NBN;RFC3;PA2G4;MYBL2;PNN;SMC1A;CCNB2;CDK4;CBX5;CDC20;DLGAP5;ANP32E;GINS1;HNRNPD;PRKDC;CDK1;CSE1L;MCM5;CCP110;NOLC1;CDKN3;SRSF1;POLD2;LMNB1;HMGB3;MKI67;DUT;SSRP1;NCAPD2;TIMELESS;PLK1;XRCC6;SRSF2;UNG;NME1;ORC2;NUP153;STMN1;PAICS;TOP2A;HMGA1;DEPDC1;H2AFZ;LIG1;CENPM;MELK;AURKA;CDCA3;KPNA2;EZH2;RPA3;DDX39A;RAN;LUC7L3;SPC25;ASF1B;NOP56;KIF18B;SMC4;SMC3;PRIM2;MCM4;BRCA1;MAD2L1;ILF3;MCM3;PPM1D;CHEK2;CDKN2A;MCM6;ATAD2;LBR;PCNA;GINS4;MLH1;POLD1;CDC25B;RAD21;CDKN2C;DIAPH3;POLE;MSH2;ZW10;HMGB2;POLA2;ESPL1;CIT;CTCF	HCC1143	PFDN5	57	1325	36601	mean_log_expr_perturbed_minus_control	False	H	Proliferation / cell cycle	E2F Targets	HALLMARK_E2F_TARGETS	HCC1143 / PFDN5	0	Tier 1	benchmark-relevant anchor	8	HCC38	-0.016950780312124852	0.32	50
HALLMARK_G2M_CHECKPOINT	-0.652075956328612	-1.68325022640548	0.0001396567648567	down	200	193	0.0023276127476119	0.518848077743792	MT2A;NCL;HMGN2;G3BP1;NASP;TMPO;PRC1;CENPF;HMMR;SFPQ;STAG1;EFNA5;MYBL2;RASAL2;HSPA8;CBX1;SMC1A;CCNB2;CDK4;NEK2;CDC20;CDC45;HNRNPU;SRSF10;UBE2C;HNRNPD;CDK1;GINS2;SMAD3;MCM5;KIF20B;NOLC1;CDKN3;NUSAP1;SRSF1;SLC7A5;LMNB1;HMGB3;TFDP1;MKI67;SNRPD1;PLK1;SRSF2;EWSR1;DKC1;STMN1;SMARCC1;H2AFV;KIF11;TOP2A;HMGA1;CDC6;ABL1;H2AFZ;RBL1;CHAF1A;CDC7;AURKA;CUL5;KPNA2;EZH2;DBF4;DDX39A;PRPF4B;TROAP;MNAT1;SMC4;FANCC;RAD23B;EXO1;PRIM2;MAD2L1;ILF3;ATF5;MCM3;AMD1;MCM6;CCNA2;LBR;MAPK14;NUP98;TPX2;MEIS1;TNPO2;KIF23;CDC25B;RAD21;CDKN2C;SS18;POLE;PBK;POLQ;TOP1;POLA2;ESPL1;CUL4A;CTCF;CASP8AP2;BUB3;LIG3	HCC1143	PFDN5	57	1325	36601	mean_log_expr_perturbed_minus_control	False	H	Proliferation / cell cycle	G2M Checkpoint	HALLMARK_G2M_CHECKPOINT	HCC1143 / PFDN5	0	Tier 1	benchmark-relevant anchor	9	HCC38	-0.016950780312124852	0.32	50
HALLMARK_MYC_TARGETS_V1	-0.647587122096785	-1.67213974905262	4.01870812890452e-05	down	200	197	0.0010046770322261	0.557332238758646	RPLP0;NAP1L1;PTGES3;RPL6;G3BP1;HSP90AB1;SRSF7;SLC25A3;RPS2;SNRPD3;HSPD1;HSPE1;RPL34;SNRPD2;RANBP1;PRDX3;LDHA;TYMS;SNRPA1;HNRNPC;SRSF3;HNRNPA1;PA2G4;SRM;EIF3J;EEF1B2;PSMA4;RPL14;CDK4;CDC20;CDC45;HNRNPU;SERBP1;RRM1;ILF2;HNRNPD;HNRNPA2B1;MCM5;C1QBP;NOLC1;SET;VBP1;SRSF1;POLD2;PSMD14;CCT2;TFDP1;DUT;SNRPD1;TARDBP;TRIM28;RPS10;SRPK1;XRCC6;HNRNPA3;EIF4G2;SRSF2;PSMC4;PSMB3;DDX21;PSMD1;IMPDH2;NME1;ORC2;CYC1;RPL22;YWHAE;NPM1;SMARCC1;PPIA;LSM7;PWP1;HDGF;HPRT1;MRPL23;APEX1;HNRNPR;GOT2;SNRPA;VDAC3;NOP16;SF3A1;EIF1AX;H2AFZ;CANX;FAM120A;CCT3;KPNA2;PPM1G;PHB2;RAN;PSMA1;NOP56;HDAC2;RPS5;RAD23B;FBL;PABPC4;MCM4;CLNS1A;UBA2;MAD2L1	HCC1143	PFDN5	57	1325	36601	mean_log_expr_perturbed_minus_control	False	H	Proliferation / cell cycle	Myc Targets V1	HALLMARK_MYC_TARGETS_V1	HCC1143 / PFDN5	0	Tier 1	benchmark-relevant anchor	10	HCC38	-0.016950780312124852	0.32	50
HALLMARK_HYPOXIA	0.434567044928082	1.07568132112675	0.275376240794108	up	200	191	0.414263437728972	0.0316594945330265	KLF6;ISG20;IRS2;SDC4;PLAUR;PPP1R15A;NR3C1;BTG1;PRDX5;DDIT3;WSB1;CDKN1A;STC2;PNRC1;JUN;P4HA2;B3GALT6;ATF3;VEGFA;CITED2;ZNF292;PLIN2;PIM1;TPD52;KLHL24;NFIL3;DUSP1;RBPJ;IL6;TPST2;PDGFB;UGP2;NDRG1;CDKN1C;KDELR3;NAGK;HMOX1;SDC2;CDKN1B;SIAH2;FOXO3;SELENBP1;HS3ST1;FAM162A;SLC2A1;JMJD6;TGM2;TNFAIP3;STBD1;GRHPR;IDS;NEDD4L;MAFF;TMEM45A;KLF7;HEXA;DTNA;PKP1	HCC1143	PFDN5	57	1325	36601	mean_log_expr_perturbed_minus_control	False	H	Proteostasis / stress	Hypoxia	HALLMARK_HYPOXIA	HCC1143 / PFDN5	0	Tier 1	benchmark-relevant anchor	11	HCC38	-0.016950780312124852	0.32	50
HALLMARK_REACTIVE_OXIGEN_SPECIES_PATHWAY	0.587283087055848	1.21181959082006	0.164674397859054	up	49	46	0.294061424748312	0.0452559369048511	SOD2;FTL;NDUFA6;ATOX1;PRNP;HMOX2;NDUFS2;GLRX2;MGST1;NDUFB4;OXSR1;SOD1;MBP;CDKN2D;PRDX4;PRDX6;MSRA	HCC1143	PFDN5	57	1325	36601	mean_log_expr_perturbed_minus_control	False	H	Proteostasis / stress	Reactive Oxigen Species Pathway	HALLMARK_REACTIVE_OXIGEN_SPECIES_PATHWAY	HCC1143 / PFDN5	0	Tier 1	benchmark-relevant anchor	12	HCC38	-0.016950780312124852	0.32	50
HALLMARK_UNFOLDED_PROTEIN_RESPONSE	0.502151661131111	1.17331382402367	0.158553076402975	up	113	109	0.293616808153657	0.0448553253356751	TUBB2A;IFIT1;ATF4;PSAT1;KIF5B;STC2;PAIP1;YIF1A;ATF3;XBP1;EIF4A2;SRPRB;VEGFA;CEBPB;LSM4;HERPUD1;HSPA9;EXOSC4;CEBPG;EIF4EBP1;DNAJB9;NFYB;ZBTB17;EXOSC5;SLC1A4;TARS;SERP1;KDELR3;GOSR2;CHAC1;DNAJA4;SPCS1;EXOSC10;EXOSC2;EIF4G1;ARFGAP1;RRP9;XPOT;TSPYL2	HCC1143	PFDN5	57	1325	36601	mean_log_expr_perturbed_minus_control	False	H	Proteostasis / stress	Unfolded Protein Response	HALLMARK_UNFOLDED_PROTEIN_RESPONSE	HCC1143 / PFDN5	0	Tier 1	benchmark-relevant anchor	13	HCC38	-0.016950780312124852	0.32	50
HALLMARK_EPITHELIAL_MESENCHYMAL_TRANSITION	0.570449008525454	1.41313062800037	0.0055946291560102	up	200	195	0.0399616368286445	0.245188063659135	IL32;MYL9;PDLIM4;AREG;GADD45A;TIMP1;CAPG;EMP3;SDC4;PLAUR;ECM1;ITGA2;LAMC2;JUN;LAMA3;CD44;VEGFA;TPM2;LGALS1;TNFRSF12A;TAGLN;LAMC1;SAT1;FLNA;VIM;CXCL1;TPM4;NT5E;PLOD3;TNFRSF11B;CDH2;IL6;TNC;FSTL3;SNAI2;THBS1;SDC1;FERMT2;PMP22;PTHLH;TGM2;PTX3;TNFAIP3;MATN2;COPA;MYLK;GEM;GLIPR1;ITGAV;ITGB5;PFN2;DAB2;FN1;BMP1;CALD1;NOTCH2;BASP1;TGFB1	HCC1143	PFDN5	57	1325	36601	mean_log_expr_perturbed_minus_control	False	H	State remodeling	Epithelial Mesenchymal Transition	HALLMARK_EPITHELIAL_MESENCHYMAL_TRANSITION	HCC1143 / PFDN5	0	Tier 1	benchmark-relevant anchor	14	HCC38	-0.016950780312124852	0.32	50
HALLMARK_APOPTOSIS	0.429383117749793	1.17953981484741	0.0665054413542926	up	161	158	0.221684804514309	0.194887297433682	GADD45A;VDAC2;SQSTM1;ATF3;LGALS3;ISG20;DDIT3;WEE1;PEA15;MCL1;IFITM3;H1F0;CDKN1B;GSN;GPX4;BCL2L1;PMAIP1;BTG3;GADD45B;CASP7;SOD2;CCND1;PDCD4;IFNGR1;ROCK1;TIMP2;CYLD;IRF1;CASP8;DNAJA1;HMGB2;TXNIP;BNIP3L;CASP3;PPP3R1;CASP4;IL6;FAS;TSPO;CD14;HMOX1	HCC1143	PMF1	40	1325	36601	mean_log_expr_perturbed_minus_control	False	H	Cell death / stress	Apoptosis	HALLMARK_APOPTOSIS	HCC1143 / PMF1	1	Tier 1	benchmark-relevant anchor	0	HCC38	-0.08024009603841536	0.82	50
HALLMARK_P53_PATHWAY	0.408216388954763	1.14503512686344	0.0742496050552923	up	200	196	0.232030015797788	0.211070537868325	KRT17;GADD45A;PPP1R15A;BTG1;UPP1;ATF3;SLC3A2;RPS27L;NUPR1;DDIT3;RPL18;DDIT4;S100A10;TM4SF1;HBEGF;INHBB;HRAS;TSC22D1;RPS12;RPL36;RAP2B;H2AFJ;BLCAP;FBXW7;TRIB3;HIST3H2A;PERP;NDRG1;TRAF4;AK1;NINJ1;STOM;IRAK1;CDKN2B;TXNIP;NUDT15;TGFB1;ZMAT3;HINT1;FAS;HMOX1;TSPYL2;CSRNP2;JUN;MDM2;SLC7A11;EPHX1;SPHK1;CDKN2AIP;RRP8;VAMP8;ISCU;BAK1;DEF6;SLC35D1;APP;ZNF365;CCND3;TGFA;RAD9A;POLH;PLK3;IP6K2;ABHD4;MKNK2;FOS;PTPRE	HCC1143	PMF1	40	1325	36601	mean_log_expr_perturbed_minus_control	False	H	Cell death / stress	P53 Pathway	HALLMARK_P53_PATHWAY	HCC1143 / PMF1	1	Tier 1	benchmark-relevant anchor	1	HCC38	-0.08024009603841536	0.82	50
HALLMARK_TNFA_SIGNALING_VIA_NFKB	0.450104283193066	1.26430665639921	0.0176236126788239	up	200	197	0.120519664451465	0.352487857583619	GADD45A;INHBA;SQSTM1;PPP1R15A;PNRC1;BTG1;ATF3;EDN1;NFE2L2;MCL1;HBEGF;PLAUR;IRS2;BTG3;TSC22D1;GADD45B;VEGFA;KDM6B;SOD2;IER2;IFIH1;CCND1;BHLHE40;TANK;NR4A1;MAFF;LAMB3;SDC4;PHLDA2;SGK1;NINJ1;TNIP1;NFIL3;YRDC;ZBTB10;IRF1;SERPINB8;EIF1;DUSP1;DUSP4;CEBPB;KLF10;EFNA1;IL6;BCL3;JUN;PTGER4;IL7R;SPHK1;HES1;NAMPT;MSC;TNF;JUNB;EHD1;F2RL1;MAP3K8;PANX1;CXCL10;DUSP5;LITAF;CFLAR;FOS;KLF2;PTPRE;KLF9;TRIB1;TNFAIP8;LIF;RIPK2;PER1;NR4A3;NFKBIA	HCC1143	PMF1	40	1325	36601	mean_log_expr_perturbed_minus_control	False	H	Cell death / stress	Tnfa Signaling Via Nfkb	HALLMARK_TNFA_SIGNALING_VIA_NFKB	HCC1143 / PMF1	1	Tier 1	benchmark-relevant anchor	2	HCC38	-0.08024009603841536	0.82	50
HALLMARK_INTERFERON_ALPHA_RESPONSE	-0.453309200035903	-0.958144688381221	0.567702295386042	down	97	93	0.709627869232553	0.0147290973975986	USP18;MX1;IFITM2;LGALS3BP;UBE2L6;EIF2AK2;NMI;ISG15;IFI30;PSMA3;PNPT1;LY6E;OASL;IRF9;IFI44L;HERC6;SP110;PSME2;DDX60;IFIT3;TRIM25;ADAR;OGFR;MOV10;PROCR;WARS;OAS1;TRAFD1;IFIT2;SAMD9;BST2	HCC1143	PMF1	40	1325	36601	mean_log_expr_perturbed_minus_control	False	H	Inflammatory / interferon	Interferon Alpha Response	HALLMARK_INTERFERON_ALPHA_RESPONSE	HCC1143 / PMF1	1	Tier 1	benchmark-relevant anchor	3	HCC38	-0.08024009603841536	0.82	50
HALLMARK_INTERFERON_GAMMA_RESPONSE	-0.447533101968703	-0.99876360923619	0.493756003842459	down	200	198	0.671957563453165	0.0155515460998865	MT2A;USP18;PTPN2;MX1;RNF213;HIF1A;IFITM2;LGALS3BP;UBE2L6;EIF2AK2;IFIT1;NMI;ISG15;RAPGEF6;MTHFD2;HLA-B;APOL6;NUP93;IFI30;PSMA3;PNPT1;STAT3;LY6E;NCOA3;PFKP;LYSMD2;OASL;OAS3;PML;NFKB1;SSPN;IRF9;IFI44L;NOD1;HERC6;SP110;STAT1;PSME2;MVP;DDX60;IFIT3;ST3GAL5;TRIM25;ADAR;OGFR;HLA-DRB1;WARS;TNFAIP2;TRAFD1;IFIT2;IL15RA;SAMHD1;BST2;CFB;ISOC1;TNFAIP3;RNF31;PSMA2;PSMB9;SRI	HCC1143	PMF1	40	1325	36601	mean_log_expr_perturbed_minus_control	False	H	Inflammatory / interferon	Interferon Gamma Response	HALLMARK_INTERFERON_GAMMA_RESPONSE	HCC1143 / PMF1	1	Tier 1	benchmark-relevant anchor	4	HCC38	-0.08024009603841536	0.82	50
HALLMARK_GLYCOLYSIS	-0.607949429438734	-1.35676615586253	0.0067243035542747	down	200	198	0.0560358629522895	0.181914998907505	EXT1;IGFBP3;IER3;HMMR;STMN1;EGFR;FUT8;ENO1;LDHA;KIF2A;NT5E;HDLBP;NASP;AURKA;MIF;SRD5A3;FKBP4;MDH1;HS2ST1;TGFBI;ME1;ALDH7A1;PPIA;ALG1;PLOD1;SOD1;DEPDC1;CYB5A;PGK1;RARS;SDHC;CD44;PYGL;CLN6;ADORA2B;PYGB;SLC16A3;TPST1;PGLS;ME2;HSPA5;MET;QSOX1;KDELR3;G6PD;GOT2;MPI;PAM;GPC1;POLR3K;PFKP;B4GALT7;AGRN;KIF20A;COL5A1;GUSB;VCAN;TXN;GALE;DLD;NSDHL;AK4;SLC25A10;EXT2;AKR1A1;IDH1;STC1;IL13RA1;SLC25A13;PRPS1;TALDO1;AGL;GMPPA;CASP6;B3GNT3;COPB2;HAX1;PMM2;ARTN;P4HA2;LHPP;HK2;NANP;PKP2;PC	HCC1143	PMF1	40	1325	36601	mean_log_expr_perturbed_minus_control	False	H	Metabolic state	Glycolysis	HALLMARK_GLYCOLYSIS	HCC1143 / PMF1	1	Tier 1	benchmark-relevant anchor	5	HCC38	-0.08024009603841536	0.82	50
HALLMARK_MTORC1_SIGNALING	-0.565065724408078	-1.26075432598156	0.0413064361191162	down	200	196	0.147522986139701	0.0719516678892624	HSPE1;MCM4;EPRS;ENO1;LDHA;PRDX1;IMMT;SDF2L1;HPRT1;CTSC;AURKA;SLC9A3R1;CCT6A;FADS1;PSMA4;RPA1;PSMB5;ME1;HSP90B1;SERPINH1;PPIA;DHFR;PLK1;SLC7A5;PGK1;ELOVL5;ATP2A2;GAPDH;ACSL3;USO1;PITPNB;PSMD14;MTHFD2;HSPA9;LGMN;HMBS;IFI30;DHCR24;PSMA3;EBP;ETF1;TFRC;HSPA5;G6PD;ADIPOR2;BUB1;RDH11;M6PR;CALR;TOMM40;RPN1;NMT1;ATP6V1D;EEF1E1;GMPS;CANX;SSR1;TUBG1;PSMC6;SORD;HSPA4;CYP51A1;CACYBP;YKT6;ACLY;TMEM97;PPA1;UCHL5;AK4;DHCR7;FDXR;NUFIP1;PDAP1;PSMD12;HSPD1;ITGB2;PSME3;IDH1;MCM2;STIP1;STC1;LDLR;MTHFD2L;LTA4H;TBK1;WARS;RIT1;UNG;ACACA;SRD5A1;ARPC5L;ELOVL6;MAP2K3;HK2;GPI;ACTR2;SEC11A;ABCF2;FADS2;POLR3G	HCC1143	PMF1	40	1325	36601	mean_log_expr_perturbed_minus_control	False	H	Metabolic state	Mtorc1 Signaling	HALLMARK_MTORC1_SIGNALING	HCC1143 / PMF1	1	Tier 1	benchmark-relevant anchor	6	HCC38	-0.08024009603841536	0.82	50
HALLMARK_OXIDATIVE_PHOSPHORYLATION	-0.509285969481713	-1.13099355353612	0.196539866752633	down	200	183	0.491349666881582	0.0304986328560575	IDH2;UQCRQ;LDHA;SLC25A3;IMMT;VDAC3;UQCRC2;LDHB;NDUFS4;SDHA;COX5A;MDH1;IDH3B;SLC25A5;TOMM22;CYB5A;MRPS22;BAX;NDUFB3;SDHC;FH;UQCRC1;NDUFV2;NDUFAB1;ATP6V1E1;CS;AIFM1;MRPL11;ACO2;ATP6AP1;NDUFA6;NDUFS2;PHYH;HSPA9;FXN;MRPS12;FDX1;GOT2;COX7B;NDUFA3;MRPL34;NQO2;MTX2;CYC1;NDUFA8;SUCLG1;IDH3A;ATP6V1D;RHOT1;AFG3L2;ACAT1;COX15;LRPPRC;ATP6V1C1;TIMM10;POR;PHB2;NDUFS8;HADHB;BDH2;ACADM;SLC25A11;NDUFV1;DLD;COX7C;PRDX3;ATP1B1;MRPS30;DECR1;OGDH;MGST3;UQCR10;SLC25A4;COX10;DLST;IDH1	HCC1143	PMF1	40	1325	36601	mean_log_expr_perturbed_minus_control	False	H	Metabolic state	Oxidative Phosphorylation	HALLMARK_OXIDATIVE_PHOSPHORYLATION	HCC1143 / PMF1	1	Tier 1	benchmark-relevant anchor	7	HCC38	-0.08024009603841536	0.82	50
HALLMARK_E2F_TARGETS	-0.749863699859884	-1.67306892394723	1.48255002831799e-08	down	200	196	7.41275014158997e-07	0.747739663149885	PRKDC;RANBP1;HNRNPD;MCM4;DNMT1;XRCC6;KPNA2;HMMR;UBE2T;NUP107;NAP1L1;LYAR;CDKN3;STMN1;CDC20;DLGAP5;MCM3;CCNB2;POLE4;CBX5;RPA3;MYBL2;RAD50;RFC3;NASP;PCNA;TRIP13;TOP2A;AURKA;CENPM;RAN;BRCA1;CDC25B;MCM5;H2AFZ;TACC3;KIF4A;CCP110;NAA38;CENPE;XPO1;RPA1;RFC1;DEPDC1;TIMELESS;NME1;POLD2;PLK1;SSRP1;NBN;TIPIN;SRSF1;MCM6;ANP32E;AURKB;MSH2;PTTG1;SMC4;PAICS;BRMS1L;NOP56;CHEK2;RAD51C;CHEK1;AK2;MTHFD2;EZH2;MMS22L;ILF3;SPC25;SMC1A;GINS1;CSE1L;DEK;SRSF2;LIG1;GSPT1;NUP153;TP53;TFRC;KIF22;SNRPB;MLH1;EED;UBR7;ATAD2;DSCC1;SHMT1;RACGAP1;DIAPH3;BUB1B;TUBG1;SMC6;HMGB3;MELK;BIRC5;POLA2;LMNB1;PSIP1;CDKN2A;ESPL1;POLD3;CDCA3;TMPO;TUBB;RAD21;SLBP;BRCA2;SMC3;WDR90;TK1;MCM2;PLK4;DUT;CCNE1;LUC7L3;NOLC1;MCM7;ASF1B;PRPS1;PA2G4	HCC1143	PMF1	40	1325	36601	mean_log_expr_perturbed_minus_control	False	H	Proliferation / cell cycle	E2F Targets	HALLMARK_E2F_TARGETS	HCC1143 / PMF1	1	Tier 1	benchmark-relevant anchor	8	HCC38	-0.08024009603841536	0.82	50
HALLMARK_G2M_CHECKPOINT	-0.720055614403272	-1.60486438594566	9.78652107997297e-07	down	200	193	2.44663026999324e-05	0.643551836150722	MT2A;HSPA8;HNRNPD;NCL;KPNA2;HMMR;KPNB1;CDKN3;STMN1;CDC20;MCM3;CCNB2;EFNA5;TPX2;SMAD3;PRC1;MYBL2;NASP;HIF1A;TOP2A;AURKA;CENPF;CDC25B;MCM5;H2AFZ;H2AFV;TACC3;KIF4A;KIF23;CHAF1A;CENPE;XPO1;HMGN2;NDC80;PLK1;SLC7A5;SRSF1;CDC45;MCM6;RBL1;AURKB;PTTG1;SMC4;G3BP1;SFPQ;PBK;E2F3;CDC7;CHEK1;EZH2;ILF3;SMC1A;CBX1;SRSF2;HNRNPU;UCK2;NUSAP1;GSPT1;RAD23B;DTYMK;MTF2;RASAL2;KIF5B;KIF22;CASP8AP2;BUB1;DBF4;KATNA1;NOTCH2;DKC1;FBXO5;TOP1;RACGAP1;PML;HMGB3;DR1;CUL4A;UBE2C;SLC7A1;BIRC5;ODF2;POLA2;LMNB1;POLQ;ESPL1;E2F1;PRMT5;TMPO;RAD21;GINS2;CUL5;BRCA2;FANCC;TTK;CCNT1;RAD54L;MCM2;PLK4;SMC2;MNAT1;NOLC1;SNRPD1;ATF5;SMARCC1;MEIS2;SS18;PRIM2;PDS5B;TFDP1;E2F4;WRN;KIF20B;YTHDC1;UPF1	HCC1143	PMF1	40	1325	36601	mean_log_expr_perturbed_minus_control	False	H	Proliferation / cell cycle	G2M Checkpoint	HALLMARK_G2M_CHECKPOINT	HCC1143 / PMF1	1	Tier 1	benchmark-relevant anchor	9	HCC38	-0.08024009603841536	0.82	50
HALLMARK_MYC_TARGETS_V1	-0.700218635048901	-1.56249230055427	5.6444552256534e-06	down	200	197	9.40742537608901e-05	0.610526878385931	CCT3;NPM1;RANBP1;HNRNPD;HSPE1;MCM4;XRCC6;HNRNPC;KPNA2;KPNB1;EPRS;C1QBP;TYMS;NAP1L1;CDC20;PSMB3;LDHA;SLC25A3;SNRPA1;HSP90AB1;VDAC3;EIF4A1;SNRPD3;PCNA;TRIM28;HPRT1;RUVBL2;CCT2;RAN;RRM1;EIF4G2;SNRPA;MCM5;COX5A;EIF4E;H2AFZ;PSMD7;PHB;DDX18;VBP1;CCT4;SSBP1;XPO1;PSMA4;PPIA;SRM;NME1;POLD2;PGK1;MRPS18B;TUFM;SRSF1;FBL;CDC45;MCM6;NDUFAB1;RPLP0;G3BP1;NOP56;HNRNPR;RPL34;HNRNPA1;AIMP2;PSMD14;SF3B3;DEK;SRSF2;HNRNPU;CLNS1A;PSMA1;GSPT1;RAD23B;NOP16;ETF1;CCT7;PPM1G;HDDC2;GOT2;UBA2;KARS;PSMD1;XPOT;SERBP1;CYC1;SF3A1;SSB;CANX;PSMC6;HNRNPA3;ERH;CDK2;DHX15;CAD;PHB2;CCT5;PABPC4;PSMA6;RPS2;PRDX3;PSMD3;ILF2;SNRPG;EIF3B;AP3S1;HSPD1;PTGES3;PSMA7;MCM2;FAM120A;DUT;NOLC1;SNRPD1;MCM7;PA2G4;SMARCC1;ABCE1	HCC1143	PMF1	40	1325	36601	mean_log_expr_perturbed_minus_control	False	H	Proliferation / cell cycle	Myc Targets V1	HALLMARK_MYC_TARGETS_V1	HCC1143 / PMF1	1	Tier 1	benchmark-relevant anchor	10	HCC38	-0.08024009603841536	0.82	50
HALLMARK_HYPOXIA	-0.41061334857744	-0.914246304227594	0.700910551687199	down	200	191	0.811490820614908	0.0104882808895165	EXT1;MT2A;IGFBP3;IER3;ILVBL;F3;EGFR;ENO1;LDHA;PRKCA;HDLBP;CAV1;SLC25A1;MIF;TGFBI;HEXA;GCNT2;PGK1;MYH9;GAPDH;NAGK;ADORA2B;S100A4;GAA;ANXA2;HSPA5;KDELR3;FOSL2;PFKFB3;SCARB1;HS3ST1;PAM;SRPX;GPC1;ALDOC;PFKP;NR3C1;RORA;COL5A1;PKP1;AKAP12	HCC1143	PMF1	40	1325	36601	mean_log_expr_perturbed_minus_control	False	H	Proteostasis / stress	Hypoxia	HALLMARK_HYPOXIA	HCC1143 / PMF1	1	Tier 1	benchmark-relevant anchor	11	HCC38	-0.08024009603841536	0.82	50
HALLMARK_REACTIVE_OXIGEN_SPECIES_PATHWAY	-0.533083270572853	-1.03865074254419	0.421099858992437	down	49	46	0.671957563453165	0.0206292951778269	MGST1;PRDX1;GLRX2;SOD1;TXNRD2;GCLM;NDUFA6;NDUFS2;G6PD;PRDX6;PRDX2;PFKP;ABCC1;SBNO2;CAT;TXN;MBP	HCC1143	PMF1	40	1325	36601	mean_log_expr_perturbed_minus_control	False	H	Proteostasis / stress	Reactive Oxigen Species Pathway	HALLMARK_REACTIVE_OXIGEN_SPECIES_PATHWAY	HCC1143 / PMF1	1	Tier 1	benchmark-relevant anchor	12	HCC38	-0.08024009603841536	0.82	50
HALLMARK_UNFOLDED_PROTEIN_RESPONSE	-0.516144750879432	-1.10506284806143	0.272479254291236	down	113	109	0.620328934567887	0.0256978041674306	NPM1;EIF4A1;EEF2;BANF1;EIF4G1;EIF4E;IFIT1;KHSRP;HSP90B1;TUBB2A;TTC37;IMP3;SLC7A5;SEC31A;NOP56;MTHFD2;ATF6;CNOT2;FUS;HSPA9;HSPA5;BAG3;KDELR3;KIF5B;XPOT;CALR;DKC1;TARS;SPCS3;SSR1;YWHAZ;EXOSC2;EXOSC10;DNAJA4;FKBP14;SPCS1;ATP6V0D1;CXXC1;NFYA;ALDH18A1;CEBPG;EXOSC1;CNOT4;GEMIN4;NOLC1;PARN;PDIA6;LSM1;WFS1	HCC1143	PMF1	40	1325	36601	mean_log_expr_perturbed_minus_control	False	H	Proteostasis / stress	Unfolded Protein Response	HALLMARK_UNFOLDED_PROTEIN_RESPONSE	HCC1143 / PMF1	1	Tier 1	benchmark-relevant anchor	13	HCC38	-0.08024009603841536	0.82	50
HALLMARK_EPITHELIAL_MESENCHYMAL_TRANSITION	-0.572690030977299	-1.27712298996428	0.0321684300523672	down	200	195	0.147522986139701	0.0819647472921866	MGP;VIM;IGFBP3;LAMA3;CALD1;BASP1;COL6A2;THBS1;FLNA;LGALS1;NT5E;SPOCK1;ITGB1;ADAM12;TNFRSF11B;DST;ECM1;CXCL1;PMEPA1;CALU;TGFBI;SERPINH1;PLOD1;CD44;COPA;LAMC2;PCOLCE2;CADM1;FZD8;COL12A1;PLOD3;PFN2;QSOX1;ITGB5;OXTR;SLC6A8;GPC1;NOTCH2;MYLK;WIPF1;CAP2;FBLN1;TFPI2;LOXL2;LOXL1;COL5A1;SAT1;TGFBR3;TPM2;BMP1;VCAN;SLIT2;FBLN2;FGF2;PPIB;GPX7;ITGA2;TGM2;FBN2;MATN2;MCM7;AREG;COL4A2;BDNF;CDH2;ID2;FSTL3;IGFBP2;PCOLCE;PTX3	HCC1143	PMF1	40	1325	36601	mean_log_expr_perturbed_minus_control	False	H	State remodeling	Epithelial Mesenchymal Transition	HALLMARK_EPITHELIAL_MESENCHYMAL_TRANSITION	HCC1143 / PMF1	1	Tier 1	benchmark-relevant anchor	14	HCC38	-0.08024009603841536	0.82	50
HALLMARK_APOPTOSIS	-0.570002625058515	-1.25810519130525	0.0579886905421887	down	161	158	0.144190517535427	0.0614439060918817	IER3;DPYD;JUN;CCND1;PTK2;SQSTM1;CDC25B;IGFBP6;GPX4;TGFB2;DAP;H1F0;DNM1L;ANXA1;APP;LMNA;BAX;GSN;ADD1;XIAP;SAT1;PAK1;TNFRSF12A;ERBB3;TOP2A;EBP;HMGB2;BRCA1;RELA;IFITM3;GADD45B;CASP3;SLC20A1;MGMT;CASP7;SMAD7;ROCK1;CASP8;FDXR;CLU;IRF1;DDIT3;HSPB1;F2R;TNFSF10;ANKH;TGFBR3;CD44;TSPO;MCL1;DNAJC3;RETSAT;PEA15;CASP6	HCC1143	PRPF6	23	1325	36601	mean_log_expr_perturbed_minus_control	False	H	Cell death / stress	Apoptosis	HALLMARK_APOPTOSIS	HCC1143 / PRPF6	2	Tier 1	benchmark-relevant anchor	0	HCC38	-0.10953181272509004	0.48	50
HALLMARK_P53_PATHWAY	-0.461057288521925	-1.03240153932077	0.399347826086957	down	200	196	0.486998663944138	0.0189331368924328	IER3;S100A4;DCXR;JUN;PCNA;PVT1;KLK8;HIST1H1C;IFI30;ITGB4;WWP1;PLXNB2;TOB1;IRAK1;APP;MKNK2;ZFP36L1;BAX;DDB2;SAT1;FGF13;RAD9A;JAG2;RAP2B;AK1;ABCC5;BAIAP2;TM7SF3;PITPNC1;HEXIM1;DRAM1;IER5;CCP110;NOL8;DDIT4;INHBB;SPHK1;XPC;CDKN2AIP;FDXR;KIF13B;DDIT3;PTPN14;F2R;EPS8L2;BLCAP;NINJ1;TRAFD1;MDM2;TM4SF1;ADA;RXRA;ZMAT3;DNTTIP2;RETSAT;FOXO3;SEC61A1;RCHY1;SOCS1;RB1;LDHB;SERTAD3;SDC1;POLH;PPM1D;EPHX1;PROCR;FOS;VDR;SP1;RAB40C;UPP1;CDKN2B	HCC1143	PRPF6	23	1325	36601	mean_log_expr_perturbed_minus_control	False	H	Cell death / stress	P53 Pathway	HALLMARK_P53_PATHWAY	HCC1143 / PRPF6	2	Tier 1	benchmark-relevant anchor	1	HCC38	-0.10953181272509004	0.48	50
HALLMARK_TNFA_SIGNALING_VIA_NFKB	-0.553267541639086	-1.23958711054361	0.0605600173648795	down	200	197	0.144190517535427	0.0593739823723063	IER3;JUN;CCND1;CEBPB;NFKBIA;SQSTM1;SMAD3;PHLDA1;IER2;CEBPD;TGIF1;KLF10;F3;JAG1;MYC;JUNB;TNFAIP8;DDX58;MARCKS;SAT1;GEM;ATP2B1;GFPT2;KLF6;B4GALT5;PDLIM5;PMEPA1;DRAM1;IER5;RELA;BHLHE40;NFE2L2;GADD45B;TNC;B4GALT1;SPHK1;IRF1;MAP3K8;FOSL1;TUBB2A;PLAU;TRIP10;INHBA;LDLR;PFKFB3;EGR1;NINJ1;CSF1;CD44;TANK;ID2;MCL1;ZBTB10;SLC2A6;NR4A1;DUSP1;EHD1;IFIT2;FOSB;HES1;FOS;CLCF1;IFNGR2;NFKB1;IL15RA;VEGFA;IL6ST;TIPARP;TSC22D1;BCL3;MXD1;PANX1;CXCL2;ZC3H12A;NFKB2;TNIP2;CXCL3;KLF4;BIRC2	HCC1143	PRPF6	23	1325	36601	mean_log_expr_perturbed_minus_control	False	H	Cell death / stress	Tnfa Signaling Via Nfkb	HALLMARK_TNFA_SIGNALING_VIA_NFKB	HCC1143 / PRPF6	2	Tier 1	benchmark-relevant anchor	2	HCC38	-0.10953181272509004	0.48	50
HALLMARK_INTERFERON_ALPHA_RESPONSE	-0.735904402863808	-1.55413898848737	0.0005585946496564	down	97	93	0.0095031443659522	0.477270815362862	ISG15;EIF2AK2;MX1;LGALS3BP;PSMB8;PSMB9;IFI30;PNPT1;BST2;TRIM25;PSME1;PLSCR1;PARP14;PSME2;IFI35;UBE2L6;USP18;NMI;IFITM3;HLA-C;DDX60;LAP3;IFI44L;CASP8;NUB1;IRF1;IRF2;SLC25A28;IFI27;OAS1;SAMD9;HERC6;ADAR;IRF9;TRAFD1;CSF1;IL15;SP110;IFIT3;WARS;NCOA7;OASL;IFIT2;LY6E;CD47;PROCR;IRF7;TRIM14;MOV10;OGFR;IFITM1;IFI44	HCC1143	PRPF6	23	1325	36601	mean_log_expr_perturbed_minus_control	False	H	Inflammatory / interferon	Interferon Alpha Response	HALLMARK_INTERFERON_ALPHA_RESPONSE	HCC1143 / PRPF6	2	Tier 1	benchmark-relevant anchor	3	HCC38	-0.10953181272509004	0.48	50
HALLMARK_INTERFERON_GAMMA_RESPONSE	-0.653161765658311	-1.46375642596165	0.0007006248619265	down	200	198	0.0095031443659522	0.477270815362862	ISG15;EIF2AK2;RBCK1;RNF213;MX1;LGALS3BP;PTPN2;PSMB8;NFKBIA;STAT1;NCOA3;PSMB9;IFI30;SRI;PNPT1;HLA-A;PFKP;BST2;TRIM25;PSME1;PLSCR1;PARP14;DDX58;PSME2;IFI35;UBE2L6;OAS3;USP18;NMI;SAMHD1;IFITM3;CASP3;ARL4A;PTPN1;DDX60;PML;RIPK1;LAP3;IFI44L;CASP7;ARID5B;TAPBP;PSMB10;CASP8;IRF1;IRF2;SLC25A28;IFI27;STAT3;HERC6;HLA-B;TNFSF10;ADAR;IRF9;TRAFD1;IL15;SP110;IFIT3;WARS;HIF1A;CFB;OASL;IFIT2;LY6E;SOCS1;ISOC1;XAF1;NFKB1;IL15RA;UPP1;IRF7;TRIM14;C1R;OGFR	HCC1143	PRPF6	23	1325	36601	mean_log_expr_perturbed_minus_control	False	H	Inflammatory / interferon	Interferon Gamma Response	HALLMARK_INTERFERON_GAMMA_RESPONSE	HCC1143 / PRPF6	2	Tier 1	benchmark-relevant anchor	4	HCC38	-0.10953181272509004	0.48	50
HALLMARK_GLYCOLYSIS	-0.601865050419706	-1.34879884499309	0.0098730606488011	down	200	198	0.0493653032440056	0.150964206987421	EXT1;IER3;RBCK1;EGFR;NASP;HDLBP;IGFBP3;AKR1A1;HMMR;PAM;POLR3K;TPBG;G6PD;HS6ST2;COG2;PGLS;PFKP;GYS1;PYGB;GALK1;FUT8;GUSB;CLN6;KDELR3;GALE;ADORA2B;ALDOA;STMN1;HSPA5;PLOD2;DDIT4;TSTA3;B4GALT1;DEPDC1;SRD5A3;MPI;IDH1;PYGL;CENPA;CYB5A;B4GALT2;NDUFV3;PMM2;GFPT1;KIF2A;ANKZF1;B3GAT3;COPB2;PGM2;GLCE;TGFBI;PAXIP1;CD44;ARTN;PSMC4;CAPN5;GPC1;RARS;COL5A1;CITED2;AGRN;CASP6;SLC25A10;ELF3;SLC25A13;SOX9;GPC4;LHPP;GMPPA;NANP;SDC1;HS2ST1;MDH1;PPP2CB;RPE;GNPDA1;VCAN;PDK3;PLOD1;UGP2;VEGFA	HCC1143	PRPF6	23	1325	36601	mean_log_expr_perturbed_minus_control	False	H	Metabolic state	Glycolysis	HALLMARK_GLYCOLYSIS	HCC1143 / PRPF6	2	Tier 1	benchmark-relevant anchor	5	HCC38	-0.10953181272509004	0.48	50
HALLMARK_MTORC1_SIGNALING	-0.520000776244396	-1.1643880602425	0.144782608695652	down	200	196	0.249625187406297	0.036810997511849	TCEA1;RRM2;MCM4;FADS1;SQSTM1;PITPNB;SLC7A5;CALR;IFI30;G6PD;ACTR2;GMPS;UCHL5;EPRS;HSPE1;PIK3R3;SERPINH1;TUBA4A;SQLE;IMMT;SRD5A1;TFRC;PSMA4;PFKL;CANX;RPA1;ELOVL6;TMEM97;ARPC5L;RDH11;EBP;USO1;PSMD12;M6PR;BHLHE40;ALDOA;HSPA5;PLOD2;DDIT4;SLC1A5;DDX39A;SKAP2;UNG;CACYBP;ACSL3;IDH1;FDXR;DHCR7;DDIT3;ATP2A2;QDPR;GGA2;GSK3B;ACLY;LDLR;POLR3G;CCNF;HMBS;SSR1;SLC9A3R1;TM7SF2;PSMC4;NMT1;PHGDH;WARS;HPRT1;PGM1;PSPH;TUBG1;CYP51A1;BUB1;EDEM1;GTF2H1;PSAT1	HCC1143	PRPF6	23	1325	36601	mean_log_expr_perturbed_minus_control	False	H	Metabolic state	Mtorc1 Signaling	HALLMARK_MTORC1_SIGNALING	HCC1143 / PRPF6	2	Tier 1	benchmark-relevant anchor	6	HCC38	-0.10953181272509004	0.48	50
HALLMARK_OXIDATIVE_PHOSPHORYLATION	0.420453857684247	1.15783954530424	0.07981220657277	up	200	183	0.166275430359937	0.175004015942342	NDUFC2;COX6C;VDAC2;CYCS;COX7C;UQCRH;SLC25A6;SLC25A5;ATP6V0C;NDUFA2;COX6A1;ATP6V1D;COX5A;TOMM22;ATP6V0E1;ATP6V1F;COX7A2;UQCRB;COX6B1;PDHX;SUPV3L1;HADHB;COX8A;UQCR11;GRPEL1;NDUFA1;OAT;UQCR10;MRPL11;NDUFB8;SUCLA2;MTX2;NDUFB2;DLST;SLC25A12;COX7A2L;ABCB7;MDH2;POLR2F;NDUFB3;SDHA;NDUFA8;COX10;CPT1A;AIFM1;ATP6V1C1;COX4I1;NDUFB4;NDUFS6;SDHB;ACAT1;COX7B;NDUFA9;MRPS30;ATP6V1E1;NDUFA4;ATP6AP1;HCCS;MRPS15;ALDH6A1;MRPL15;OGDH;MRPS22;PDP1;ISCU	HCC1143	PRPF6	23	1325	36601	mean_log_expr_perturbed_minus_control	False	H	Metabolic state	Oxidative Phosphorylation	HALLMARK_OXIDATIVE_PHOSPHORYLATION	HCC1143 / PRPF6	2	Tier 1	benchmark-relevant anchor	7	HCC38	-0.10953181272509004	0.48	50
HALLMARK_E2F_TARGETS	-0.642377084612981	-1.4384136364158	0.0013907607420264	down	200	196	0.013907607420264	0.45505986738723	PRKDC;SMC4;MCM5;UBE2T;PCNA;DNMT1;PAICS;NASP;RRM2;NOP56;MCM4;ANP32E;CDC25B;HMMR;SSRP1;TK1;BIRC5;EZH2;PSIP1;CDKN3;CENPM;MCM7;CENPE;XPO1;USP1;MYC;DEK;TIMELESS;SMC1A;ASF1B;RFC3;PA2G4;TFRC;KIF2C;SMC6;LIG1;MYBL2;TACC3;CIT;TOP2A;RPA1;CHEK2;ATAD2;POLD2;EED;UBR7;GSPT1;HNRNPD;BRCA2;HMGB2;MELK;CDC20;BRCA1;STAG1;STMN1;POLE;MCM6;CCP110;NBN;KIF4A;GINS4;RACGAP1;POLE4;DDX39A;UNG;POLD1;SHMT1;CDK4;DEPDC1;H2AFZ;TCF19;ING3;MSH2;TUBB;RAD50;CDCA8;BUB1B;LBR;TMPO;MLH1;ASF1A;PDS5B;SRSF1;KIF22;SLBP;CDCA3;ESPL1;SPC25;KIF18B;HELLS;POLD3;RPA2;DSCC1;XRCC6;CCNE1;TUBG1;RFC1;DONSON;IPO7;POLA2;CTCF;LMNB1;GINS3;PPM1D;PAN2;MMS22L;NCAPD2;H2AFX;HMGB3;RFC2;SPAG5;WDR90;E2F8;PRIM2;NAA38;PLK4;DCK;PSMC3IP;RBBP7	HCC1143	PRPF6	23	1325	36601	mean_log_expr_perturbed_minus_control	False	H	Proliferation / cell cycle	E2F Targets	HALLMARK_E2F_TARGETS	HCC1143 / PRPF6	2	Tier 1	benchmark-relevant anchor	8	HCC38	-0.10953181272509004	0.48	50
HALLMARK_G2M_CHECKPOINT	-0.61409159022538	-1.37414301563206	0.0049989132797218	down	200	193	0.0312432079982612	0.213387923018053	SMC4;MCM5;RASAL2;CENPF;CCND1;NCL;NASP;HNRNPU;EFNA5;SMAD3;ATRX;SLC7A5;CDC25B;HMMR;PURA;BIRC5;DTYMK;E2F1;CDC45;EZH2;ATF5;CDKN3;SFPQ;CENPE;XPO1;CASP8AP2;MYC;HSPA8;SMC1A;SQLE;RBL1;CBX1;MARCKS;KIF2C;HOXC10;MYBL2;TACC3;FBXO5;TOP2A;SMARCC1;PRC1;WRN;GSPT1;HNRNPD;BRCA2;CDC20;STAG1;STMN1;POLE;NEK2;MCM6;KIF4A;RACGAP1;CCNA2;DBF4;DDX39A;PML;CDK4;UCK2;RAD23B;CENPA;CDC7;H2AFZ;SS18;SMC2;NDC80;KATNA1;FANCC;CCNF;KIF15;MEIS2;LBR;TMPO;KIF11;H2AFV;PDS5B;HMGN2;SRSF1;MNAT1;KIF22;SLC38A1;NUP98;SLC12A2;GINS2;ESPL1;RPA2;MTF2;CUL3;TTK;HIF1A;BUB1;POLA2;CTCF;LMNB1;INCENP;CHAF1A;CUL5;E2F2	HCC1143	PRPF6	23	1325	36601	mean_log_expr_perturbed_minus_control	False	H	Proliferation / cell cycle	G2M Checkpoint	HALLMARK_G2M_CHECKPOINT	HCC1143 / PRPF6	2	Tier 1	benchmark-relevant anchor	9	HCC38	-0.10953181272509004	0.48	50
HALLMARK_MYC_TARGETS_V1	0.435825434646609	1.21156284396098	0.0368020304568528	up	200	197	0.119471238677803	0.269842314478839	RPL34;RPS3;RPL18;RPS10;ERH;RPL6;PABPC1;NPM1;RPS5;RSL1D1;CNBP;RPL22;RPS6;ETF1;SRSF2;COX5A;RPL14;SSB;PCBP1;FBL;SNRPG;DDX21;NHP2;EIF3B;PSMA6;TCP1;PSMD14;LSM7;CCT2;GNL3;C1QBP;DHX15;YWHAE;SF3A1;VBP1;UBE2L3;PSMD7;YWHAQ;GLO1;EIF4A1;TRA2B;RANBP1;RPLP0;EIF1AX;CCT4;EIF2S1;ODC1;ORC2;SNRPD2;KPNA2;TXNL4A;STARD7;HNRNPC;PHB;COPS5;BUB3;PSMD8;PSMB3;NOLC1;PPIA;SSBP1;RAN;NME1;PSMA7;SNRPD3;PWP1;PSMA2;EIF3D;SNRPB2;PGK1;SNRPD1;TFDP1;SRM;NCBP1	HCC1143	PRPF6	23	1325	36601	mean_log_expr_perturbed_minus_control	False	H	Proliferation / cell cycle	Myc Targets V1	HALLMARK_MYC_TARGETS_V1	HCC1143 / PRPF6	2	Tier 1	benchmark-relevant anchor	10	HCC38	-0.10953181272509004	0.48	50
HALLMARK_HYPOXIA	-0.560488012156908	-1.25343664809605	0.0496901163422855	down	200	191	0.138028100950793	0.0659642175442741	EXT1;IER3;S100A4;EGFR;JUN;GCNT2;ILVBL;HDLBP;IGFBP3;PAM;TPBG;MYH9;PFKP;F3;GYS1;RBPJ;PRKCA;PFKL;GALK1;ADM;NDST1;KLF6;NAGK;KDELR3;ADORA2B;BHLHE40;ALDOA;GAA;HSPA5;NR3C1;DDIT4;PKP1;SLC25A1;KLF7;LOX;DDIT3;PRDX5;SCARB1;VHL;PFKFB3;ETS1;ANKZF1;PGM2;TGFBI;GPC1;LXN;FOXO3;COL5A1;PGM1;KLHL24;PDGFB;CITED2;CASP6;DUSP1;PLAC8;BNIP3L;GPC4;TGM2;TPD52;ERRFI1;FOS;CCNG2;PDK3;SRPX;HK1;UGP2;VEGFA	HCC1143	PRPF6	23	1325	36601	mean_log_expr_perturbed_minus_control	False	H	Proteostasis / stress	Hypoxia	HALLMARK_HYPOXIA	HCC1143 / PRPF6	2	Tier 1	benchmark-relevant anchor	11	HCC38	-0.10953181272509004	0.48	50
HALLMARK_REACTIVE_OXIGEN_SPECIES_PATHWAY	-0.495004757715184	-0.959727062558308	0.546760710553814	down	49	46	0.614968744720392	0.0170045391601561	MBP;PRDX2;GCLM;GPX4;G6PD;PRDX6;PFKP;NDUFA6;ABCC1;JUNB;NQO1;MGST1;CDKN2D;ERCC2;SBNO2;GLRX2	HCC1143	PRPF6	23	1325	36601	mean_log_expr_perturbed_minus_control	False	H	Proteostasis / stress	Reactive Oxigen Species Pathway	HALLMARK_REACTIVE_OXIGEN_SPECIES_PATHWAY	HCC1143 / PRPF6	2	Tier 1	benchmark-relevant anchor	12	HCC38	-0.10953181272509004	0.48	50
HALLMARK_UNFOLDED_PROTEIN_RESPONSE	-0.379586554010805	-0.812732293917389	0.845368005572324	down	113	109	0.845368005572324	0.0088157214220666	NOP56;CEBPB;NOP14;SLC7A5;CALR;PARN;EXOSC5;SHC1;FUS;TTC37;KDELR3;PREB;HSPA5;DDIT4;EIF4G1;EIF4E;EXOSC10;PDIA6;HYOU1;EXOSC9;TUBB2A;EXOSC4;SRPRB;SSR1;EXOSC1;SDAD1;DNAJC3;LSM1;LSM4;EDEM1;IMP3;PSAT1;HERPUD1;SEC31A;EIF2AK3;ALDH18A1;WFS1;CEBPG;H2AFX;VEGFA	HCC1143	PRPF6	23	1325	36601	mean_log_expr_perturbed_minus_control	False	H	Proteostasis / stress	Unfolded Protein Response	HALLMARK_UNFOLDED_PROTEIN_RESPONSE	HCC1143 / PRPF6	2	Tier 1	benchmark-relevant anchor	13	HCC38	-0.10953181272509004	0.48	50
HALLMARK_EPITHELIAL_MESENCHYMAL_TRANSITION	-0.538008129315727	-1.20448987600124	0.0946842048048701	down	200	195	0.182085009240135	0.0467212718610304	FBLN1;JUN;COL6A2;IGFBP3;TPM1;SPOCK1;ECM1;LAMA3;MCM7;SERPINH1;PFN2;COL12A1;CALD1;ITGAV;SAT1;SFRP1;BASP1;TNFRSF12A;GEM;SERPINE2;LAMC2;LGALS1;PMEPA1;MGP;ITGB1;CAPG;GADD45B;TPM4;PLOD2;TNC;MYLK;DST;FLNA;CDH2;ADAM12;PLOD3;CAP2;LOX;INHBA;SGCB;FZD8;TGFBI;FGF2;TGFBR3;COL4A1;CD44;IL15;FOXC2;FSTL3;MATN2;LOXL2;ID2;GPC1;COL5A1;SLIT2;WIPF1;PCOLCE;LAMC1;PCOLCE2;IGFBP2;COPA;SDC1;TGM2;COL16A1;CDH11;VCAN;PLOD1;VEGFA	HCC1143	PRPF6	23	1325	36601	mean_log_expr_perturbed_minus_control	False	H	State remodeling	Epithelial Mesenchymal Transition	HALLMARK_EPITHELIAL_MESENCHYMAL_TRANSITION	HCC1143 / PRPF6	2	Tier 1	benchmark-relevant anchor	14	HCC38	-0.10953181272509004	0.48	50
HALLMARK_APOPTOSIS	0.391613815204051	1.04625872556044	0.28353057199211	up	161	158	0.525056614800205	0.058436248184976	DDIT3;ISG20;SOD2;IER3;PMAIP1;SQSTM1;TIMP1;ANXA1;IRF1;MGMT;AIFM3;DNAJC3;BID;IFNGR1;SAT1;SOD1;PSEN1;RELA;CLU;PLAT;JUN;CD14;ETF1;BCL10;PAK1;SPTAN1;VDAC2;DFFA;HMOX1;BIK;TNFSF10;DNAJA1;ERBB3;BTG3;CASP4;PDCD4;LGALS3;ERBB2;CASP6;CDKN1B;CYLD;EBP;GSN;SLC20A1	HCC1143	ZNF131	43	1325	36601	mean_log_expr_perturbed_minus_control	False	H	Cell death / stress	Apoptosis	HALLMARK_APOPTOSIS	HCC1143 / ZNF131	3	Tier 1	benchmark-relevant anchor	0	HCC38	0.39476590636254505	0.58	50
HALLMARK_P53_PATHWAY	0.394889631534648	1.07679602922284	0.200549450549451	up	200	196	0.455794205794206	0.0741759589930859	DDIT3;SLC3A2;DCXR;PERP;TPRKB;IER3;RPL18;NUPR1;PPP1R15A;ACVR1B;BTG1;RXRA;RPS27L;CDKN2B;VAMP8;FAM162A;SAT1;EPHX1;SFN;NDRG1;DEF6;JAG2;PTPN14;MXD1;S100A4;HBEGF;SPHK1;TRIB3;SESN1;JUN;DNTTIP2;KRT17;HDAC3;KLF4;MAPKAPK3;XPC;CCNK;UPP1;ABCC5;STOM;TSC22D1;HMOX1;TPD52L1;RAP2B;ISCU;CSRNP2;TSPYL2;PROCR;WWP1;CDKN2A;PITPNC1;SLC19A2;CDK5R1;RAD9A;BAIAP2;WRAP73;ZMAT3;VDR;RPL36;MXD4;RALGDS;PLXNB2;PTPRE;RRAD;CGRRF1;ABAT	HCC1143	ZNF131	43	1325	36601	mean_log_expr_perturbed_minus_control	False	H	Cell death / stress	P53 Pathway	HALLMARK_P53_PATHWAY	HCC1143 / ZNF131	3	Tier 1	benchmark-relevant anchor	1	HCC38	0.39476590636254505	0.58	50
HALLMARK_TNFA_SIGNALING_VIA_NFKB	0.386940577688975	1.05553738777042	0.25068870523416	up	200	197	0.50137741046832	0.0661161203199431	SOD2;TUBB2A;IER3;SQSTM1;LAMB3;PPP1R15A;PHLDA2;IFIT2;IRF1;PLAUR;DDX58;BTG1;SDC4;IRS2;DNAJB4;CCL5;PTX3;PNRC1;EDN1;LITAF;SAT1;BHLHE40;MXD1;IFIH1;RELA;HBEGF;SPHK1;MYC;CEBPB;JUN;KLF4;EIF1;MSC;TGIF1;EHD1;TSC22D1;NFIL3;NFKB1;ATP2B1;ZBTB10;CCNL1;JUNB;SERPINB8;BCL3;BTG3;CCL2;CD83;TNFAIP8	HCC1143	ZNF131	43	1325	36601	mean_log_expr_perturbed_minus_control	False	H	Cell death / stress	Tnfa Signaling Via Nfkb	HALLMARK_TNFA_SIGNALING_VIA_NFKB	HCC1143 / ZNF131	3	Tier 1	benchmark-relevant anchor	2	HCC38	0.39476590636254505	0.58	50
HALLMARK_INTERFERON_ALPHA_RESPONSE	-0.481031117293051	-1.06268678912349	0.345202902445579	down	97	93	0.536330375040053	0.0245401234820697	LY6E;IFITM3;LGALS3BP;PSMB9;PSME1;PLSCR1;TRIM25;MX1;IFI30;IFI35;IRF2;UBE2L6;PARP14;PSMA3;EIF2AK2;NCOA7;PSMB8;HERC6;PSME2;SP110;STAT2;IRF7;CD74;CSF1;LAP3;RIPK2;NMI;IFITM2;C1S;TAP1;IL4R;LAMP3;TRIM14;NUB1;PARP9	HCC1143	ZNF131	43	1325	36601	mean_log_expr_perturbed_minus_control	False	H	Inflammatory / interferon	Interferon Alpha Response	HALLMARK_INTERFERON_ALPHA_RESPONSE	HCC1143 / ZNF131	3	Tier 1	benchmark-relevant anchor	3	HCC38	0.39476590636254505	0.58	50
HALLMARK_INTERFERON_GAMMA_RESPONSE	-0.430132857856359	-1.02035353079857	0.4149169921875	down	200	198	0.536330375040053	0.0201074872713064	LY6E;IFITM3;LGALS3BP;PSMB9;PSME1;PLSCR1;TRIM25;MX1;RNF213;MTHFD2;IFI30;MVP;IFI35;STAT1;IRF2;UBE2L6;PARP14;TNFAIP2;ARID5B;PSMA3;RBCK1;XAF1;SRI;EIF2AK2;PTPN2;PSMB8;HERC6;PSMA2;MT2A;PSME2;TAPBP;NCOA3;NFKBIA;SP110;RAPGEF6;STAT2;IRF7;CD74;LAP3;NAMPT;STAT3;RIPK2;PML;SPPL2A;PIM1;NLRC5;LATS2;NMI;IFNAR2;IFITM2;C1S;TAP1;IL4R;SOCS1;ICAM1;TRIM14;OAS3;MYD88;TRIM26;ISOC1;GCH1;FAS;CASP3	HCC1143	ZNF131	43	1325	36601	mean_log_expr_perturbed_minus_control	False	H	Inflammatory / interferon	Interferon Gamma Response	HALLMARK_INTERFERON_GAMMA_RESPONSE	HCC1143 / ZNF131	3	Tier 1	benchmark-relevant anchor	4	HCC38	0.39476590636254505	0.58	50
HALLMARK_GLYCOLYSIS	-0.570468117081592	-1.35325434186336	0.0125732421875	down	200	198	0.074110336012184	0.141766537975907	IGFBP3;STMN1;AURKA;CDK1;EXT1;HDLBP;TALDO1;HMMR;CLDN3;DEPDC1;PMM2;CD44;PYGL;PPIA;EGFR;PGLS;TPI1;DDIT4;FUT8;LDHA;POLR3K;TGFA;G6PD;IDH1;PLOD1;PGAM1;PAM;AKR1A1;TSTA3;CYB5A;NASP;KDELR3;ENO1;IL13RA1;PGM2;STC2;B4GALT1;PGK1;RBCK1;GOT2;SLC25A13;NT5E;PLOD2;SDHC;GYS1;MIF;TGFBI;HS2ST1;GUSB;B4GALT2;VEGFA;ARTN;GMPPA;SLC25A10;GPC1;NDUFV3;NSDHL;HS6ST2;PPP2CB;ALDH7A1;NANP;TPBG;B4GALT7;ALG1;HOMER1;COL5A1;ME2;MET;DLD;P4HA2;SAP30;CHPF;B3GALT6;NOL3;GNE;SDC1;LHPP;CHST12;GLRX	HCC1143	ZNF131	43	1325	36601	mean_log_expr_perturbed_minus_control	False	H	Metabolic state	Glycolysis	HALLMARK_GLYCOLYSIS	HCC1143 / ZNF131	3	Tier 1	benchmark-relevant anchor	5	HCC38	0.39476590636254505	0.58	50
HALLMARK_MTORC1_SIGNALING	-0.525022263634492	-1.24454872448389	0.061476411635297	down	200	196	0.204921372117657	0.0627208096593469	HSP90B1;CTSC;HSPD1;CALR;AURKA;TUBA4A;BUB1;CANX;TXNRD1;PLK1;PDAP1;PHGDH;GSK3B;SHMT2;HSPE1;SQLE;PPIA;TPI1;TUBG1;GMPS;DDIT4;LDHA;MTHFD2;IFI30;GAPDH;PRDX1;G6PD;IDH1;GPI;GBE1;EPRS;RAB1A;ENO1;SLC7A5;TOMM40;MCM4;PSMA4;NUFIP1;DHFR;PGK1;PSMA3;ADD3;PSME3;PLOD2;PSMD14;SLC9A3R1;NFYC;SDF2L1;CCNF;ACSL3;PSAT1;RPA1;SRD5A1;HMGCS1;PSMB5;DHCR24;IMMT;GGA2;STIP1;USO1;PSPH;FADS1;CCT6A;IDI1;XBP1;MTHFD2L;RRM2;INSIG1;NUP205;ATP2A2;NAMPT;TMEM97;GSR;DHCR7;FDXR;SORD;HSPA9;SSR1;ACTR3;M6PR	HCC1143	ZNF131	43	1325	36601	mean_log_expr_perturbed_minus_control	False	H	Metabolic state	Mtorc1 Signaling	HALLMARK_MTORC1_SIGNALING	HCC1143 / ZNF131	3	Tier 1	benchmark-relevant anchor	6	HCC38	0.39476590636254505	0.58	50
HALLMARK_OXIDATIVE_PHOSPHORYLATION	0.500507420824198	1.35687250233614	0.0095642933049946	up	200	183	0.0683163807499621	0.34452128726268	NDUFB8;MRPL15;NDUFB4;COX6A1;SDHB;TIMM10;MGST3;NDUFA6;NDUFA1;NDUFA5;NDUFS4;NDUFB3;MRPL35;NDUFS7;MRPS30;NDUFA9;COX7C;UQCR10;SURF1;TIMM9;NDUFS3;MDH2;AIFM1;UQCRB;COX7B;GRPEL1;NDUFS1;COX5B;NDUFC2;COX17;COX7A2;ATP6V1E1;SUCLG1;MDH1;ATP6V0E1;ATP6V1D;MRPS22;COX4I1;COX6C;ACAA2;UQCRC2;IDH3B;UQCRH;SLC25A3;SDHD;PDHA1;TIMM17A;FDX1;HTRA2;POR;PDHX;NDUFA2;ECI1;NDUFS2;PHYH;VDAC2;HCCS;ATP6V1H;VDAC3;ACADM;ABCB7;SUPV3L1;SLC25A11;ISCU;IDH3A;ACADVL;FXN;HSD17B10;BCKDHA;DLST;SLC25A12;NDUFA3;NQO2;NDUFB1	HCC1143	ZNF131	43	1325	36601	mean_log_expr_perturbed_minus_control	False	H	Metabolic state	Oxidative Phosphorylation	HALLMARK_OXIDATIVE_PHOSPHORYLATION	HCC1143 / ZNF131	3	Tier 1	benchmark-relevant anchor	7	HCC38	0.39476590636254505	0.58	50
HALLMARK_E2F_TARGETS	-0.700849099277715	-1.66134069539	3.55244643915856e-06	down	200	196	5.92074406526427e-05	0.627256739718528	UBE2S;TUBB;RFC1;STMN1;CDKN3;AURKA;PCNA;HMGA1;CDK1;KPNA2;DNMT1;CCNB2;PAICS;PLK1;DIAPH3;MKI67;HMMR;NCAPD2;SRSF2;DEPDC1;DLGAP5;PRKDC;BIRC5;MCM5;AURKB;IPO7;TUBG1;LYAR;ILF3;TRIP13;MTHFD2;SMC3;TK1;RAD1;CTCF;RFC3;POLD2;LIG1;NASP;GINS1;STAG1;BRCA1;KIF2C;HMGB2;NAA38;MELK;MCM3;MCM4;KIF18B;SMC1A;CCP110;CDCA3;CENPE;PA2G4;XPO1;LMNB1;KIF22;SHMT1;RAN;CDK4;MYBL2;MCM6;TMPO;NOP56;CIT;NOLC1;RPA3;ANP32E;DONSON;BARD1;LUC7L3;CENPM;DEK;ORC6;WEE1;SPC25;RFC2;HELLS;PSIP1;MCM7;BUB1B;SSRP1;RPA1;ASF1B;PDS5B;CSE1L;POLA2;UBE2T;SNRPB;RRM2;CDCA8;HMGB3;EZH2;NUP205;SRSF1;CCNE1;PSMC3IP;SLBP;MMS22L;CDC25B;ASF1A;USP1;NME1;DCTPP1;CKS1B;SMC4;TACC3;GSPT1;PRIM2;BRCA2;CHEK2;PNN;SPAG5;TIPIN;NAP1L1;PRDX4;TP53;POLD3	HCC1143	ZNF131	43	1325	36601	mean_log_expr_perturbed_minus_control	False	H	Proliferation / cell cycle	E2F Targets	HALLMARK_E2F_TARGETS	HCC1143 / ZNF131	3	Tier 1	benchmark-relevant anchor	8	HCC38	0.39476590636254505	0.58	50
HALLMARK_G2M_CHECKPOINT	-0.756438544540103	-1.79039913637831	3.27215168920885e-09	down	200	193	1.63607584460442e-07	0.774939030136436	CCND1;UBE2S;CENPF;NDC80;STMN1;CDKN3;H2AFV;AURKA;HMGA1;UBE2C;HNRNPU;CASP8AP2;KIF23;CDK1;KPNB1;RAD23B;BUB1;KPNA2;SFPQ;NUSAP1;CCNB2;TPX2;PLK1;MARCKS;MKI67;HMMR;CUL3;SLC12A2;SRSF2;KIF20B;SQLE;MNAT1;SRSF10;TTK;NCL;RBL1;BIRC5;MCM5;AURKB;CDC27;ILF3;DKC1;FANCC;PRPF4B;RPS6KA5;DBF4;CUL4A;CTCF;TROAP;CBX1;AMD1;NASP;ATRX;STAG1;EWSR1;G3BP1;ODF2;KIF2C;SLC7A5;CHAF1A;MCM3;PRC1;TNPO2;SMC1A;TFDP1;CENPE;NUP50;XPO1;CUL5;CCNA2;LMNB1;KIF22;SMC2;CDK4;MYBL2;MCM6;HOXC10;TMPO;SMARCC1;NOLC1;CDC6;KIF15;BARD1;SMAD3;FBXO5;ORC6;E2F1;KIF11;MTF2;CCNF;PDS5B;MT2A;POLQ;MAPK14;POLA2;HMGB3;EZH2;SRSF1;ORC5;CDC25B;PML;HSPA8;CKS1B;SMC4;DTYMK;FOXN3;E2F4;WRN;TACC3;E2F2;GSPT1;RASAL2;PRIM2;BRCA2;GINS2;UPF1;SAP30;NUMA1;ARID4A;TLE3	HCC1143	ZNF131	43	1325	36601	mean_log_expr_perturbed_minus_control	False	H	Proliferation / cell cycle	G2M Checkpoint	HALLMARK_G2M_CHECKPOINT	HCC1143 / ZNF131	3	Tier 1	benchmark-relevant anchor	9	HCC38	0.39476590636254505	0.58	50
HALLMARK_MYC_TARGETS_V1	-0.58591285878975	-1.3892299383215	0.0063515329180408	down	200	197	0.063515329180408	0.200513180400413	HSPD1;FBL;HNRNPA1;PCNA;HNRNPU;KPNB1;RAD23B;KPNA2;CANX;SRSF3;EIF4G2;HDGF;SRSF2;HSPE1;RPS2;CBX3;PPIA;PSMD1;EEF1B2;MCM5;EIF3B;PSMA1;GNL3;SET;LDHA;GLO1;TYMS;ILF2;RNPS1;POLD2;SRSF7;PTGES3;EIF4H;EPRS;YWHAE;G3BP1;PABPC1;SRPK1;RPS5;ABCE1;MCM4;TFDP1;HSP90AB1;PSMA4;PGK1;PA2G4;XPO1;HNRNPA2B1;CCNA2;APEX1;EIF3J;RPS6;HDAC2;IARS;SNRPD2;RAN;CDK4;MCM6;GOT2;CCT5;NOP56;PSMD14;SMARCC1;NOLC1;PABPC4;SSB;ERH;TRIM28;XPOT;DEK;RRM1;RPL6;MCM7;PSMA2;DHX15;CCT3;MRPL23;TCP1;PPM1G;STARD7;SRSF1;PRPF31;USP1;RPLP0;FAM120A;CDK2;NME1;NCBP2;CAD;TUFM;EIF1AX;NCBP1;DDX18;GSPT1;AIMP2;CLNS1A;DDX21;RUVBL2;NAP1L1;TARDBP;PRDX4;HNRNPD;COX5A;CUL1;C1QBP;PSMD7;SF3B3;DUT	HCC1143	ZNF131	43	1325	36601	mean_log_expr_perturbed_minus_control	False	H	Proliferation / cell cycle	Myc Targets V1	HALLMARK_MYC_TARGETS_V1	HCC1143 / ZNF131	3	Tier 1	benchmark-relevant anchor	10	HCC38	0.39476590636254505	0.58	50
HALLMARK_HYPOXIA	-0.394105907933693	-0.93263628650611	0.635173173418186	down	200	191	0.705747970464651	0.0138905230977328	IGFBP3;ANXA2;EXT1;HDLBP;PDGFB;EGFR;TPI1;DDIT4;LDHA;GAPDH;KLF6;F3;GPI;PAM;GBE1;KDELR3;ENO1;GCNT2;ERRFI1;PGM2;STC2;PGK1;CAV1;SERPINE1;PRKCA;SRPX;GYS1;MIF;NAGK;TGFBI;TMEM45A;VEGFA;MYH9;PFKFB3;MT2A;GPC1;SCARB1;HEXA;TGM2;TPBG;PLAC8;ILVBL;SELENBP1;GAA;COL5A1;PIM1;DTNA;HK1;PFKL;P4HA2;SAP30;FOXO3;RBPJ;B3GALT6;GLRX;TIPARP;ZFP36	HCC1143	ZNF131	43	1325	36601	mean_log_expr_perturbed_minus_control	False	H	Proteostasis / stress	Hypoxia	HALLMARK_HYPOXIA	HCC1143 / ZNF131	3	Tier 1	benchmark-relevant anchor	11	HCC38	0.39476590636254505	0.58	50
HALLMARK_REACTIVE_OXIGEN_SPECIES_PATHWAY	0.535378449651613	1.20048385796626	0.153488372093023	up	49	46	0.39804469273743	0.0632527426055139	SOD2;NDUFB4;GLRX2;NDUFA6;PRDX6;FTL;HMOX2;PDLIM1;SOD1;GCLC;ATOX1;CDKN2D;NDUFS2	HCC1143	ZNF131	43	1325	36601	mean_log_expr_perturbed_minus_control	False	H	Proteostasis / stress	Reactive Oxigen Species Pathway	HALLMARK_REACTIVE_OXIGEN_SPECIES_PATHWAY	HCC1143 / ZNF131	3	Tier 1	benchmark-relevant anchor	12	HCC38	0.39476590636254505	0.58	50
HALLMARK_UNFOLDED_PROTEIN_RESPONSE	-0.554754699112464	-1.24433447896339	0.0917612886189596	down	113	109	0.26988614299694	0.0528091333836556	HSP90B1;TARS;CALR;EEF2;POP4;SEC31A;PARN;EIF4G1;EIF4EBP1;DKC1;DDIT4;CNOT6;NOP14;MTHFD2;GEMIN4;KDELR3;HYOU1;PAIP1;SLC7A5;STC2;TTC37;IARS;CEBPG;PREB;NOP56;NOLC1;YWHAZ;XPOT;VEGFA;PSAT1;KHSRP;CNOT4;ALDH18A1;XBP1;EXOSC9;DDX10;EXOSC5;BAG3;SHC1;HSPA9;CKS1B;SSR1;PDIA5;NFYB;HERPUD1;DCTN1;BANF1;ATP6V0D1;WIPI1;CXXC1;H2AFX;ARFGAP1	HCC1143	ZNF131	43	1325	36601	mean_log_expr_perturbed_minus_control	False	H	Proteostasis / stress	Unfolded Protein Response	HALLMARK_UNFOLDED_PROTEIN_RESPONSE	HCC1143 / ZNF131	3	Tier 1	benchmark-relevant anchor	13	HCC38	0.39476590636254505	0.58	50
HALLMARK_EPITHELIAL_MESENCHYMAL_TRANSITION	-0.57081760652344	-1.35229680011674	0.0133398604821931	down	200	195	0.074110336012184	0.137749272114041	MGP;IGFBP3;TPM4;THBS1;TPM1;ITGB1;LGALS1;PPIB;CALU;TNFRSF11B;CD44;MYL9;PFN2;PLOD3;BASP1;PLOD1;CXCL1;TPM2;DST;TFPI2;COPA;SERPINE1;IGFBP4;FBLN1;FLNA;PVR;NT5E;PLOD2;BMP1;TGFBI;GADD45B;VEGFA;IGFBP2;MCM7;SLC6A8;GPC1;INHBA;PMEPA1;FSTL1;CAP2;DAB2;OXTR;CDH2;TGM2;COL5A1;ITGAV;ECM1;TNC;LOXL2;COL4A1;CDH11;MEST;SDC1;CALD1;GAS1;TGFB1;COL4A2;FUCA1;FZD8;IL32;FBN2;TGFBR3;MATN2	HCC1143	ZNF131	43	1325	36601	mean_log_expr_perturbed_minus_control	False	H	State remodeling	Epithelial Mesenchymal Transition	HALLMARK_EPITHELIAL_MESENCHYMAL_TRANSITION	HCC1143 / ZNF131	3	Tier 1	benchmark-relevant anchor	14	HCC38	0.39476590636254505	0.58	50
HALLMARK_APOPTOSIS	0.587541502243695	1.47478246379005	0.0038966365873666	up	161	158	0.0324719715613891	0.335068558717014	GADD45A;DDIT3;PMAIP1;SOD2;TIMP2;ISG20;H1F0;IGFBP6;ATF3;TGFB2;GADD45B;BCL2L1;SAT1;CD44;MCL1;CTNNB1;EMP1;ANXA1;HMOX1;TIMP1;BCL10;LGALS3;TNF;APP;PDCD4;PTK2;CASP4;IER3;PEA15;SLC20A1;JUN;PAK1;ETF1;TNFRSF12A;SQSTM1;BCL2L2;BTG3;CDKN1A;GCH1;PPT1;DAP3;CYLD;IRF1;BIK;SPTAN1;RETSAT;DNAJC3;XIAP;BNIP3L;FEZ1;RHOB;IL6;DNAJA1;MMP2;VDAC2;CDC25B;GSR;RELA;ERBB3;NEDD9;CLU	HCC1143	RUVBL2	51	1325	36601	mean_log_expr_perturbed_minus_control	False	H	Cell death / stress	Apoptosis	HALLMARK_APOPTOSIS	HCC1143 / RUVBL2	4	Tier 2	top by NES variance (0.081)	0	HCC38	0.1897238895558223	0.48	50
HALLMARK_P53_PATHWAY	0.514603232928727	1.32137710089188	0.0193246541903987	up	200	196	0.0798475891631412	0.147704896905467	UPP1;KRT17;NUPR1;GADD45A;DDIT3;PPP1R15A;NDRG1;BTG1;CD81;SLC3A2;BLCAP;ATF3;SAT1;HMOX1;CCNK;TSC22D1;TSPYL2;MKNK2;RNF19B;WWP1;HBEGF;IP6K2;EPHX1;APP;CCNG1;IER3;SEC61A1;TP53;JUN;EI24;HEXIM1;MXD1;PRMT2;ZFP36L1;CDKN1A;TOB1;KLF4;RAB40C;TRAF4;RETSAT;CDKN2A;RPS12;HIST3H2A;CDKN2B;CGRRF1;ZNF365;TPD52L1;PLK3;AEN;STOM;RB1;SLC7A11;XPC;POM121;PERP;RHBDF2;TNFSF9;RGS16;PTPN14;ABAT;HDAC3;ISCU;FOXO3;TGFA;SDC1;RAD9A;CSRNP2;KIF13B;TGFB1;IER5;PMM1;SPHK1;PHLDA3	HCC1143	RUVBL2	51	1325	36601	mean_log_expr_perturbed_minus_control	False	H	Cell death / stress	P53 Pathway	HALLMARK_P53_PATHWAY	HCC1143 / RUVBL2	4	Tier 2	top by NES variance (0.081)	1	HCC38	0.1897238895558223	0.48	50
HALLMARK_TNFA_SIGNALING_VIA_NFKB	0.611206800770354	1.56996110488425	0.0001710752434561	up	200	197	0.0021384405432018	0.518848077743792	GADD45A;SOD2;PPP1R15A;LAMB3;PNRC1;BTG1;SPSB1;PHLDA2;ATF3;GADD45B;IER2;ZBTB10;SAT1;CD44;MCL1;TSC22D1;IFIT2;RNF19B;KLF6;GEM;HBEGF;TNF;SDC4;NFAT5;FOSL2;IER3;EIF1;TNIP2;KLF10;ID2;JUN;IRS2;MAFF;MXD1;ETS2;F3;SQSTM1;BTG3;CDKN1A;GCH1;CCNL1;TRIP10;SMAD3;ZFP36;KLF4;IRF1;MAP2K3;ATP2B1;TUBB2A;NR4A2;INHBA;RIPK2;EHD1;NAMPT;RHOB;IL6;F2RL1;TGIF1;ICOSLG;RELA;DUSP4;SGK1;IFNGR2;TNFSF9;JAG1;BCL6;TNFAIP2;TNFAIP3;PANX1;GFPT2;EDN1;TNC;NFKBIE;PER1;IER5;MYC;TRIB1;SPHK1;IL23A;RCAN1;BIRC2;JUNB;DNAJB4;TANK;CXCL3;SERPINB8;EFNA1;TIPARP;BTG2;IL6ST;TNFRSF9;CCL5;CLCF1;PTGS2	HCC1143	RUVBL2	51	1325	36601	mean_log_expr_perturbed_minus_control	False	H	Cell death / stress	Tnfa Signaling Via Nfkb	HALLMARK_TNFA_SIGNALING_VIA_NFKB	HCC1143 / RUVBL2	4	Tier 2	top by NES variance (0.081)	2	HCC38	0.1897238895558223	0.48	50
HALLMARK_INTERFERON_ALPHA_RESPONSE	-0.522734589344403	-1.21881256126992	0.115621890547264	down	97	93	0.361318407960199	0.0581149628110713	PSME1;PSMB9;IFITM3;LGALS3BP;LY6E;PSME2;PSMB8;IFI27;ISG15;IFI30;IRF7;TAP1;EIF2AK2;BST2;USP18;CD47;NMI;OASL;CD74;IRF2;MX1;IFITM2;SP110;NCOA7;TRIM25;PARP9;CXCL10;MOV10;CASP8;OAS1;IFI35;LAMP3;UBE2L6;ADAR;SAMD9;PSMA3;HERC6;CNP;CSF1;IFI44L;TRIM21;TRAFD1;IFIH1;C1S;IL7;UBA7	HCC1143	RUVBL2	51	1325	36601	mean_log_expr_perturbed_minus_control	False	H	Inflammatory / interferon	Interferon Alpha Response	HALLMARK_INTERFERON_ALPHA_RESPONSE	HCC1143 / RUVBL2	4	Tier 2	top by NES variance (0.081)	3	HCC38	0.1897238895558223	0.48	50
HALLMARK_INTERFERON_GAMMA_RESPONSE	-0.425748800892619	-1.08085714852747	0.250540381214384	down	200	198	0.495366533564379	0.037748643821725	MT2A;PSME1;PSMB2;PSMA2;PSMB9;IFITM3;LGALS3BP;LY6E;VAMP8;PSME2;PSMB8;IFI27;ISG15;PSMB10;SRI;IFI30;RBCK1;PFKP;SAMHD1;IRF7;TAP1;EIF2AK2;NFKB1;BST2;USP18;NMI;OASL;CD74;IRF2;DDX58;STAT3;MX1;PTPN1;OAS3;TNFSF10;IFITM2;SP110;STAT1;TRIM25	HCC1143	RUVBL2	51	1325	36601	mean_log_expr_perturbed_minus_control	False	H	Inflammatory / interferon	Interferon Gamma Response	HALLMARK_INTERFERON_GAMMA_RESPONSE	HCC1143 / RUVBL2	4	Tier 2	top by NES variance (0.081)	4	HCC38	0.1897238895558223	0.48	50
HALLMARK_GLYCOLYSIS	-0.551891971307562	-1.40109938337359	0.0064845745726075	down	200	198	0.0463183898043399	0.252643909566276	ENO1;LDHA;STMN1;PGLS;NASP;CLDN3;CDK1;POLR3K;TSTA3;GALK1;TALDO1;HS6ST2;CYB5A;PLOD2;TPI1;PGAM1;RBCK1;MDH2;PPIA;PGK1;PLOD1;HMMR;ADORA2B;DDIT4;PFKP;GOT2;TXN;KDELR3;TPBG;CENPA;AURKA;MIF;GLCE;SLC16A3;FKBP4;SLC25A13;IGFBP3;ARTN;EXT1;AKR1A1;SLC25A10;DEPDC1;CASP6;LHPP;MPI;KIF20A;SRD5A3;PSMC4;SAP30;VCAN;GUSB;AK4;IDH1;SPAG4;GPR87;G6PD;B4GALT7;B4GALT2;COL5A1;PGM2;PYGL;RPE;GALE;GPC1;RARS;NOL3;DLD;SDHC;PAXIP1;SOD1	HCC1143	RUVBL2	51	1325	36601	mean_log_expr_perturbed_minus_control	False	H	Metabolic state	Glycolysis	HALLMARK_GLYCOLYSIS	HCC1143 / RUVBL2	4	Tier 2	top by NES variance (0.081)	5	HCC38	0.1897238895558223	0.48	50
HALLMARK_MTORC1_SIGNALING	-0.539781392737931	-1.36965028332446	0.0117970900511207	down	200	196	0.0655393891728929	0.186472629239996	GAPDH;ENO1;LDHA;CALR;CACYBP;SDF2L1;RRM2;HSPD1;CD9;DDX39A;CTSC;PSMD14;CCT6A;HPRT1;PRDX1;EEF1E1;GMPS;HSPE1;PPA1;STIP1;EPRS;PLOD2;PFKL;HSP90B1;TPI1;IFI30;EBP;FADS1;PPIA;FDXR;UCHL5;PGK1;DDIT4;PDAP1;PSMA4;GPI;PSMB5;NMT1;TUBG1;MCM2;POLR3G;CYB5B;AURKA;ACSL3;CCNF;HMBS;ARPC5L;TOMM40;DHCR24;RRP9;PSPH;RPA1;UNG;CDC25A;PSMD12;HSPA4;TMEM97;PSMC4;GLA;IMMT;NUP205;BHLHE40;SHMT2;AK4;PSMG1;ACACA;TRIB3;IDH1;SLC9A3R1;M6PR;ELOVL6;PSME3;TBK1;BUB1;ABCF2;CANX;G6PD	HCC1143	RUVBL2	51	1325	36601	mean_log_expr_perturbed_minus_control	False	H	Metabolic state	Mtorc1 Signaling	HALLMARK_MTORC1_SIGNALING	HCC1143 / RUVBL2	4	Tier 2	top by NES variance (0.081)	6	HCC38	0.1897238895558223	0.48	50
HALLMARK_OXIDATIVE_PHOSPHORYLATION	-0.590014121587697	-1.48806148352554	0.0012238085544251	down	200	183	0.0122380855442511	0.45505986738723	ETFB;LDHA;CYC1;LDHB;IDH2;SLC25A5;ECHS1;ACADVL;COX5B;MRPL11;BAX;UQCRQ;HSD17B10;COX4I1;PHB2;NDUFS8;COX7B;TIMM13;UQCRH;CYB5A;NDUFB8;NDUFS4;HADHA;COX8A;NDUFS7;MDH2;COX5A;FH;MGST3;NDUFC1;AIFM1;NDUFA9;PRDX3;NDUFA3;VDAC1;NDUFB1;ETFA;GOT2;NQO2;MRPS15;SLC25A11;GPI;NDUFS3;NDUFB2;ACAA2;NDUFS6;SLC25A3;NDUFS2;IDH3G;NDUFB3;TIMM8B;TIMM10;GPX4;ECH1;LRPPRC;UQCRC2;MRPS12;NDUFA7;OXA1L;BCKDHA;COX6A1;MRPL34;SLC25A6;COX7C;PDHB;TOMM22;IMMT;TCIRG1;NDUFA6;DECR1;CYB5R3;NDUFC2;IDH1;NDUFV1;PDHA1;SUCLG1;NDUFS1	HCC1143	RUVBL2	51	1325	36601	mean_log_expr_perturbed_minus_control	False	H	Metabolic state	Oxidative Phosphorylation	HALLMARK_OXIDATIVE_PHOSPHORYLATION	HCC1143 / RUVBL2	4	Tier 2	top by NES variance (0.081)	7	HCC38	0.1897238895558223	0.48	50
HALLMARK_E2F_TARGETS	-0.789121197722448	-2.002329251395	1e-10	down	200	196	2.5e-09		TK1;UBE2T;TUBB;STMN1;PRKDC;DNMT1;NME1;BIRC5;DUT;TMPO;DCTPP1;NASP;PAICS;HELLS;ANP32E;MKI67;MYBL2;HMGB3;RRM2;DDX39A;DSCC1;MCM7;SMC4;SMC1A;PA2G4;CDK1;CDKN3;H2AFZ;TIPIN;CDK4;HMGB2;LMNB1;CDC20;CCNB2;POLD2;MAD2L1;RPA3;BARD1;ATAD2;SMC3;TOP2A;CENPM;RANBP1;MELK;SPC25;RAN;RFC2;HMGA1;GINS1;MCM3;PRDX4;HMMR;DEK;LIG1;LUC7L3;CDCA3;RAD51AP1;MCM6;DIAPH3;NAA38;ORC6;E2F8;TUBG1;MCM2;CENPE;PCNA;ASF1A;SRSF2;TCF19;SSRP1;NAP1L1;USP1;AURKA;BUB1B;GSPT1;LBR;MCM5;KIF22;POLD1;CCNE1;SHMT1;GINS4;ASF1B;CIT;PTTG1;SPAG5;DLGAP5;PSIP1;NCAPD2;RPA1;UNG;DEPDC1;CDC25A;TRIP13;XPO1;KIF18B;RAD50;POLD3;PRIM2;SNRPB;CBX5;HNRNPD;NUP205;CDKN2C;CCP110;UBE2S;CSE1L;ILF3;KIF2C;CDCA8;SPC24;KIF4A;POLA2;NUP107;RPA2;RAD51C;XRCC6;NBN;CHEK1;PMS2;GINS3;EXOSC8;ING3;RAD1;CKS1B;KPNA2	HCC1143	RUVBL2	51	1325	36601	mean_log_expr_perturbed_minus_control	False	H	Proliferation / cell cycle	E2F Targets	HALLMARK_E2F_TARGETS	HCC1143 / RUVBL2	4	Tier 2	top by NES variance (0.081)	8	HCC38	0.1897238895558223	0.48	50
HALLMARK_G2M_CHECKPOINT	-0.750162339560401	-1.89922956186054	6.63005173383499e-10	down	200	193	1.10500862230583e-08	0.801215574617779	MT2A;HMGN2;PRC1;STMN1;NUSAP1;TPX2;H2AFV;BIRC5;HSPA8;TMPO;KIF20B;SMC2;NASP;CENPF;MKI67;MYBL2;HMGB3;DDX39A;NCL;SMC4;SMC1A;DTYMK;CDK1;CDKN3;GINS2;H2AFZ;DKC1;FBXO5;NDC80;CDK4;CBX1;LMNB1;CDC20;CCNB2;KIF23;MAD2L1;SMARCC1;KPNB1;BARD1;SFPQ;TOP2A;PBK;SNRPD1;RBL1;HMGA1;UCK2;MCM3;UBE2C;HMMR;TROAP;CHAF1A;MCM6;HNRNPU;ORC6;CDC45;MCM2;CENPE;CCNA2;CASP8AP2;EXO1;EFNA5;POLQ;CDC6;RAD23B;BUB3;SRSF2;NEK2;CENPA;KIF11;AURKA;TTK;CCNF;GSPT1;LBR;PURA;MCM5;KIF22;MARCKS;DBF4;BCL3;PTTG1;ODF2;TFDP1;CDC25A;E2F1;XPO1;FANCC;PRIM2;SAP30;HNRNPD;CDKN2C;UBE2S;STIL;ILF3;RASAL2;KIF2C;KIF4A;POLA2;CCND1;KIF15;RPA2;BUB1;CHEK1	HCC1143	RUVBL2	51	1325	36601	mean_log_expr_perturbed_minus_control	False	H	Proliferation / cell cycle	G2M Checkpoint	HALLMARK_G2M_CHECKPOINT	HCC1143 / RUVBL2	4	Tier 2	top by NES variance (0.081)	9	HCC38	0.1897238895558223	0.48	50
HALLMARK_MYC_TARGETS_V1	-0.793550887487013	-2.01386715678806	1e-10	down	200	197	2.5e-09		RUVBL2;TYMS;C1QBP;LDHA;EEF1B2;PPM1G;NME1;DUT;NPM1;SERBP1;CCT3;CYC1;RPLP0;PTGES3;RPS5;SRSF3;PHB;PSMB2;SNRPD2;CCT5;HSPD1;PSMA2;RPL14;MCM7;RPL6;HNRNPR;PSMD14;SSBP1;PA2G4;EIF4A1;HSP90AB1;HPRT1;HNRNPA2B1;SRSF7;LSM7;H2AFZ;PHB2;PSMD1;HSPE1;CDK4;NHP2;CDC20;POLD2;RPS2;MAD2L1;SMARCC1;KPNB1;EPRS;SNRPG;RFC4;SNRPA1;RANBP1;HNRNPA3;SRPK1;ILF2;SNRPD1;RAN;PPIA;RPS3;PRPF31;COX5A;TUFM;PGK1;HDGF;PRDX4;PRDX3;DEK;DDX18;HNRNPA1;VDAC1;FBL;VBP1;GOT2;NOP16;PWP1;PSMA4;MCM6;HNRNPU;IMPDH2;LSM2;RRM1;CDC45;EIF3B;RSL1D1;MCM2;CCNA2;PCNA;YWHAE;ABCE1;EIF1AX;CCT2;SSB;MRPL9;MRPS18B;RAD23B;PSMA1;SLC25A3;BUB3;EIF4E;SRSF2;RPL34;NAP1L1;SNRPD3;PSMD3;USP1;EIF4H;SRM;GSPT1;MCM5;PSMB3;RRP9;CBX3;MRPL23;RPL22;CDK2;TFDP1;PSMA7;PABPC4;PSMD8;XPO1;PSMC4;PSMD7;HNRNPD	HCC1143	RUVBL2	51	1325	36601	mean_log_expr_perturbed_minus_control	False	H	Proliferation / cell cycle	Myc Targets V1	HALLMARK_MYC_TARGETS_V1	HCC1143 / RUVBL2	4	Tier 2	top by NES variance (0.081)	10	HCC38	0.1897238895558223	0.48	50
HALLMARK_HYPOXIA	0.403996557439142	1.03514507846468	0.347480106100796	up	200	191	0.560451784033542	0.0318498087852129	DDIT3;PPP1R15A;PNRC1;ISG20;NDRG1;CITED2;BTG1;ATF3;KLHL24;RORA;HMOX1;GBE1;STC2;WSB1;KLF6;KDM3A;P4HA1;SDC4;FOSL2;IER3;STC1;JUN;IRS2;MAFF;AKAP12;PDGFB;ETS1;F3;CDKN1A;IDS;ZFP36;ADM;P4HA2;NDST2;PLIN2;MXI1;PGF;PRKCA;GYS1;BNIP3L;GCNT2;IL6;GAA;XPNPEP1;HSPA5;TGM2;CDKN1C;MYH9;SCARB1;UGP2;HS3ST1;TNFAIP3;NEDD4L;FOXO3;GLRX;CCNG2;KLF7;GPC4	HCC1143	RUVBL2	51	1325	36601	mean_log_expr_perturbed_minus_control	False	H	Proteostasis / stress	Hypoxia	HALLMARK_HYPOXIA	HCC1143 / RUVBL2	4	Tier 2	top by NES variance (0.081)	11	HCC38	0.1897238895558223	0.48	50
HALLMARK_REACTIVE_OXIGEN_SPECIES_PATHWAY	-0.452971347283492	-0.950282141312783	0.535525781567194	down	49	46	0.664756647566476	0.0241043177935426	PRDX2;PRDX1;HMOX2;NQO1;PRDX4;PFKP;MBP;PRDX6;TXN;NDUFS2;GPX4;PDLIM1;NDUFA6;GLRX2;G6PD;SBNO2	HCC1143	RUVBL2	51	1325	36601	mean_log_expr_perturbed_minus_control	False	H	Proteostasis / stress	Reactive Oxigen Species Pathway	HALLMARK_REACTIVE_OXIGEN_SPECIES_PATHWAY	HCC1143 / RUVBL2	4	Tier 2	top by NES variance (0.081)	12	HCC38	0.1897238895558223	0.48	50
HALLMARK_UNFOLDED_PROTEIN_RESPONSE	0.412651740729839	0.992047962789008	0.46731826511912	up	113	109	0.631511169079892	0.0264383378949301	ATF4;EIF4A2;ATF3;KIF5B;SLC30A5;EXOSC4;MTHFD2;STC2;TSPYL2;LSM1;HERPUD1;YWHAZ;SERP1;FUS;DNAJB9;GOSR2;CEBPG;EIF4G1;XBP1;PREB;ASNS;WIPI1;SPCS1;YIF1A;TUBB2A;DNAJC3;H2AFX;NOP56;EXOSC2;HSPA5;SDAD1;DDX10;WFS1;SSR1;EIF4EBP1;IARS;XPOT;EIF2AK3;DCP1A;PDIA5	HCC1143	RUVBL2	51	1325	36601	mean_log_expr_perturbed_minus_control	False	H	Proteostasis / stress	Unfolded Protein Response	HALLMARK_UNFOLDED_PROTEIN_RESPONSE	HCC1143 / RUVBL2	4	Tier 2	top by NES variance (0.081)	13	HCC38	0.1897238895558223	0.48	50
HALLMARK_EPITHELIAL_MESENCHYMAL_TRANSITION	0.356757326233959	0.91534927224353	0.696494088870771	up	200	195	0.757058792250837	0.0200270913221196	GADD45A;CD59;ITGA2;PDLIM4;GADD45B;SAT1;CD44;EMP3;VIM;TIMP1;GEM;SDC4;CALD1;ID2;DAB2;JUN;CDH2;TNFRSF12A;COPA;SLC6A8;SERPINE2;CAPG;SGCB;LAMC2;INHBA;CADM1;RHOB;IL6;MMP2;ECM1;ITGB5;TGM2;CRLF1;SNAI2;LAMA2;FSTL1;SLIT2;TNFAIP3;ITGB3;FBN2;SDC1;TNC	HCC1143	RUVBL2	51	1325	36601	mean_log_expr_perturbed_minus_control	False	H	State remodeling	Epithelial Mesenchymal Transition	HALLMARK_EPITHELIAL_MESENCHYMAL_TRANSITION	HCC1143 / RUVBL2	4	Tier 2	top by NES variance (0.081)	14	HCC38	0.1897238895558223	0.48	50
HALLMARK_APOPTOSIS	0.406282348004584	1.07292154101014	0.260529634300126	up	161	158	0.501018527500243	0.0425173739246544	SQSTM1;ISG20;VDAC2;SOD1;BCL2L1;IRF1;TIMP1;BCL2L11;ANXA1;PMAIP1;IGFBP6;HMOX1;DAP3;CLU;DDIT3;BID;MCL1;TNF;ATF3;KRT18;SOD2;XIAP;CREBBP;H1F0;GSR;PEA15;CCND1;CASP8;PDCD4;ANKH;DNAJC3;DFFA;CYLD;ETF1;MGMT;SMAD7;MMP2	HCC1143	PRDX2	186	1325	36601	mean_log_expr_perturbed_minus_control	False	H	Cell death / stress	Apoptosis	HALLMARK_APOPTOSIS	HCC1143 / PRDX2	5	Tier 2	top by NES variance (0.077)	0	HCC38	-0.07169267707082833	0.48	50
HALLMARK_P53_PATHWAY	-0.406297657215466	-1.04262517520918	0.335121951219512	down	200	196	0.557226517958184	0.0283196328294369	S100A4;RPL36;PCNA;IER3;RPL18;IFI30;JAG2;CD81;BMP2;LDHB;BAX;TOB1;PLXNB2;H2AFJ;KLK8;ITGB4;FGF13;F2R;GADD45A;KRT17;DNTTIP2;APP;HINT1;FBXW7;ZFP36L1;RB1;NUDT15;PRMT2;RAD9A;RHBDF2;XPC;HEXIM1;TSC22D1;INHBB;PPM1D;POLH;TPRKB;AK1;PDGFA;FDXR;RETSAT;CCNK;CCP110;PTPRE;HIST3H2A;TXNIP;HIST1H1C;TNFSF9;CDKN2A;SOCS1;RAD51C;TAX1BP3;MAPKAPK3;RRP8;SAT1;WRAP73;NINJ1;NOL8;FOXO3;TM7SF3;BTG2;ST14;SESN1;ADA;BAIAP2;CTSF;STEAP3;PLK2;PVT1;TRAFD1;HSPA4L	HCC1143	PRDX2	186	1325	36601	mean_log_expr_perturbed_minus_control	False	H	Cell death / stress	P53 Pathway	HALLMARK_P53_PATHWAY	HCC1143 / PRDX2	5	Tier 2	top by NES variance (0.077)	1	HCC38	-0.07169267707082833	0.48	50
HALLMARK_TNFA_SIGNALING_VIA_NFKB	-0.392095028683478	-1.00592351820482	0.422457282343369	down	200	197	0.557226517958184	0.024367764741698	KLF6;GADD45B;PDLIM5;CXCL1;MARCKS;TGIF1;IER3;F3;TUBB2A;EIF1;GEM;PLAU;BMP2;AREG;TNC;CD44;ETS2;ATP2B1;IL18;SMAD3;GADD45A;TRIB1;PHLDA1;SGK1;IL6ST;FJX1;BIRC3;NFAT5;JUNB;NFKB1;CFLAR;TRIP10;RELA;LDLR;EDN1;TSC22D1;BCL3;RELB;F2RL1;SERPINE1;PMEPA1;PTPRE;TNFSF9;JAG1;CLCF1;RIPK2;PFKFB3;NFE2L2;SLC2A6;GCH1;NFIL3;CEBPB;FOSL2;SAT1;NINJ1	HCC1143	PRDX2	186	1325	36601	mean_log_expr_perturbed_minus_control	False	H	Cell death / stress	Tnfa Signaling Via Nfkb	HALLMARK_TNFA_SIGNALING_VIA_NFKB	HCC1143 / PRDX2	5	Tier 2	top by NES variance (0.077)	2	HCC38	-0.07169267707082833	0.48	50
HALLMARK_INTERFERON_ALPHA_RESPONSE	0.591513780523941	1.46360824389193	0.007097232079489	up	97	93	0.0506945148534929	0.265216893779997	ISG20;IFIT2;IRF1;IFIT3;PARP14;WARS;ISG15;LY6E;UBE2L6;CD74;LAP3;PLSCR1;NCOA7;SP110;OASL;BST2;SAMD9;PNPT1;PSMB8;TRIM25;IFI44;EIF2AK2;PROCR;OGFR;CASP8;HERC6;CNP;ADAR;PARP9;USP18;IFIH1;TRIM14;IL4R;PSMB9	HCC1143	PRDX2	186	1325	36601	mean_log_expr_perturbed_minus_control	False	H	Inflammatory / interferon	Interferon Alpha Response	HALLMARK_INTERFERON_ALPHA_RESPONSE	HCC1143 / PRDX2	5	Tier 2	top by NES variance (0.077)	3	HCC38	-0.07169267707082833	0.48	50
HALLMARK_INTERFERON_GAMMA_RESPONSE	0.603138498372038	1.6279473990622	5.32616633576203e-05	up	200	198	0.0006657707919702	0.557332238758646	RBCK1;ISG20;IFIT1;IFIT2;IRF1;IFIT3;PARP14;WARS;RAPGEF6;ISG15;UPP1;LY6E;NAMPT;UBE2L6;CD74;TAPBP;LAP3;CFB;PLSCR1;MTHFD2;CCL5;STAT1;SP110;OASL;APOL6;BST2;HLA-B;RNF213;PNPT1;PSMA2;PSMB8;PFKP;PTPN2;OAS3;SOD2;TRIM25;IFI44;EIF2AK2;TNFAIP2;OGFR;CASP8;HERC6;BTG1;ADAR;MYD88;PTPN6;LYSMD2;ZNFX1;MT2A;USP18;IFIH1;TRIM14;NUP93;VAMP8;CDKN1A;RIPK1;IL4R;SSPN;TNFAIP3;PSMB9;IL15RA;FAS;ZBP1;C1R;IL6;DDX58;IFI27;CXCL10;PSMB10;SOCS3	HCC1143	PRDX2	186	1325	36601	mean_log_expr_perturbed_minus_control	False	H	Inflammatory / interferon	Interferon Gamma Response	HALLMARK_INTERFERON_GAMMA_RESPONSE	HCC1143 / PRDX2	5	Tier 2	top by NES variance (0.077)	4	HCC38	-0.07169267707082833	0.48	50
HALLMARK_GLYCOLYSIS	-0.382715926586115	-0.982313501956082	0.484547820429408	down	200	198	0.579485102169412	0.022151099576044	IGFBP3;STMN1;CYB5A;TPBG;PPIA;IER3;PSMC4;GUSB;MIF;POLR3K;CITED2;EXT1;CD44;PAM;ARTN;NASP;SRD5A3;GALK1;FUT8;PLOD1;TPST1;TXN;MDH1;HMMR;HDLBP;ADORA2B;FKBP4;PPP2CB;TPI1;DEPDC1;QSOX1;MET;SDHC;ENO1;HS6ST2;SDC2;CLN6;ALDH9A1;ARPP19	HCC1143	PRDX2	186	1325	36601	mean_log_expr_perturbed_minus_control	False	H	Metabolic state	Glycolysis	HALLMARK_GLYCOLYSIS	HCC1143 / PRDX2	5	Tier 2	top by NES variance (0.077)	5	HCC38	-0.07169267707082833	0.48	50
HALLMARK_MTORC1_SIGNALING	0.386201067961293	1.0412186160944	0.316978193146417	up	200	196	0.557226517958184	0.0386938580528995	SQSTM1;TCEA1;NUPR1;HSPA4;TXNRD1;HSPA9;WARS;NAMPT;ALDOA;MAP2K3;SERP1;SQLE;SLC7A5;SHMT2;GCLC;MTHFD2;GSK3B;POLR3G;G6PD;LTA4H;PSMD13;SLC2A1;XBP1;DDIT3;TRIB3;RPN1;PRDX1;AK4;PGK1;PSAT1;EIF2S2;GLRX;FADS2;ATP6V1D;GSR;FADS1;ACACA;IMMT;HMGCS1;ME1;GOT1;CCNG1;ETF1;ACTR3;YKT6;PSPH;SLC37A4;PHGDH;IDH1;USO1;EGLN3;CDKN1A;PPP1R15A	HCC1143	PRDX2	186	1325	36601	mean_log_expr_perturbed_minus_control	False	H	Metabolic state	Mtorc1 Signaling	HALLMARK_MTORC1_SIGNALING	HCC1143 / PRDX2	5	Tier 2	top by NES variance (0.077)	6	HCC38	-0.07169267707082833	0.48	50
HALLMARK_OXIDATIVE_PHOSPHORYLATION	-0.541492127247538	-1.37868099165319	0.0159251354457396	down	200	183	0.0884729746985534	0.146151534304949	GPX4;UQCR11;ATP1B1;CYB5A;COX5A;IDH2;TIMM13;NDUFS7;COX6B1;SLC25A5;DECR1;CYC1;POLR2F;CYB5R3;TIMM9;MRPS11;TIMM8B;LDHB;NDUFB6;NDUFC2;HSD17B10;FH;AIFM1;BAX;MGST3;NDUFA6;NDUFV1;NDUFA7;NDUFA4;NDUFB3;IDH3A;COX7A2;MDH1;ACAA2;NDUFB7;TIMM10;SDHB;CS;PDHA1;OAT;ATP6V1F;UQCRB;NDUFA8;NDUFS8;NDUFB4;SUCLG1;UQCRQ;TIMM50;FDX1;ACAT1;MTRF1;AFG3L2;SURF1;SDHC;ECH1;SLC25A4;NDUFS3;MRPS30;UQCRFS1;SUCLA2;MRPS12;RETSAT;COX6C;COX11;SLC25A12;COX7C;TIMM17A;NDUFB8;IDH3B;GLUD1;MRPL34;MTX2;MRPL11;UQCR10;HCCS	HCC1143	PRDX2	186	1325	36601	mean_log_expr_perturbed_minus_control	False	H	Metabolic state	Oxidative Phosphorylation	HALLMARK_OXIDATIVE_PHOSPHORYLATION	HCC1143 / PRDX2	5	Tier 2	top by NES variance (0.077)	7	HCC38	-0.07169267707082833	0.48	50
HALLMARK_E2F_TARGETS	-0.795310978429445	-2.04089596261453	1e-10	down	200	196	5e-09		DNMT1;DUT;STMN1;KPNA2;UBE2S;PCNA;MCM3;NAP1L1;MCM7;MCM5;UBE2T;CCNB2;CENPM;H2AFZ;PRKDC;RANBP1;TUBB;DEK;KIF22;ATAD2;TK1;DIAPH3;SRSF2;NOP56;ORC6;SHMT1;HNRNPD;PA2G4;POLD2;PAICS;SMC4;BUB1B;HELLS;PLK1;MELK;TOP2A;KIF4A;ILF3;POP7;CBX5;CDC20;HMGB2;NUP107;NBN;CDCA8;TRIP13;PHF5A;RFC3;NASP;DONSON;RAD50;TACC3;SMC3;XRCC6;PNN;TIPIN;POLD3;NCAPD2;SMC1A;HMMR;SNRPB;WEE1;LIG1;SMC6;BRCA2;DLGAP5;MKI67;BIRC5;GINS4;EIF2S1;LUC7L3;SYNCRIP;MYBL2;SSRP1;CDCA3;UNG;DEPDC1;CHEK1;RAN;DCTPP1;NUP153;KIF2C;MCM4;PPM1D;RFC1;NAA38;CDC25B;HMGA1;CDKN3;RFC2;RPA1;RRM2;CSE1L;CKS1B;MAD2L1;PSMC3IP;CENPE;DCLRE1B;HUS1;CCP110;SPC25;SLBP;H2AFX;NME1;CDKN2A;TIMELESS;AURKA;STAG1;PLK4;RAD51AP1;RPA2;UBR7;CDC25A;GINS1;MCM6;KIF18B;RAD51C;CDKN2C;RBBP7;RNASEH2A;MMS22L;SRSF1;PRPS1;RAD1;EXOSC8;USP1	HCC1143	PRDX2	186	1325	36601	mean_log_expr_perturbed_minus_control	False	H	Proliferation / cell cycle	E2F Targets	HALLMARK_E2F_TARGETS	HCC1143 / PRDX2	5	Tier 2	top by NES variance (0.077)	8	HCC38	-0.07169267707082833	0.48	50
HALLMARK_G2M_CHECKPOINT	-0.694799012697579	-1.7802861526916	7.69295005366181e-06	down	200	193	0.0001282158342276	0.593325476396405	CENPF;STMN1;KPNA2;UBE2S;KIF23;MCM3;MCM5;CCNB2;CDC45;H2AFZ;TPX2;MARCKS;H2AFV;NUSAP1;DTYMK;CHAF1A;NDC80;KIF22;KIF5B;SMC2;SRSF2;CDC6;ORC6;HNRNPD;PRC1;SMC4;SFPQ;KIF20B;PRMT5;PLK1;TOP2A;KIF4A;CCNA2;ILF3;FBXO5;CDC20;GINS2;UBE2C;NASP;SMAD3;SS18;TACC3;NEK2;PRPF4B;BUB1;MTF2;SMC1A;SLC38A1;HMMR;BRCA2;ATF5;G3BP1;RASAL2;NCL;MKI67;BIRC5;TROAP;HNRNPU;SYNCRIP;MYBL2;HIF1A;TLE3;HSPA8;CHEK1;SLC7A1;PBK;KIF2C;BCL3;RBL1;CDC25B;TTK;EFNA5;HMGA1;CDC27;CDKN3;EXO1;CKS1B;MAD2L1;AMD1;CENPE;HUS1;HIRA;RAD54L;H2AFX;ODF2;ORC5;AURKA;HMGN2;SRSF10;STAG1;PLK4;BUB3;RPA2;SLC12A2;CDC25A;KATNA1;MCM6;STIL;ODC1;CDKN2C	HCC1143	PRDX2	186	1325	36601	mean_log_expr_perturbed_minus_control	False	H	Proliferation / cell cycle	G2M Checkpoint	HALLMARK_G2M_CHECKPOINT	HCC1143 / PRDX2	5	Tier 2	top by NES variance (0.077)	9	HCC38	-0.07169267707082833	0.48	50
HALLMARK_MYC_TARGETS_V1	-0.711234722523478	-1.82467943231128	1.11549057526174e-06	down	200	197	2.78872643815436e-05	0.643551836150722	DUT;LSM7;KPNA2;SNRPD2;PCNA;COX5A;NAP1L1;PPIA;MCM7;MCM5;UBA2;CDC45;H2AFZ;TYMS;SRSF7;RPS5;RUVBL2;TRIM28;RPL18;PSMC4;SNRPA1;RANBP1;RPL34;FBL;DEK;EEF1B2;EIF3J;PRPF31;CYC1;PHB;ILF2;SRSF2;NOP56;HSPE1;CCT4;HNRNPD;PA2G4;HNRNPA1;IARS;POLD2;SRSF3;PSMA4;EIF1AX;EIF3D;CCNA2;PSMD14;SRM;EIF4G2;PSMD8;RPS2;CDC20;IMPDH2;MRPL9;TCP1;TUFM;RPS6;RFC4;XRCC6;RRM1;HNRNPA3;EIF4A1;PPM1G;PSMD1;POLE3;PSMC6;SERBP1;PSMB3;HNRNPC;G3BP1;CCT3;UBE2L3;AP3S1;ERH;ABCE1;RPS3;EIF2S1;HNRNPU;SYNCRIP;SET;HDGF;RAN;CCT2;MCM4;RPL22;PWP1;EPRS;RSL1D1;STARD7;PSMD3;HDAC2;SRPK1;RPS10;MAD2L1;MRPS18B;PABPC1;COPS5;NME1;CCT7;SNRPB2;RPLP0;PCBP1;BUB3;SNRPG;MCM6;ODC1;HDDC2;FAM120A;PSMA1;PRPS2;GLO1;SRSF1;IFRD1;CDK2;CSTF2;USP1;RPL14;KARS;CCT5;VBP1;CDK4;TARDBP	HCC1143	PRDX2	186	1325	36601	mean_log_expr_perturbed_minus_control	False	H	Proliferation / cell cycle	Myc Targets V1	HALLMARK_MYC_TARGETS_V1	HCC1143 / PRDX2	5	Tier 2	top by NES variance (0.077)	10	HCC38	-0.07169267707082833	0.48	50
HALLMARK_HYPOXIA	-0.394049147841313	-1.00932945763751	0.414717348927875	down	200	191	0.557226517958184	0.024643400592836	S100A4;IGFBP3;KLF6;TPBG;ILVBL;IER3;F3;CAV1;MIF;ETS1;CITED2;EXT1;PAM;ANXA2;RORA;GAPDH;GALK1;MYH9;HDLBP;ADORA2B;TMEM45A;SRPX;TPI1;AKAP12;PKP1;ENO1;SDC2;ERRFI1;NDST1;PRKCA;SERPINE1;NR3C1;SIAH2;PFKFB3;HS3ST1;PDK3;ADM;NFIL3;GBE1;WSB1;FOSL2;PFKL;PGM1;DTNA;GPI;FOXO3;STC1;KDM3A	HCC1143	PRDX2	186	1325	36601	mean_log_expr_perturbed_minus_control	False	H	Proteostasis / stress	Hypoxia	HALLMARK_HYPOXIA	HCC1143 / PRDX2	5	Tier 2	top by NES variance (0.077)	11	HCC38	-0.07169267707082833	0.48	50
HALLMARK_REACTIVE_OXIGEN_SPECIES_PATHWAY	-0.566740006596893	-1.20909659198022	0.165532462755196	down	49	46	0.394124911321895	0.04588889823293	PRDX2;GPX4;SBNO2;PDLIM1;NDUFA6;MBP;TXN;JUNB;NDUFB4;NQO1;PRDX6;MGST1	HCC1143	PRDX2	186	1325	36601	mean_log_expr_perturbed_minus_control	False	H	Proteostasis / stress	Reactive Oxigen Species Pathway	HALLMARK_REACTIVE_OXIGEN_SPECIES_PATHWAY	HCC1143 / PRDX2	5	Tier 2	top by NES variance (0.077)	12	HCC38	-0.07169267707082833	0.48	50
HALLMARK_UNFOLDED_PROTEIN_RESPONSE	0.438738686792743	1.10836497243916	0.216735587448309	up	113	109	0.433471174896619	0.0461430060071698	IFIT1;YWHAZ;HSPA9;EIF4EBP1;EIF4G1;SRPRB;ATF4;EXOSC1;SERP1;SLC30A5;SLC7A5;MTHFD2;KDELR3;XBP1;HERPUD1;PARN;VEGFA;ATF3;PSAT1;CNOT2;RPS14;EIF4E;XPOT;DNAJB9;DNAJC3;CEBPG;STC2;NOLC1;CNOT6;WFS1;DNAJA4;NPM1;TSPYL2;GOSR2;PREB;PDIA5;DCP2;EXOC2;TTC37;ATF6;DCTN1;WIPI1;EXOSC4;EDEM1;FKBP14	HCC1143	PRDX2	186	1325	36601	mean_log_expr_perturbed_minus_control	False	H	Proteostasis / stress	Unfolded Protein Response	HALLMARK_UNFOLDED_PROTEIN_RESPONSE	HCC1143 / PRDX2	5	Tier 2	top by NES variance (0.077)	13	HCC38	-0.07169267707082833	0.48	50
HALLMARK_EPITHELIAL_MESENCHYMAL_TRANSITION	-0.609359638416299	-1.56212454601332	0.0013659043202006	down	200	195	0.0113825360016717	0.45505986738723	VIM;IGFBP3;ITGB1;TPM1;LGALS1;MGP;THBS1;TPM2;MCM7;GADD45B;SPOCK1;CXCL1;GEM;TPM4;PPIB;SFRP1;FERMT2;AREG;TNC;FBLN1;CD44;SERPINH1;ADAM12;COL12A1;GADD45A;PLOD1;CALU;CD59;GPX7;SGCB;EDIL3;QSOX1;CDH2;COL6A2;VEGFC;CAPG;FSTL1;BDNF;TGFBR3;PCOLCE2;SERPINE1;PMEPA1;PVR;LAMC1;DST;LAMA3;TFPI2;COL16A1;MEST;IGFBP2;CADM1;COL4A2;CALD1;ITGB5;WIPF1;FBLN2;LAMC2;SAT1;TAGLN;SNAI2;COL4A1;FSTL3;LOXL2;COL1A1;SFRP4;CDH11;ENO2;GAS1;FZD8	HCC1143	PRDX2	186	1325	36601	mean_log_expr_perturbed_minus_control	False	H	State remodeling	Epithelial Mesenchymal Transition	HALLMARK_EPITHELIAL_MESENCHYMAL_TRANSITION	HCC1143 / PRDX2	5	Tier 2	top by NES variance (0.077)	14	HCC38	-0.07169267707082833	0.48	50
HALLMARK_APOPTOSIS	0.486242131673069	1.27946338115861	0.0294117647058824	up	161	158	0.0865051903114187	0.170004278488927	TIMP1;SOD2;TIMP2;CCND1;DPYD;APP;PTK2;MGMT;IGF2R;HSPB1;BCL2L1;BIRC3;ROCK1;ANXA1;GSN;ISG20;IFNGR1;PSEN1;TNF;DNAJC3;CFLAR;RHOB;PMAIP1;IER3;LGALS3;F2R;BCL2L11;PEA15;H1F0;PLAT;GADD45B;ANKH;CTNNB1;ADD1;PPP3R1;IGFBP6;CASP8;BMF;NEDD9;CLU;DDIT3;PAK1;PDCD4;SAT1;BTG3;SMAD7;ETF1;TGFB2;GPX4;SQSTM1;IL6	HCC1143	MIER1	254	1325	36601	mean_log_expr_perturbed_minus_control	False	H	Cell death / stress	Apoptosis	HALLMARK_APOPTOSIS	HCC1143 / MIER1	6	Tier 2	top by NES variance (0.077)	0	HCC38	-0.3231212484993997	0.34	50
HALLMARK_P53_PATHWAY	-0.523484137490657	-1.25254852128365	0.0580235720761559	down	200	196	0.120882441825325	0.0666556482309615	SFN;S100A4;GADD45A;JUN;KLK8;S100A10;JAG2;DCXR;RPL18;PCNA;ST14;EPS8L2;TM4SF1;TOB1;STOM;BMP2;HINT1;H2AFJ;ATF3;PMM1;CDKN2A;TNFSF9;IFI30;RAD51C;TP53;TPRKB;TRIAP1;LDHB;UPP1;TRAF4;RRP8;FDXR;PRMT2;CCP110;CDKN2AIP;HRAS;CDKN1A;KRT17;PLK2;IER5;PERP;RAP2B;TAP1;HMOX1;FAM162A;VAMP8;BAK1;AEN;AK1;RPS12;IRAK1;CTSD;CCNK;BAX;DGKA;EPHA2;NOTCH1;EPHX1;VDR;RALGDS;TGFA;HIST1H1C;RAD9A;ABAT;PLK3;PHLDA3;HIST3H2A;PLXNB2;DDIT4;SERPINB5;DRAM1;NOL8	HCC1143	MIER1	254	1325	36601	mean_log_expr_perturbed_minus_control	False	H	Cell death / stress	P53 Pathway	HALLMARK_P53_PATHWAY	HCC1143 / MIER1	6	Tier 2	top by NES variance (0.077)	1	HCC38	-0.3231212484993997	0.34	50
HALLMARK_TNFA_SIGNALING_VIA_NFKB	0.480158701979692	1.29444373664892	0.0196764320069961	up	200	197	0.0614888500218627	0.215782858966574	BTG1;SOD2;MARCKS;CCND1;PDLIM5;PMEPA1;VEGFA;PNRC1;SERPINE1;IFNGR2;INHBA;BIRC3;B4GALT5;KLF6;IRS2;IER2;DUSP5;TNF;CFLAR;AREG;B4GALT1;RHOB;CEBPB;JUNB;IER3;PLAUR;PLAU;EDN1;NFIL3;SERPINB8;F3;GADD45B;IL6ST;MSC;TUBB2A;MXD1;DENND5A;TANK;NAMPT;PHLDA1;NFKB2;TNFAIP3;IL7R;BIRC2;IFIT2;PTX3;PTGS2;FOSL2;SAT1;BTG3;MAP3K8;LITAF;CSF1;HBEGF;SQSTM1;SMAD3;IL6	HCC1143	MIER1	254	1325	36601	mean_log_expr_perturbed_minus_control	False	H	Cell death / stress	Tnfa Signaling Via Nfkb	HALLMARK_TNFA_SIGNALING_VIA_NFKB	HCC1143 / MIER1	6	Tier 2	top by NES variance (0.077)	2	HCC38	-0.3231212484993997	0.34	50
HALLMARK_INTERFERON_ALPHA_RESPONSE	-0.473415093835829	-1.05252120567004	0.364569961489089	down	97	93	0.467397386524473	0.0246239707499508	PSME2;PSMB9;UBE2L6;ISG15;IRF7;SAMD9;PSME1;IFI30;MX1;TRIM26;BST2;IRF2;IFITM3;IFI27;TAP1;OGFR;PSMB8;RNF31;CD47;PNPT1;PSMA3;LAMP3;IFITM2;MOV10;LY6E;LGALS3BP	HCC1143	MIER1	254	1325	36601	mean_log_expr_perturbed_minus_control	False	H	Inflammatory / interferon	Interferon Alpha Response	HALLMARK_INTERFERON_ALPHA_RESPONSE	HCC1143 / MIER1	6	Tier 2	top by NES variance (0.077)	3	HCC38	-0.3231212484993997	0.34	50
HALLMARK_INTERFERON_GAMMA_RESPONSE	-0.385357717015649	-0.922490924171641	0.65225271879855	down	200	198	0.679429915415156	0.0143195143375424	PSMB2;PSME2;PSMB9;UBE2L6;SRI;ISG15;IRF7;PML;MT2A;HIF1A;PSME1;IFI30;MX1;TRIM26;STAT3;NFKBIA;IL15RA;UPP1;PTPN2;BST2;IRF2;TNFAIP2;CASP7;IFITM3;PSMB10;CDKN1A;MTHFD2;IFI27;TAP1;VAMP8;OGFR;TNFSF10;PSMB8;RNF31;PNPT1;PSMA3;SAMHD1;PNP;LYSMD2;IFITM2;SECTM1;LY6E;LGALS3BP;PIM1	HCC1143	MIER1	254	1325	36601	mean_log_expr_perturbed_minus_control	False	H	Inflammatory / interferon	Interferon Gamma Response	HALLMARK_INTERFERON_GAMMA_RESPONSE	HCC1143 / MIER1	6	Tier 2	top by NES variance (0.077)	4	HCC38	-0.3231212484993997	0.34	50
HALLMARK_GLYCOLYSIS	-0.497850810850254	-1.19178320381788	0.112765406525117	down	200	198	0.187942344208528	0.0467212718610304	ENO1;NASP;IGFBP3;STMN1;TPI1;AKR1A1;POLR3K;ELF3;PGAM1;CYB5A;PSMC4;PLOD2;HMMR;PLOD1;TSTA3;CLDN3;PYGL;NDUFV3;HAX1;G6PD;ARTN;GALE;GOT2;TALDO1;B4GALT2;ALDH9A1;DEPDC1;SOD1;LHPP;SAP30;CDK1;LDHA;AK4;ADORA2B;GALK1;ECD;GMPPA;MDH2;NOL3;IDH1;MPI;FAM162A;ME1;QSOX1;RARS;KIF20A;HS6ST2;ALG1;NSDHL;ME2;FKBP4;TXN;TGFA;CASP6;COG2;P4HA2;ARPP19;CHPF;DDIT4;CTH;CENPA;TGFBI;PGM2;GYS1;PDK3;B4GALT7	HCC1143	MIER1	254	1325	36601	mean_log_expr_perturbed_minus_control	False	H	Metabolic state	Glycolysis	HALLMARK_GLYCOLYSIS	HCC1143 / MIER1	6	Tier 2	top by NES variance (0.077)	5	HCC38	-0.3231212484993997	0.34	50
HALLMARK_MTORC1_SIGNALING	-0.591351758976269	-1.41493641968746	0.0053101929801839	down	200	196	0.0265509649009196	0.22623238004642	ENO1;PRDX1;TPI1;PPA1;SLC9A3R1;PSMB5;SDF2L1;RRM2;PSMG1;NMT1;MCM4;PSMC4;GPI;DHCR24;PLOD2;CTSC;YKT6;PSMD12;EEF1E1;GAPDH;TUBG1;TOMM40;PFKL;RDH11;G6PD;NFKBIB;STIP1;SLC2A1;PIK3R3;RPA1;IFI30;MCM2;COPS5;PLK1;ACLY;SERPINH1;PDAP1;TUBA4A;FDXR;BUB1;LGMN;UNG;LDHA;PSPH;AK4;PGM1;NUFIP1;SHMT2;SLC7A5;CDKN1A;EBP;MTHFD2;CCT6A;IDH1;EIF2S2;PSMD13;LTA4H;ME1;NFYC;PSMC6;ABCF2;GLA;PSMA3;EPRS;HSPE1;PNP;HMGCR;PSMA4;TMEM97;FADS1;UCHL5	HCC1143	MIER1	254	1325	36601	mean_log_expr_perturbed_minus_control	False	H	Metabolic state	Mtorc1 Signaling	HALLMARK_MTORC1_SIGNALING	HCC1143 / MIER1	6	Tier 2	top by NES variance (0.077)	6	HCC38	-0.3231212484993997	0.34	50
HALLMARK_OXIDATIVE_PHOSPHORYLATION	-0.696108579383523	-1.65636713605021	1.11170469652994e-05	down	200	183	0.0001389630870662	0.593325476396405	UQCRH;MRPS15;ATP6V0B;SDHB;MRPL34;ETFB;MRPS12;CYC1;TIMM8B;TIMM10;MRPL11;UQCR10;CYB5A;SLC25A11;ATP1B1;NDUFS8;GPI;COX6B1;FH;ACAA2;COX6A1;TOMM22;NDUFS2;MRPL35;IDH3B;ECH1;TIMM9;NDUFA6;NDUFB3;NQO2;TIMM13;MRPS22;NDUFS7;MRPS11;ECHS1;COX7B;NDUFB7;COX8A;PHB2;COX4I1;GOT2;PMPCA;SLC25A5;ECI1;UQCRC2;COX5B;LDHB;NDUFB1;MRPS30;IDH2;ATP6AP1;COX5A;TIMM50;UQCR11;HADHA;ACAA1;CS;LDHA;CASP7;NDUFA7;NDUFS3;SLC25A3;COX15;BCKDHA;MDH2;SUCLA2;UQCRFS1;NDUFA3;NDUFB2;IDH1;FXN;GRPEL1;COX10;NDUFA2;MFN2;BAX;COX11;HTRA2;TIMM17A;SDHD;PDHX;OXA1L;VDAC2;PDHA1;LRPPRC;ACADM;ATP6V1C1;RHOT2;NDUFB8;UQCRB;NDUFS6	HCC1143	MIER1	254	1325	36601	mean_log_expr_perturbed_minus_control	False	H	Metabolic state	Oxidative Phosphorylation	HALLMARK_OXIDATIVE_PHOSPHORYLATION	HCC1143 / MIER1	6	Tier 2	top by NES variance (0.077)	7	HCC38	-0.3231212484993997	0.34	50
HALLMARK_E2F_TARGETS	-0.83107649734222	-1.98852947638393	1e-10	down	200	196	2.5e-09		NASP;CKS1B;STMN1;RANBP1;NME1;SMC4;HMGA1;TMPO;DCTPP1;MCM5;TK1;TUBB;CENPM;ATAD2;DUT;RAN;AK2;DNMT1;UBE2T;PA2G4;USP1;MCM3;CDC20;XRCC6;TIPIN;TOP2A;CDCA8;RRM2;AURKB;KIF4A;MYBL2;MCM4;UBE2S;NAA38;LUC7L3;GINS1;NOP56;PRKDC;DEK;RPA2;HMMR;PCNA;SSRP1;KIF22;TUBG1;POLD3;NOLC1;DSCC1;TRA2B;POLD2;NCAPD2;RFC3;E2F8;HMGB2;MKI67;SRSF2;ORC6;NAP1L1;H2AFZ;LYAR;MELK;CDK4;GSPT1;RPA1;BIRC5;CDKN2A;ANP32E;DONSON;KIF2C;HELLS;MCM2;RAD51C;TP53;MCM7;CKS2;PLK1;DLGAP5;NBN;MAD2L1;EIF2S1;SMC3;TACC3;DEPDC1;TIMELESS;RAD1;CDC25B;CCP110;SNRPB;DIAPH3;UNG;LMNB1;CDK1;CCNE1;PPP1R8;PAICS;BARD1;CDKN1A;SRSF1;MSH2;MTHFD2;CDCA3;SHMT1;XPO1;TCF19;POLD1;BRMS1L;IPO7;POP7;ASF1B;EED;WDR90;ASF1A;SLBP;SPAG5;EXOSC8;NUP107;POLE4;POLA2;RAD50;PHF5A;GINS3;DCLRE1B;LIG1;ESPL1;PSMC3IP;KIF18B	HCC1143	MIER1	254	1325	36601	mean_log_expr_perturbed_minus_control	False	H	Proliferation / cell cycle	E2F Targets	HALLMARK_E2F_TARGETS	HCC1143 / MIER1	6	Tier 2	top by NES variance (0.077)	8	HCC38	-0.3231212484993997	0.34	50
HALLMARK_G2M_CHECKPOINT	-0.651036351803207	-1.55586010389805	0.000174807888073	down	200	193	0.0010925493004564	0.518848077743792	HMGN2;NASP;CKS1B;STMN1;SMC4;HMGA1;TPX2;SNRPD1;TMPO;MCM5;AMD1;MCM3;CDC20;KPNB1;TOP2A;CENPF;AURKB;KIF4A;CDC45;MYBL2;UBE2S;GINS2;SRSF10;DKC1;RPA2;NUSAP1;HMMR;PRMT5;KIF22;NOLC1;TRA2B;KIF23;H2AFV;DTYMK;PML;MT2A;MKI67;SRSF2;ORC6;HIF1A;H2AFZ;UPF1;NDC80;HSPA8;CDK4;GSPT1;BIRC5;KIF2C;MCM2;CKS2;PLK1;HOXC10;MAD2L1;TACC3;CDC25B;BUB1;TROAP;STIL;NEK2;CUL3;SAP30;LMNB1;CDK1;E2F4;UCK2;ODF2;SLC7A5;EXO1;BARD1;POLQ;SRSF1;SFPQ;CDC6;XPO1;E2F1;KIF20B;NCL;DBF4;E2F3;UBE2C;POLA2;LIG3;HNRNPU;ESPL1;KIF15;SS18;ILF3;YTHDC1;CDC7;CHEK1;FBXO5;TTK;CENPA;CHAF1A;CHMP1A;MYC;BCL3;RAD21	HCC1143	MIER1	254	1325	36601	mean_log_expr_perturbed_minus_control	False	H	Proliferation / cell cycle	G2M Checkpoint	HALLMARK_G2M_CHECKPOINT	HCC1143 / MIER1	6	Tier 2	top by NES variance (0.077)	9	HCC38	-0.3231212484993997	0.34	50
HALLMARK_MYC_TARGETS_V1	-0.802602213075305	-1.92012078950015	1e-10	down	200	197	2.5e-09		SNRPA1;PSMB2;RPL22;SRM;RANBP1;NME1;RPS2;RSL1D1;MRPS18B;SNRPD1;MCM5;C1QBP;DUT;RAN;CYC1;RPS5;PA2G4;USP1;RUVBL2;PHB;CDC20;KPNB1;XRCC6;NHP2;SERBP1;TUFM;CDC45;ILF2;EIF4G2;MCM4;TYMS;PSMC4;PABPC1;NOP56;EIF3J;CCT3;UBE2L3;LSM7;TRIM28;DEK;RPLP0;RPL18;SRSF3;EIF1AX;HNRNPC;PCNA;PSMA1;SF3A1;PSMD8;NOLC1;SNRPD2;PSMB3;SNRPG;TRA2B;RPL14;PSMA7;FBL;LSM2;POLD2;HNRNPR;NPM1;PPM1G;SRSF2;DDX21;MRPL9;HSP90AB1;NAP1L1;H2AFZ;PABPC4;CNBP;CCT4;KARS;PHB2;EIF4A1;GOT2;CDK4;GSPT1;RPL6;VBP1;TXNL4A;MCM2;ERH;COPS5;PRPF31;MCM7;RFC4;SNRPD3;POLE3;SRPK1;IMPDH2;MAD2L1;EIF2S1;TARDBP;HNRNPA1;PSMA6;RNPS1;HDGF;COX5A;CLNS1A;LDHA;SET;SSBP1;SRSF1;PSMD7;SLC25A3;ABCE1;NOP16;CCT2;EXOSC7;XPO1;EIF2S2;EIF3D;CDK2;MRPL23;STARD7;PSMC6;PCBP1;EPRS;HSPE1;PTGES3;EIF4H;SNRPA;HNRNPU;PSMA4;CSTF2	HCC1143	MIER1	254	1325	36601	mean_log_expr_perturbed_minus_control	False	H	Proliferation / cell cycle	Myc Targets V1	HALLMARK_MYC_TARGETS_V1	HCC1143 / MIER1	6	Tier 2	top by NES variance (0.077)	10	HCC38	-0.3231212484993997	0.34	50
HALLMARK_HYPOXIA	0.455693975655201	1.22351354158606	0.0441048034934498	up	200	191	0.105011436889166	0.143184642183776	BTG1;STC2;EXT1;HSPA5;TGM2;MYH9;PDGFB;ZNF292;AKAP12;FOXO3;VEGFA;PNRC1;ETS1;SERPINE1;KLF6;IRS2;ISG20;KLHL24;TPBG;HDLBP;COL5A1;NDRG1;NR3C1;CSRP2;LXN;IER3;PLAUR;TMEM45A;EGFR;STC1;IDS;PRKCA;MXI1;NFIL3;F3;SRPX;DTNA;NEDD4L;KDELR3;RBPJ;CP;ANXA2;CDKN1C;P4HA1;TNFAIP3;PFKP;GPC1;DDIT3;FOSL2;SELENBP1;CITED2;CCNG2;GPC4;IL6;SDC3;ANKZF1	HCC1143	MIER1	254	1325	36601	mean_log_expr_perturbed_minus_control	False	H	Proteostasis / stress	Hypoxia	HALLMARK_HYPOXIA	HCC1143 / MIER1	6	Tier 2	top by NES variance (0.077)	11	HCC38	-0.3231212484993997	0.34	50
HALLMARK_REACTIVE_OXIGEN_SPECIES_PATHWAY	-0.566355123433195	-1.14031144162897	0.259323367427223	down	49	46	0.370461953467461	0.032484202040503	PRDX1;MBP;MGST1;PDLIM1;GLRX2;NDUFS2;GCLM;PRDX2;NDUFA6;G6PD;SOD1;EGLN2;CAT;ABCC1;TXN;CDKN2D	HCC1143	MIER1	254	1325	36601	mean_log_expr_perturbed_minus_control	False	H	Proteostasis / stress	Reactive Oxigen Species Pathway	HALLMARK_REACTIVE_OXIGEN_SPECIES_PATHWAY	HCC1143 / MIER1	6	Tier 2	top by NES variance (0.077)	12	HCC38	-0.3231212484993997	0.34	50
HALLMARK_UNFOLDED_PROTEIN_RESPONSE	-0.46377973616476	-1.04768637723048	0.362669651602071	down	113	109	0.467397386524473	0.0243931490287998	LSM4;CKS1B;EXOSC4;NHP2;NOP56;SRPRB;DKC1;SPCS1;NOLC1;NPM1;EEF2;KHSRP;EXOSC1;EIF4A1;EXOSC10;ATF3;NOP14;FKBP14;EXOSC5;IMP3;EIF2S1;BAG3;LSM1;GEMIN4;EIF4G1;EXOSC2;BANF1;ALDH18A1;SLC7A5;SEC31A;MTHFD2;YWHAZ;EIF4EBP1;NFYB;EIF4A2	HCC1143	MIER1	254	1325	36601	mean_log_expr_perturbed_minus_control	False	H	Proteostasis / stress	Unfolded Protein Response	HALLMARK_UNFOLDED_PROTEIN_RESPONSE	HCC1143 / MIER1	6	Tier 2	top by NES variance (0.077)	13	HCC38	-0.3231212484993997	0.34	50
HALLMARK_EPITHELIAL_MESENCHYMAL_TRANSITION	0.608758684146026	1.63810131230724	3.79406946888298e-05	up	200	195	0.0003794069468882	0.557332238758646	VIM;TIMP1;ITGB1;TPM4;SERPINE2;MYL9;MYLK;TGM2;COL6A2;LGALS1;FN1;CDH2;NT5E;PMEPA1;IL32;VEGFA;ITGA2;SERPINE1;SPOCK1;EMP3;INHBA;TGFB1;TNFRSF11B;BASP1;GLIPR1;DST;SFRP1;SGCB;LAMC1;ECM1;COL5A1;AREG;CALD1;FERMT2;CALU;COPA;RHOB;CD59;VCAN;PLAUR;FZD8;ITGAV;SNAI2;COL4A2;FBN2;GADD45B;WIPF1;CAP2;SLIT2;ITGA5;ADAM12;FLNA;TNFAIP3;SDC1;GPC1;NOTCH2;PTX3;PLOD3;SAT1;MMP3;LRP1;THBS1;IL6;TAGLN;ITGB3;ECM2;OXTR	HCC1143	MIER1	254	1325	36601	mean_log_expr_perturbed_minus_control	False	H	State remodeling	Epithelial Mesenchymal Transition	HALLMARK_EPITHELIAL_MESENCHYMAL_TRANSITION	HCC1143 / MIER1	6	Tier 2	top by NES variance (0.077)	14	HCC38	-0.3231212484993997	0.34	50
HALLMARK_APOPTOSIS	-0.358026635754894	-0.915354728701872	0.671299397186872	down	161	158	0.729673257811817	0.0176383777137459	CD44;CAV1;IER3;PTK2;TOP2A;TNFRSF12A;DNAJC3;LGALS3;TSPO;IGFBP6;BTG3;BNIP3L;ANKH;XIAP;LMNA;CDC25B;RARA;CREBBP;BAX;ERBB2;BCAP31;PDCD4;CASP3;KRT18;H1F0;CASP4;TIMP2;MMP2;PSEN1;RELA;GADD45B;EMP1;PPP2R5B;CFLAR;CASP2;GADD45A;ERBB3;TXNIP;RHOT2;PPT1;GPX3	HCC38	PFDN5	67	1666	36601	mean_log_expr_perturbed_minus_control	False	H	Cell death / stress	Apoptosis	HALLMARK_APOPTOSIS	HCC38 / PFDN5	7	Tier 1	benchmark-relevant anchor	0	HCC1143	-0.016950780312124852	0.32	50
HALLMARK_P53_PATHWAY	0.366104481642842	0.992763309194556	0.456538363497324	up	200	196	0.632349678278234	0.030892146868861	HIST1H1C;AK1;MKNK2;S100A10;VAMP8;IP6K2;PTPN14;HINT1;HDAC3;NOTCH1;H2AFJ;RPL36;CGRRF1;CCNK;APP;TPRKB;ADA;ERCC5;TAP1;TRIAP1;PLXNB2;RCHY1;NUDT15;BAIAP2;TOB1;TP53;CTSD;FAS;UPP1;KIF13B;IER5;HIST3H2A;FOS;SLC3A2;SAT1;TP63;RPL18;ISCU;RRP8;NOL8;RXRA;KLK8;PLK3;ABAT;DNTTIP2;IRAK1;RNF19B;RPS27L;RETSAT;CCND3;OSGIN1;SLC35D1;JUN;SDC1;PDGFA;TGFB1;NINJ1;TAX1BP3;TCN2;CCP110	HCC38	PFDN5	67	1666	36601	mean_log_expr_perturbed_minus_control	False	H	Cell death / stress	P53 Pathway	HALLMARK_P53_PATHWAY	HCC38 / PFDN5	7	Tier 1	benchmark-relevant anchor	1	HCC1143	-0.016950780312124852	0.32	50
HALLMARK_TNFA_SIGNALING_VIA_NFKB	-0.524991076143811	-1.37261992414917	0.0112100230794593	down	200	197	0.0700626442466205	0.175004015942342	KLF6;AREG;CD44;TNC;IER3;VEGFA;NFAT5;TNIP2;LDLR;RIPK2;TNFAIP2;EHD1;CEBPB;FOSL1;TRIP10;MYC;PDLIM5;BTG3;TNFAIP8;CLCF1;YRDC;PTX3;BCL3;CXCL1;PHLDA2;PLK2;NAMPT;B4GALT1;CXCL6;TNIP1;BIRC2;SPSB1;PTPRE;LITAF;EDN1;IFIH1;ETS2;RELA;GADD45B;DUSP4;PFKFB3;CFLAR;ZFP36;TGIF1;IRS2;DENND5A;GADD45A;SNN;PLAUR;JAG1;INHBA;TRAF1;TNFAIP3;DUSP2;TSC22D1;PLAU;CD83;PANX1;MAP3K8;GEM;DDX58;IL6ST;HBEGF;ID2;LAMB3;PHLDA1;DUSP5;TANK;BCL6;SPHK1;ZC3H12A;CXCL2;TNFAIP6;CCNL1;NFIL3;EGR1;BIRC3;NR4A1;MXD1;IFIT2;PPP1R15A;MAFF;GFPT2;IL23A;NFKBIA	HCC38	PFDN5	67	1666	36601	mean_log_expr_perturbed_minus_control	False	H	Cell death / stress	Tnfa Signaling Via Nfkb	HALLMARK_TNFA_SIGNALING_VIA_NFKB	HCC38 / PFDN5	7	Tier 1	benchmark-relevant anchor	2	HCC1143	-0.016950780312124852	0.32	50
HALLMARK_INTERFERON_ALPHA_RESPONSE	-0.339853502344041	-0.81790781449071	0.87712599791739	down	97	93	0.87712599791739	0.0142737636335903	RIPK2;IFI35;PSME1;ELF1;RNF31;TRIM25;HERC6;EIF2AK2;EPSTI1;PSME2;IFIH1;OASL;LAP3;TRIM5;GMPR;USP18;IFI44;TXNIP;NMI;IFI30;IL4R;PROCR;OGFR;GBP2;UBE2L6;DDX60;DHX58;SAMD9L;IFIT2	HCC38	PFDN5	67	1666	36601	mean_log_expr_perturbed_minus_control	False	H	Inflammatory / interferon	Interferon Alpha Response	HALLMARK_INTERFERON_ALPHA_RESPONSE	HCC38 / PFDN5	7	Tier 1	benchmark-relevant anchor	3	HCC1143	-0.016950780312124852	0.32	50
HALLMARK_INTERFERON_GAMMA_RESPONSE	-0.397058386294097	-1.0378878173658	0.339510258107214	down	200	198	0.548855453427785	0.0283977652218164	PFKP;HIF1A;STAT3;RIPK2;TNFAIP2;SRI;MT2A;TAPBP;RBCK1;IFI35;PSMA2;ZNFX1;PSME1;PTPN6;RNF31;TRIM25;HERC6;NAMPT;STAT1;MVP;SSPN;EIF2AK2;IFNAR2;EPSTI1;APOL6;CASP3;CFB;PSME2;RIPK1;HLA-B;CASP4;LYSMD2;PML;IFIH1;OASL;LAP3;TOR1B;SPPL2A;USP18;IFI44;TXNIP;TNFAIP3;DDX58;NMI;IFI30;HLA-DRB1;IL4R;NLRC5;OGFR;TNFAIP6;OAS3;PTPN2;UBE2L6;DDX60;ARID5B;DHX58;SAMD9L;IFIT2;NOD1;SAMHD1	HCC38	PFDN5	67	1666	36601	mean_log_expr_perturbed_minus_control	False	H	Inflammatory / interferon	Interferon Gamma Response	HALLMARK_INTERFERON_GAMMA_RESPONSE	HCC38 / PFDN5	7	Tier 1	benchmark-relevant anchor	4	HCC1143	-0.016950780312124852	0.32	50
HALLMARK_GLYCOLYSIS	-0.536760611584888	-1.40306141070431	0.0069490403706154	down	200	198	0.0496360026472535	0.223479119117478	EXT1;CD44;SOX9;PFKP;COPB2;IER3;VEGFA;GALE;ANGPTL4;PGK1;PLOD2;DSC2;TGFBI;ZNF292;EGFR;IL13RA1;LDHA;MED24;PGLS;EXT2;SLC25A13;SRD5A3;COL5A1;RBCK1;TPBG;ENO1;PPP2CB;B4GALT2;P4HA2;POLR3K;PLOD1;KDELR3;HDLBP;PGAM1;AK3;B3GALT6;TPI1;NOL3;FAM162A;FUT8;ALDH9A1;B3GAT3;NDUFV3;DDIT4;B4GALT1;ALDOA;RARS;PHKA2;PAM;IDH1;NSDHL;HSPA5;STC2;ANKZF1;QSOX1;TGFA;GFPT1;GALK1;IRS2;ME1;SLC16A3;GMPPA;MDH2;TPST1;PMM2;CHPF;TALDO1;ARTN;EGLN3;ADORA2B;PDK3	HCC38	PFDN5	67	1666	36601	mean_log_expr_perturbed_minus_control	False	H	Metabolic state	Glycolysis	HALLMARK_GLYCOLYSIS	HCC38 / PFDN5	7	Tier 1	benchmark-relevant anchor	5	HCC1143	-0.016950780312124852	0.32	50
HALLMARK_MTORC1_SIGNALING	-0.41643435302669	-1.08931511702814	0.23605856226353	down	200	196	0.437145485673204	0.0352535154022179	HSP90B1;EPRS;SLC9A3R1;PSMD14;IMMT;SERPINH1;SLC7A5;PGK1;NUPR1;SHMT2;PLOD2;SQLE;CYP51A1;USO1;LDLR;PFKL;GAPDH;ACACA;FADS1;LDHA;NUP205;RPA1;ADD3;CALR;ELOVL6;GBE1;SDF2L1;ENO1;CCT6A;MCM4;IFRD1;HMGCR;TES;NFYC;INSIG1;TRIB3;MTHFD2L;TPI1;ACTR2;ACSL3;SLC2A1;QDPR;PSPH;ELOVL5;NAMPT;SRD5A1;DDIT4;ATP2A2;ALDOA;PGM1;SLC1A5;MCM2;DHCR7;GPI;POLR3G;RPN1;NMT1;EEF1E1;CANX;SORD;IDH1;HSPA5	HCC38	PFDN5	67	1666	36601	mean_log_expr_perturbed_minus_control	False	H	Metabolic state	Mtorc1 Signaling	HALLMARK_MTORC1_SIGNALING	HCC38 / PFDN5	7	Tier 1	benchmark-relevant anchor	6	HCC1143	-0.016950780312124852	0.32	50
HALLMARK_OXIDATIVE_PHOSPHORYLATION	0.434075370613287	1.16952860336903	0.0934010152284264	up	200	183	0.245792145337964	0.07386107958716	UQCR10;NDUFA6;MRPS12;VDAC3;UQCRFS1;COX5A;TIMM13;COX4I1;GPX4;NDUFB3;ATP6V1F;MRPL11;COX5B;ATP6V0E1;NDUFA4;NDUFS6;TIMM17A;POLR2F;COX7A2;ATP6V0B;COX6B1;MRPS22;NDUFAB1;PDHX;SUCLA2;NDUFB7;NDUFB4;PHYH;UQCRB;NDUFS4;RHOT1;MRPL15;COX8A;ACAA1;DLD;MRPS15;UQCRC2;SLC25A4;MRPL35;PDHA1;SDHC;NDUFB1;HADHB;GOT2;NDUFS7;NDUFA8;ISCU;NDUFB5;ATP6V1E1;HTRA2;HSD17B10;BCKDHA;OGDH;ISCA1;ACAT1;NDUFB6;PDHB;VDAC2;VDAC1;NDUFA7;FDX1;ETFA;POR;UQCRH;NDUFC2;ALAS1;PMPCA;TOMM22;SURF1;RETSAT;IDH3A;NDUFS2;ACADSB	HCC38	PFDN5	67	1666	36601	mean_log_expr_perturbed_minus_control	False	H	Metabolic state	Oxidative Phosphorylation	HALLMARK_OXIDATIVE_PHOSPHORYLATION	HCC38 / PFDN5	7	Tier 1	benchmark-relevant anchor	7	HCC1143	-0.016950780312124852	0.32	50
HALLMARK_E2F_TARGETS	0.366842803490059	0.99476541208334	0.450420596482284	up	200	196	0.632349678278234	0.0311467176047931	UBE2S;CDKN3;AURKA;SNRPB;PTTG1;LYAR;CKS2;TK1;HMGB2;EXOSC8;KIF22;MELK;DEPDC1;SPAG5;DDX39A;CDC20;DEK;SPC25;BRMS1L;STMN1;MCM7;RAD50;H2AFX;MCM3;ANP32E;TACC3;AK2;UBE2T;POLE4;MAD2L1;CTCF;BIRC5;DUT;DLGAP5;EIF2S1;LMNB1;RBBP7;HMGB3;TP53;POLA2;AURKB;RAN;CCNB2;XPO1;DSCC1;LBR;EED;NASP;SPC24;SRSF1;CDKN1B;NUDT21;PLK1;CDCA8;CDC25A;RPA3;CDK1;H2AFZ;DCLRE1B;UBR7;DONSON;POP7;LUC7L3;WDR90;TIPIN;PMS2;MTHFD2;SHMT1;PLK4;RRM2;ASF1B	HCC38	PFDN5	67	1666	36601	mean_log_expr_perturbed_minus_control	False	H	Proliferation / cell cycle	E2F Targets	HALLMARK_E2F_TARGETS	HCC38 / PFDN5	7	Tier 1	benchmark-relevant anchor	8	HCC1143	-0.016950780312124852	0.32	50
HALLMARK_G2M_CHECKPOINT	0.403349554380602	1.09308938388967	0.196962025316456	up	200	193	0.405938801376064	0.0496877756011859	SNRPD1;H2AFV;UBE2S;NOTCH2;CDKN3;AURKA;DR1;HMGN2;PTTG1;RAD23B;CKS2;KIF22;PAFAH1B1;DDX39A;NCL;CDC20;CCND1;CCNA2;KIF20B;TPX2;HIRA;PURA;STMN1;SFPQ;ABL1;CDC7;CENPA;RBL1;H2AFX;MCM3;MAPK14;DBF4;TACC3;E2F4;CDC27;PBK;E2F1;MAD2L1;MARCKS;SAP30;CTCF;BIRC5;FBXO5;LMNB1;MEIS2;UBE2C;HMGB3;EXO1;KIF15;POLA2;DTYMK;AURKB;CCNB2;SMAD3;XPO1;FANCC;FOXN3;LBR;PRC1;NASP;E2F2;SRSF1;ATF5;CDKN1B;PLK1;CDC25A;BUB1;POLQ;NDC80;CDK1;H2AFZ;CUL4A	HCC38	PFDN5	67	1666	36601	mean_log_expr_perturbed_minus_control	False	H	Proliferation / cell cycle	G2M Checkpoint	HALLMARK_G2M_CHECKPOINT	HCC38 / PFDN5	7	Tier 1	benchmark-relevant anchor	9	HCC1143	-0.016950780312124852	0.32	50
HALLMARK_MYC_TARGETS_V1	0.433127776312963	1.17560214529674	0.0813008130081301	up	200	197	0.227038752849474	0.0794123736887832	ERH;LSM7;HSPE1;SNRPD1;SET;VDAC3;PRPS2;COX5A;NHP2;HDAC2;CBX3;EIF3J;PSMA4;RAD23B;HSPD1;NPM1;PHB;VBP1;HNRNPA3;CDC20;PSMD8;PSMA6;TCP1;DEK;SRSF7;SNRPD3;CCNA2;PSMC4;SNRPG;RFC4;PSMD3;NDUFAB1;PSMA1;FBL;RPL14;SNRPA1;DDX18;MCM7;EIF4E;NCBP1;NCBP2;EEF1B2;EIF2S2;PSMA7;CLNS1A;UBE2L3;SNRPD2;MAD2L1;LSM2;POLE3;PPIA;ACP1;SERBP1;DUT;EIF2S1;DHX15;EIF1AX;NOP16;RAN;ILF2;XPO1;PSMD7;PSMB2;STARD7;RPS10;GOT2;SRSF1;HNRNPA1;RPL18;HSP90AB1;SNRPB2;SRPK1;VDAC1;AP3S1	HCC38	PFDN5	67	1666	36601	mean_log_expr_perturbed_minus_control	False	H	Proliferation / cell cycle	Myc Targets V1	HALLMARK_MYC_TARGETS_V1	HCC38 / PFDN5	7	Tier 1	benchmark-relevant anchor	10	HCC1143	-0.016950780312124852	0.32	50
HALLMARK_HYPOXIA	-0.601686054841114	-1.56969409401075	0.0004934045973603	down	200	191	0.008223409956006	0.477270815362862	KLF6;EXT1;CAV1;PFKP;IER3;GCNT2;VEGFA;ANGPTL4;ETS1;PGK1;RBPJ;TGFBI;ZNF292;PFKL;SLC25A1;EGFR;GAPDH;LDHA;MAP3K1;PRKCA;HK1;MT2A;COL5A1;GBE1;TPD52;TPBG;ENO1;LXN;MYH9;P4HA2;KDELR3;HDLBP;TES;BNIP3L;GRHPR;B3GALT6;TPI1;NEDD4L;FAM162A;SLC2A1;DDIT4;ALDOA;PGM1;SCARB1;GPI;TGM2;PAM;HSPA5;STC2;ANKZF1;PDK1;PFKFB3;ZFP36;GALK1;IRS2;PLAUR;PHKG1;TNFAIP3;ATP7A;ADORA2B;PDK3;SULT2B1;MXI1;RORA;AK4;NAGK;ANXA2;CCNG2;ADM;NFIL3;ENO3;HMOX1;PYGM;KLHL24;S100A4;FOXO3;PPP1R15A;MAFF	HCC38	PFDN5	67	1666	36601	mean_log_expr_perturbed_minus_control	False	H	Proteostasis / stress	Hypoxia	HALLMARK_HYPOXIA	HCC38 / PFDN5	7	Tier 1	benchmark-relevant anchor	11	HCC1143	-0.016950780312124852	0.32	50
HALLMARK_REACTIVE_OXIGEN_SPECIES_PATHWAY	0.606709015570421	1.35892450364043	0.054561717352415	up	49	46	0.20566889671639	0.0913212902305258	NQO1;FTL;PRDX1;NDUFA6;GPX4;SOD2;PRDX2;ATOX1;EGLN2;GSR;NDUFB4;PRDX6;GCLC;JUNB;SOD1;HMOX2;GLRX	HCC38	PFDN5	67	1666	36601	mean_log_expr_perturbed_minus_control	False	H	Proteostasis / stress	Reactive Oxigen Species Pathway	HALLMARK_REACTIVE_OXIGEN_SPECIES_PATHWAY	HCC38 / PFDN5	7	Tier 1	benchmark-relevant anchor	12	HCC1143	-0.016950780312124852	0.32	50
HALLMARK_UNFOLDED_PROTEIN_RESPONSE	-0.383287370350357	-0.942680691270813	0.567073170731707	down	113	109	0.650595570074098	0.0203381828911095	HSP90B1;SLC7A5;VEGFA;KIF5B;DNAJC3;XPOT;IARS;EIF4EBP1;CALR;CEBPB;DCTN1;KHSRP;ATF6;KDELR3;TARS;CNOT2;ZBTB17;ARFGAP1;SLC30A5;SEC31A;DDIT4;ATP6V0D1;PDIA5;ALDH18A1;TTC37;ATF4;PDIA6;EDC4;EXOC2;HSPA5;STC2;DNAJB9;HSPA9;NFYA;XBP1;BAG3;EDEM1;RRP9;EIF2AK3;HYOU1	HCC38	PFDN5	67	1666	36601	mean_log_expr_perturbed_minus_control	False	H	Proteostasis / stress	Unfolded Protein Response	HALLMARK_UNFOLDED_PROTEIN_RESPONSE	HCC38 / PFDN5	7	Tier 1	benchmark-relevant anchor	13	HCC1143	-0.016950780312124852	0.32	50
HALLMARK_EPITHELIAL_MESENCHYMAL_TRANSITION	-0.455338220393626	-1.19028496158847	0.0986332949119052	down	200	195	0.246583237279763	0.0571796738976665	DKK1;ANPEP;AREG;CD44;EMP3;LGALS1;BASP1;TNC;SERPINH1;VEGFA;ITGB1;PLOD2;ITGA5;TGFBI;COPA;TNFRSF12A;MYLK;VEGFC;PPIB;COL5A1;ITGA2;PLOD1;DST;FSTL1;LAMA2;IGFBP4;PVR;PTX3;CXCL1;SCG2;CXCL6;COL5A2;LAMA3;FGF2;COL6A2;PCOLCE2;FAP;IL32;CALD1;TGM2;CALU;PDLIM4;QSOX1;MMP2;LOXL2;GADD45B;CD59	HCC38	PFDN5	67	1666	36601	mean_log_expr_perturbed_minus_control	False	H	State remodeling	Epithelial Mesenchymal Transition	HALLMARK_EPITHELIAL_MESENCHYMAL_TRANSITION	HCC38 / PFDN5	7	Tier 1	benchmark-relevant anchor	14	HCC1143	-0.016950780312124852	0.32	50
HALLMARK_APOPTOSIS	-0.625101149675521	-1.31196756548953	0.0138617927918677	down	161	158	0.0433181024745867	0.123558344666082	IER3;TGFB2;TSPO;DAP3;CD44;LGALS3;BAX;DFFA;CAV1;CCND1;GPX4;SPTAN1;EMP1;BID;BCAP31;KRT18;LMNA;SQSTM1;TNFRSF12A;APP;PEA15;MMP2;SOD2;ETF1;SAT1;ANXA1;IRF1;DNAJA1;RHOT2;IFITM3;SLC20A1;ENO2;HSPB1;SMAD7;PPP3R1;BCL2L1;PMAIP1;BRCA1;VDAC2;CASP4;NEDD9;CYLD;DDIT3;JUN;XIAP;CASP2;PSEN2;FDXR;GPX3;PPT1;TAP1;ATF3;BIK;PTK2;ANKH;CDKN1B;BCL10	HCC38	PMF1	94	1666	36601	mean_log_expr_perturbed_minus_control	False	H	Cell death / stress	Apoptosis	HALLMARK_APOPTOSIS	HCC38 / PMF1	8	Tier 1	benchmark-relevant anchor	0	HCC1143	-0.08024009603841536	0.82	50
HALLMARK_P53_PATHWAY	-0.597247956661374	-1.2638325944214	0.0254168361122408	down	200	196	0.0605162764577161	0.0901888162992841	IER3;RPS12;RPL18;RPL36;LDHB;HRAS;ZFP36L1;BAX;HINT1;DCXR;SLC3A2;PVT1;UPP1;SFN;DRAM1;PERP;APP;TRAF4;NUPR1;TRIB3;IP6K2;TPD52L1;ADA;ZNF365;SAT1;AK1;IFI30;VAMP8;MKNK2;H2AFJ;IER5;TSC22D1;TM7SF3;MXD4;RAD51C;FOXO3;RALGDS;ST14;BAK1;NOTCH1;TGFA;CDKN2AIP;RXRA;PPP1R15A;IRAK1;RAD9A;FAM162A;EI24;SPHK1;CD81;ISCU;MDM2;SESN1;DDIT3;DDIT4;JUN;PRMT2;TAX1BP3;DDB2;CD82;RHBDF2;TOB1;SLC7A11;ITGB4;EPHX1;FDXR;RRP8;RRAD;RAP2B;RPS27L;TAP1;PLXNB2;FOS;ATF3;STOM;SLC35D1;OSGIN1;KLK8;HBEGF;HEXIM1;PTPN14	HCC38	PMF1	94	1666	36601	mean_log_expr_perturbed_minus_control	False	H	Cell death / stress	P53 Pathway	HALLMARK_P53_PATHWAY	HCC38 / PMF1	8	Tier 1	benchmark-relevant anchor	1	HCC1143	-0.08024009603841536	0.82	50
HALLMARK_TNFA_SIGNALING_VIA_NFKB	-0.589014424080894	-1.24680952794758	0.0354530678585941	down	200	197	0.0770718866491175	0.0759225511621017	IER3;PMEPA1;CD44;EIF1;TNC;KLF6;NFAT5;CCND1;RIPK2;TUBB2A;TNFAIP8;SQSTM1;DRAM1;CEBPB;ATP2B1;CLCF1;NFIL3;PHLDA2;SOD2;B4GALT1;REL;INHBA;FJX1;SAT1;IRF1;LAMB3;IER5;TSC22D1;NFKB1;EHD1;MYC;KLF10;F3;MAP2K3;DENND5A;MARCKS;GFPT2;VEGFA;PLAUR;PPP1R15A;ETS2;PFKFB3;NFKBIA;SPHK1;SERPINB8;JUN;NFE2L2;LDLR;NFKB2;DDX58;FOSB;DUSP5;JAG1;EDN1;CXCL1;TAP1;FOS;ATF3;NAMPT;LITAF;HBEGF;G0S2;TRAF1;CXCL6	HCC38	PMF1	94	1666	36601	mean_log_expr_perturbed_minus_control	False	H	Cell death / stress	Tnfa Signaling Via Nfkb	HALLMARK_TNFA_SIGNALING_VIA_NFKB	HCC38 / PMF1	8	Tier 1	benchmark-relevant anchor	2	HCC1143	-0.08024009603841536	0.82	50
HALLMARK_INTERFERON_ALPHA_RESPONSE	-0.491167096463582	-1.00333308252822	0.497803022184118	down	97	93	0.518544814775122	0.015492249443265	RIPK2;ADAR;PSMB9;PNPT1;NUB1;PSMB8;OGFR;IFI30;IRF1;WARS;IFITM3;LY6E;ISG15;CD47;PSMA3;USP18;B2M;TRIM26;NCOA7;MOV10;IL4R;TDRD7;TAP1;STAT2;LAP3;PSME2;MX1;SLC25A28;PSME1	HCC38	PMF1	94	1666	36601	mean_log_expr_perturbed_minus_control	False	H	Inflammatory / interferon	Interferon Alpha Response	HALLMARK_INTERFERON_ALPHA_RESPONSE	HCC38 / PMF1	8	Tier 1	benchmark-relevant anchor	3	HCC1143	-0.08024009603841536	0.82	50
HALLMARK_INTERFERON_GAMMA_RESPONSE	-0.493321032612844	-1.04420505423993	0.384615384615385	down	200	198	0.418714560119396	0.0184890640973116	RBCK1;RIPK2;ADAR;PSMB9;PNPT1;PFKP;PSMA2;ARID5B;UPP1;STAT3;PSMB8;PSMB10;SOD2;OGFR;IFI30;IRF1;VAMP8;WARS;IFITM3;NFKB1;PML;PNP;LY6E;ISG15;HLA-B;PSMA3;RIPK1;USP18;NLRC5;SAMHD1;CASP4;NFKBIA;B2M;RAPGEF6;TRIM26;SPPL2A;DDX58;ZNFX1;ARL4A;LYSMD2;IL4R;TDRD7;HLA-A;TAP1;SRI;NAMPT;STAT2;LAP3;PSME2;MT2A	HCC38	PMF1	94	1666	36601	mean_log_expr_perturbed_minus_control	False	H	Inflammatory / interferon	Interferon Gamma Response	HALLMARK_INTERFERON_GAMMA_RESPONSE	HCC38 / PMF1	8	Tier 1	benchmark-relevant anchor	4	HCC1143	-0.08024009603841536	0.82	50
HALLMARK_GLYCOLYSIS	-0.575538361591317	-1.21823321195037	0.0576160959252109	down	200	198	0.110800184471559	0.058872381059619	IER3;CD44;TPI1;LDHA;PLOD2;HAX1;RBCK1;FKBP4;MIF;MDH2;TGFBI;PGLS;SLC25A13;GNPDA1;PLOD1;ENO1;SOX9;PFKP;DSC2;PAM;PYGL;P4HA1;EXT1;ARTN;ANKZF1;B3GAT3;ARPP19;SRD5A3;SDHC;TXN;ECD;B4GALT1;PGM2;PGAM1;EGFR;GMPPA;RARS;G6PD;POLR3K;GNE;TALDO1;CITED2;HSPA5;PYGB;ANGPTL4;ENO2;TSTA3;CHPF;TGFA;NOL3;ALDOA;ME1;VEGFA;ELF3;FAM162A;MET;GCLC;PRPS1;DLD;EGLN3;ZNF292;B4GALT7;DDIT4;COL5A1;MPI;GMPPB;RPE;EXT2;ALDH9A1;PMM2;AKR1A1;SLC25A10;STC2;MXI1	HCC38	PMF1	94	1666	36601	mean_log_expr_perturbed_minus_control	False	H	Metabolic state	Glycolysis	HALLMARK_GLYCOLYSIS	HCC38 / PMF1	8	Tier 1	benchmark-relevant anchor	5	HCC1143	-0.08024009603841536	0.82	50
HALLMARK_MTORC1_SIGNALING	-0.7057431448707	-1.49341857067711	6.07990931975953e-06	down	200	196	0.0001519977329939	0.610526878385931	GAPDH;EPRS;TPI1;LDHA;SERP1;PLOD2;SLC7A5;SQLE;PHGDH;TOMM40;HSPA9;PRDX1;CYP51A1;M6PR;HSPD1;CALR;RAB1A;ARPC5L;EIF2S2;CCT6A;SDF2L1;PDAP1;PPA1;PSMD13;SEC11A;ENO1;PSMA4;P4HA1;ABCF2;SQSTM1;COPS5;SLC9A3R1;ACTR2;PSME3;GSK3B;NFIL3;NUPR1;TRIB3;TBK1;HSPE1;PSMD12;ETF1;EEF1E1;FADS1;TUBG1;PSMB5;CD9;ACACA;IFI30;WARS;POLR3G;IDI1;G6PD;MCM4;CYB5B;UBE2D3;RIT1;XBP1;GLA;HSPA5;PNP;PSMG1;ACLY;SORD;CTSC;SSR1;SHMT2;MTHFD2L;MAP2K3;SERPINH1;PSMA3;ALDOA;HMGCR;PNO1;PITPNB;GGA2;ME1;HMGCS1;HPRT1;NFKBIB;PPP1R15A;TES;GCLC;NUFIP1;TCEA1;EGLN3;PSMD14;RRM2;DDIT3;DDIT4;ADD3;ATP2A2;TUBA4A;LDLR;UCHL5;SLC7A11;TMEM97;HSP90B1;FDXR;SLC2A1;HSPA4;GBE1;CACYBP;NAMPT;PSPH	HCC38	PMF1	94	1666	36601	mean_log_expr_perturbed_minus_control	False	H	Metabolic state	Mtorc1 Signaling	HALLMARK_MTORC1_SIGNALING	HCC38 / PMF1	8	Tier 1	benchmark-relevant anchor	6	HCC1143	-0.08024009603841536	0.82	50
HALLMARK_OXIDATIVE_PHOSPHORYLATION	-0.65150822329038	-1.37414989134789	0.0018519036616504	down	200	183	0.0115743978853151	0.45505986738723	TIMM13;LDHB;TOMM22;BAX;LDHA;AFG3L2;ATP6V0C;ATP6V0E1;COX7C;ATP6V1G1;MRPS12;OAT;HSPA9;COX5A;MDH2;GPX4;ECI1;ATP6V0B;HADHA;IDH2;IDH3B;PHB2;MRPL34;OPA1;NDUFB6;MGST3;NDUFB7;UQCRQ;UQCR10;ATP6V1F;POR;ACADVL;CYCS;NDUFA4;CS;COX7A2L;SDHB;UQCR11;NDUFA9;VDAC3;SDHC;MRPL11;SLC25A3;TIMM50;GRPEL1;NDUFB4;ACAA1;NDUFB2;COX7B;COX4I1;NDUFB8;NDUFA2;SDHD;COX8A;VDAC1;RHOT2;NDUFS6;IDH3G;UQCRC1;COX5B;MRPL35;ATP1B1;MRPS15;ATP6V1E1;MFN2;POLR2F;ATP6V1C1;FDX1;NDUFAB1;ACAT1;AIFM1;VDAC2;SUPV3L1;PDHA1;LRPPRC;UQCRB;NDUFC2;ISCU;DLD;NDUFS8;NDUFS2;MTRR;ACADM;ACADSB;COX15;PRDX3;SLC25A6;ECHS1;NDUFS3;ETFA;OXA1L;NQO2;HSD17B10	HCC38	PMF1	94	1666	36601	mean_log_expr_perturbed_minus_control	False	H	Metabolic state	Oxidative Phosphorylation	HALLMARK_OXIDATIVE_PHOSPHORYLATION	HCC38 / PMF1	8	Tier 1	benchmark-relevant anchor	7	HCC1143	-0.08024009603841536	0.82	50
HALLMARK_E2F_TARGETS	0.452786519957282	1.32667470514106	0.0032292549953093	up	200	196	0.0136165577342048	0.431707695803346	AURKA;HMGB2;DLGAP5;CENPE;CKS2;CDCA8;SMC4;TOP2A;MKI67;LMNB1;SPC25;BRCA2;POLD3;KPNA2;HMMR;CCNB2;KIF2C;DEPDC1;KIF18B;ZW10;KIF22;TACC3;STAG1;CCP110;KIF4A;STMN1;TRIP13;AURKB;EXOSC8;PDS5B;EZH2;CDK1;MCM2;USP1;TP53;MELK;ANP32E;CIT;PLK1;HELLS;ORC6;PPP1R8;TMPO;SPC24;MLH1;POLA2;MXD3;CDC20;NUP107;ASF1B;CDKN2C;UNG;RFC3;NUP205;PCNA;E2F8;UBE2T;CDCA3;CDC25B;H2AFX;POLD1;GINS3;POLE4;PPM1D;TIMELESS;PMS2;RBBP7;SUV39H1;MAD2L1;RACGAP1	HCC38	PMF1	94	1666	36601	mean_log_expr_perturbed_minus_control	False	H	Proliferation / cell cycle	E2F Targets	HALLMARK_E2F_TARGETS	HCC38 / PMF1	8	Tier 1	benchmark-relevant anchor	8	HCC1143	-0.08024009603841536	0.82	50
HALLMARK_G2M_CHECKPOINT	0.457972795951552	1.34274447406827	0.0026962096588613	up	200	193	0.0136165577342048	0.431707695803346	AURKA;TPX2;CENPF;CENPE;CKS2;SMC4;TOP2A;NUSAP1;MKI67;LMNB1;BRCA2;KPNA2;KIF20B;HMMR;KIF23;CCNB2;KIF2C;UBE2C;TGFB1;KIF22;TACC3;DTYMK;STAG1;TTK;INCENP;TNPO2;KIF4A;STMN1;AURKB;POLQ;NDC80;PDS5B;RPS6KA5;YTHDC1;EZH2;KIF11;CDK1;NUP98;MCM2;MTF2;CDC27;MEIS2;PLK1;ORC6;CCNA2;SRSF10;TMPO;KIF15;EGF;SAP30;PRMT5;PBK;POLA2;CDC20;CCNF;GINS2;DBF4;CDKN2C;PRC1;BUB1;FOXN3;CDC25B;H2AFX;WRN;NEK2;FBXO5;SUV39H1;MAD2L1;RACGAP1;HIRA	HCC38	PMF1	94	1666	36601	mean_log_expr_perturbed_minus_control	False	H	Proliferation / cell cycle	G2M Checkpoint	HALLMARK_G2M_CHECKPOINT	HCC38 / PMF1	8	Tier 1	benchmark-relevant anchor	9	HCC1143	-0.08024009603841536	0.82	50
HALLMARK_MYC_TARGETS_V1	-0.814195729595307	-1.72346712027928	1e-10	down	200	197	5e-09		RPS6;SET;SERBP1;RPL18;RANBP1;PHB;RPS3;EEF1B2;RPS2;RPL14;RPLP0;HSP90AB1;EPRS;XRCC6;NPM1;RSL1D1;LDHA;RPS5;NOLC1;HNRNPA1;KPNB1;PTGES3;PSMD8;NME1;EIF3J;PA2G4;ACP1;HNRNPR;TUFM;RPL34;UBE2L3;IARS;SRM;HDGF;COX5A;RNPS1;HNRNPU;PCBP1;SSBP1;HSPD1;HNRNPA3;DDX18;UBA2;FAM120A;APEX1;EIF2S2;CCT7;CNBP;LSM2;PSMA7;G3BP1;PHB2;DEK;YWHAE;DDX21;RPL22;HNRNPC;SNRPG;PSMA4;PSMA2;KARS;CCT5;STARD7;FBL;NAP1L1;HNRNPD;EIF3D;SRSF3;EXOSC7;XPOT;MRPL23;YWHAQ;CCT4;XPO1;COPS5;BUB3;EIF4A1;C1QBP;EIF3B;EIF4E;ODC1;LSM7;POLD2;H2AFZ;VDAC3;PPM1G;EIF4G2;TFDP1;HSPE1;PABPC1;SLC25A3;RPL6;ETF1;SRSF2;SYNCRIP;SNRPD1;GNL3;PRDX4;SNRPA1;EIF1AX;PSMA1;CCT2;SSB;CCT3;NHP2;TRA2B;VDAC1;MCM4;PWP1;ILF2;MCM5;CUL1;SNRPD3;RAN;HNRNPA2B1;SNRPD2;PABPC4;MYC;MRPS18B;CBX3;RPS10;NDUFAB1;HPRT1;GSPT1;AP3S1;TARDBP;PRPF31;RUVBL2;POLE3;PSMD14;MCM7	HCC38	PMF1	94	1666	36601	mean_log_expr_perturbed_minus_control	False	H	Proliferation / cell cycle	Myc Targets V1	HALLMARK_MYC_TARGETS_V1	HCC38 / PMF1	8	Tier 1	benchmark-relevant anchor	10	HCC1143	-0.08024009603841536	0.82	50
HALLMARK_HYPOXIA	-0.607079968171375	-1.28334092799841	0.0178117048346056	down	200	191	0.0472003103582051	0.108256440008936	IER3;GAPDH;TPI1;LDHA;TPD52;PRKCA;KLF6;MIF;CAV1;TGFBI;MYH9;ENO1;PFKP;NEDD4L;PAM;P4HA1;AKAP12;EXT1;ANKZF1;NFIL3;PGM2;ANXA2;EGFR;MAP3K1;KDM3A;IDS;SLC25A1;CITED2;HSPA5;ANGPTL4;FOXO3;ENO2;F3;SCARB1;HK1;ALDOA;NDST1;VEGFA;PLAUR;PPP1R15A;TES;WSB1;FAM162A;PFKFB3;ZNF292;DDIT3;DDIT4;HOXB9;JUN;COL5A1;KLF7;STC2;SLC2A1;MXI1;GBE1;AMPD3;PDGFB;NR3C1;GCNT2;UGP2;GRHPR;FOS;ATF3;JMJD6;MT2A;GLRX;ETS1;CDKN1B;RORA;NAGK;GALK1;TMEM45A;KDELR3;XPNPEP1;PGM1	HCC38	PMF1	94	1666	36601	mean_log_expr_perturbed_minus_control	False	H	Proteostasis / stress	Hypoxia	HALLMARK_HYPOXIA	HCC38 / PMF1	8	Tier 1	benchmark-relevant anchor	11	HCC1143	-0.08024009603841536	0.82	50
HALLMARK_REACTIVE_OXIGEN_SPECIES_PATHWAY	-0.802837685004855	-1.53926728848985	0.0004092982993658	down	49	46	0.0050712306472179	0.49849310876659	MGST1;FTL;NQO1;PRDX1;GPX4;GCLM;PRDX6;PFKP;SOD2;TXN;NDUFB4;MBP;PRDX4;ERCC2;G6PD;SBNO2;OXSR1;PDLIM1;GCLC;PRNP;NDUFS2;GPX3;HMOX2;ABCC1;GLRX;TXNRD1;ATOX1;SRXN1;JUNB;NDUFA6;EGLN2;SOD1;GSR;SCAF4;TXNRD2;MSRA	HCC38	PMF1	94	1666	36601	mean_log_expr_perturbed_minus_control	False	H	Proteostasis / stress	Reactive Oxigen Species Pathway	HALLMARK_REACTIVE_OXIGEN_SPECIES_PATHWAY	HCC38 / PMF1	8	Tier 1	benchmark-relevant anchor	12	HCC1143	-0.08024009603841536	0.82	50
HALLMARK_UNFOLDED_PROTEIN_RESPONSE	-0.687574408626608	-1.41746657151217	0.0032679738562091	down	113	109	0.0136165577342048	0.260820567718869	PDIA6;KIF5B;RPS14;NPM1;EIF4EBP1;NOLC1;SERP1;SLC7A5;DCTN1;HSPA9;KHSRP;IARS;YIF1A;EEF2;CALR;BANF1;SEC31A;HERPUD1;SPCS1;SEC11A;TUBB2A;XPOT;CEBPB;EIF4A1;EIF4A2;EIF4E;NOP14;LSM1;EIF4G1;EIF4A3;EXOC2;NHP2;EXOSC4;XBP1;HSPA5;CNOT4;SSR1;DKC1;TARS;CNOT6;VEGFA;TTC37;FKBP14;ATF4;DDIT4;ALDH18A1;EXOSC9;HSP90B1;SRPRB;STC2;GEMIN4;CEBPG;NOP56;ATF3;HYOU1;NFYA	HCC38	PMF1	94	1666	36601	mean_log_expr_perturbed_minus_control	False	H	Proteostasis / stress	Unfolded Protein Response	HALLMARK_UNFOLDED_PROTEIN_RESPONSE	HCC38 / PMF1	8	Tier 1	benchmark-relevant anchor	13	HCC1143	-0.08024009603841536	0.82	50
HALLMARK_EPITHELIAL_MESENCHYMAL_TRANSITION	-0.656613817251539	-1.38905446836833	0.0006383626471194	down	200	195	0.0053196887259958	0.477270815362862	PMEPA1;PPIB;TPM1;TPM2;DKK1;FLNA;CALD1;CD44;TPM4;PLOD2;LGALS1;TNC;DST;TGFBI;CDH2;ANPEP;COL4A2;ITGB1;FERMT2;PLOD1;VEGFC;EMP3;THBS1;TNFRSF12A;MEST;COPA;LAMA2;MMP2;PDLIM4;INHBA;SAT1;SFRP1;PLOD3;FSTL3;ADAM12;CALU;VIM;ITGAV;ITGA2;IL32;ENO2;BASP1;COL6A2;SERPINH1;PVR;LAMC2;VEGFA;PLAUR;SLIT2;MCM7;JUN;COL5A1;COL12A1;FBLN1;SLC6A8;CAP2	HCC38	PMF1	94	1666	36601	mean_log_expr_perturbed_minus_control	False	H	State remodeling	Epithelial Mesenchymal Transition	HALLMARK_EPITHELIAL_MESENCHYMAL_TRANSITION	HCC38 / PMF1	8	Tier 1	benchmark-relevant anchor	14	HCC1143	-0.08024009603841536	0.82	50
HALLMARK_APOPTOSIS	0.372528013226348	0.971332880495554	0.518931426167438	up	161	158	0.716542398584608	0.0252136619638632	KRT18;TOP2A;SAT1;HMGB2;VDAC2;CTNNB1;ISG20;RELA;LMNA;TAP1;BTG3;MMP2;ETF1;ROCK1;SOD2;DAP3;CASP2;BNIP3L;GSR;DAP;SOD1;CDC25B;ADD1;BCAP31;GADD45B;H1F0;BID;TIMP2;PSEN2;GPX4;DNAJA1;PLAT;PEA15;IRF1;WEE1;CDK2	HCC38	PRPF6	25	1666	36601	mean_log_expr_perturbed_minus_control	False	H	Cell death / stress	Apoptosis	HALLMARK_APOPTOSIS	HCC38 / PRPF6	9	Tier 1	benchmark-relevant anchor	0	HCC1143	-0.10953181272509004	0.48	50
HALLMARK_P53_PATHWAY	0.441993088288545	1.17608146068086	0.0876202425763279	up	200	196	0.486779125424044	0.0690309620756281	S100A10;PMM1;BTG1;HIST1H1C;SAT1;EPHX1;H2AFJ;PLK2;TP53;CSRNP2;TAP1;CTSD;TRIB3;HINT1;ZFP36L1;HEXIM1;RB1;ZMAT3;TAX1BP3;WWP1;RPS27L;ADA;HDAC3;SLC7A11;ISCU;NUPR1;OSGIN1;MXD4;FOXO3;TPRKB;CCNK;SFN;NOTCH1;POLH;RRAD;CGRRF1;FUCA1;PLXNB2;SLC3A2;PLK3;EPHA2;SLC19A2;SOCS1;AK1;S100A4;FOS;DRAM1;SEC61A1;RGS16;PHLDA3;ZNF365;POM121;RPS12;WRAP73	HCC38	PRPF6	25	1666	36601	mean_log_expr_perturbed_minus_control	False	H	Cell death / stress	P53 Pathway	HALLMARK_P53_PATHWAY	HCC38 / PRPF6	9	Tier 1	benchmark-relevant anchor	1	HCC1143	-0.10953181272509004	0.48	50
HALLMARK_TNFA_SIGNALING_VIA_NFKB	0.345756179676378	0.920367249935259	0.698180297008994	up	200	197	0.775755885565549	0.0203839313943452	BTG1;SAT1;TUBB2A;PHLDA1;CXCL1;NFKBIA;AREG;PLK2;NFKB1;RELA;TAP1;CEBPB;BTG3;NAMPT;SOD2;PHLDA2;BHLHE40;GADD45B;NFE2L2;IFNGR2;EHD1;LAMB3;EIF1;DDX58;NR4A3;PLAUR;FOSL2;SERPINB8;CLCF1;IL6ST;BCL6;IRF1;TNFAIP2;ZC3H12A;FOS;GEM;PNRC1;DRAM1;IL7R;FOSB;IL15RA;SOCS3;TANK;NR4A2;SMAD3;CFLAR;CCND1;KDM6B;MARCKS;PANX1;TGIF1	HCC38	PRPF6	25	1666	36601	mean_log_expr_perturbed_minus_control	False	H	Cell death / stress	Tnfa Signaling Via Nfkb	HALLMARK_TNFA_SIGNALING_VIA_NFKB	HCC38 / PRPF6	9	Tier 1	benchmark-relevant anchor	2	HCC1143	-0.10953181272509004	0.48	50
HALLMARK_INTERFERON_ALPHA_RESPONSE	0.336315867174766	0.825096477718552	0.890236253397449	up	97	93	0.890236253397449	0.0167554370344274	PSMB8;PSME1;ISG20;TAP1;HLA-C;IFI44;ADAR;TDRD7;NUB1;TRIM26;PSME2;ELF1;IRF2;MX1;IRF1;LY6E	HCC38	PRPF6	25	1666	36601	mean_log_expr_perturbed_minus_control	False	H	Inflammatory / interferon	Interferon Alpha Response	HALLMARK_INTERFERON_ALPHA_RESPONSE	HCC38 / PRPF6	9	Tier 1	benchmark-relevant anchor	3	HCC1143	-0.10953181272509004	0.48	50
HALLMARK_INTERFERON_GAMMA_RESPONSE	0.434994576314663	1.15808632725884	0.107225130890052	up	200	198	0.487386958591147	0.0621371046981612	MT2A;BTG1;SRI;ARL4A;NFKBIA;PSMB8;HIF1A;NFKB1;PSME1;SSPN;ISG20;TAP1;SAMHD1;STAT1;NAMPT;IFI44;SOD2;ADAR;MTHFD2;MYD88;SPPL2A;TDRD7;NLRC5;TRIM26;PSME2;PSMB2;DDX58;HLA-DMA;STAT3;NCOA3;MARCH1;IRF2;C1R;MX1;IRF1;TNFAIP2;LY6E;SOCS1	HCC38	PRPF6	25	1666	36601	mean_log_expr_perturbed_minus_control	False	H	Inflammatory / interferon	Interferon Gamma Response	HALLMARK_INTERFERON_GAMMA_RESPONSE	HCC38 / PRPF6	9	Tier 1	benchmark-relevant anchor	4	HCC1143	-0.10953181272509004	0.48	50
HALLMARK_GLYCOLYSIS	-0.359515989398835	-0.951341654031337	0.580447675530897	down	200	198	0.716542398584608	0.0218632431487777	EXT1;EGFR;PLOD2;RBCK1;ME1;HDLBP;IER3;NDUFV3;FKBP4;B4GALT2;HS2ST1;TGFBI;ANGPTL4;CD44;SLC16A3;RARS;AK3;AGRN;ALG1;PDK3;GOT2;ME2;PMM2;B4GALT1;TXN;CHST12;IDH1;NASP;XYLT2;ANKZF1;GFPT1;HOMER1;PAM;GNPDA1;FAM162A;NSDHL;PAXIP1;SOX9;DLD;PGAM1;SRD5A3;NOL3;COG2;BPNT1;GALK2;ECD;QSOX1;HK2;RPE;CHPF2;SLC37A4;GALE;KDELR3;EGLN3;SDC2;GYS1;SPAG4	HCC38	PRPF6	25	1666	36601	mean_log_expr_perturbed_minus_control	False	H	Metabolic state	Glycolysis	HALLMARK_GLYCOLYSIS	HCC38 / PRPF6	9	Tier 1	benchmark-relevant anchor	5	HCC1143	-0.10953181272509004	0.48	50
HALLMARK_MTORC1_SIGNALING	-0.43166729222319	-1.14165085005859	0.140229885057471	down	200	196	0.584291187739464	0.0513538397141682	PLOD2;HSPE1;CTSC;ME1;WARS;SDF2L1;PSMC6;RDH11;ACTR3;POLR3G;SERP1;GMPS;HPRT1;PNO1;MCM4;SLC1A5;IDI1;ACACA;SSR1;NFIL3;EEF1E1;PSMD14;HSPD1;HMGCS1;ADIPOR2;CALR;PSMD12;ELOVL6;IFI30;PSMA3;EPRS;FADS1;TOMM40;PGM1;ARPC5L;PFKL;ABCF2;HSPA9;MCM2;RRP9;TFRC;IDH1;CYB5B;DDIT3;ACTR2;FKBP2;RPN1;ACLY;CCNG1;LDLR;IFRD1;SQLE;FADS2;SORD;ATP6V1D;GLA;EBP;GTF2H1;DHFR;CCT6A;YKT6;CDC25A;SEC11A;TXNRD1;FDXR;PSMD13;ELOVL5;SKAP2;STIP1;RPA1;PNP;HK2;IGFBP5;PSPH;SLC37A4;HSP90B1	HCC38	PRPF6	25	1666	36601	mean_log_expr_perturbed_minus_control	False	H	Metabolic state	Mtorc1 Signaling	HALLMARK_MTORC1_SIGNALING	HCC38 / PRPF6	9	Tier 1	benchmark-relevant anchor	6	HCC1143	-0.10953181272509004	0.48	50
HALLMARK_OXIDATIVE_PHOSPHORYLATION	0.448500568274808	1.18640616015439	0.0849590937696665	up	200	183	0.486779125424044	0.0702666782298212	COX17;SUCLG1;VDAC2;NDUFB3;MGST3;NDUFA7;SDHC;IDH2;COX7A2;VDAC3;COX6C;CYB5R3;POLR2F;LDHA;ATP6V1H;OAT;SLC25A5;ACAA2;AIFM1;IDH3A;UQCR11;SLC25A3;ATP6V1E1;COX5B;NDUFS6;UQCRH;ATP6V0E1;NDUFA5;NDUFS4;MRPS30;TIMM10;MRPS15;NDUFB7;NDUFS3;ISCU;MRPL11;IMMT;BDH2;MDH1;VDAC1;NDUFB5;NDUFB4;OXA1L;SLC25A20;UQCRC2;MRPS11;CYCS;MTRF1;GPX4;BCKDHA;NDUFC1;NDUFV1;ECHS1;SLC25A11;UQCRQ;PRDX3;NDUFA9;SUPV3L1;COX6A1;CS;DLST;ALAS1	HCC38	PRPF6	25	1666	36601	mean_log_expr_perturbed_minus_control	False	H	Metabolic state	Oxidative Phosphorylation	HALLMARK_OXIDATIVE_PHOSPHORYLATION	HCC38 / PRPF6	9	Tier 1	benchmark-relevant anchor	7	HCC1143	-0.10953181272509004	0.48	50
HALLMARK_E2F_TARGETS	0.566197026534281	1.5065706764285	0.000395934387325	up	200	196	0.0127202706476607	0.49849310876659	DLGAP5;HMMR;RAN;TOP2A;RACGAP1;CENPE;HMGB2;CKS1B;CIT;PTTG1;MYBL2;MAD2L1;CKS2;CDC20;H2AFZ;CDCA8;KIF2C;SNRPB;TK1;TP53;SMC4;RANBP1;DEK;CDK1;CDCA3;NCAPD2;STAG1;KPNA2;PRIM2;TACC3;PA2G4;CCNB2;SPC24;PSIP1;GSPT1;KIF22;NUP205;MTHFD2;CENPM;POLD3;BUB1B;PLK1;KIF18B;CSE1L;AURKB;ANP32E;CDC25B;TUBB;LIG1;CDKN3;UBE2S;NUP107;NUDT21;BIRC5;SPAG5;AURKA;CTCF;POLD1;DDX39A;PRPS1;MXD3;KIF4A;ORC6;MLH1;MCM3;ESPL1;POLE;GINS3;CDKN2C;STMN1;DONSON;POLE4;RFC3;SRSF2;DEPDC1;MCM5;TRIP13;CHEK2;TUBG1;ZW10;RRM2;MCM7;SRSF1;WDR90;LUC7L3;MSH2;MKI67;RFC2;WEE1;UBR7;RNASEH2A;H2AFX;UNG	HCC38	PRPF6	25	1666	36601	mean_log_expr_perturbed_minus_control	False	H	Proliferation / cell cycle	E2F Targets	HALLMARK_E2F_TARGETS	HCC38 / PRPF6	9	Tier 1	benchmark-relevant anchor	8	HCC1143	-0.10953181272509004	0.48	50
HALLMARK_G2M_CHECKPOINT	0.569921290717947	1.51536607645257	0.0005088108259064	up	200	193	0.0127202706476607	0.477270815362862	TPX2;MT2A;H2AFV;UBE2C;HMMR;TOP2A;SMC2;RACGAP1;CENPE;HMGN2;PBK;NUSAP1;CENPF;CKS1B;PTTG1;MYBL2;MAD2L1;CKS2;CDC20;PRC1;SAP30;H2AFZ;KIF2C;HIF1A;KIF5B;MTF2;KIF20B;DTYMK;SMC4;CDK1;NEK2;NDC80;STAG1;KPNA2;PRIM2;HIST1H2BK;ARID4A;TTK;TACC3;KIF11;CCNB2;E2F3;GSPT1;KIF22;CUL5;PLK1;AURKB;CDC25B;SFPQ;CDKN3;UBE2S;BIRC5;DMD;AURKA;CTCF;CCNT1;DDX39A;TROAP;INCENP;KIF4A;KIF23;CDC7;ORC6;CCNF;MCM3;ESPL1;SLC12A2;WRN;SNRPD1;SLC7A5;POLE;DR1;EWSR1;POLQ;CDKN2C;SRSF10;STMN1;SRSF2;CUL4A;MCM5;CDC45	HCC38	PRPF6	25	1666	36601	mean_log_expr_perturbed_minus_control	False	H	Proliferation / cell cycle	G2M Checkpoint	HALLMARK_G2M_CHECKPOINT	HCC38 / PRPF6	9	Tier 1	benchmark-relevant anchor	9	HCC1143	-0.10953181272509004	0.48	50
HALLMARK_MYC_TARGETS_V1	-0.392646611767238	-1.03846167356848	0.330779544148631	down	200	197	0.674360453933449	0.0315818918142659	DDX18;HNRNPU;HSPE1;C1QBP;KPNB1;PSMC6;STARD7;RAD23B;EEF1B2;SET;HPRT1;IARS;TXNL4A;DHX15;MCM4;AIMP2;CAD;CUL1;EIF4H;SSB;NME1;FAM120A;PSMD14;SMARCC1;MYC;NCBP1;HSPD1;EPRS;HNRNPD;RPS10;SF3B3;RSL1D1;IMPDH2;HNRNPA3;KARS;GOT2;SERBP1;USP1;ILF2;DUT;PHB2;CSTF2;MCM2;RRP9;RUVBL2;CNBP;POLD2;NCBP2;TCP1;CCT2;IFRD1;NOLC1;ODC1;XPO1;UBE2L3;RPS2;NAP1L1;SYNCRIP;COX5A;HNRNPC;MRPL23;RPL34;RPL18;RPS5;SRSF7;SF3A1;PCNA;SNRPD2;TFDP1;PCBP1;RNPS1;NDUFAB1;MCM6;TRA2B;NOP16	HCC38	PRPF6	25	1666	36601	mean_log_expr_perturbed_minus_control	False	H	Proliferation / cell cycle	Myc Targets V1	HALLMARK_MYC_TARGETS_V1	HCC38 / PRPF6	9	Tier 1	benchmark-relevant anchor	10	HCC1143	-0.10953181272509004	0.48	50
HALLMARK_HYPOXIA	0.361344536287785	0.960240731321146	0.561872909698997	up	200	191	0.716542398584608	0.0237978229280564	MT2A;BTG1;PRDX5;MT1E;UGP2;SAP30;NR3C1;SULT2B1;P4HA1;GCNT2;ISG20;PLIN2;LDHA;MIF;GAPDH;NAGK;GLRX;BNIP3L;TPI1;BHLHE40;LXN;STBD1;HEXA;FOXO3;IDS;ANXA2;SLC6A6;MXI1;PDK1;PLAUR;FOSL2;WSB1;AK4;ENO1;B3GALT6;SCARB1;S100A4;FOS;KIF5A;GBE1;XPNPEP1;PNRC1	HCC38	PRPF6	25	1666	36601	mean_log_expr_perturbed_minus_control	False	H	Proteostasis / stress	Hypoxia	HALLMARK_HYPOXIA	HCC38 / PRPF6	9	Tier 1	benchmark-relevant anchor	11	HCC1143	-0.10953181272509004	0.48	50
HALLMARK_REACTIVE_OXIGEN_SPECIES_PATHWAY	0.494828697060375	1.09141439605222	0.299173553719008	up	49	46	0.674360453933449	0.0350682118590514	CDKN2D;MGST1;G6PD;SBNO2;PRDX1;GLRX;SOD2;NQO1;GSR;SOD1;ATOX1;GCLM;NDUFB4;SCAF4;GPX4;MSRA	HCC38	PRPF6	25	1666	36601	mean_log_expr_perturbed_minus_control	False	H	Proteostasis / stress	Reactive Oxigen Species Pathway	HALLMARK_REACTIVE_OXIGEN_SPECIES_PATHWAY	HCC38 / PRPF6	9	Tier 1	benchmark-relevant anchor	12	HCC1143	-0.10953181272509004	0.48	50
HALLMARK_UNFOLDED_PROTEIN_RESPONSE	-0.403540712414342	-1.00118859927464	0.434526075371146	down	113	109	0.690242226934679	0.0265283764302759	DCTN1;EXOSC1;DNAJC3;DDX10;SERP1;IARS;EIF4A2;SSR1;PDIA6;CALR;LSM1;EXOC2;EXOSC2;DNAJA4;HSPA9;CNOT6;IMP3;TTC37;RRP9;DCP1A;ERN1;EEF2;KHSRP;SEC31A;PREB;NOLC1;NOP14;RPS14;SEC11A;YWHAZ;ALDH18A1;ATF3;BAG3;ZBTB17;HSP90B1;KDELR3;ATF6;PDIA5;HYOU1;EIF4G1;CEBPG	HCC38	PRPF6	25	1666	36601	mean_log_expr_perturbed_minus_control	False	H	Proteostasis / stress	Unfolded Protein Response	HALLMARK_UNFOLDED_PROTEIN_RESPONSE	HCC38 / PRPF6	9	Tier 1	benchmark-relevant anchor	13	HCC1143	-0.10953181272509004	0.48	50
HALLMARK_EPITHELIAL_MESENCHYMAL_TRANSITION	-0.429063270276296	-1.13324714563362	0.153298711290633	down	200	195	0.589610428040896	0.0490409715974691	PFN2;TPM1;CALD1;ANPEP;LAMA2;TGM2;TIMP1;PLOD2;SERPINE2;FLNA;ITGB1;CDH2;MYL9;FERMT2;MYLK;SCG2;TPM4;INHBA;SFRP1;TGFBI;CD44;WIPF1;VIM;MEST;PTX3;CAP2;TNC;LAMC2;IGFBP4;GLIPR1;GADD45A;CALU;IL32;FAP;COL6A3;PDLIM4;COL6A2;JUN;SPOCK1;CAPG;FAS;QSOX1;ACTA2;SLC6A8;TNFRSF12A;COL4A1;TNFAIP3;FN1;SDC4;COL4A2;PLOD3;GPX7;PCOLCE2;ITGA5;PMEPA1;PMP22;FBLN1	HCC38	PRPF6	25	1666	36601	mean_log_expr_perturbed_minus_control	False	H	State remodeling	Epithelial Mesenchymal Transition	HALLMARK_EPITHELIAL_MESENCHYMAL_TRANSITION	HCC38 / PRPF6	9	Tier 1	benchmark-relevant anchor	14	HCC1143	-0.10953181272509004	0.48	50
HALLMARK_APOPTOSIS	0.399941682195376	1.06429420360432	0.244504021447721	up	161	158	0.509383378016086	0.0660400458643362	SQSTM1;TIMP1;JUN;GSN;GPX4;IRF1;XIAP;SAT1;APP;MMP2;CCND1;SPTAN1;TXNIP;BCL10;ADD1;ISG20;CASP6;CTNNB1;PEA15;DDIT3;LMNA;DNM1L;MGMT;KRT18;DPYD;ERBB3;CREBBP;IER3;CASP3;PPP3R1;H1F0;PMAIP1;CLU;RARA;ANXA1;DAP3;DNAJC3;EBP;CASP4;LGALS3	HCC38	ZNF131	118	1666	36601	mean_log_expr_perturbed_minus_control	False	H	Cell death / stress	Apoptosis	HALLMARK_APOPTOSIS	HCC38 / ZNF131	10	Tier 1	benchmark-relevant anchor	0	HCC1143	0.39476590636254505	0.58	50
HALLMARK_P53_PATHWAY	0.442164342211838	1.20200072302714	0.0544135429262394	up	200	196	0.247334286028361	0.151812881287453	S100A10;PERP;DNTTIP2;SLC3A2;TP53;H2AFJ;JUN;DCXR;BTG1;FBXW7;EPHX1;SAT1;NUPR1;APP;CDKN2AIP;TOB1;RB1;ZNF365;TXNIP;MXD4;IRAK1;VAMP8;DDIT3;SFN;HINT1;HEXIM1;TRAF4;S100A4;IER3;TGFA;TM7SF3;CCNK;TSC22D1;MDM2;SERPINB5;IP6K2;IFI30;SLC35D1;FOS;PHLDA3;PLK2;AK1;PLK3;NOL8;RCHY1;ACVR1B;XPC;RETSAT;MXD1;TRAFD1;ST14;NDRG1	HCC38	ZNF131	118	1666	36601	mean_log_expr_perturbed_minus_control	False	H	Cell death / stress	P53 Pathway	HALLMARK_P53_PATHWAY	HCC38 / ZNF131	10	Tier 1	benchmark-relevant anchor	1	HCC1143	0.39476590636254505	0.58	50
HALLMARK_TNFA_SIGNALING_VIA_NFKB	0.431128314765651	1.1729517495453	0.0725513905683192	up	200	197	0.295070782875661	0.131183404131763	PMEPA1;SQSTM1;TNC;PHLDA2;JUN;NFE2L2;BTG1;IER2;AREG;IRF1;TIPARP;SGK1;CXCL6;SAT1;CCND1;LAMB3;REL;DNAJB4;HES1;BHLHE40;IER3;TRIB1;CXCL1;MAP2K3;B4GALT1;TSC22D1;BIRC2;IL15RA;VEGFA;RIPK2;G0S2;NFIL3;EGR1;PHLDA1;FOS;PLK2;PLAUR;GEM;NR4A2;EDN1;BCL6;SLC2A6;EFNA1;MXD1;NFKBIA;BCL3;RHOB;CD44;PNRC1;TNIP1;EGR2;TNF;TNFAIP6;SERPINB8;ZC3H12A;IFIH1;SPHK1;IL6;DUSP1;TNFSF9;MAP3K8;SDC4;IFIT2;CXCL3;SPSB1	HCC38	ZNF131	118	1666	36601	mean_log_expr_perturbed_minus_control	False	H	Cell death / stress	Tnfa Signaling Via Nfkb	HALLMARK_TNFA_SIGNALING_VIA_NFKB	HCC38 / ZNF131	10	Tier 1	benchmark-relevant anchor	2	HCC1143	0.39476590636254505	0.58	50
HALLMARK_INTERFERON_ALPHA_RESPONSE	0.607424371460725	1.51519617486054	0.0060589018830009	up	97	93	0.0504908490250075	0.407017918923954	B2M;ISG15;PSME1;IRF1;IFI35;EIF2AK2;IRF2;IFI44;CD47;HLA-C;USP18;TXNIP;TRIM26;SP110;ISG20;HERC6;NMI;MX1;IFI30;RIPK2;PARP9;IRF9;TRIM5;UBE2L6;GMPR;IL7;PSMB8;LAP3;CASP8;OAS1;NCOA7;TRAFD1;MOV10;C1S;OASL;CNP;IFI27;IFIH1;LAMP3;IFIT2	HCC38	ZNF131	118	1666	36601	mean_log_expr_perturbed_minus_control	False	H	Inflammatory / interferon	Interferon Alpha Response	HALLMARK_INTERFERON_ALPHA_RESPONSE	HCC38 / ZNF131	10	Tier 1	benchmark-relevant anchor	3	HCC1143	0.39476590636254505	0.58	50
HALLMARK_INTERFERON_GAMMA_RESPONSE	0.458106643905237	1.2472944623703	0.0328467153284672	up	200	198	0.164233576642336	0.196710025346243	B2M;ISG15;ARID5B;PSME1;BTG1;IRF1;IFI35;EIF2AK2;IRF2;IFI44;USP18;TXNIP;TRIM26;SP110;ISG20;NCOA3;VAMP8;HLA-B;HERC6;SAMHD1;ZNFX1;CASP3;SRI;JAK2;NMI;PTPN6;MX1;IL15RA;MYD88;SSPN;MX2;IFI30;METTL7B;RIPK2;IRF9;PLA2G4A;UBE2L6;CASP4;STAT3;IL7;HIF1A;PTPN2;PSMB8;LAP3;CASP8;EIF4E3;NFKBIA;TRAFD1;C1S;PSMB10;C1R;BPGM;OASL;MVP;TNFAIP6;IFI27;HLA-DMA;IFIH1;RIPK1;IL6;SPPL2A;IFIT2	HCC38	ZNF131	118	1666	36601	mean_log_expr_perturbed_minus_control	False	H	Inflammatory / interferon	Interferon Gamma Response	HALLMARK_INTERFERON_GAMMA_RESPONSE	HCC38 / ZNF131	10	Tier 1	benchmark-relevant anchor	4	HCC1143	0.39476590636254505	0.58	50
HALLMARK_GLYCOLYSIS	-0.389910743792441	-0.91119236860936	0.691194065565925	down	200	198	0.827615709890255	0.0123365364638994	STMN1;HMMR;NASP;AURKA;KIF2A;PLOD1;FKBP4;SAP30;ZNF292;EXT1;MET;DEPDC1;ALDH7A1;PLOD2;MDH2;PGAM1;B4GALT2;CENPA;ENO1;PYGL;ME2;POLR3K;COPB2;AGL;TPST1;UGP2;ME1;CDK1;TXN;SDHC;CLN6;GALE;HS2ST1;P4HA2;TALDO1;SDC1;EGLN3;ANGPTL4;B3GALT6;DLD;KIF20A;PAXIP1;SLC37A4;GPC1;G6PD;GNE;IRS2;FUT8;RBCK1;PC;EGFR;LHPP;MDH1;GOT2;PHKA2;ALDH9A1;CHST4;ADORA2B;TPI1;GUSB;GOT1;MXI1;PPIA;SLC25A13;CHPF;ECD;NSDHL;PFKP;COL5A1;PMM2;DDIT4;EFNA3	HCC38	ZNF131	118	1666	36601	mean_log_expr_perturbed_minus_control	False	H	Metabolic state	Glycolysis	HALLMARK_GLYCOLYSIS	HCC38 / ZNF131	10	Tier 1	benchmark-relevant anchor	5	HCC1143	0.39476590636254505	0.58	50
HALLMARK_MTORC1_SIGNALING	-0.565671417410358	-1.32108735460138	0.0221609966459032	down	200	196	0.123116648032796	0.105228221404324	HSPD1;HSPE1;TOMM40;TXNRD1;SQLE;ARPC5L;CANX;EPRS;CCT6A;PSMA3;CACYBP;AURKA;SEC11A;PSMC6;TUBA4A;EIF2S2;CCNF;NUFIP1;HSP90B1;MTHFD2;GMPS;PLK1;PITPNB;NAMPT;MCM4;SLC9A3R1;TFRC;CYP51A1;PDAP1;PSMA4;BUB1;PLOD2;HSPA9;PNO1;RPA1;PSMG1;PSMD12;ENO1;CTSC;PNP;POLR3G;IDI1;HSPA4;CALR;TMEM97;ME1;NFKBIB;COPS5;WARS;MCM2;PSMB5;UCHL5;TRIB3;SORD;SCD;CYB5B;SRD5A1;RRM2;HMGCS1;LDLR;UNG;IFRD1;DHCR7;TBK1;TUBG1;PSMD13;ACACA;EEF1E1;PSMD14;ABCF2;EGLN3;STIP1;FADS1;PGM1;TCEA1;ADIPOR2;SSR1;PPP1R15A;ACLY;FADS2;GTF2H1;SLC37A4;SLC7A11;MTHFD2L;G6PD;SHMT2;PRDX1;HMGCR	HCC38	ZNF131	118	1666	36601	mean_log_expr_perturbed_minus_control	False	H	Metabolic state	Mtorc1 Signaling	HALLMARK_MTORC1_SIGNALING	HCC38 / ZNF131	10	Tier 1	benchmark-relevant anchor	6	HCC1143	0.39476590636254505	0.58	50
HALLMARK_OXIDATIVE_PHOSPHORYLATION	0.400687383400183	1.08162296437858	0.201527614571093	up	200	183	0.458017305843393	0.0766084781008854	ATP1B1;SLC25A4;IDH3G;NDUFA1;NDUFB4;MGST3;ETFB;COX17;IDH3B;GPX4;NDUFA3;NDUFB8;NDUFB2;NDUFS2;COX6B1;ATP6V0E1;ACAA1;UQCRQ;NDUFA4;ECI1;NDUFS4;COX6A1;ATP6V1G1;COX6C;SURF1;DECR1;NDUFB7;UQCR11;RHOT1;COX7B;FH;OAT;COX4I1;COX11;ACO2;LDHA;PDHX;NDUFS8;NDUFA8;SLC25A11;MRPL34;ACADVL;ABCB7;POLR2F;NDUFA9;UQCRC1;COX10;NDUFS7;ACAA2;IDH2;IDH3A;NDUFV2;ECH1;SUPV3L1;ETFDH;SLC25A3;COX8A;ATP6V1H;RETSAT;CYB5A;ATP6V1D;COX7A2;GPI	HCC38	ZNF131	118	1666	36601	mean_log_expr_perturbed_minus_control	False	H	Metabolic state	Oxidative Phosphorylation	HALLMARK_OXIDATIVE_PHOSPHORYLATION	HCC38 / ZNF131	10	Tier 1	benchmark-relevant anchor	7	HCC1143	0.39476590636254505	0.58	50
HALLMARK_E2F_TARGETS	-0.841017176818041	-1.96413876165651	1e-10	down	200	196	1.66666666666667e-09		HMGA1;TUBB;RANBP1;H2AFZ;RFC1;HMGB2;CKS1B;CDKN3;BIRC5;ATAD2;TOP2A;EIF2S1;MKI67;DLGAP5;PA2G4;DEK;STMN1;CSE1L;RAN;UBE2S;CKS2;HMMR;LYAR;KPNA2;PTTG1;SRSF2;CENPE;HNRNPD;SMC4;NASP;DCTPP1;SSRP1;BRCA2;AURKA;USP1;KIF18B;NCAPD2;NAP1L1;TMPO;GSPT1;UBE2T;IPO7;DUT;PAICS;RAD21;GINS1;KIF2C;PRIM2;SMC3;PRKDC;MTHFD2;RACGAP1;MAD2L1;PLK1;CDCA8;ANP32E;PCNA;CDC20;MMS22L;PNN;RAD1;MELK;MYC;KIF4A;MCM3;MCM4;XRCC6;TACC3;POLD3;LBR;TFRC;DEPDC1;BARD1;PHF5A;LMNB1;CDC25B;CBX5;H2AFX;SPC25;SMC1A;RPA1;SLBP;ILF3;MYBL2;DIAPH3;CENPM;RFC3;TRIP13;NUP107;ORC6;POP7;LUC7L3;MSH2;CDK1;HMGB3;BRCA1;GINS4;BUB1B;MCM2;SMC6;NOP56;RAD51AP1;NUDT21;NAA38;TK1;RRM2;TRA2B;NUP153;CCP110;CDCA3;CIT;UNG;PSMC3IP;TUBG1;MCM7;TBRG4;SPAG5;EXOSC8;DONSON;ZW10;RPA2;AURKB;POLD2;DNMT1;RPA3	HCC38	ZNF131	118	1666	36601	mean_log_expr_perturbed_minus_control	False	H	Proliferation / cell cycle	E2F Targets	HALLMARK_E2F_TARGETS	HCC38 / ZNF131	10	Tier 1	benchmark-relevant anchor	8	HCC1143	0.39476590636254505	0.58	50
HALLMARK_G2M_CHECKPOINT	-0.788000285451686	-1.83805611183192	1e-10	down	200	193	1.66666666666667e-09		HMGA1;H2AFZ;TPX2;CKS1B;CDKN3;BIRC5;CENPF;TOP2A;NDC80;MKI67;MT2A;HNRNPU;STMN1;KPNB1;SQLE;UBE2S;HMGN2;CKS2;HMMR;KPNA2;PTTG1;SRSF2;CENPE;PRC1;HNRNPD;SMC4;NASP;NCL;BRCA2;AURKA;UBE2C;DBF4;SNRPD1;TMPO;NUSAP1;GSPT1;WRN;RAD21;KIF20B;MARCKS;KIF2C;PRIM2;CCNF;RACGAP1;PBK;CDC45;MAD2L1;PLK1;HSPA8;CDC20;CCNA2;SMARCC1;AMD1;SAP30;KIF23;MYC;KIF4A;MCM3;SRSF10;DKC1;TACC3;FANCC;LBR;DTYMK;BARD1;CBX1;LMNB1;BUB1;TOP1;BUB3;CDC25B;NUP50;H2AFX;CUL3;SMC1A;SFPQ;CUL1;SMAD3;CENPA;TFDP1;ILF3;MYBL2;EFNA5;UCK2;TNPO2;ORC6;E2F4;NEK2;ODF2;CDK1;HMGB3;SLC38A1;MTF2;PRPF4B;MCM2;FBXO5;CHMP1A;STIL;UPF1;RPS6KA5;EWSR1;TRA2B;GINS2;KIF11;PRMT5;DR1;CUL4A;TTK;RBL1;RPA2;EXO1;AURKB;NUMA1;CDC7	HCC38	ZNF131	118	1666	36601	mean_log_expr_perturbed_minus_control	False	H	Proliferation / cell cycle	G2M Checkpoint	HALLMARK_G2M_CHECKPOINT	HCC38 / ZNF131	10	Tier 1	benchmark-relevant anchor	9	HCC1143	0.39476590636254505	0.58	50
HALLMARK_MYC_TARGETS_V1	-0.820870921846369	-1.91717644696543	1e-10	down	200	197	1.66666666666667e-09		RANBP1;H2AFZ;HSPD1;RPL14;HSPE1;NPM1;CCT5;EIF2S1;HSP90AB1;RPS6;HNRNPU;PA2G4;DEK;KPNB1;RAN;SNRPA;KPNA2;EIF3J;SRSF2;HNRNPD;CANX;EPRS;PPM1G;EEF1B2;SNRPG;PSMA2;PSMD7;EIF4H;UBA2;DDX21;CCT3;EIF3B;TCP1;HNRNPA1;SRM;USP1;SET;SNRPD1;HDGF;HNRNPC;HNRNPA2B1;PSMC6;HNRNPR;NAP1L1;CBX3;GSPT1;DUT;EIF4A1;ABCE1;RPS3;PSMA7;EIF2S2;CCT2;VDAC1;RSL1D1;EXOSC7;FAM120A;CDC45;MAD2L1;LSM2;PSMD1;PCNA;SSBP1;RPS10;CDC20;CCNA2;EIF1AX;SMARCC1;C1QBP;HDDC2;TYMS;MYC;ACP1;MCM4;TUFM;XRCC6;RNPS1;PRPF31;PSMA4;RPL34;TXNL4A;PRDX3;RPL22;BUB3;MRPL23;MRPS18B;SRPK1;XPOT;NCBP2;PSMA1;CCT4;SRSF3;LSM7;SNRPD3;CUL1;SNRPA1;TFDP1;TARDBP;ERH;PSMD3;ILF2;EIF4G2;PABPC1;SRSF7;PHB;COPS5;FBL;UBE2E1;MCM2;DHX15;NOP56;PSMA6;RFC4;IARS;CCT7;POLE3;AIMP2;CDK2;TRA2B;RPL18;TRIM28;IFRD1;SF3B3;SERBP1;CLNS1A;MCM7;RRM1;RPLP0;RUVBL2;POLD2;GLO1;PSMD14;CNBP;NOP16;VBP1;PSMB3;CAD;SSB;DDX18	HCC38	ZNF131	118	1666	36601	mean_log_expr_perturbed_minus_control	False	H	Proliferation / cell cycle	Myc Targets V1	HALLMARK_MYC_TARGETS_V1	HCC38 / ZNF131	10	Tier 1	benchmark-relevant anchor	10	HCC1143	0.39476590636254505	0.58	50
HALLMARK_HYPOXIA	0.415213266442416	1.12478221785269	0.120679199514857	up	200	191	0.335219998652382	0.101377203467264	MIF;GAPDH;IGFBP3;CITED2;IDS;NR3C1;JUN;BTG1;NAGK;P4HA1;RBPJ;TIPARP;HDLBP;PAM;LXN;ISG20;PGK1;CASP6;DDIT3;LDHA;TES;BHLHE40;S100A4;GLRX;IER3;WSB1;KLF7;JMJD6;GALK1;VEGFA;CCNG2;NFIL3;STC1;SIAH2;FOS;VLDLR;PHKG1;TGFB3;PLAUR;TGFBI;CSRP2;KLHL24;PDK3;EFNA1;GPI;ANKZF1;NDRG1;SDC2;PNRC1;PDGFB;GBE1;ALDOA	HCC38	ZNF131	118	1666	36601	mean_log_expr_perturbed_minus_control	False	H	Proteostasis / stress	Hypoxia	HALLMARK_HYPOXIA	HCC38 / ZNF131	10	Tier 1	benchmark-relevant anchor	11	HCC1143	0.39476590636254505	0.58	50
HALLMARK_REACTIVE_OXIGEN_SPECIES_PATHWAY	-0.430931242673664	-0.856621741108097	0.715263617826973	down	49	46	0.827615709890255	0.014687900236547	TXNRD1;FTL;PRDX6;MBP;NQO1;ERCC2;NDUFA6;TXN;GCLM;MGST1;PDLIM1;PRNP;SOD2;G6PD;PRDX1;STK25;MSRA	HCC38	ZNF131	118	1666	36601	mean_log_expr_perturbed_minus_control	False	H	Proteostasis / stress	Reactive Oxigen Species Pathway	HALLMARK_REACTIVE_OXIGEN_SPECIES_PATHWAY	HCC38 / ZNF131	10	Tier 1	benchmark-relevant anchor	12	HCC1143	0.39476590636254505	0.58	50
HALLMARK_UNFOLDED_PROTEIN_RESPONSE	-0.630624004455729	-1.39640331649308	0.0144833829044355	down	113	109	0.103052234109503	0.135862926377654	CKS1B;NPM1;EIF2S1;YWHAZ;CEBPB;EEF2;SEC11A;EIF4A1;EIF4G1;HSP90B1;MTHFD2;FUS;EXOSC9;TARS;EIF4A2;ATF4;DKC1;YIF1A;PDIA5;HSPA9;XPOT;H2AFX;DDX10;PDIA6;EIF4EBP1;NFYB;EXOC2;CALR;KHSRP;NOP56;IARS;TUBB2A;EXOSC5;RPS14;POP4;BANF1;DCTN1;ALDH18A1;BAG3;EXOSC10;EDC4;SDAD1;SSR1;SPCS1;DNAJB9;EXOSC2;KIF5B;LSM4;SPCS3;EIF4E	HCC38	ZNF131	118	1666	36601	mean_log_expr_perturbed_minus_control	False	H	Proteostasis / stress	Unfolded Protein Response	HALLMARK_UNFOLDED_PROTEIN_RESPONSE	HCC38 / ZNF131	10	Tier 1	benchmark-relevant anchor	13	HCC1143	0.39476590636254505	0.58	50
HALLMARK_EPITHELIAL_MESENCHYMAL_TRANSITION	0.38443146026392	1.0439388308187	0.277173913043478	up	200	195	0.540545518168591	0.0658132939529589	MGP;PMEPA1;TNC;ITGA2;IGFBP3;TIMP1;JUN;AREG;SFRP1;LGALS1;CXCL6;SERPINE2;SAT1;CD59;MMP2;DKK1;DST;CAPG;CXCL1;GLIPR1;COPA;VEGFA;FBN1;SGCB;LAMA2;PLAUR;COL7A1;TGFBI;GEM;CDH11;ITGB1;ACTA2;WIPF1;IL32;WNT5A;SLC6A8;LOXL1;VCAN;RHOB;CD44;LRP1;LAMC2;COL5A2;FN1	HCC38	ZNF131	118	1666	36601	mean_log_expr_perturbed_minus_control	False	H	State remodeling	Epithelial Mesenchymal Transition	HALLMARK_EPITHELIAL_MESENCHYMAL_TRANSITION	HCC38 / ZNF131	10	Tier 1	benchmark-relevant anchor	14	HCC1143	0.39476590636254505	0.58	50
HALLMARK_APOPTOSIS	0.399984586512477	1.03834553964935	0.323606653049314	up	161	158	0.484625668449198	0.0408597348088626	TNFRSF12A;SQSTM1;DDIT3;IGFBP6;SPTAN1;TXNIP;CCND1;GSN;H1F0;TAP1;LMNA;LGALS3;DFFA;RELA;GADD45A;CYLD;CDKN1B;SOD2;GADD45B;BCL2L11;ANXA1;MGMT;BCL10;XIAP;CFLAR;BIRC3;DNAJA1;IRF1;IFITM3;CTNNB1;GPX4;IL6;FAS;CDKN1A;VDAC2;JUN;CASP6;IFNGR1;ENO2	HCC38	NPM1	80	1666	36601	mean_log_expr_perturbed_minus_control	False	H	Cell death / stress	Apoptosis	HALLMARK_APOPTOSIS	HCC38 / NPM1	11	Tier 2	top by NES variance (0.091)	0	HCC1143	0.6072028811524609	0.66	50
HALLMARK_P53_PATHWAY	0.480163259254722	1.27179167890061	0.0249315901489815	up	200	196	0.0890413933892195	0.159153456855406	BTG1;DDIT3;TSC22D1;RPS12;TXNIP;H2AFJ;TM4SF1;RPS27L;DCXR;EPHX1;SLC3A2;TAP1;NINJ1;IP6K2;AK1;PERP;RPL36;TOB1;VAMP8;ITGB4;DNTTIP2;CGRRF1;RPL18;GADD45A;BAK1;S100A4;CTSD;BAIAP2;PLXNB2;NOTCH1;SPHK1;TRAF4;HRAS;TM7SF3;HSPA4L;BLCAP;XPC;CDKN2AIP;ISCU;PPP1R15A;RB1;EPS8L2;NOL8;KLF4;KIF13B;MXD1;TCN2;FAS;FOS;ERCC5;STOM;HIST3H2A;CDKN1A;JUN;TGFB1;OSGIN1;CCP110;ZNF365;IRAK1;WRAP73;DGKA;PITPNC1;SEC61A1;POM121;TP63	HCC38	NPM1	80	1666	36601	mean_log_expr_perturbed_minus_control	False	H	Cell death / stress	P53 Pathway	HALLMARK_P53_PATHWAY	HCC38 / NPM1	11	Tier 2	top by NES variance (0.091)	1	HCC1143	0.6072028811524609	0.66	50
HALLMARK_TNFA_SIGNALING_VIA_NFKB	0.523316804056907	1.38708041654915	0.0051640340218712	up	200	197	0.0232090360513693	0.354819512103747	BTG1;SQSTM1;TSC22D1;PMEPA1;CCND1;NFKBIA;NFE2L2;TAP1;EIF1;KLF10;RELB;NINJ1;INHBA;IFIH1;ZBTB10;RELA;IL6ST;TRIB1;PHLDA1;GADD45A;HES1;SOD2;GADD45B;BIRC2;CEBPD;SPHK1;AREG;IL23A;CFLAR;BIRC3;IL15RA;IRF1;JUNB;DUSP4;PLAUR;JAG1;CXCL6;PNRC1;NFKB1;PPP1R15A;FOSB;NFKB2;BCL3;SGK1;MAP2K3;IER2;IL6;IRS2;EFNA1;KLF4;MXD1;EGR1;FOS;CDKN1A;JUN;TNIP2;MAP3K8;NAMPT;IFNGR2;PDE4B;NFIL3	HCC38	NPM1	80	1666	36601	mean_log_expr_perturbed_minus_control	False	H	Cell death / stress	Tnfa Signaling Via Nfkb	HALLMARK_TNFA_SIGNALING_VIA_NFKB	HCC38 / NPM1	11	Tier 2	top by NES variance (0.091)	2	HCC1143	0.6072028811524609	0.66	50
HALLMARK_INTERFERON_ALPHA_RESPONSE	0.663171491670683	1.61513864530935	0.0007692587951498	up	97	93	0.0048078674696862	0.477270815362862	PSMB8;PSME2;PSME1;TXNIP;IRF2;B2M;PSMB9;HLA-C;ELF1;TAP1;ISG15;IFIH1;CNP;SP110;NCOA7;IRF9;IRF1;STAT2;IFITM3;PARP9;PARP12;TRIM25;IFI35;HERC6;LPAR6;PARP14;OGFR;SLC25A28;EIF2AK2;SAMD9L;GMPR;ISG20;TDRD7;CD47;TRIM14	HCC38	NPM1	80	1666	36601	mean_log_expr_perturbed_minus_control	False	H	Inflammatory / interferon	Interferon Alpha Response	HALLMARK_INTERFERON_ALPHA_RESPONSE	HCC38 / NPM1	11	Tier 2	top by NES variance (0.091)	3	HCC1143	0.6072028811524609	0.66	50
HALLMARK_INTERFERON_GAMMA_RESPONSE	0.574197747125485	1.5237116128078	0.0003884607891772	up	200	198	0.0027747199226947	0.49849310876659	HLA-B;HLA-A;PSMB8;STAT1;BTG1;PSME2;PSME1;TXNIP;IRF2;B2M;PSMB9;NFKBIA;TAP1;ISG15;RBCK1;STAT3;VAMP8;IFIH1;PSMB10;SOD2;SP110;IRF9;TAPBP;IL15RA;MVP;IRF1;STAT2;IFITM3;ARID5B;LYSMD2;PARP12;SRI;NFKB1;NCOA3;TRIM25;IFI35;HERC6;HIF1A;SAMHD1;PARP14;IL6;FAS;OGFR;BPGM;CDKN1A;SLC25A28;EIF2AK2;SAMD9L;PTPN6;NAMPT;PDE4B;ISG20;TDRD7;TRIM14;CASP8;ARL4A;CASP3;PELI1;UBE2L6;PLA2G4A;CASP4;MYD88;SPPL2A	HCC38	NPM1	80	1666	36601	mean_log_expr_perturbed_minus_control	False	H	Inflammatory / interferon	Interferon Gamma Response	HALLMARK_INTERFERON_GAMMA_RESPONSE	HCC38 / NPM1	11	Tier 2	top by NES variance (0.091)	4	HCC1143	0.6072028811524609	0.66	50
HALLMARK_GLYCOLYSIS	-0.472643264435208	-1.17095508974853	0.126491646778043	down	200	198	0.316229116945107	0.0474106087961033	TGFBI;LDHA;EXT1;HSPA5;PLOD2;GNPDA1;UGP2;ME1;PGK1;PYGB;ENO1;PFKP;PMM2;PGAM1;P4HA1;NASP;HS2ST1;SRD5A3;TPI1;SDHC;CDK1;FUT8;ALDOA;SOD1;G6PD;KIF2A;HOMER1;TPST1;STMN1;PLOD1;IER3;NSDHL;B4GALT2;STC2;ALG1;B4GALT1;TALDO1;IDH1;PRPS1;VEGFA;MED24;MET;SLC35A3;P4HA2;SLC25A13;CYB5A;PAXIP1;ALDH9A1;ARPP19;GNE;ZNF292;SLC16A3;CLN6;NANP;KIF20A;DDIT4;CD44;PC;EXT2;ADORA2B;IL13RA1;GUSB;CHST12;B4GALT4;CENPA;SLC25A10;DEPDC1;AK4;TGFA;MPI;QSOX1;NT5E;SDC1;PGM2;CTH;GOT2;TPBG;PDK3;HMMR;RARS;SPAG4;VLDLR;ANGPTL4;GLRX;FBP2;GMPPB;HK2;GYS1	HCC38	NPM1	80	1666	36601	mean_log_expr_perturbed_minus_control	False	H	Metabolic state	Glycolysis	HALLMARK_GLYCOLYSIS	HCC38 / NPM1	11	Tier 2	top by NES variance (0.091)	5	HCC1143	0.6072028811524609	0.66	50
HALLMARK_MTORC1_SIGNALING	-0.714279723329106	-1.76952545945072	7.80103762464036e-07	down	200	196	1.30017293744006e-05	0.659444398037935	CALR;SDF2L1;TFRC;LDHA;HSP90B1;MCM4;EPRS;SQLE;DHFR;ATP2A2;HSPA5;PHGDH;PLOD2;CTSC;GMPS;PSAT1;HSPD1;HPRT1;UNG;ACACA;ME1;ETF1;PGK1;PRDX1;IDI1;RRM2;ENO1;PNO1;RPN1;RPA1;CCNF;FADS1;P4HA1;NUP205;TPI1;ACTR3;GSK3B;DDX39A;ALDOA;EIF2S2;PSMC6;PSPH;TMEM97;BUB1;GPI;GBE1;SLC2A1;HMGCS1;SLC7A5;HSPA4;MCM2;SLC1A5;G6PD;GGA2;UFM1;NUPR1;ACLY;CACYBP;HSPE1;ADIPOR2;RAB1A;PDAP1;PSMC2;ACTR2;NMT1;DHCR24;XBP1;GLA;TOMM40;TBK1;PLK1;WARS;CYP51A1;LDLR;SSR1;IDH1;MTHFD2;UBE2D3;PSMA4;SLC7A11;FADS2;PSMA3;SCD;EBP;PSMD13;PSMD12;PFKL;ELOVL5;RDH11;TXNRD1;SHMT2;IMMT;CCNG1;GAPDH;DDIT4;PSME3;SYTL2;PGM1;CYB5B;LGMN;ELOVL6;POLR3G;HSPA9;PDK1;BHLHE40;EEF1E1;ABCF2;SLC9A3R1;STIP1;SLC6A6;AK4;TUBA4A;USO1	HCC38	NPM1	80	1666	36601	mean_log_expr_perturbed_minus_control	False	H	Metabolic state	Mtorc1 Signaling	HALLMARK_MTORC1_SIGNALING	HCC38 / NPM1	11	Tier 2	top by NES variance (0.091)	6	HCC1143	0.6072028811524609	0.66	50
HALLMARK_OXIDATIVE_PHOSPHORYLATION	0.542028253411711	1.4269675447403	0.0051051051051051	up	200	183	0.0232090360513693	0.354819512103747	ATP6V1G1;IDH3G;SURF1;COX6B1;COX4I1;COX6A1;NDUFV1;NDUFS2;UQCRH;NDUFS8;NDUFS7;NDUFA3;NDUFA8;NDUFB2;ECH1;DECR1;MRPS11;NDUFA7;NDUFB7;NDUFS1;NDUFA1;COX11;TIMM50;COX5B;UQCRC1;NDUFS3;NDUFS6;ACAA1;AIFM1;BDH2;NDUFB8;PHYH;NDUFA6;CYC1;UQCRB;NQO2;HSD17B10;UQCR11;UQCRC2;COX8A;COX5A;IDH3B;MRPS15;ECHS1;MRPS22;NDUFA2;NDUFB3;ETFB;MGST3;COX7A2;MDH1;FH;COX6C;IDH3A;ACADVL;ETFA;TIMM9;OXA1L;SLC25A4;PHB2;SUCLG1;NDUFC2;MDH2;NDUFA9;ECI1;ISCU;FDX1;ATP6V0B;AFG3L2;ACAA2;NNT;HTRA2;GPX4;SDHB;UQCR10;RHOT1;VDAC2;NDUFS4;NDUFA4;ALDH6A1;MRPS30;MRPL34;ATP6V1F;HADHA;COX7A2L;COX7C;SLC25A3;HCCS	HCC38	NPM1	80	1666	36601	mean_log_expr_perturbed_minus_control	False	H	Metabolic state	Oxidative Phosphorylation	HALLMARK_OXIDATIVE_PHOSPHORYLATION	HCC38 / NPM1	11	Tier 2	top by NES variance (0.091)	7	HCC1143	0.6072028811524609	0.66	50
HALLMARK_E2F_TARGETS	-0.840114586340388	-2.0812632654004	1e-10	down	200	196	2.5e-09		TOP2A;H2AFZ;ATAD2;SMC4;HMGB2;TUBB;HMGA1;MKI67;SRSF2;TK1;TFRC;GINS1;CKS1B;PCNA;NUP153;MCM4;PNN;MYBL2;PRIM2;BRCA2;DLGAP5;TMPO;MELK;RANBP1;PTTG1;LMNB1;DEK;STAG1;BIRC5;UBE2S;BARD1;ORC6;KIF4A;H2AFX;UNG;PAICS;ANP32E;RFC3;CSE1L;RRM2;TRA2B;DIAPH3;HELLS;MAD2L1;RPA3;TACC3;TRIP13;CENPE;MSH2;RPA1;DNMT1;MCM6;CDCA8;NOP56;BRCA1;CIT;NUP107;PRDX4;NASP;CENPM;CKS2;NUP205;ILF3;DUT;IPO7;HMGB3;NCAPD2;LBR;CDK1;DDX39A;XRCC6;RAD51AP1;AURKB;SPC25;CDKN3;EZH2;MCM3;TCF19;SLBP;PSMC3IP;ASF1B;LUC7L3;MCM2;NME1;KIF2C;DONSON;XPO1;NAP1L1;CDCA3;KPNA2;MMS22L;POLA2;DCTPP1;PDS5B;KIF18B;UBE2T;HNRNPD;STMN1;SMC6;USP1;RFC1;RAD21;MCM5;PLK1;GINS4;SNRPB;EIF2S1;MTHFD2;SMC1A;PRPS1;SPC24;POLE;SSRP1;WEE1;DCLRE1B;TIMELESS;RAD1;CCNE1;POLD3;PHF5A;RAN;PPM1D;CDK4;RACGAP1;RNASEH2A;PMS2;DSCC1	HCC38	NPM1	80	1666	36601	mean_log_expr_perturbed_minus_control	False	H	Proliferation / cell cycle	E2F Targets	HALLMARK_E2F_TARGETS	HCC38 / NPM1	11	Tier 2	top by NES variance (0.091)	8	HCC1143	0.6072028811524609	0.66	50
HALLMARK_G2M_CHECKPOINT	-0.813684338300575	-2.01266547738295	1e-10	down	200	193	2.5e-09		TOP2A;TPX2;CENPF;H2AFZ;SMC4;HMGA1;MKI67;SRSF2;CKS1B;MT2A;MYBL2;EFNA5;SQLE;PRIM2;BRCA2;CDC7;TMPO;PTTG1;LMNB1;STAG1;PBK;CDC6;BIRC5;UBE2S;PRC1;BARD1;ORC6;KIF4A;H2AFX;DTYMK;RBL1;GINS2;SLC7A1;TFDP1;TRA2B;G3BP1;NUSAP1;MAD2L1;POLQ;HMGN2;TACC3;CENPE;CDC45;FANCC;SMARCC1;SNRPD1;MCM6;CCNF;EXO1;UBE2C;CUL3;CHAF1A;NASP;CKS2;RASAL2;SMC2;NDC80;ILF3;HMGB3;LBR;E2F1;CDK1;DDX39A;NUMA1;AURKB;E2F3;BUB1;DBF4;CDKN3;CBX1;SLC7A5;EZH2;MCM3;CDC27;KIF11;MCM2;RAD23B;KIF2C;CCNA2;XPO1;KPNB1;FOXN3;KPNA2;POLA2;PDS5B;SFPQ;HNRNPD;STMN1;NUP50;DR1;UCK2;RAD21;RPS6KA5;MCM5;PLK1;MEIS2;MARCKS;STIL;SLC12A2;SMC1A;POLE;KIF15;CUL5;BUB3;ABL1;NUP98;KIF23;SLC38A1;KIF20B;HNRNPU;CHMP1A;WRN;CDK4;E2F4;FBXO5;RACGAP1;EGF	HCC38	NPM1	80	1666	36601	mean_log_expr_perturbed_minus_control	False	H	Proliferation / cell cycle	G2M Checkpoint	HALLMARK_G2M_CHECKPOINT	HCC38 / NPM1	11	Tier 2	top by NES variance (0.091)	9	HCC1143	0.6072028811524609	0.66	50
HALLMARK_MYC_TARGETS_V1	-0.663797456854097	-1.64423754127993	3.05917213979536e-05	down	200	197	0.0003059172139795	0.557332238758646	NPM1;H2AFZ;SRSF2;LDHA;PCNA;MCM4;EPRS;PSMD1;RANBP1;DEK;EIF3B;VDAC1;TYMS;RRM1;HSPD1;HPRT1;GLO1;ETF1;PGK1;AP3S1;TFDP1;TRA2B;SNRPD3;G3BP1;MAD2L1;NHP2;CDC45;SMARCC1;SRSF7;SNRPD1;MCM6;XPOT;LSM2;NOP56;HNRNPA1;PTGES3;SRSF3;SF3B3;PRDX4;HNRNPA2B1;RNPS1;DUT;PSMD3;RFC4;XRCC6;EIF2S2;YWHAQ;PSMC6;RSL1D1;CBX3;FBL;APEX1;SNRPA;POLE3;SNRPA1;MCM2;NME1;RAD23B;CCNA2;XPO1;KPNB1;NAP1L1;KPNA2;PSMA2;UBA2;PABPC4;YWHAE;VDAC3;HNRNPD;HSPE1;EIF1AX;USP1;EIF4H;NOP16;HNRNPR;PWP1;IARS;MCM5;UBE2L3;EIF2S1;C1QBP;PPM1G;DHX15;PSMA4;PRDX3;BUB3;PABPC1;DDX21;EIF4A1;SRPK1;HNRNPU;RAN;EEF1B2;CDK4;TARDBP;RPS3	HCC38	NPM1	80	1666	36601	mean_log_expr_perturbed_minus_control	False	H	Proliferation / cell cycle	Myc Targets V1	HALLMARK_MYC_TARGETS_V1	HCC38 / NPM1	11	Tier 2	top by NES variance (0.091)	10	HCC1143	0.6072028811524609	0.66	50
HALLMARK_HYPOXIA	-0.480869140519908	-1.18986942584901	0.106522062100728	down	200	191	0.280321216054547	0.0519305727398163	CAV1;TGFBI;LDHA;MT2A;PRKCA;EXT1;HSPA5;KLF6;UGP2;PGK1;ENO1;TPD52;PFKP;P4HA1;NEDD4L;TPI1;ALDOA;GPI;SLC25A1;GBE1;SLC2A1;MYH9;RBPJ;IER3;SCARB1;FOXO3;F3;STC2;VEGFA;KDM3A;ANXA2;P4HA2;HK1;PFKL;AKAP12;BNIP3L;ZNF292;GAPDH;DDIT4;PGM1;FOSL2;ADORA2B;PDK1;BHLHE40;ETS1;NR3C1;ERRFI1;SLC6A6;AK4;NDST1	HCC38	NPM1	80	1666	36601	mean_log_expr_perturbed_minus_control	False	H	Proteostasis / stress	Hypoxia	HALLMARK_HYPOXIA	HCC38 / NPM1	11	Tier 2	top by NES variance (0.091)	11	HCC1143	0.6072028811524609	0.66	50
HALLMARK_REACTIVE_OXIGEN_SPECIES_PATHWAY	-0.404401789837582	-0.833959509069024	0.755479452054795	down	49	46	0.786957762557078	0.0162381890530244	GCLM;PRDX1;PFKP;PRDX4;SOD1;CAT;G6PD;PDLIM1;GPX3;MSRA;HMOX2;SCAF4;PRNP;TXNRD1	HCC38	NPM1	80	1666	36601	mean_log_expr_perturbed_minus_control	False	H	Proteostasis / stress	Reactive Oxigen Species Pathway	HALLMARK_REACTIVE_OXIGEN_SPECIES_PATHWAY	HCC38 / NPM1	11	Tier 2	top by NES variance (0.091)	12	HCC1143	0.6072028811524609	0.66	50
HALLMARK_UNFOLDED_PROTEIN_RESPONSE	-0.684108112567527	-1.59721343898258	0.0002497013044647	down	113	109	0.0020808442038727	0.49849310876659	NPM1;CALR;EIF4G1;EIF4EBP1;HSP90B1;CKS1B;HSPA5;PSAT1;H2AFX;HERPUD1;NHP2;FUS;XPOT;NOP56;RPS14;PDIA6;CNOT6;EIF4A3;YWHAZ;SLC7A5;KHSRP;EEF2;SEC31A;CNOT4;IARS;GOSR2;XBP1;STC2;CXXC1;TARS;IMP3;BAG3;SPCS3;FKBP14;EIF2S1;SSR1;ALDH18A1;MTHFD2;VEGFA;NFYB;ATF4;TUBB2A;EIF4A1;EXOSC5;SLC30A5;DDIT4;TTC37;LSM4	HCC38	NPM1	80	1666	36601	mean_log_expr_perturbed_minus_control	False	H	Proteostasis / stress	Unfolded Protein Response	HALLMARK_UNFOLDED_PROTEIN_RESPONSE	HCC38 / NPM1	11	Tier 2	top by NES variance (0.091)	13	HCC1143	0.6072028811524609	0.66	50
HALLMARK_EPITHELIAL_MESENCHYMAL_TRANSITION	-0.451706864956305	-1.1183341276734	0.199403430275914	down	200	195	0.402558273000177	0.0367314785613611	VIM;TGFBI;PLOD2;PFN2;LOXL2;CALU;SLIT2;CALD1;MYLK;TPM4;MEST;COL4A1;SAT1;LAMA3;DST;COL4A2;COL12A1;TPM2;SCG2;PLOD1;GLIPR1;DKK1;CDH2;FLNA;ANPEP;COL1A1;CDH11;VEGFC;FERMT2;PCOLCE2;ITGB5;VEGFA;FAP;SERPINE2;PPIB;PTX3	HCC38	NPM1	80	1666	36601	mean_log_expr_perturbed_minus_control	False	H	State remodeling	Epithelial Mesenchymal Transition	HALLMARK_EPITHELIAL_MESENCHYMAL_TRANSITION	HCC38 / NPM1	11	Tier 2	top by NES variance (0.091)	14	HCC1143	0.6072028811524609	0.66	50
HALLMARK_APOPTOSIS	-0.379484028034323	-0.922105945718713	0.647652308886302	down	161	158	0.772387812701221	0.0144085686267123	DFFA;HSPB1;SOD1;LGALS3;TSPO;ANXA1;BID;GPX4;BNIP3L;TNFRSF12A;MGMT;ADD1;BCAP31;LMNA;ETF1;EBP;BRCA1;IGF2R;CREBBP;PPT1;GSN;FDXR;DNAJC3;DNAJA1;TXNIP;ERBB2;TIMP1;EMP1;APP;IGFBP6;CTNNB1;SAT1;HMOX1;MADD;DAP3	HCC38	PEX14	439	1666	36601	mean_log_expr_perturbed_minus_control	False	H	Cell death / stress	Apoptosis	HALLMARK_APOPTOSIS	HCC38 / PEX14	12	Tier 2	top by NES variance (0.071)	0	HCC1143	0.3236974789915966	0.62	50
HALLMARK_P53_PATHWAY	-0.496138267022683	-1.22751424329891	0.0743132042030637	down	200	196	0.247710680676879	0.0577985195763119	VAMP8;DCXR;SFN;SERPINB5;HINT1;TM4SF1;H2AFJ;S100A10;IRAK1;TSC22D1;RPL18;NUPR1;LDHB;PCNA;PERP;HIST3H2A;UPP1;TRIB3;BLCAP;RPS12;XPC;RHBDF2;RPL36;ADA;SESN1;OSGIN1;ISCU;S100A4;CTSD;ZMAT3;PPP1R15A;ITGB4;AK1;TM7SF3;RAB40C;FDXR;POM121;PMM1;IFI30;TXNIP;PRKAB1;RB1;EPS8L2;NUDT15;FOXO3;EI24;TAX1BP3;APP;ZNF365;SLC3A2;HDAC3;PVT1;PROCR;SAT1;PRMT2;TRAFD1;HMOX1;SPHK1;PHLDA3;DDIT4;MKNK2;RAD51C;DGKA;NDRG1;CCNG1	HCC38	PEX14	439	1666	36601	mean_log_expr_perturbed_minus_control	False	H	Cell death / stress	P53 Pathway	HALLMARK_P53_PATHWAY	HCC38 / PEX14	12	Tier 2	top by NES variance (0.071)	1	HCC1143	0.3236974789915966	0.62	50
HALLMARK_TNFA_SIGNALING_VIA_NFKB	0.375821903058136	1.05536932621718	0.253427895981087	up	200	197	0.452549814251942	0.0606518687881186	BTG3;MARCKS;B4GALT5;PLK2;IFNGR2;FOSL2;B4GALT1;GADD45A;PLAU;NAMPT;BHLHE40;INHBA;FOSB;NFAT5;F3;TANK;PMEPA1;GFPT2;RELA;FOS;EGR1;TNFAIP6;IRF1;IL15RA;IER2;NFE2L2;HES1;G0S2;IL7R;MXD1;PDE4B;CCND1;FOSL1;SGK1;DNAJB4;BCL3;DUSP4;LDLR;CSF1;NINJ1;ATF3;GADD45B;SDC4;EFNA1;FJX1;MAFF;CLCF1;CFLAR;PTPRE;BTG1;KDM6B;MYC;ICAM1;RHOB;NFKBIE;EGR3;STAT5A;TIPARP;REL;ID2;BTG2;EDN1;SOCS3	HCC38	PEX14	439	1666	36601	mean_log_expr_perturbed_minus_control	False	H	Cell death / stress	Tnfa Signaling Via Nfkb	HALLMARK_TNFA_SIGNALING_VIA_NFKB	HCC38 / PEX14	12	Tier 2	top by NES variance (0.071)	2	HCC1143	0.3236974789915966	0.62	50
HALLMARK_INTERFERON_ALPHA_RESPONSE	-0.548404073521149	-1.26202452279243	0.0845896147403685	down	97	93	0.255538167904406	0.0568270285718809	ISG15;PSME2;PSMA3;LAP3;B2M;PSME1;WARS;HLA-C;PSMB9;IFI35;NMI;NUB1;RIPK2;TDRD7;HERC6;IFI30;IRF9;TXNIP;GMPR;CD47;PNPT1;PLSCR1;IFIH1;PROCR;TRAFD1;SP110;OGFR;MX1	HCC38	PEX14	439	1666	36601	mean_log_expr_perturbed_minus_control	False	H	Inflammatory / interferon	Interferon Alpha Response	HALLMARK_INTERFERON_ALPHA_RESPONSE	HCC38 / PEX14	12	Tier 2	top by NES variance (0.071)	3	HCC1143	0.3236974789915966	0.62	50
HALLMARK_INTERFERON_GAMMA_RESPONSE	-0.443747462987402	-1.09839467482941	0.241143724696356	down	200	198	0.446562453141401	0.0297349782893663	ISG15;PSME2;PSMA3;VAMP8;LAP3;PSMA2;B2M;PSME1;WARS;PFKP;PTPN2;SRI;UPP1;NFKBIA;MVP;NFKB1;PSMB9;IFI35;NMI;RIPK2;TDRD7;RAPGEF6;SSPN;STAT3;HERC6;IFI30;RBCK1;IRF9;ZNFX1;JAK2;TXNIP;SPPL2A;RNF213;ARID5B;HLA-A;PNPT1;PLSCR1;IFIH1;CFB;TRAFD1;MTHFD2	HCC38	PEX14	439	1666	36601	mean_log_expr_perturbed_minus_control	False	H	Inflammatory / interferon	Interferon Gamma Response	HALLMARK_INTERFERON_GAMMA_RESPONSE	HCC38 / PEX14	12	Tier 2	top by NES variance (0.071)	4	HCC1143	0.3236974789915966	0.62	50
HALLMARK_GLYCOLYSIS	-0.565293405953618	-1.39925367152637	0.006325910931174	down	200	198	0.0395369433198381	0.204544131818546	ENO1;DSC2;LDHA;SOD1;TPI1;MIF;EXT1;PPIA;POLR3K;CLDN3;ARTN;TXN;PAM;MDH2;GOT2;COPB2;PSMC4;UGP2;B3GAT3;SOX9;B4GALT2;NOL3;PFKP;NASP;MDH1;AK3;PLOD2;MPI;PGK1;SLC25A13;ME1;G6PD;GNE;TALDO1;EXT2;PGM2;SRD5A3;AGRN;GUSB;GFPT1;KDELR3;PLOD1;P4HA2;STMN1;PGLS;GALK2;ALDH7A1;RBCK1;FKBP4;ALDOA;ANKZF1;RPE;HDLBP;CHPF2;GYS1;GALK1;DLD;EGLN3;PMM2;GPC1;SPAG4;ECD;MED24	HCC38	PEX14	439	1666	36601	mean_log_expr_perturbed_minus_control	False	H	Metabolic state	Glycolysis	HALLMARK_GLYCOLYSIS	HCC38 / PEX14	12	Tier 2	top by NES variance (0.071)	5	HCC1143	0.3236974789915966	0.62	50
HALLMARK_MTORC1_SIGNALING	-0.532946242772827	-1.31858223281611	0.0240536776807191	down	200	196	0.109334898548723	0.103804265291514	ENO1;LDHA;PRDX1;PPA1;PSMB5;CACYBP;TPI1;TUBG1;PSMA3;PPIA;CCT6A;PSMC2;PSMD12;PSMC6;EIF2S2;GAPDH;COPS5;EEF1E1;EPRS;TFRC;PITPNB;HSPA9;PSMC4;IMMT;NUPR1;PDAP1;WARS;SORD;PSMA4;PLOD2;GGA2;RAB1A;PSAT1;PGK1;MCM4;TOMM40;M6PR;PFKL;ME1;G6PD;HSPD1;PGM1;SRD5A1;TRIB3;PSMD13;ETF1;GMPS;ATP6V1D;EBP;PSMG1;DDX39A;PSMD14;UCHL5;PPP1R15A;HPRT1;FDXR;IFI30;ACACA;USO1;ALDOA;GBE1;UBE2D3;GLA;SEC11A;LTA4H;EGLN3;POLR3G;HSPA4;MTHFD2;DHFR;UNG;HMBS;PDK1;DDIT4;PSME3;SYTL2;SLC37A4;SDF2L1;CCNG1;MTHFD2L;CD9	HCC38	PEX14	439	1666	36601	mean_log_expr_perturbed_minus_control	False	H	Metabolic state	Mtorc1 Signaling	HALLMARK_MTORC1_SIGNALING	HCC38 / PEX14	12	Tier 2	top by NES variance (0.071)	6	HCC1143	0.3236974789915966	0.62	50
HALLMARK_OXIDATIVE_PHOSPHORYLATION	-0.742880576934827	-1.82755120858525	3.15374958973478e-09	down	200	183	7.88437397433695e-08	0.774939030136436	COX5B;TIMM13;ECHS1;COX7C;LDHA;NDUFB7;UQCRC2;UQCR10;COX6A1;MGST3;SLC25A3;ETFB;AFG3L2;COX6C;SLC25A5;NDUFB8;NDUFB1;COX4I1;UQCRB;UQCRFS1;ECI1;NDUFB4;ACAT1;LRPPRC;COX7B;HADHA;GPX4;NDUFV2;FH;ATP6V1F;NDUFS7;CYCS;MRPL34;ECH1;MRPS15;COX5A;NDUFAB1;MDH2;ATP6V1G1;VDAC1;SDHB;GOT2;VDAC3;HSPA9;IDH3B;UQCRC1;IMMT;COX6B1;HSD17B10;ATP6V1C1;UQCR11;NDUFV1;LDHB;ACADVL;NDUFC2;TIMM10;GRPEL1;MDH1;SUCLG1;MRPL35;ATP6V0B;DECR1;PDHB;NDUFB2;NDUFA1;NDUFC1;IDH2;NDUFS3;TIMM9;UQCRQ;ATP6V1D;MRPS12;TOMM22;DLAT;ISCU;SURF1;NDUFA7;MRPS11;NDUFB6;CYB5R3;POR;BCKDHA;COX7A2;MTRF1;PMPCA;NDUFA2;NDUFS8;AIFM1;IDH3G;FXN;ACAA2;NDUFA3;SLC25A6	HCC38	PEX14	439	1666	36601	mean_log_expr_perturbed_minus_control	False	H	Metabolic state	Oxidative Phosphorylation	HALLMARK_OXIDATIVE_PHOSPHORYLATION	HCC38 / PEX14	12	Tier 2	top by NES variance (0.071)	7	HCC1143	0.3236974789915966	0.62	50
HALLMARK_E2F_TARGETS	0.426739047782695	1.19660845599698	0.0504041844983357	up	200	196	0.193862248070522	0.139715216553372	CENPE;UBE2S;SMC4;TP53;CDKN3;KIF4A;DLGAP5;H2AFX;HMGB2;PLK1;ANP32E;RRM2;KIF2C;KIF18B;RAD51AP1;TOP2A;EED;BIRC5;CDC20;CCNB2;BUB1B;CKS2;NUP107;CCP110;LUC7L3;DIAPH3;BARD1;LMNB1;CDCA3;ATAD2;RAD21;CKS1B;AURKA;CBX5;DSCC1;KPNA2;CDK1;CDKN1B;HMGB3;MAD2L1;PTTG1;RBBP7;CDCA8;CTCF;NCAPD2;DEPDC1;LBR;SPAG5;EZH2;WEE1;WDR90;TRA2B;CDC25A;TMPO;NOP56;MCM2;CDC25B;MXD3;SSRP1;PSIP1;ASF1B;SPC25;CCNE1;PHF5A;HUS1;ORC2;RACGAP1;ASF1A;POLA2;UBE2T;TACC3	HCC38	PEX14	439	1666	36601	mean_log_expr_perturbed_minus_control	False	H	Proliferation / cell cycle	E2F Targets	HALLMARK_E2F_TARGETS	HCC38 / PEX14	12	Tier 2	top by NES variance (0.071)	8	HCC1143	0.3236974789915966	0.62	50
HALLMARK_G2M_CHECKPOINT	0.591509390367837	1.65463303347077	8.01218198907618e-06	up	200	193	0.0001001522748634	0.593325476396405	CENPE;SQLE;UBE2S;SMC4;TPX2;CENPF;MTF2;MARCKS;SFPQ;CDKN3;KIF4A;NOTCH2;KIF11;H2AFX;INCENP;ODC1;PLK1;DBF4;UBE2C;KIF2C;NUMA1;TOP2A;BIRC5;MEIS2;CENPA;CDC20;KIF23;HIRA;CCNB2;PRC1;CKS2;NUSAP1;CCNA2;SS18;BUB1;SLC38A1;BARD1;LMNB1;CCNT1;TLE3;MAPK14;RAD21;CKS1B;AURKA;ARID4A;KPNA2;CDK1;CDKN1B;HMGB3;MAD2L1;PTTG1;TTK;CTCF;ABL1;NUP50;MT2A;PAFAH1B1;LBR;ATRX;RASAL2;HOXC10;EZH2;TRA2B;SLC7A1;CDC25A;PRPF4B;TMPO;CHAF1A;STIL;POLQ;MCM2;CDC25B;HIST1H2BK;HIF1A;PBK;NEK2;SMARCC1;CCNF;PURA;CCND1;CUL3;HUS1;BCL3;RACGAP1;MNAT1;ATF5;POLA2;TACC3;E2F1;EGF;SLC12A2;KIF20B;CDK4	HCC38	PEX14	439	1666	36601	mean_log_expr_perturbed_minus_control	False	H	Proliferation / cell cycle	G2M Checkpoint	HALLMARK_G2M_CHECKPOINT	HCC38 / PEX14	12	Tier 2	top by NES variance (0.071)	9	HCC1143	0.3236974789915966	0.62	50
HALLMARK_MYC_TARGETS_V1	-0.753153084458709	-1.86277056584906	2.49696943947339e-10	down	200	197	1.24848471973669e-08	0.814035837847908	RPL22;LDHA;SLC25A3;C1QBP;CCT3;RAN;NPM1;EIF4A1;NME1;RPS2;DDX21;RPL14;RSL1D1;PPIA;SERBP1;NOLC1;TUFM;GSPT1;PSMC6;HSP90AB1;RPS6;IARS;RANBP1;CCT4;PTGES3;VBP1;XRCC6;SRSF2;EIF2S2;SSBP1;COPS5;PHB;EPRS;CUL1;G3BP1;SRM;RPLP0;PSMA1;PSMA2;PRDX4;RPL6;PPM1G;RPL18;COX5A;SRSF7;PABPC1;NDUFAB1;VDAC1;PSMA7;HNRNPR;RPS10;EIF3D;PSMD7;GOT2;VDAC3;PSMB3;DEK;PSMC4;YWHAQ;EIF3J;CBX3;MRPL9;IMPDH2;RPL34;LSM2;CCT5;RAD23B;HNRNPC;PSMD8;PCNA;SNRPD3;POLD2;RUVBL2;PSMA4;MCM7;HNRNPD;SF3A1;PGK1;MCM4;KPNB1;NCBP2;APEX1;GNL3;HSPD1;PSMD3;PWP1;ETF1;TFDP1;AP3S1;YWHAE;UBE2L3;CCT7;RPS5;SNRPB2;BUB3;PSMD14;KARS;EXOSC7;HNRNPA1;PA2G4;DHX15;TARDBP;NCBP1;HPRT1;ERH;TYMS;AIMP2;EIF2S1;POLE3;H2AFZ;CAD;RPS3;LSM7;ABCE1;NAP1L1;SRSF3;HNRNPA2B1;MCM5	HCC38	PEX14	439	1666	36601	mean_log_expr_perturbed_minus_control	False	H	Proliferation / cell cycle	Myc Targets V1	HALLMARK_MYC_TARGETS_V1	HCC38 / PEX14	12	Tier 2	top by NES variance (0.071)	10	HCC1143	0.3236974789915966	0.62	50
HALLMARK_HYPOXIA	-0.42292964093217	-1.04401128211274	0.355600711201422	down	200	191	0.522942222355033	0.023137682019023	ENO1;LDHA;TPI1;MIF;EXT1;ERRFI1;GAPDH;KLF6;PAM;BNIP3L;UGP2;PFKP;PGK1;PFKL;PGM1;PGM2;MAP3K1;PRDX5;S100A4;KDELR3;XPNPEP1;IDS;TPST2;P4HA2;PPP1R15A;ATP7A;SLC25A1;ALDOA;ANKZF1;HDLBP;PNRC1;GBE1;GYS1;KDM3A;FOXO3;GALK1;SULT2B1;AMPD3;GPC1;HMOX1;ADM;PLAUR;CHST3;GAA;PDK1;DDIT4;SLC37A4;KLF7;ANXA2;NDRG1;TPD52;TMEM45A;TPBG;PLAC8;CAV1;SLC2A1;PLIN2;HK1	HCC38	PEX14	439	1666	36601	mean_log_expr_perturbed_minus_control	False	H	Proteostasis / stress	Hypoxia	HALLMARK_HYPOXIA	HCC38 / PEX14	12	Tier 2	top by NES variance (0.071)	11	HCC1143	0.3236974789915966	0.62	50
HALLMARK_REACTIVE_OXIGEN_SPECIES_PATHWAY	-0.627512949377861	-1.30950950020613	0.0868829770874981	down	49	46	0.255538167904406	0.0589828311509697	SOD1;PRDX1;ATOX1;NDUFB4;MBP;GPX4;GCLM;TXN;PRDX4;MGST1;PFKP;CAT;G6PD;PRDX6;GLRX2;NQO1;TXNRD2;SBNO2;FTL;JUNB	HCC38	PEX14	439	1666	36601	mean_log_expr_perturbed_minus_control	False	H	Proteostasis / stress	Reactive Oxigen Species Pathway	HALLMARK_REACTIVE_OXIGEN_SPECIES_PATHWAY	HCC38 / PEX14	12	Tier 2	top by NES variance (0.071)	12	HCC1143	0.3236974789915966	0.62	50
HALLMARK_UNFOLDED_PROTEIN_RESPONSE	-0.461364123591058	-1.0784216341747	0.303561643835617	down	113	109	0.478350700682717	0.0270431395006687	YWHAZ;NPM1;EIF4A1;SPCS1;PDIA6;NOLC1;IARS;ATP6V0D1;HSPA9;PSAT1;SEC31A;RPS14;NFYB;EXOC2;BAG3;IMP3;KDELR3;TTC37;NOP14;EIF4A2;EXOSC4;EIF2S1;DNAJC3;CEBPB;LSM1;EXOSC9;SEC11A;MTHFD2;DDX10;EIF4E;PARN;EEF2;PREB;DDIT4	HCC38	PEX14	439	1666	36601	mean_log_expr_perturbed_minus_control	False	H	Proteostasis / stress	Unfolded Protein Response	HALLMARK_UNFOLDED_PROTEIN_RESPONSE	HCC38 / PEX14	12	Tier 2	top by NES variance (0.071)	13	HCC1143	0.3236974789915966	0.62	50
HALLMARK_EPITHELIAL_MESENCHYMAL_TRANSITION	0.402073296360275	1.12650173769651	0.120018975332068	up	200	195	0.285759465076353	0.0896376494762061	SLIT2;IGFBP3;TGM2;NOTCH2;FGF2;CDH2;TPM4;BASP1;FSTL1;WIPF1;SERPINE2;CALD1;MEST;MYL9;DKK1;GADD45A;DAB2;QSOX1;INHBA;LAMA3;FBN1;COL12A1;GLIPR1;ITGB5;PMEPA1;CAP2;TPM1;FBLN1;COL1A1;COL6A3;COL4A2;CTHRC1;FSTL3;PMP22;LOXL2;FN1;FLNA;CALU;FERMT2;SPARC;COL7A1;COL6A2;SERPINH1;COL5A2;GADD45B;ITGA5;SDC4	HCC38	PEX14	439	1666	36601	mean_log_expr_perturbed_minus_control	False	H	State remodeling	Epithelial Mesenchymal Transition	HALLMARK_EPITHELIAL_MESENCHYMAL_TRANSITION	HCC38 / PEX14	12	Tier 2	top by NES variance (0.071)	14	HCC1143	0.3236974789915966	0.62	50
HALLMARK_APOPTOSIS	0.495095975989758	1.22849498790531	0.0733640552995392	up	161	158	0.141084721729883	0.070908526474039	GPX4;TGFB2;HSPB1;TNFRSF12A;KRT18;ANXA1;DNAJC3;TAP1;ISG20;BCAP31;GSN;DNAJA1;CASP4;TIMP1;BID;TSPO;IER3;JUN;SQSTM1;IGFBP6;SPTAN1;CASP6;BTG3;IFNGR1;PAK1;IRF1;DAP;CCND1;LMNA;CYLD;NEDD9;MGMT;GADD45B;RELA;CCNA1;PSEN2;RARA;GADD45A;SLC20A1;CDKN1A;FAS;BCL2L2;H1F0;ERBB3;CLU;VDAC2;BNIP3L;ENO2;TIMP2;DNM1L;RETSAT	HCC38	PA2G4	194	1666	36601	mean_log_expr_perturbed_minus_control	False	H	Cell death / stress	Apoptosis	HALLMARK_APOPTOSIS	HCC38 / PA2G4	13	Tier 2	top by NES variance (0.068)	0	HCC1143	0.33858343337334934	0.64	50
HALLMARK_P53_PATHWAY	0.575040758382989	1.45727872135654	0.0030685920577617	up	200	196	0.0219185146982981	0.354819512103747	SLC3A2;SFN;HINT1;CTSD;VAMP8;HIST1H1C;PERP;RPS12;ZFP36L1;IRAK1;TAP1;EPHX1;SEC61A1;RPL36;PLK2;IFI30;FAM162A;NINJ1;PMM1;IER3;JUN;TAX1BP3;ADA;TRIAP1;ITGB4;HRAS;CCNK;BAIAP2;BTG1;PRMT2;TPD52L1;TRAF4;PDGFA;ST14;HIST3H2A;RB1;HSPA4L;DRAM1;SPHK1;BLCAP;MXD4;SERPINB5;STOM;AK1;S100A10;GADD45A;MDM2;TRAFD1;CDKN1A;FAS;EPS8L2;NUPR1;CDKN2AIP;S100A4;HEXIM1;TM4SF1;CD82;TP63;PLXNB2;CCND3;BAK1;CD81;CGRRF1;TM7SF3;NDRG1;HDAC3;RETSAT;POM121;FOS;NUDT15	HCC38	PA2G4	194	1666	36601	mean_log_expr_perturbed_minus_control	False	H	Cell death / stress	P53 Pathway	HALLMARK_P53_PATHWAY	HCC38 / PA2G4	13	Tier 2	top by NES variance (0.068)	1	HCC1143	0.33858343337334934	0.64	50
HALLMARK_TNFA_SIGNALING_VIA_NFKB	0.493921864638829	1.25180461701424	0.0466377440347072	up	200	197	0.105994872806153	0.0887403498066145	EIF1;JUNB;TAP1;PLK2;BHLHE40;NFKB1;CEBPD;HES1;TANK;TNFAIP2;NINJ1;IER3;JUN;SQSTM1;IL6ST;MARCKS;BTG3;PDLIM5;NFKBIA;RELB;BTG1;SGK1;EDN1;IRF1;PHLDA2;JAG1;INHBA;IFIH1;CCND1;IER2;DDX58;VEGFA;DRAM1;PMEPA1;GADD45B;SPHK1;RELA;CCL5;GADD45A;RIPK2;GFPT2;CDKN1A;IL15RA;TIPARP;TNIP1;CD83;EGR1;DUSP4;NFKB2;IL7R;MAP2K3;FOS;KDM6B;ICAM1;TNFAIP6;EFNA1;SERPINB8;KLF4;YRDC;B4GALT5;CD44;TNC;IL23A	HCC38	PA2G4	194	1666	36601	mean_log_expr_perturbed_minus_control	False	H	Cell death / stress	Tnfa Signaling Via Nfkb	HALLMARK_TNFA_SIGNALING_VIA_NFKB	HCC38 / PA2G4	13	Tier 2	top by NES variance (0.068)	2	HCC1143	0.33858343337334934	0.64	50
HALLMARK_INTERFERON_ALPHA_RESPONSE	0.752966363251041	1.75701931894383	3.44627833984493e-05	up	97	93	0.0004307847924806	0.557332238758646	HLA-C;B2M;PSMB9;PSME2;TAP1;PSME1;ISG20;IFI30;PSMB8;LY6E;ISG15;PSMA3;NUB1;NMI;NCOA7;IRF1;UBE2L6;IFIH1;USP18;IFI35;MX1;PARP14;CNP;RIPK2;TRAFD1;DDX60;CD47;EPSTI1;IFI44;SAMD9L;TRIM14;EIF2AK2;OASL;OGFR;SELL;TRIM5;IRF9;IL15;CASP1;ADAR;TXNIP;IL4R	HCC38	PA2G4	194	1666	36601	mean_log_expr_perturbed_minus_control	False	H	Inflammatory / interferon	Interferon Alpha Response	HALLMARK_INTERFERON_ALPHA_RESPONSE	HCC38 / PA2G4	13	Tier 2	top by NES variance (0.068)	3	HCC1143	0.33858343337334934	0.64	50
HALLMARK_INTERFERON_GAMMA_RESPONSE	0.654464578884373	1.65785896685152	2.15617205336733e-05	up	200	198	0.0003593620088945	0.575610261071129	HLA-B;B2M;PSMB9;HLA-A;PSME2;VAMP8;PFKP;TAP1;PSME1;SRI;ISG20;IFI30;MVP;NFKB1;CASP4;TAPBP;PSMB8;TNFAIP2;LY6E;NCOA3;ISG15;ARL4A;PSMB2;PSMA3;STAT1;NFKBIA;NMI;BTG1;IRF1;UBE2L6;IFIH1;USP18;DDX58;PSMB10;IFI35;MX1;MX2;CCL5;SPPL2A;PARP14;PNP;BPGM;PML;MYD88;RIPK2;TRAFD1;CDKN1A;FAS;NOD1;DDX60;IL15RA;EPSTI1;IFI44;SAMD9L;SAMHD1;TRIM14;EIF2AK2;OASL;OGFR	HCC38	PA2G4	194	1666	36601	mean_log_expr_perturbed_minus_control	False	H	Inflammatory / interferon	Interferon Gamma Response	HALLMARK_INTERFERON_GAMMA_RESPONSE	HCC38 / PA2G4	13	Tier 2	top by NES variance (0.068)	4	HCC1143	0.33858343337334934	0.64	50
HALLMARK_GLYCOLYSIS	0.500599265045267	1.26809457246609	0.0373865698729583	up	200	198	0.0890156425546625	0.0996000488530923	IGFBP3;TPI1;CLDN3;MIF;PFKP;PSMC4;HSPA5;COPB2;P4HA2;P4HA1;ISG20;SOX9;FAM162A;GOT2;TALDO1;MDH1;CHPF;PGAM1;DSC2;AKR1A1;PLOD1;PPIA;IER3;B3GAT3;ENO1;CASP6;LDHA;PYGL;ARPP19;SDC2;TGFBI;PMM2;TXN;TSTA3;COG2;AGL;SLC16A3;IDH1;G6PD;DLD;PC;HAX1;HDLBP;CLN6;GPC1;VEGFA;HOMER1;RPE;QSOX1;SPAG4;ANGPTL4;FKBP4;ELF3;NDUFV3;MPI;GLCE;ADORA2B;ME1	HCC38	PA2G4	194	1666	36601	mean_log_expr_perturbed_minus_control	False	H	Metabolic state	Glycolysis	HALLMARK_GLYCOLYSIS	HCC38 / PA2G4	13	Tier 2	top by NES variance (0.068)	5	HCC1143	0.33858343337334934	0.64	50
HALLMARK_MTORC1_SIGNALING	0.405511015635742	1.02765337195119	0.374548736462094	up	200	196	0.456766751783041	0.0281990184071865	SEC11A;TPI1;PSMC4;HSPA5;P4HA1;M6PR;IFI30;HSP90B1;CTSC;BHLHE40;MLLT11;TUBA4A;CANX;PPIA;UFM1;SORD;PSMA4;RRP9;ACTR2;ELOVL6;SQSTM1;ENO1;SLC9A3R1;LDHA;CALR;SLC2A1;PSMA3;COPS5;SSR1;HSPE1;NMT1;ACSL3;PPA1;IDH1;G6PD;PSMD12;EEF1E1;ACTR3;PSME3;SERPINH1;STIP1;SDF2L1;QDPR;PNP;GBE1;PRDX1;NFKBIB;ME1;CD9;CDKN1A;NUPR1;HSPD1;PSMC6;PSMB5;LGMN;GAPDH;PSMD13;FKBP2;DAPP1;SLC7A5;DHCR7;ACLY;HSPA9;SRD5A1;XBP1	HCC38	PA2G4	194	1666	36601	mean_log_expr_perturbed_minus_control	False	H	Metabolic state	Mtorc1 Signaling	HALLMARK_MTORC1_SIGNALING	HCC38 / PA2G4	13	Tier 2	top by NES variance (0.068)	6	HCC1143	0.33858343337334934	0.64	50
HALLMARK_OXIDATIVE_PHOSPHORYLATION	0.615464166863895	1.54896804363607	0.0005292523020032	up	200	183	0.0045653635634493	0.477270815362862	TIMM8B;GPX4;UQCR10;MRPS22;IDH3G;UQCRH;HSD17B10;NDUFS1;DECR1;COX6B1;MRPS15;ACADVL;ATP6V0C;NDUFV1;UQCR11;GOT2;MDH1;ATP6V0E1;COX7A2L;ECH1;UQCRQ;SURF1;CYB5R3;PDP1;COX6C;ATP6V0B;CYC1;ACAA2;HADHA;COX7A2;ATP6AP1;LDHA;NDUFS2;NDUFA1;SUCLG1;NDUFA4;NDUFA6;HCCS;NDUFS8;UQCRC2;COX5B;MRPL11;NDUFS6;NDUFB3;POLR2F;ECHS1;NDUFS4;OXA1L;NDUFB8;HTRA2;IDH1;COX11;NDUFB7;DLD;TIMM13;ISCA1;COX8A;NDUFA2;HADHB;IDH2;SLC25A4;OPA1;AIFM1;NDUFB2;COX7C;IDH3B;MRPS11;GRPEL1;DLST;FH;BDH2;NDUFA9;NQO2;TIMM17A;PDHX;UQCRC1;PMPCA;ATP6V1F;HSPA9;NDUFAB1;NDUFA7;ACAT1;VDAC2;ETFA;ACAA1;NDUFS3;RETSAT;TCIRG1;COX10;ECI1;BCKDHA;ALDH6A1;NDUFB4;SLC25A11	HCC38	PA2G4	194	1666	36601	mean_log_expr_perturbed_minus_control	False	H	Metabolic state	Oxidative Phosphorylation	HALLMARK_OXIDATIVE_PHOSPHORYLATION	HCC38 / PA2G4	13	Tier 2	top by NES variance (0.068)	7	HCC1143	0.33858343337334934	0.64	50
HALLMARK_E2F_TARGETS	-0.806201667085622	-2.06449401320834	1e-10	down	200	196	3.56126815762678e-09		PA2G4;H2AFZ;TOP2A;HMGB2;ATAD2;DLGAP5;MKI67;CENPE;PTTG1;SMC4;PSIP1;CDK1;BRCA2;HMGA1;AURKA;DEK;KPNA2;BIRC5;CDCA8;CDC20;KIF18B;CDKN3;CENPM;NAP1L1;TMPO;HMGB3;RACGAP1;PDS5B;CKS2;LYAR;UBE2S;CIT;NUP205;KIF2C;CTCF;NOLC1;NUP153;STMN1;DNMT1;HNRNPD;DUT;TRIP13;PRIM2;CBX5;DEPDC1;SMC6;RAD51AP1;SYNCRIP;KIF4A;SRSF1;SMC1A;MSH2;LMNB1;NUP107;SPAG5;RAD21;HMMR;NASP;SPC25;LBR;DIAPH3;ANP32E;CDCA3;CSE1L;GSPT1;RFC3;GINS4;TUBB;PLK1;STAG1;GINS1;UBE2T;IPO7;BUB1B;MTHFD2;NCAPD2;MELK;ORC6;RAD50;CDC25B;ILF3;RPA1;TRA2B;BRCA1;MCM4;ASF1B;TK1;TFRC;RPA3;TACC3;PCNA;BARD1;MLH1;PPM1D;DCK;NUDT21;E2F8;ESPL1;EZH2;PNN;EED;PLK4;MCM7;HUS1;DSCC1;TIMELESS;POLD3;MCM2;PSMC3IP;SSRP1;POLD2;MAD2L1;NAA38;MCM5;HELLS	HCC38	PA2G4	194	1666	36601	mean_log_expr_perturbed_minus_control	False	H	Proliferation / cell cycle	E2F Targets	HALLMARK_E2F_TARGETS	HCC38 / PA2G4	13	Tier 2	top by NES variance (0.068)	8	HCC1143	0.33858343337334934	0.64	50
HALLMARK_G2M_CHECKPOINT	-0.788651441378649	-2.01753163342839	1.42450726305071e-10	down	200	193	3.56126815762678e-09	0.826657301178302	TPX2;CENPF;H2AFZ;TOP2A;TOP1;MKI67;CENPE;MT2A;PTTG1;PRPF4B;SMC4;NUSAP1;CDK1;BRCA2;PRC1;HMGA1;AURKA;KPNA2;HMGN2;BIRC5;CDC20;CDKN3;TMPO;HMGB3;CCNF;CDC27;EFNA5;RACGAP1;SMARCC1;PDS5B;CKS2;UBE2S;KIF20B;KIF2C;CTCF;RPS6KA5;CBX1;SQLE;NOLC1;PBK;STMN1;HNRNPD;UBE2C;EWSR1;ATRX;PRIM2;SYNCRIP;KIF4A;SRSF1;SMC1A;LMNB1;CDC7;RAD21;HNRNPU;HMMR;NASP;LBR;BUB1;G3BP1;DBF4;GSPT1;TFDP1;RBL1;PLK1;STAG1;HIF1A;CASP8AP2;E2F3;PAFAH1B1;CHAF1A;NUP50;ORC6;CDC25B;ILF3;TTK;TRA2B;CENPA;KIF23;CUL4A;CCNA2;TACC3;MTF2;E2F1;AMD1;BARD1;CUL5;BCL3;NDC80;INCENP;ARID4A;UCK2;YTHDC1;CUL3;FBXO5;ODC1;ESPL1;SAP30;SNRPD1;EZH2;DR1;PLK4;HUS1;BUB3;HIST1H2BK;SMAD3;MCM2;KIF15;SLC38A1;MAD2L1;MCM5;MNAT1;KIF11;TROAP	HCC38	PA2G4	194	1666	36601	mean_log_expr_perturbed_minus_control	False	H	Proliferation / cell cycle	G2M Checkpoint	HALLMARK_G2M_CHECKPOINT	HCC38 / PA2G4	13	Tier 2	top by NES variance (0.068)	9	HCC1143	0.33858343337334934	0.64	50
HALLMARK_MYC_TARGETS_V1	-0.484308964431733	-1.2407810015166	0.060178970917226	down	200	197	0.125372856077554	0.0868545009090863	PA2G4;RPL6;H2AFZ;PTGES3;FBL;RPL14;RPL34;DEK;CNBP;KPNA2;RSL1D1;CDC20;PABPC1;NAP1L1;XPOT;SMARCC1;C1QBP;NOLC1;HNRNPD;DUT;EPRS;SSBP1;EIF1AX;SET;SYNCRIP;SRSF1;HNRNPU;SSB;G3BP1;HPRT1;GSPT1;STARD7;TFDP1;SRSF7;MRPL9;APEX1;PRDX3;COX5A;CBX3;RPS6;TRA2B;PGK1;MCM4;POLE3;PSMA2;PCBP1;CCNA2;PCNA;RRM1;SNRPB2;YWHAQ;EIF4H;RPL18;NCBP1;EIF3B;PSMD14;ODC1;SNRPD1;UBE2E1;MCM7;DDX18;HNRNPC;FAM120A;BUB3;MCM2;VDAC3;POLD2;MAD2L1;MCM5;CLNS1A	HCC38	PA2G4	194	1666	36601	mean_log_expr_perturbed_minus_control	False	H	Proliferation / cell cycle	Myc Targets V1	HALLMARK_MYC_TARGETS_V1	HCC38 / PA2G4	13	Tier 2	top by NES variance (0.068)	10	HCC1143	0.33858343337334934	0.64	50
HALLMARK_HYPOXIA	0.483768120414231	1.22309147315152	0.066715142701327	up	200	191	0.133430285402654	0.0739656151550254	IGFBP3;TPI1;PRDX5;MIF;PFKP;HSPA5;P4HA2;P4HA1;ISG20;BHLHE40;FAM162A;MYH9;NAGK;IER3;JUN;KLF7;ENO1;CASP6;LDHA;XPNPEP1;SLC2A1;RBPJ;BTG1;PLIN2;SDC2;TGFBI;JMJD6;ERRFI1;PHKG1;HDLBP;GPC1;VEGFA;PDGFB;NDST1;ANGPTL4;GBE1;DTNA;HOXB9;ADORA2B;TMEM45A;STBD1;CDKN1A;MT1E;S100A4;EDN2;MAP3K1;ANXA2;GAPDH;ETS1;TIPARP;GALK1;BNIP3L;ENO2;NDRG1;ADM;FOS;IDS;HEXA	HCC38	PA2G4	194	1666	36601	mean_log_expr_perturbed_minus_control	False	H	Proteostasis / stress	Hypoxia	HALLMARK_HYPOXIA	HCC38 / PA2G4	13	Tier 2	top by NES variance (0.068)	11	HCC1143	0.33858343337334934	0.64	50
HALLMARK_REACTIVE_OXIGEN_SPECIES_PATHWAY	0.573331034702051	1.20432006066176	0.171330011498658	up	49	46	0.25679469184637	0.0460578909158033	GPX4;MGST1;PFKP;SBNO2;JUNB;FTL;PRDX4;PRDX6;NDUFS2;NDUFA6;STK25;ABCC1;TXN;G6PD;PRDX1	HCC38	PA2G4	194	1666	36601	mean_log_expr_perturbed_minus_control	False	H	Proteostasis / stress	Reactive Oxigen Species Pathway	HALLMARK_REACTIVE_OXIGEN_SPECIES_PATHWAY	HCC38 / PA2G4	13	Tier 2	top by NES variance (0.068)	12	HCC1143	0.33858343337334934	0.64	50
HALLMARK_UNFOLDED_PROTEIN_RESPONSE	0.572745974672543	1.36482482576695	0.0243810952738185	up	113	109	0.0799537289058247	0.125952931638622	SEC11A;YIF1A;EEF2;HSPA5;DNAJC3;NHP2;HSP90B1;EIF4A1;PARN;RRP9;SPCS1;LSM1;CALR;ATP6V0D1;RPS14;ATF4;SSR1;IMP3;HYOU1;HERPUD1;PDIA6;FKBP14;GOSR2;SRPRB;EIF4EBP1;ARFGAP1;VEGFA;FUS;EXOSC1;DKC1;CNOT2;WIPI1;KHSRP;EXOSC10;GEMIN4;SPCS3;BANF1;DNAJA4;SHC1;SLC7A5;HSPA9;XBP1;EIF4A3;KIF5B;YWHAZ	HCC38	PA2G4	194	1666	36601	mean_log_expr_perturbed_minus_control	False	H	Proteostasis / stress	Unfolded Protein Response	HALLMARK_UNFOLDED_PROTEIN_RESPONSE	HCC38 / PA2G4	13	Tier 2	top by NES variance (0.068)	13	HCC1143	0.33858343337334934	0.64	50
HALLMARK_EPITHELIAL_MESENCHYMAL_TRANSITION	0.606183634966271	1.53500865302644	0.0005478436276139	up	200	195	0.0045653635634493	0.477270815362862	MGP;PPIB;FLNA;MYL9;IGFBP3;TPM2;TNFRSF12A;COPA;TPM1;PDLIM4;COL6A2;LGALS1;CALD1;ADAM12;ANPEP;GLIPR1;ITGB1;TIMP1;FERMT2;PLOD1;ITGAV;LOXL2;IL32;FSTL1;JUN;CAPG;SERPINE2;TPM4;ITGB5;CALU;TGFBI;SFRP1;VIM;CD59;INHBA;SLIT2;LAMC2;ITGA2;GPC1;SPARC;VEGFA;PMEPA1;GADD45B;QSOX1;SERPINH1;COL16A1;COL7A1;GADD45A;FSTL3;LAMC1;FAS;ACTA2;ITGA5;COL6A3;GAS1;WIPF1;DKK1;OXTR;ENO2	HCC38	PA2G4	194	1666	36601	mean_log_expr_perturbed_minus_control	False	H	State remodeling	Epithelial Mesenchymal Transition	HALLMARK_EPITHELIAL_MESENCHYMAL_TRANSITION	HCC38 / PA2G4	13	Tier 2	top by NES variance (0.068)	14	HCC1143	0.33858343337334934	0.64	50
HALLMARK_APOPTOSIS	0.332403059716063	0.968683342260619	0.527588168373151	up	161	149	0.688455136934483	0.0302358693091482	JUN;RELA;SAT1;TOP2A;TNFRSF12A;PTK2;SQSTM1;BNIP3L;DDIT3;GSR;CREBBP;ATF3;IFNGR1;FDXR;RETSAT;CASP9;BTG2;TIMP1;DIABLO;LGALS3;IGF2R;GADD45A;SLC20A1;WEE1;PSEN2;IER3;DAP;MADD;BRCA1;BCL10	K562_13d	IRF1	813	3491	21713	mean_log_expr_perturbed_minus_control	False	H	Cell death / stress	Apoptosis	HALLMARK_APOPTOSIS	K562_13d / IRF1	14	Tier 2	top by NES variance (0.063)	0	K562_7d	0.36662665066026406	0.64	50
HALLMARK_P53_PATHWAY	0.403051378385951	1.21030304690242	0.0601329864122579	up	200	192	0.21357519016969	0.0991087684263433	CCNG1;JUN;RPS12;ADCK3;RPL36;AK1;SAT1;BTG1;MAPKAPK3;TRIB3;OSGIN1;RPS27L;TPD52L1;DDIT3;PPP1R15A;ATF3;BAK1;HINT1;GM2A;S100A4;FDXR;RETSAT;RRP8;BTG2;HIST1H1C;TAX1BP3;GADD45A;SOCS1;SERTAD3;RPL18;CYFIP2;NUPR1;RAD51C;DEF6;EPS8L2;MKNK2;IER3;IER5;TRIAP1;FGF13;BLCAP;ZMAT3;RCHY1;CD81;BAIAP2;WWP1;SESN1;F2R;PROCR;HSPA4L;PLK3;TNFSF9;NINJ1;MXD1;IKBKAP;HEXIM1;FUCA1;ANKRA2;CSRNP2;UPP1;XPC;KIF13B;TRAFD1;JAG2;MDM2	K562_13d	IRF1	813	3491	21713	mean_log_expr_perturbed_minus_control	False	H	Cell death / stress	P53 Pathway	HALLMARK_P53_PATHWAY	K562_13d / IRF1	14	Tier 2	top by NES variance (0.063)	1	K562_7d	0.36662665066026406	0.64	50
HALLMARK_TNFA_SIGNALING_VIA_NFKB	0.403625154751807	1.20582639623872	0.064072557050907	up	200	186	0.21357519016969	0.0965275765869161	JUN;RELA;CCNL1;G0S2;SAT1;PDLIM5;BTG1;TANK;TRIP10;SQSTM1;PPP1R15A;CSF1;ATF3;CXCL3;MYC;TGIF1;BTG2;PER1;GADD45A;PLAUR;KLF6;IER3;CYR61;IER5;FUT4;LAMB3;TIPARP;NFIL3;ZFP36;B4GALT5;TNFSF9;BCL6;PNRC1;NINJ1;MXD1;SLC2A3;CFLAR;LITAF;CEBPD;EHD1;CCL5;MAFF;JUNB;FOSB	K562_13d	IRF1	813	3491	21713	mean_log_expr_perturbed_minus_control	False	H	Cell death / stress	Tnfa Signaling Via Nfkb	HALLMARK_TNFA_SIGNALING_VIA_NFKB	K562_13d / IRF1	14	Tier 2	top by NES variance (0.063)	2	K562_7d	0.36662665066026406	0.64	50
HALLMARK_INTERFERON_ALPHA_RESPONSE	-0.600311906673017	-1.54686878209821	0.0034319333224383	down	97	86	0.0285994443536526	0.318279675040437	PSME2;IFITM3;LY6E;PSME1;BST2;PNPT1;NUB1;ISG15;IFITM2;B2M;PSMA3;UBE2L6;CD47;NMI;IRF1;TRIM14;IFI35;LGALS3BP	K562_13d	IRF1	813	3491	21713	mean_log_expr_perturbed_minus_control	False	H	Inflammatory / interferon	Interferon Alpha Response	HALLMARK_INTERFERON_ALPHA_RESPONSE	K562_13d / IRF1	14	Tier 2	top by NES variance (0.063)	3	K562_7d	0.36662665066026406	0.64	50
HALLMARK_INTERFERON_GAMMA_RESPONSE	-0.563797404282848	-1.57625620668378	0.0001321880683737	down	200	173	0.0016523508546723	0.518848077743792	PSME2;IFITM3;LY6E;RBCK1;PSME1;BST2;PNPT1;ISG15;SOD2;IFITM2;PTPN2;PIM1;SRI;ISOC1;B2M;PFKP;PSMA3;STAT3;RNF213;UBE2L6;ST3GAL5;BPGM;LYSMD2;NMI;NAMPT;NUP93;IRF1;VAMP8;TRIM14;PNP;TNFAIP2;IFI35;LGALS3BP;PSMB2;RIPK1;IFI27;PTPN1;CD69;TAPBP;LAP3;STAT1;RIPK2;CASP8;IL15RA;PSMB10;MTHFD2;STAT2	K562_13d	IRF1	813	3491	21713	mean_log_expr_perturbed_minus_control	False	H	Inflammatory / interferon	Interferon Gamma Response	HALLMARK_INTERFERON_GAMMA_RESPONSE	K562_13d / IRF1	14	Tier 2	top by NES variance (0.063)	4	K562_7d	0.36662665066026406	0.64	50
HALLMARK_GLYCOLYSIS	-0.537124355163127	-1.51251467332238	0.0004884408037898	down	200	184	0.0048844080378981	0.477270815362862	STMN1;MDH1;MDH2;ENO1;TPI1;PSMC4;CDK1;FKBP4;RBCK1;DLD;SDHC;FAM162A;TSTA3;B3GAT3;GALK1;SOD1;LDHA;DDIT4;MIF;GOT2;ALDOA;PFKP;NASP;AK3;PRPS1;COPB2;CHPF;AURKA;IDH1;KIF2A;AK4;MED24;CENPA;GALE;GOT1	K562_13d	IRF1	813	3491	21713	mean_log_expr_perturbed_minus_control	False	H	Metabolic state	Glycolysis	HALLMARK_GLYCOLYSIS	K562_13d / IRF1	14	Tier 2	top by NES variance (0.063)	5	K562_7d	0.36662665066026406	0.64	50
HALLMARK_MTORC1_SIGNALING	-0.461536360581535	-1.30503820226877	0.0225575369608291	down	200	198	0.10253425891286	0.117910116623497	ENO1;GPI;CCT6A;PDAP1;TOMM40;TPI1;RRM2;CACYBP;PSMC4;PRDX1;PSMG1;TCEA1;DDX39A;RRP9;ACTR3;HSPD1;PSMC6;LDHA;ARPC5L;TUBA4A;DDIT4;GAPDH;TUBG1;UBE2D3;COPS5;HSPA4;XBP1;HMBS;ALDOA;PSMA3;PSMA4;ETF1;PSMC2;AURKA;IDH1;AK4;EEF1E1;GOT1;SRD5A1;ACSL3;PNO1;HSPA9;HPRT1;CANX;ATP5G1;NFKBIB;IMMT;ABCF2;TXNRD1;UCHL5;IFRD1;EBP;ACLY;NAMPT;PSMD14;PNP;GSK3B;QDPR;SLC37A4;UFM1;TBK1;DHFR;FAM129A	K562_13d	IRF1	813	3491	21713	mean_log_expr_perturbed_minus_control	False	H	Metabolic state	Mtorc1 Signaling	HALLMARK_MTORC1_SIGNALING	K562_13d / IRF1	14	Tier 2	top by NES variance (0.063)	6	K562_7d	0.36662665066026406	0.64	50
HALLMARK_OXIDATIVE_PHOSPHORYLATION	-0.581148681533518	-1.64325347984232	1.59899280614267e-05	down	200	198	0.0003997482015356	0.575610261071129	ATP5B;MDH1;ATP5F1;MDH2;POLR2F;GPI;PDHA1;CYC1;NDUFS7;NDUFV1;LDHB;NDUFS3;SLC25A3;ATP5O;ATP5A1;NDUFA9;ACADVL;FH;DLD;SDHA;HCCS;SDHD;SDHC;MRPL15;MRPS12;ECH1;PHB2;NDUFC2;VDAC1;COX6B1;NDUFS2;LDHA;UQCRC2;PDHB;FDX1;SLC25A4;PRDX3;ACAT1;GRPEL1;SLC25A5;CYCS;UQCRC1;NDUFA4;BAX;NDUFA8;NDUFC1;GOT2;NDUFB6;ECHS1;SLC25A11;TIMM13;ATP5L;VDAC2;NDUFB7;IDH1;ETFA;ATP5D;SUCLG1;NDUFA5;ACAA1;CYB5R3;ATP5H;IDH3G;ATP5G3;HSPA9;HTRA2;ATP5G1;MTRR;COX6A1;IMMT;NDUFB4;PMPCA;COX5B;DLST;SUCLA2;SLC25A12;ETFB;ATP6V1C1;HSD17B10;SUPV3L1;BCKDHA;COX4I1;ATP6V1H;MRPS11;NDUFAB1;ATP5J;MRPS15;UQCRFS1;COX7B	K562_13d	IRF1	813	3491	21713	mean_log_expr_perturbed_minus_control	False	H	Metabolic state	Oxidative Phosphorylation	HALLMARK_OXIDATIVE_PHOSPHORYLATION	K562_13d / IRF1	14	Tier 2	top by NES variance (0.063)	7	K562_7d	0.36662665066026406	0.64	50
HALLMARK_E2F_TARGETS	-0.570426470206535	-1.61293540181076	3.46917367530678e-05	down	200	198	0.0005781956125511	0.557332238758646	STMN1;TUBB;TBRG4;SRSF2;RANBP1;RRM2;RAN;MCM7;CKS1B;CDK1;CSE1L;PA2G4;AK2;POLD2;DDX39A;PTTG1;PRDX4;PCNA;TK1;TRIP13;DCTPP1;POLE4;SPC24;LYAR;HNRNPD;TUBG1;H2AFZ;HMGA1;H2AFX;SLBP;RAD50;PNN;TCF19;UBE2S;DLGAP5;SPC25;CCNB2;NASP;XRCC6;CDK4;RPA2;PRPS1;SHMT1;PPP1R8;SNRPB;AURKA;MYBL2;STAG1;PSMC3IP;MMS22L;MLH1;SPAG5;PSIP1;NOLC1;RFC2;POP7;RQCD1;CDKN2C;MAD2L1;CIT;RAD51AP1;SMC3;NBN;POLA2;NME1;EXOSC8;CTCF;PRKDC;PDS5B;MSH2;LMNB1;CKS2;GINS3;GINS4;EED;RAD1;DUT;CDKN3;HMGB2;HMGB3;GSPT1;MCM4;MCM6;RPA3;MXD3;WDR90;DNMT1;SSRP1	K562_13d	IRF1	813	3491	21713	mean_log_expr_perturbed_minus_control	False	H	Proliferation / cell cycle	E2F Targets	HALLMARK_E2F_TARGETS	K562_13d / IRF1	14	Tier 2	top by NES variance (0.063)	8	K562_7d	0.36662665066026406	0.64	50
HALLMARK_G2M_CHECKPOINT	-0.464461554051395	-1.31267823456278	0.0201035638135851	down	200	196	0.100517819067926	0.124978791119589	STMN1;DTYMK;SRSF2;CKS1B;CDK1;H2AFV;CDC45;DDX39A;PTTG1;HSPA8;AMD1;TLE3;HNRNPD;H2AFZ;HMGA1;H2AFX;GINS2;UBE2S;MNAT1;CCNB2;NASP;ODC1;HMGN2;CDK4;RPA2;CCNA2;KIF5B;NDC80;E2F4;SNRPD1;AURKA;MYBL2;TPX2;STAG1;KIF20B;TFDP1;UCK2;CENPA;HNRNPU;NOLC1;SS18;CDKN2C;MAD2L1;E2F1;PAFAH1B1;SMARCC1;SFPQ;POLA2;CUL3;CTCF;PRMT5;SLC12A2;CENPF;TOP1;PDS5B;LMNB1;BUB3;CKS2;CDKN3;KIF11;CDC7;CHMP1A;NCL;HMGB3;GSPT1;EWSR1;PRC1;MCM6;STIL	K562_13d	IRF1	813	3491	21713	mean_log_expr_perturbed_minus_control	False	H	Proliferation / cell cycle	G2M Checkpoint	HALLMARK_G2M_CHECKPOINT	K562_13d / IRF1	14	Tier 2	top by NES variance (0.063)	9	K562_7d	0.36662665066026406	0.64	50
HALLMARK_MYC_TARGETS_V1	-0.627039757785548	-1.77374351522253	7.58955469857208e-08	down	200	199	3.79477734928604e-06	0.704975715167238	EIF4A1;PSMA7;PSMB3;PSMD3;CCT5;NHP2;SRSF7;CNBP;CYC1;C1QBP;HNRNPA2B1;PPM1G;SRSF2;RANBP1;PSMD8;U2AF1;HDAC2;RAN;PTGES3;MCM7;TCP1;PSMC4;SLC25A3;TYMS;PA2G4;SNRPD2;RPL6;CDC45;SNRPA;PHB;GNB2L1;POLD2;CCT3;CBX3;PRDX4;GLO1;PHB2;RRP9;ILF2;PCNA;VDAC1;HSP90AB1;HSPD1;PSMC6;LDHA;SRM;PRDX3;NPM1;HNRNPD;H2AFZ;RPS2;PSMA1;MRPS18B;COPS5;UBA2;GOT2;EIF1AX;CCT7;PRPF31;PRPS2;TXNL4A;FBL;ODC1;XRCC6;CDK4;PSMA4;CCNA2;ETF1;SSBP1;SERBP1;SRSF3;EIF4E;SNRPD1;PSMD7;TRIM28;CCT2;DHX15;TFDP1;HNRNPU;PSMA6;NOLC1;KARS;TUFM;MAD2L1;HPRT1;CANX;EIF4H;CSTF2;RNPS1;SMARCC1;SF3A1;NME1;IFRD1;UBE2E1;RPS10;BUB3;PSMD14;NDUFAB1;DUT;YWHAQ;LSM2;EXOSC7;PABPC4;PSMB2;EIF4G2;RFC4;GSPT1	K562_13d	IRF1	813	3491	21713	mean_log_expr_perturbed_minus_control	False	H	Proliferation / cell cycle	Myc Targets V1	HALLMARK_MYC_TARGETS_V1	K562_13d / IRF1	14	Tier 2	top by NES variance (0.063)	10	K562_7d	0.36662665066026406	0.64	50
HALLMARK_HYPOXIA	0.344584383952331	1.02849447103774	0.346585998271392	up	200	182	0.59694364851958	0.0390223216136609	JUN;PRDX5;MT2A;HOXB9;BTG1;GLRX;UGP2;BNIP3L;PTRF;DDIT3;SLC6A6;PPP1R15A;HSPA5;XPNPEP1;PGK1;ATF3;JMJD6;KDELR3;MXI1;HDLBP;S100A4;B3GALT6;TES;PRKCA;PLAUR;KDM3A;SAP30;KLF6;IER3;CYR61;CDKN1C;ZNF292;SLC2A1;P4HA1;PDK1;HEXA;TIPARP;NFIL3;NR3C1;ZFP36;CHST3;PNRC1;SLC25A1;NEDD4L;ENO2;CASP6;SLC2A3	K562_13d	IRF1	813	3491	21713	mean_log_expr_perturbed_minus_control	False	H	Proteostasis / stress	Hypoxia	HALLMARK_HYPOXIA	K562_13d / IRF1	14	Tier 2	top by NES variance (0.063)	11	K562_7d	0.36662665066026406	0.64	50
HALLMARK_REACTIVE_OXIGEN_SPECIES_PATHWAY	-0.556612832061981	-1.30942809227502	0.0880153070099148	down	49	47	0.216634130584386	0.0625245409501155	PRDX1;PRDX6;PRDX2;PRDX4;SOD2;SOD1;NDUFS2;ATOX1;PFKP;CAT;NQO1;EGLN2;PDLIM1;NDUFB4;TXNRD1;PRNP;STK25;SCAF4	K562_13d	IRF1	813	3491	21713	mean_log_expr_perturbed_minus_control	False	H	Proteostasis / stress	Reactive Oxigen Species Pathway	HALLMARK_REACTIVE_OXIGEN_SPECIES_PATHWAY	K562_13d / IRF1	14	Tier 2	top by NES variance (0.063)	12	K562_7d	0.36662665066026406	0.64	50
HALLMARK_UNFOLDED_PROTEIN_RESPONSE	-0.421085725398136	-1.11939251766116	0.223595505617978	down	113	111	0.447191011235955	0.0358688289733687	EIF4A1;NHP2;EXOSC4;CKS1B;LSM4;EIF4A2;EIF4EBP1;RRP9;DDIT4;NPM1;H2AFX;PDIA6;XBP1;KIF5B;EIF4E;EXOSC9;SHC1;CEBPB;LSM1;POP4;DNAJC3;NOLC1;HSPA9;EXOSC10;NOP14;SPCS3;GOSR2;EIF4A3;PARN;ZBTB17;YWHAZ;DCP1A;DCTN1;BANF1;CNOT4;PSAT1;GEMIN4;VEGFA;NOP56;IMP3;SLC30A5;PDIA5	K562_13d	IRF1	813	3491	21713	mean_log_expr_perturbed_minus_control	False	H	Proteostasis / stress	Unfolded Protein Response	HALLMARK_UNFOLDED_PROTEIN_RESPONSE	K562_13d / IRF1	14	Tier 2	top by NES variance (0.063)	13	K562_7d	0.36662665066026406	0.64	50
HALLMARK_EPITHELIAL_MESENCHYMAL_TRANSITION	0.318617541623321	0.933978998267257	0.647727272727273	up	200	155	0.789911308203991	0.0265509861006362	JUN;TPM4;SAT1;SERPINH1;TNFRSF12A;DAB2;ITGA5;TPM1;TIMP1;GADD45A;CALU;PLAUR;CYR61;ITGB5;MSX1	K562_13d	IRF1	813	3491	21713	mean_log_expr_perturbed_minus_control	False	H	State remodeling	Epithelial Mesenchymal Transition	HALLMARK_EPITHELIAL_MESENCHYMAL_TRANSITION	K562_13d / IRF1	14	Tier 2	top by NES variance (0.063)	14	K562_7d	0.36662665066026406	0.64	50
HALLMARK_APOPTOSIS	0.397960637069117	1.13770274551576	0.159601990049751	up	161	149	0.469417617793386	0.0488744853554749	SAT1;SQSTM1;SLC20A1;XIAP;PPT1;DDIT3;FDXR;ENO2;PTK2;TIMP1;MCL1;JUN;PMAIP1;BNIP3L;BCAP31;BCL2L1;CASP2;DFFA;IER3;IFNGR1;IGF2R;CLU;ADD1;TXNIP;ROCK1;PAK1;LGALS3;PPP3R1;RELA;CASP8;RETSAT;IRF1;PDCD4;CASP3;DIABLO;F2R;RARA;BCL10;FEZ1;CAV1;CTNNB1;CDC25B;CASP9;CASP7	K562_13d	EGR1	1246	3491	21713	mean_log_expr_perturbed_minus_control	False	H	Cell death / stress	Apoptosis	HALLMARK_APOPTOSIS	K562_13d / EGR1	15	Tier 2	top by NES variance (0.058)	0	K562_7d	0.31159663865546217	0.52	50
HALLMARK_P53_PATHWAY	0.359704063065791	1.05476017221054	0.298204065522005	up	200	192	0.558707119485811	0.0342024449747538	SAT1;DNTTIP2;EI24;PPP1R15A;DDIT3;FDXR;RRP8;TSC22D1;JUN;WRAP73;TRIAP1;CD81;PRKAB1;MAPKAPK3;ISCU;BLCAP;IP6K2;NUDT15;RPS12;RPS27L;CCNK;IER3;NINJ1;TRIB3;ADCK3;MDM2;TOB1;TAX1BP3;JAG2;TXNIP;GM2A;OSGIN1;SP1;PLXNB2;PCNA;TRAFD1;FGF13;FUCA1;SPHK1;ABCC5;RETSAT;EPHX1;CYFIP2;MXD1;S100A10;F2R	K562_13d	EGR1	1246	3491	21713	mean_log_expr_perturbed_minus_control	False	H	Cell death / stress	P53 Pathway	HALLMARK_P53_PATHWAY	K562_13d / EGR1	15	Tier 2	top by NES variance (0.058)	1	K562_7d	0.31159663865546217	0.52	50
HALLMARK_TNFA_SIGNALING_VIA_NFKB	0.371053440468106	1.08470321139648	0.233755942947702	up	200	186	0.531002118755363	0.039452416158292	SAT1;SQSTM1;PPP1R15A;MYC;PDLIM5;MCL1;TSC22D1;JUN;TNIP1;IER3;KLF6;NINJ1;ETS2;TNFAIP2;KDM6B;HES1;YRDC;IER2;STAT5A;RCAN1;VEGFA;TIPARP;LDLR;SPHK1;RELA;NFKB2;IRF1;CCNL1;MXD1;NFAT5;ICAM1;CSF1;IRS2;NR4A2;DRAM1	K562_13d	EGR1	1246	3491	21713	mean_log_expr_perturbed_minus_control	False	H	Cell death / stress	Tnfa Signaling Via Nfkb	HALLMARK_TNFA_SIGNALING_VIA_NFKB	K562_13d / EGR1	15	Tier 2	top by NES variance (0.058)	2	K562_7d	0.31159663865546217	0.52	50
HALLMARK_INTERFERON_ALPHA_RESPONSE	-0.342354146710565	-0.910887404627916	0.655996758508914	down	97	86	0.79999604696209	0.0208510766396599	PSMA3;IFITM2;PNPT1;PSME1;LY6E;PSME2;IFITM3;BST2;TRIM5;ISG15;RIPK2	K562_13d	EGR1	1246	3491	21713	mean_log_expr_perturbed_minus_control	False	H	Inflammatory / interferon	Interferon Alpha Response	HALLMARK_INTERFERON_ALPHA_RESPONSE	K562_13d / EGR1	15	Tier 2	top by NES variance (0.058)	3	K562_7d	0.31159663865546217	0.52	50
HALLMARK_INTERFERON_GAMMA_RESPONSE	-0.334553081036575	-0.970923381018674	0.517394822006473	down	200	173	0.646743527508091	0.0246110343467826	PSMB2;PSMA3;IFITM2;STAT3;PSMA2;PNPT1;MTHFD2;PSME1;NFKBIA;LY6E;ST3GAL5;JAK2;NUP93;PSME2;IFITM3;BST2;PNP;ISG15;BPGM;RIPK2;CFH;BTG1;VAMP5;LYSMD2;ISOC1;SOCS1;IL7;ITGB7;TRIM14;IFNAR2;SLC25A28;IL10RA;MVP	K562_13d	EGR1	1246	3491	21713	mean_log_expr_perturbed_minus_control	False	H	Inflammatory / interferon	Interferon Gamma Response	HALLMARK_INTERFERON_GAMMA_RESPONSE	K562_13d / EGR1	15	Tier 2	top by NES variance (0.058)	4	K562_7d	0.31159663865546217	0.52	50
HALLMARK_GLYCOLYSIS	-0.456458914253268	-1.33425035917933	0.0176042088223391	down	200	184	0.176042088223391	0.154446348855961	ALDOA;LDHA;FAM162A;TPI1;SOD1;GOT2;CENPA;PGK1;MDH1;PGLS;CDK1;TSTA3;NDUFV3;HAX1;COPB2;NSDHL;B3GAT3;GALE;SDHC;DDIT4;PSMC4;AK4;QSOX1;HS2ST1;DLD;GALK1;IDH1;STMN1;MDH2;KIF2A;PGAM1;RPE;POLR3K;HK2;LHPP;MIF;ANKZF1;SLC16A3;TALDO1;CASP6;ALG1;B4GALT7;P4HA2;AURKA;BPNT1;CTH;KDELR3;GYS1;DSC2;SLC37A4;B4GALT1	K562_13d	EGR1	1246	3491	21713	mean_log_expr_perturbed_minus_control	False	H	Metabolic state	Glycolysis	HALLMARK_GLYCOLYSIS	K562_13d / EGR1	15	Tier 2	top by NES variance (0.058)	5	K562_7d	0.31159663865546217	0.52	50
HALLMARK_MTORC1_SIGNALING	-0.359604283479827	-1.05872278770292	0.288016112789527	down	200	198	0.558707119485811	0.0353254204221753	ALDOA;LDHA;CCT6A;DDX39A;CCNG1;PSMA3;PLK1;TPI1;ACTR3;PRDX1;PPA1;PGK1;MTHFD2;CACYBP;PSMB5;PNO1;GAPDH;ATP5G1;SLC2A3;SLC1A5;YKT6;PSMC2;PSME3;RDH11;DDIT4;PSMC4;COPS5;XBP1;GTF2H1;AK4;GGA2;IMMT;BTG2;CANX;IDH1;FAM129A;SLC9A3R1;ARPC5L;DHCR7;PNP;GMPS;SLC2A1;ACACA;HSPA9;HK2;ETF1;PSMA4;GSR;UCHL5;EBP	K562_13d	EGR1	1246	3491	21713	mean_log_expr_perturbed_minus_control	False	H	Metabolic state	Mtorc1 Signaling	HALLMARK_MTORC1_SIGNALING	K562_13d / EGR1	15	Tier 2	top by NES variance (0.058)	6	K562_7d	0.31159663865546217	0.52	50
HALLMARK_OXIDATIVE_PHOSPHORYLATION	-0.639620593302154	-1.88312800687492	9.643709551756273e-09	down	200	198	2.41092738793907e-07	0.747739663149885	LDHB;SLC25A5;ATP5B;LDHA;ATP5F1;NDUFC2;NDUFV1;PHB2;VDAC2;ATP5D;NDUFA3;NDUFA5;NDUFS7;ETFB;ATP5C1;VDAC1;PDHA1;NDUFA7;NDUFB7;COX5A;ECI1;HADHA;GOT2;NDUFAB1;ACADVL;GPX4;ATP5O;COX4I1;NDUFS8;MDH1;SLC25A3;ATP6V1C1;ATP5A1;ATP6V0B;CYB5R3;COX7B;SURF1;NQO2;NDUFS2;BAX;PDHB;OXA1L;FH;CYC1;UQCRC2;IDH3B;NDUFB4;COX6B1;ATP5G2;ATP5G1;NDUFA4;MRPL15;ECHS1;NDUFB2;UQCRQ;SDHC;UQCRC1;ALAS1;COX6A1;MTX2;COX6C;NDUFC1;NDUFS4;COX17;HTRA2;MRPS30;TIMM50;IDH3G;COX5B;UQCRFS1;OPA1;ATP5J2;NDUFA2;IMMT;NDUFB1;DLD;ISCA1;NDUFA9;MRPS22;IDH1;SDHD;SLC25A11;HSD17B10;MDH2;SDHA;GRPEL1;UQCR11;ATP5G3;MRPL35;SUPV3L1;HSPA9;TOMM70A;NDUFV2;ACADSB;NDUFB5;PHYH;ATP6V0E1;RHOT2;NDUFS6;ECH1;NDUFA8;MRPL34;MRPL11;ATP6V1F;RHOT1;ACAA2;DLST;CYCS	K562_13d	EGR1	1246	3491	21713	mean_log_expr_perturbed_minus_control	False	H	Metabolic state	Oxidative Phosphorylation	HALLMARK_OXIDATIVE_PHOSPHORYLATION	K562_13d / EGR1	15	Tier 2	top by NES variance (0.058)	7	K562_7d	0.31159663865546217	0.52	50
HALLMARK_E2F_TARGETS	-0.430167474544244	-1.26647019724434	0.0336354481369587	down	200	198	0.221802977768713	0.110871775183071	RNASEH2A;RAN;DDX39A;PAICS;XRCC6;CKS1B;POLD2;DCTPP1;RBBP7;PA2G4;PLK1;TUBB;RANBP1;CCNB2;CDK1;MTHFD2;SSRP1;MCM6;UBE2T;CDC20;PTTG1;TMPO;TRIP13;MCM7;SRSF2;CDKN2C;MCM3;CKS2;SNRPB;CSE1L;DNMT1;HMGA1;MXD3;STAG1;NUDT21;RFC3;RAD50;TRA2B;CBX5;DCK;CENPM;KIF2C;EXOSC8;DLGAP5;TK1;STMN1;GINS3;NME1;NOLC1;PRDX4;NUP107;SPC24;PDS5B;EZH2;H2AFZ;ASF1A;PPM1D;HELLS;KIF22;BRMS1L;DCLRE1B;ILF3;WDR90;POLA2;HUS1;ING3;LYAR;TIMELESS;IPO7;ORC2;SMC6;GINS4;DSCC1	K562_13d	EGR1	1246	3491	21713	mean_log_expr_perturbed_minus_control	False	H	Proliferation / cell cycle	E2F Targets	HALLMARK_E2F_TARGETS	K562_13d / EGR1	15	Tier 2	top by NES variance (0.058)	8	K562_7d	0.31159663865546217	0.52	50
HALLMARK_G2M_CHECKPOINT	0.374625608349143	1.10113174653338	0.198657187993681	up	200	196	0.496642969984202	0.0431492457223638	MT2A;YTHDC1;E2F4;CDC6;KPNB1;RAD21;SMC4;KATNA1;SQLE;GINS2;ORC6;HNRNPU;MYC;CUL1;CHEK1;SFPQ;ABL1;CASC5;POLE;CBX1;E2F3;HMGN2;PRIM2;RBM14;NCL;HSPA8;HIRA;CCNA2;WHSC1;MAD2L1;ATRX;CDC25A;SAP30;CUL4A;SLC38A1;CDK4;WRN;BIRC5;HN1;TFDP1;HIF1A;NUP50;CDC27;GSPT1;XPO1;CTCF;RPA2;SUV39H1;SMC1A;SETD8;CUL3;ODF2;ORC5;NUP98;H2AFX;MCM5;HIST1H2BK;DBF4	K562_13d	EGR1	1246	3491	21713	mean_log_expr_perturbed_minus_control	False	H	Proliferation / cell cycle	G2M Checkpoint	HALLMARK_G2M_CHECKPOINT	K562_13d / EGR1	15	Tier 2	top by NES variance (0.058)	9	K562_7d	0.31159663865546217	0.52	50
HALLMARK_MYC_TARGETS_V1	-0.639301244119013	-1.88356022971453	2.44399534975478e-09	down	200	199	1.22199767487739e-07	0.774939030136436	NPM1;CCT4;GNB2L1;PSMB3;LDHA;RAN;RPS2;PSMA1;XRCC6;PHB2;PSMB2;PTGES3;POLD2;CCT5;SNRPA1;EIF4A1;RPL14;HDAC2;VBP1;VDAC1;PSMA7;ILF2;MRPL23;PA2G4;PSMD8;CCT3;PSMA2;SNRPA;COX5A;GOT2;LSM7;RANBP1;FBL;NDUFAB1;SNRPD2;CCT7;TUFM;ODC1;CNBP;RPL6;PGK1;SNRPB2;SLC25A3;RAD23B;YWHAQ;UBE2E1;EXOSC7;NOP16;SSBP1;MCM6;CDC45;CDC20;CYC1;RPS10;C1QBP;APEX1;TRIM28;MCM7;TYMS;RPL22;SRSF2;HNRNPA1;IMPDH2;SNRPD1;PHB;BUB3;SRSF7;TXNL4A;CSTF2;MRPL9;SF3A1;PSMC4;COPS5;NHP2;DHX15;RFC4;U2AF1;PSMD3;TRA2B;PRPF31;GLO1;PRPS2;CANX;PABPC4;RPS5;MRPS18B;SRSF3;HDDC2;NME1;TOMM70A;NOLC1;PRDX4;G3BP1;ETF1;H2AFZ;PSMA4;SNRPG	K562_13d	EGR1	1246	3491	21713	mean_log_expr_perturbed_minus_control	False	H	Proliferation / cell cycle	Myc Targets V1	HALLMARK_MYC_TARGETS_V1	K562_13d / EGR1	15	Tier 2	top by NES variance (0.058)	10	K562_7d	0.31159663865546217	0.52	50
HALLMARK_HYPOXIA	-0.309528327388369	-0.903571101393781	0.745204926307289	down	200	182	0.846823779894646	0.0188640854345587	ALDOA;LDHA;FAM162A;TPI1;ALDOC;PGK1;TPST2;GRHPR;GAPDH;SLC2A3;SLC25A1;DDIT4;AK4;GALK1;PRDX5;NDST1;SLC2A1;HK2;SELENBP1;VHL;MIF;ANKZF1;DUSP1;XPNPEP1;BTG1;CASP6;P4HA2;KDELR3;GYS1;EFNA1;SLC37A4;PNRC1;NFIL3;MAFF;HEXA;BHLHE40;SLC6A6	K562_13d	EGR1	1246	3491	21713	mean_log_expr_perturbed_minus_control	False	H	Proteostasis / stress	Hypoxia	HALLMARK_HYPOXIA	K562_13d / EGR1	15	Tier 2	top by NES variance (0.058)	11	K562_7d	0.31159663865546217	0.52	50
HALLMARK_REACTIVE_OXIGEN_SPECIES_PATHWAY	-0.585161847641285	-1.41788336069758	0.0354884764429941	down	49	47	0.221802977768713	0.108573492628993	HMOX2;SOD1;PRDX1;GPX4;PRDX2;NDUFS2;CAT;NDUFB4;PRDX6;HHEX;PDLIM1;JUNB;TXNRD2;GLRX2;PRDX4;ATOX1;GSR;PRNP	K562_13d	EGR1	1246	3491	21713	mean_log_expr_perturbed_minus_control	False	H	Proteostasis / stress	Reactive Oxigen Species Pathway	HALLMARK_REACTIVE_OXIGEN_SPECIES_PATHWAY	K562_13d / EGR1	15	Tier 2	top by NES variance (0.058)	12	K562_7d	0.31159663865546217	0.52	50
HALLMARK_UNFOLDED_PROTEIN_RESPONSE	-0.399049833813679	-1.09896313123169	0.244260974627467	down	113	111	0.531002118755363	0.0388389802276081	NPM1;CKS1B;EIF4A1;HERPUD1;LSM4;MTHFD2;RPS14;YWHAZ;EIF4A2;SLC30A5;DDIT4;NHP2;XBP1;SEC31A;TUBB2A;EXOSC1;EXOSC5;DNAJC3;SRPR;HSPA9;NOLC1;EEF2;CNOT4;GEMIN4;EXOSC4;SPCS1;ATF6;CEBPG;EIF4EBP1;ARFGAP1;EDEM1;KDELR3;SLC1A4;SKIV2L2;EIF2S1	K562_13d	EGR1	1246	3491	21713	mean_log_expr_perturbed_minus_control	False	H	Proteostasis / stress	Unfolded Protein Response	HALLMARK_UNFOLDED_PROTEIN_RESPONSE	K562_13d / EGR1	15	Tier 2	top by NES variance (0.058)	13	K562_7d	0.31159663865546217	0.52	50
HALLMARK_EPITHELIAL_MESENCHYMAL_TRANSITION	-0.286597706974907	-0.822206847675752	0.946966653274407	down	200	155	0.959491660047657	0.0152790580168221	VIM;TGFB1;IGFBP4;MCM7;GADD45A;CALU;ECM1;QSOX1;PDLIM4;CRLF1;COPA;TGFBR3;PLOD3	K562_13d	EGR1	1246	3491	21713	mean_log_expr_perturbed_minus_control	False	H	State remodeling	Epithelial Mesenchymal Transition	HALLMARK_EPITHELIAL_MESENCHYMAL_TRANSITION	K562_13d / EGR1	15	Tier 2	top by NES variance (0.058)	14	K562_7d	0.31159663865546217	0.52	50
HALLMARK_APOPTOSIS	-0.337709070351084	-0.905268908624667	0.68835436382755	down	161	149	0.83052914820195	0.0137603348756177	DAP;HMGB2;TSPO;BID;LMNA;IFITM3;TOP2A;GPX4;SOD1;KRT18;DNAJA1;CDC25B;DNAJC3;GSR;ETF1;CFLAR;MCL1;DNM1L;HSPB1;SOD2;CTNNB1;CASP6;ANXA1;TNFRSF12A;BAX;DAP3;EBP;TIMP1;WEE1;TGFBR3;BCL2L2;NEFH;PSEN1;CYLD	K562_13d	ELK1	1507	3491	21713	mean_log_expr_perturbed_minus_control	False	H	Cell death / stress	Apoptosis	HALLMARK_APOPTOSIS	K562_13d / ELK1	16	Tier 2	top by NES variance (0.054)	0	K562_7d	-0.2837454981992797	0.42	50
HALLMARK_P53_PATHWAY	0.424057774696072	1.31326258313541	0.0100273473108478	up	200	192	0.0716239093631983	0.310776919977249	DDIT3;BTG1;ZFP36L1;ATF3;TXNIP;JUN;TRIB3;PRKAB1;NUPR1;PROCR;FDXR;CCNG1;VWA5A;FBXW7;OSGIN1;TRIAP1;PPP1R15A;S100A4;DDIT4;ADCK3;SAT1;DRAM1;CCNK;CCP110;RAP2B;RPL36;ABCC5;EPHX1;RPS12;SLC3A2;F2R;CD81;CGRRF1;MDM2;SLC7A11;IRAK1;IER5;MXD1;PLXNB2;HEXIM1;CTSD;LRMP;CDKN1A;RB1;HSPA4L;IER3;CTSF;CSRNP2;MXD4;TSPYL2;IFI30;PDGFA;TPD52L1;CCND3;CYFIP2;PIDD;CDKN2AIP;PRMT2;SOCS1;SFN;FOXO3;DNTTIP2;NINJ1;VDR;EPS8L2;ABHD4;GNB2L1	K562_13d	ELK1	1507	3491	21713	mean_log_expr_perturbed_minus_control	False	H	Cell death / stress	P53 Pathway	HALLMARK_P53_PATHWAY	K562_13d / ELK1	16	Tier 2	top by NES variance (0.054)	1	K562_7d	-0.2837454981992797	0.42	50
HALLMARK_TNFA_SIGNALING_VIA_NFKB	0.511563702133949	1.5763575510353	0.0002278356986734	up	200	186	0.003797261644557	0.518848077743792	PDLIM5;BTG1;SQSTM1;MYC;ATF3;EIF1;HES1;CCNL1;JUN;KLF6;TIPARP;CXCL3;PPP1R15A;PER1;TGIF1;RIPK2;SAT1;DRAM1;SOCS3;SLC2A3;LITAF;FOSL1;NAMPT;LDLR;BIRC2;CSF1;IRS2;NFAT5;JUNB;DNAJB4;KDM6B;TANK;GADD45B;ID2;YRDC;IER5;MXD1;REL;NR4A2;CCND1;B4GALT5;CDKN1A;TRIP10;DUSP1;FUT4;IER3;NFE2L2;GCH1;NFKBIE;CD69;IL15RA	K562_13d	ELK1	1507	3491	21713	mean_log_expr_perturbed_minus_control	False	H	Cell death / stress	Tnfa Signaling Via Nfkb	HALLMARK_TNFA_SIGNALING_VIA_NFKB	K562_13d / ELK1	16	Tier 2	top by NES variance (0.054)	2	K562_7d	-0.2837454981992797	0.42	50
HALLMARK_INTERFERON_ALPHA_RESPONSE	-0.380724238602491	-0.958748525191052	0.544222539229672	down	97	86	0.716082288460095	0.0183717204394817	LY6E;BST2;PSMA3;IFITM3;PSME2;IFITM2;PNPT1;ADAR;IFI35;ISG15;IFITM1;B2M;NCOA7	K562_13d	ELK1	1507	3491	21713	mean_log_expr_perturbed_minus_control	False	H	Inflammatory / interferon	Interferon Alpha Response	HALLMARK_INTERFERON_ALPHA_RESPONSE	K562_13d / ELK1	16	Tier 2	top by NES variance (0.054)	3	K562_7d	-0.2837454981992797	0.42	50
HALLMARK_INTERFERON_GAMMA_RESPONSE	-0.366313057848205	-0.995776408430108	0.471097892150524	down	200	173	0.664972240248035	0.0190600555213734	LY6E;BST2;NUP93;STAT3;ISOC1;PSMA3;VAMP8;IFITM3;PSME2;IFITM2;LYSMD2;PNPT1;ADAR;IFI35;NFKBIA;IFNAR2;SOD2;MT2A;ISG15;STAT1;B2M	K562_13d	ELK1	1507	3491	21713	mean_log_expr_perturbed_minus_control	False	H	Inflammatory / interferon	Interferon Gamma Response	HALLMARK_INTERFERON_GAMMA_RESPONSE	K562_13d / ELK1	16	Tier 2	top by NES variance (0.054)	4	K562_7d	-0.2837454981992797	0.42	50
HALLMARK_GLYCOLYSIS	-0.462509533576202	-1.2644736131969	0.0482608137594661	down	200	184	0.206466350377789	0.0730396943187741	LDHA;ALDOA;TPI1;AURKA;ENO1;B3GAT3;CENPA;AK4;CDK1;TALDO1;CHPF;CHST2;SOD1;UGP2;STMN1;BPNT1;SLC37A4;PGK1;MIF;MDH2;HMMR;MED24;SDHC;MDH1;NDUFV3;GOT2;GOT1;KIF2A;ALDH9A1;GMPPA;PGAM1;MXI1;ERO1L;CASP6;DLD;FAM162A;ANKZF1;EGLN3;PFKP;HDLBP;B3GALT6;SLC16A3;PLOD1;B4GALT2;RARS;PAXIP1;PRPS1	K562_13d	ELK1	1507	3491	21713	mean_log_expr_perturbed_minus_control	False	H	Metabolic state	Glycolysis	HALLMARK_GLYCOLYSIS	K562_13d / ELK1	16	Tier 2	top by NES variance (0.054)	5	K562_7d	-0.2837454981992797	0.42	50
HALLMARK_MTORC1_SIGNALING	0.363768054000203	1.12667074565377	0.12961210974456	up	200	198	0.349399922570654	0.0860348143217779	DDIT3;SQLE;INSIG1;ELOVL5;IFRD1;TFRC;PPIA;SEC11A;HSPA9;SQSTM1;HPRT1;ADIPOR2;PSMD12;HSP90B1;TRIB3;PSMC4;HSPA5;HMGCR;PSMD13;EIF2S2;MLLT11;HMGCS1;PSMC2;NUPR1;P4HA1;FDXR;NFYC;CCNG1;FKBP2;ATP2A2;PPP1R15A;GLA;DDIT4;ACTR2;GMPS;SSR1;ADD3;SHMT2;PHGDH;SLC2A3;CTSC;NAMPT;LDLR;HSPA4;TMEM97;PSME3;FAM129A;ATP5G1;IDH1;ME1;UBE2D3;NMT1;POLR3G;SRD5A1;GSK3B;SLC7A11	K562_13d	ELK1	1507	3491	21713	mean_log_expr_perturbed_minus_control	False	H	Metabolic state	Mtorc1 Signaling	HALLMARK_MTORC1_SIGNALING	K562_13d / ELK1	16	Tier 2	top by NES variance (0.054)	6	K562_7d	-0.2837454981992797	0.42	50
HALLMARK_OXIDATIVE_PHOSPHORYLATION	-0.541658645690364	-1.4909288202876	0.0007489960655254	down	200	198	0.0093624508190682	0.477270815362862	NDUFS7;LDHA;NDUFB7;ECI1;NDUFS6;TIMM13;NDUFV2;NQO2;NDUFAB1;COX11;IMMT;ATP6V1E1;GPI;VDAC3;IDH3G;ATP5D;ATP5A1;MRPL11;PDHA1;PDHB;MRPS12;COX5A;ATP6V1F;MRPS22;GPX4;UQCRFS1;NDUFA7;AIFM1;HSD17B10;ACADVL;COX5B;PHB2;NDUFC2;LDHB;NDUFV1;ATP5F1;UQCR11;NDUFA5;MDH2;COX7A2;UQCRC1;MGST3;POLR2F;ISCA1;FXN;SURF1;MRPL15;SDHC;MDH1;NDUFA4;COX7B;CYB5R3;GOT2;ATP6V1G1;HCCS;ATP5G3;UQCRQ;UQCR10;POR;IDH2;ACAA2;COX6B1;NDUFA1;SDHA;COX6C;TIMM10;GRPEL1;TOMM70A;CYC1;NDUFA8;ECHS1;BAX;ISCU;DLD;ETFB;NDUFA9;ATP6V0B;SLC25A12	K562_13d	ELK1	1507	3491	21713	mean_log_expr_perturbed_minus_control	False	H	Metabolic state	Oxidative Phosphorylation	HALLMARK_OXIDATIVE_PHOSPHORYLATION	K562_13d / ELK1	16	Tier 2	top by NES variance (0.054)	7	K562_7d	-0.2837454981992797	0.42	50
HALLMARK_E2F_TARGETS	-0.582294837983154	-1.60278094471709	2.67312317516934e-05	down	200	198	0.0006682807937923	0.575610261071129	RANBP1;CKS2;HN1;AURKA;PAICS;POLD2;PLK1;CDC20;DCTPP1;CCNB2;DDX39A;SMC1A;DUT;HMGB2;NME1;RPA3;PRDX4;RAN;CDK1;TBRG4;ASF1B;MCM7;TOP2A;BIRC5;KIF22;UBE2T;RBBP7;H2AFZ;DNMT1;RAD51C;EIF2S1;CDK4;SPC24;STMN1;HNRNPD;RNASEH2A;CKS1B;MYBL2;TACC3;SRSF2;POLD1;MKI67;RRM2;CDC25B;SMC3;TRIP13;RAD1;HMMR;EXOSC8;PA2G4;HMGA1;RPA2;SNRPB;MCM6;XRCC6;CDKN2C;DEK;UBE2S;SSRP1;CDKN3;HELLS;MMS22L;AK2;RFC3;MAD2L1;TCF19;CIT;POLA2;TRA2B;DCK;RFC2;MRE11A;MSH2;PSMC3IP;MCM2;SRSF1;LBR;UBR7;KPNA2;GINS4;SUV39H1;RAD51AP1;MCM4;HUS1;NOLC1;BRMS1L;WEE1;SPAG5;RQCD1;EZH2;POLE4;ORC2;SHMT1;TK1;PRPS1	K562_13d	ELK1	1507	3491	21713	mean_log_expr_perturbed_minus_control	False	H	Proliferation / cell cycle	E2F Targets	HALLMARK_E2F_TARGETS	K562_13d / ELK1	16	Tier 2	top by NES variance (0.054)	8	K562_7d	-0.2837454981992797	0.42	50
HALLMARK_G2M_CHECKPOINT	-0.531526748203592	-1.46069032507555	0.0013017759028379	down	200	196	0.0130177590283795	0.45505986738723	SNRPD1;CKS2;HN1;AURKA;TGFB1;PLK1;CDC20;HSPA8;CCNB2;DDX39A;SMC1A;CENPA;H2AFV;CDK1;ODC1;TOP2A;TLE3;BIRC5;KIF22;TROAP;H2AFZ;CDK4;TPX2;STMN1;HNRNPD;EWSR1;CKS1B;MYBL2;TACC3;E2F1;SRSF2;CCNA2;MKI67;PRC1;SMC2;CDC25B;CHAF1A;HIST1H2BK;HMMR;DR1;HMGA1;RPA2;NDC80;TNPO2;CENPF;MCM6;MNAT1;CDKN2C;UBE2S;DTYMK;CDKN3;NEK2;MAD2L1;POLA2;TRA2B;MT2A;AMD1;NCL;NUP98;MCM2;BUB3;SLC12A2;SRSF1;LBR;KPNA2;UPF1;SUV39H1;CUL3;HNRNPU;E2F4;DBF4;PAPD7;DKC1;KIF11;FBXO5;HUS1;WHSC1;CDC45;NOLC1;EZH2;FANCC;RAD54L;CCNF;CASC5;CDC6;RBL1;PRMT5;CDC7;KIF23;SLC7A5;ODF2;KIF2C;PURA;NUP50;BUB1;GINS2;ESPL1	K562_13d	ELK1	1507	3491	21713	mean_log_expr_perturbed_minus_control	False	H	Proliferation / cell cycle	G2M Checkpoint	HALLMARK_G2M_CHECKPOINT	K562_13d / ELK1	16	Tier 2	top by NES variance (0.054)	9	K562_7d	-0.2837454981992797	0.42	50
HALLMARK_MYC_TARGETS_V1	-0.629593725288635	-1.73315021791614	5.77393938577381e-07	down	200	199	2.88696969288691e-05	0.659444398037935	SRM;LDHA;SSBP1;C1QBP;SNRPD1;RANBP1;PHB;SRSF3;SNRPA;RPS2;EIF3B;POLD2;SNRPD2;NDUFAB1;EIF1AX;CDC20;PSMD8;PSMB3;MRPL23;EIF4G2;SERBP1;VDAC3;COPS5;ACP1;SNRPG;DUT;UBE2E1;NME1;PRDX4;CCT7;RAN;TRIM28;TYMS;COX5A;RPL14;CBX3;HSPE1;PSMA1;MCM7;CAD;PSMA7;ODC1;PSMD14;PCBP1;TCP1;SRSF7;CNBP;HNRNPC;H2AFZ;EIF2S1;CDK4;EEF1B2;HNRNPD;HDGF;FBL;PHB2;LSM7;SRSF2;CCNA2;AIMP2;RUVBL2;HDDC2;PABPC4;PGK1;RFC4;CCT5;TXNL4A;CCT3;PTGES3;YWHAQ;RSL1D1;HNRNPA2B1;PA2G4;PPM1G;ETF1;RPL22;IMPDH2;MCM6;EIF4A1;XRCC6;GOT2;ERH;DEK;NCBP2;HDAC2;MAD2L1;PSMD3;TRA2B;PRPS2;NCBP1;MCM2;TARDBP;TOMM70A;BUB3;SRSF1;CYC1;KPNA2;SNRPA1;HSPD1;RPS10;HNRNPU;PSMC6;NOP16;PSMD1;MCM4;SF3B3;EIF3J;CDC45;CSTF2;NOLC1;U2AF1	K562_13d	ELK1	1507	3491	21713	mean_log_expr_perturbed_minus_control	False	H	Proliferation / cell cycle	Myc Targets V1	HALLMARK_MYC_TARGETS_V1	K562_13d / ELK1	16	Tier 2	top by NES variance (0.054)	10	K562_7d	-0.2837454981992797	0.42	50
HALLMARK_HYPOXIA	-0.395118165524546	-1.07914828383019	0.278977126702647	down	200	182	0.506493506493507	0.0274008896033539	LDHA;HK1;ALDOA;TPI1;GAPDH;ENO1;GPI;SLC25A1;GRHPR;AK4;TGM2;CHST2;ANXA2;UGP2;PFKL;SLC37A4;PGK1;MIF;PTRF;MT2A;MXI1;ERO1L;SLC6A6;CASP6;PRDX5;FAM162A;ANKZF1;RBPJ;PFKP;HDLBP;SIAH2;B3GALT6;ALDOC	K562_13d	ELK1	1507	3491	21713	mean_log_expr_perturbed_minus_control	False	H	Proteostasis / stress	Hypoxia	HALLMARK_HYPOXIA	K562_13d / ELK1	16	Tier 2	top by NES variance (0.054)	11	K562_7d	-0.2837454981992797	0.42	50
HALLMARK_REACTIVE_OXIGEN_SPECIES_PATHWAY	-0.562049798541737	-1.30094837225404	0.095201357815152	down	49	47	0.331973714026739	0.0562847952048854	PRDX1;PRDX2;FTL;PRDX4;ATOX1;HMOX2;GPX4;SOD1;HHEX;CAT;GSR;PDLIM1;PRNP;SOD2;ERCC2	K562_13d	ELK1	1507	3491	21713	mean_log_expr_perturbed_minus_control	False	H	Proteostasis / stress	Reactive Oxigen Species Pathway	HALLMARK_REACTIVE_OXIGEN_SPECIES_PATHWAY	K562_13d / ELK1	16	Tier 2	top by NES variance (0.054)	12	K562_7d	-0.2837454981992797	0.42	50
HALLMARK_UNFOLDED_PROTEIN_RESPONSE	0.398586044703711	1.1536284401187	0.134558823529412	up	113	111	0.349399922570654	0.0740705739921772	SPCS3;ATF4;SEC11A;NPM1;HSPA9;SKIV2L2;ATF3;HSP90B1;ARFGAP1;XPOT;HSPA5;EIF4A2;EEF2;CXXC1;DDIT4;KDELR3;SSR1;CNOT6;EXOSC5;PARN;ERN1;HERPUD1;SRPRB;WIPI1;NFYB;EXOSC9;TTC37;YWHAZ;GOSR2;TATDN2	K562_13d	ELK1	1507	3491	21713	mean_log_expr_perturbed_minus_control	False	H	Proteostasis / stress	Unfolded Protein Response	HALLMARK_UNFOLDED_PROTEIN_RESPONSE	K562_13d / ELK1	16	Tier 2	top by NES variance (0.054)	13	K562_7d	-0.2837454981992797	0.42	50
HALLMARK_EPITHELIAL_MESENCHYMAL_TRANSITION	-0.459019984101715	-1.2353035742829	0.077003529873186	down	200	155	0.296167422589177	0.0576940932334375	EMP3;TGFB1;IGFBP4;TGM2;MCM7;CD59;LGALS1;CALU;LEPRE1;SLC6A8;ITGB1;BMP1;CRLF1;TNFRSF12A;FLNA;TPM4;TIMP1;PLOD1;MSX1;TGFBR3	K562_13d	ELK1	1507	3491	21713	mean_log_expr_perturbed_minus_control	False	H	State remodeling	Epithelial Mesenchymal Transition	HALLMARK_EPITHELIAL_MESENCHYMAL_TRANSITION	K562_13d / ELK1	16	Tier 2	top by NES variance (0.054)	14	K562_7d	-0.2837454981992797	0.42	50
HALLMARK_APOPTOSIS	-0.435211267850273	-1.28548814024244	0.0253064452352709	down	161	150	0.0903801615545388	0.180467893079923	TIMP1;ANXA1;IFITM3;TNFRSF12A;SAT1;MCL1;ETF1;BCAP31;CD69;BCL10;ROCK1;HSPB1;PSEN1;RETSAT;CTH;DNAJA1;JUN;GSR;PPT1;GADD45A;IER3;TGFBR3;SOD2;CASP8;LEF1;BTG2;DDIT3;CASP6;SPTAN1;CDC25B;CYLD;ADD1;SQSTM1;DNAJC3;KRT18;GSN	K562_7d	ELK1	2733	5381	23111	mean_log_expr_perturbed_minus_control	False	H	Cell death / stress	Apoptosis	HALLMARK_APOPTOSIS	K562_7d / ELK1	17	Tier 2	top by NES variance (0.058)	0	K562_13d	-0.2837454981992797	0.42	50
HALLMARK_P53_PATHWAY	-0.355495575649205	-1.07598116338371	0.210302256279268	down	200	190	0.431411748324083	0.0633201262592919	DDIT4;SOCS1;S100A4;SAT1;PPP1R15A;HIST1H1C;TSC22D1;BTG1;CCNG1;PMM1;TGFB1;CCND3;RETSAT;PRMT2;TAX1BP3;TRAF4;CTSD;VWA5A;JUN;ZFP36L1;SLC3A2;TRIAP1;GADD45A;PPM1D;IER3;HINT1;ERCC5;PROCR;RAD51C;GM2A;RNF19B;HRAS;BTG2;DEF6;DDIT3;ZMAT3;ABCC5;HDAC3;CSRNP2;HEXIM1;EI24;IKBKAP	K562_7d	ELK1	2733	5381	23111	mean_log_expr_perturbed_minus_control	False	H	Cell death / stress	P53 Pathway	HALLMARK_P53_PATHWAY	K562_7d / ELK1	17	Tier 2	top by NES variance (0.058)	1	K562_13d	-0.2837454981992797	0.42	50
HALLMARK_TNFA_SIGNALING_VIA_NFKB	-0.463025996030571	-1.40253771884229	0.0022938799700843	down	200	191	0.0127437776115798	0.431707695803346	IER2;EGR1;CEBPB;SAT1;MCL1;PPP1R15A;SLC2A3;CD69;TIPARP;TUBB2A;TSC22D1;EIF1;BTG1;CCNL1;NAMPT;MYC;JUN;NFE2L2;LDLR;IL23A;GADD45A;IER3;PLAUR;TNFAIP8;TNIP1;SOD2;IL6ST;PHLDA1;RNF19B;BTG2;CD80;NFKBIA;CCRL2;KYNU;TNFAIP2;SQSTM1;IFNGR2;ZC3H12A;B4GALT1;PFKFB3;NINJ1;NFKBIE;SIK1;AREG;MAP2K3;PANX1;BCL6;DUSP1;CSF1;DENND5A;ID2;FUT4;CDKN1A;IL18;CXCL3;CYR61;EFNA1;DDX58	K562_7d	ELK1	2733	5381	23111	mean_log_expr_perturbed_minus_control	False	H	Cell death / stress	Tnfa Signaling Via Nfkb	HALLMARK_TNFA_SIGNALING_VIA_NFKB	K562_7d / ELK1	17	Tier 2	top by NES variance (0.058)	2	K562_13d	-0.2837454981992797	0.42	50
HALLMARK_INTERFERON_ALPHA_RESPONSE	-0.447211226227294	-1.23232826244042	0.079933110367893	down	97	88	0.235097383434979	0.0922972084621158	IFITM2;IFITM3;B2M;LY6E;LAP3;ELF1;PROCR;CASP8;CCRL2;EIF2AK2;IFI35;TRIM14;MOV10;BST2;SP110;IRF2;IRF7;CNP;IL7;RSAD2;PLSCR1;CSF1;UBA7;LGALS3BP	K562_7d	ELK1	2733	5381	23111	mean_log_expr_perturbed_minus_control	False	H	Inflammatory / interferon	Interferon Alpha Response	HALLMARK_INTERFERON_ALPHA_RESPONSE	K562_7d / ELK1	17	Tier 2	top by NES variance (0.058)	3	K562_13d	-0.2837454981992797	0.42	50
HALLMARK_INTERFERON_GAMMA_RESPONSE	-0.408664765495016	-1.2296659027433	0.0372565622353937	down	200	181	0.124188540784646	0.1535535368591	IFITM2;ARL4A;IFITM3;CFH;SOCS1;RBCK1;B2M;LY6E;CD69;BTG1;LAP3;SAMHD1;NAMPT;TAPBP;SOD2;MTHFD2;CASP8;NCOA3;MYD88;NFKBIA;EIF2AK2;TNFAIP2;IL10RA;ST3GAL5;IFI35;TRIM14;BST2;ARID5B;SP110;IRF2;IRF7;IL7;RSAD2;RAPGEF6;PLSCR1	K562_7d	ELK1	2733	5381	23111	mean_log_expr_perturbed_minus_control	False	H	Inflammatory / interferon	Interferon Gamma Response	HALLMARK_INTERFERON_GAMMA_RESPONSE	K562_7d / ELK1	17	Tier 2	top by NES variance (0.058)	4	K562_13d	-0.2837454981992797	0.42	50
HALLMARK_GLYCOLYSIS	0.332179381722027	0.900050296442085	0.732434907758734	up	200	189	0.779186072083759	0.0127950200976283	HMMR;COG2;GOT2;FAM162A;PFKP;ENO1;HS2ST1;QSOX1;TALDO1;STMN1;PGLS;TSTA3;HAX1;PGM2;PSMC4;COPB2;NOL3;MDH1;G6PD;SLC35A3;AK4;HDLBP;B4GALT2;FKBP4;NDUFV3;ALDH9A1;EXT2;KIF2A;GALK1;HK2;SLC25A13;HOMER1;KIF20A;B3GALT6;PC;ANKZF1;SRD5A3;SDHC;CHST12;RPE;PGAM1;GNPDA1;MED24;ENO2;LHPP;CHPF2;CD44;AGRN;CHPF;ISG20;TXN;PPP2CB;ARPP19	K562_7d	ELK1	2733	5381	23111	mean_log_expr_perturbed_minus_control	False	H	Metabolic state	Glycolysis	HALLMARK_GLYCOLYSIS	K562_7d / ELK1	17	Tier 2	top by NES variance (0.058)	5	K562_13d	-0.2837454981992797	0.42	50
HALLMARK_MTORC1_SIGNALING	0.423387582689703	1.15332098368191	0.142875614171192	up	200	197	0.35718903542798	0.0409428614964308	FADS1;PSMG1;HMBS;TMEM97;SQLE;ATP2A2;EPRS;TOMM40;HSPD1;ELOVL5;PSMD14;PSMB5;DDX39A;SLC7A11;SERPINH1;GMPS;DHCR24;SLC7A5;MCM2;CCNF;ENO1;FDXR;PRDX1;EIF2S2;FAM129A;RAB1A;PITPNB;POLR3G;SLC6A6;NUFIP1;PSMC4;RRP9;CCT6A;SKAP2;RPN1;G6PD;STIP1;M6PR;AK4;RRM2;TES;TFRC;MCM4;NMT1;PSMC2;FADS2;TUBA4A;HK2;IFRD1;NUP205;TBK1;CDC25A;IMMT;PFKL;GLA;CANX;GTF2H1;INSIG1;DAPP1;HSPA9;SEC11A;XBP1;IDI1;DHFR;YKT6;MTHFD2L;QDPR;RPA1	K562_7d	ELK1	2733	5381	23111	mean_log_expr_perturbed_minus_control	False	H	Metabolic state	Mtorc1 Signaling	HALLMARK_MTORC1_SIGNALING	K562_7d / ELK1	17	Tier 2	top by NES variance (0.058)	6	K562_13d	-0.2837454981992797	0.42	50
HALLMARK_OXIDATIVE_PHOSPHORYLATION	0.405220204807928	1.10423353330281	0.224334109128523	up	200	198	0.431411748324083	0.0314937389273169	MTX2;IDH3B;MRPL11;POLR2F;GRPEL1;MRPS12;HADHA;SDHA;TIMM8B;NDUFB4;COX6A1;ATP5A1;AFG3L2;ETFB;GOT2;NDUFB3;MRPL34;SUCLG1;NDUFB8;IDH3G;ECI1;DECR1;NDUFA3;TIMM10;OAT;UQCRB;VDAC1;SLC25A3;TIMM13;ALAS1;ATP5G3;CYCS;ATP5B;ATP5J;CS;ACAT1;FXN;MDH1;TOMM70A;COX7B;NDUFA8;OPA1;SLC25A12;NDUFV1;ECH1;NDUFV2;COX5A;NDUFS8;ATP6V1E1;IMMT;COX4I1;ATP5D;AIFM1;NDUFB6;MRPS11;CYC1;MRPL15;HSPA9;TIMM17A;ATP6V1C1;SDHC;SUCLA2;VDAC2;SLC25A11;NDUFS7;NDUFA5;PDHB;ISCU;COX10;ATP5F1;DLST;NNT	K562_7d	ELK1	2733	5381	23111	mean_log_expr_perturbed_minus_control	False	H	Metabolic state	Oxidative Phosphorylation	HALLMARK_OXIDATIVE_PHOSPHORYLATION	K562_7d / ELK1	17	Tier 2	top by NES variance (0.058)	7	K562_13d	-0.2837454981992797	0.42	50
HALLMARK_E2F_TARGETS	0.577932309133247	1.57487762987175	5.9876652422159e-05	up	200	198	0.0009979442070359	0.557332238758646	SSRP1;CDK4;PA2G4;DUT;NOP56;USP1;PPP1R8;TMPO;UBE2T;LYAR;NUDT21;TK1;POLE4;PTTG1;HMMR;NOLC1;MCM6;TRIP13;SMC1A;RNASEH2A;DDX39A;ILF3;TOP2A;SMC4;HELLS;CHEK2;HNRNPD;UBE2S;CENPM;MCM2;ANP32E;XPO1;HN1;POLD2;WEE1;HMGB3;BRCA1;PHF5A;H2AFZ;MCM3;CENPE;LIG1;DCLRE1B;CHEK1;STMN1;LUC7L3;PSIP1;RPA3;GINS4;DEK;MCM7;IPO7;NAP1L1;MKI67;CCNE1;E2F8;PLK4;DIAPH3;ORC2;SYNCRIP;CDKN3;SMC3;MYBL2;SRSF1;PAICS;RRM2;PAN2;NBN;RFC1;GSPT1;GINS1;TFRC;MCM4;PRIM2;RAN;NUP205;TACC3;CDC25A;RAD21;SRSF2;XRCC6;TIPIN;DCTPP1;CSE1L;DNMT1;LBR;KIF4A;RPA2;SPC24;KIF2C;UBR7	K562_7d	ELK1	2733	5381	23111	mean_log_expr_perturbed_minus_control	False	H	Proliferation / cell cycle	E2F Targets	HALLMARK_E2F_TARGETS	K562_7d / ELK1	17	Tier 2	top by NES variance (0.058)	8	K562_13d	-0.2837454981992797	0.42	50
HALLMARK_G2M_CHECKPOINT	0.540082566928032	1.47120176128405	0.0011428979743198	up	200	197	0.0081635569594274	0.45505986738723	NCL;HSPA8;DBF4;CDK4;SQLE;HNRNPU;TMPO;PTTG1;HMMR;NOLC1;MCM6;SMC1A;DDX39A;ILF3;TOP2A;SMC4;PRPF4B;DKC1;HIF1A;HNRNPD;UBE2S;SLC7A5;MCM2;CCNF;ATRX;XPO1;HN1;EWSR1;YTHDC1;HMGB3;PAFAH1B1;H2AFZ;MCM3;CENPE;TPX2;MNAT1;CHEK1;SRSF10;STMN1;CHMP1A;MKI67;CASC5;TROAP;PLK4;SMC2;AMD1;SYNCRIP;CDKN3;MTF2;STIL;NUMA1;PAPD7;MYBL2;SRSF1;WHSC1;SMARCC1;H2AFV;GSPT1;E2F4;ABL1;TRAIP;PRIM2;NUSAP1;TLE3;TACC3;CDC25A;RAD21;SRSF2;E2F2;INCENP;KIF23;LBR;KIF11;KIF4A;KATNA1;SFPQ;KIF15;RPA2;TTK;ARID4A;KIF2C;CHAF1A;KPNA2;MT2A;KIF5B	K562_7d	ELK1	2733	5381	23111	mean_log_expr_perturbed_minus_control	False	H	Proliferation / cell cycle	G2M Checkpoint	HALLMARK_G2M_CHECKPOINT	K562_7d / ELK1	17	Tier 2	top by NES variance (0.058)	9	K562_13d	-0.2837454981992797	0.42	50
HALLMARK_MYC_TARGETS_V1	0.599214921714117	1.63344718240874	1.30257789237267e-05	up	200	199	0.0006512889461863	0.593325476396405	SERBP1;EIF3J;PWP1;SRM;PRPF31;CDK4;EPRS;PA2G4;RSL1D1;DUT;RNPS1;NOP56;AIMP2;HSPD1;HNRNPU;SET;RPS3;USP1;SNRPA1;UBE2E1;EIF3B;SSB;NOP16;XPOT;NOLC1;MCM6;PSMD14;GOT2;SRSF3;HSP90AB1;DDX21;RPLP0;APEX1;HNRNPD;CDK2;IARS;SNRPG;TARDBP;MCM2;DDX18;XPO1;VDAC1;POLD2;NPM1;SRSF7;PSMB2;H2AFZ;POLE3;TUFM;SLC25A3;KARS;EIF2S2;EEF1B2;RPS5;PABPC1;TYMS;EIF4H;SNRPD2;RPL14;HNRNPA3;DEK;RPS10;MCM7;NAP1L1;FBL;PSMC4;CCT7;RRP9;RPL6;ORC2;RPL34;PHB;SYNCRIP;TOMM70A;FAM120A;RPS6;LSM7;RPS2;SRSF1;HNRNPA1;SMARCC1;GSPT1;STARD7;COX5A;HNRNPA2B1;MCM4;PCBP1;RUVBL2;ACP1;IFRD1;RAN;CBX3;UBA2;SRSF2;SRPK1;XRCC6;CANX;EIF4A1;CLNS1A;CYC1;RPL18	K562_7d	ELK1	2733	5381	23111	mean_log_expr_perturbed_minus_control	False	H	Proliferation / cell cycle	Myc Targets V1	HALLMARK_MYC_TARGETS_V1	K562_7d / ELK1	17	Tier 2	top by NES variance (0.058)	10	K562_13d	-0.2837454981992797	0.42	50
HALLMARK_HYPOXIA	-0.428753139598798	-1.29872286980549	0.0158390410958904	down	200	191	0.0659960045662101	0.238352921646911	LDHA;PLIN2;MIF;DDIT4;S100A4;PPP1R15A;ANXA2;SLC2A3;WSB1;TIPARP;PGK1;CITED2;BTG1;GRHPR;PRKCA;HK1;UGP2;KLHL24;IDS;RBPJ;SLC37A4;JUN;ERO1L;IER3;P4HA1;PLAUR;ATP7A;GAPDH;SAP30;HSPA5;HEXA;ALDOA;DDIT3;GBE1;CASP6;HOXB9;TPI1	K562_7d	ELK1	2733	5381	23111	mean_log_expr_perturbed_minus_control	False	H	Proteostasis / stress	Hypoxia	HALLMARK_HYPOXIA	K562_7d / ELK1	17	Tier 2	top by NES variance (0.058)	11	K562_13d	-0.2837454981992797	0.42	50
HALLMARK_REACTIVE_OXIGEN_SPECIES_PATHWAY	-0.363512582850944	-0.903017876146039	0.639124087591241	down	49	47	0.710137875101379	0.0272565898399834	PRDX4;FTL;NQO1;ATOX1;GLRX2;HHEX;GCLC;GSR;HMOX2;SOD2	K562_7d	ELK1	2733	5381	23111	mean_log_expr_perturbed_minus_control	False	H	Proteostasis / stress	Reactive Oxigen Species Pathway	HALLMARK_REACTIVE_OXIGEN_SPECIES_PATHWAY	K562_7d / ELK1	17	Tier 2	top by NES variance (0.058)	12	K562_13d	-0.2837454981992797	0.42	50
HALLMARK_UNFOLDED_PROTEIN_RESPONSE	0.381548061505749	0.981130708115658	0.504261562107028	up	113	111	0.623113485757902	0.0192007727745151	SEC31A;NOP14;NOP56;EXOSC9;LSM4;XPOT;NOLC1;DKC1;EIF4G1;IARS;SLC7A5;NPM1;CXXC1;EIF4A2;SPCS1;PAIP1;BAG3;RPS14;PREB;HERPUD1;DCP2;CNOT4;RRP9;CHAC1;TSPYL2;SRPRB;KHSRP;ATF3;TATDN2;EIF4A1;EEF2;EIF2AK3;EXOC2;ZBTB17;HSPA9;SEC11A;ALDH18A1;XBP1;KIF5B;CNOT2;SDAD1;EXOSC4;SLC1A4;YIF1A	K562_7d	ELK1	2733	5381	23111	mean_log_expr_perturbed_minus_control	False	H	Proteostasis / stress	Unfolded Protein Response	HALLMARK_UNFOLDED_PROTEIN_RESPONSE	K562_7d / ELK1	17	Tier 2	top by NES variance (0.058)	13	K562_13d	-0.2837454981992797	0.42	50
HALLMARK_EPITHELIAL_MESENCHYMAL_TRANSITION	-0.555675756722368	-1.65199038421674	4.3829445903761e-05	down	200	163	0.0009979442070359	0.557332238758646	TIMP1;EMP3;LGALS1;CALU;TPM4;TNFRSF12A;SAT1;FN1;CAPG;PPIB;PLOD1;TGFB1;SLC6A8;ECM1;JUN;GADD45A;PLAUR;TGFBR3;ITGB5	K562_7d	ELK1	2733	5381	23111	mean_log_expr_perturbed_minus_control	False	H	State remodeling	Epithelial Mesenchymal Transition	HALLMARK_EPITHELIAL_MESENCHYMAL_TRANSITION	K562_7d / ELK1	17	Tier 2	top by NES variance (0.058)	14	K562_13d	-0.2837454981992797	0.42	50
HALLMARK_APOPTOSIS	0.404259897272992	1.09172892020449	0.2486881857211	up	161	150	0.498428925473535	0.0335126487672167	TIMP1;KRT18;HSPB1;TNFRSF12A;BID;CFLAR;BTG3;CCND2;ETF1;SLC20A1;ATF3;CD69;TXNIP;NEFH;CDK2;MCL1;IFNGR1;IER3;TGFBR3;DFFA;GSN;BRCA1;PMAIP1;CASP2;PPP3R1;DNAJC3;BCL2L2;CASP9;SOD1;RHOT2;CASP3;VDAC2;CDKN1A;MADD;PDCD4;F2R;CASP6;BNIP3L	K562_7d	CREB1	2713	5381	23111	mean_log_expr_perturbed_minus_control	False	H	Cell death / stress	Apoptosis	HALLMARK_APOPTOSIS	K562_7d / CREB1	18	Tier 2	top by NES variance (0.053)	0	K562_13d	-0.1074189675870348	0.46	50
HALLMARK_P53_PATHWAY	0.346111763155659	0.958955695175008	0.56356062943536	up	200	190	0.704450786794199	0.0190189714530975	STOM;WRAP73;PCNA;CCND2;DNTTIP2;BTG1;VAMP8;RAP2B;CCND3;SPHK1;DDIT4;ATF3;BAIAP2;FGF13;ISCU;AK1;TXNIP;HRAS;EI24;SOCS1;TRIAP1;HIST1H1C;IER3;JAG2;PRKAB1;NOL8;SLC35D1;MAPKAPK3;RCHY1;CDKN1A;SERTAD3;TPRKB;CD82;TOB1;F2R;PRMT2;EPS8L2;PLK3;PDGFA;NINJ1;TGFB1;TCN2;POLH;KIF13B;HIST3H2A;SLC3A2;GADD45A;EPHX1;ACVR1B	K562_7d	CREB1	2713	5381	23111	mean_log_expr_perturbed_minus_control	False	H	Cell death / stress	P53 Pathway	HALLMARK_P53_PATHWAY	K562_7d / CREB1	18	Tier 2	top by NES variance (0.053)	1	K562_13d	-0.1074189675870348	0.46	50
HALLMARK_TNFA_SIGNALING_VIA_NFKB	0.403411652286016	1.11859745488173	0.189793401171755	up	200	191	0.474483502929386	0.0385143573765071	TUBB2A;EGR1;IER2;PHLDA2;KLF9;CFLAR;BTG3;BTG1;SPHK1;ATF3;REL;CD69;EIF1;ATP2B1;MCL1;KDM6B;IER3;KLF6;TNIP2;IRS2;TNFAIP3;JUNB;RIPK2;SGK1;CDKN1A;PHLDA1;HES1;NFE2L2;TNFAIP8;ZFP36;IFNGR2;DNAJB4;ETS2;SLC2A3;LITAF;FOSL1;CXCL2;IL6ST;NINJ1;SMAD3;RCAN1;LAMB3;PER1;GADD45A;SDC4;CXCL11;CCL5;DUSP5;CEBPB;NAMPT;TGIF1;MAFF;CCNL1	K562_7d	CREB1	2713	5381	23111	mean_log_expr_perturbed_minus_control	False	H	Cell death / stress	Tnfa Signaling Via Nfkb	HALLMARK_TNFA_SIGNALING_VIA_NFKB	K562_7d / CREB1	18	Tier 2	top by NES variance (0.053)	2	K562_13d	-0.1074189675870348	0.46	50
HALLMARK_INTERFERON_ALPHA_RESPONSE	0.324663382754635	0.82471660533123	0.843095198812077	up	97	88	0.896909785970295	0.0141147538988029	NMI;LY6E;PSME2;PLSCR1;NCOA7;TRIM14;TXNIP;NUB1;GMPR;WARS;PNPT1;IL4R;RIPK2;PSME1;IFITM1;SP110	K562_7d	CREB1	2713	5381	23111	mean_log_expr_perturbed_minus_control	False	H	Inflammatory / interferon	Interferon Alpha Response	HALLMARK_INTERFERON_ALPHA_RESPONSE	K562_7d / CREB1	18	Tier 2	top by NES variance (0.053)	3	K562_13d	-0.1074189675870348	0.46	50
HALLMARK_INTERFERON_GAMMA_RESPONSE	0.327344066932115	0.901866468711415	0.725508461419034	up	200	181	0.808224369907144	0.0154053345290688	NMI;LY6E;PSME2;PSMB2;PLSCR1;PSMA2;BTG1;PTPN2;VAMP8;CD69;TRIM14;TXNIP;LYSMD2;SOCS1;WARS;RIPK1;PNPT1;ISOC1;IL4R;STAT3;TNFAIP3;RIPK2;PSME1;CASP3;CDKN1A;SP110;PFKP;PELI1;PARP14;IFI35;PTPN1;SPPL2A;BPGM;CXCL11;IL10RA;CCL5;PML;NAMPT	K562_7d	CREB1	2713	5381	23111	mean_log_expr_perturbed_minus_control	False	H	Inflammatory / interferon	Interferon Gamma Response	HALLMARK_INTERFERON_GAMMA_RESPONSE	K562_7d / CREB1	18	Tier 2	top by NES variance (0.053)	4	K562_13d	-0.1074189675870348	0.46	50
HALLMARK_GLYCOLYSIS	-0.417644865823453	-1.22386954332212	0.0459965928449745	down	200	189	0.28747870528109	0.11260357881031	PPIA;AURKA;HSPA5;CENPA;CDK1;MDH1;PLOD1;RARS;HS2ST1;CTH;STC2;GFPT1;PGAM1;IL13RA1;DLD;IDH1;NASP;ARPP19;UGP2;HMMR;RBCK1;SRD5A3;MIF;NSDHL;GCLC;ME2;VEGFA;ECD;DSC2;FAM162A;P4HA2;GALK1;SLC16A3;ZNF292;KDELR3;SLC37A4;B4GALT2;DEPDC1;CHPF;AK3;MPI;GLRX;GUSB;SLC25A13;POLR3K;TXN;ERO1L;ENO2;CHST12;MXI1;KIF20A;P4HA1;GNPDA1;TSTA3;GNE	K562_7d	CREB1	2713	5381	23111	mean_log_expr_perturbed_minus_control	False	H	Metabolic state	Glycolysis	HALLMARK_GLYCOLYSIS	K562_7d / CREB1	18	Tier 2	top by NES variance (0.053)	5	K562_13d	-0.1074189675870348	0.46	50
HALLMARK_MTORC1_SIGNALING	0.396333479140469	1.10226669538823	0.218229487970389	up	200	197	0.495976109023611	0.0355432910251727	TUBG1;CTSC;ASNS;IMMT;PSMC6;PSMA4;CACYBP;PSMC2;ARPC5L;DDX39A;MTHFD2L;PSMG1;TPI1;MLLT11;COPS5;ALDOA;ENO1;HPRT1;PSMC4;GMPS;GAPDH;RAB1A;LDHA;ACTR3;ETF1;SEC11A;CDC25A;DDIT4;CCT6A;UNG;HSPA4;FADS2;SSR1;STIP1;POLR3G;DHFR;ATP5G1;PSMD14;GPI;UBE2D3;TOMM40;EIF2S2;ME1;WARS;RPN1;PDAP1;MCM2;NUP205;SRD5A1;PGK1;SLC7A5;GLA;LTA4H;AK4;PHGDH;SLC1A4;M6PR;USO1;RIT1;DAPP1;PNO1;HSPA9;CDKN1A;MCM4;PITPNB	K562_7d	CREB1	2713	5381	23111	mean_log_expr_perturbed_minus_control	False	H	Metabolic state	Mtorc1 Signaling	HALLMARK_MTORC1_SIGNALING	K562_7d / CREB1	18	Tier 2	top by NES variance (0.053)	6	K562_13d	-0.1074189675870348	0.46	50
HALLMARK_OXIDATIVE_PHOSPHORYLATION	0.656763519986955	1.82744145955114	3.65751901459026e-08	up	200	198	1.82875950729513e-06	0.719512826338911	SUCLG1;MRPL15;TIMM17A;TIMM13;TIMM8B;IMMT;CYCS;NDUFA9;VDAC1;HCCS;NDUFAB1;MGST3;COX6A1;ATP5B;UQCRFS1;TIMM10;COX5A;NDUFA8;MRPS22;ATP6V0B;NDUFS8;PRDX3;NDUFB6;MRPS12;NDUFB5;MDH2;NDUFS4;SLC25A6;LDHA;SUCLA2;TIMM50;ATP5J;GRPEL1;NDUFA6;MRPS15;NDUFB7;SDHC;UQCR10;COX7A2L;HTRA2;COX8A;NDUFB3;ECH1;ECI1;MRPL34;SDHB;ATP5O;UQCRQ;NDUFS6;NDUFA3;COX5B;IDH3B;SLC25A3;ISCU;ATP5C1;ATP5G1;CYB5R3;SLC25A11;ACADVL;NDUFB8;GPI;ETFB;ECHS1;ATP5G3;ATP5H;NQO2;NDUFB2;NDUFB1;UQCR11;IDH3A;VDAC3;COX11;NNT;COX7B;NDUFA4;NDUFS7;CYC1;NDUFC2;MRPL11;ATP5L;GOT2;UQCRC1;SDHA;MFN2;POR;PHB2;GLUD1;POLR2F;MRPS30;RHOT2;PDHA1;TIMM9;ATP5D;VDAC2;SLC25A5;HSPA9;SLC25A4;DLST;LRPPRC;ATP6V1F;CS;ETFA;UQCRB;NDUFB4	K562_7d	CREB1	2713	5381	23111	mean_log_expr_perturbed_minus_control	False	H	Metabolic state	Oxidative Phosphorylation	HALLMARK_OXIDATIVE_PHOSPHORYLATION	K562_7d / CREB1	18	Tier 2	top by NES variance (0.053)	7	K562_13d	-0.1074189675870348	0.46	50
HALLMARK_E2F_TARGETS	0.399876189238211	1.11265364878326	0.201847575057737	up	200	198	0.480589464423183	0.0371496772766645	TUBG1;DCTPP1;NME1;SSRP1;DEK;RAN;DDX39A;H2AFZ;POLE4;RPA2;SRSF2;STMN1;HMGB3;SYNCRIP;HN1;PA2G4;PCNA;PSIP1;DUT;NUDT21;TIPIN;PAICS;CDC25A;UNG;TMPO;UBE2T;MCM7;DNMT1;MAD2L1;XRCC6;MELK;PMS2;NOP56;USP1;MCM5;BRCA2;PNN;CENPM;NBN;CHEK2;GSPT1;RFC2;MCM2;NUP205;SLBP;RPA3;BRCA1;MSH2;SMC3;TK1;HELLS;RAD1;BRMS1L;CDCA8;MRE11A;EZH2;PPP1R8;CDKN1A;POLD3;MCM4;MCM3;GINS4;STAG1;RANBP1;RNASEH2A;CCNB2;E2F8;RRM2;UBR7;CDKN2C	K562_7d	CREB1	2713	5381	23111	mean_log_expr_perturbed_minus_control	False	H	Proliferation / cell cycle	E2F Targets	HALLMARK_E2F_TARGETS	K562_7d / CREB1	18	Tier 2	top by NES variance (0.053)	8	K562_13d	-0.1074189675870348	0.46	50
HALLMARK_G2M_CHECKPOINT	-0.44649045947559	-1.31686915330466	0.0142126208072769	down	200	197	0.142126208072769	0.204544131818546	ATF5;TOP2A;KPNB1;AURKA;CENPE;CENPA;CDK1;NDC80;NOLC1;DTYMK;PRC1;TPX2;PTTG1;HMGA1;AURKB;NUSAP1;SQLE;KIF4A;UBE2S;KIF23;CUL5;CDC20;DBF4;TACC3;KIF22;NASP;BUB3;KIF2C;NUP50;CUL3;HMMR;MKI67;RACGAP1;CDC27;PRIM2;G3BP1;HNRNPD;TNPO2;DMD;ORC6;PLK1;EWSR1;TTK;ILF3;SLC38A1;TRA2B;ODF2;UPF1;RAD54L;CCNA2;SRSF10;HIRA;LMNB1;HIST1H2BK;LIG3;CBX1;KIF20B;WRN;CDC25B;LBR;E2F2;MEIS2;BIRC5;KIF11;XPO1;RBL1;KPNA2;HUS1;POLE;CHEK1;POLQ;SS18;PURA;CDK4;KIF15;BUB1;ORC5	K562_7d	CREB1	2713	5381	23111	mean_log_expr_perturbed_minus_control	False	H	Proliferation / cell cycle	G2M Checkpoint	HALLMARK_G2M_CHECKPOINT	K562_7d / CREB1	18	Tier 2	top by NES variance (0.053)	9	K562_13d	-0.1074189675870348	0.46	50
HALLMARK_MYC_TARGETS_V1	0.638735355145184	1.77757318052591	1.02695018122609e-07	up	200	199	2.56737545306522e-06	0.704975715167238	PSMB3;HDDC2;VBP1;PCBP1;SRM;NME1;SSB;ODC1;PSMA1;EEF1B2;PSMC6;PSMA4;VDAC1;NHP2;TXNL4A;DEK;SRSF7;RNPS1;RAN;NDUFAB1;U2AF1;H2AFZ;COPS5;COX5A;PWP1;PRDX3;EIF3J;ERH;YWHAQ;SRSF2;PSMB2;HPRT1;CNBP;PSMC4;EIF1AX;SMARCC1;SYNCRIP;PHB;NOP16;ILF2;PA2G4;SET;EIF4G2;EIF4A1;PCNA;LDHA;DUT;PSMA2;UBA2;CCT2;ETF1;ACP1;PSMA7;SSBP1;GLO1;CLNS1A;MRPL23;MCM7;SLC25A3;LSM2;HNRNPA3;MAD2L1;XRCC6;PSMD14;HNRNPA1;SNRPG;PABPC4;EIF2S2;NCBP2;NOP56;RPL22;CDK2;SNRPD1;ABCE1;VDAC3;USP1;MCM5;PPM1G;NCBP1;RPLP0;HNRNPA2B1;PRPS2;C1QBP;CYC1;TRIM28;PRPF31;UBE2E1;AP3S1;GOT2;TYMS;HNRNPU;RPS2;GSPT1;RPS6;RSL1D1;MCM2;CBX3;LSM7;PSMD8;PGK1;AIMP2;XPOT;PHB2	K562_7d	CREB1	2713	5381	23111	mean_log_expr_perturbed_minus_control	False	H	Proliferation / cell cycle	Myc Targets V1	HALLMARK_MYC_TARGETS_V1	K562_7d / CREB1	18	Tier 2	top by NES variance (0.053)	10	K562_13d	-0.1074189675870348	0.46	50
HALLMARK_HYPOXIA	-0.360176671243889	-1.05711340819337	0.267633674630262	down	200	191	0.498428925473535	0.0447763159319511	PIM1;WSB1;HSPA5;PRKCA;HK1;STC2;RBPJ;UGP2;SLC2A1;MIF;PPP1R15A;HEXA;VEGFA;HOXB9;FAM162A;P4HA2;ALDOC;GALK1;IDS;SCARB1;MYH9;ZNF292;KDELR3;SLC37A4;SLC25A1;KLHL24;KDM3A;NDST2;GLRX;SELENBP1;PNRC1;TIPARP;BHLHE40;CYR61;ENO3;S100A4;PFKFB3;ERO1L;FOXO3;ENO2;MXI1;P4HA1;NR3C1;TES;TGM2;SAP30;PRDX5;CITED2;VHL;TGFB3;CHST2	K562_7d	CREB1	2713	5381	23111	mean_log_expr_perturbed_minus_control	False	H	Proteostasis / stress	Hypoxia	HALLMARK_HYPOXIA	K562_7d / CREB1	18	Tier 2	top by NES variance (0.053)	11	K562_13d	-0.1074189675870348	0.46	50
HALLMARK_REACTIVE_OXIGEN_SPECIES_PATHWAY	0.535304621262744	1.24085596064813	0.133587786259542	up	49	47	0.371077184054283	0.0499670502581102	PRDX2;FTL;PRDX6;NDUFA6;MGST1;FES;GLRX2;CAT;GCLM;CDKN2D;TXNRD2;PRNP;JUNB;SOD1;PPP2R4;NDUFB4;PFKP;PRDX1	K562_7d	CREB1	2713	5381	23111	mean_log_expr_perturbed_minus_control	False	H	Proteostasis / stress	Reactive Oxigen Species Pathway	HALLMARK_REACTIVE_OXIGEN_SPECIES_PATHWAY	K562_7d / CREB1	18	Tier 2	top by NES variance (0.053)	12	K562_13d	-0.1074189675870348	0.46	50
HALLMARK_UNFOLDED_PROTEIN_RESPONSE	0.455375179853083	1.18876954690736	0.131518530665792	up	113	111	0.371077184054283	0.0488744853554749	TUBB2A;ASNS;NHP2;LSM1;PDIA6;ATF4;NOP14;LSM4;EIF4A1;HERPUD1;SEC31A;EEF2;BANF1;SEC11A;DDIT4;ATF3;CNOT6;EIF4EBP1;SSR1;EIF4A3;YWHAZ;GOSR2;NOP56;PREB;ALDH18A1;ERN1;SLC7A5;CEBPG;XPOT;DNAJC3;CXXC1;EXOSC9;SLC1A4;DDX10;KHSRP;EXOSC2;HSPA9;SKIV2L2;SDAD1;NPM1;ZBTB17;ATP6V0D1	K562_7d	CREB1	2713	5381	23111	mean_log_expr_perturbed_minus_control	False	H	Proteostasis / stress	Unfolded Protein Response	HALLMARK_UNFOLDED_PROTEIN_RESPONSE	K562_7d / CREB1	18	Tier 2	top by NES variance (0.053)	13	K562_13d	-0.1074189675870348	0.46	50
HALLMARK_EPITHELIAL_MESENCHYMAL_TRANSITION	0.298960598771216	0.814983175800909	0.937549158408054	up	200	163	0.956682814702096	0.0118796376483607	TIMP1;TNFRSF12A;PDLIM4;CD59;PMP22;MCM7;DAB2;TGFBR3;EMP3	K562_7d	CREB1	2713	5381	23111	mean_log_expr_perturbed_minus_control	False	H	State remodeling	Epithelial Mesenchymal Transition	HALLMARK_EPITHELIAL_MESENCHYMAL_TRANSITION	K562_7d / CREB1	18	Tier 2	top by NES variance (0.053)	14	K562_13d	-0.1074189675870348	0.46	50
HALLMARK_APOPTOSIS	-0.371319487320311	-0.868670420722649	0.759657201330264	down	161	150	0.844063557033626	0.0119315058907362	ANXA1;TXNIP;PPT1;HSPB1;BAX;CTH;CCND2;PMAIP1;IFITM3;GPX4;FDXR;ETF1;HMGB2;VDAC2;BID;ROCK1;CASP8;CDKN1B;SOD2;SAT1;TSPO;GADD45A	K562_7d	YY1	1994	5381	23111	mean_log_expr_perturbed_minus_control	False	H	Cell death / stress	Apoptosis	HALLMARK_APOPTOSIS	K562_7d / YY1	19	Tier 2	top by NES variance (0.048)	0	K562_13d	0.2353421368547419	0.44	50
HALLMARK_P53_PATHWAY	-0.432930194635194	-1.03291312876961	0.388389005300136	down	200	190	0.694937517750639	0.0212725338330706	DDIT4;TXNIP;TPD52L1;CCNG1;ISCU;BAX;BTG1;CCND2;RCHY1;SLC7A11;IP6K2;TGFB1;DEF6;ABCC5;TRIB3;RPS27L;FDXR;PRMT2;DCXR;RAP2B;CCP110;RAD51C;TSC22D1;BLCAP;CCNK;SAT1;GADD45A;STEAP3;FUCA1;PMM1;SERTAD3;HSPA4L;SOCS1;GM2A;NUPR1;ZFP36L1;FGF13;BTG2;ATF3;HEXIM1;LDHB;VAMP8;RETSAT;PRKAB1;PPP1R15A;MXD1;AK1;PLXNB2	K562_7d	YY1	1994	5381	23111	mean_log_expr_perturbed_minus_control	False	H	Cell death / stress	P53 Pathway	HALLMARK_P53_PATHWAY	K562_7d / YY1	19	Tier 2	top by NES variance (0.048)	1	K562_13d	0.2353421368547419	0.44	50
HALLMARK_TNFA_SIGNALING_VIA_NFKB	-0.344548433437351	-0.822305913881878	0.878743068391867	down	200	191	0.915357362908195	0.0091526032605191	G0S2;BTG1;MAP3K8;KYNU;PDLIM5;ATP2B1;STAT5A;MYC;CXCL3;IFNGR2;TSC22D1;IL23A;TANK;SOD2;SAT1;GADD45A;TGIF1;NFE2L2;KLF10;RIPK2;B4GALT5;BTG2;IL6;CCNL1;REL;ATF3;NFKBIA;IRF1;IL18;PPP1R15A;MXD1	K562_7d	YY1	1994	5381	23111	mean_log_expr_perturbed_minus_control	False	H	Cell death / stress	Tnfa Signaling Via Nfkb	HALLMARK_TNFA_SIGNALING_VIA_NFKB	K562_7d / YY1	19	Tier 2	top by NES variance (0.048)	2	K562_13d	0.2353421368547419	0.44	50
HALLMARK_INTERFERON_ALPHA_RESPONSE	-0.580826736894431	-1.28774694796353	0.0785123966942149	down	97	88	0.261707988980716	0.0587077763275074	TXNIP;B2M;BST2;WARS;IFITM3;IFITM1;PLSCR1;EIF2AK2;PNPT1;CASP8;GMPR;NCOA7;ISG15;TRIM14;ADAR;RIPK2;MOV10;IL7;CD47;IRF1;IFI35;CNP;PARP14	K562_7d	YY1	1994	5381	23111	mean_log_expr_perturbed_minus_control	False	H	Inflammatory / interferon	Interferon Alpha Response	HALLMARK_INTERFERON_ALPHA_RESPONSE	K562_7d / YY1	19	Tier 2	top by NES variance (0.048)	3	K562_13d	0.2353421368547419	0.44	50
HALLMARK_INTERFERON_GAMMA_RESPONSE	-0.566918264530662	-1.34714468441264	0.0176638885433512	down	200	181	0.080290402469778	0.120420653167431	MTHFD2;PIM1;TXNIP;B2M;PSMA2;RBCK1;BST2;BTG1;ARL4A;WARS;IFITM3;ISOC1;CFH;PLSCR1;EIF2AK2;LYSMD2;PNPT1;SPPL2A;CASP8;RNF213;SOD2;SRI;ISG15;TRIM14;ADAR;RIPK2;NCOA3;SOCS1;JAK2;IL6;IFNAR2;IL7;VAMP8;NFKBIA;IRF1;IFI35;HIF1A	K562_7d	YY1	1994	5381	23111	mean_log_expr_perturbed_minus_control	False	H	Inflammatory / interferon	Interferon Gamma Response	HALLMARK_INTERFERON_GAMMA_RESPONSE	K562_7d / YY1	19	Tier 2	top by NES variance (0.048)	4	K562_13d	0.2353421368547419	0.44	50
HALLMARK_GLYCOLYSIS	-0.449046286911103	-1.07077611106696	0.313926236585667	down	200	189	0.629347826086957	0.0246953622014254	DDIT4;RBCK1;SDHC;CTH;NASP;STMN1;HAX1;CITED2;TALDO1;PRPS1;GALE;G6PD;NDUFV3;KIF2A;POLR3K;GUSB;MPI;GFPT1;ZNF292;DLD;AK4;TPI1;AK3;STC2;IDH1;SLC25A13;PGAM1;HS2ST1;SLC25A10;B3GAT3;TSTA3;SDC3;GALK2;RPE;ERO1L;B4GALT7;LDHA;AURKA;GMPPA;DSC2;PLOD1;MIF;AGL;GYS1;UGP2;CENPA;MDH2	K562_7d	YY1	1994	5381	23111	mean_log_expr_perturbed_minus_control	False	H	Metabolic state	Glycolysis	HALLMARK_GLYCOLYSIS	K562_7d / YY1	19	Tier 2	top by NES variance (0.048)	5	K562_13d	0.2353421368547419	0.44	50
HALLMARK_MTORC1_SIGNALING	-0.408056294067892	-0.976606709743184	0.522730057590982	down	200	197	0.726013968876363	0.0167280538642173	DDIT4;MTHFD2;FADS1;PSMB5;GAPDH;CCNG1;PSAT1;HMBS;HPRT1;TES;BCAT1;MTHFD2L;CTH;SEC11A;COPS5;EEF1E1;TCEA1;SLC7A11;WARS;SLC6A6;SLC2A1;UBE2D3;FAM129A;SCD;ELOVL6;RDH11;G6PD;PSPH;TRIB3;RAB1A;FDXR;ACLY;ETF1;ADD3;PSMC6;SERP1;PDAP1;AK4;TPI1;SERPINH1;PFKL;TFRC;IDH1;UNG;XBP1;PSMA4;PHGDH;NFYC;ERO1L;HSPD1;UCHL5;NUPR1;POLR3G;LDHA;AURKA;SSR1;FKBP2;CACYBP;DHFR	K562_7d	YY1	1994	5381	23111	mean_log_expr_perturbed_minus_control	False	H	Metabolic state	Mtorc1 Signaling	HALLMARK_MTORC1_SIGNALING	K562_7d / YY1	19	Tier 2	top by NES variance (0.048)	6	K562_13d	0.2353421368547419	0.44	50
HALLMARK_OXIDATIVE_PHOSPHORYLATION	-0.634211033359684	-1.51819894536054	0.000262531226598	down	200	198	0.00656328066495	0.49849310876659	NDUFA5;ECH1;NDUFB8;NDUFC1;ATP5G2;ATP5A1;COX7B;TIMM13;SDHB;ATP5D;ATP5F1;NDUFA3;NDUFB5;TIMM8B;ATP5J2;PRDX3;ECI1;SLC25A3;NDUFA6;COX7A2;ATP6V1F;NDUFS2;ISCU;HSD17B10;NDUFS6;BAX;SDHC;NDUFS7;ECHS1;COX6A1;UQCRFS1;NDUFS4;IDH3G;ATP5C1;UQCRC1;OXA1L;SDHD;NDUFV2;NDUFS3;CYC1;MRPL35;UQCRC2;MRPL34;MRPS30;UQCRH;PHB2;IDH2;COX5B;ETFB;NDUFA9;FXN;ABCB7;GPX4;ATP5B;ATP6AP1;NDUFB7;OAT;HTRA2;ACO2;VDAC2;MRPL11;TIMM9;DLD;ATP6V1H;COX8A;OPA1;ACAT1;PDHX;NDUFA7	K562_7d	YY1	1994	5381	23111	mean_log_expr_perturbed_minus_control	False	H	Metabolic state	Oxidative Phosphorylation	HALLMARK_OXIDATIVE_PHOSPHORYLATION	K562_7d / YY1	19	Tier 2	top by NES variance (0.048)	7	K562_13d	0.2353421368547419	0.44	50
HALLMARK_E2F_TARGETS	0.3732246946622	1.03562286584748	0.314673913043478	up	200	198	0.629347826086957	0.0582215137439884	DDX39A;CKS2;MKI67;LUC7L3;KPNA2;CDK1;PCNA;UBE2S;CDK4;PSIP1;TBRG4;NME1;NAP1L1;MCM7;RNASEH2A;PA2G4;UBE2T;MCM3;RFC2;DCTPP1;PRDX4;MCM6;SRSF2;POP7;ANP32E;RPA3;RFC3;RAD50;RBBP7;TUBG1;ZW10;ORC6;MCM4;NOLC1;PSMC3IP;WEE1;HMMR;NUP153;TIPIN;RPA2;NOP56;HELLS;MELK;DNMT1;DCK;H2AFX;ASF1B;CDC20;SLBP;KIF2C;CDC25A;ORC2;TK1;E2F8;CDKN3;RRM2;CHEK2;SSRP1;NCAPD2;SNRPB;KIF4A;CSE1L;RAD51AP1;TRIP13;BRCA1;GINS1;XPO1;ATAD2;DONSON;BRCA2;MYBL2;TCF19;DCLRE1B;POLE;KIF18B	K562_7d	YY1	1994	5381	23111	mean_log_expr_perturbed_minus_control	False	H	Proliferation / cell cycle	E2F Targets	HALLMARK_E2F_TARGETS	K562_7d / YY1	19	Tier 2	top by NES variance (0.048)	8	K562_13d	0.2353421368547419	0.44	50
HALLMARK_G2M_CHECKPOINT	-0.410548912579012	-0.982572327718397	0.508761181227791	down	200	197	0.726013968876363	0.0171238718778665	ATF5;SFPQ;HIST1H2BK;HMGB3;KIF5B;HMGA1;TFDP1;EZH2;NASP;TRA2B;STMN1;TGFB1;CUL4A;SETD8;ATRX;RAD21;ODC1;MCM5;SLC38A1;H2AFZ;HN1;CDC27;DKC1;CCNA2;CUL5;PRMT5;HMGN2;SLC7A1;MYC;SRSF1;CDKN2C;ILF3;SMC4;NDC80;KIF22;GINS2;CKS1B;CDKN1B;SRSF10;TMPO;DTYMK;MAD2L1;KPNB1;TTK;AMD1;LBR;CENPE;NUP50;DMD;CCNB2;RAD54L;AURKA;UCK2;PRIM2;SYNCRIP;E2F3;E2F2;MEIS2;CENPA;DR1;CASC5;SLC7A5;TOP2A;CCNT1	K562_7d	YY1	1994	5381	23111	mean_log_expr_perturbed_minus_control	False	H	Proliferation / cell cycle	G2M Checkpoint	HALLMARK_G2M_CHECKPOINT	K562_7d / YY1	19	Tier 2	top by NES variance (0.048)	9	K562_13d	0.2353421368547419	0.44	50
HALLMARK_MYC_TARGETS_V1	0.443714702472858	1.23081104489885	0.0350684931506849	up	200	199	0.134878819810327	0.180467893079923	RNPS1;RPS10;SSB;U2AF1;PSMA7;SRSF3;PSMD3;PSMB3;NDUFAB1;RPL34;EIF3B;PCBP1;PGK1;GLO1;CCT7;PSMA1;SNRPG;PABPC4;LSM2;PSMD7;SNRPD2;PSMB2;RPS3;KPNA2;PSMD1;RPS6;PPIA;PCNA;CDK4;SMARCC1;NME1;EPRS;NAP1L1;POLE3;SRSF7;MCM7;CCT4;GNL3;CCT2;PA2G4;PABPC1;FBL;PRDX4;EIF3J;EEF1B2;PSMD14;EIF2S2;CBX3;CCT5;MCM6;SRSF2;VDAC3;DHX15;PWP1;NCBP2;MCM4;NOLC1;HSPE1;IARS;SRM;RPLP0;NOP56;DDX18;UBE2L3;RPS5;GNB2L1;RPL14;CDC20;ORC2;IFRD1;SNRPD3;TOMM70A;GOT2;NOP16;RPL18;RPS2;SRPK1;HSP90AB1;XPO1;HNRNPA1;G3BP1;CDC45;TCP1;RPL6;TXNL4A;RRP9	K562_7d	YY1	1994	5381	23111	mean_log_expr_perturbed_minus_control	False	H	Proliferation / cell cycle	Myc Targets V1	HALLMARK_MYC_TARGETS_V1	K562_7d / YY1	19	Tier 2	top by NES variance (0.048)	10	K562_13d	0.2353421368547419	0.44	50
HALLMARK_HYPOXIA	-0.482313731038357	-1.15109922115315	0.173012939001848	down	200	191	0.432532347504621	0.0357051552759562	DDIT4;PIM1;GAPDH;HOXB9;WSB1;TES;BTG1;SLC25A1;CITED2;SLC6A6;SLC2A1;PTRF;TGM2;ZNF292;AK4;PKLR;TPI1;PFKL;STC2;CDKN1B;SIAH2;PLIN2;ATP7A;SDC3;ERO1L;RBPJ;NR3C1;LDHA;MIF;KIF5A;GYS1;IL6;UGP2;SCARB1;NDST2;HEXA;ATF3;ILVBL;PPP1R15A;PDK1;ALDOC;SELENBP1;GBE1	K562_7d	YY1	1994	5381	23111	mean_log_expr_perturbed_minus_control	False	H	Proteostasis / stress	Hypoxia	HALLMARK_HYPOXIA	K562_7d / YY1	19	Tier 2	top by NES variance (0.048)	11	K562_13d	0.2353421368547419	0.44	50
HALLMARK_REACTIVE_OXIGEN_SPECIES_PATHWAY	-0.493445743098674	-1.00626296917421	0.453996071914187	down	49	47	0.703895642627662	0.0220141780799487	MGST1;NDUFA6;NDUFS2;PRDX6;HHEX;CAT;TXNRD2;PDLIM1;FTL;GPX4;G6PD	K562_7d	YY1	1994	5381	23111	mean_log_expr_perturbed_minus_control	False	H	Proteostasis / stress	Reactive Oxigen Species Pathway	HALLMARK_REACTIVE_OXIGEN_SPECIES_PATHWAY	K562_7d / YY1	19	Tier 2	top by NES variance (0.048)	12	K562_13d	0.2353421368547419	0.44	50
HALLMARK_UNFOLDED_PROTEIN_RESPONSE	-0.440164164320772	-1.00031454859252	0.464571124134257	down	113	111	0.703895642627662	0.0197150149448115	DDIT4;MTHFD2;KIF5B;PSAT1;EIF4EBP1;SEC11A;TARS;SPCS1;SLC30A5;NPM1;LSM4;NFYB;HYOU1;DKC1;ATF6;SKIV2L2;EIF4A1;SERP1;CHAC1;STC2;CKS1B;EIF4E;DCP2;XBP1;HERPUD1;ERO1L;SRPRB;EIF2S1;ATF4;SSR1;CEBPG	K562_7d	YY1	1994	5381	23111	mean_log_expr_perturbed_minus_control	False	H	Proteostasis / stress	Unfolded Protein Response	HALLMARK_UNFOLDED_PROTEIN_RESPONSE	K562_7d / YY1	19	Tier 2	top by NES variance (0.048)	13	K562_13d	0.2353421368547419	0.44	50
HALLMARK_EPITHELIAL_MESENCHYMAL_TRANSITION	0.507323461669725	1.3740808547838	0.0091831802803286	up	200	163	0.0510176682240481	0.335068558717014	VIM;TIMP1;TPM4;TNFRSF12A;FLNA;MCM7;CAPG;COPA;ID2;LGALS1;PCOLCE;PLAUR;JUN;ITGA5;ITGB1;PDLIM4;BMP1;ITGAV;SDC4;GADD45B;VEGFA	K562_7d	YY1	1994	5381	23111	mean_log_expr_perturbed_minus_control	False	H	State remodeling	Epithelial Mesenchymal Transition	HALLMARK_EPITHELIAL_MESENCHYMAL_TRANSITION	K562_7d / YY1	19	Tier 2	top by NES variance (0.048)	14	K562_13d	0.2353421368547419	0.44	50
