target_gene	fine_axis	projected_signed_mean	projected_mean_abs	projected_l2	n_axis_genes	n_projected_genes	gene_coverage	architecture_role	confidence	expected_axis	is_expected_axis
ARID1A	ER stress / UPR	0.0279113456843763	0.0279113456843763	0.0279113456843763	1	1	1.0	context_deviation	provisional	chromatin remodeling	False
ARID1A	JAK-STAT signaling	-0.0897499652069769	0.0897499652069769	0.0897499652069769	1	1	1.0	context_deviation	provisional	chromatin remodeling	False
ARID1A	NF-κB / MAPK signaling	0.0016363703296589	0.0016363703296589	0.0016363703296589	1	1	1.0	context_deviation	provisional	chromatin remodeling	False
ARID1A	NF-κB / copper signaling	0.01323588788233	0.01323588788233	0.01323588788233	1	1	1.0	context_deviation	provisional	chromatin remodeling	False
ARID1A	RNA processing / spliceosome	-0.0590314196435306	0.0590314196435306	0.0590314196435306	1	1	1.0	canonical_backbone	high	chromatin remodeling	False
ARID1A	RNA processing / transcription	-0.0443326915915115	0.0443326915915115	0.0443326915915115	1	1	1.0	context_deviation	provisional	chromatin remodeling	False
ARID1A	TGF-beta / BMP signaling	0.0165124329681293	0.0165124329681293	0.024020257716685516	2	2	1.0	context_deviation	moderate	chromatin remodeling	False
ARID1A	cell cycle / replication	0.0038739363487976	0.0038739363487976	0.0038739363487976	1	1	1.0	context_deviation	provisional	chromatin remodeling	False
ARID1A	chromatin remodeling	-0.05359068599967045	0.05359068599967045	0.08820482754974564	2	2	1.0	canonical_backbone	high	chromatin remodeling	True
ARID1A	cytoskeleton / cell motility	-0.0086240728393099	0.0086240728393099	0.0086240728393099	1	1	1.0	context_deviation	provisional	chromatin remodeling	False
ARID1A	growth / proliferation	-0.1544661715684388	0.1544661715684388	0.1544661715684388	1	1	1.0	context_deviation	provisional	chromatin remodeling	False
ARID1A	growth factor / proliferation	0.0149253832158605	0.0149253832158605	0.0149253832158605	1	1	1.0	context_deviation	provisional	chromatin remodeling	False
ARID1A	mTOR / lysosome / signaling	-0.0407816844856356	0.0407816844856356	0.0407816844856356	1	1	1.0	shift_excess	moderate	chromatin remodeling	False
ARID1A	metabolism / transcription	0.0081014735015269	0.0081014735015269	0.0081014735015269	1	1	1.0	context_deviation	provisional	chromatin remodeling	False
ARID1A	nuclear receptor / co-activator	0.0272233562474412	0.0272233562474412	0.0272233562474412	1	1	1.0	context_deviation	provisional	chromatin remodeling	False
ARID1A	nuclear receptor / metabolism	0.00096922087164495	0.00295738161712255	0.004401248715382166	2	2	1.0	context_deviation	moderate	chromatin remodeling	False
ARID1A	oxidative stress / antioxidant	-0.1146012031474244	0.1146012031474244	0.1146012031474244	1	1	1.0	context_deviation	provisional	chromatin remodeling	False
ARID1A	oxidative stress / mitochondrial	-0.0910191005335771	0.0910191005335771	0.0910191005335771	1	1	1.0	context_deviation	provisional	chromatin remodeling	False
ARID1A	peroxisome / metabolism	0.022276487538386	0.022276487538386	0.022276487538386	1	1	1.0	context_deviation	provisional	chromatin remodeling	False
ARID1A	proteostasis / chaperone	-0.1178791647638315	0.1178791647638315	0.1178791647638315	1	1	1.0	context_deviation	provisional	chromatin remodeling	False
ARID1A	ribosomal / translation	0.0126054646614526	0.0126054646614526	0.0126054646614526	1	1	1.0	canonical_backbone	high	chromatin remodeling	False
ARID1A	ribosome biogenesis / nucleolar	0.0422588214656354	0.0422588214656354	0.0422588214656354	1	1	1.0	context_deviation	provisional	chromatin remodeling	False
ARID1A	signaling / oncogene	-0.0256760361355835	0.0256760361355835	0.0256760361355835	1	1	1.0	context_deviation	provisional	chromatin remodeling	False
ARID1A	synaptic / signaling	-0.006305137303075	0.006305137303075	0.006305137303075	1	1	1.0	context_deviation	provisional	chromatin remodeling	False
ARID1A	transcription / chromatin	0.016352330323484852	0.057525626448443154	0.08457655000405472	2	2	1.0	canonical_backbone	high	chromatin remodeling	False
ARID1A	transcription regulation	-0.006016974385551505	0.02236605150823854	0.12160151801198367	18	18	1.0	context_deviation	moderate	chromatin remodeling	False
BMPR1A	ER stress / UPR	-0.1592780578931219	0.1592780578931219	0.1592780578931219	1	1	1.0	context_deviation	provisional	TGF-beta / BMP signaling	False
BMPR1A	JAK-STAT signaling	0.0618235743941653	0.0618235743941653	0.0618235743941653	1	1	1.0	context_deviation	provisional	TGF-beta / BMP signaling	False
BMPR1A	NF-κB / MAPK signaling	-0.007711928065965	0.007711928065965	0.007711928065965	1	1	1.0	context_deviation	provisional	TGF-beta / BMP signaling	False
BMPR1A	NF-κB / copper signaling	-0.2569528489137228	0.2569528489137228	0.2569528489137228	1	1	1.0	context_deviation	provisional	TGF-beta / BMP signaling	False
BMPR1A	RNA processing / spliceosome	0.0314021324771	0.0314021324771	0.0314021324771	1	1	1.0	canonical_backbone	high	TGF-beta / BMP signaling	False
BMPR1A	RNA processing / transcription	-0.2084656557697708	0.2084656557697708	0.2084656557697708	1	1	1.0	context_deviation	provisional	TGF-beta / BMP signaling	False
BMPR1A	TGF-beta / BMP signaling	-0.006688065384781549	0.03754117433362275	0.053927172908257826	2	2	1.0	context_deviation	moderate	TGF-beta / BMP signaling	True
BMPR1A	cell cycle / replication	-0.0491991692602468	0.0491991692602468	0.0491991692602468	1	1	1.0	context_deviation	provisional	TGF-beta / BMP signaling	False
BMPR1A	chromatin remodeling	0.0967338831866757	0.1416743384843707	0.24260693453138332	2	2	1.0	canonical_backbone	high	TGF-beta / BMP signaling	False
BMPR1A	cytoskeleton / cell motility	0.0550408503495864	0.0550408503495864	0.0550408503495864	1	1	1.0	context_deviation	provisional	TGF-beta / BMP signaling	False
BMPR1A	growth / proliferation	0.2630726924934105	0.2630726924934105	0.2630726924934105	1	1	1.0	context_deviation	provisional	TGF-beta / BMP signaling	False
BMPR1A	growth factor / proliferation	0.1753696514887528	0.1753696514887528	0.1753696514887528	1	1	1.0	context_deviation	provisional	TGF-beta / BMP signaling	False
BMPR1A	mTOR / lysosome / signaling	-0.0980276342165091	0.0980276342165091	0.0980276342165091	1	1	1.0	shift_excess	moderate	TGF-beta / BMP signaling	False
BMPR1A	metabolism / transcription	0.1413592721899584	0.1413592721899584	0.1413592721899584	1	1	1.0	context_deviation	provisional	TGF-beta / BMP signaling	False
BMPR1A	nuclear receptor / co-activator	-0.0404329218945116	0.0404329218945116	0.0404329218945116	1	1	1.0	context_deviation	provisional	TGF-beta / BMP signaling	False
BMPR1A	nuclear receptor / metabolism	-0.013455392427007001	0.013455392427007001	0.023390840592524678	2	2	1.0	context_deviation	moderate	TGF-beta / BMP signaling	False
BMPR1A	oxidative stress / antioxidant	0.2100627064243302	0.2100627064243302	0.2100627064243302	1	1	1.0	context_deviation	provisional	TGF-beta / BMP signaling	False
BMPR1A	oxidative stress / mitochondrial	-0.0472188557716619	0.0472188557716619	0.0472188557716619	1	1	1.0	context_deviation	provisional	TGF-beta / BMP signaling	False
BMPR1A	peroxisome / metabolism	-0.0310764423389807	0.0310764423389807	0.0310764423389807	1	1	1.0	context_deviation	provisional	TGF-beta / BMP signaling	False
BMPR1A	proteostasis / chaperone	0.0699657566713327	0.0699657566713327	0.0699657566713327	1	1	1.0	context_deviation	provisional	TGF-beta / BMP signaling	False
BMPR1A	ribosomal / translation	-0.025855996579683	0.025855996579683	0.025855996579683	1	1	1.0	canonical_backbone	high	TGF-beta / BMP signaling	False
BMPR1A	ribosome biogenesis / nucleolar	0.2232469326412723	0.2232469326412723	0.2232469326412723	1	1	1.0	context_deviation	provisional	TGF-beta / BMP signaling	False
BMPR1A	signaling / oncogene	-0.018033827760273	0.018033827760273	0.018033827760273	1	1	1.0	context_deviation	provisional	TGF-beta / BMP signaling	False
BMPR1A	synaptic / signaling	0.0850504566857609	0.0850504566857609	0.0850504566857609	1	1	1.0	context_deviation	provisional	TGF-beta / BMP signaling	False
BMPR1A	transcription / chromatin	-0.0583226736687511	0.0583226736687511	0.08275232614477435	2	2	1.0	canonical_backbone	high	TGF-beta / BMP signaling	False
BMPR1A	transcription regulation	-0.01392555367844095	0.03166040278425849	0.18158017023858197	18	18	1.0	context_deviation	moderate	TGF-beta / BMP signaling	False
CDKN2A	ER stress / UPR	-0.0769489915434881	0.0769489915434881	0.0769489915434881	1	1	1.0	context_deviation	provisional	cell cycle / replication	False
CDKN2A	JAK-STAT signaling	-0.0074771770792297	0.0074771770792297	0.0074771770792297	1	1	1.0	context_deviation	provisional	cell cycle / replication	False
CDKN2A	NF-κB / MAPK signaling	0.0234822248190132	0.0234822248190132	0.0234822248190132	1	1	1.0	context_deviation	provisional	cell cycle / replication	False
CDKN2A	NF-κB / copper signaling	-0.0282284143967095	0.0282284143967095	0.0282284143967095	1	1	1.0	context_deviation	provisional	cell cycle / replication	False
CDKN2A	RNA processing / spliceosome	0.177120040357774	0.177120040357774	0.177120040357774	1	1	1.0	canonical_backbone	high	cell cycle / replication	False
CDKN2A	RNA processing / transcription	-0.1901103604730587	0.1901103604730587	0.1901103604730587	1	1	1.0	context_deviation	provisional	cell cycle / replication	False
CDKN2A	TGF-beta / BMP signaling	-0.058860241203429045	0.058860241203429045	0.08626560928615744	2	2	1.0	context_deviation	moderate	cell cycle / replication	False
CDKN2A	cell cycle / replication	-0.0025313085270514	0.0025313085270514	0.0025313085270514	1	1	1.0	context_deviation	provisional	cell cycle / replication	True
CDKN2A	chromatin remodeling	0.0170146754911882	0.1336211971159986	0.19049474271371897	2	2	1.0	canonical_backbone	high	cell cycle / replication	False
CDKN2A	cytoskeleton / cell motility	-0.2323084859560769	0.2323084859560769	0.2323084859560769	1	1	1.0	context_deviation	provisional	cell cycle / replication	False
CDKN2A	growth / proliferation	0.448413718552077	0.448413718552077	0.448413718552077	1	1	1.0	context_deviation	provisional	cell cycle / replication	False
CDKN2A	growth factor / proliferation	-0.0706050266859686	0.0706050266859686	0.0706050266859686	1	1	1.0	context_deviation	provisional	cell cycle / replication	False
CDKN2A	mTOR / lysosome / signaling	-0.0262245000962177	0.0262245000962177	0.0262245000962177	1	1	1.0	shift_excess	moderate	cell cycle / replication	False
CDKN2A	metabolism / transcription	-0.2423702262786602	0.2423702262786602	0.2423702262786602	1	1	1.0	context_deviation	provisional	cell cycle / replication	False
CDKN2A	nuclear receptor / co-activator	0.0168078423827088	0.0168078423827088	0.0168078423827088	1	1	1.0	context_deviation	provisional	cell cycle / replication	False
CDKN2A	nuclear receptor / metabolism	-0.0013778476914364504	0.00631101875684335	0.009135362281817327	2	2	1.0	context_deviation	moderate	cell cycle / replication	False
CDKN2A	oxidative stress / antioxidant	-0.0692965566746596	0.0692965566746596	0.0692965566746596	1	1	1.0	context_deviation	provisional	cell cycle / replication	False
CDKN2A	oxidative stress / mitochondrial	0.4054862439937724	0.4054862439937724	0.4054862439937724	1	1	1.0	context_deviation	provisional	cell cycle / replication	False
CDKN2A	peroxisome / metabolism	0.0676283861193889	0.0676283861193889	0.0676283861193889	1	1	1.0	context_deviation	provisional	cell cycle / replication	False
CDKN2A	proteostasis / chaperone	0.0102414841805583	0.0102414841805583	0.0102414841805583	1	1	1.0	context_deviation	provisional	cell cycle / replication	False
CDKN2A	ribosomal / translation	-0.1810084018580971	0.1810084018580971	0.1810084018580971	1	1	1.0	canonical_backbone	high	cell cycle / replication	False
CDKN2A	ribosome biogenesis / nucleolar	-0.3264099601086805	0.3264099601086805	0.3264099601086805	1	1	1.0	context_deviation	provisional	cell cycle / replication	False
CDKN2A	signaling / oncogene	-0.077923800542654	0.077923800542654	0.077923800542654	1	1	1.0	context_deviation	provisional	cell cycle / replication	False
CDKN2A	synaptic / signaling	0.0596267378031777	0.0596267378031777	0.0596267378031777	1	1	1.0	context_deviation	provisional	cell cycle / replication	False
CDKN2A	transcription / chromatin	0.09134576617733105	0.10258536436556624	0.1942565622085371	2	2	1.0	canonical_backbone	high	cell cycle / replication	False
CDKN2A	transcription regulation	0.017090423603181845	0.04658196460544618	0.30222940325807707	18	18	1.0	context_deviation	moderate	cell cycle / replication	False
COMMD6	ER stress / UPR	0.1063234455242409	0.1063234455242409	0.1063234455242409	1	1	1.0	context_deviation	provisional	NF-κB / copper signaling	False
COMMD6	JAK-STAT signaling	-0.1496552100073246	0.1496552100073246	0.1496552100073246	1	1	1.0	context_deviation	provisional	NF-κB / copper signaling	False
COMMD6	NF-κB / MAPK signaling	-0.0089953801871477	0.0089953801871477	0.0089953801871477	1	1	1.0	context_deviation	provisional	NF-κB / copper signaling	False
COMMD6	NF-κB / copper signaling	0.061069828740701	0.061069828740701	0.061069828740701	1	1	1.0	context_deviation	provisional	NF-κB / copper signaling	True
COMMD6	RNA processing / spliceosome	-0.0335078306418491	0.0335078306418491	0.0335078306418491	1	1	1.0	canonical_backbone	high	NF-κB / copper signaling	False
COMMD6	RNA processing / transcription	-0.08055085840618	0.08055085840618	0.08055085840618	1	1	1.0	context_deviation	provisional	NF-κB / copper signaling	False
COMMD6	TGF-beta / BMP signaling	0.0219892542899667	0.030836387698110198	0.05356136873712211	2	2	1.0	context_deviation	moderate	NF-κB / copper signaling	False
COMMD6	cell cycle / replication	0.0441978271426161	0.0441978271426161	0.0441978271426161	1	1	1.0	context_deviation	provisional	NF-κB / copper signaling	False
COMMD6	chromatin remodeling	0.06052339982031615	0.06052339982031615	0.11204594357076814	2	2	1.0	canonical_backbone	high	NF-κB / copper signaling	False
COMMD6	cytoskeleton / cell motility	0.0044808668224213	0.0044808668224213	0.0044808668224213	1	1	1.0	context_deviation	provisional	NF-κB / copper signaling	False
COMMD6	growth / proliferation	0.050823856839045	0.050823856839045	0.050823856839045	1	1	1.0	context_deviation	provisional	NF-κB / copper signaling	False
COMMD6	growth factor / proliferation	-0.1035368066907933	0.1035368066907933	0.1035368066907933	1	1	1.0	context_deviation	provisional	NF-κB / copper signaling	False
COMMD6	mTOR / lysosome / signaling	-0.0113789642487913	0.0113789642487913	0.0113789642487913	1	1	1.0	shift_excess	moderate	NF-κB / copper signaling	False
COMMD6	metabolism / transcription	0.0794228551798246	0.0794228551798246	0.0794228551798246	1	1	1.0	context_deviation	provisional	NF-κB / copper signaling	False
COMMD6	nuclear receptor / co-activator	-0.0293771100873007	0.0293771100873007	0.0293771100873007	1	1	1.0	context_deviation	provisional	NF-κB / copper signaling	False
COMMD6	nuclear receptor / metabolism	0.0055004039639737	0.006037840557891	0.011550754293067714	2	2	1.0	context_deviation	moderate	NF-κB / copper signaling	False
COMMD6	oxidative stress / antioxidant	0.177169666332115	0.177169666332115	0.177169666332115	1	1	1.0	context_deviation	provisional	NF-κB / copper signaling	False
COMMD6	oxidative stress / mitochondrial	-0.3354953072052573	0.3354953072052573	0.3354953072052573	1	1	1.0	context_deviation	provisional	NF-κB / copper signaling	False
COMMD6	peroxisome / metabolism	0.0641926081152928	0.0641926081152928	0.0641926081152928	1	1	1.0	context_deviation	provisional	NF-κB / copper signaling	False
COMMD6	proteostasis / chaperone	-0.0915009542525319	0.0915009542525319	0.0915009542525319	1	1	1.0	context_deviation	provisional	NF-κB / copper signaling	False
COMMD6	ribosomal / translation	-0.3072112398368856	0.3072112398368856	0.3072112398368856	1	1	1.0	canonical_backbone	high	NF-κB / copper signaling	False
COMMD6	ribosome biogenesis / nucleolar	-0.3133923744899639	0.3133923744899639	0.3133923744899639	1	1	1.0	context_deviation	provisional	NF-κB / copper signaling	False
COMMD6	signaling / oncogene	0.0802673751043443	0.0802673751043443	0.0802673751043443	1	1	1.0	context_deviation	provisional	NF-κB / copper signaling	False
COMMD6	synaptic / signaling	0.0372950207662995	0.0372950207662995	0.0372950207662995	1	1	1.0	context_deviation	provisional	NF-κB / copper signaling	False
COMMD6	transcription / chromatin	-0.12738006428528012	0.1524067309551976	0.280903871165109	2	2	1.0	canonical_backbone	high	NF-κB / copper signaling	False
COMMD6	transcription regulation	0.027142155277717704	0.0437761360467581	0.29338696751202253	18	18	1.0	context_deviation	moderate	NF-κB / copper signaling	False
ENY2	ER stress / UPR	-0.0649772535384072	0.0649772535384072	0.0649772535384072	1	1	1.0	context_deviation	provisional	transcription / chromatin	False
ENY2	JAK-STAT signaling	-0.0611263480422869	0.0611263480422869	0.0611263480422869	1	1	1.0	context_deviation	provisional	transcription / chromatin	False
ENY2	NF-κB / MAPK signaling	0.0048915905499962	0.0048915905499962	0.0048915905499962	1	1	1.0	context_deviation	provisional	transcription / chromatin	False
ENY2	NF-κB / copper signaling	-0.1308215595258111	0.1308215595258111	0.1308215595258111	1	1	1.0	context_deviation	provisional	transcription / chromatin	False
ENY2	RNA processing / spliceosome	0.0305393878754294	0.0305393878754294	0.0305393878754294	1	1	1.0	canonical_backbone	high	transcription / chromatin	False
ENY2	RNA processing / transcription	-0.186129241387415	0.186129241387415	0.186129241387415	1	1	1.0	context_deviation	provisional	transcription / chromatin	False
ENY2	TGF-beta / BMP signaling	0.015109903192819497	0.0507381692708618	0.07486883190560677	2	2	1.0	context_deviation	moderate	transcription / chromatin	False
ENY2	cell cycle / replication	0.0097674516684608	0.0097674516684608	0.0097674516684608	1	1	1.0	context_deviation	provisional	transcription / chromatin	False
ENY2	chromatin remodeling	0.00533577641501785	0.02893357521904395	0.04160822718903402	2	2	1.0	canonical_backbone	high	transcription / chromatin	False
ENY2	cytoskeleton / cell motility	0.0137242363533184	0.0137242363533184	0.0137242363533184	1	1	1.0	context_deviation	provisional	transcription / chromatin	False
ENY2	growth / proliferation	-0.2780411348520762	0.2780411348520762	0.2780411348520762	1	1	1.0	context_deviation	provisional	transcription / chromatin	False
ENY2	growth factor / proliferation	-0.0041154160709042	0.0041154160709042	0.0041154160709042	1	1	1.0	context_deviation	provisional	transcription / chromatin	False
ENY2	mTOR / lysosome / signaling	-0.0618841296163393	0.0618841296163393	0.0618841296163393	1	1	1.0	shift_excess	moderate	transcription / chromatin	False
ENY2	metabolism / transcription	-0.1280237803931721	0.1280237803931721	0.1280237803931721	1	1	1.0	context_deviation	provisional	transcription / chromatin	False
ENY2	nuclear receptor / co-activator	0.0387283209130213	0.0387283209130213	0.0387283209130213	1	1	1.0	context_deviation	provisional	transcription / chromatin	False
ENY2	nuclear receptor / metabolism	0.0005557640136346	0.0039329977169397	0.005617356082767787	2	2	1.0	context_deviation	moderate	transcription / chromatin	False
ENY2	oxidative stress / antioxidant	0.0794537810058306	0.0794537810058306	0.0794537810058306	1	1	1.0	context_deviation	provisional	transcription / chromatin	False
ENY2	oxidative stress / mitochondrial	0.0603680401394748	0.0603680401394748	0.0603680401394748	1	1	1.0	context_deviation	provisional	transcription / chromatin	False
ENY2	peroxisome / metabolism	0.0304710248168341	0.0304710248168341	0.0304710248168341	1	1	1.0	context_deviation	provisional	transcription / chromatin	False
ENY2	proteostasis / chaperone	-0.1309505606599746	0.1309505606599746	0.1309505606599746	1	1	1.0	context_deviation	provisional	transcription / chromatin	False
ENY2	ribosomal / translation	0.1403130932408371	0.1403130932408371	0.1403130932408371	1	1	1.0	canonical_backbone	high	transcription / chromatin	False
ENY2	ribosome biogenesis / nucleolar	0.111887741351256	0.111887741351256	0.111887741351256	1	1	1.0	context_deviation	provisional	transcription / chromatin	False
ENY2	signaling / oncogene	0.058177725092411	0.058177725092411	0.058177725092411	1	1	1.0	context_deviation	provisional	transcription / chromatin	False
ENY2	synaptic / signaling	0.097237703042549	0.097237703042549	0.097237703042549	1	1	1.0	context_deviation	provisional	transcription / chromatin	False
ENY2	transcription / chromatin	0.026580000336845704	0.1051737158739749	0.15341451644903958	2	2	1.0	canonical_backbone	high	transcription / chromatin	True
ENY2	transcription regulation	0.0051805245360937256	0.02648256512160446	0.17723745944812247	18	18	1.0	context_deviation	moderate	transcription / chromatin	False
ERC1	ER stress / UPR	0.1557771760843161	0.1557771760843161	0.1557771760843161	1	1	1.0	context_deviation	provisional	synaptic / signaling	False
ERC1	JAK-STAT signaling	-0.0263574318561213	0.0263574318561213	0.0263574318561213	1	1	1.0	context_deviation	provisional	synaptic / signaling	False
ERC1	NF-κB / MAPK signaling	-0.005985964961519	0.005985964961519	0.005985964961519	1	1	1.0	context_deviation	provisional	synaptic / signaling	False
ERC1	NF-κB / copper signaling	0.1428178427341072	0.1428178427341072	0.1428178427341072	1	1	1.0	context_deviation	provisional	synaptic / signaling	False
ERC1	RNA processing / spliceosome	-0.119055205869661	0.119055205869661	0.119055205869661	1	1	1.0	canonical_backbone	high	synaptic / signaling	False
ERC1	RNA processing / transcription	-0.0342328575649345	0.0342328575649345	0.0342328575649345	1	1	1.0	context_deviation	provisional	synaptic / signaling	False
ERC1	TGF-beta / BMP signaling	0.04152677203155565	0.04152677203155565	0.06833876392949376	2	2	1.0	context_deviation	moderate	synaptic / signaling	False
ERC1	cell cycle / replication	0.0208093990109271	0.0208093990109271	0.0208093990109271	1	1	1.0	context_deviation	provisional	synaptic / signaling	False
ERC1	chromatin remodeling	-0.0989457309705441	0.0989457309705441	0.19151183073573375	2	2	1.0	canonical_backbone	high	synaptic / signaling	False
ERC1	cytoskeleton / cell motility	0.0225705473674333	0.0225705473674333	0.0225705473674333	1	1	1.0	context_deviation	provisional	synaptic / signaling	False
ERC1	growth / proliferation	-0.1154829792640384	0.1154829792640384	0.1154829792640384	1	1	1.0	context_deviation	provisional	synaptic / signaling	False
ERC1	growth factor / proliferation	-0.0757550962708445	0.0757550962708445	0.0757550962708445	1	1	1.0	context_deviation	provisional	synaptic / signaling	False
ERC1	mTOR / lysosome / signaling	-0.2535705069570982	0.2535705069570982	0.2535705069570982	1	1	1.0	shift_excess	moderate	synaptic / signaling	False
ERC1	metabolism / transcription	0.1217344958319449	0.1217344958319449	0.1217344958319449	1	1	1.0	context_deviation	provisional	synaptic / signaling	False
ERC1	nuclear receptor / co-activator	0.014994680336763	0.014994680336763	0.014994680336763	1	1	1.0	context_deviation	provisional	synaptic / signaling	False
ERC1	nuclear receptor / metabolism	0.02090084365217545	0.02794867542186465	0.049355318319496716	2	2	1.0	context_deviation	moderate	synaptic / signaling	False
ERC1	oxidative stress / antioxidant	-0.4374536321262875	0.4374536321262875	0.4374536321262875	1	1	1.0	context_deviation	provisional	synaptic / signaling	False
ERC1	oxidative stress / mitochondrial	0.134421737618535	0.134421737618535	0.134421737618535	1	1	1.0	context_deviation	provisional	synaptic / signaling	False
ERC1	peroxisome / metabolism	0.0584558696742696	0.0584558696742696	0.0584558696742696	1	1	1.0	context_deviation	provisional	synaptic / signaling	False
ERC1	proteostasis / chaperone	0.0517532499360265	0.0517532499360265	0.0517532499360265	1	1	1.0	context_deviation	provisional	synaptic / signaling	False
ERC1	ribosomal / translation	0.3063660262081135	0.3063660262081135	0.3063660262081135	1	1	1.0	canonical_backbone	high	synaptic / signaling	False
ERC1	ribosome biogenesis / nucleolar	-0.6256670605243334	0.6256670605243334	0.6256670605243334	1	1	1.0	context_deviation	provisional	synaptic / signaling	False
ERC1	signaling / oncogene	-0.2574528499302088	0.2574528499302088	0.2574528499302088	1	1	1.0	context_deviation	provisional	synaptic / signaling	False
ERC1	synaptic / signaling	0.0459385445047307	0.0459385445047307	0.0459385445047307	1	1	1.0	context_deviation	provisional	synaptic / signaling	True
ERC1	transcription / chromatin	0.17439050379700335	0.17439050379700335	0.26676585612760817	2	2	1.0	canonical_backbone	high	synaptic / signaling	False
ERC1	transcription regulation	0.020618342349888852	0.046505999419683905	0.27064486472770083	18	18	1.0	context_deviation	moderate	synaptic / signaling	False
ETV3	ER stress / UPR	0.0188067837150097	0.0188067837150097	0.0188067837150097	1	1	1.0	context_deviation	provisional	transcription regulation	False
ETV3	JAK-STAT signaling	-0.0510677571689756	0.0510677571689756	0.0510677571689756	1	1	1.0	context_deviation	provisional	transcription regulation	False
ETV3	NF-κB / MAPK signaling	0.0085298109716592	0.0085298109716592	0.0085298109716592	1	1	1.0	context_deviation	provisional	transcription regulation	False
ETV3	NF-κB / copper signaling	0.0276209350630196	0.0276209350630196	0.0276209350630196	1	1	1.0	context_deviation	provisional	transcription regulation	False
ETV3	RNA processing / spliceosome	-0.0516922453131085	0.0516922453131085	0.0516922453131085	1	1	1.0	canonical_backbone	high	transcription regulation	False
ETV3	RNA processing / transcription	-0.0519063728772149	0.0519063728772149	0.0519063728772149	1	1	1.0	context_deviation	provisional	transcription regulation	False
ETV3	TGF-beta / BMP signaling	0.0078032079230418005	0.0115212987216973	0.01967894194944465	2	2	1.0	context_deviation	moderate	transcription regulation	False
ETV3	cell cycle / replication	-0.0264652765325362	0.0264652765325362	0.0264652765325362	1	1	1.0	context_deviation	provisional	transcription regulation	False
ETV3	chromatin remodeling	-0.019169025753782147	0.019169025753782147	0.032195974110083	2	2	1.0	canonical_backbone	high	transcription regulation	False
ETV3	cytoskeleton / cell motility	0.0142980952506796	0.0142980952506796	0.0142980952506796	1	1	1.0	context_deviation	provisional	transcription regulation	False
ETV3	growth / proliferation	0.1467139684258513	0.1467139684258513	0.1467139684258513	1	1	1.0	context_deviation	provisional	transcription regulation	False
ETV3	growth factor / proliferation	-0.0146345773714162	0.0146345773714162	0.0146345773714162	1	1	1.0	context_deviation	provisional	transcription regulation	False
ETV3	mTOR / lysosome / signaling	-0.1017589957673021	0.1017589957673021	0.1017589957673021	1	1	1.0	shift_excess	moderate	transcription regulation	False
ETV3	metabolism / transcription	0.021849746734113	0.021849746734113	0.021849746734113	1	1	1.0	context_deviation	provisional	transcription regulation	False
ETV3	nuclear receptor / co-activator	0.0023662019921518	0.0023662019921518	0.0023662019921518	1	1	1.0	context_deviation	provisional	transcription regulation	False
ETV3	nuclear receptor / metabolism	0.00183072098808025	0.0052744091048579494	0.007895686257901331	2	2	1.0	context_deviation	moderate	transcription regulation	False
ETV3	oxidative stress / antioxidant	0.0635162652359669	0.0635162652359669	0.0635162652359669	1	1	1.0	context_deviation	provisional	transcription regulation	False
ETV3	oxidative stress / mitochondrial	0.1406518721630569	0.1406518721630569	0.1406518721630569	1	1	1.0	context_deviation	provisional	transcription regulation	False
ETV3	peroxisome / metabolism	0.0075422701877695	0.0075422701877695	0.0075422701877695	1	1	1.0	context_deviation	provisional	transcription regulation	False
ETV3	proteostasis / chaperone	0.0590504934950744	0.0590504934950744	0.0590504934950744	1	1	1.0	context_deviation	provisional	transcription regulation	False
ETV3	ribosomal / translation	0.0335006715407664	0.0335006715407664	0.0335006715407664	1	1	1.0	canonical_backbone	high	transcription regulation	False
ETV3	ribosome biogenesis / nucleolar	0.0195344299915446	0.0195344299915446	0.0195344299915446	1	1	1.0	context_deviation	provisional	transcription regulation	False
ETV3	signaling / oncogene	-0.0579282157400101	0.0579282157400101	0.0579282157400101	1	1	1.0	context_deviation	provisional	transcription regulation	False
ETV3	synaptic / signaling	0.0231981128892335	0.0231981128892335	0.0231981128892335	1	1	1.0	context_deviation	provisional	transcription regulation	False
ETV3	transcription / chromatin	-0.0169412193156881	0.0169412193156881	0.02790649307981755	2	2	1.0	canonical_backbone	high	transcription regulation	False
ETV3	transcription regulation	-0.009986156199141746	0.016586537292832056	0.10730943099781638	18	18	1.0	context_deviation	moderate	transcription regulation	True
GON4L	ER stress / UPR	0.0270900966823845	0.0270900966823845	0.0270900966823845	1	1	1.0	context_deviation	provisional	transcription regulation	False
GON4L	JAK-STAT signaling	-0.046986721939787	0.046986721939787	0.046986721939787	1	1	1.0	context_deviation	provisional	transcription regulation	False
GON4L	NF-κB / MAPK signaling	-0.0009177448851396	0.0009177448851396	0.0009177448851396	1	1	1.0	context_deviation	provisional	transcription regulation	False
GON4L	NF-κB / copper signaling	0.0612006470575041	0.0612006470575041	0.0612006470575041	1	1	1.0	context_deviation	provisional	transcription regulation	False
GON4L	RNA processing / spliceosome	-0.0242474448265591	0.0242474448265591	0.0242474448265591	1	1	1.0	canonical_backbone	high	transcription regulation	False
GON4L	RNA processing / transcription	-0.0145936207311407	0.0145936207311407	0.0145936207311407	1	1	1.0	context_deviation	provisional	transcription regulation	False
GON4L	TGF-beta / BMP signaling	0.004317056724420201	0.0047717350076778	0.009100157553071213	2	2	1.0	context_deviation	moderate	transcription regulation	False
GON4L	cell cycle / replication	0.0224668427798626	0.0224668427798626	0.0224668427798626	1	1	1.0	context_deviation	provisional	transcription regulation	False
GON4L	chromatin remodeling	-0.018744863109461447	0.04534726816630665	0.06939372627463347	2	2	1.0	canonical_backbone	high	transcription regulation	False
GON4L	cytoskeleton / cell motility	0.0124768650312193	0.0124768650312193	0.0124768650312193	1	1	1.0	context_deviation	provisional	transcription regulation	False
GON4L	growth / proliferation	-0.0144029018346757	0.0144029018346757	0.0144029018346757	1	1	1.0	context_deviation	provisional	transcription regulation	False
GON4L	growth factor / proliferation	-0.0457939580988087	0.0457939580988087	0.0457939580988087	1	1	1.0	context_deviation	provisional	transcription regulation	False
GON4L	mTOR / lysosome / signaling	0.0237374937412921	0.0237374937412921	0.0237374937412921	1	1	1.0	shift_excess	moderate	transcription regulation	False
GON4L	metabolism / transcription	-0.0536701977332399	0.0536701977332399	0.0536701977332399	1	1	1.0	context_deviation	provisional	transcription regulation	False
GON4L	nuclear receptor / co-activator	0.0099879435692398	0.0099879435692398	0.0099879435692398	1	1	1.0	context_deviation	provisional	transcription regulation	False
GON4L	nuclear receptor / metabolism	0.0025241992191625	0.0025241992191625	0.0035878400810233383	2	2	1.0	context_deviation	moderate	transcription regulation	False
GON4L	oxidative stress / antioxidant	-0.0832933552376442	0.0832933552376442	0.0832933552376442	1	1	1.0	context_deviation	provisional	transcription regulation	False
GON4L	oxidative stress / mitochondrial	-0.0102543248216614	0.0102543248216614	0.0102543248216614	1	1	1.0	context_deviation	provisional	transcription regulation	False
GON4L	peroxisome / metabolism	0.0086916026827901	0.0086916026827901	0.0086916026827901	1	1	1.0	context_deviation	provisional	transcription regulation	False
GON4L	proteostasis / chaperone	-0.0146114438416006	0.0146114438416006	0.0146114438416006	1	1	1.0	context_deviation	provisional	transcription regulation	False
GON4L	ribosomal / translation	-0.0360391652274063	0.0360391652274063	0.0360391652274063	1	1	1.0	canonical_backbone	high	transcription regulation	False
GON4L	ribosome biogenesis / nucleolar	-0.0916510427057446	0.0916510427057446	0.0916510427057446	1	1	1.0	context_deviation	provisional	transcription regulation	False
GON4L	signaling / oncogene	-0.0705474972142412	0.0705474972142412	0.0705474972142412	1	1	1.0	context_deviation	provisional	transcription regulation	False
GON4L	synaptic / signaling	0.0073272773672283	0.0073272773672283	0.0073272773672283	1	1	1.0	context_deviation	provisional	transcription regulation	False
GON4L	transcription / chromatin	-0.015857164741534	0.015857164741534	0.026596186655299735	2	2	1.0	canonical_backbone	high	transcription regulation	False
GON4L	transcription regulation	0.0006516358126516888	0.01681819691442258	0.0938571227701884	18	18	1.0	context_deviation	moderate	transcription regulation	True
HDGF	ER stress / UPR	0.1188571001371101	0.1188571001371101	0.1188571001371101	1	1	1.0	context_deviation	provisional	growth factor / proliferation	False
HDGF	JAK-STAT signaling	0.0156097750060718	0.0156097750060718	0.0156097750060718	1	1	1.0	context_deviation	provisional	growth factor / proliferation	False
HDGF	NF-κB / MAPK signaling	-0.0042542461335921	0.0042542461335921	0.0042542461335921	1	1	1.0	context_deviation	provisional	growth factor / proliferation	False
HDGF	NF-κB / copper signaling	-0.0137288202819969	0.0137288202819969	0.0137288202819969	1	1	1.0	context_deviation	provisional	growth factor / proliferation	False
HDGF	RNA processing / spliceosome	-0.0130180929715175	0.0130180929715175	0.0130180929715175	1	1	1.0	canonical_backbone	high	growth factor / proliferation	False
HDGF	RNA processing / transcription	0.0282801438706758	0.0282801438706758	0.0282801438706758	1	1	1.0	context_deviation	provisional	growth factor / proliferation	False
HDGF	TGF-beta / BMP signaling	-0.0017373962605144498	0.00664317205061385	0.009710847610801708	2	2	1.0	context_deviation	moderate	growth factor / proliferation	False
HDGF	cell cycle / replication	-0.0426572187465623	0.0426572187465623	0.0426572187465623	1	1	1.0	context_deviation	provisional	growth factor / proliferation	False
HDGF	chromatin remodeling	-0.087030874227312	0.087030874227312	0.158587208088497	2	2	1.0	canonical_backbone	high	growth factor / proliferation	False
HDGF	cytoskeleton / cell motility	0.0359337681709723	0.0359337681709723	0.0359337681709723	1	1	1.0	context_deviation	provisional	growth factor / proliferation	False
HDGF	growth / proliferation	-0.0596042689049561	0.0596042689049561	0.0596042689049561	1	1	1.0	context_deviation	provisional	growth factor / proliferation	False
HDGF	growth factor / proliferation	-0.0334843495483968	0.0334843495483968	0.0334843495483968	1	1	1.0	context_deviation	provisional	growth factor / proliferation	True
HDGF	mTOR / lysosome / signaling	0.0024035413163148	0.0024035413163148	0.0024035413163148	1	1	1.0	shift_excess	moderate	growth factor / proliferation	False
HDGF	metabolism / transcription	0.0110428688344835	0.0110428688344835	0.0110428688344835	1	1	1.0	context_deviation	provisional	growth factor / proliferation	False
HDGF	nuclear receptor / co-activator	0.0444769304503725	0.0444769304503725	0.0444769304503725	1	1	1.0	context_deviation	provisional	growth factor / proliferation	False
HDGF	nuclear receptor / metabolism	0.0055643259235608	0.006283136737550299	0.011869248522662669	2	2	1.0	context_deviation	moderate	growth factor / proliferation	False
HDGF	oxidative stress / antioxidant	-0.0631643717520586	0.0631643717520586	0.0631643717520586	1	1	1.0	context_deviation	provisional	growth factor / proliferation	False
HDGF	oxidative stress / mitochondrial	-0.1269561179495607	0.1269561179495607	0.1269561179495607	1	1	1.0	context_deviation	provisional	growth factor / proliferation	False
HDGF	peroxisome / metabolism	0.0131141662999253	0.0131141662999253	0.0131141662999253	1	1	1.0	context_deviation	provisional	growth factor / proliferation	False
HDGF	proteostasis / chaperone	0.0037216637210479	0.0037216637210479	0.0037216637210479	1	1	1.0	context_deviation	provisional	growth factor / proliferation	False
HDGF	ribosomal / translation	-0.0405122871841702	0.0405122871841702	0.0405122871841702	1	1	1.0	canonical_backbone	high	growth factor / proliferation	False
HDGF	ribosome biogenesis / nucleolar	-0.2649231454396478	0.2649231454396478	0.2649231454396478	1	1	1.0	context_deviation	provisional	growth factor / proliferation	False
HDGF	signaling / oncogene	-0.1729597274864118	0.1729597274864118	0.1729597274864118	1	1	1.0	context_deviation	provisional	growth factor / proliferation	False
HDGF	synaptic / signaling	-0.0076019150478368	0.0076019150478368	0.0076019150478368	1	1	1.0	context_deviation	provisional	growth factor / proliferation	False
HDGF	transcription / chromatin	-0.07142779042951725	0.07142779042951725	0.10105343746931568	2	2	1.0	canonical_backbone	high	growth factor / proliferation	False
HDGF	transcription regulation	-0.008908979113403326	0.02198834663799886	0.1318952834923793	18	18	1.0	context_deviation	moderate	growth factor / proliferation	False
HLX	ER stress / UPR	-0.0082071680664573	0.0082071680664573	0.0082071680664573	1	1	1.0	context_deviation	provisional	transcription regulation	False
HLX	JAK-STAT signaling	-0.1469698796604903	0.1469698796604903	0.1469698796604903	1	1	1.0	context_deviation	provisional	transcription regulation	False
HLX	NF-κB / MAPK signaling	-0.0214065901009884	0.0214065901009884	0.0214065901009884	1	1	1.0	context_deviation	provisional	transcription regulation	False
HLX	NF-κB / copper signaling	0.1312876103970398	0.1312876103970398	0.1312876103970398	1	1	1.0	context_deviation	provisional	transcription regulation	False
HLX	RNA processing / spliceosome	-0.0735569062548031	0.0735569062548031	0.0735569062548031	1	1	1.0	canonical_backbone	high	transcription regulation	False
HLX	RNA processing / transcription	-0.0264351307672732	0.0264351307672732	0.0264351307672732	1	1	1.0	context_deviation	provisional	transcription regulation	False
HLX	TGF-beta / BMP signaling	0.04785409107135065	0.04785409107135065	0.07510742416413897	2	2	1.0	context_deviation	moderate	transcription regulation	False
HLX	cell cycle / replication	0.0901672637204252	0.0901672637204252	0.0901672637204252	1	1	1.0	context_deviation	provisional	transcription regulation	False
HLX	chromatin remodeling	0.010191661233704706	0.1095684851706683	0.15562212504202325	2	2	1.0	canonical_backbone	high	transcription regulation	False
HLX	cytoskeleton / cell motility	-0.0363889025890958	0.0363889025890958	0.0363889025890958	1	1	1.0	context_deviation	provisional	transcription regulation	False
HLX	growth / proliferation	-0.2134428662321043	0.2134428662321043	0.2134428662321043	1	1	1.0	context_deviation	provisional	transcription regulation	False
HLX	growth factor / proliferation	-0.1677551969557291	0.1677551969557291	0.1677551969557291	1	1	1.0	context_deviation	provisional	transcription regulation	False
HLX	mTOR / lysosome / signaling	0.0159800714146894	0.0159800714146894	0.0159800714146894	1	1	1.0	shift_excess	moderate	transcription regulation	False
HLX	metabolism / transcription	0.0401180605082384	0.0401180605082384	0.0401180605082384	1	1	1.0	context_deviation	provisional	transcription regulation	False
HLX	nuclear receptor / co-activator	-0.0204537176692753	0.0204537176692753	0.0204537176692753	1	1	1.0	context_deviation	provisional	transcription regulation	False
HLX	nuclear receptor / metabolism	-0.012201523481274852	0.02043258007519335	0.033656128826509146	2	2	1.0	context_deviation	moderate	transcription regulation	False
HLX	oxidative stress / antioxidant	0.1559105703111797	0.1559105703111797	0.1559105703111797	1	1	1.0	context_deviation	provisional	transcription regulation	False
HLX	oxidative stress / mitochondrial	-0.0760053858308842	0.0760053858308842	0.0760053858308842	1	1	1.0	context_deviation	provisional	transcription regulation	False
HLX	peroxisome / metabolism	-0.0091101951095864	0.0091101951095864	0.0091101951095864	1	1	1.0	context_deviation	provisional	transcription regulation	False
HLX	proteostasis / chaperone	-0.0471242192391888	0.0471242192391888	0.0471242192391888	1	1	1.0	context_deviation	provisional	transcription regulation	False
HLX	ribosomal / translation	-0.085826541412264	0.085826541412264	0.085826541412264	1	1	1.0	canonical_backbone	high	transcription regulation	False
HLX	ribosome biogenesis / nucleolar	0.4463096833989824	0.4463096833989824	0.4463096833989824	1	1	1.0	context_deviation	provisional	transcription regulation	False
HLX	signaling / oncogene	0.1208653615722049	0.1208653615722049	0.1208653615722049	1	1	1.0	context_deviation	provisional	transcription regulation	False
HLX	synaptic / signaling	-0.0453772392331671	0.0453772392331671	0.0453772392331671	1	1	1.0	context_deviation	provisional	transcription regulation	False
HLX	transcription / chromatin	-0.0471448189775355	0.0471448189775355	0.06676950935873043	2	2	1.0	canonical_backbone	high	transcription regulation	False
HLX	transcription regulation	0.00604398336457759	0.02999623949218602	0.17128392254695365	18	18	1.0	context_deviation	moderate	transcription regulation	True
KLF3	ER stress / UPR	-0.034864996886926	0.034864996886926	0.034864996886926	1	1	1.0	context_deviation	provisional	transcription regulation	False
KLF3	JAK-STAT signaling	-0.1043897922381889	0.1043897922381889	0.1043897922381889	1	1	1.0	context_deviation	provisional	transcription regulation	False
KLF3	NF-κB / MAPK signaling	-0.0097590699340329	0.0097590699340329	0.0097590699340329	1	1	1.0	context_deviation	provisional	transcription regulation	False
KLF3	NF-κB / copper signaling	0.0738826643860484	0.0738826643860484	0.0738826643860484	1	1	1.0	context_deviation	provisional	transcription regulation	False
KLF3	RNA processing / spliceosome	-0.0743614338423638	0.0743614338423638	0.0743614338423638	1	1	1.0	canonical_backbone	high	transcription regulation	False
KLF3	RNA processing / transcription	-0.1421679717878076	0.1421679717878076	0.1421679717878076	1	1	1.0	context_deviation	provisional	transcription regulation	False
KLF3	TGF-beta / BMP signaling	0.01146690991067795	0.02325568157492845	0.03666924456309595	2	2	1.0	context_deviation	moderate	transcription regulation	False
KLF3	cell cycle / replication	0.0338629603466167	0.0338629603466167	0.0338629603466167	1	1	1.0	context_deviation	provisional	transcription regulation	False
KLF3	chromatin remodeling	0.049218164152762096	0.049218164152762096	0.09654973748956415	2	2	1.0	canonical_backbone	high	transcription regulation	False
KLF3	cytoskeleton / cell motility	0.0639007315617348	0.0639007315617348	0.0639007315617348	1	1	1.0	context_deviation	provisional	transcription regulation	False
KLF3	growth / proliferation	-0.1399004419367703	0.1399004419367703	0.1399004419367703	1	1	1.0	context_deviation	provisional	transcription regulation	False
KLF3	growth factor / proliferation	-0.0013648725632056	0.0013648725632056	0.0013648725632056	1	1	1.0	context_deviation	provisional	transcription regulation	False
KLF3	mTOR / lysosome / signaling	0.0224038210901246	0.0224038210901246	0.0224038210901246	1	1	1.0	shift_excess	moderate	transcription regulation	False
KLF3	metabolism / transcription	0.0473532099149418	0.0473532099149418	0.0473532099149418	1	1	1.0	context_deviation	provisional	transcription regulation	False
KLF3	nuclear receptor / co-activator	-0.0489377733460427	0.0489377733460427	0.0489377733460427	1	1	1.0	context_deviation	provisional	transcription regulation	False
KLF3	nuclear receptor / metabolism	-0.0078745931375817	0.0078745931375817	0.013504183155497538	2	2	1.0	context_deviation	moderate	transcription regulation	False
KLF3	oxidative stress / antioxidant	0.0517656601202259	0.0517656601202259	0.0517656601202259	1	1	1.0	context_deviation	provisional	transcription regulation	False
KLF3	oxidative stress / mitochondrial	0.1625097224586094	0.1625097224586094	0.1625097224586094	1	1	1.0	context_deviation	provisional	transcription regulation	False
KLF3	peroxisome / metabolism	-0.0092092282839146	0.0092092282839146	0.0092092282839146	1	1	1.0	context_deviation	provisional	transcription regulation	False
KLF3	proteostasis / chaperone	0.0451234415546932	0.0451234415546932	0.0451234415546932	1	1	1.0	context_deviation	provisional	transcription regulation	False
KLF3	ribosomal / translation	0.0447044206473023	0.0447044206473023	0.0447044206473023	1	1	1.0	canonical_backbone	high	transcription regulation	False
KLF3	ribosome biogenesis / nucleolar	0.2990435900463171	0.2990435900463171	0.2990435900463171	1	1	1.0	context_deviation	provisional	transcription regulation	False
KLF3	signaling / oncogene	0.0306887948204864	0.0306887948204864	0.0306887948204864	1	1	1.0	context_deviation	provisional	transcription regulation	False
KLF3	synaptic / signaling	-0.0106117319183232	0.0106117319183232	0.0106117319183232	1	1	1.0	context_deviation	provisional	transcription regulation	False
KLF3	transcription / chromatin	0.09830359335831323	0.15570433584063914	0.2604128901061971	2	2	1.0	canonical_backbone	high	transcription regulation	False
KLF3	transcription regulation	-0.0229621137612375	0.028997955437010323	0.1811913337472963	18	18	1.0	context_deviation	moderate	transcription regulation	True
LAMTOR5	ER stress / UPR	0.021580910858069	0.021580910858069	0.021580910858069	1	1	1.0	context_deviation	provisional	mTOR / lysosome / signaling	False
LAMTOR5	JAK-STAT signaling	-0.0335877711535307	0.0335877711535307	0.0335877711535307	1	1	1.0	context_deviation	provisional	mTOR / lysosome / signaling	False
LAMTOR5	NF-κB / MAPK signaling	0.0262726767155096	0.0262726767155096	0.0262726767155096	1	1	1.0	context_deviation	provisional	mTOR / lysosome / signaling	False
LAMTOR5	NF-κB / copper signaling	-0.0107161006466994	0.0107161006466994	0.0107161006466994	1	1	1.0	context_deviation	provisional	mTOR / lysosome / signaling	False
LAMTOR5	RNA processing / spliceosome	0.0518752827489682	0.0518752827489682	0.0518752827489682	1	1	1.0	canonical_backbone	high	mTOR / lysosome / signaling	False
LAMTOR5	RNA processing / transcription	0.0420307741038156	0.0420307741038156	0.0420307741038156	1	1	1.0	context_deviation	provisional	mTOR / lysosome / signaling	False
LAMTOR5	TGF-beta / BMP signaling	-0.005624274344769399	0.0096719660648572	0.015822729819154502	2	2	1.0	context_deviation	moderate	mTOR / lysosome / signaling	False
LAMTOR5	cell cycle / replication	-0.0154570873682423	0.0154570873682423	0.0154570873682423	1	1	1.0	context_deviation	provisional	mTOR / lysosome / signaling	False
LAMTOR5	chromatin remodeling	0.01658451636044275	0.01658451636044275	0.02518674673104671	2	2	1.0	canonical_backbone	high	mTOR / lysosome / signaling	False
LAMTOR5	cytoskeleton / cell motility	0.0883978824817979	0.0883978824817979	0.0883978824817979	1	1	1.0	context_deviation	provisional	mTOR / lysosome / signaling	False
LAMTOR5	growth / proliferation	-0.0630567687161895	0.0630567687161895	0.0630567687161895	1	1	1.0	context_deviation	provisional	mTOR / lysosome / signaling	False
LAMTOR5	growth factor / proliferation	-0.0487626075910371	0.0487626075910371	0.0487626075910371	1	1	1.0	context_deviation	provisional	mTOR / lysosome / signaling	False
LAMTOR5	mTOR / lysosome / signaling	0.0004617476770416	0.0004617476770416	0.0004617476770416	1	1	1.0	shift_excess	moderate	mTOR / lysosome / signaling	True
LAMTOR5	metabolism / transcription	-0.1525728356893129	0.1525728356893129	0.1525728356893129	1	1	1.0	context_deviation	provisional	mTOR / lysosome / signaling	False
LAMTOR5	nuclear receptor / co-activator	0.0097146731227625	0.0097146731227625	0.0097146731227625	1	1	1.0	context_deviation	provisional	mTOR / lysosome / signaling	False
LAMTOR5	nuclear receptor / metabolism	0.009667704692446051	0.009667704692446051	0.016212241084485067	2	2	1.0	context_deviation	moderate	mTOR / lysosome / signaling	False
LAMTOR5	oxidative stress / antioxidant	0.0485240938939399	0.0485240938939399	0.0485240938939399	1	1	1.0	context_deviation	provisional	mTOR / lysosome / signaling	False
LAMTOR5	oxidative stress / mitochondrial	-0.4866956055341485	0.4866956055341485	0.4866956055341485	1	1	1.0	context_deviation	provisional	mTOR / lysosome / signaling	False
LAMTOR5	peroxisome / metabolism	0.0263916782759117	0.0263916782759117	0.0263916782759117	1	1	1.0	context_deviation	provisional	mTOR / lysosome / signaling	False
LAMTOR5	proteostasis / chaperone	-0.1807248348638774	0.1807248348638774	0.1807248348638774	1	1	1.0	context_deviation	provisional	mTOR / lysosome / signaling	False
LAMTOR5	ribosomal / translation	-0.0883427051316298	0.0883427051316298	0.0883427051316298	1	1	1.0	canonical_backbone	high	mTOR / lysosome / signaling	False
LAMTOR5	ribosome biogenesis / nucleolar	0.1273827318490808	0.1273827318490808	0.1273827318490808	1	1	1.0	context_deviation	provisional	mTOR / lysosome / signaling	False
LAMTOR5	signaling / oncogene	0.0832923721692318	0.0832923721692318	0.0832923721692318	1	1	1.0	context_deviation	provisional	mTOR / lysosome / signaling	False
LAMTOR5	synaptic / signaling	0.0196372534828192	0.0196372534828192	0.0196372534828192	1	1	1.0	context_deviation	provisional	mTOR / lysosome / signaling	False
LAMTOR5	transcription / chromatin	-0.08247374593060336	0.08247374593060336	0.11736208785565748	2	2	1.0	canonical_backbone	high	mTOR / lysosome / signaling	False
LAMTOR5	transcription regulation	0.006406028712434101	0.022560576211090963	0.13533796037316775	18	18	1.0	context_deviation	moderate	mTOR / lysosome / signaling	False
MAML3	ER stress / UPR	-0.0352142183079769	0.0352142183079769	0.0352142183079769	1	1	1.0	context_deviation	provisional	transcription regulation	False
MAML3	JAK-STAT signaling	-0.0009040058044119	0.0009040058044119	0.0009040058044119	1	1	1.0	context_deviation	provisional	transcription regulation	False
MAML3	NF-κB / MAPK signaling	-0.0118141935794817	0.0118141935794817	0.0118141935794817	1	1	1.0	context_deviation	provisional	transcription regulation	False
MAML3	NF-κB / copper signaling	0.0515124394964516	0.0515124394964516	0.0515124394964516	1	1	1.0	context_deviation	provisional	transcription regulation	False
MAML3	RNA processing / spliceosome	-0.0743605148040398	0.0743605148040398	0.0743605148040398	1	1	1.0	canonical_backbone	high	transcription regulation	False
MAML3	RNA processing / transcription	-0.1704581460411214	0.1704581460411214	0.1704581460411214	1	1	1.0	context_deviation	provisional	transcription regulation	False
MAML3	TGF-beta / BMP signaling	-0.0528705098123875	0.0559170868677481	0.10883024774020364	2	2	1.0	context_deviation	moderate	transcription regulation	False
MAML3	cell cycle / replication	0.053067936163788	0.053067936163788	0.053067936163788	1	1	1.0	context_deviation	provisional	transcription regulation	False
MAML3	chromatin remodeling	0.1235360106688777	0.2204472094987036	0.3573740844206429	2	2	1.0	canonical_backbone	high	transcription regulation	False
MAML3	cytoskeleton / cell motility	-0.0533810295002158	0.0533810295002158	0.0533810295002158	1	1	1.0	context_deviation	provisional	transcription regulation	False
MAML3	growth / proliferation	0.0966875323778701	0.0966875323778701	0.0966875323778701	1	1	1.0	context_deviation	provisional	transcription regulation	False
MAML3	growth factor / proliferation	-0.1353147984910886	0.1353147984910886	0.1353147984910886	1	1	1.0	context_deviation	provisional	transcription regulation	False
MAML3	mTOR / lysosome / signaling	0.1549987407089181	0.1549987407089181	0.1549987407089181	1	1	1.0	shift_excess	moderate	transcription regulation	False
MAML3	metabolism / transcription	0.0606825914192345	0.0606825914192345	0.0606825914192345	1	1	1.0	context_deviation	provisional	transcription regulation	False
MAML3	nuclear receptor / co-activator	-0.089858954098076	0.089858954098076	0.089858954098076	1	1	1.0	context_deviation	provisional	transcription regulation	False
MAML3	nuclear receptor / metabolism	-0.0078775796129217	0.0078775796129217	0.015532772573464722	2	2	1.0	context_deviation	moderate	transcription regulation	False
MAML3	oxidative stress / antioxidant	-0.1808549276919827	0.1808549276919827	0.1808549276919827	1	1	1.0	context_deviation	provisional	transcription regulation	False
MAML3	oxidative stress / mitochondrial	0.4677727033590168	0.4677727033590168	0.4677727033590168	1	1	1.0	context_deviation	provisional	transcription regulation	False
MAML3	peroxisome / metabolism	-0.0313248924100566	0.0313248924100566	0.0313248924100566	1	1	1.0	context_deviation	provisional	transcription regulation	False
MAML3	proteostasis / chaperone	0.2169310289546076	0.2169310289546076	0.2169310289546076	1	1	1.0	context_deviation	provisional	transcription regulation	False
MAML3	ribosomal / translation	0.0601238967674977	0.0601238967674977	0.0601238967674977	1	1	1.0	canonical_backbone	high	transcription regulation	False
MAML3	ribosome biogenesis / nucleolar	0.0198845809362677	0.0198845809362677	0.0198845809362677	1	1	1.0	context_deviation	provisional	transcription regulation	False
MAML3	signaling / oncogene	-0.2097279933812613	0.2097279933812613	0.2097279933812613	1	1	1.0	context_deviation	provisional	transcription regulation	False
MAML3	synaptic / signaling	-0.090559356628928	0.090559356628928	0.090559356628928	1	1	1.0	context_deviation	provisional	transcription regulation	False
MAML3	transcription / chromatin	-0.014972683924151992	0.1928732977038442	0.27358468608841496	2	2	1.0	canonical_backbone	high	transcription regulation	False
MAML3	transcription regulation	-0.03496173330141287	0.05303855788854006	0.30232959940549464	18	18	1.0	context_deviation	moderate	transcription regulation	True
MIER1	ER stress / UPR	0.0047640572034488	0.0047640572034488	0.0047640572034488	1	1	1.0	context_deviation	provisional	transcription regulation	False
MIER1	JAK-STAT signaling	-0.0299343938129729	0.0299343938129729	0.0299343938129729	1	1	1.0	context_deviation	provisional	transcription regulation	False
MIER1	NF-κB / MAPK signaling	0.0175955005379359	0.0175955005379359	0.0175955005379359	1	1	1.0	context_deviation	provisional	transcription regulation	False
MIER1	NF-κB / copper signaling	-0.0102407869533383	0.0102407869533383	0.0102407869533383	1	1	1.0	context_deviation	provisional	transcription regulation	False
MIER1	RNA processing / spliceosome	0.005359991598243	0.005359991598243	0.005359991598243	1	1	1.0	canonical_backbone	high	transcription regulation	False
MIER1	RNA processing / transcription	-0.116858804502466	0.116858804502466	0.116858804502466	1	1	1.0	context_deviation	provisional	transcription regulation	False
MIER1	TGF-beta / BMP signaling	-0.0056772129004564	0.012973348415656	0.020026907670986683	2	2	1.0	context_deviation	moderate	transcription regulation	False
MIER1	cell cycle / replication	0.0145240133119395	0.0145240133119395	0.0145240133119395	1	1	1.0	context_deviation	provisional	transcription regulation	False
MIER1	chromatin remodeling	-0.0757395493095959	0.0757395493095959	0.11994941390515526	2	2	1.0	canonical_backbone	high	transcription regulation	False
MIER1	cytoskeleton / cell motility	-0.0712006282899754	0.0712006282899754	0.0712006282899754	1	1	1.0	context_deviation	provisional	transcription regulation	False
MIER1	growth / proliferation	0.0047835926193248	0.0047835926193248	0.0047835926193248	1	1	1.0	context_deviation	provisional	transcription regulation	False
MIER1	growth factor / proliferation	-0.0658320239964514	0.0658320239964514	0.0658320239964514	1	1	1.0	context_deviation	provisional	transcription regulation	False
MIER1	mTOR / lysosome / signaling	-0.0126770820476394	0.0126770820476394	0.0126770820476394	1	1	1.0	shift_excess	moderate	transcription regulation	False
MIER1	metabolism / transcription	0.0059900377556726	0.0059900377556726	0.0059900377556726	1	1	1.0	context_deviation	provisional	transcription regulation	False
MIER1	nuclear receptor / co-activator	0.0125349580706683	0.0125349580706683	0.0125349580706683	1	1	1.0	context_deviation	provisional	transcription regulation	False
MIER1	nuclear receptor / metabolism	0.0035216856960820497	0.00859532874131495	0.013136357662096731	2	2	1.0	context_deviation	moderate	transcription regulation	False
MIER1	oxidative stress / antioxidant	-0.1350083784246321	0.1350083784246321	0.1350083784246321	1	1	1.0	context_deviation	provisional	transcription regulation	False
MIER1	oxidative stress / mitochondrial	-0.08056221185333	0.08056221185333	0.08056221185333	1	1	1.0	context_deviation	provisional	transcription regulation	False
MIER1	peroxisome / metabolism	0.0158405498945087	0.0158405498945087	0.0158405498945087	1	1	1.0	context_deviation	provisional	transcription regulation	False
MIER1	proteostasis / chaperone	-0.0242834979735997	0.0242834979735997	0.0242834979735997	1	1	1.0	context_deviation	provisional	transcription regulation	False
MIER1	ribosomal / translation	0.0295288919867261	0.0295288919867261	0.0295288919867261	1	1	1.0	canonical_backbone	high	transcription regulation	False
MIER1	ribosome biogenesis / nucleolar	-0.1000350657865014	0.1000350657865014	0.1000350657865014	1	1	1.0	context_deviation	provisional	transcription regulation	False
MIER1	signaling / oncogene	-0.1219959172881124	0.1219959172881124	0.1219959172881124	1	1	1.0	context_deviation	provisional	transcription regulation	False
MIER1	synaptic / signaling	0.0096140934618462	0.0096140934618462	0.0096140934618462	1	1	1.0	context_deviation	provisional	transcription regulation	False
MIER1	transcription / chromatin	0.053912302052694094	0.053912302052694094	0.07881180798411938	2	2	1.0	canonical_backbone	high	transcription regulation	False
MIER1	transcription regulation	0.0011821496888593114	0.010697912497541666	0.05087450460906242	18	18	1.0	context_deviation	moderate	transcription regulation	True
MTDH	ER stress / UPR	-0.0836399502377521	0.0836399502377521	0.0836399502377521	1	1	1.0	context_deviation	provisional	signaling / oncogene	False
MTDH	JAK-STAT signaling	-0.0608842514587221	0.0608842514587221	0.0608842514587221	1	1	1.0	context_deviation	provisional	signaling / oncogene	False
MTDH	NF-κB / MAPK signaling	0.0079868523844224	0.0079868523844224	0.0079868523844224	1	1	1.0	context_deviation	provisional	signaling / oncogene	False
MTDH	NF-κB / copper signaling	-0.1303480893602548	0.1303480893602548	0.1303480893602548	1	1	1.0	context_deviation	provisional	signaling / oncogene	False
MTDH	RNA processing / spliceosome	0.15059632308346	0.15059632308346	0.15059632308346	1	1	1.0	canonical_backbone	high	signaling / oncogene	False
MTDH	RNA processing / transcription	-0.1084354260110538	0.1084354260110538	0.1084354260110538	1	1	1.0	context_deviation	provisional	signaling / oncogene	False
MTDH	TGF-beta / BMP signaling	0.04169062102649705	0.06841230955912195	0.11329917899780322	2	2	1.0	context_deviation	moderate	signaling / oncogene	False
MTDH	cell cycle / replication	0.0061445336075642	0.0061445336075642	0.0061445336075642	1	1	1.0	context_deviation	provisional	signaling / oncogene	False
MTDH	chromatin remodeling	0.0470979206353285	0.0470979206353285	0.07215706449872063	2	2	1.0	canonical_backbone	high	signaling / oncogene	False
MTDH	cytoskeleton / cell motility	0.2951010204025184	0.2951010204025184	0.2951010204025184	1	1	1.0	context_deviation	provisional	signaling / oncogene	False
MTDH	growth / proliferation	-0.3374017598473695	0.3374017598473695	0.3374017598473695	1	1	1.0	context_deviation	provisional	signaling / oncogene	False
MTDH	growth factor / proliferation	-0.1918582246122597	0.1918582246122597	0.1918582246122597	1	1	1.0	context_deviation	provisional	signaling / oncogene	False
MTDH	mTOR / lysosome / signaling	-0.0301536616061065	0.0301536616061065	0.0301536616061065	1	1	1.0	shift_excess	moderate	signaling / oncogene	False
MTDH	metabolism / transcription	-0.1826577640481795	0.1826577640481795	0.1826577640481795	1	1	1.0	context_deviation	provisional	signaling / oncogene	False
MTDH	nuclear receptor / co-activator	-0.0050525311095842	0.0050525311095842	0.0050525311095842	1	1	1.0	context_deviation	provisional	signaling / oncogene	False
MTDH	nuclear receptor / metabolism	-0.00678195166482285	0.00678195166482285	0.009639037413058322	2	2	1.0	context_deviation	moderate	signaling / oncogene	False
MTDH	oxidative stress / antioxidant	0.3261693439255225	0.3261693439255225	0.3261693439255225	1	1	1.0	context_deviation	provisional	signaling / oncogene	False
MTDH	oxidative stress / mitochondrial	-0.3753576819352402	0.3753576819352402	0.3753576819352402	1	1	1.0	context_deviation	provisional	signaling / oncogene	False
MTDH	peroxisome / metabolism	0.0618485427659308	0.0618485427659308	0.0618485427659308	1	1	1.0	context_deviation	provisional	signaling / oncogene	False
MTDH	proteostasis / chaperone	-0.3501271817267525	0.3501271817267525	0.3501271817267525	1	1	1.0	context_deviation	provisional	signaling / oncogene	False
MTDH	ribosomal / translation	0.223414182795241	0.223414182795241	0.223414182795241	1	1	1.0	canonical_backbone	high	signaling / oncogene	False
MTDH	ribosome biogenesis / nucleolar	0.368106532090025	0.368106532090025	0.368106532090025	1	1	1.0	context_deviation	provisional	signaling / oncogene	False
MTDH	signaling / oncogene	-0.0974662653285844	0.0974662653285844	0.0974662653285844	1	1	1.0	context_deviation	provisional	signaling / oncogene	True
MTDH	synaptic / signaling	0.0799168255147477	0.0799168255147477	0.0799168255147477	1	1	1.0	context_deviation	provisional	signaling / oncogene	False
MTDH	transcription / chromatin	0.12231845534215241	0.12231845534215241	0.187699438320967	2	2	1.0	canonical_backbone	high	signaling / oncogene	False
MTDH	transcription regulation	0.02005475438461972	0.046060579310761865	0.31365466445510853	18	18	1.0	context_deviation	moderate	signaling / oncogene	False
MYBL1	ER stress / UPR	0.0315532794564212	0.0315532794564212	0.0315532794564212	1	1	1.0	context_deviation	provisional	transcription regulation	False
MYBL1	JAK-STAT signaling	-0.0482163848874647	0.0482163848874647	0.0482163848874647	1	1	1.0	context_deviation	provisional	transcription regulation	False
MYBL1	NF-κB / MAPK signaling	0.0137160710605821	0.0137160710605821	0.0137160710605821	1	1	1.0	context_deviation	provisional	transcription regulation	False
MYBL1	NF-κB / copper signaling	0.0851722487522129	0.0851722487522129	0.0851722487522129	1	1	1.0	context_deviation	provisional	transcription regulation	False
MYBL1	RNA processing / spliceosome	0.2089930702272758	0.2089930702272758	0.2089930702272758	1	1	1.0	canonical_backbone	high	transcription regulation	False
MYBL1	RNA processing / transcription	-0.1063734408024092	0.1063734408024092	0.1063734408024092	1	1	1.0	context_deviation	provisional	transcription regulation	False
MYBL1	TGF-beta / BMP signaling	0.01982078672106765	0.05319890174834125	0.08028682000766647	2	2	1.0	context_deviation	moderate	transcription regulation	False
MYBL1	cell cycle / replication	0.029103344309243	0.029103344309243	0.029103344309243	1	1	1.0	context_deviation	provisional	transcription regulation	False
MYBL1	chromatin remodeling	-0.07888955647317365	0.07888955647317365	0.12101550382241962	2	2	1.0	canonical_backbone	high	transcription regulation	False
MYBL1	cytoskeleton / cell motility	0.0887015759051171	0.0887015759051171	0.0887015759051171	1	1	1.0	context_deviation	provisional	transcription regulation	False
MYBL1	growth / proliferation	0.2101276871476111	0.2101276871476111	0.2101276871476111	1	1	1.0	context_deviation	provisional	transcription regulation	False
MYBL1	growth factor / proliferation	-0.2493476192008983	0.2493476192008983	0.2493476192008983	1	1	1.0	context_deviation	provisional	transcription regulation	False
MYBL1	mTOR / lysosome / signaling	0.1088183645275705	0.1088183645275705	0.1088183645275705	1	1	1.0	shift_excess	moderate	transcription regulation	False
MYBL1	metabolism / transcription	-0.1177111349390224	0.1177111349390224	0.1177111349390224	1	1	1.0	context_deviation	provisional	transcription regulation	False
MYBL1	nuclear receptor / co-activator	0.01686906272377	0.01686906272377	0.01686906272377	1	1	1.0	context_deviation	provisional	transcription regulation	False
MYBL1	nuclear receptor / metabolism	0.0132958713616077	0.018107358919064998	0.03176969128865632	2	2	1.0	context_deviation	moderate	transcription regulation	False
MYBL1	oxidative stress / antioxidant	0.2278203016314091	0.2278203016314091	0.2278203016314091	1	1	1.0	context_deviation	provisional	transcription regulation	False
MYBL1	oxidative stress / mitochondrial	-0.3673779215508094	0.3673779215508094	0.3673779215508094	1	1	1.0	context_deviation	provisional	transcription regulation	False
MYBL1	peroxisome / metabolism	0.06861246331473	0.06861246331473	0.06861246331473	1	1	1.0	context_deviation	provisional	transcription regulation	False
MYBL1	proteostasis / chaperone	-0.118933134746194	0.118933134746194	0.118933134746194	1	1	1.0	context_deviation	provisional	transcription regulation	False
MYBL1	ribosomal / translation	-0.1423127885182989	0.1423127885182989	0.1423127885182989	1	1	1.0	canonical_backbone	high	transcription regulation	False
MYBL1	ribosome biogenesis / nucleolar	-0.0211289415950749	0.0211289415950749	0.0211289415950749	1	1	1.0	context_deviation	provisional	transcription regulation	False
MYBL1	signaling / oncogene	0.1557834617591124	0.1557834617591124	0.1557834617591124	1	1	1.0	context_deviation	provisional	transcription regulation	False
MYBL1	synaptic / signaling	0.1083321349761936	0.1083321349761936	0.1083321349761936	1	1	1.0	context_deviation	provisional	transcription regulation	False
MYBL1	transcription / chromatin	-0.020069470127819393	0.143034400862817	0.20426269097119257	2	2	1.0	canonical_backbone	high	transcription regulation	False
MYBL1	transcription regulation	0.0260115600882274	0.05357281635330859	0.33792653833735314	18	18	1.0	context_deviation	moderate	transcription regulation	True
NCOA1	ER stress / UPR	-0.1022787334279756	0.1022787334279756	0.1022787334279756	1	1	1.0	context_deviation	provisional	nuclear receptor / co-activator	False
NCOA1	JAK-STAT signaling	-0.0773070430343336	0.0773070430343336	0.0773070430343336	1	1	1.0	context_deviation	provisional	nuclear receptor / co-activator	False
NCOA1	NF-κB / MAPK signaling	0.0263882954306327	0.0263882954306327	0.0263882954306327	1	1	1.0	context_deviation	provisional	nuclear receptor / co-activator	False
NCOA1	NF-κB / copper signaling	-0.0165708777672849	0.0165708777672849	0.0165708777672849	1	1	1.0	context_deviation	provisional	nuclear receptor / co-activator	False
NCOA1	RNA processing / spliceosome	-0.0031858096481646	0.0031858096481646	0.0031858096481646	1	1	1.0	canonical_backbone	high	nuclear receptor / co-activator	False
NCOA1	RNA processing / transcription	-0.0728083197234037	0.0728083197234037	0.0728083197234037	1	1	1.0	context_deviation	provisional	nuclear receptor / co-activator	False
NCOA1	TGF-beta / BMP signaling	-0.0381085708423056	0.0381085708423056	0.06873914385819489	2	2	1.0	context_deviation	moderate	nuclear receptor / co-activator	False
NCOA1	cell cycle / replication	0.0532020538813182	0.0532020538813182	0.0532020538813182	1	1	1.0	context_deviation	provisional	nuclear receptor / co-activator	False
NCOA1	chromatin remodeling	0.1707844657741019	0.1796082452966779	0.35050379606588283	2	2	1.0	canonical_backbone	high	nuclear receptor / co-activator	False
NCOA1	cytoskeleton / cell motility	-0.0651184122546921	0.0651184122546921	0.0651184122546921	1	1	1.0	context_deviation	provisional	nuclear receptor / co-activator	False
NCOA1	growth / proliferation	0.1695642492504564	0.1695642492504564	0.1695642492504564	1	1	1.0	context_deviation	provisional	nuclear receptor / co-activator	False
NCOA1	growth factor / proliferation	-0.3372477398571743	0.3372477398571743	0.3372477398571743	1	1	1.0	context_deviation	provisional	nuclear receptor / co-activator	False
NCOA1	mTOR / lysosome / signaling	0.2620365546384839	0.2620365546384839	0.2620365546384839	1	1	1.0	shift_excess	moderate	nuclear receptor / co-activator	False
NCOA1	metabolism / transcription	-0.0866342319435769	0.0866342319435769	0.0866342319435769	1	1	1.0	context_deviation	provisional	nuclear receptor / co-activator	False
NCOA1	nuclear receptor / co-activator	-0.0794808508192585	0.0794808508192585	0.0794808508192585	1	1	1.0	context_deviation	provisional	nuclear receptor / co-activator	True
NCOA1	nuclear receptor / metabolism	-0.0141862872182858	0.0223158994154981	0.037396526891205484	2	2	1.0	context_deviation	moderate	nuclear receptor / co-activator	False
NCOA1	oxidative stress / antioxidant	0.1600806730971981	0.1600806730971981	0.1600806730971981	1	1	1.0	context_deviation	provisional	nuclear receptor / co-activator	False
NCOA1	oxidative stress / mitochondrial	-0.1251242494020093	0.1251242494020093	0.1251242494020093	1	1	1.0	context_deviation	provisional	nuclear receptor / co-activator	False
NCOA1	peroxisome / metabolism	-0.0658695049589832	0.0658695049589832	0.0658695049589832	1	1	1.0	context_deviation	provisional	nuclear receptor / co-activator	False
NCOA1	proteostasis / chaperone	0.073789060366296	0.073789060366296	0.073789060366296	1	1	1.0	context_deviation	provisional	nuclear receptor / co-activator	False
NCOA1	ribosomal / translation	-0.1765790703938816	0.1765790703938816	0.1765790703938816	1	1	1.0	canonical_backbone	high	nuclear receptor / co-activator	False
NCOA1	ribosome biogenesis / nucleolar	0.4431286718174345	0.4431286718174345	0.4431286718174345	1	1	1.0	context_deviation	provisional	nuclear receptor / co-activator	False
NCOA1	signaling / oncogene	0.0833183740727277	0.0833183740727277	0.0833183740727277	1	1	1.0	context_deviation	provisional	nuclear receptor / co-activator	False
NCOA1	synaptic / signaling	-0.1103931717855709	0.1103931717855709	0.1103931717855709	1	1	1.0	context_deviation	provisional	nuclear receptor / co-activator	False
NCOA1	transcription / chromatin	-0.19299888167410656	0.19299888167410656	0.2768086081931088	2	2	1.0	canonical_backbone	high	nuclear receptor / co-activator	False
NCOA1	transcription regulation	-0.011359248475435521	0.034554090790844684	0.17869605904836267	18	18	1.0	context_deviation	moderate	nuclear receptor / co-activator	False
NPM1	ER stress / UPR	-0.2138969320661703	0.2138969320661703	0.2138969320661703	1	1	1.0	context_deviation	provisional	ribosome biogenesis / nucleolar	False
NPM1	JAK-STAT signaling	-0.1109131848195597	0.1109131848195597	0.1109131848195597	1	1	1.0	context_deviation	provisional	ribosome biogenesis / nucleolar	False
NPM1	NF-κB / MAPK signaling	-0.0102382891052468	0.0102382891052468	0.0102382891052468	1	1	1.0	context_deviation	provisional	ribosome biogenesis / nucleolar	False
NPM1	NF-κB / copper signaling	-0.0461873062892721	0.0461873062892721	0.0461873062892721	1	1	1.0	context_deviation	provisional	ribosome biogenesis / nucleolar	False
NPM1	RNA processing / spliceosome	0.0008176502498492	0.0008176502498492	0.0008176502498492	1	1	1.0	canonical_backbone	high	ribosome biogenesis / nucleolar	False
NPM1	RNA processing / transcription	-0.0222749437075553	0.0222749437075553	0.0222749437075553	1	1	1.0	context_deviation	provisional	ribosome biogenesis / nucleolar	False
NPM1	TGF-beta / BMP signaling	0.02083240682557455	0.02083240682557455	0.03905278099618589	2	2	1.0	context_deviation	moderate	ribosome biogenesis / nucleolar	False
NPM1	cell cycle / replication	0.1216162180012122	0.1216162180012122	0.1216162180012122	1	1	1.0	context_deviation	provisional	ribosome biogenesis / nucleolar	False
NPM1	chromatin remodeling	0.12615115743920072	0.12615115743920072	0.2314492939989263	2	2	1.0	canonical_backbone	high	ribosome biogenesis / nucleolar	False
NPM1	cytoskeleton / cell motility	-0.019630053810564	0.019630053810564	0.019630053810564	1	1	1.0	context_deviation	provisional	ribosome biogenesis / nucleolar	False
NPM1	growth / proliferation	-0.2634149482950875	0.2634149482950875	0.2634149482950875	1	1	1.0	context_deviation	provisional	ribosome biogenesis / nucleolar	False
NPM1	growth factor / proliferation	-0.3375828167098219	0.3375828167098219	0.3375828167098219	1	1	1.0	context_deviation	provisional	ribosome biogenesis / nucleolar	False
NPM1	mTOR / lysosome / signaling	0.235267363903201	0.235267363903201	0.235267363903201	1	1	1.0	shift_excess	moderate	ribosome biogenesis / nucleolar	False
NPM1	metabolism / transcription	-0.0541807112345544	0.0541807112345544	0.0541807112345544	1	1	1.0	context_deviation	provisional	ribosome biogenesis / nucleolar	False
NPM1	nuclear receptor / co-activator	-0.0911347303961311	0.0911347303961311	0.0911347303961311	1	1	1.0	context_deviation	provisional	ribosome biogenesis / nucleolar	False
NPM1	nuclear receptor / metabolism	-0.03160621695926675	0.03843781207783025	0.07037639302787312	2	2	1.0	context_deviation	moderate	ribosome biogenesis / nucleolar	False
NPM1	oxidative stress / antioxidant	0.4217850869337688	0.4217850869337688	0.4217850869337688	1	1	1.0	context_deviation	provisional	ribosome biogenesis / nucleolar	False
NPM1	oxidative stress / mitochondrial	0.1624230255581057	0.1624230255581057	0.1624230255581057	1	1	1.0	context_deviation	provisional	ribosome biogenesis / nucleolar	False
NPM1	peroxisome / metabolism	-0.0445235859219957	0.0445235859219957	0.0445235859219957	1	1	1.0	context_deviation	provisional	ribosome biogenesis / nucleolar	False
NPM1	proteostasis / chaperone	-0.1320325200010537	0.1320325200010537	0.1320325200010537	1	1	1.0	context_deviation	provisional	ribosome biogenesis / nucleolar	False
NPM1	ribosomal / translation	0.059053506716388	0.059053506716388	0.059053506716388	1	1	1.0	canonical_backbone	high	ribosome biogenesis / nucleolar	False
NPM1	ribosome biogenesis / nucleolar	0.1180909644178429	0.1180909644178429	0.1180909644178429	1	1	1.0	context_deviation	provisional	ribosome biogenesis / nucleolar	True
NPM1	signaling / oncogene	0.2632487505578324	0.2632487505578324	0.2632487505578324	1	1	1.0	context_deviation	provisional	ribosome biogenesis / nucleolar	False
NPM1	synaptic / signaling	-0.1270173868838548	0.1270173868838548	0.1270173868838548	1	1	1.0	context_deviation	provisional	ribosome biogenesis / nucleolar	False
NPM1	transcription / chromatin	0.1023724759955976	0.28129443826384093	0.4233360009251257	2	2	1.0	canonical_backbone	high	ribosome biogenesis / nucleolar	False
NPM1	transcription regulation	-0.045364210981384684	0.07090560098138661	0.3954796253275077	18	18	1.0	context_deviation	moderate	ribosome biogenesis / nucleolar	False
PA2G4	ER stress / UPR	0.0545873801202756	0.0545873801202756	0.0545873801202756	1	1	1.0	context_deviation	provisional	growth / proliferation	False
PA2G4	JAK-STAT signaling	-0.0685147872401691	0.0685147872401691	0.0685147872401691	1	1	1.0	context_deviation	provisional	growth / proliferation	False
PA2G4	NF-κB / MAPK signaling	0.0205477237943734	0.0205477237943734	0.0205477237943734	1	1	1.0	context_deviation	provisional	growth / proliferation	False
PA2G4	NF-κB / copper signaling	0.1795989738229785	0.1795989738229785	0.1795989738229785	1	1	1.0	context_deviation	provisional	growth / proliferation	False
PA2G4	RNA processing / spliceosome	0.0422974802267155	0.0422974802267155	0.0422974802267155	1	1	1.0	canonical_backbone	high	growth / proliferation	False
PA2G4	RNA processing / transcription	-0.1733114025709919	0.1733114025709919	0.1733114025709919	1	1	1.0	context_deviation	provisional	growth / proliferation	False
PA2G4	TGF-beta / BMP signaling	-0.0436952037137435	0.0436952037137435	0.062141791133041344	2	2	1.0	context_deviation	moderate	growth / proliferation	False
PA2G4	cell cycle / replication	0.0074459820356574	0.0074459820356574	0.0074459820356574	1	1	1.0	context_deviation	provisional	growth / proliferation	False
PA2G4	chromatin remodeling	-0.11818368777483951	0.11818368777483951	0.18450470550666673	2	2	1.0	canonical_backbone	high	growth / proliferation	False
PA2G4	cytoskeleton / cell motility	-0.3471116210634107	0.3471116210634107	0.3471116210634107	1	1	1.0	context_deviation	provisional	growth / proliferation	False
PA2G4	growth / proliferation	-0.1790882773255349	0.1790882773255349	0.1790882773255349	1	1	1.0	context_deviation	provisional	growth / proliferation	True
PA2G4	growth factor / proliferation	0.0569722265636661	0.0569722265636661	0.0569722265636661	1	1	1.0	context_deviation	provisional	growth / proliferation	False
PA2G4	mTOR / lysosome / signaling	0.0139359918439739	0.0139359918439739	0.0139359918439739	1	1	1.0	shift_excess	moderate	growth / proliferation	False
PA2G4	metabolism / transcription	-0.0740597745162353	0.0740597745162353	0.0740597745162353	1	1	1.0	context_deviation	provisional	growth / proliferation	False
PA2G4	nuclear receptor / co-activator	0.0854534052286456	0.0854534052286456	0.0854534052286456	1	1	1.0	context_deviation	provisional	growth / proliferation	False
PA2G4	nuclear receptor / metabolism	0.00244814547552415	0.00867313406873965	0.012744933961669772	2	2	1.0	context_deviation	moderate	growth / proliferation	False
PA2G4	oxidative stress / antioxidant	-0.077062120259914	0.077062120259914	0.077062120259914	1	1	1.0	context_deviation	provisional	growth / proliferation	False
PA2G4	oxidative stress / mitochondrial	0.121501947354863	0.121501947354863	0.121501947354863	1	1	1.0	context_deviation	provisional	growth / proliferation	False
PA2G4	peroxisome / metabolism	0.034017518923147	0.034017518923147	0.034017518923147	1	1	1.0	context_deviation	provisional	growth / proliferation	False
PA2G4	proteostasis / chaperone	0.1856297960496211	0.1856297960496211	0.1856297960496211	1	1	1.0	context_deviation	provisional	growth / proliferation	False
PA2G4	ribosomal / translation	-0.4616908871724164	0.4616908871724164	0.4616908871724164	1	1	1.0	canonical_backbone	high	growth / proliferation	False
PA2G4	ribosome biogenesis / nucleolar	-0.5369563601334866	0.5369563601334866	0.5369563601334866	1	1	1.0	context_deviation	provisional	growth / proliferation	False
PA2G4	signaling / oncogene	-0.2512672136483969	0.2512672136483969	0.2512672136483969	1	1	1.0	context_deviation	provisional	growth / proliferation	False
PA2G4	synaptic / signaling	0.0313067976834734	0.0313067976834734	0.0313067976834734	1	1	1.0	context_deviation	provisional	growth / proliferation	False
PA2G4	transcription / chromatin	-0.2090206124051513	0.2090206124051513	0.3201004048503946	2	2	1.0	canonical_backbone	high	growth / proliferation	False
PA2G4	transcription regulation	0.012561668182208927	0.03457865405144552	0.20714654101802746	18	18	1.0	context_deviation	moderate	growth / proliferation	False
PARK7	ER stress / UPR	-0.0672509476698125	0.0672509476698125	0.0672509476698125	1	1	1.0	context_deviation	provisional	oxidative stress / mitochondrial	False
PARK7	JAK-STAT signaling	-0.0157959587035219	0.0157959587035219	0.0157959587035219	1	1	1.0	context_deviation	provisional	oxidative stress / mitochondrial	False
PARK7	NF-κB / MAPK signaling	-0.0123205747690573	0.0123205747690573	0.0123205747690573	1	1	1.0	context_deviation	provisional	oxidative stress / mitochondrial	False
PARK7	NF-κB / copper signaling	0.0785667211516594	0.0785667211516594	0.0785667211516594	1	1	1.0	context_deviation	provisional	oxidative stress / mitochondrial	False
PARK7	RNA processing / spliceosome	-0.1514555123380672	0.1514555123380672	0.1514555123380672	1	1	1.0	canonical_backbone	high	oxidative stress / mitochondrial	False
PARK7	RNA processing / transcription	-0.1774952363279773	0.1774952363279773	0.1774952363279773	1	1	1.0	context_deviation	provisional	oxidative stress / mitochondrial	False
PARK7	TGF-beta / BMP signaling	-0.015472447929442301	0.0327490654411614	0.051223001321647976	2	2	1.0	context_deviation	moderate	oxidative stress / mitochondrial	False
PARK7	cell cycle / replication	0.0089520928949469	0.0089520928949469	0.0089520928949469	1	1	1.0	context_deviation	provisional	oxidative stress / mitochondrial	False
PARK7	chromatin remodeling	-0.0743195314298451	0.0743195314298451	0.11463913441771709	2	2	1.0	canonical_backbone	high	oxidative stress / mitochondrial	False
PARK7	cytoskeleton / cell motility	-0.0954069043475161	0.0954069043475161	0.0954069043475161	1	1	1.0	context_deviation	provisional	oxidative stress / mitochondrial	False
PARK7	growth / proliferation	0.1532230755859563	0.1532230755859563	0.1532230755859563	1	1	1.0	context_deviation	provisional	oxidative stress / mitochondrial	False
PARK7	growth factor / proliferation	-0.1448823598837004	0.1448823598837004	0.1448823598837004	1	1	1.0	context_deviation	provisional	oxidative stress / mitochondrial	False
PARK7	mTOR / lysosome / signaling	-0.2190847814781804	0.2190847814781804	0.2190847814781804	1	1	1.0	shift_excess	moderate	oxidative stress / mitochondrial	False
PARK7	metabolism / transcription	0.0415680436847368	0.0415680436847368	0.0415680436847368	1	1	1.0	context_deviation	provisional	oxidative stress / mitochondrial	False
PARK7	nuclear receptor / co-activator	0.0136694261548555	0.0136694261548555	0.0136694261548555	1	1	1.0	context_deviation	provisional	oxidative stress / mitochondrial	False
PARK7	nuclear receptor / metabolism	0.00010545801343015012	0.0033198533835244503	0.004697349865763753	2	2	1.0	context_deviation	moderate	oxidative stress / mitochondrial	False
PARK7	oxidative stress / antioxidant	-0.2455081914925296	0.2455081914925296	0.2455081914925296	1	1	1.0	context_deviation	provisional	oxidative stress / mitochondrial	False
PARK7	oxidative stress / mitochondrial	0.0666888545117609	0.0666888545117609	0.0666888545117609	1	1	1.0	context_deviation	provisional	oxidative stress / mitochondrial	True
PARK7	peroxisome / metabolism	-0.0451292925549916	0.0451292925549916	0.0451292925549916	1	1	1.0	context_deviation	provisional	oxidative stress / mitochondrial	False
PARK7	proteostasis / chaperone	0.1592613213147556	0.1592613213147556	0.1592613213147556	1	1	1.0	context_deviation	provisional	oxidative stress / mitochondrial	False
PARK7	ribosomal / translation	-0.1177177061786528	0.1177177061786528	0.1177177061786528	1	1	1.0	canonical_backbone	high	oxidative stress / mitochondrial	False
PARK7	ribosome biogenesis / nucleolar	-0.2024228558102734	0.2024228558102734	0.2024228558102734	1	1	1.0	context_deviation	provisional	oxidative stress / mitochondrial	False
PARK7	signaling / oncogene	-0.3615445067101435	0.3615445067101435	0.3615445067101435	1	1	1.0	context_deviation	provisional	oxidative stress / mitochondrial	False
PARK7	synaptic / signaling	-0.0335488666172634	0.0335488666172634	0.0335488666172634	1	1	1.0	context_deviation	provisional	oxidative stress / mitochondrial	False
PARK7	transcription / chromatin	-0.05500739932722775	0.10033241283889174	0.16181722434165596	2	2	1.0	canonical_backbone	high	oxidative stress / mitochondrial	False
PARK7	transcription regulation	-0.024555804555530615	0.034385501058407944	0.20987359236960418	18	18	1.0	context_deviation	moderate	oxidative stress / mitochondrial	False
PCBD1	ER stress / UPR	0.004577987169556	0.004577987169556	0.004577987169556	1	1	1.0	context_deviation	provisional	metabolism / transcription	False
PCBD1	JAK-STAT signaling	0.0096832152087038	0.0096832152087038	0.0096832152087038	1	1	1.0	context_deviation	provisional	metabolism / transcription	False
PCBD1	NF-κB / MAPK signaling	0.0028998820895623	0.0028998820895623	0.0028998820895623	1	1	1.0	context_deviation	provisional	metabolism / transcription	False
PCBD1	NF-κB / copper signaling	0.0015112371056436	0.0015112371056436	0.0015112371056436	1	1	1.0	context_deviation	provisional	metabolism / transcription	False
PCBD1	RNA processing / spliceosome	-0.1101373861777806	0.1101373861777806	0.1101373861777806	1	1	1.0	canonical_backbone	high	metabolism / transcription	False
PCBD1	RNA processing / transcription	0.14108919979335	0.14108919979335	0.14108919979335	1	1	1.0	context_deviation	provisional	metabolism / transcription	False
PCBD1	TGF-beta / BMP signaling	0.0212738064353249	0.0224841722926346	0.043774715166007616	2	2	1.0	context_deviation	moderate	metabolism / transcription	False
PCBD1	cell cycle / replication	0.0099417921431385	0.0099417921431385	0.0099417921431385	1	1	1.0	context_deviation	provisional	metabolism / transcription	False
PCBD1	chromatin remodeling	0.012986773571270448	0.09905975519306726	0.14129041996329306	2	2	1.0	canonical_backbone	high	metabolism / transcription	False
PCBD1	cytoskeleton / cell motility	0.1457399073787814	0.1457399073787814	0.1457399073787814	1	1	1.0	context_deviation	provisional	metabolism / transcription	False
PCBD1	growth / proliferation	-0.2015697926575471	0.2015697926575471	0.2015697926575471	1	1	1.0	context_deviation	provisional	metabolism / transcription	False
PCBD1	growth factor / proliferation	0.1029260964121064	0.1029260964121064	0.1029260964121064	1	1	1.0	context_deviation	provisional	metabolism / transcription	False
PCBD1	mTOR / lysosome / signaling	-0.0924287660297181	0.0924287660297181	0.0924287660297181	1	1	1.0	shift_excess	moderate	metabolism / transcription	False
PCBD1	metabolism / transcription	-0.0875983059975415	0.0875983059975415	0.0875983059975415	1	1	1.0	context_deviation	provisional	metabolism / transcription	True
PCBD1	nuclear receptor / co-activator	-0.0039978427577658	0.0039978427577658	0.0039978427577658	1	1	1.0	context_deviation	provisional	metabolism / transcription	False
PCBD1	nuclear receptor / metabolism	6.210676641354995e-05	0.00513360924847685	0.007260551103942647	2	2	1.0	context_deviation	moderate	metabolism / transcription	False
PCBD1	oxidative stress / antioxidant	-0.161407511976785	0.161407511976785	0.161407511976785	1	1	1.0	context_deviation	provisional	metabolism / transcription	False
PCBD1	oxidative stress / mitochondrial	-0.0421728405625713	0.0421728405625713	0.0421728405625713	1	1	1.0	context_deviation	provisional	metabolism / transcription	False
PCBD1	peroxisome / metabolism	0.0089489482029186	0.0089489482029186	0.0089489482029186	1	1	1.0	context_deviation	provisional	metabolism / transcription	False
PCBD1	proteostasis / chaperone	0.0102666752160713	0.0102666752160713	0.0102666752160713	1	1	1.0	context_deviation	provisional	metabolism / transcription	False
PCBD1	ribosomal / translation	0.0433071860571702	0.0433071860571702	0.0433071860571702	1	1	1.0	canonical_backbone	high	metabolism / transcription	False
PCBD1	ribosome biogenesis / nucleolar	0.0292108750117265	0.0292108750117265	0.0292108750117265	1	1	1.0	context_deviation	provisional	metabolism / transcription	False
PCBD1	signaling / oncogene	-0.073284126583985	0.073284126583985	0.073284126583985	1	1	1.0	context_deviation	provisional	metabolism / transcription	False
PCBD1	synaptic / signaling	-0.0169093266818254	0.0169093266818254	0.0169093266818254	1	1	1.0	context_deviation	provisional	metabolism / transcription	False
PCBD1	transcription / chromatin	-0.0671391475584826	0.0671391475584826	0.10740501351413441	2	2	1.0	canonical_backbone	high	metabolism / transcription	False
PCBD1	transcription regulation	0.002380402511052334	0.01993801612957951	0.10762738533627836	18	18	1.0	context_deviation	moderate	metabolism / transcription	False
PEX14	ER stress / UPR	0.0846699103103759	0.0846699103103759	0.0846699103103759	1	1	1.0	context_deviation	provisional	peroxisome / metabolism	False
PEX14	JAK-STAT signaling	-0.0556110246213498	0.0556110246213498	0.0556110246213498	1	1	1.0	context_deviation	provisional	peroxisome / metabolism	False
PEX14	NF-κB / MAPK signaling	0.005539667661172	0.005539667661172	0.005539667661172	1	1	1.0	context_deviation	provisional	peroxisome / metabolism	False
PEX14	NF-κB / copper signaling	0.0721190787555078	0.0721190787555078	0.0721190787555078	1	1	1.0	context_deviation	provisional	peroxisome / metabolism	False
PEX14	RNA processing / spliceosome	-0.0041813146345996	0.0041813146345996	0.0041813146345996	1	1	1.0	canonical_backbone	high	peroxisome / metabolism	False
PEX14	RNA processing / transcription	-0.018624182496021	0.018624182496021	0.018624182496021	1	1	1.0	context_deviation	provisional	peroxisome / metabolism	False
PEX14	TGF-beta / BMP signaling	0.0065558591360438505	0.0065558591360438505	0.01161907682655721	2	2	1.0	context_deviation	moderate	peroxisome / metabolism	False
PEX14	cell cycle / replication	0.0271073366751832	0.0271073366751832	0.0271073366751832	1	1	1.0	context_deviation	provisional	peroxisome / metabolism	False
PEX14	chromatin remodeling	-0.07760378036846445	0.08432881982710684	0.16207218503438223	2	2	1.0	canonical_backbone	high	peroxisome / metabolism	False
PEX14	cytoskeleton / cell motility	-0.013243340695666	0.013243340695666	0.013243340695666	1	1	1.0	context_deviation	provisional	peroxisome / metabolism	False
PEX14	growth / proliferation	0.0172959384246598	0.0172959384246598	0.0172959384246598	1	1	1.0	context_deviation	provisional	peroxisome / metabolism	False
PEX14	growth factor / proliferation	-0.0648790577887205	0.0648790577887205	0.0648790577887205	1	1	1.0	context_deviation	provisional	peroxisome / metabolism	False
PEX14	mTOR / lysosome / signaling	0.0531452822493497	0.0531452822493497	0.0531452822493497	1	1	1.0	shift_excess	moderate	peroxisome / metabolism	False
PEX14	metabolism / transcription	-0.0768453127624813	0.0768453127624813	0.0768453127624813	1	1	1.0	context_deviation	provisional	peroxisome / metabolism	False
PEX14	nuclear receptor / co-activator	0.0130939305057	0.0130939305057	0.0130939305057	1	1	1.0	context_deviation	provisional	peroxisome / metabolism	False
PEX14	nuclear receptor / metabolism	0.004009232955798549	0.00640772492358615	0.010689517069560095	2	2	1.0	context_deviation	moderate	peroxisome / metabolism	False
PEX14	oxidative stress / antioxidant	-0.162498739942235	0.162498739942235	0.162498739942235	1	1	1.0	context_deviation	provisional	peroxisome / metabolism	False
PEX14	oxidative stress / mitochondrial	0.0519846819235105	0.0519846819235105	0.0519846819235105	1	1	1.0	context_deviation	provisional	peroxisome / metabolism	False
PEX14	peroxisome / metabolism	0.0188657652986776	0.0188657652986776	0.0188657652986776	1	1	1.0	context_deviation	provisional	peroxisome / metabolism	True
PEX14	proteostasis / chaperone	0.0028493333684006	0.0028493333684006	0.0028493333684006	1	1	1.0	context_deviation	provisional	peroxisome / metabolism	False
PEX14	ribosomal / translation	-0.0370376583437589	0.0370376583437589	0.0370376583437589	1	1	1.0	canonical_backbone	high	peroxisome / metabolism	False
PEX14	ribosome biogenesis / nucleolar	-0.1404467754142372	0.1404467754142372	0.1404467754142372	1	1	1.0	context_deviation	provisional	peroxisome / metabolism	False
PEX14	signaling / oncogene	-0.084709217013281	0.084709217013281	0.084709217013281	1	1	1.0	context_deviation	provisional	peroxisome / metabolism	False
PEX14	synaptic / signaling	0.0043426169870817	0.0043426169870817	0.0043426169870817	1	1	1.0	context_deviation	provisional	peroxisome / metabolism	False
PEX14	transcription / chromatin	0.053622971143763354	0.053622971143763354	0.08482274020949251	2	2	1.0	canonical_backbone	high	peroxisome / metabolism	False
PEX14	transcription regulation	0.0028711650364781167	0.021834192158698962	0.1306320765807815	18	18	1.0	context_deviation	moderate	peroxisome / metabolism	False
PFDN5	ER stress / UPR	0.0201271476200618	0.0201271476200618	0.0201271476200618	1	1	1.0	context_deviation	provisional	proteostasis / chaperone	False
PFDN5	JAK-STAT signaling	0.0389395628806843	0.0389395628806843	0.0389395628806843	1	1	1.0	context_deviation	provisional	proteostasis / chaperone	False
PFDN5	NF-κB / MAPK signaling	-0.0345057871279304	0.0345057871279304	0.0345057871279304	1	1	1.0	context_deviation	provisional	proteostasis / chaperone	False
PFDN5	NF-κB / copper signaling	0.0050499532373516	0.0050499532373516	0.0050499532373516	1	1	1.0	context_deviation	provisional	proteostasis / chaperone	False
PFDN5	RNA processing / spliceosome	-0.1904779546395021	0.1904779546395021	0.1904779546395021	1	1	1.0	canonical_backbone	high	proteostasis / chaperone	False
PFDN5	RNA processing / transcription	-0.2718545581264802	0.2718545581264802	0.2718545581264802	1	1	1.0	context_deviation	provisional	proteostasis / chaperone	False
PFDN5	TGF-beta / BMP signaling	0.019799126906845453	0.019799126906845453	0.028243931486718724	2	2	1.0	context_deviation	moderate	proteostasis / chaperone	False
PFDN5	cell cycle / replication	-0.0628927476962291	0.0628927476962291	0.0628927476962291	1	1	1.0	context_deviation	provisional	proteostasis / chaperone	False
PFDN5	chromatin remodeling	-0.013205725426401048	0.07242870850078176	0.10411828849081904	2	2	1.0	canonical_backbone	high	proteostasis / chaperone	False
PFDN5	cytoskeleton / cell motility	-0.1250571960287916	0.1250571960287916	0.1250571960287916	1	1	1.0	context_deviation	provisional	proteostasis / chaperone	False
PFDN5	growth / proliferation	0.2968162451545966	0.2968162451545966	0.2968162451545966	1	1	1.0	context_deviation	provisional	proteostasis / chaperone	False
PFDN5	growth factor / proliferation	0.0811366532223112	0.0811366532223112	0.0811366532223112	1	1	1.0	context_deviation	provisional	proteostasis / chaperone	False
PFDN5	mTOR / lysosome / signaling	-0.3185767235160239	0.3185767235160239	0.3185767235160239	1	1	1.0	shift_excess	moderate	proteostasis / chaperone	False
PFDN5	metabolism / transcription	0.2847361868385983	0.2847361868385983	0.2847361868385983	1	1	1.0	context_deviation	provisional	proteostasis / chaperone	False
PFDN5	nuclear receptor / co-activator	0.002401608680645	0.002401608680645	0.002401608680645	1	1	1.0	context_deviation	provisional	proteostasis / chaperone	False
PFDN5	nuclear receptor / metabolism	0.0037366472143133996	0.0093883044855099	0.014290052030477804	2	2	1.0	context_deviation	moderate	proteostasis / chaperone	False
PFDN5	oxidative stress / antioxidant	-0.0932023077119616	0.0932023077119616	0.0932023077119616	1	1	1.0	context_deviation	provisional	proteostasis / chaperone	False
PFDN5	oxidative stress / mitochondrial	0.1941526580818118	0.1941526580818118	0.1941526580818118	1	1	1.0	context_deviation	provisional	proteostasis / chaperone	False
PFDN5	peroxisome / metabolism	-0.0434894064542138	0.0434894064542138	0.0434894064542138	1	1	1.0	context_deviation	provisional	proteostasis / chaperone	False
PFDN5	proteostasis / chaperone	0.0823804966211944	0.0823804966211944	0.0823804966211944	1	1	1.0	context_deviation	provisional	proteostasis / chaperone	True
PFDN5	ribosomal / translation	0.0505321419646378	0.0505321419646378	0.0505321419646378	1	1	1.0	canonical_backbone	high	proteostasis / chaperone	False
PFDN5	ribosome biogenesis / nucleolar	-0.3969526372501507	0.3969526372501507	0.3969526372501507	1	1	1.0	context_deviation	provisional	proteostasis / chaperone	False
PFDN5	signaling / oncogene	-0.3070047405135403	0.3070047405135403	0.3070047405135403	1	1	1.0	context_deviation	provisional	proteostasis / chaperone	False
PFDN5	synaptic / signaling	0.1332044474970143	0.1332044474970143	0.1332044474970143	1	1	1.0	context_deviation	provisional	proteostasis / chaperone	False
PFDN5	transcription / chromatin	-0.06888403185056205	0.13261530062219784	0.2113377760983831	2	2	1.0	canonical_backbone	high	proteostasis / chaperone	False
PFDN5	transcription regulation	-0.01495604686198087	0.04664698512403215	0.27152929823201377	18	18	1.0	context_deviation	moderate	proteostasis / chaperone	False
PMF1	ER stress / UPR	0.0192003903828473	0.0192003903828473	0.0192003903828473	1	1	1.0	context_deviation	provisional	transcription regulation	False
PMF1	JAK-STAT signaling	0.0077519091153108	0.0077519091153108	0.0077519091153108	1	1	1.0	context_deviation	provisional	transcription regulation	False
PMF1	NF-κB / MAPK signaling	0.0070281914856601	0.0070281914856601	0.0070281914856601	1	1	1.0	context_deviation	provisional	transcription regulation	False
PMF1	NF-κB / copper signaling	0.0218465810548355	0.0218465810548355	0.0218465810548355	1	1	1.0	context_deviation	provisional	transcription regulation	False
PMF1	RNA processing / spliceosome	0.0223216462792799	0.0223216462792799	0.0223216462792799	1	1	1.0	canonical_backbone	high	transcription regulation	False
PMF1	RNA processing / transcription	0.1167792588663573	0.1167792588663573	0.1167792588663573	1	1	1.0	context_deviation	provisional	transcription regulation	False
PMF1	TGF-beta / BMP signaling	-0.0011202347022316508	0.01714723382015655	0.024301545361198933	2	2	1.0	context_deviation	moderate	transcription regulation	False
PMF1	cell cycle / replication	0.0243199447966197	0.0243199447966197	0.0243199447966197	1	1	1.0	context_deviation	provisional	transcription regulation	False
PMF1	chromatin remodeling	-0.060123932351680995	0.060123932351680995	0.09500681486238559	2	2	1.0	canonical_backbone	high	transcription regulation	False
PMF1	cytoskeleton / cell motility	-0.088134114701476	0.088134114701476	0.088134114701476	1	1	1.0	context_deviation	provisional	transcription regulation	False
PMF1	growth / proliferation	0.140939257749404	0.140939257749404	0.140939257749404	1	1	1.0	context_deviation	provisional	transcription regulation	False
PMF1	growth factor / proliferation	-0.1162149785007419	0.1162149785007419	0.1162149785007419	1	1	1.0	context_deviation	provisional	transcription regulation	False
PMF1	mTOR / lysosome / signaling	0.0609414058039791	0.0609414058039791	0.0609414058039791	1	1	1.0	shift_excess	moderate	transcription regulation	False
PMF1	metabolism / transcription	-0.0030838284977581	0.0030838284977581	0.0030838284977581	1	1	1.0	context_deviation	provisional	transcription regulation	False
PMF1	nuclear receptor / co-activator	-0.0201259879212743	0.0201259879212743	0.0201259879212743	1	1	1.0	context_deviation	provisional	transcription regulation	False
PMF1	nuclear receptor / metabolism	-0.0014603764714887497	0.0049637850749251495	0.0073173576800000155	2	2	1.0	context_deviation	moderate	transcription regulation	False
PMF1	oxidative stress / antioxidant	-0.0298336760413771	0.0298336760413771	0.0298336760413771	1	1	1.0	context_deviation	provisional	transcription regulation	False
PMF1	oxidative stress / mitochondrial	0.0877651945550427	0.0877651945550427	0.0877651945550427	1	1	1.0	context_deviation	provisional	transcription regulation	False
PMF1	peroxisome / metabolism	-0.0120127825531524	0.0120127825531524	0.0120127825531524	1	1	1.0	context_deviation	provisional	transcription regulation	False
PMF1	proteostasis / chaperone	0.0997149136430973	0.0997149136430973	0.0997149136430973	1	1	1.0	context_deviation	provisional	transcription regulation	False
PMF1	ribosomal / translation	-0.0172920340063621	0.0172920340063621	0.0172920340063621	1	1	1.0	canonical_backbone	high	transcription regulation	False
PMF1	ribosome biogenesis / nucleolar	0.1040736823190709	0.1040736823190709	0.1040736823190709	1	1	1.0	context_deviation	provisional	transcription regulation	False
PMF1	signaling / oncogene	-0.1030140416028597	0.1030140416028597	0.1030140416028597	1	1	1.0	context_deviation	provisional	transcription regulation	False
PMF1	synaptic / signaling	-0.0061485534581816	0.0061485534581816	0.0061485534581816	1	1	1.0	context_deviation	provisional	transcription regulation	False
PMF1	transcription / chromatin	-0.06157240715091505	0.06157240715091505	0.08882087332680898	2	2	1.0	canonical_backbone	high	transcription regulation	False
PMF1	transcription regulation	-0.0021359464343541604	0.024798268103331904	0.15486213520475312	18	18	1.0	context_deviation	moderate	transcription regulation	True
PRDX2	ER stress / UPR	0.0929585574610238	0.0929585574610238	0.0929585574610238	1	1	1.0	context_deviation	provisional	oxidative stress / antioxidant	False
PRDX2	JAK-STAT signaling	-0.0996858628984115	0.0996858628984115	0.0996858628984115	1	1	1.0	context_deviation	provisional	oxidative stress / antioxidant	False
PRDX2	NF-κB / MAPK signaling	0.0276392394582896	0.0276392394582896	0.0276392394582896	1	1	1.0	context_deviation	provisional	oxidative stress / antioxidant	False
PRDX2	NF-κB / copper signaling	-0.1999246121315344	0.1999246121315344	0.1999246121315344	1	1	1.0	context_deviation	provisional	oxidative stress / antioxidant	False
PRDX2	RNA processing / spliceosome	0.1759704322495114	0.1759704322495114	0.1759704322495114	1	1	1.0	canonical_backbone	high	oxidative stress / antioxidant	False
PRDX2	RNA processing / transcription	-0.1370623425096689	0.1370623425096689	0.1370623425096689	1	1	1.0	context_deviation	provisional	oxidative stress / antioxidant	False
PRDX2	TGF-beta / BMP signaling	0.027515263327682397	0.0696913764506447	0.10596204667311007	2	2	1.0	context_deviation	moderate	oxidative stress / antioxidant	False
PRDX2	cell cycle / replication	-0.0535127492700461	0.0535127492700461	0.0535127492700461	1	1	1.0	context_deviation	provisional	oxidative stress / antioxidant	False
PRDX2	chromatin remodeling	-0.09636573299243585	0.17783871446482896	0.28605231289983446	2	2	1.0	canonical_backbone	high	oxidative stress / antioxidant	False
PRDX2	cytoskeleton / cell motility	0.0913269183239253	0.0913269183239253	0.0913269183239253	1	1	1.0	context_deviation	provisional	oxidative stress / antioxidant	False
PRDX2	growth / proliferation	-0.4152460532133832	0.4152460532133832	0.4152460532133832	1	1	1.0	context_deviation	provisional	oxidative stress / antioxidant	False
PRDX2	growth factor / proliferation	0.1768101620493511	0.1768101620493511	0.1768101620493511	1	1	1.0	context_deviation	provisional	oxidative stress / antioxidant	False
PRDX2	mTOR / lysosome / signaling	0.1215021844814654	0.1215021844814654	0.1215021844814654	1	1	1.0	shift_excess	moderate	oxidative stress / antioxidant	False
PRDX2	metabolism / transcription	-0.3677930040454256	0.3677930040454256	0.3677930040454256	1	1	1.0	context_deviation	provisional	oxidative stress / antioxidant	False
PRDX2	nuclear receptor / co-activator	0.1120608697760928	0.1120608697760928	0.1120608697760928	1	1	1.0	context_deviation	provisional	oxidative stress / antioxidant	False
PRDX2	nuclear receptor / metabolism	0.0019150184315436002	0.0049357119765276	0.00748712872981221	2	2	1.0	context_deviation	moderate	oxidative stress / antioxidant	False
PRDX2	oxidative stress / antioxidant	-0.0513301322083682	0.0513301322083682	0.0513301322083682	1	1	1.0	context_deviation	provisional	oxidative stress / antioxidant	True
PRDX2	oxidative stress / mitochondrial	-0.8797449341311501	0.8797449341311501	0.8797449341311501	1	1	1.0	context_deviation	provisional	oxidative stress / antioxidant	False
PRDX2	peroxisome / metabolism	0.0534698657729301	0.0534698657729301	0.0534698657729301	1	1	1.0	context_deviation	provisional	oxidative stress / antioxidant	False
PRDX2	proteostasis / chaperone	-0.374341361610436	0.374341361610436	0.374341361610436	1	1	1.0	context_deviation	provisional	oxidative stress / antioxidant	False
PRDX2	ribosomal / translation	0.0825828945962211	0.0825828945962211	0.0825828945962211	1	1	1.0	canonical_backbone	high	oxidative stress / antioxidant	False
PRDX2	ribosome biogenesis / nucleolar	0.0667086808512099	0.0667086808512099	0.0667086808512099	1	1	1.0	context_deviation	provisional	oxidative stress / antioxidant	False
PRDX2	signaling / oncogene	0.3253328997763575	0.3253328997763575	0.3253328997763575	1	1	1.0	context_deviation	provisional	oxidative stress / antioxidant	False
PRDX2	synaptic / signaling	0.0756734527746462	0.0756734527746462	0.0756734527746462	1	1	1.0	context_deviation	provisional	oxidative stress / antioxidant	False
PRDX2	transcription / chromatin	0.07014503045930555	0.07014503045930555	0.111048007589386	2	2	1.0	canonical_backbone	high	oxidative stress / antioxidant	False
PRDX2	transcription regulation	0.021744019968315872	0.0696394605696019	0.43487538912408696	18	18	1.0	context_deviation	moderate	oxidative stress / antioxidant	False
PRPF6	ER stress / UPR	0.0024676210682465	0.0024676210682465	0.0024676210682465	1	1	1.0	context_deviation	provisional	RNA processing / spliceosome	False
PRPF6	JAK-STAT signaling	-0.0410297841956577	0.0410297841956577	0.0410297841956577	1	1	1.0	context_deviation	provisional	RNA processing / spliceosome	False
PRPF6	NF-κB / MAPK signaling	0.004038289347735	0.004038289347735	0.004038289347735	1	1	1.0	context_deviation	provisional	RNA processing / spliceosome	False
PRPF6	NF-κB / copper signaling	0.0229643318536852	0.0229643318536852	0.0229643318536852	1	1	1.0	context_deviation	provisional	RNA processing / spliceosome	False
PRPF6	RNA processing / spliceosome	-0.0126740723063103	0.0126740723063103	0.0126740723063103	1	1	1.0	canonical_backbone	high	RNA processing / spliceosome	True
PRPF6	RNA processing / transcription	-0.0650286660426189	0.0650286660426189	0.0650286660426189	1	1	1.0	context_deviation	provisional	RNA processing / spliceosome	False
PRPF6	TGF-beta / BMP signaling	0.0105319876903795	0.0105319876903795	0.017455360732572086	2	2	1.0	context_deviation	moderate	RNA processing / spliceosome	False
PRPF6	cell cycle / replication	-0.0042314263557548	0.0042314263557548	0.0042314263557548	1	1	1.0	context_deviation	provisional	RNA processing / spliceosome	False
PRPF6	chromatin remodeling	-0.03286173206954335	0.03286173206954335	0.049166997154349704	2	2	1.0	canonical_backbone	high	RNA processing / spliceosome	False
PRPF6	cytoskeleton / cell motility	-0.0605644524642023	0.0605644524642023	0.0605644524642023	1	1	1.0	context_deviation	provisional	RNA processing / spliceosome	False
PRPF6	growth / proliferation	0.1162590347152413	0.1162590347152413	0.1162590347152413	1	1	1.0	context_deviation	provisional	RNA processing / spliceosome	False
PRPF6	growth factor / proliferation	-0.0626701574106586	0.0626701574106586	0.0626701574106586	1	1	1.0	context_deviation	provisional	RNA processing / spliceosome	False
PRPF6	mTOR / lysosome / signaling	0.0284914099522008	0.0284914099522008	0.0284914099522008	1	1	1.0	shift_excess	moderate	RNA processing / spliceosome	False
PRPF6	metabolism / transcription	-0.0839121312408908	0.0839121312408908	0.0839121312408908	1	1	1.0	context_deviation	provisional	RNA processing / spliceosome	False
PRPF6	nuclear receptor / co-activator	0.0099600256509526	0.0099600256509526	0.0099600256509526	1	1	1.0	context_deviation	provisional	RNA processing / spliceosome	False
PRPF6	nuclear receptor / metabolism	0.0011710465586456	0.0025489079523286	0.003966933776094499	2	2	1.0	context_deviation	moderate	RNA processing / spliceosome	False
PRPF6	oxidative stress / antioxidant	0.0124754590317616	0.0124754590317616	0.0124754590317616	1	1	1.0	context_deviation	provisional	RNA processing / spliceosome	False
PRPF6	oxidative stress / mitochondrial	-0.1004695104310588	0.1004695104310588	0.1004695104310588	1	1	1.0	context_deviation	provisional	RNA processing / spliceosome	False
PRPF6	peroxisome / metabolism	0.0198892753219573	0.0198892753219573	0.0198892753219573	1	1	1.0	context_deviation	provisional	RNA processing / spliceosome	False
PRPF6	proteostasis / chaperone	-0.0488654781014349	0.0488654781014349	0.0488654781014349	1	1	1.0	context_deviation	provisional	RNA processing / spliceosome	False
PRPF6	ribosomal / translation	0.0839274161255385	0.0839274161255385	0.0839274161255385	1	1	1.0	canonical_backbone	high	RNA processing / spliceosome	False
PRPF6	ribosome biogenesis / nucleolar	-0.064203637903216	0.064203637903216	0.064203637903216	1	1	1.0	context_deviation	provisional	RNA processing / spliceosome	False
PRPF6	signaling / oncogene	0.0375196602075944	0.0375196602075944	0.0375196602075944	1	1	1.0	context_deviation	provisional	RNA processing / spliceosome	False
PRPF6	synaptic / signaling	0.0023315592789909	0.0023315592789909	0.0023315592789909	1	1	1.0	context_deviation	provisional	RNA processing / spliceosome	False
PRPF6	transcription / chromatin	0.014348374005374752	0.02320357344187865	0.03858190397247834	2	2	1.0	canonical_backbone	high	RNA processing / spliceosome	False
PRPF6	transcription regulation	-0.0008052363918597546	0.014037889242493187	0.09145959816067437	18	18	1.0	context_deviation	moderate	RNA processing / spliceosome	False
RORC	ER stress / UPR	0.1896291854528426	0.1896291854528426	0.1896291854528426	1	1	1.0	context_deviation	provisional	nuclear receptor / metabolism	False
RORC	JAK-STAT signaling	-0.2172357130824884	0.2172357130824884	0.2172357130824884	1	1	1.0	context_deviation	provisional	nuclear receptor / metabolism	False
RORC	NF-κB / MAPK signaling	0.0274899833392341	0.0274899833392341	0.0274899833392341	1	1	1.0	context_deviation	provisional	nuclear receptor / metabolism	False
RORC	NF-κB / copper signaling	0.2813842252556046	0.2813842252556046	0.2813842252556046	1	1	1.0	context_deviation	provisional	nuclear receptor / metabolism	False
RORC	RNA processing / spliceosome	0.0328720021573736	0.0328720021573736	0.0328720021573736	1	1	1.0	canonical_backbone	high	nuclear receptor / metabolism	False
RORC	RNA processing / transcription	-0.1306893288842774	0.1306893288842774	0.1306893288842774	1	1	1.0	context_deviation	provisional	nuclear receptor / metabolism	False
RORC	TGF-beta / BMP signaling	-0.053507652758613446	0.05394539481207355	0.10745393920342655	2	2	1.0	context_deviation	moderate	nuclear receptor / metabolism	False
RORC	cell cycle / replication	0.1282704190843036	0.1282704190843036	0.1282704190843036	1	1	1.0	context_deviation	provisional	nuclear receptor / metabolism	False
RORC	chromatin remodeling	-0.12513102738180695	0.14673688625844825	0.2727250916305696	2	2	1.0	canonical_backbone	high	nuclear receptor / metabolism	False
RORC	cytoskeleton / cell motility	-0.3102501050738941	0.3102501050738941	0.3102501050738941	1	1	1.0	context_deviation	provisional	nuclear receptor / metabolism	False
RORC	growth / proliferation	0.0136469768976482	0.0136469768976482	0.0136469768976482	1	1	1.0	context_deviation	provisional	nuclear receptor / metabolism	False
RORC	growth factor / proliferation	-0.2248224742119396	0.2248224742119396	0.2248224742119396	1	1	1.0	context_deviation	provisional	nuclear receptor / metabolism	False
RORC	mTOR / lysosome / signaling	0.2748959252467765	0.2748959252467765	0.2748959252467765	1	1	1.0	shift_excess	moderate	nuclear receptor / metabolism	False
RORC	metabolism / transcription	-0.2383955605871965	0.2383955605871965	0.2383955605871965	1	1	1.0	context_deviation	provisional	nuclear receptor / metabolism	False
RORC	nuclear receptor / co-activator	0.0427427556157824	0.0427427556157824	0.0427427556157824	1	1	1.0	context_deviation	provisional	nuclear receptor / metabolism	False
RORC	nuclear receptor / metabolism	-0.002231661822633	0.0032894108392023	0.005621483462514005	2	2	1.0	context_deviation	moderate	nuclear receptor / metabolism	True
RORC	oxidative stress / antioxidant	-0.447671215633288	0.447671215633288	0.447671215633288	1	1	1.0	context_deviation	provisional	nuclear receptor / metabolism	False
RORC	oxidative stress / mitochondrial	0.3551973270166212	0.3551973270166212	0.3551973270166212	1	1	1.0	context_deviation	provisional	nuclear receptor / metabolism	False
RORC	peroxisome / metabolism	0.0667715928793452	0.0667715928793452	0.0667715928793452	1	1	1.0	context_deviation	provisional	nuclear receptor / metabolism	False
RORC	proteostasis / chaperone	-0.0176969260645907	0.0176969260645907	0.0176969260645907	1	1	1.0	context_deviation	provisional	nuclear receptor / metabolism	False
RORC	ribosomal / translation	-0.184386484939016	0.184386484939016	0.184386484939016	1	1	1.0	canonical_backbone	high	nuclear receptor / metabolism	False
RORC	ribosome biogenesis / nucleolar	-0.3133360478832797	0.3133360478832797	0.3133360478832797	1	1	1.0	context_deviation	provisional	nuclear receptor / metabolism	False
RORC	signaling / oncogene	-0.2684662740076621	0.2684662740076621	0.2684662740076621	1	1	1.0	context_deviation	provisional	nuclear receptor / metabolism	False
RORC	synaptic / signaling	-0.1356114853383295	0.1356114853383295	0.1356114853383295	1	1	1.0	context_deviation	provisional	nuclear receptor / metabolism	False
RORC	transcription / chromatin	0.1205046232848952	0.2287437921219615	0.3656366684766987	2	2	1.0	canonical_backbone	high	nuclear receptor / metabolism	False
RORC	transcription regulation	0.0001166576883061333	0.06229030982494207	0.3501355462724632	18	18	1.0	context_deviation	moderate	nuclear receptor / metabolism	False
RPS3	ER stress / UPR	-0.1736611361782313	0.1736611361782313	0.1736611361782313	1	1	1.0	context_deviation	provisional	ribosomal / translation	False
RPS3	JAK-STAT signaling	0.0345163167614883	0.0345163167614883	0.0345163167614883	1	1	1.0	context_deviation	provisional	ribosomal / translation	False
RPS3	NF-κB / MAPK signaling	0.0221231952243868	0.0221231952243868	0.0221231952243868	1	1	1.0	context_deviation	provisional	ribosomal / translation	False
RPS3	NF-κB / copper signaling	-0.1608045227222183	0.1608045227222183	0.1608045227222183	1	1	1.0	context_deviation	provisional	ribosomal / translation	False
RPS3	RNA processing / spliceosome	0.2902641072960615	0.2902641072960615	0.2902641072960615	1	1	1.0	canonical_backbone	high	ribosomal / translation	False
RPS3	RNA processing / transcription	-0.0160526727208704	0.0160526727208704	0.0160526727208704	1	1	1.0	context_deviation	provisional	ribosomal / translation	False
RPS3	TGF-beta / BMP signaling	0.012680302738961605	0.0791272771871218	0.11333063198093729	2	2	1.0	context_deviation	moderate	ribosomal / translation	False
RPS3	cell cycle / replication	0.0446832925100916	0.0446832925100916	0.0446832925100916	1	1	1.0	context_deviation	provisional	ribosomal / translation	False
RPS3	chromatin remodeling	-0.08165629418023745	0.10572802672311105	0.1889241435815569	2	2	1.0	canonical_backbone	high	ribosomal / translation	False
RPS3	cytoskeleton / cell motility	-0.2020483856963522	0.2020483856963522	0.2020483856963522	1	1	1.0	context_deviation	provisional	ribosomal / translation	False
RPS3	growth / proliferation	0.0034353914903652	0.0034353914903652	0.0034353914903652	1	1	1.0	context_deviation	provisional	ribosomal / translation	False
RPS3	growth factor / proliferation	-0.1882934015780641	0.1882934015780641	0.1882934015780641	1	1	1.0	context_deviation	provisional	ribosomal / translation	False
RPS3	mTOR / lysosome / signaling	0.136016191205932	0.136016191205932	0.136016191205932	1	1	1.0	shift_excess	moderate	ribosomal / translation	False
RPS3	metabolism / transcription	-0.2912624724706313	0.2912624724706313	0.2912624724706313	1	1	1.0	context_deviation	provisional	ribosomal / translation	False
RPS3	nuclear receptor / co-activator	0.0456848983728954	0.0456848983728954	0.0456848983728954	1	1	1.0	context_deviation	provisional	ribosomal / translation	False
RPS3	nuclear receptor / metabolism	-0.0079152777226699	0.0101082714624292	0.018156473963033402	2	2	1.0	context_deviation	moderate	ribosomal / translation	False
RPS3	oxidative stress / antioxidant	0.236799883052749	0.236799883052749	0.236799883052749	1	1	1.0	context_deviation	provisional	ribosomal / translation	False
RPS3	oxidative stress / mitochondrial	-0.1535578327192979	0.1535578327192979	0.1535578327192979	1	1	1.0	context_deviation	provisional	ribosomal / translation	False
RPS3	peroxisome / metabolism	0.0697744329459304	0.0697744329459304	0.0697744329459304	1	1	1.0	context_deviation	provisional	ribosomal / translation	False
RPS3	proteostasis / chaperone	-0.3171858895313598	0.3171858895313598	0.3171858895313598	1	1	1.0	context_deviation	provisional	ribosomal / translation	False
RPS3	ribosomal / translation	-0.3195394773522449	0.3195394773522449	0.3195394773522449	1	1	1.0	canonical_backbone	high	ribosomal / translation	True
RPS3	ribosome biogenesis / nucleolar	0.4587473023197569	0.4587473023197569	0.4587473023197569	1	1	1.0	context_deviation	provisional	ribosomal / translation	False
RPS3	signaling / oncogene	0.3104322300252706	0.3104322300252706	0.3104322300252706	1	1	1.0	context_deviation	provisional	ribosomal / translation	False
RPS3	synaptic / signaling	0.0541443160488895	0.0541443160488895	0.0541443160488895	1	1	1.0	context_deviation	provisional	ribosomal / translation	False
RPS3	transcription / chromatin	0.08859872938508609	0.08859872938508609	0.14082413112113093	2	2	1.0	canonical_backbone	high	ribosomal / translation	False
RPS3	transcription regulation	0.038658211643787695	0.06648453180698977	0.41811439002341994	18	18	1.0	context_deviation	moderate	ribosomal / translation	False
RUVBL2	ER stress / UPR	-0.0410322532422478	0.0410322532422478	0.0410322532422478	1	1	1.0	context_deviation	provisional	chromatin remodeling	False
RUVBL2	JAK-STAT signaling	-0.0006607194136479	0.0006607194136479	0.0006607194136479	1	1	1.0	context_deviation	provisional	chromatin remodeling	False
RUVBL2	NF-κB / MAPK signaling	-0.0013753442256311	0.0013753442256311	0.0013753442256311	1	1	1.0	context_deviation	provisional	chromatin remodeling	False
RUVBL2	NF-κB / copper signaling	0.0147358739581202	0.0147358739581202	0.0147358739581202	1	1	1.0	context_deviation	provisional	chromatin remodeling	False
RUVBL2	RNA processing / spliceosome	-0.0209369834502101	0.0209369834502101	0.0209369834502101	1	1	1.0	canonical_backbone	high	chromatin remodeling	False
RUVBL2	RNA processing / transcription	-0.1596144514836983	0.1596144514836983	0.1596144514836983	1	1	1.0	context_deviation	provisional	chromatin remodeling	False
RUVBL2	TGF-beta / BMP signaling	0.011447161193148	0.011447161193148	0.01943037845676644	2	2	1.0	context_deviation	moderate	chromatin remodeling	False
RUVBL2	cell cycle / replication	-0.0179171931768556	0.0179171931768556	0.0179171931768556	1	1	1.0	context_deviation	provisional	chromatin remodeling	False
RUVBL2	chromatin remodeling	-0.030585572370250398	0.030585572370250398	0.04504002018933592	2	2	1.0	canonical_backbone	high	chromatin remodeling	True
RUVBL2	cytoskeleton / cell motility	-0.024301494215649	0.024301494215649	0.024301494215649	1	1	1.0	context_deviation	provisional	chromatin remodeling	False
RUVBL2	growth / proliferation	-0.101756595807902	0.101756595807902	0.101756595807902	1	1	1.0	context_deviation	provisional	chromatin remodeling	False
RUVBL2	growth factor / proliferation	-0.0966703795436621	0.0966703795436621	0.0966703795436621	1	1	1.0	context_deviation	provisional	chromatin remodeling	False
RUVBL2	mTOR / lysosome / signaling	-0.0199303699861388	0.0199303699861388	0.0199303699861388	1	1	1.0	shift_excess	moderate	chromatin remodeling	False
RUVBL2	metabolism / transcription	-0.0148298726623064	0.0148298726623064	0.0148298726623064	1	1	1.0	context_deviation	provisional	chromatin remodeling	False
RUVBL2	nuclear receptor / co-activator	0.0184612686982067	0.0184612686982067	0.0184612686982067	1	1	1.0	context_deviation	provisional	chromatin remodeling	False
RUVBL2	nuclear receptor / metabolism	0.00213448317349835	0.0043670567943520505	0.006874184091664114	2	2	1.0	context_deviation	moderate	chromatin remodeling	False
RUVBL2	oxidative stress / antioxidant	-0.0360590036281965	0.0360590036281965	0.0360590036281965	1	1	1.0	context_deviation	provisional	chromatin remodeling	False
RUVBL2	oxidative stress / mitochondrial	-0.1094362484336117	0.1094362484336117	0.1094362484336117	1	1	1.0	context_deviation	provisional	chromatin remodeling	False
RUVBL2	peroxisome / metabolism	0.0083054786962365	0.0083054786962365	0.0083054786962365	1	1	1.0	context_deviation	provisional	chromatin remodeling	False
RUVBL2	proteostasis / chaperone	0.010745566408122	0.010745566408122	0.010745566408122	1	1	1.0	context_deviation	provisional	chromatin remodeling	False
RUVBL2	ribosomal / translation	-0.0201203357942777	0.0201203357942777	0.0201203357942777	1	1	1.0	canonical_backbone	high	chromatin remodeling	False
RUVBL2	ribosome biogenesis / nucleolar	-0.0328296945301355	0.0328296945301355	0.0328296945301355	1	1	1.0	context_deviation	provisional	chromatin remodeling	False
RUVBL2	signaling / oncogene	-0.021668397674581	0.021668397674581	0.021668397674581	1	1	1.0	context_deviation	provisional	chromatin remodeling	False
RUVBL2	synaptic / signaling	0.0349378248317097	0.0349378248317097	0.0349378248317097	1	1	1.0	context_deviation	provisional	chromatin remodeling	False
RUVBL2	transcription / chromatin	-0.01811484418765655	0.01811484418765655	0.025730946666972978	2	2	1.0	canonical_backbone	high	chromatin remodeling	False
RUVBL2	transcription regulation	-0.001639333407333785	0.015482927858617428	0.089465075770287	18	18	1.0	context_deviation	moderate	chromatin remodeling	False
SMAD1	ER stress / UPR	0.0312491700395258	0.0312491700395258	0.0312491700395258	1	1	1.0	context_deviation	provisional	TGF-beta / BMP signaling	False
SMAD1	JAK-STAT signaling	-0.0071061900138792	0.0071061900138792	0.0071061900138792	1	1	1.0	context_deviation	provisional	TGF-beta / BMP signaling	False
SMAD1	NF-κB / MAPK signaling	0.0044195894193407	0.0044195894193407	0.0044195894193407	1	1	1.0	context_deviation	provisional	TGF-beta / BMP signaling	False
SMAD1	NF-κB / copper signaling	0.0299541592140219	0.0299541592140219	0.0299541592140219	1	1	1.0	context_deviation	provisional	TGF-beta / BMP signaling	False
SMAD1	RNA processing / spliceosome	0.0227091556113002	0.0227091556113002	0.0227091556113002	1	1	1.0	canonical_backbone	high	TGF-beta / BMP signaling	False
SMAD1	RNA processing / transcription	-0.0576771822127184	0.0576771822127184	0.0576771822127184	1	1	1.0	context_deviation	provisional	TGF-beta / BMP signaling	False
SMAD1	TGF-beta / BMP signaling	0.0199446154694342	0.0199446154694342	0.034262521264339235	2	2	1.0	context_deviation	moderate	TGF-beta / BMP signaling	True
SMAD1	cell cycle / replication	-0.0049890992586822	0.0049890992586822	0.0049890992586822	1	1	1.0	context_deviation	provisional	TGF-beta / BMP signaling	False
SMAD1	chromatin remodeling	-0.0536802345299687	0.0597210741733771	0.11356209120665622	2	2	1.0	canonical_backbone	high	TGF-beta / BMP signaling	False
SMAD1	cytoskeleton / cell motility	-0.1345883445652531	0.1345883445652531	0.1345883445652531	1	1	1.0	context_deviation	provisional	TGF-beta / BMP signaling	False
SMAD1	growth / proliferation	0.1441301205714134	0.1441301205714134	0.1441301205714134	1	1	1.0	context_deviation	provisional	TGF-beta / BMP signaling	False
SMAD1	growth factor / proliferation	0.1031717124604575	0.1031717124604575	0.1031717124604575	1	1	1.0	context_deviation	provisional	TGF-beta / BMP signaling	False
SMAD1	mTOR / lysosome / signaling	-0.031853012389708	0.031853012389708	0.031853012389708	1	1	1.0	shift_excess	moderate	TGF-beta / BMP signaling	False
SMAD1	metabolism / transcription	0.0704380707528887	0.0704380707528887	0.0704380707528887	1	1	1.0	context_deviation	provisional	TGF-beta / BMP signaling	False
SMAD1	nuclear receptor / co-activator	0.0515473807374736	0.0515473807374736	0.0515473807374736	1	1	1.0	context_deviation	provisional	TGF-beta / BMP signaling	False
SMAD1	nuclear receptor / metabolism	0.005889172955310249	0.005889172955310249	0.00992919468342457	2	2	1.0	context_deviation	moderate	TGF-beta / BMP signaling	False
SMAD1	oxidative stress / antioxidant	0.0663758553400241	0.0663758553400241	0.0663758553400241	1	1	1.0	context_deviation	provisional	TGF-beta / BMP signaling	False
SMAD1	oxidative stress / mitochondrial	-0.3868121691093424	0.3868121691093424	0.3868121691093424	1	1	1.0	context_deviation	provisional	TGF-beta / BMP signaling	False
SMAD1	peroxisome / metabolism	0.0397570344657316	0.0397570344657316	0.0397570344657316	1	1	1.0	context_deviation	provisional	TGF-beta / BMP signaling	False
SMAD1	proteostasis / chaperone	-0.0163567114680809	0.0163567114680809	0.0163567114680809	1	1	1.0	context_deviation	provisional	TGF-beta / BMP signaling	False
SMAD1	ribosomal / translation	-0.2689420004924711	0.2689420004924711	0.2689420004924711	1	1	1.0	canonical_backbone	high	TGF-beta / BMP signaling	False
SMAD1	ribosome biogenesis / nucleolar	-0.1597674359448822	0.1597674359448822	0.1597674359448822	1	1	1.0	context_deviation	provisional	TGF-beta / BMP signaling	False
SMAD1	signaling / oncogene	-0.0291555944767911	0.0291555944767911	0.0291555944767911	1	1	1.0	context_deviation	provisional	TGF-beta / BMP signaling	False
SMAD1	synaptic / signaling	0.1037258970934268	0.1037258970934268	0.1037258970934268	1	1	1.0	context_deviation	provisional	TGF-beta / BMP signaling	False
SMAD1	transcription / chromatin	-0.16610090995274834	0.16610090995274834	0.3140597135682388	2	2	1.0	canonical_backbone	high	TGF-beta / BMP signaling	False
SMAD1	transcription regulation	0.022271832533564993	0.027309587425862557	0.17130437838584162	18	18	1.0	context_deviation	moderate	TGF-beta / BMP signaling	False
STAT3	ER stress / UPR	0.0527777365574807	0.0527777365574807	0.0527777365574807	1	1	1.0	context_deviation	provisional	JAK-STAT signaling	False
STAT3	JAK-STAT signaling	-0.0390867575364447	0.0390867575364447	0.0390867575364447	1	1	1.0	context_deviation	provisional	JAK-STAT signaling	True
STAT3	NF-κB / MAPK signaling	-0.0112512123360707	0.0112512123360707	0.0112512123360707	1	1	1.0	context_deviation	provisional	JAK-STAT signaling	False
STAT3	NF-κB / copper signaling	0.0746059994575353	0.0746059994575353	0.0746059994575353	1	1	1.0	context_deviation	provisional	JAK-STAT signaling	False
STAT3	RNA processing / spliceosome	-0.0595973519784706	0.0595973519784706	0.0595973519784706	1	1	1.0	canonical_backbone	high	JAK-STAT signaling	False
STAT3	RNA processing / transcription	0.1427776411839039	0.1427776411839039	0.1427776411839039	1	1	1.0	context_deviation	provisional	JAK-STAT signaling	False
STAT3	TGF-beta / BMP signaling	0.0019467900165081493	0.045447638777695254	0.06433160750107593	2	2	1.0	context_deviation	moderate	JAK-STAT signaling	False
STAT3	cell cycle / replication	-0.0326466325328243	0.0326466325328243	0.0326466325328243	1	1	1.0	context_deviation	provisional	JAK-STAT signaling	False
STAT3	chromatin remodeling	-0.01845031427446	0.0217722736340505	0.04035953409102521	2	2	1.0	canonical_backbone	high	JAK-STAT signaling	False
STAT3	cytoskeleton / cell motility	0.2189196024743132	0.2189196024743132	0.2189196024743132	1	1	1.0	context_deviation	provisional	JAK-STAT signaling	False
STAT3	growth / proliferation	0.0065124882918668	0.0065124882918668	0.0065124882918668	1	1	1.0	context_deviation	provisional	JAK-STAT signaling	False
STAT3	growth factor / proliferation	0.129362577598947	0.129362577598947	0.129362577598947	1	1	1.0	context_deviation	provisional	JAK-STAT signaling	False
STAT3	mTOR / lysosome / signaling	0.0116162702701134	0.0116162702701134	0.0116162702701134	1	1	1.0	shift_excess	moderate	JAK-STAT signaling	False
STAT3	metabolism / transcription	0.1453743164917288	0.1453743164917288	0.1453743164917288	1	1	1.0	context_deviation	provisional	JAK-STAT signaling	False
STAT3	nuclear receptor / co-activator	-0.0084493415689972	0.0084493415689972	0.0084493415689972	1	1	1.0	context_deviation	provisional	JAK-STAT signaling	False
STAT3	nuclear receptor / metabolism	0.0155280362757985	0.0155280362757985	0.026647647294827295	2	2	1.0	context_deviation	moderate	JAK-STAT signaling	False
STAT3	oxidative stress / antioxidant	-0.1403222384295471	0.1403222384295471	0.1403222384295471	1	1	1.0	context_deviation	provisional	JAK-STAT signaling	False
STAT3	oxidative stress / mitochondrial	0.0179430834982033	0.0179430834982033	0.0179430834982033	1	1	1.0	context_deviation	provisional	JAK-STAT signaling	False
STAT3	peroxisome / metabolism	0.006893297016699	0.006893297016699	0.006893297016699	1	1	1.0	context_deviation	provisional	JAK-STAT signaling	False
STAT3	proteostasis / chaperone	0.0566474267401529	0.0566474267401529	0.0566474267401529	1	1	1.0	context_deviation	provisional	JAK-STAT signaling	False
STAT3	ribosomal / translation	-0.112689543646771	0.112689543646771	0.112689543646771	1	1	1.0	canonical_backbone	high	JAK-STAT signaling	False
STAT3	ribosome biogenesis / nucleolar	-0.3413159945305662	0.3413159945305662	0.3413159945305662	1	1	1.0	context_deviation	provisional	JAK-STAT signaling	False
STAT3	signaling / oncogene	-0.1791263639700216	0.1791263639700216	0.1791263639700216	1	1	1.0	context_deviation	provisional	JAK-STAT signaling	False
STAT3	synaptic / signaling	-0.0565236325100706	0.0565236325100706	0.0565236325100706	1	1	1.0	context_deviation	provisional	JAK-STAT signaling	False
STAT3	transcription / chromatin	-0.2528308159229453	0.2528308159229453	0.40578764765321784	2	2	1.0	canonical_backbone	high	JAK-STAT signaling	False
STAT3	transcription regulation	0.0044328624839646835	0.03582304504145831	0.2331235517056512	18	18	1.0	context_deviation	moderate	JAK-STAT signaling	False
TAB3	ER stress / UPR	0.007908427154293	0.007908427154293	0.007908427154293	1	1	1.0	context_deviation	provisional	NF-κB / MAPK signaling	False
TAB3	JAK-STAT signaling	0.0335630274925015	0.0335630274925015	0.0335630274925015	1	1	1.0	context_deviation	provisional	NF-κB / MAPK signaling	False
TAB3	NF-κB / MAPK signaling	-0.0020468544855101	0.0020468544855101	0.0020468544855101	1	1	1.0	context_deviation	provisional	NF-κB / MAPK signaling	True
TAB3	NF-κB / copper signaling	-0.0724154332804323	0.0724154332804323	0.0724154332804323	1	1	1.0	context_deviation	provisional	NF-κB / MAPK signaling	False
TAB3	RNA processing / spliceosome	0.0105916817903492	0.0105916817903492	0.0105916817903492	1	1	1.0	canonical_backbone	high	NF-κB / MAPK signaling	False
TAB3	RNA processing / transcription	-0.0909034374192045	0.0909034374192045	0.0909034374192045	1	1	1.0	context_deviation	provisional	NF-κB / MAPK signaling	False
TAB3	TGF-beta / BMP signaling	-0.0018444626490775498	0.006115950170468549	0.009034034420069082	2	2	1.0	context_deviation	moderate	NF-κB / MAPK signaling	False
TAB3	cell cycle / replication	0.0036931871538532	0.0036931871538532	0.0036931871538532	1	1	1.0	context_deviation	provisional	NF-κB / MAPK signaling	False
TAB3	chromatin remodeling	-0.05284189225168125	0.05284189225168125	0.09024315618592958	2	2	1.0	canonical_backbone	high	NF-κB / MAPK signaling	False
TAB3	cytoskeleton / cell motility	-0.0166353609005451	0.0166353609005451	0.0166353609005451	1	1	1.0	context_deviation	provisional	NF-κB / MAPK signaling	False
TAB3	growth / proliferation	-0.0089251787190172	0.0089251787190172	0.0089251787190172	1	1	1.0	context_deviation	provisional	NF-κB / MAPK signaling	False
TAB3	growth factor / proliferation	-0.0462605497623865	0.0462605497623865	0.0462605497623865	1	1	1.0	context_deviation	provisional	NF-κB / MAPK signaling	False
TAB3	mTOR / lysosome / signaling	0.0551896817329684	0.0551896817329684	0.0551896817329684	1	1	1.0	shift_excess	moderate	NF-κB / MAPK signaling	False
TAB3	metabolism / transcription	-0.0325193829836925	0.0325193829836925	0.0325193829836925	1	1	1.0	context_deviation	provisional	NF-κB / MAPK signaling	False
TAB3	nuclear receptor / co-activator	0.0175062926384495	0.0175062926384495	0.0175062926384495	1	1	1.0	context_deviation	provisional	NF-κB / MAPK signaling	False
TAB3	nuclear receptor / metabolism	0.0036449608730847495	0.00524093354375255	0.009028081100250418	2	2	1.0	context_deviation	moderate	NF-κB / MAPK signaling	False
TAB3	oxidative stress / antioxidant	-0.0528733942322559	0.0528733942322559	0.0528733942322559	1	1	1.0	context_deviation	provisional	NF-κB / MAPK signaling	False
TAB3	oxidative stress / mitochondrial	0.1482024044789858	0.1482024044789858	0.1482024044789858	1	1	1.0	context_deviation	provisional	NF-κB / MAPK signaling	False
TAB3	peroxisome / metabolism	0.0112906999415	0.0112906999415	0.0112906999415	1	1	1.0	context_deviation	provisional	NF-κB / MAPK signaling	False
TAB3	proteostasis / chaperone	0.0321016391430487	0.0321016391430487	0.0321016391430487	1	1	1.0	context_deviation	provisional	NF-κB / MAPK signaling	False
TAB3	ribosomal / translation	0.0141837773313085	0.0141837773313085	0.0141837773313085	1	1	1.0	canonical_backbone	high	NF-κB / MAPK signaling	False
TAB3	ribosome biogenesis / nucleolar	0.1106683212851848	0.1106683212851848	0.1106683212851848	1	1	1.0	context_deviation	provisional	NF-κB / MAPK signaling	False
TAB3	signaling / oncogene	-0.099559045713258	0.099559045713258	0.099559045713258	1	1	1.0	context_deviation	provisional	NF-κB / MAPK signaling	False
TAB3	synaptic / signaling	0.0182872613443506	0.0182872613443506	0.0182872613443506	1	1	1.0	context_deviation	provisional	NF-κB / MAPK signaling	False
TAB3	transcription / chromatin	0.004312968872667151	0.046866086224486944	0.06655872202044809	2	2	1.0	canonical_backbone	high	NF-κB / MAPK signaling	False
TAB3	transcription regulation	-0.004492666236718806	0.012707844295100716	0.06867591344829302	18	18	1.0	context_deviation	moderate	NF-κB / MAPK signaling	False
TADA3	ER stress / UPR	0.0125009520993419	0.0125009520993419	0.0125009520993419	1	1	1.0	context_deviation	provisional	transcription / chromatin	False
TADA3	JAK-STAT signaling	-0.0606496467048204	0.0606496467048204	0.0606496467048204	1	1	1.0	context_deviation	provisional	transcription / chromatin	False
TADA3	NF-κB / MAPK signaling	0.0111711535234667	0.0111711535234667	0.0111711535234667	1	1	1.0	context_deviation	provisional	transcription / chromatin	False
TADA3	NF-κB / copper signaling	-0.026585503901177	0.026585503901177	0.026585503901177	1	1	1.0	context_deviation	provisional	transcription / chromatin	False
TADA3	RNA processing / spliceosome	0.0100705774277692	0.0100705774277692	0.0100705774277692	1	1	1.0	canonical_backbone	high	transcription / chromatin	False
TADA3	RNA processing / transcription	-0.0598993125717662	0.0598993125717662	0.0598993125717662	1	1	1.0	context_deviation	provisional	transcription / chromatin	False
TADA3	TGF-beta / BMP signaling	0.01213843106812545	0.01538345052189975	0.027712526364637738	2	2	1.0	context_deviation	moderate	transcription / chromatin	False
TADA3	cell cycle / replication	-0.0118717623096406	0.0118717623096406	0.0118717623096406	1	1	1.0	context_deviation	provisional	transcription / chromatin	False
TADA3	chromatin remodeling	-0.03407137744424405	0.03407137744424405	0.057593287848425836	2	2	1.0	canonical_backbone	high	transcription / chromatin	False
TADA3	cytoskeleton / cell motility	0.0585795969578033	0.0585795969578033	0.0585795969578033	1	1	1.0	context_deviation	provisional	transcription / chromatin	False
TADA3	growth / proliferation	-0.1840012664233888	0.1840012664233888	0.1840012664233888	1	1	1.0	context_deviation	provisional	transcription / chromatin	False
TADA3	growth factor / proliferation	-0.0708983621543808	0.0708983621543808	0.0708983621543808	1	1	1.0	context_deviation	provisional	transcription / chromatin	False
TADA3	mTOR / lysosome / signaling	-0.0748084612767428	0.0748084612767428	0.0748084612767428	1	1	1.0	shift_excess	moderate	transcription / chromatin	False
TADA3	metabolism / transcription	0.0087461177441724	0.0087461177441724	0.0087461177441724	1	1	1.0	context_deviation	provisional	transcription / chromatin	False
TADA3	nuclear receptor / co-activator	0.0116284723399363	0.0116284723399363	0.0116284723399363	1	1	1.0	context_deviation	provisional	transcription / chromatin	False
TADA3	nuclear receptor / metabolism	0.0074789707431348	0.011663604418511801	0.019594625355346517	2	2	1.0	context_deviation	moderate	transcription / chromatin	False
TADA3	oxidative stress / antioxidant	-0.0533575142789246	0.0533575142789246	0.0533575142789246	1	1	1.0	context_deviation	provisional	transcription / chromatin	False
TADA3	oxidative stress / mitochondrial	-0.2233641124496347	0.2233641124496347	0.2233641124496347	1	1	1.0	context_deviation	provisional	transcription / chromatin	False
TADA3	peroxisome / metabolism	0.0285238439380089	0.0285238439380089	0.0285238439380089	1	1	1.0	context_deviation	provisional	transcription / chromatin	False
TADA3	proteostasis / chaperone	-0.0090952703579954	0.0090952703579954	0.0090952703579954	1	1	1.0	context_deviation	provisional	transcription / chromatin	False
TADA3	ribosomal / translation	0.053765937353291	0.053765937353291	0.053765937353291	1	1	1.0	canonical_backbone	high	transcription / chromatin	False
TADA3	ribosome biogenesis / nucleolar	-0.065337222818589	0.065337222818589	0.065337222818589	1	1	1.0	context_deviation	provisional	transcription / chromatin	False
TADA3	signaling / oncogene	0.0778139308192439	0.0778139308192439	0.0778139308192439	1	1	1.0	context_deviation	provisional	transcription / chromatin	False
TADA3	synaptic / signaling	0.0376958183568261	0.0376958183568261	0.0376958183568261	1	1	1.0	context_deviation	provisional	transcription / chromatin	False
TADA3	transcription / chromatin	0.08247734603595455	0.12907651952086444	0.2166253009265293	2	2	1.0	canonical_backbone	high	transcription / chromatin	True
TADA3	transcription regulation	0.0034857556275199545	0.018937420552289492	0.13310472680842897	18	18	1.0	context_deviation	moderate	transcription / chromatin	False
THAP8	ER stress / UPR	0.0627075208194172	0.0627075208194172	0.0627075208194172	1	1	1.0	context_deviation	provisional	transcription regulation	False
THAP8	JAK-STAT signaling	-0.033473559598295	0.033473559598295	0.033473559598295	1	1	1.0	context_deviation	provisional	transcription regulation	False
THAP8	NF-κB / MAPK signaling	0.0268012864957265	0.0268012864957265	0.0268012864957265	1	1	1.0	context_deviation	provisional	transcription regulation	False
THAP8	NF-κB / copper signaling	0.002532274392823	0.002532274392823	0.002532274392823	1	1	1.0	context_deviation	provisional	transcription regulation	False
THAP8	RNA processing / spliceosome	0.0221398218020312	0.0221398218020312	0.0221398218020312	1	1	1.0	canonical_backbone	high	transcription regulation	False
THAP8	RNA processing / transcription	0.0009904101975152	0.0009904101975152	0.0009904101975152	1	1	1.0	context_deviation	provisional	transcription regulation	False
THAP8	TGF-beta / BMP signaling	-0.0010514309033872998	0.0076829015820724	0.010966538529947216	2	2	1.0	context_deviation	moderate	transcription regulation	False
THAP8	cell cycle / replication	-0.0130984879396502	0.0130984879396502	0.0130984879396502	1	1	1.0	context_deviation	provisional	transcription regulation	False
THAP8	chromatin remodeling	0.045769720184694204	0.045769720184694204	0.06474278163460889	2	2	1.0	canonical_backbone	high	transcription regulation	False
THAP8	cytoskeleton / cell motility	-0.1064710610497869	0.1064710610497869	0.1064710610497869	1	1	1.0	context_deviation	provisional	transcription regulation	False
THAP8	growth / proliferation	-0.0058887759725401	0.0058887759725401	0.0058887759725401	1	1	1.0	context_deviation	provisional	transcription regulation	False
THAP8	growth factor / proliferation	0.1421394293718078	0.1421394293718078	0.1421394293718078	1	1	1.0	context_deviation	provisional	transcription regulation	False
THAP8	mTOR / lysosome / signaling	0.176384441338156	0.176384441338156	0.176384441338156	1	1	1.0	shift_excess	moderate	transcription regulation	False
THAP8	metabolism / transcription	0.0427210691304584	0.0427210691304584	0.0427210691304584	1	1	1.0	context_deviation	provisional	transcription regulation	False
THAP8	nuclear receptor / co-activator	-0.027141807392975	0.027141807392975	0.027141807392975	1	1	1.0	context_deviation	provisional	transcription regulation	False
THAP8	nuclear receptor / metabolism	0.009361641107909699	0.0098196443071778	0.01918675264617721	2	2	1.0	context_deviation	moderate	transcription regulation	False
THAP8	oxidative stress / antioxidant	-0.0053155060151976	0.0053155060151976	0.0053155060151976	1	1	1.0	context_deviation	provisional	transcription regulation	False
THAP8	oxidative stress / mitochondrial	-0.2864050892839845	0.2864050892839845	0.2864050892839845	1	1	1.0	context_deviation	provisional	transcription regulation	False
THAP8	peroxisome / metabolism	0.0425032742121022	0.0425032742121022	0.0425032742121022	1	1	1.0	context_deviation	provisional	transcription regulation	False
THAP8	proteostasis / chaperone	-0.0333308416983342	0.0333308416983342	0.0333308416983342	1	1	1.0	context_deviation	provisional	transcription regulation	False
THAP8	ribosomal / translation	-0.0929579601601492	0.0929579601601492	0.0929579601601492	1	1	1.0	canonical_backbone	high	transcription regulation	False
THAP8	ribosome biogenesis / nucleolar	0.0363970348254587	0.0363970348254587	0.0363970348254587	1	1	1.0	context_deviation	provisional	transcription regulation	False
THAP8	signaling / oncogene	0.0584555858732297	0.0584555858732297	0.0584555858732297	1	1	1.0	context_deviation	provisional	transcription regulation	False
THAP8	synaptic / signaling	-0.0017651451856768	0.0017651451856768	0.0017651451856768	1	1	1.0	context_deviation	provisional	transcription regulation	False
THAP8	transcription / chromatin	0.0591933949113808	0.0591933949113808	0.10061547125737058	2	2	1.0	canonical_backbone	high	transcription regulation	False
THAP8	transcription regulation	0.004872520038924206	0.018027644046758752	0.10541120961727196	18	18	1.0	context_deviation	moderate	transcription regulation	True
THRA	ER stress / UPR	0.0218889039827197	0.0218889039827197	0.0218889039827197	1	1	1.0	context_deviation	provisional	nuclear receptor / metabolism	False
THRA	JAK-STAT signaling	-0.0084062095466508	0.0084062095466508	0.0084062095466508	1	1	1.0	context_deviation	provisional	nuclear receptor / metabolism	False
THRA	NF-κB / MAPK signaling	-0.0008034522271822	0.0008034522271822	0.0008034522271822	1	1	1.0	context_deviation	provisional	nuclear receptor / metabolism	False
THRA	NF-κB / copper signaling	-0.0732212181900317	0.0732212181900317	0.0732212181900317	1	1	1.0	context_deviation	provisional	nuclear receptor / metabolism	False
THRA	RNA processing / spliceosome	-0.0700647014849309	0.0700647014849309	0.0700647014849309	1	1	1.0	canonical_backbone	high	nuclear receptor / metabolism	False
THRA	RNA processing / transcription	-0.0701069742429606	0.0701069742429606	0.0701069742429606	1	1	1.0	context_deviation	provisional	nuclear receptor / metabolism	False
THRA	TGF-beta / BMP signaling	0.0069576285311136	0.0069576285311136	0.009922040095618204	2	2	1.0	context_deviation	moderate	nuclear receptor / metabolism	False
THRA	cell cycle / replication	-0.0409446859562309	0.0409446859562309	0.0409446859562309	1	1	1.0	context_deviation	provisional	nuclear receptor / metabolism	False
THRA	chromatin remodeling	0.03162238082254325	0.05685761726288145	0.09200829973103802	2	2	1.0	canonical_backbone	high	nuclear receptor / metabolism	False
THRA	cytoskeleton / cell motility	0.1084588961113869	0.1084588961113869	0.1084588961113869	1	1	1.0	context_deviation	provisional	nuclear receptor / metabolism	False
THRA	growth / proliferation	0.0491371963612603	0.0491371963612603	0.0491371963612603	1	1	1.0	context_deviation	provisional	nuclear receptor / metabolism	False
THRA	growth factor / proliferation	0.2977651702062007	0.2977651702062007	0.2977651702062007	1	1	1.0	context_deviation	provisional	nuclear receptor / metabolism	False
THRA	mTOR / lysosome / signaling	-0.0462638914828834	0.0462638914828834	0.0462638914828834	1	1	1.0	shift_excess	moderate	nuclear receptor / metabolism	False
THRA	metabolism / transcription	0.0147704701934961	0.0147704701934961	0.0147704701934961	1	1	1.0	context_deviation	provisional	nuclear receptor / metabolism	False
THRA	nuclear receptor / co-activator	-0.0231299115876827	0.0231299115876827	0.0231299115876827	1	1	1.0	context_deviation	provisional	nuclear receptor / metabolism	False
THRA	nuclear receptor / metabolism	0.0031147624032682	0.0068395855948537	0.010628421890209603	2	2	1.0	context_deviation	moderate	nuclear receptor / metabolism	True
THRA	oxidative stress / antioxidant	-0.1374625349858842	0.1374625349858842	0.1374625349858842	1	1	1.0	context_deviation	provisional	nuclear receptor / metabolism	False
THRA	oxidative stress / mitochondrial	0.0458857135406753	0.0458857135406753	0.0458857135406753	1	1	1.0	context_deviation	provisional	nuclear receptor / metabolism	False
THRA	peroxisome / metabolism	0.0137089998186581	0.0137089998186581	0.0137089998186581	1	1	1.0	context_deviation	provisional	nuclear receptor / metabolism	False
THRA	proteostasis / chaperone	0.1138153527124252	0.1138153527124252	0.1138153527124252	1	1	1.0	context_deviation	provisional	nuclear receptor / metabolism	False
THRA	ribosomal / translation	0.0813623257868232	0.0813623257868232	0.0813623257868232	1	1	1.0	canonical_backbone	high	nuclear receptor / metabolism	False
THRA	ribosome biogenesis / nucleolar	-0.1636711036478174	0.1636711036478174	0.1636711036478174	1	1	1.0	context_deviation	provisional	nuclear receptor / metabolism	False
THRA	signaling / oncogene	-0.1736304230250289	0.1736304230250289	0.1736304230250289	1	1	1.0	context_deviation	provisional	nuclear receptor / metabolism	False
THRA	synaptic / signaling	0.0399424891276229	0.0399424891276229	0.0399424891276229	1	1	1.0	context_deviation	provisional	nuclear receptor / metabolism	False
THRA	transcription / chromatin	0.07449147907590395	0.07449147907590395	0.1478601976140059	2	2	1.0	canonical_backbone	high	nuclear receptor / metabolism	False
THRA	transcription regulation	-0.012493134236211376	0.02667653971854209	0.15710275149181446	18	18	1.0	context_deviation	moderate	nuclear receptor / metabolism	False
TMF1	ER stress / UPR	-0.0065251084898125	0.0065251084898125	0.0065251084898125	1	1	1.0	context_deviation	provisional	transcription regulation	False
TMF1	JAK-STAT signaling	-0.0419983017525433	0.0419983017525433	0.0419983017525433	1	1	1.0	context_deviation	provisional	transcription regulation	False
TMF1	NF-κB / MAPK signaling	-0.0005697810542274	0.0005697810542274	0.0005697810542274	1	1	1.0	context_deviation	provisional	transcription regulation	False
TMF1	NF-κB / copper signaling	0.0735174016802107	0.0735174016802107	0.0735174016802107	1	1	1.0	context_deviation	provisional	transcription regulation	False
TMF1	RNA processing / spliceosome	-0.0824155253272366	0.0824155253272366	0.0824155253272366	1	1	1.0	canonical_backbone	high	transcription regulation	False
TMF1	RNA processing / transcription	0.1483334806501553	0.1483334806501553	0.1483334806501553	1	1	1.0	context_deviation	provisional	transcription regulation	False
TMF1	TGF-beta / BMP signaling	0.0167802511207489	0.0167802511207489	0.03338104158019075	2	2	1.0	context_deviation	moderate	transcription regulation	False
TMF1	cell cycle / replication	0.070220381650237	0.070220381650237	0.070220381650237	1	1	1.0	context_deviation	provisional	transcription regulation	False
TMF1	chromatin remodeling	0.0135661844516082	0.0135661844516082	0.019580224222240594	2	2	1.0	canonical_backbone	high	transcription regulation	False
TMF1	cytoskeleton / cell motility	0.006094407984792	0.006094407984792	0.006094407984792	1	1	1.0	context_deviation	provisional	transcription regulation	False
TMF1	growth / proliferation	-0.0436930092564423	0.0436930092564423	0.0436930092564423	1	1	1.0	context_deviation	provisional	transcription regulation	False
TMF1	growth factor / proliferation	-0.1923417134070764	0.1923417134070764	0.1923417134070764	1	1	1.0	context_deviation	provisional	transcription regulation	False
TMF1	mTOR / lysosome / signaling	0.1281187245085194	0.1281187245085194	0.1281187245085194	1	1	1.0	shift_excess	moderate	transcription regulation	False
TMF1	metabolism / transcription	-0.0328401581557583	0.0328401581557583	0.0328401581557583	1	1	1.0	context_deviation	provisional	transcription regulation	False
TMF1	nuclear receptor / co-activator	-0.0072258915801951	0.0072258915801951	0.0072258915801951	1	1	1.0	context_deviation	provisional	transcription regulation	False
TMF1	nuclear receptor / metabolism	0.0026939811924199	0.0042344942846882	0.007097672366652209	2	2	1.0	context_deviation	moderate	transcription regulation	False
TMF1	oxidative stress / antioxidant	-0.0760034060961372	0.0760034060961372	0.0760034060961372	1	1	1.0	context_deviation	provisional	transcription regulation	False
TMF1	oxidative stress / mitochondrial	-0.0076299374231791	0.0076299374231791	0.0076299374231791	1	1	1.0	context_deviation	provisional	transcription regulation	False
TMF1	peroxisome / metabolism	-0.0110796448219819	0.0110796448219819	0.0110796448219819	1	1	1.0	context_deviation	provisional	transcription regulation	False
TMF1	proteostasis / chaperone	0.0698115849915242	0.0698115849915242	0.0698115849915242	1	1	1.0	context_deviation	provisional	transcription regulation	False
TMF1	ribosomal / translation	0.0356734170655705	0.0356734170655705	0.0356734170655705	1	1	1.0	canonical_backbone	high	transcription regulation	False
TMF1	ribosome biogenesis / nucleolar	0.2621313459043355	0.2621313459043355	0.2621313459043355	1	1	1.0	context_deviation	provisional	transcription regulation	False
TMF1	signaling / oncogene	-0.0638170569698563	0.0638170569698563	0.0638170569698563	1	1	1.0	context_deviation	provisional	transcription regulation	False
TMF1	synaptic / signaling	-0.0199664937007679	0.0199664937007679	0.0199664937007679	1	1	1.0	context_deviation	provisional	transcription regulation	False
TMF1	transcription / chromatin	-0.0264954408089466	0.0264954408089466	0.046627557308981785	2	2	1.0	canonical_backbone	high	transcription regulation	False
TMF1	transcription regulation	-0.01011331838128614	0.023171856005328506	0.14441636044308415	18	18	1.0	context_deviation	moderate	transcription regulation	True
TMSB4X	ER stress / UPR	0.0464242300904678	0.0464242300904678	0.0464242300904678	1	1	1.0	context_deviation	provisional	cytoskeleton / cell motility	False
TMSB4X	JAK-STAT signaling	-0.034326763008076	0.034326763008076	0.034326763008076	1	1	1.0	context_deviation	provisional	cytoskeleton / cell motility	False
TMSB4X	NF-κB / MAPK signaling	-0.0030127194393485	0.0030127194393485	0.0030127194393485	1	1	1.0	context_deviation	provisional	cytoskeleton / cell motility	False
TMSB4X	NF-κB / copper signaling	0.0258202241604016	0.0258202241604016	0.0258202241604016	1	1	1.0	context_deviation	provisional	cytoskeleton / cell motility	False
TMSB4X	RNA processing / spliceosome	0.0026326374764601	0.0026326374764601	0.0026326374764601	1	1	1.0	canonical_backbone	high	cytoskeleton / cell motility	False
TMSB4X	RNA processing / transcription	-0.0547309633819526	0.0547309633819526	0.0547309633819526	1	1	1.0	context_deviation	provisional	cytoskeleton / cell motility	False
TMSB4X	TGF-beta / BMP signaling	0.011081163984334851	0.011081163984334851	0.016142216887945274	2	2	1.0	context_deviation	moderate	cytoskeleton / cell motility	False
TMSB4X	cell cycle / replication	0.0174346550646152	0.0174346550646152	0.0174346550646152	1	1	1.0	context_deviation	provisional	cytoskeleton / cell motility	False
TMSB4X	chromatin remodeling	-0.02566425539624225	0.02566425539624225	0.04435993514349895	2	2	1.0	canonical_backbone	high	cytoskeleton / cell motility	False
TMSB4X	cytoskeleton / cell motility	0.0720366134015218	0.0720366134015218	0.0720366134015218	1	1	1.0	context_deviation	provisional	cytoskeleton / cell motility	True
TMSB4X	growth / proliferation	-0.0729150063590506	0.0729150063590506	0.0729150063590506	1	1	1.0	context_deviation	provisional	cytoskeleton / cell motility	False
TMSB4X	growth factor / proliferation	-0.1014873527652116	0.1014873527652116	0.1014873527652116	1	1	1.0	context_deviation	provisional	cytoskeleton / cell motility	False
TMSB4X	mTOR / lysosome / signaling	-0.0297945898961799	0.0297945898961799	0.0297945898961799	1	1	1.0	shift_excess	moderate	cytoskeleton / cell motility	False
TMSB4X	metabolism / transcription	-0.1046800327746346	0.1046800327746346	0.1046800327746346	1	1	1.0	context_deviation	provisional	cytoskeleton / cell motility	False
TMSB4X	nuclear receptor / co-activator	0.0098879402846713	0.0098879402846713	0.0098879402846713	1	1	1.0	context_deviation	provisional	cytoskeleton / cell motility	False
TMSB4X	nuclear receptor / metabolism	0.00812317032629975	0.008773809645974351	0.016909502172084746	2	2	1.0	context_deviation	moderate	cytoskeleton / cell motility	False
TMSB4X	oxidative stress / antioxidant	0.012704554539102	0.012704554539102	0.012704554539102	1	1	1.0	context_deviation	provisional	cytoskeleton / cell motility	False
TMSB4X	oxidative stress / mitochondrial	-0.1975845343046302	0.1975845343046302	0.1975845343046302	1	1	1.0	context_deviation	provisional	cytoskeleton / cell motility	False
TMSB4X	peroxisome / metabolism	0.0109261692150595	0.0109261692150595	0.0109261692150595	1	1	1.0	context_deviation	provisional	cytoskeleton / cell motility	False
TMSB4X	proteostasis / chaperone	-0.0154517299356828	0.0154517299356828	0.0154517299356828	1	1	1.0	context_deviation	provisional	cytoskeleton / cell motility	False
TMSB4X	ribosomal / translation	0.1175410816652297	0.1175410816652297	0.1175410816652297	1	1	1.0	canonical_backbone	high	cytoskeleton / cell motility	False
TMSB4X	ribosome biogenesis / nucleolar	-0.2204926262659654	0.2204926262659654	0.2204926262659654	1	1	1.0	context_deviation	provisional	cytoskeleton / cell motility	False
TMSB4X	signaling / oncogene	0.0230109186750575	0.0230109186750575	0.0230109186750575	1	1	1.0	context_deviation	provisional	cytoskeleton / cell motility	False
TMSB4X	synaptic / signaling	0.0386644288270512	0.0386644288270512	0.0386644288270512	1	1	1.0	context_deviation	provisional	cytoskeleton / cell motility	False
TMSB4X	transcription / chromatin	-0.0007500090559917974	0.0656025786405822	0.0927821193752098	2	2	1.0	canonical_backbone	high	cytoskeleton / cell motility	False
TMSB4X	transcription regulation	0.004885165348050505	0.022829067680778293	0.12615231068351035	18	18	1.0	context_deviation	moderate	cytoskeleton / cell motility	False
UBP1	ER stress / UPR	-0.0712904656056887	0.0712904656056887	0.0712904656056887	1	1	1.0	context_deviation	provisional	transcription regulation	False
UBP1	JAK-STAT signaling	0.043153074440054	0.043153074440054	0.043153074440054	1	1	1.0	context_deviation	provisional	transcription regulation	False
UBP1	NF-κB / MAPK signaling	-0.0056206538319981	0.0056206538319981	0.0056206538319981	1	1	1.0	context_deviation	provisional	transcription regulation	False
UBP1	NF-κB / copper signaling	0.0115264423040055	0.0115264423040055	0.0115264423040055	1	1	1.0	context_deviation	provisional	transcription regulation	False
UBP1	RNA processing / spliceosome	0.0172167574622745	0.0172167574622745	0.0172167574622745	1	1	1.0	canonical_backbone	high	transcription regulation	False
UBP1	RNA processing / transcription	0.0418514630585413	0.0418514630585413	0.0418514630585413	1	1	1.0	context_deviation	provisional	transcription regulation	False
UBP1	TGF-beta / BMP signaling	0.00814352830785335	0.00814352830785335	0.01397528727194409	2	2	1.0	context_deviation	moderate	transcription regulation	False
UBP1	cell cycle / replication	-0.0227075507271845	0.0227075507271845	0.0227075507271845	1	1	1.0	context_deviation	provisional	transcription regulation	False
UBP1	chromatin remodeling	0.0233527522735638	0.0233527522735638	0.03739017295889347	2	2	1.0	canonical_backbone	high	transcription regulation	False
UBP1	cytoskeleton / cell motility	0.1040127607613638	0.1040127607613638	0.1040127607613638	1	1	1.0	context_deviation	provisional	transcription regulation	False
UBP1	growth / proliferation	-0.0370491510325761	0.0370491510325761	0.0370491510325761	1	1	1.0	context_deviation	provisional	transcription regulation	False
UBP1	growth factor / proliferation	0.0168264959225057	0.0168264959225057	0.0168264959225057	1	1	1.0	context_deviation	provisional	transcription regulation	False
UBP1	mTOR / lysosome / signaling	-0.0642968980484434	0.0642968980484434	0.0642968980484434	1	1	1.0	shift_excess	moderate	transcription regulation	False
UBP1	metabolism / transcription	0.0328108962332901	0.0328108962332901	0.0328108962332901	1	1	1.0	context_deviation	provisional	transcription regulation	False
UBP1	nuclear receptor / co-activator	-0.0014171238317169	0.0014171238317169	0.0014171238317169	1	1	1.0	context_deviation	provisional	transcription regulation	False
UBP1	nuclear receptor / metabolism	-0.00114060980919615	0.00238202075606625	0.0037349735257870055	2	2	1.0	context_deviation	moderate	transcription regulation	False
UBP1	oxidative stress / antioxidant	0.0206612683809852	0.0206612683809852	0.0206612683809852	1	1	1.0	context_deviation	provisional	transcription regulation	False
UBP1	oxidative stress / mitochondrial	0.1137238056200743	0.1137238056200743	0.1137238056200743	1	1	1.0	context_deviation	provisional	transcription regulation	False
UBP1	peroxisome / metabolism	0.0226718068296385	0.0226718068296385	0.0226718068296385	1	1	1.0	context_deviation	provisional	transcription regulation	False
UBP1	proteostasis / chaperone	-0.0657801529305795	0.0657801529305795	0.0657801529305795	1	1	1.0	context_deviation	provisional	transcription regulation	False
UBP1	ribosomal / translation	-0.0555874834153248	0.0555874834153248	0.0555874834153248	1	1	1.0	canonical_backbone	high	transcription regulation	False
UBP1	ribosome biogenesis / nucleolar	0.0316694069264782	0.0316694069264782	0.0316694069264782	1	1	1.0	context_deviation	provisional	transcription regulation	False
UBP1	signaling / oncogene	0.0057776373937819	0.0057776373937819	0.0057776373937819	1	1	1.0	context_deviation	provisional	transcription regulation	False
UBP1	synaptic / signaling	0.0066787535531839	0.0066787535531839	0.0066787535531839	1	1	1.0	context_deviation	provisional	transcription regulation	False
UBP1	transcription / chromatin	-0.04004503743253715	0.041693037123105944	0.08175468631854681	2	2	1.0	canonical_backbone	high	transcription regulation	False
UBP1	transcription regulation	-0.00037806514419433623	0.010694881516290925	0.059887808164676974	18	18	1.0	context_deviation	moderate	transcription regulation	True
VEZF1	ER stress / UPR	-0.0163135725944234	0.0163135725944234	0.0163135725944234	1	1	1.0	context_deviation	provisional	transcription regulation	False
VEZF1	JAK-STAT signaling	0.0083870006562937	0.0083870006562937	0.0083870006562937	1	1	1.0	context_deviation	provisional	transcription regulation	False
VEZF1	NF-κB / MAPK signaling	0.0081330922242623	0.0081330922242623	0.0081330922242623	1	1	1.0	context_deviation	provisional	transcription regulation	False
VEZF1	NF-κB / copper signaling	-0.0742481481146804	0.0742481481146804	0.0742481481146804	1	1	1.0	context_deviation	provisional	transcription regulation	False
VEZF1	RNA processing / spliceosome	-0.004807032121535	0.004807032121535	0.004807032121535	1	1	1.0	canonical_backbone	high	transcription regulation	False
VEZF1	RNA processing / transcription	0.0519648953348435	0.0519648953348435	0.0519648953348435	1	1	1.0	context_deviation	provisional	transcription regulation	False
VEZF1	TGF-beta / BMP signaling	0.01477133090591525	0.01477133090591525	0.020927259122644096	2	2	1.0	context_deviation	moderate	transcription regulation	False
VEZF1	cell cycle / replication	-0.0275667100239493	0.0275667100239493	0.0275667100239493	1	1	1.0	context_deviation	provisional	transcription regulation	False
VEZF1	chromatin remodeling	-0.01711581761241145	0.03101400489231185	0.05009630150024406	2	2	1.0	canonical_backbone	high	transcription regulation	False
VEZF1	cytoskeleton / cell motility	0.0208897887611308	0.0208897887611308	0.0208897887611308	1	1	1.0	context_deviation	provisional	transcription regulation	False
VEZF1	growth / proliferation	-0.0414235228365186	0.0414235228365186	0.0414235228365186	1	1	1.0	context_deviation	provisional	transcription regulation	False
VEZF1	growth factor / proliferation	-0.0386185478223466	0.0386185478223466	0.0386185478223466	1	1	1.0	context_deviation	provisional	transcription regulation	False
VEZF1	mTOR / lysosome / signaling	-0.0260656111682034	0.0260656111682034	0.0260656111682034	1	1	1.0	shift_excess	moderate	transcription regulation	False
VEZF1	metabolism / transcription	0.0018414161381495	0.0018414161381495	0.0018414161381495	1	1	1.0	context_deviation	provisional	transcription regulation	False
VEZF1	nuclear receptor / co-activator	0.006359391820913	0.006359391820913	0.006359391820913	1	1	1.0	context_deviation	provisional	transcription regulation	False
VEZF1	nuclear receptor / metabolism	0.0039527620404645	0.0052819339130786	0.009329861050483751	2	2	1.0	context_deviation	moderate	transcription regulation	False
VEZF1	oxidative stress / antioxidant	0.0088304035114523	0.0088304035114523	0.0088304035114523	1	1	1.0	context_deviation	provisional	transcription regulation	False
VEZF1	oxidative stress / mitochondrial	-0.0921372704354812	0.0921372704354812	0.0921372704354812	1	1	1.0	context_deviation	provisional	transcription regulation	False
VEZF1	peroxisome / metabolism	0.0061448249667182	0.0061448249667182	0.0061448249667182	1	1	1.0	context_deviation	provisional	transcription regulation	False
VEZF1	proteostasis / chaperone	-0.0528478827850956	0.0528478827850956	0.0528478827850956	1	1	1.0	context_deviation	provisional	transcription regulation	False
VEZF1	ribosomal / translation	0.1320501394142885	0.1320501394142885	0.1320501394142885	1	1	1.0	canonical_backbone	high	transcription regulation	False
VEZF1	ribosome biogenesis / nucleolar	-0.069731815360058	0.069731815360058	0.069731815360058	1	1	1.0	context_deviation	provisional	transcription regulation	False
VEZF1	signaling / oncogene	0.0701813542948181	0.0701813542948181	0.0701813542948181	1	1	1.0	context_deviation	provisional	transcription regulation	False
VEZF1	synaptic / signaling	0.0091674867296158	0.0091674867296158	0.0091674867296158	1	1	1.0	context_deviation	provisional	transcription regulation	False
VEZF1	transcription / chromatin	0.010024715174558545	0.07777539940367476	0.11090092575566855	2	2	1.0	canonical_backbone	high	transcription regulation	False
VEZF1	transcription regulation	0.004506498650931945	0.010865991907216344	0.057093476306748624	18	18	1.0	context_deviation	moderate	transcription regulation	True
XBP1	ER stress / UPR	-0.0547289862047389	0.0547289862047389	0.0547289862047389	1	1	1.0	context_deviation	provisional	ER stress / UPR	True
XBP1	JAK-STAT signaling	-0.0190378552569916	0.0190378552569916	0.0190378552569916	1	1	1.0	context_deviation	provisional	ER stress / UPR	False
XBP1	NF-κB / MAPK signaling	0.0089149528736863	0.0089149528736863	0.0089149528736863	1	1	1.0	context_deviation	provisional	ER stress / UPR	False
XBP1	NF-κB / copper signaling	0.0521297763270569	0.0521297763270569	0.0521297763270569	1	1	1.0	context_deviation	provisional	ER stress / UPR	False
XBP1	RNA processing / spliceosome	0.1171766326132446	0.1171766326132446	0.1171766326132446	1	1	1.0	canonical_backbone	high	ER stress / UPR	False
XBP1	RNA processing / transcription	0.1002111328028838	0.1002111328028838	0.1002111328028838	1	1	1.0	context_deviation	provisional	ER stress / UPR	False
XBP1	TGF-beta / BMP signaling	0.0061627715322909995	0.014499931730995699	0.022281282421025603	2	2	1.0	context_deviation	moderate	ER stress / UPR	False
XBP1	cell cycle / replication	0.0517407617695434	0.0517407617695434	0.0517407617695434	1	1	1.0	context_deviation	provisional	ER stress / UPR	False
XBP1	chromatin remodeling	-0.3269888839300434	0.36091862306078387	0.6887437588623327	2	2	1.0	canonical_backbone	high	ER stress / UPR	False
XBP1	cytoskeleton / cell motility	-0.2307024743938394	0.2307024743938394	0.2307024743938394	1	1	1.0	context_deviation	provisional	ER stress / UPR	False
XBP1	growth / proliferation	0.1001109244350601	0.1001109244350601	0.1001109244350601	1	1	1.0	context_deviation	provisional	ER stress / UPR	False
XBP1	growth factor / proliferation	0.217746124805881	0.217746124805881	0.217746124805881	1	1	1.0	context_deviation	provisional	ER stress / UPR	False
XBP1	mTOR / lysosome / signaling	0.1592782527570156	0.1592782527570156	0.1592782527570156	1	1	1.0	shift_excess	moderate	ER stress / UPR	False
XBP1	metabolism / transcription	-0.2717509806410894	0.2717509806410894	0.2717509806410894	1	1	1.0	context_deviation	provisional	ER stress / UPR	False
XBP1	nuclear receptor / co-activator	0.1647085033526999	0.1647085033526999	0.1647085033526999	1	1	1.0	context_deviation	provisional	ER stress / UPR	False
XBP1	nuclear receptor / metabolism	0.0124606428680361	0.0124606428680361	0.019867606181857293	2	2	1.0	context_deviation	moderate	ER stress / UPR	False
XBP1	oxidative stress / antioxidant	-0.1036894846289082	0.1036894846289082	0.1036894846289082	1	1	1.0	context_deviation	provisional	ER stress / UPR	False
XBP1	oxidative stress / mitochondrial	-0.0998712209071369	0.0998712209071369	0.0998712209071369	1	1	1.0	context_deviation	provisional	ER stress / UPR	False
XBP1	peroxisome / metabolism	0.0345078263452814	0.0345078263452814	0.0345078263452814	1	1	1.0	context_deviation	provisional	ER stress / UPR	False
XBP1	proteostasis / chaperone	0.0568888327204518	0.0568888327204518	0.0568888327204518	1	1	1.0	context_deviation	provisional	ER stress / UPR	False
XBP1	ribosomal / translation	-0.2473891462887685	0.2473891462887685	0.2473891462887685	1	1	1.0	canonical_backbone	high	ER stress / UPR	False
XBP1	ribosome biogenesis / nucleolar	-0.2227203800641325	0.2227203800641325	0.2227203800641325	1	1	1.0	context_deviation	provisional	ER stress / UPR	False
XBP1	signaling / oncogene	-0.1842587026199318	0.1842587026199318	0.1842587026199318	1	1	1.0	context_deviation	provisional	ER stress / UPR	False
XBP1	synaptic / signaling	0.0614469603679595	0.0614469603679595	0.0614469603679595	1	1	1.0	context_deviation	provisional	ER stress / UPR	False
XBP1	transcription / chromatin	-0.0773338469682921	0.0773338469682921	0.1128288448652275	2	2	1.0	canonical_backbone	high	ER stress / UPR	False
XBP1	transcription regulation	0.013494442073079467	0.04800946472175438	0.2757019383846078	18	18	1.0	context_deviation	moderate	ER stress / UPR	False
YBX1	ER stress / UPR	0.1961335497414569	0.1961335497414569	0.1961335497414569	1	1	1.0	context_deviation	provisional	RNA processing / transcription	False
YBX1	JAK-STAT signaling	0.0592850367146606	0.0592850367146606	0.0592850367146606	1	1	1.0	context_deviation	provisional	RNA processing / transcription	False
YBX1	NF-κB / MAPK signaling	0.0183198592677845	0.0183198592677845	0.0183198592677845	1	1	1.0	context_deviation	provisional	RNA processing / transcription	False
YBX1	NF-κB / copper signaling	0.1774417453295696	0.1774417453295696	0.1774417453295696	1	1	1.0	context_deviation	provisional	RNA processing / transcription	False
YBX1	RNA processing / spliceosome	0.0481322684772823	0.0481322684772823	0.0481322684772823	1	1	1.0	canonical_backbone	high	RNA processing / transcription	False
YBX1	RNA processing / transcription	-0.17956104240835	0.17956104240835	0.17956104240835	1	1	1.0	context_deviation	provisional	RNA processing / transcription	True
YBX1	TGF-beta / BMP signaling	0.030088071635323704	0.0329406838486561	0.06309327550776682	2	2	1.0	context_deviation	moderate	RNA processing / transcription	False
YBX1	cell cycle / replication	0.0504610625184148	0.0504610625184148	0.0504610625184148	1	1	1.0	context_deviation	provisional	RNA processing / transcription	False
YBX1	chromatin remodeling	-0.3367940599340589	0.42450433202152	0.7663343483257206	2	2	1.0	canonical_backbone	high	RNA processing / transcription	False
YBX1	cytoskeleton / cell motility	0.0776129868331514	0.0776129868331514	0.0776129868331514	1	1	1.0	context_deviation	provisional	RNA processing / transcription	False
YBX1	growth / proliferation	-0.1057161518864387	0.1057161518864387	0.1057161518864387	1	1	1.0	context_deviation	provisional	RNA processing / transcription	False
YBX1	growth factor / proliferation	-0.056735314034391	0.056735314034391	0.056735314034391	1	1	1.0	context_deviation	provisional	RNA processing / transcription	False
YBX1	mTOR / lysosome / signaling	0.1968428518479017	0.1968428518479017	0.1968428518479017	1	1	1.0	shift_excess	moderate	RNA processing / transcription	False
YBX1	metabolism / transcription	-0.3218322912821372	0.3218322912821372	0.3218322912821372	1	1	1.0	context_deviation	provisional	RNA processing / transcription	False
YBX1	nuclear receptor / co-activator	0.1790590341696829	0.1790590341696829	0.1790590341696829	1	1	1.0	context_deviation	provisional	RNA processing / transcription	False
YBX1	nuclear receptor / metabolism	0.028840298078752998	0.028840298078752998	0.04392298448804191	2	2	1.0	context_deviation	moderate	RNA processing / transcription	False
YBX1	oxidative stress / antioxidant	-0.3652914851922507	0.3652914851922507	0.3652914851922507	1	1	1.0	context_deviation	provisional	RNA processing / transcription	False
YBX1	oxidative stress / mitochondrial	-0.4927207850153074	0.4927207850153074	0.4927207850153074	1	1	1.0	context_deviation	provisional	RNA processing / transcription	False
YBX1	peroxisome / metabolism	0.0302230527762748	0.0302230527762748	0.0302230527762748	1	1	1.0	context_deviation	provisional	RNA processing / transcription	False
YBX1	proteostasis / chaperone	-0.1359387431616926	0.1359387431616926	0.1359387431616926	1	1	1.0	context_deviation	provisional	RNA processing / transcription	False
YBX1	ribosomal / translation	-0.2262872291752514	0.2262872291752514	0.2262872291752514	1	1	1.0	canonical_backbone	high	RNA processing / transcription	False
YBX1	ribosome biogenesis / nucleolar	-0.4898847996524253	0.4898847996524253	0.4898847996524253	1	1	1.0	context_deviation	provisional	RNA processing / transcription	False
YBX1	signaling / oncogene	-0.0926588722236166	0.0926588722236166	0.0926588722236166	1	1	1.0	context_deviation	provisional	RNA processing / transcription	False
YBX1	synaptic / signaling	-0.0101608839986055	0.0101608839986055	0.0101608839986055	1	1	1.0	context_deviation	provisional	RNA processing / transcription	False
YBX1	transcription / chromatin	-0.2663283884706468	0.2663283884706468	0.5120016222965166	2	2	1.0	canonical_backbone	high	RNA processing / transcription	False
YBX1	transcription regulation	0.057064427921356464	0.08010815725348751	0.45472006714877844	18	18	1.0	context_deviation	moderate	RNA processing / transcription	False
ZBTB17	ER stress / UPR	0.003060232194494	0.003060232194494	0.003060232194494	1	1	1.0	context_deviation	provisional	transcription regulation	False
ZBTB17	JAK-STAT signaling	-0.0308267906277851	0.0308267906277851	0.0308267906277851	1	1	1.0	context_deviation	provisional	transcription regulation	False
ZBTB17	NF-κB / MAPK signaling	0.0115437422199847	0.0115437422199847	0.0115437422199847	1	1	1.0	context_deviation	provisional	transcription regulation	False
ZBTB17	NF-κB / copper signaling	-0.0244184217965525	0.0244184217965525	0.0244184217965525	1	1	1.0	context_deviation	provisional	transcription regulation	False
ZBTB17	RNA processing / spliceosome	-0.0098279269054269	0.0098279269054269	0.0098279269054269	1	1	1.0	canonical_backbone	high	transcription regulation	False
ZBTB17	RNA processing / transcription	-0.0152778600405253	0.0152778600405253	0.0152778600405253	1	1	1.0	context_deviation	provisional	transcription regulation	False
ZBTB17	TGF-beta / BMP signaling	0.00420409414329255	0.00575608991846705	0.010080374865563754	2	2	1.0	context_deviation	moderate	transcription regulation	False
ZBTB17	cell cycle / replication	0.0177244782339328	0.0177244782339328	0.0177244782339328	1	1	1.0	context_deviation	provisional	transcription regulation	False
ZBTB17	chromatin remodeling	-0.02987151419779055	0.03137708511309855	0.06126710097047898	2	2	1.0	canonical_backbone	high	transcription regulation	False
ZBTB17	cytoskeleton / cell motility	-0.0054310338953099	0.0054310338953099	0.0054310338953099	1	1	1.0	context_deviation	provisional	transcription regulation	False
ZBTB17	growth / proliferation	-0.0804180612207235	0.0804180612207235	0.0804180612207235	1	1	1.0	context_deviation	provisional	transcription regulation	False
ZBTB17	growth factor / proliferation	0.001043847210364	0.001043847210364	0.001043847210364	1	1	1.0	context_deviation	provisional	transcription regulation	False
ZBTB17	mTOR / lysosome / signaling	0.0116425300956735	0.0116425300956735	0.0116425300956735	1	1	1.0	shift_excess	moderate	transcription regulation	False
ZBTB17	metabolism / transcription	0.0107481913407766	0.0107481913407766	0.0107481913407766	1	1	1.0	context_deviation	provisional	transcription regulation	False
ZBTB17	nuclear receptor / co-activator	-0.0019069126965137	0.0019069126965137	0.0019069126965137	1	1	1.0	context_deviation	provisional	transcription regulation	False
ZBTB17	nuclear receptor / metabolism	0.00285164683402285	0.00285164683402285	0.005060052088014307	2	2	1.0	context_deviation	moderate	transcription regulation	False
ZBTB17	oxidative stress / antioxidant	-0.0119317636433383	0.0119317636433383	0.0119317636433383	1	1	1.0	context_deviation	provisional	transcription regulation	False
ZBTB17	oxidative stress / mitochondrial	0.0129411789103119	0.0129411789103119	0.0129411789103119	1	1	1.0	context_deviation	provisional	transcription regulation	False
ZBTB17	peroxisome / metabolism	0.0213180634829918	0.0213180634829918	0.0213180634829918	1	1	1.0	context_deviation	provisional	transcription regulation	False
ZBTB17	proteostasis / chaperone	-0.031615903712033	0.031615903712033	0.031615903712033	1	1	1.0	context_deviation	provisional	transcription regulation	False
ZBTB17	ribosomal / translation	-0.0577636404117295	0.0577636404117295	0.0577636404117295	1	1	1.0	canonical_backbone	high	transcription regulation	False
ZBTB17	ribosome biogenesis / nucleolar	0.2361537970504326	0.2361537970504326	0.2361537970504326	1	1	1.0	context_deviation	provisional	transcription regulation	False
ZBTB17	signaling / oncogene	0.0317522723718369	0.0317522723718369	0.0317522723718369	1	1	1.0	context_deviation	provisional	transcription regulation	False
ZBTB17	synaptic / signaling	-0.0124097899932699	0.0124097899932699	0.0124097899932699	1	1	1.0	context_deviation	provisional	transcription regulation	False
ZBTB17	transcription / chromatin	0.0025439992213183993	0.0919590876736478	0.1300995444865793	2	2	1.0	canonical_backbone	high	transcription regulation	False
ZBTB17	transcription regulation	-0.0003656451880288778	0.005573115386811044	0.03219865989174269	18	18	1.0	context_deviation	moderate	transcription regulation	True
ZBTB20	ER stress / UPR	-0.1727517544241962	0.1727517544241962	0.1727517544241962	1	1	1.0	context_deviation	provisional	transcription regulation	False
ZBTB20	JAK-STAT signaling	0.0695364615248856	0.0695364615248856	0.0695364615248856	1	1	1.0	context_deviation	provisional	transcription regulation	False
ZBTB20	NF-κB / MAPK signaling	-0.031818192503055	0.031818192503055	0.031818192503055	1	1	1.0	context_deviation	provisional	transcription regulation	False
ZBTB20	NF-κB / copper signaling	0.0591444813152108	0.0591444813152108	0.0591444813152108	1	1	1.0	context_deviation	provisional	transcription regulation	False
ZBTB20	RNA processing / spliceosome	0.1925086983975488	0.1925086983975488	0.1925086983975488	1	1	1.0	canonical_backbone	high	transcription regulation	False
ZBTB20	RNA processing / transcription	0.0672313553679342	0.0672313553679342	0.0672313553679342	1	1	1.0	context_deviation	provisional	transcription regulation	False
ZBTB20	TGF-beta / BMP signaling	0.0055515629872010495	0.02520702850222505	0.03650244204194691	2	2	1.0	context_deviation	moderate	transcription regulation	False
ZBTB20	cell cycle / replication	0.1154477208418609	0.1154477208418609	0.1154477208418609	1	1	1.0	context_deviation	provisional	transcription regulation	False
ZBTB20	chromatin remodeling	-0.06746558745809506	0.06746558745809506	0.0992508235819912	2	2	1.0	canonical_backbone	high	transcription regulation	False
ZBTB20	cytoskeleton / cell motility	-0.1376680031191509	0.1376680031191509	0.1376680031191509	1	1	1.0	context_deviation	provisional	transcription regulation	False
ZBTB20	growth / proliferation	0.1044498496178993	0.1044498496178993	0.1044498496178993	1	1	1.0	context_deviation	provisional	transcription regulation	False
ZBTB20	growth factor / proliferation	-0.160130682960386	0.160130682960386	0.160130682960386	1	1	1.0	context_deviation	provisional	transcription regulation	False
ZBTB20	mTOR / lysosome / signaling	0.1622021546928755	0.1622021546928755	0.1622021546928755	1	1	1.0	shift_excess	moderate	transcription regulation	False
ZBTB20	metabolism / transcription	-0.0287125981543565	0.0287125981543565	0.0287125981543565	1	1	1.0	context_deviation	provisional	transcription regulation	False
ZBTB20	nuclear receptor / co-activator	-0.0199632538475003	0.0199632538475003	0.0199632538475003	1	1	1.0	context_deviation	provisional	transcription regulation	False
ZBTB20	nuclear receptor / metabolism	-0.0177027695115975	0.0256789580098599	0.04410888647093449	2	2	1.0	context_deviation	moderate	transcription regulation	False
ZBTB20	oxidative stress / antioxidant	0.456078091271136	0.456078091271136	0.456078091271136	1	1	1.0	context_deviation	provisional	transcription regulation	False
ZBTB20	oxidative stress / mitochondrial	0.2703327731477155	0.2703327731477155	0.2703327731477155	1	1	1.0	context_deviation	provisional	transcription regulation	False
ZBTB20	peroxisome / metabolism	0.0418177519245235	0.0418177519245235	0.0418177519245235	1	1	1.0	context_deviation	provisional	transcription regulation	False
ZBTB20	proteostasis / chaperone	-0.099982335303655	0.099982335303655	0.099982335303655	1	1	1.0	context_deviation	provisional	transcription regulation	False
ZBTB20	ribosomal / translation	-0.2150574213075759	0.2150574213075759	0.2150574213075759	1	1	1.0	canonical_backbone	high	transcription regulation	False
ZBTB20	ribosome biogenesis / nucleolar	0.5237682270560202	0.5237682270560202	0.5237682270560202	1	1	1.0	context_deviation	provisional	transcription regulation	False
ZBTB20	signaling / oncogene	0.147689603138428	0.147689603138428	0.147689603138428	1	1	1.0	context_deviation	provisional	transcription regulation	False
ZBTB20	synaptic / signaling	-0.0216832971761967	0.0216832971761967	0.0216832971761967	1	1	1.0	context_deviation	provisional	transcription regulation	False
ZBTB20	transcription / chromatin	-0.08275022918264735	0.08530947579243506	0.16807919020366993	2	2	1.0	canonical_backbone	high	transcription regulation	False
ZBTB20	transcription regulation	-0.0020443010895255568	0.07830725150784863	0.4449488329053625	18	18	1.0	context_deviation	moderate	transcription regulation	True
ZBTB5	ER stress / UPR	0.035053785819127	0.035053785819127	0.035053785819127	1	1	1.0	context_deviation	provisional	transcription regulation	False
ZBTB5	JAK-STAT signaling	0.0055802884462353	0.0055802884462353	0.0055802884462353	1	1	1.0	context_deviation	provisional	transcription regulation	False
ZBTB5	NF-κB / MAPK signaling	-0.0098218453937244	0.0098218453937244	0.0098218453937244	1	1	1.0	context_deviation	provisional	transcription regulation	False
ZBTB5	NF-κB / copper signaling	-0.0015366146169613	0.0015366146169613	0.0015366146169613	1	1	1.0	context_deviation	provisional	transcription regulation	False
ZBTB5	RNA processing / spliceosome	0.0222748978968497	0.0222748978968497	0.0222748978968497	1	1	1.0	canonical_backbone	high	transcription regulation	False
ZBTB5	RNA processing / transcription	0.0292951341249469	0.0292951341249469	0.0292951341249469	1	1	1.0	context_deviation	provisional	transcription regulation	False
ZBTB5	TGF-beta / BMP signaling	0.01704277889969715	0.01704277889969715	0.026067293729977233	2	2	1.0	context_deviation	moderate	transcription regulation	False
ZBTB5	cell cycle / replication	0.0156339375049859	0.0156339375049859	0.0156339375049859	1	1	1.0	context_deviation	provisional	transcription regulation	False
ZBTB5	chromatin remodeling	-0.058365842180173655	0.058365842180173655	0.09231320272031773	2	2	1.0	canonical_backbone	high	transcription regulation	False
ZBTB5	cytoskeleton / cell motility	0.0137782692794631	0.0137782692794631	0.0137782692794631	1	1	1.0	context_deviation	provisional	transcription regulation	False
ZBTB5	growth / proliferation	-0.0385263428833255	0.0385263428833255	0.0385263428833255	1	1	1.0	context_deviation	provisional	transcription regulation	False
ZBTB5	growth factor / proliferation	0.0280423587874257	0.0280423587874257	0.0280423587874257	1	1	1.0	context_deviation	provisional	transcription regulation	False
ZBTB5	mTOR / lysosome / signaling	-0.0189341224904151	0.0189341224904151	0.0189341224904151	1	1	1.0	shift_excess	moderate	transcription regulation	False
ZBTB5	metabolism / transcription	-0.0461631914119328	0.0461631914119328	0.0461631914119328	1	1	1.0	context_deviation	provisional	transcription regulation	False
ZBTB5	nuclear receptor / co-activator	0.0144283056270322	0.0144283056270322	0.0144283056270322	1	1	1.0	context_deviation	provisional	transcription regulation	False
ZBTB5	nuclear receptor / metabolism	0.0037082048498065403	0.0037082048498065403	0.00732167022903858	2	2	1.0	context_deviation	moderate	transcription regulation	False
ZBTB5	oxidative stress / antioxidant	0.0346850243429224	0.0346850243429224	0.0346850243429224	1	1	1.0	context_deviation	provisional	transcription regulation	False
ZBTB5	oxidative stress / mitochondrial	-0.0646902021201792	0.0646902021201792	0.0646902021201792	1	1	1.0	context_deviation	provisional	transcription regulation	False
ZBTB5	peroxisome / metabolism	0.0222355964357051	0.0222355964357051	0.0222355964357051	1	1	1.0	context_deviation	provisional	transcription regulation	False
ZBTB5	proteostasis / chaperone	-0.0110330111292755	0.0110330111292755	0.0110330111292755	1	1	1.0	context_deviation	provisional	transcription regulation	False
ZBTB5	ribosomal / translation	0.0485087681734518	0.0485087681734518	0.0485087681734518	1	1	1.0	canonical_backbone	high	transcription regulation	False
ZBTB5	ribosome biogenesis / nucleolar	-0.048729780119444	0.048729780119444	0.048729780119444	1	1	1.0	context_deviation	provisional	transcription regulation	False
ZBTB5	signaling / oncogene	0.0559199470046596	0.0559199470046596	0.0559199470046596	1	1	1.0	context_deviation	provisional	transcription regulation	False
ZBTB5	synaptic / signaling	0.0444764236300829	0.0444764236300829	0.0444764236300829	1	1	1.0	context_deviation	provisional	transcription regulation	False
ZBTB5	transcription / chromatin	0.005978939196821801	0.0269567002539219	0.03904897956410859	2	2	1.0	canonical_backbone	high	transcription regulation	False
ZBTB5	transcription regulation	0.001279949641732261	0.013873011497068028	0.08103056226989935	18	18	1.0	context_deviation	moderate	transcription regulation	True
ZNF131	ER stress / UPR	0.0245710507672222	0.0245710507672222	0.0245710507672222	1	1	1.0	context_deviation	provisional	transcription regulation	False
ZNF131	JAK-STAT signaling	0.0047607750112447	0.0047607750112447	0.0047607750112447	1	1	1.0	context_deviation	provisional	transcription regulation	False
ZNF131	NF-κB / MAPK signaling	0.0172305437316007	0.0172305437316007	0.0172305437316007	1	1	1.0	context_deviation	provisional	transcription regulation	False
ZNF131	NF-κB / copper signaling	-0.0084761932409983	0.0084761932409983	0.0084761932409983	1	1	1.0	context_deviation	provisional	transcription regulation	False
ZNF131	RNA processing / spliceosome	-0.0235072301431751	0.0235072301431751	0.0235072301431751	1	1	1.0	canonical_backbone	high	transcription regulation	False
ZNF131	RNA processing / transcription	0.0303734607318184	0.0303734607318184	0.0303734607318184	1	1	1.0	context_deviation	provisional	transcription regulation	False
ZNF131	TGF-beta / BMP signaling	0.00821747897864185	0.00821747897864185	0.011891650224886773	2	2	1.0	context_deviation	moderate	transcription regulation	False
ZNF131	cell cycle / replication	-0.0127860686196648	0.0127860686196648	0.0127860686196648	1	1	1.0	context_deviation	provisional	transcription regulation	False
ZNF131	chromatin remodeling	-0.0319720551160661	0.0319720551160661	0.05333005968465132	2	2	1.0	canonical_backbone	high	transcription regulation	False
ZNF131	cytoskeleton / cell motility	0.0113027574586783	0.0113027574586783	0.0113027574586783	1	1	1.0	context_deviation	provisional	transcription regulation	False
ZNF131	growth / proliferation	-0.2585199299370204	0.2585199299370204	0.2585199299370204	1	1	1.0	context_deviation	provisional	transcription regulation	False
ZNF131	growth factor / proliferation	0.0064553588759149	0.0064553588759149	0.0064553588759149	1	1	1.0	context_deviation	provisional	transcription regulation	False
ZNF131	mTOR / lysosome / signaling	0.1663923368929825	0.1663923368929825	0.1663923368929825	1	1	1.0	shift_excess	moderate	transcription regulation	False
ZNF131	metabolism / transcription	-0.0508964321860712	0.0508964321860712	0.0508964321860712	1	1	1.0	context_deviation	provisional	transcription regulation	False
ZNF131	nuclear receptor / co-activator	-0.0118335455409318	0.0118335455409318	0.0118335455409318	1	1	1.0	context_deviation	provisional	transcription regulation	False
ZNF131	nuclear receptor / metabolism	0.0018975756532825499	0.00451966367222375	0.006932265584922402	2	2	1.0	context_deviation	moderate	transcription regulation	False
ZNF131	oxidative stress / antioxidant	0.014575969590029	0.014575969590029	0.014575969590029	1	1	1.0	context_deviation	provisional	transcription regulation	False
ZNF131	oxidative stress / mitochondrial	-0.4005240583613724	0.4005240583613724	0.4005240583613724	1	1	1.0	context_deviation	provisional	transcription regulation	False
ZNF131	peroxisome / metabolism	0.0035189369663982	0.0035189369663982	0.0035189369663982	1	1	1.0	context_deviation	provisional	transcription regulation	False
ZNF131	proteostasis / chaperone	-0.0958867904955244	0.0958867904955244	0.0958867904955244	1	1	1.0	context_deviation	provisional	transcription regulation	False
ZNF131	ribosomal / translation	0.1026716945224467	0.1026716945224467	0.1026716945224467	1	1	1.0	canonical_backbone	high	transcription regulation	False
ZNF131	ribosome biogenesis / nucleolar	0.1285279149042341	0.1285279149042341	0.1285279149042341	1	1	1.0	context_deviation	provisional	transcription regulation	False
ZNF131	signaling / oncogene	0.1171776699969971	0.1171776699969971	0.1171776699969971	1	1	1.0	context_deviation	provisional	transcription regulation	False
ZNF131	synaptic / signaling	-0.0214283209329793	0.0214283209329793	0.0214283209329793	1	1	1.0	context_deviation	provisional	transcription regulation	False
ZNF131	transcription / chromatin	0.0320055856060769	0.0320055856060769	0.04569101076511208	2	2	1.0	canonical_backbone	high	transcription regulation	False
ZNF131	transcription regulation	-0.010275985402950468	0.013283672860042188	0.08908996294410516	18	18	1.0	context_deviation	moderate	transcription regulation	True
ZNF24	ER stress / UPR	0.0316227216389502	0.0316227216389502	0.0316227216389502	1	1	1.0	context_deviation	provisional	transcription regulation	False
ZNF24	JAK-STAT signaling	-0.0505530834846878	0.0505530834846878	0.0505530834846878	1	1	1.0	context_deviation	provisional	transcription regulation	False
ZNF24	NF-κB / MAPK signaling	0.003600229223277	0.003600229223277	0.003600229223277	1	1	1.0	context_deviation	provisional	transcription regulation	False
ZNF24	NF-κB / copper signaling	0.0526947340752467	0.0526947340752467	0.0526947340752467	1	1	1.0	context_deviation	provisional	transcription regulation	False
ZNF24	RNA processing / spliceosome	-0.030264043266324	0.030264043266324	0.030264043266324	1	1	1.0	canonical_backbone	high	transcription regulation	False
ZNF24	RNA processing / transcription	-0.0567743218414567	0.0567743218414567	0.0567743218414567	1	1	1.0	context_deviation	provisional	transcription regulation	False
ZNF24	TGF-beta / BMP signaling	0.003897451964261049	0.01308747155221145	0.019311760325960256	2	2	1.0	context_deviation	moderate	transcription regulation	False
ZNF24	cell cycle / replication	0.0244453057909271	0.0244453057909271	0.0244453057909271	1	1	1.0	context_deviation	provisional	transcription regulation	False
ZNF24	chromatin remodeling	-0.00422783129378225	0.01091916056069375	0.01655914398747075	2	2	1.0	canonical_backbone	high	transcription regulation	False
ZNF24	cytoskeleton / cell motility	-0.0406681366575831	0.0406681366575831	0.0406681366575831	1	1	1.0	context_deviation	provisional	transcription regulation	False
ZNF24	growth / proliferation	-0.0299068721776591	0.0299068721776591	0.0299068721776591	1	1	1.0	context_deviation	provisional	transcription regulation	False
ZNF24	growth factor / proliferation	-0.0627505928021682	0.0627505928021682	0.0627505928021682	1	1	1.0	context_deviation	provisional	transcription regulation	False
ZNF24	mTOR / lysosome / signaling	0.0342412303157378	0.0342412303157378	0.0342412303157378	1	1	1.0	shift_excess	moderate	transcription regulation	False
ZNF24	metabolism / transcription	0.1145255309096026	0.1145255309096026	0.1145255309096026	1	1	1.0	context_deviation	provisional	transcription regulation	False
ZNF24	nuclear receptor / co-activator	-0.0116431990788405	0.0116431990788405	0.0116431990788405	1	1	1.0	context_deviation	provisional	transcription regulation	False
ZNF24	nuclear receptor / metabolism	-0.00069874764403425	0.00142546895986345	0.00224508798294303	2	2	1.0	context_deviation	moderate	transcription regulation	False
ZNF24	oxidative stress / antioxidant	-0.0123745704973807	0.0123745704973807	0.0123745704973807	1	1	1.0	context_deviation	provisional	transcription regulation	False
ZNF24	oxidative stress / mitochondrial	-0.0509710178810211	0.0509710178810211	0.0509710178810211	1	1	1.0	context_deviation	provisional	transcription regulation	False
ZNF24	peroxisome / metabolism	0.015173799652785	0.015173799652785	0.015173799652785	1	1	1.0	context_deviation	provisional	transcription regulation	False
ZNF24	proteostasis / chaperone	0.0223712043352209	0.0223712043352209	0.0223712043352209	1	1	1.0	context_deviation	provisional	transcription regulation	False
ZNF24	ribosomal / translation	-0.0060821024109293	0.0060821024109293	0.0060821024109293	1	1	1.0	canonical_backbone	high	transcription regulation	False
ZNF24	ribosome biogenesis / nucleolar	-0.0054534089087037	0.0054534089087037	0.0054534089087037	1	1	1.0	context_deviation	provisional	transcription regulation	False
ZNF24	signaling / oncogene	-0.0779993156472935	0.0779993156472935	0.0779993156472935	1	1	1.0	context_deviation	provisional	transcription regulation	False
ZNF24	synaptic / signaling	-0.0006740987404683	0.0006740987404683	0.0006740987404683	1	1	1.0	context_deviation	provisional	transcription regulation	False
ZNF24	transcription / chromatin	-0.07403612874690871	0.07403612874690871	0.1156853933495929	2	2	1.0	canonical_backbone	high	transcription regulation	False
ZNF24	transcription regulation	-0.0004098146052123551	0.015463093985592535	0.09239983414769842	18	18	1.0	context_deviation	moderate	transcription regulation	True
ZNF566	ER stress / UPR	0.0597635151885287	0.0597635151885287	0.0597635151885287	1	1	1.0	context_deviation	provisional	transcription regulation	False
ZNF566	JAK-STAT signaling	-0.0393580914520778	0.0393580914520778	0.0393580914520778	1	1	1.0	context_deviation	provisional	transcription regulation	False
ZNF566	NF-κB / MAPK signaling	0.011241474102163	0.011241474102163	0.011241474102163	1	1	1.0	context_deviation	provisional	transcription regulation	False
ZNF566	NF-κB / copper signaling	0.0169439436126675	0.0169439436126675	0.0169439436126675	1	1	1.0	context_deviation	provisional	transcription regulation	False
ZNF566	RNA processing / spliceosome	0.006075506610137	0.006075506610137	0.006075506610137	1	1	1.0	canonical_backbone	high	transcription regulation	False
ZNF566	RNA processing / transcription	-0.0065860713003036	0.0065860713003036	0.0065860713003036	1	1	1.0	context_deviation	provisional	transcription regulation	False
ZNF566	TGF-beta / BMP signaling	-0.01105550572182755	0.01685009698027435	0.028500876302668746	2	2	1.0	context_deviation	moderate	transcription regulation	False
ZNF566	cell cycle / replication	-0.0025519312911789	0.0025519312911789	0.0025519312911789	1	1	1.0	context_deviation	provisional	transcription regulation	False
ZNF566	chromatin remodeling	-0.0331163905119847	0.0331163905119847	0.05870398558768706	2	2	1.0	canonical_backbone	high	transcription regulation	False
ZNF566	cytoskeleton / cell motility	0.0435185311068416	0.0435185311068416	0.0435185311068416	1	1	1.0	context_deviation	provisional	transcription regulation	False
ZNF566	growth / proliferation	0.0130342237532808	0.0130342237532808	0.0130342237532808	1	1	1.0	context_deviation	provisional	transcription regulation	False
ZNF566	growth factor / proliferation	0.0321885995420105	0.0321885995420105	0.0321885995420105	1	1	1.0	context_deviation	provisional	transcription regulation	False
ZNF566	mTOR / lysosome / signaling	0.0941004643140955	0.0941004643140955	0.0941004643140955	1	1	1.0	shift_excess	moderate	transcription regulation	False
ZNF566	metabolism / transcription	-0.0549288927579698	0.0549288927579698	0.0549288927579698	1	1	1.0	context_deviation	provisional	transcription regulation	False
ZNF566	nuclear receptor / co-activator	-0.0023662644593123	0.0023662644593123	0.0023662644593123	1	1	1.0	context_deviation	provisional	transcription regulation	False
ZNF566	nuclear receptor / metabolism	0.00119907666311515	0.00286971726245935	0.004398422901560183	2	2	1.0	context_deviation	moderate	transcription regulation	False
ZNF566	oxidative stress / antioxidant	-0.0101356008047298	0.0101356008047298	0.0101356008047298	1	1	1.0	context_deviation	provisional	transcription regulation	False
ZNF566	oxidative stress / mitochondrial	-0.0890208660307904	0.0890208660307904	0.0890208660307904	1	1	1.0	context_deviation	provisional	transcription regulation	False
ZNF566	peroxisome / metabolism	0.019325287173155	0.019325287173155	0.019325287173155	1	1	1.0	context_deviation	provisional	transcription regulation	False
ZNF566	proteostasis / chaperone	-0.0301070169629381	0.0301070169629381	0.0301070169629381	1	1	1.0	context_deviation	provisional	transcription regulation	False
ZNF566	ribosomal / translation	-0.0460383442670642	0.0460383442670642	0.0460383442670642	1	1	1.0	canonical_backbone	high	transcription regulation	False
ZNF566	ribosome biogenesis / nucleolar	-0.0793718522676003	0.0793718522676003	0.0793718522676003	1	1	1.0	context_deviation	provisional	transcription regulation	False
ZNF566	signaling / oncogene	-0.0453798243441209	0.0453798243441209	0.0453798243441209	1	1	1.0	context_deviation	provisional	transcription regulation	False
ZNF566	synaptic / signaling	-0.0409624329909179	0.0409624329909179	0.0409624329909179	1	1	1.0	context_deviation	provisional	transcription regulation	False
ZNF566	transcription / chromatin	-0.0594227198011409	0.0594227198011409	0.0875577151887896	2	2	1.0	canonical_backbone	high	transcription regulation	False
ZNF566	transcription regulation	-0.0037716492517228173	0.02073561509251487	0.12724882034401094	18	18	1.0	context_deviation	moderate	transcription regulation	True
